run_init_utc,valid_time_utc,lead_h,ws100,wd100,ws10,gust10,t2m,sp
2026-01-31T00:00,2026-01-31T00:00,0,8.57,66,4.18,,-4.1,952.2
2026-01-31T00:00,2026-01-31T01:00,1,8.81,65,4.46,7.1,-4.3,952.5
2026-01-31T00:00,2026-01-31T02:00,2,9.32,63,4.82,7.8,-3.9,952.7
2026-01-31T00:00,2026-01-31T03:00,3,9.1,64,5.01,7.9,-2.9,953.2
2026-01-31T00:00,2026-01-31T04:00,4,9.13,61,5.17,9.0,0.3,954.0
2026-01-31T00:00,2026-01-31T05:00,5,8.2,58,5.73,10.5,3.0,953.9
2026-01-31T00:00,2026-01-31T06:00,6,8.97,55,6.48,12.0,4.7,953.5
2026-01-31T00:00,2026-01-31T07:00,7,9.29,53,6.68,12.4,6.0,952.6
2026-01-31T00:00,2026-01-31T08:00,8,9.19,54,6.61,12.6,6.4,951.8
2026-01-31T00:00,2026-01-31T09:00,9,8.38,53,5.95,12.2,6.3,951.4
2026-01-31T00:00,2026-01-31T10:00,10,8.18,51,5.2,10.9,5.5,951.5
2026-01-31T00:00,2026-01-31T11:00,11,8.48,59,4.73,9.2,3.7,951.2
2026-01-31T00:00,2026-01-31T12:00,12,7.43,62,3.46,7.9,1.6,950.9
2026-01-31T00:00,2026-01-31T13:00,13,6.6,61,2.72,5.8,0.3,951.2
2026-01-31T00:00,2026-01-31T14:00,14,5.37,63,1.87,4.4,-0.8,951.3
2026-01-31T00:00,2026-01-31T15:00,15,3.1,72,1.03,3.1,-1.4,951.8
2026-01-31T00:00,2026-01-31T16:00,16,1.55,105,0.85,1.6,-0.4,952.3
2026-01-31T00:00,2026-01-31T17:00,17,1.05,183,0.57,1.3,0.7,952.9
2026-01-31T00:00,2026-01-31T18:00,18,1.49,230,0.61,0.9,-0.3,953.1
2026-01-31T00:00,2026-01-31T19:00,19,1.55,272,0.95,1.3,-1.3,953.2
2026-01-31T00:00,2026-01-31T20:00,20,1.74,282,1.01,1.5,-1.9,953.4
2026-01-31T00:00,2026-01-31T21:00,21,1.66,265,0.9,1.5,-1.8,953.9
2026-01-31T00:00,2026-01-31T22:00,22,0.98,246,0.42,1.3,-1.4,953.8
2026-01-31T00:00,2026-01-31T23:00,23,0.38,23,0.07,0.7,-0.8,953.7
2026-01-31T00:00,2026-02-01T00:00,24,1.49,48,0.7,0.9,-1.2,953.7
2026-01-31T00:00,2026-02-01T01:00,25,2.12,45,1.05,1.6,-1.7,953.9
2026-01-31T00:00,2026-02-01T02:00,26,3.33,47,1.35,1.8,-1.9,954.3
2026-01-31T00:00,2026-02-01T03:00,27,5.05,64,2.57,4.1,-1.1,955.0
2026-01-31T00:00,2026-02-01T04:00,28,4.83,64,3.27,6.1,1.2,955.5
2026-01-31T00:00,2026-02-01T05:00,29,4.53,56,3.01,6.1,2.5,955.8
2026-01-31T00:00,2026-02-01T06:00,30,5.32,49,3.93,7.9,3.7,955.7
2026-01-31T00:00,2026-02-01T07:00,31,5.29,50,4.0,8.3,4.8,955.4
2026-01-31T00:00,2026-02-01T08:00,32,5.3,52,4.0,8.2,5.7,954.9
2026-01-31T00:00,2026-02-01T09:00,33,4.77,52,3.64,8.1,6.4,954.8
2026-01-31T00:00,2026-02-01T10:00,34,4.71,49,3.33,7.3,5.8,955.1
2026-01-31T00:00,2026-02-01T11:00,35,5.53,57,2.72,6.1,3.7,954.9
2026-01-31T00:00,2026-02-01T12:00,36,5.93,65,2.46,4.6,1.2,954.5
2026-01-31T00:00,2026-02-01T13:00,37,6.22,64,2.41,4.1,0.7,954.5
2026-01-31T00:00,2026-02-01T14:00,38,6.06,65,2.33,4.0,0.4,954.8
2026-01-31T00:00,2026-02-01T15:00,39,6.26,64,2.47,4.2,0.1,954.9
2026-01-31T00:00,2026-02-01T16:00,40,6.17,65,2.45,4.3,-0.5,954.6
2026-01-31T00:00,2026-02-01T17:00,41,6.22,63,2.5,4.2,-0.8,954.5
2026-01-31T00:00,2026-02-01T18:00,42,6.08,63,2.35,4.2,-1.1,954.4
2026-01-31T00:00,2026-02-01T19:00,43,5.97,64,2.3,4.0,-1.2,954.2
2026-01-31T00:00,2026-02-01T20:00,44,5.88,64,2.31,3.9,-1.4,953.9
2026-01-31T00:00,2026-02-01T21:00,45,6.06,64,2.41,4.1,-1.5,953.9
2026-01-31T00:00,2026-02-01T22:00,46,6.02,63,2.36,4.1,-1.7,953.8
2026-01-31T00:00,2026-02-01T23:00,47,6.24,63,2.6,4.3,-1.9,953.7
2026-01-31T00:00,2026-02-02T00:00,48,6.42,63,2.75,4.6,-2.1,954.0
2026-01-31T00:00,2026-02-02T01:00,49,6.38,61,2.75,4.6,-2.3,954.0
2026-01-31T00:00,2026-02-02T02:00,50,6.56,61,2.9,4.8,-2.5,954.1
2026-01-31T00:00,2026-02-02T03:00,51,6.53,62,3.41,5.3,-1.3,954.4
2026-01-31T00:00,2026-02-02T04:00,52,7.22,62,3.58,6.2,2.0,955.0
2026-01-31T00:00,2026-02-02T05:00,53,6.55,57,4.39,8.2,4.8,955.1
2026-01-31T00:00,2026-02-02T06:00,54,7.42,55,5.29,10.1,6.4,954.7
2026-01-31T00:00,2026-02-02T07:00,55,8.39,56,6.01,11.4,7.6,953.8
2026-01-31T00:00,2026-02-02T08:00,56,9.28,57,6.56,12.2,8.7,952.9
2026-01-31T00:00,2026-02-02T09:00,57,9.04,55,6.25,12.3,8.6,952.5
2026-01-31T00:00,2026-02-02T10:00,58,8.47,53,5.24,11.4,7.7,952.5
2026-01-31T00:00,2026-02-02T11:00,59,4.24,45,1.46,9.2,5.0,953.1
2026-01-31T00:00,2026-02-02T12:00,60,0.73,254,0.54,1.9,1.5,953.9
2026-01-31T00:00,2026-02-02T13:00,61,2.74,198,1.54,3.0,1.3,953.9
2026-01-31T00:00,2026-02-02T14:00,62,1.49,228,0.89,2.7,0.6,953.8
2026-01-31T00:00,2026-02-02T15:00,63,1.62,214,1.12,1.6,1.0,953.9
2026-01-31T00:00,2026-02-02T16:00,64,1.76,195,0.76,1.7,1.9,953.8
2026-01-31T00:00,2026-02-02T17:00,65,0.43,54,0.41,1.1,1.8,953.5
2026-01-31T00:00,2026-02-02T18:00,66,2.07,58,0.72,1.0,0.7,953.5
2026-01-31T00:00,2026-02-02T19:00,67,2.28,67,0.89,1.4,-0.4,953.3
2026-01-31T00:00,2026-02-02T20:00,68,2.53,72,1.1,1.9,-0.6,953.1
2026-01-31T00:00,2026-02-02T21:00,69,2.93,81,1.38,2.8,-0.6,952.9
2026-01-31T00:00,2026-02-02T22:00,70,3.72,75,1.59,3.1,-0.7,952.5
2026-01-31T00:00,2026-02-02T23:00,71,4.11,74,1.72,3.3,-0.6,952.6
2026-01-31T06:00,2026-01-31T06:00,0,8.92,56,6.56,,4.7,953.6
2026-01-31T06:00,2026-01-31T07:00,1,9.74,54,7.07,13.1,5.9,952.9
2026-01-31T06:00,2026-01-31T08:00,2,9.35,55,6.74,13.1,6.7,952.4
2026-01-31T06:00,2026-01-31T09:00,3,8.55,54,6.04,12.4,6.6,951.9
2026-01-31T06:00,2026-01-31T10:00,4,8.29,53,5.32,11.1,5.8,951.8
2026-01-31T06:00,2026-01-31T11:00,5,8.61,57,4.77,9.4,3.7,951.6
2026-01-31T06:00,2026-01-31T12:00,6,7.95,60,3.85,8.0,1.3,951.5
2026-01-31T06:00,2026-01-31T13:00,7,6.75,59,2.73,6.4,-0.1,951.7
2026-01-31T06:00,2026-01-31T14:00,8,5.32,62,1.82,4.5,-0.6,951.8
2026-01-31T06:00,2026-01-31T15:00,9,3.57,68,1.19,3.0,-0.5,952.1
2026-01-31T06:00,2026-01-31T16:00,10,2.45,78,0.75,1.9,-0.1,952.5
2026-01-31T06:00,2026-01-31T17:00,11,1.8,103,0.53,1.1,0.6,952.7
2026-01-31T06:00,2026-01-31T18:00,12,0.71,141,0.16,0.8,0.6,953.1
2026-01-31T06:00,2026-01-31T19:00,13,1.06,229,0.47,0.7,-0.9,953.2
2026-01-31T06:00,2026-01-31T20:00,14,1.7,256,1.03,1.5,-2.0,953.4
2026-01-31T06:00,2026-01-31T21:00,15,1.41,278,0.74,1.5,-2.2,953.8
2026-01-31T06:00,2026-01-31T22:00,16,0.57,285,0.29,1.0,-1.9,953.7
2026-01-31T06:00,2026-01-31T23:00,17,0.4,30,0.07,0.5,-1.6,953.9
2026-01-31T06:00,2026-02-01T00:00,18,0.81,60,0.16,0.4,-1.5,954.0
2026-01-31T06:00,2026-02-01T01:00,19,1.45,44,0.38,0.6,-2.0,954.0
2026-01-31T06:00,2026-02-01T02:00,20,2.15,36,0.5,0.8,-2.6,954.2
2026-01-31T06:00,2026-02-01T03:00,21,3.49,61,1.3,2.0,-1.7,955.0
2026-01-31T06:00,2026-02-01T04:00,22,3.62,66,1.79,3.8,0.1,955.6
2026-01-31T06:00,2026-02-01T05:00,23,2.73,64,2.03,4.6,1.8,956.0
2026-01-31T06:00,2026-02-01T06:00,24,3.59,55,2.87,6.3,3.6,955.9
2026-01-31T06:00,2026-02-01T07:00,25,3.86,48,3.05,6.7,4.7,955.4
2026-01-31T06:00,2026-02-01T08:00,26,4.12,51,3.22,7.1,5.2,954.8
2026-01-31T06:00,2026-02-01T09:00,27,4.25,53,3.26,6.9,5.7,955.0
2026-01-31T06:00,2026-02-01T10:00,28,4.31,55,3.01,6.6,5.2,955.1
2026-01-31T06:00,2026-02-01T11:00,29,5.69,61,2.93,5.5,3.5,954.8
2026-01-31T06:00,2026-02-01T12:00,30,5.81,65,2.38,5.0,1.0,954.6
2026-01-31T06:00,2026-02-01T13:00,31,5.94,68,2.33,4.0,0.5,954.8
2026-01-31T06:00,2026-02-01T14:00,32,6.12,67,2.4,4.0,0.2,954.8
2026-01-31T06:00,2026-02-01T15:00,33,6.36,67,2.53,4.3,0.3,955.0
2026-01-31T06:00,2026-02-01T16:00,34,6.25,67,2.5,4.3,-0.1,955.1
2026-01-31T06:00,2026-02-01T17:00,35,6.27,67,2.5,4.3,-0.4,955.1
2026-01-31T06:00,2026-02-01T18:00,36,6.16,67,2.45,4.2,-0.7,954.9
2026-01-31T06:00,2026-02-01T19:00,37,6.18,66,2.5,4.3,-1.1,954.5
2026-01-31T06:00,2026-02-01T20:00,38,6.29,65,2.6,4.4,-1.3,954.3
2026-01-31T06:00,2026-02-01T21:00,39,6.4,66,2.7,4.6,-1.5,954.5
2026-01-31T06:00,2026-02-01T22:00,40,6.33,65,2.65,4.5,-1.8,954.2
2026-01-31T06:00,2026-02-01T23:00,41,6.4,63,2.75,4.6,-2.1,954.1
2026-01-31T06:00,2026-02-02T00:00,42,6.57,63,2.95,4.9,-2.3,954.1
2026-01-31T06:00,2026-02-02T01:00,43,6.66,62,3.0,4.9,-2.5,954.0
2026-01-31T06:00,2026-02-02T02:00,44,6.57,63,2.85,5.0,-2.7,954.1
2026-01-31T06:00,2026-02-02T03:00,45,6.42,62,3.2,5.0,-1.6,954.6
2026-01-31T06:00,2026-02-02T04:00,46,7.22,63,3.55,6.1,1.8,955.3
2026-01-31T06:00,2026-02-02T05:00,47,6.48,57,4.31,8.2,4.7,955.3
2026-01-31T06:00,2026-02-02T06:00,48,7.31,54,5.29,10.1,6.5,954.9
2026-01-31T06:00,2026-02-02T07:00,49,8.2,55,5.93,11.2,7.8,954.1
2026-01-31T06:00,2026-02-02T08:00,50,9.01,56,6.49,12.0,8.6,953.3
2026-01-31T06:00,2026-02-02T09:00,51,8.84,55,6.11,12.1,8.7,953.0
2026-01-31T06:00,2026-02-02T10:00,52,7.47,52,4.67,11.1,7.8,953.1
2026-01-31T06:00,2026-02-02T11:00,53,4.22,41,1.51,8.1,5.0,953.8
2026-01-31T06:00,2026-02-02T12:00,54,1.9,87,0.32,2.0,2.4,954.0
2026-01-31T06:00,2026-02-02T13:00,55,2.7,91,1.42,1.8,1.4,953.6
2026-01-31T06:00,2026-02-02T14:00,56,4.6,68,1.93,2.9,0.3,953.3
2026-01-31T06:00,2026-02-02T15:00,57,4.54,65,1.67,2.8,0.6,953.6
2026-01-31T06:00,2026-02-02T16:00,58,4.81,69,1.87,2.7,0.7,953.5
2026-01-31T06:00,2026-02-02T17:00,59,4.22,73,1.73,2.7,-0.3,953.1
2026-01-31T06:00,2026-02-02T18:00,60,4.32,63,1.68,2.7,-0.8,952.8
2026-01-31T06:00,2026-02-02T19:00,61,4.07,61,1.3,2.5,-0.2,953.1
2026-01-31T06:00,2026-02-02T20:00,62,3.72,79,1.5,2.6,0.2,953.0
2026-01-31T06:00,2026-02-02T21:00,63,4.69,68,1.88,3.2,-0.1,952.5
2026-01-31T06:00,2026-02-02T22:00,64,5.35,60,1.92,3.3,-0.4,952.3
2026-01-31T06:00,2026-02-02T23:00,65,5.61,64,1.97,3.4,-0.6,952.2
2026-01-31T06:00,2026-02-03T00:00,66,5.25,59,1.81,3.3,-1.3,952.1
2026-01-31T06:00,2026-02-03T01:00,67,4.68,61,1.59,3.0,-2.3,952.6
2026-01-31T06:00,2026-02-03T02:00,68,4.0,72,1.48,2.8,-2.4,952.9
2026-01-31T06:00,2026-02-03T03:00,69,3.01,75,1.21,2.6,-0.5,953.9
2026-01-31T06:00,2026-02-03T04:00,70,1.5,159,1.31,3.0,2.9,955.4
2026-01-31T06:00,2026-02-03T05:00,71,2.46,246,1.82,4.4,4.8,955.9
2026-01-31T12:00,2026-01-31T12:00,0,7.45,58,3.45,,1.9,951.6
2026-01-31T12:00,2026-01-31T13:00,1,7.25,59,3.2,5.9,0.9,951.7
2026-01-31T12:00,2026-01-31T14:00,2,6.28,59,2.41,5.3,0.4,951.8
2026-01-31T12:00,2026-01-31T15:00,3,4.76,62,1.57,4.0,0.2,952.3
2026-01-31T12:00,2026-01-31T16:00,4,3.07,66,0.83,2.6,0.2,953.0
2026-01-31T12:00,2026-01-31T17:00,5,1.78,101,0.43,1.1,0.8,953.4
2026-01-31T12:00,2026-01-31T18:00,6,1.31,187,0.5,0.7,0.4,953.4
2026-01-31T12:00,2026-01-31T19:00,7,1.65,256,0.89,1.2,-1.1,953.6
2026-01-31T12:00,2026-01-31T20:00,8,1.47,288,0.79,1.4,-2.1,953.7
2026-01-31T12:00,2026-01-31T21:00,9,0.34,153,0.25,1.1,-1.6,953.7
2026-01-31T12:00,2026-01-31T22:00,10,0.6,90,0.1,0.4,-0.9,953.7
2026-01-31T12:00,2026-01-31T23:00,11,0.85,28,0.07,0.4,-1.1,953.8
2026-01-31T12:00,2026-02-01T00:00,12,1.72,82,0.55,0.7,-1.6,953.6
2026-01-31T12:00,2026-02-01T01:00,13,3.24,56,1.32,1.8,-2.0,953.3
2026-01-31T12:00,2026-02-01T02:00,14,4.07,53,1.3,1.8,-2.5,953.9
2026-01-31T12:00,2026-02-01T03:00,15,4.25,70,1.66,2.9,-0.9,954.4
2026-01-31T12:00,2026-02-01T04:00,16,4.88,61,2.42,4.7,0.8,954.9
2026-01-31T12:00,2026-02-01T05:00,17,3.56,56,2.33,5.1,2.2,955.5
2026-01-31T12:00,2026-02-01T06:00,18,2.84,51,2.2,5.5,3.6,955.7
2026-01-31T12:00,2026-02-01T07:00,19,3.12,55,2.48,5.8,4.9,955.1
2026-01-31T12:00,2026-02-01T08:00,20,3.61,56,2.84,6.3,5.8,954.6
2026-01-31T12:00,2026-02-01T09:00,21,3.59,55,2.87,6.4,6.2,954.6
2026-01-31T12:00,2026-02-01T10:00,22,4.15,50,3.11,6.1,5.4,954.8
2026-01-31T12:00,2026-02-01T11:00,23,4.72,66,2.32,5.8,3.4,954.7
2026-01-31T12:00,2026-02-01T12:00,24,5.12,71,2.14,3.9,0.2,954.0
2026-01-31T12:00,2026-02-01T13:00,25,5.64,69,2.25,3.6,0.7,954.5
2026-01-31T12:00,2026-02-01T14:00,26,5.6,70,2.21,3.7,0.5,954.7
2026-01-31T12:00,2026-02-01T15:00,27,5.77,68,2.3,3.8,0.3,954.5
2026-01-31T12:00,2026-02-01T16:00,28,5.87,70,2.4,4.1,-0.1,954.6
2026-01-31T12:00,2026-02-01T17:00,29,5.74,70,2.37,4.1,-0.5,954.5
2026-01-31T12:00,2026-02-01T18:00,30,6.09,69,2.51,4.2,-0.5,954.4
2026-01-31T12:00,2026-02-01T19:00,31,6.23,67,2.6,4.4,-0.7,954.3
2026-01-31T12:00,2026-02-01T20:00,32,6.42,66,2.7,4.6,-0.9,954.2
2026-01-31T12:00,2026-02-01T21:00,33,6.42,66,2.7,4.5,-1.2,954.3
2026-01-31T12:00,2026-02-01T22:00,34,6.36,66,2.7,4.6,-1.4,954.2
2026-01-31T12:00,2026-02-01T23:00,35,6.44,64,2.8,4.6,-1.7,954.2
2026-01-31T12:00,2026-02-02T00:00,36,6.58,65,3.0,5.0,-2.0,954.4
2026-01-31T12:00,2026-02-02T01:00,37,6.64,64,3.05,5.1,-2.3,954.2
2026-01-31T12:00,2026-02-02T02:00,38,6.69,63,3.05,5.1,-2.5,954.4
2026-01-31T12:00,2026-02-02T03:00,39,6.78,63,3.56,5.5,-1.3,954.8
2026-01-31T12:00,2026-02-02T04:00,40,7.63,61,3.6,6.2,1.9,955.4
2026-01-31T12:00,2026-02-02T05:00,41,6.7,56,4.45,8.4,4.4,955.5
2026-01-31T12:00,2026-02-02T06:00,42,7.3,55,5.34,10.1,6.2,955.0
2026-01-31T12:00,2026-02-02T07:00,43,8.32,55,6.04,11.3,7.6,954.2
2026-01-31T12:00,2026-02-02T08:00,44,9.32,55,6.68,12.4,8.3,953.4
2026-01-31T12:00,2026-02-02T09:00,45,8.97,53,6.2,12.4,8.3,953.1
2026-01-31T12:00,2026-02-02T10:00,46,7.86,51,4.77,11.1,7.5,953.0
2026-01-31T12:00,2026-02-02T11:00,47,7.38,57,3.59,8.4,5.7,953.1
2026-01-31T12:00,2026-02-02T12:00,48,5.66,64,2.18,6.1,1.8,952.6
2026-01-31T12:00,2026-02-02T13:00,49,4.3,67,1.59,3.0,0.6,952.7
2026-01-31T12:00,2026-02-02T14:00,50,3.85,64,1.44,2.2,0.0,952.7
2026-01-31T12:00,2026-02-02T15:00,51,4.43,62,1.63,2.6,-0.6,952.5
2026-01-31T12:00,2026-02-02T16:00,52,4.59,61,1.62,2.7,-0.9,952.5
2026-01-31T12:00,2026-02-02T17:00,53,3.43,67,1.17,2.6,-1.6,952.4
2026-01-31T12:00,2026-02-02T18:00,54,2.28,81,1.03,2.1,-1.0,952.4
2026-01-31T12:00,2026-02-02T19:00,55,2.72,77,1.27,2.5,-1.0,951.8
2026-01-31T12:00,2026-02-02T20:00,56,3.86,59,1.39,2.5,-1.2,951.7
2026-01-31T12:00,2026-02-02T21:00,57,1.92,83,0.83,2.1,-1.0,952.2
2026-01-31T12:00,2026-02-02T22:00,58,1.2,138,1.07,2.2,-1.1,951.9
2026-01-31T12:00,2026-02-02T23:00,59,1.57,99,1.14,2.3,-0.8,951.8
2026-01-31T12:00,2026-02-03T00:00,60,1.08,158,1.09,2.6,-1.0,952.2
2026-01-31T12:00,2026-02-03T01:00,61,3.51,244,1.82,2.9,-0.7,953.2
2026-01-31T12:00,2026-02-03T02:00,62,3.41,235,1.71,3.4,-0.3,953.3
2026-01-31T12:00,2026-02-03T03:00,63,3.02,241,1.27,2.7,1.7,954.0
2026-01-31T12:00,2026-02-03T04:00,64,3.85,257,2.21,4.0,3.7,955.1
2026-01-31T12:00,2026-02-03T05:00,65,3.14,248,1.74,4.2,5.8,955.3
2026-01-31T12:00,2026-02-03T06:00,66,3.15,280,2.47,5.6,7.4,955.7
2026-01-31T12:00,2026-02-03T07:00,67,3.42,299,2.72,6.0,8.0,955.6
2026-01-31T12:00,2026-02-03T08:00,68,3.21,301,2.5,6.1,7.5,955.2
2026-01-31T12:00,2026-02-03T09:00,69,3.5,269,2.65,5.7,7.5,955.4
2026-01-31T12:00,2026-02-03T10:00,70,3.93,263,2.77,5.5,7.1,955.6
2026-01-31T12:00,2026-02-03T11:00,71,5.75,249,2.78,4.7,5.1,955.8
2026-01-31T18:00,2026-01-31T18:00,0,1.59,242,1.06,,-0.5,953.8
2026-01-31T18:00,2026-01-31T19:00,1,2.11,263,1.01,1.9,-1.6,953.9
2026-01-31T18:00,2026-01-31T20:00,2,0.9,326,0.15,1.4,-1.4,954.0
2026-01-31T18:00,2026-01-31T21:00,3,1.35,68,0.3,0.5,-1.8,953.9
2026-01-31T18:00,2026-01-31T22:00,4,2.26,59,0.46,0.8,-1.9,953.9
2026-01-31T18:00,2026-01-31T23:00,5,2.12,63,0.34,0.7,-1.6,954.3
2026-01-31T18:00,2026-02-01T00:00,6,3.25,76,1.06,1.4,-2.2,954.1
2026-01-31T18:00,2026-02-01T01:00,7,4.31,68,1.81,2.7,-2.7,953.9
2026-01-31T18:00,2026-02-01T02:00,8,4.88,66,1.81,3.1,-2.6,953.8
2026-01-31T18:00,2026-02-01T03:00,9,5.21,63,2.33,4.0,-1.3,954.5
2026-01-31T18:00,2026-02-01T04:00,10,5.99,63,2.93,5.4,0.4,955.0
2026-01-31T18:00,2026-02-01T05:00,11,4.72,58,3.26,6.7,2.3,955.5
2026-01-31T18:00,2026-02-01T06:00,12,3.46,45,2.65,6.9,3.5,955.6
2026-01-31T18:00,2026-02-01T07:00,13,2.82,53,2.16,6.0,4.5,955.3
2026-01-31T18:00,2026-02-01T08:00,14,3.06,64,2.41,5.6,5.9,954.8
2026-01-31T18:00,2026-02-01T09:00,15,3.76,57,2.91,6.2,6.4,954.5
2026-01-31T18:00,2026-02-01T10:00,16,3.69,50,2.69,6.0,5.9,954.8
2026-01-31T18:00,2026-02-01T11:00,17,4.79,65,2.29,4.9,3.8,954.7
2026-01-31T18:00,2026-02-01T12:00,18,4.6,71,1.99,3.8,0.6,954.2
2026-01-31T18:00,2026-02-01T13:00,19,4.82,71,1.95,2.9,0.4,954.6
2026-01-31T18:00,2026-02-01T14:00,20,4.89,74,2.05,3.1,0.4,954.8
2026-01-31T18:00,2026-02-01T15:00,21,4.87,73,2.01,3.2,0.2,954.6
2026-01-31T18:00,2026-02-01T16:00,22,4.89,72,1.9,3.2,-0.3,954.5
2026-01-31T18:00,2026-02-01T17:00,23,5.0,74,1.98,3.3,-0.3,954.3
2026-01-31T18:00,2026-02-01T18:00,24,5.5,71,2.29,3.9,-0.3,954.1
2026-01-31T18:00,2026-02-01T19:00,25,6.33,65,2.7,4.5,-0.6,954.0
2026-01-31T18:00,2026-02-01T20:00,26,6.65,66,2.8,4.8,-0.8,954.0
2026-01-31T18:00,2026-02-01T21:00,27,6.64,65,2.75,4.8,-1.1,954.2
2026-01-31T18:00,2026-02-01T22:00,28,6.4,65,2.66,4.6,-1.4,954.3
2026-01-31T18:00,2026-02-01T23:00,29,6.42,66,2.75,4.6,-1.8,954.3
2026-01-31T18:00,2026-02-02T00:00,30,6.19,64,2.65,4.6,-2.2,954.3
2026-01-31T18:00,2026-02-02T01:00,31,6.26,63,2.8,4.7,-2.7,954.2
2026-01-31T18:00,2026-02-02T02:00,32,6.69,62,2.95,4.8,-3.0,954.3
2026-01-31T18:00,2026-02-02T03:00,33,6.62,63,3.4,5.3,-1.7,954.8
2026-01-31T18:00,2026-02-02T04:00,34,7.49,63,3.58,6.1,1.9,955.6
2026-01-31T18:00,2026-02-02T05:00,35,6.85,56,4.68,8.7,4.6,955.6
2026-01-31T18:00,2026-02-02T06:00,36,7.75,56,5.61,10.6,6.4,955.1
2026-01-31T18:00,2026-02-02T07:00,37,8.67,56,6.26,11.7,7.5,954.1
2026-01-31T18:00,2026-02-02T08:00,38,9.77,55,7.0,12.9,8.4,953.4
2026-01-31T18:00,2026-02-02T09:00,39,9.42,55,6.48,12.9,8.3,953.1
2026-01-31T18:00,2026-02-02T10:00,40,7.88,54,4.97,11.5,7.7,953.1
2026-01-31T18:00,2026-02-02T11:00,41,7.2,56,3.47,8.7,5.7,953.2
2026-01-31T18:00,2026-02-02T12:00,42,4.97,66,1.71,5.8,2.2,953.0
2026-01-31T18:00,2026-02-02T13:00,43,2.49,75,0.71,2.3,1.0,953.4
2026-01-31T18:00,2026-02-02T14:00,44,1.65,88,0.81,1.3,0.4,953.1
2026-01-31T18:00,2026-02-02T15:00,45,2.57,61,0.99,1.4,0.0,953.1
2026-01-31T18:00,2026-02-02T16:00,46,3.59,71,1.57,2.2,-0.2,953.0
2026-01-31T18:00,2026-02-02T17:00,47,3.01,95,1.56,2.6,0.2,953.1
2026-01-31T18:00,2026-02-02T18:00,48,2.6,106,1.42,2.9,-0.3,952.5
2026-01-31T18:00,2026-02-02T19:00,49,3.89,70,1.72,2.9,0.1,952.1
2026-01-31T18:00,2026-02-02T20:00,50,5.41,65,2.13,3.6,0.5,951.7
2026-01-31T18:00,2026-02-02T21:00,51,5.46,64,2.1,3.6,-0.7,951.1
2026-01-31T18:00,2026-02-02T22:00,52,5.07,59,1.77,3.6,-1.3,950.8
2026-01-31T18:00,2026-02-02T23:00,53,4.57,60,1.57,3.0,-1.7,951.0
2026-01-31T18:00,2026-02-03T00:00,54,4.79,70,1.9,3.4,-1.7,951.0
2026-01-31T18:00,2026-02-03T01:00,55,5.29,59,1.87,3.5,-1.9,950.9
2026-01-31T18:00,2026-02-03T02:00,56,4.49,64,1.49,3.2,-2.3,951.7
2026-01-31T18:00,2026-02-03T03:00,57,2.82,83,1.41,2.5,0.1,952.4
2026-01-31T18:00,2026-02-03T04:00,58,3.39,68,1.61,3.6,2.5,953.5
2026-01-31T18:00,2026-02-03T05:00,59,1.24,137,0.75,3.6,4.5,954.0
2026-01-31T18:00,2026-02-03T06:00,60,0.91,261,0.78,3.0,5.4,954.3
2026-01-31T18:00,2026-02-03T07:00,61,2.0,269,1.56,3.7,5.7,954.1
2026-01-31T18:00,2026-02-03T08:00,62,2.22,247,1.72,3.9,6.5,953.7
2026-01-31T18:00,2026-02-03T09:00,63,4.73,252,3.13,5.1,6.1,954.2
2026-01-31T18:00,2026-02-03T10:00,64,5.35,254,3.01,5.6,5.7,954.8
2026-01-31T18:00,2026-02-03T11:00,65,4.49,251,1.86,4.9,4.3,954.8
2026-01-31T18:00,2026-02-03T12:00,66,4.1,226,1.87,2.9,2.9,954.6
2026-01-31T18:00,2026-02-03T13:00,67,5.33,234,2.51,4.0,2.6,955.3
2026-01-31T18:00,2026-02-03T14:00,68,6.32,240,3.11,4.8,2.7,955.8
2026-01-31T18:00,2026-02-03T15:00,69,7.79,237,4.15,6.7,2.3,955.8
2026-01-31T18:00,2026-02-03T16:00,70,7.23,229,4.23,7.0,2.9,955.9
2026-01-31T18:00,2026-02-03T17:00,71,6.12,228,3.35,6.9,2.7,956.0
2026-02-01T00:00,2026-02-01T00:00,0,1.55,268,0.27,,-3.2,954.8
2026-02-01T00:00,2026-02-01T01:00,1,0.81,97,0.55,0.9,-3.6,954.1
2026-02-01T00:00,2026-02-01T02:00,2,2.27,50,1.3,1.8,-3.8,953.9
2026-02-01T00:00,2026-02-01T03:00,3,5.13,60,2.28,4.0,-2.0,954.8
2026-02-01T00:00,2026-02-01T04:00,4,5.92,60,2.79,5.2,0.1,955.8
2026-02-01T00:00,2026-02-01T05:00,5,3.74,56,2.65,5.7,1.9,956.4
2026-02-01T00:00,2026-02-01T06:00,6,4.52,55,3.43,7.1,3.6,956.0
2026-02-01T00:00,2026-02-01T07:00,7,5.2,52,4.0,8.2,5.1,955.5
2026-02-01T00:00,2026-02-01T08:00,8,4.9,50,3.78,8.3,6.0,955.0
2026-02-01T00:00,2026-02-01T09:00,9,4.76,51,3.64,7.8,6.0,954.8
2026-02-01T00:00,2026-02-01T10:00,10,4.44,54,3.22,7.3,5.3,955.0
2026-02-01T00:00,2026-02-01T11:00,11,5.17,64,2.64,6.0,3.4,954.9
2026-02-01T00:00,2026-02-01T12:00,12,5.5,68,2.23,4.6,1.1,954.4
2026-02-01T00:00,2026-02-01T13:00,13,6.11,69,2.56,4.2,0.8,954.9
2026-02-01T00:00,2026-02-01T14:00,14,6.26,72,2.6,4.7,1.1,955.0
2026-02-01T00:00,2026-02-01T15:00,15,5.95,70,2.36,4.3,0.1,954.7
2026-02-01T00:00,2026-02-01T16:00,16,6.05,67,2.4,4.0,0.0,954.6
2026-02-01T00:00,2026-02-01T17:00,17,6.07,66,2.4,4.1,-0.4,954.6
2026-02-01T00:00,2026-02-01T18:00,18,5.89,66,2.25,4.0,-0.7,954.7
2026-02-01T00:00,2026-02-01T19:00,19,5.56,68,2.16,3.8,-1.0,954.6
2026-02-01T00:00,2026-02-01T20:00,20,5.43,70,2.18,3.8,-1.2,954.6
2026-02-01T00:00,2026-02-01T21:00,21,5.72,68,2.36,4.0,-1.3,954.4
2026-02-01T00:00,2026-02-01T22:00,22,6.2,66,2.65,4.5,-1.6,954.3
2026-02-01T00:00,2026-02-01T23:00,23,6.8,65,3.1,5.2,-1.8,954.1
2026-02-01T00:00,2026-02-02T00:00,24,6.84,65,3.2,5.3,-2.0,954.3
2026-02-01T00:00,2026-02-02T01:00,25,6.8,63,3.15,5.3,-2.3,954.3
2026-02-01T00:00,2026-02-02T02:00,26,6.57,63,2.95,5.2,-2.7,954.5
2026-02-01T00:00,2026-02-02T03:00,27,6.46,64,3.4,5.3,-1.6,955.0
2026-02-01T00:00,2026-02-02T04:00,28,7.8,63,3.65,6.2,1.7,955.6
2026-02-01T00:00,2026-02-02T05:00,29,6.77,56,4.64,8.6,4.1,955.6
2026-02-01T00:00,2026-02-02T06:00,30,7.55,55,5.44,10.4,5.9,955.2
2026-02-01T00:00,2026-02-02T07:00,31,8.39,55,6.08,11.4,7.2,954.4
2026-02-01T00:00,2026-02-02T08:00,32,9.09,54,6.46,12.1,8.0,953.6
2026-02-01T00:00,2026-02-02T09:00,33,8.88,54,6.21,12.1,8.1,953.3
2026-02-01T00:00,2026-02-02T10:00,34,8.31,56,5.22,11.3,7.3,953.1
2026-02-01T00:00,2026-02-02T11:00,35,8.18,60,4.41,9.2,5.5,952.9
2026-02-01T00:00,2026-02-02T12:00,36,7.02,64,2.96,7.5,3.1,952.8
2026-02-01T00:00,2026-02-02T13:00,37,2.13,60,0.22,4.8,0.7,953.4
2026-02-01T00:00,2026-02-02T14:00,38,0.91,96,0.6,1.0,-0.3,953.5
2026-02-01T00:00,2026-02-02T15:00,39,0.71,188,0.72,1.1,0.1,954.0
2026-02-01T00:00,2026-02-02T16:00,40,1.69,124,1.24,2.1,-0.2,953.5
2026-02-01T00:00,2026-02-02T17:00,41,2.11,83,1.2,2.3,-0.5,953.0
2026-02-01T00:00,2026-02-02T18:00,42,2.77,77,1.31,2.5,-0.4,952.7
2026-02-01T00:00,2026-02-02T19:00,43,3.69,65,1.39,2.2,0.0,952.6
2026-02-01T00:00,2026-02-02T20:00,44,4.72,69,1.94,3.0,0.1,952.2
2026-02-01T00:00,2026-02-02T21:00,45,5.25,63,1.98,3.2,-0.5,951.8
2026-02-01T00:00,2026-02-02T22:00,46,5.28,63,1.89,3.2,-0.9,951.4
2026-02-01T00:00,2026-02-02T23:00,47,4.7,62,1.63,3.1,-1.4,951.1
2026-02-01T00:00,2026-02-03T00:00,48,4.72,62,1.63,2.8,-1.6,951.4
2026-02-01T00:00,2026-02-03T01:00,49,4.25,60,1.44,2.8,-2.0,951.4
2026-02-01T00:00,2026-02-03T02:00,50,3.24,56,1.01,2.4,-2.3,952.2
2026-02-01T00:00,2026-02-03T03:00,51,1.95,93,0.96,1.8,-0.2,953.3
2026-02-01T00:00,2026-02-03T04:00,52,1.43,119,1.21,3.0,3.2,954.2
2026-02-01T00:00,2026-02-03T05:00,53,1.99,258,1.5,3.6,4.7,954.7
2026-02-01T00:00,2026-02-03T06:00,54,3.06,264,2.4,5.9,6.0,955.2
2026-02-01T00:00,2026-02-03T07:00,55,2.62,262,2.06,5.5,7.3,954.7
2026-02-01T00:00,2026-02-03T08:00,56,3.55,269,2.75,5.9,7.9,954.4
2026-02-01T00:00,2026-02-03T09:00,57,3.8,271,2.85,5.9,7.5,954.6
2026-02-01T00:00,2026-02-03T10:00,58,4.41,265,2.92,5.7,6.7,955.2
2026-02-01T00:00,2026-02-03T11:00,59,5.37,238,2.45,4.9,5.0,955.3
2026-02-01T00:00,2026-02-03T12:00,60,6.4,256,2.69,4.3,3.3,955.3
2026-02-01T00:00,2026-02-03T13:00,61,6.06,244,3.09,4.8,2.4,956.0
2026-02-01T00:00,2026-02-03T14:00,62,6.98,234,4.08,6.5,3.0,956.5
2026-02-01T00:00,2026-02-03T15:00,63,6.58,227,3.76,6.7,3.2,956.3
2026-02-01T00:00,2026-02-03T16:00,64,5.24,237,2.57,6.0,2.7,956.1
2026-02-01T00:00,2026-02-03T17:00,65,5.23,244,2.54,4.2,2.6,956.5
2026-02-01T00:00,2026-02-03T18:00,66,5.26,242,2.52,4.3,3.1,957.0
2026-02-01T00:00,2026-02-03T19:00,67,5.21,244,2.66,4.2,2.7,957.3
2026-02-01T00:00,2026-02-03T20:00,68,5.39,233,2.93,5.0,1.9,957.5
2026-02-01T00:00,2026-02-03T21:00,69,4.62,230,2.66,4.8,2.0,957.7
2026-02-01T00:00,2026-02-03T22:00,70,5.14,229,3.13,5.0,2.0,957.6
2026-02-01T00:00,2026-02-03T23:00,71,5.99,229,3.55,5.8,2.3,957.6
2026-02-01T06:00,2026-02-01T06:00,0,3.16,49,2.44,,3.5,956.7
2026-02-01T06:00,2026-02-01T07:00,1,4.15,56,3.25,6.9,5.6,956.2
2026-02-01T06:00,2026-02-01T08:00,2,4.56,55,3.59,7.7,6.3,955.7
2026-02-01T06:00,2026-02-01T09:00,3,4.59,52,3.57,7.6,6.3,955.5
2026-02-01T06:00,2026-02-01T10:00,4,4.61,53,3.33,7.2,5.6,955.7
2026-02-01T06:00,2026-02-01T11:00,5,5.3,61,2.64,6.2,3.6,955.3
2026-02-01T06:00,2026-02-01T12:00,6,5.79,62,2.33,4.5,0.6,954.9
2026-02-01T06:00,2026-02-01T13:00,7,6.26,68,2.41,4.2,0.6,955.3
2026-02-01T06:00,2026-02-01T14:00,8,6.39,70,2.68,4.5,0.6,955.3
2026-02-01T06:00,2026-02-01T15:00,9,6.11,69,2.32,4.5,0.2,955.2
2026-02-01T06:00,2026-02-01T16:00,10,6.25,69,2.56,4.3,0.1,955.2
2026-02-01T06:00,2026-02-01T17:00,11,5.78,67,2.25,4.3,-0.4,955.0
2026-02-01T06:00,2026-02-01T18:00,12,6.06,64,2.4,4.0,-0.7,954.9
2026-02-01T06:00,2026-02-01T19:00,13,6.26,64,2.55,4.3,-0.8,954.9
2026-02-01T06:00,2026-02-01T20:00,14,6.24,65,2.6,4.4,-1.2,954.7
2026-02-01T06:00,2026-02-01T21:00,15,5.95,64,2.41,4.4,-1.4,954.7
2026-02-01T06:00,2026-02-01T22:00,16,6.2,65,2.7,4.5,-1.8,954.4
2026-02-01T06:00,2026-02-01T23:00,17,6.64,64,2.95,4.9,-1.9,954.4
2026-02-01T06:00,2026-02-02T00:00,18,6.78,65,3.15,5.2,-2.1,954.5
2026-02-01T06:00,2026-02-02T01:00,19,6.98,65,3.25,5.3,-2.4,954.4
2026-02-01T06:00,2026-02-02T02:00,20,7.16,63,3.35,5.5,-2.7,954.4
2026-02-01T06:00,2026-02-02T03:00,21,7.22,62,3.78,6.0,-1.5,954.8
2026-02-01T06:00,2026-02-02T04:00,22,7.89,63,3.87,7.1,1.7,955.6
2026-02-01T06:00,2026-02-02T05:00,23,6.82,57,4.56,8.7,4.0,955.9
2026-02-01T06:00,2026-02-02T06:00,24,7.25,53,5.24,10.1,5.7,955.7
2026-02-01T06:00,2026-02-02T07:00,25,7.66,54,5.6,10.7,6.9,954.8
2026-02-01T06:00,2026-02-02T08:00,26,8.06,54,5.85,11.1,7.7,953.9
2026-02-01T06:00,2026-02-02T09:00,27,8.28,53,5.88,11.1,7.9,953.8
2026-02-01T06:00,2026-02-02T10:00,28,7.84,52,4.95,10.8,7.2,953.7
2026-02-01T06:00,2026-02-02T11:00,29,7.62,60,3.88,8.7,5.3,953.3
2026-02-01T06:00,2026-02-02T12:00,30,5.87,60,2.21,6.6,2.1,953.0
2026-02-01T06:00,2026-02-02T13:00,31,3.56,64,0.87,3.2,0.8,953.4
2026-02-01T06:00,2026-02-02T14:00,32,2.88,70,0.9,1.4,-0.1,953.2
2026-02-01T06:00,2026-02-02T15:00,33,1.64,70,0.53,1.3,-0.2,953.5
2026-02-01T06:00,2026-02-02T16:00,34,2.0,77,0.82,1.2,-0.4,953.4
2026-02-01T06:00,2026-02-02T17:00,35,2.21,77,1.0,1.6,-0.9,953.0
2026-02-01T06:00,2026-02-02T18:00,36,3.13,77,1.42,2.5,-0.6,952.6
2026-02-01T06:00,2026-02-02T19:00,37,4.34,69,1.77,2.9,-0.7,952.2
2026-02-01T06:00,2026-02-02T20:00,38,5.3,65,2.1,3.5,-1.2,951.8
2026-02-01T06:00,2026-02-02T21:00,39,6.17,65,2.56,4.2,-1.3,951.3
2026-02-01T06:00,2026-02-02T22:00,40,6.35,62,2.35,4.2,-1.6,950.7
2026-02-01T06:00,2026-02-02T23:00,41,5.75,63,1.98,3.9,-1.9,950.8
2026-02-01T06:00,2026-02-03T00:00,42,5.11,67,1.79,3.3,-2.6,950.8
2026-02-01T06:00,2026-02-03T01:00,43,5.48,66,2.03,3.5,-2.3,950.5
2026-02-01T06:00,2026-02-03T02:00,44,5.36,59,1.84,3.5,-2.5,950.7
2026-02-01T06:00,2026-02-03T03:00,45,0.92,61,0.47,2.9,-1.1,952.6
2026-02-01T06:00,2026-02-03T04:00,46,2.11,239,1.68,3.8,2.3,954.3
2026-02-01T06:00,2026-02-03T05:00,47,1.89,238,1.41,3.8,4.4,954.3
2026-02-01T06:00,2026-02-03T06:00,48,3.82,256,2.93,6.0,5.5,954.4
2026-02-01T06:00,2026-02-03T07:00,49,3.71,256,2.84,6.9,6.4,954.2
2026-02-01T06:00,2026-02-03T08:00,50,2.58,248,1.98,6.0,7.0,953.5
2026-02-01T06:00,2026-02-03T09:00,51,3.03,248,2.34,4.9,7.6,953.4
2026-02-01T06:00,2026-02-03T10:00,52,4.9,269,3.35,5.7,7.2,954.0
2026-02-01T06:00,2026-02-03T11:00,53,4.77,255,2.17,5.6,5.1,954.3
2026-02-01T06:00,2026-02-03T12:00,54,5.1,233,2.37,3.7,3.2,954.2
2026-02-01T06:00,2026-02-03T13:00,55,6.49,242,3.2,5.1,3.0,954.8
2026-02-01T06:00,2026-02-03T14:00,56,7.07,239,3.94,6.3,2.4,955.1
2026-02-01T06:00,2026-02-03T15:00,57,6.66,236,3.67,6.6,3.1,955.3
2026-02-01T06:00,2026-02-03T16:00,58,5.85,235,3.2,5.9,3.3,955.2
2026-02-01T06:00,2026-02-03T17:00,59,5.61,230,3.07,5.1,2.7,955.2
2026-02-01T06:00,2026-02-03T18:00,60,4.25,233,1.94,4.9,2.5,955.1
2026-02-01T06:00,2026-02-03T19:00,61,4.12,247,1.74,3.2,1.6,955.2
2026-02-01T06:00,2026-02-03T20:00,62,5.13,260,1.97,3.1,2.0,955.7
2026-02-01T06:00,2026-02-03T21:00,63,6.29,251,3.2,5.2,1.8,956.5
2026-02-01T06:00,2026-02-03T22:00,64,5.2,240,2.48,5.2,1.5,956.4
2026-02-01T06:00,2026-02-03T23:00,65,4.73,237,1.95,3.9,0.9,956.5
2026-02-01T06:00,2026-02-04T00:00,66,5.6,229,2.82,4.7,1.5,957.1
2026-02-01T06:00,2026-02-04T01:00,67,5.76,224,3.28,5.3,1.2,957.1
2026-02-01T06:00,2026-02-04T02:00,68,5.95,236,3.06,5.6,1.5,957.6
2026-02-01T06:00,2026-02-04T03:00,69,6.31,245,3.5,5.8,1.7,958.5
2026-02-01T06:00,2026-02-04T04:00,70,6.68,237,3.92,6.7,1.8,959.3
2026-02-01T06:00,2026-02-04T05:00,71,5.68,239,3.39,6.7,2.3,959.4
2026-02-01T12:00,2026-02-01T12:00,0,4.75,70,1.97,,0.9,954.9
2026-02-01T12:00,2026-02-01T13:00,1,4.46,77,1.9,2.8,0.8,955.3
2026-02-01T12:00,2026-02-01T14:00,2,5.28,75,2.25,3.6,0.9,955.3
2026-02-01T12:00,2026-02-01T15:00,3,5.34,71,2.16,3.7,0.5,955.3
2026-02-01T12:00,2026-02-01T16:00,4,5.49,70,2.15,3.6,0.3,955.2
2026-02-01T12:00,2026-02-01T17:00,5,5.57,66,2.15,3.7,-0.5,954.9
2026-02-01T12:00,2026-02-01T18:00,6,6.31,64,2.45,4.1,-0.7,955.0
2026-02-01T12:00,2026-02-01T19:00,7,6.48,68,2.65,4.5,-0.5,955.0
2026-02-01T12:00,2026-02-01T20:00,8,5.58,70,2.23,4.5,-1.0,954.7
2026-02-01T12:00,2026-02-01T21:00,9,5.82,67,2.37,4.0,-1.2,954.6
2026-02-01T12:00,2026-02-01T22:00,10,6.31,65,2.65,4.5,-1.3,954.7
2026-02-01T12:00,2026-02-01T23:00,11,6.55,64,2.9,4.8,-1.5,954.6
2026-02-01T12:00,2026-02-02T00:00,12,6.6,65,3.05,5.0,-1.9,954.5
2026-02-01T12:00,2026-02-02T01:00,13,6.71,64,3.1,5.1,-2.4,954.5
2026-02-01T12:00,2026-02-02T02:00,14,7.11,64,3.3,5.4,-2.5,954.4
2026-02-01T12:00,2026-02-02T03:00,15,7.29,64,3.92,6.1,-1.2,954.8
2026-02-01T12:00,2026-02-02T04:00,16,8.39,64,4.21,7.1,2.1,955.3
2026-02-01T12:00,2026-02-02T05:00,17,7.43,57,5.14,9.6,4.5,955.3
2026-02-01T12:00,2026-02-02T06:00,18,8.34,55,5.98,11.3,6.2,955.1
2026-02-01T12:00,2026-02-02T07:00,19,9.06,54,6.43,12.1,7.4,954.3
2026-02-01T12:00,2026-02-02T08:00,20,9.36,55,6.61,12.3,8.0,953.4
2026-02-01T12:00,2026-02-02T09:00,21,8.83,54,6.17,12.3,8.3,953.3
2026-02-01T12:00,2026-02-02T10:00,22,8.13,54,5.33,11.1,7.9,953.3
2026-02-01T12:00,2026-02-02T11:00,23,7.81,57,4.06,9.2,5.7,953.1
2026-02-01T12:00,2026-02-02T12:00,24,5.44,62,2.01,6.8,1.7,952.8
2026-02-01T12:00,2026-02-02T13:00,25,3.91,69,1.5,2.6,0.6,953.1
2026-02-01T12:00,2026-02-02T14:00,26,3.07,66,1.05,2.1,0.1,953.2
2026-02-01T12:00,2026-02-02T15:00,27,3.11,66,1.25,1.9,-0.4,953.0
2026-02-01T12:00,2026-02-02T16:00,28,3.69,63,1.39,2.3,-1.1,952.6
2026-02-01T12:00,2026-02-02T17:00,29,3.67,70,1.5,2.5,-1.1,952.4
2026-02-01T12:00,2026-02-02T18:00,30,3.81,76,1.61,2.8,-0.7,952.2
2026-02-01T12:00,2026-02-02T19:00,31,5.08,71,2.12,3.6,-0.9,951.6
2026-02-01T12:00,2026-02-02T20:00,32,5.84,69,2.39,4.0,-0.7,951.2
2026-02-01T12:00,2026-02-02T21:00,33,6.36,71,2.75,4.5,-1.0,950.8
2026-02-01T12:00,2026-02-02T22:00,34,6.48,70,2.8,4.7,-1.4,950.0
2026-02-01T12:00,2026-02-02T23:00,35,6.13,65,2.32,4.6,-1.7,950.0
2026-02-01T12:00,2026-02-03T00:00,36,5.36,72,2.12,3.8,-2.0,950.4
2026-02-01T12:00,2026-02-03T01:00,37,4.91,68,1.82,3.7,-2.3,950.1
2026-02-01T12:00,2026-02-03T02:00,38,4.52,55,1.44,3.2,-2.5,950.9
2026-02-01T12:00,2026-02-03T03:00,39,1.5,94,0.81,2.4,-0.7,952.5
2026-02-01T12:00,2026-02-03T04:00,40,1.3,208,1.31,2.8,2.7,953.8
2026-02-01T12:00,2026-02-03T05:00,41,4.71,253,3.54,6.7,4.8,954.6
2026-02-01T12:00,2026-02-03T06:00,42,3.56,250,2.69,7.1,5.2,954.6
2026-02-01T12:00,2026-02-03T07:00,43,4.11,249,3.07,6.1,5.6,954.4
2026-02-01T12:00,2026-02-03T08:00,44,4.27,246,3.15,6.3,6.1,954.1
2026-02-01T12:00,2026-02-03T09:00,45,3.84,249,2.83,6.0,7.0,954.1
2026-02-01T12:00,2026-02-03T10:00,46,3.87,264,2.26,5.3,6.2,954.3
2026-02-01T12:00,2026-02-03T11:00,47,3.41,259,1.36,3.7,4.1,954.4
2026-02-01T12:00,2026-02-03T12:00,48,4.14,245,1.8,2.3,1.7,954.4
2026-02-01T12:00,2026-02-03T13:00,49,6.04,244,2.7,4.1,2.0,955.0
2026-02-01T12:00,2026-02-03T14:00,50,7.64,249,3.89,6.2,2.1,955.6
2026-02-01T12:00,2026-02-03T15:00,51,7.09,250,3.68,6.5,2.2,956.1
2026-02-01T12:00,2026-02-03T16:00,52,6.72,238,3.8,6.2,2.1,956.4
2026-02-01T12:00,2026-02-03T17:00,53,6.6,238,3.58,6.2,2.5,956.7
2026-02-01T12:00,2026-02-03T18:00,54,6.9,240,3.82,6.2,2.4,957.2
2026-02-01T12:00,2026-02-03T19:00,55,7.11,241,4.12,6.6,2.0,957.3
2026-02-01T12:00,2026-02-03T20:00,56,6.26,239,3.46,6.8,2.2,957.4
2026-02-01T12:00,2026-02-03T21:00,57,5.69,241,2.96,5.6,2.4,957.5
2026-02-01T12:00,2026-02-03T22:00,58,6.16,249,3.22,5.3,2.4,957.8
2026-02-01T12:00,2026-02-03T23:00,59,6.58,238,3.82,6.4,1.8,958.2
2026-02-01T12:00,2026-02-04T00:00,60,7.22,231,4.09,7.1,1.7,958.7
2026-02-01T12:00,2026-02-04T01:00,61,6.91,232,3.75,7.0,2.0,958.7
2026-02-01T12:00,2026-02-04T02:00,62,5.83,234,2.98,6.3,2.1,958.9
2026-02-01T12:00,2026-02-04T03:00,63,5.52,236,2.66,4.9,2.4,959.4
2026-02-01T12:00,2026-02-04T04:00,64,5.21,233,2.64,4.4,2.8,959.8
2026-02-01T12:00,2026-02-04T05:00,65,5.53,229,3.31,4.9,3.5,959.9
2026-02-01T12:00,2026-02-04T06:00,66,5.35,222,3.54,6.0,4.4,960.1
2026-02-01T12:00,2026-02-04T07:00,67,4.79,217,3.55,6.5,5.2,959.6
2026-02-01T12:00,2026-02-04T08:00,68,4.36,229,3.39,7.2,7.0,959.2
2026-02-01T12:00,2026-02-04T09:00,69,4.31,235,3.36,6.9,7.3,959.0
2026-02-01T12:00,2026-02-04T10:00,70,4.42,232,3.34,6.7,7.2,958.9
2026-02-01T12:00,2026-02-04T11:00,71,3.69,229,1.73,6.2,5.8,958.5
2026-02-01T18:00,2026-02-01T18:00,0,6.02,65,2.25,,-0.1,955.4
2026-02-01T18:00,2026-02-01T19:00,1,6.23,67,2.35,3.9,-0.5,955.2
2026-02-01T18:00,2026-02-01T20:00,2,6.4,68,2.61,4.5,-1.0,955.1
2026-02-01T18:00,2026-02-01T21:00,3,5.78,68,2.27,4.4,-1.5,955.1
2026-02-01T18:00,2026-02-01T22:00,4,6.49,65,2.75,4.6,-1.7,955.0
2026-02-01T18:00,2026-02-01T23:00,5,6.91,65,3.1,5.2,-2.0,955.1
2026-02-01T18:00,2026-02-02T00:00,6,7.09,65,3.2,5.3,-2.4,954.9
2026-02-01T18:00,2026-02-02T01:00,7,7.02,65,3.25,5.4,-2.6,954.8
2026-02-01T18:00,2026-02-02T02:00,8,7.11,64,3.35,5.5,-2.9,954.7
2026-02-01T18:00,2026-02-02T03:00,9,7.45,64,4.02,6.3,-1.6,955.2
2026-02-01T18:00,2026-02-02T04:00,10,8.52,64,4.19,7.1,1.7,955.7
2026-02-01T18:00,2026-02-02T05:00,11,7.57,58,5.19,9.6,4.2,955.9
2026-02-01T18:00,2026-02-02T06:00,12,8.32,56,5.89,11.2,5.9,955.4
2026-02-01T18:00,2026-02-02T07:00,13,8.93,55,6.4,12.0,7.1,954.4
2026-02-01T18:00,2026-02-02T08:00,14,9.63,54,6.85,12.7,7.9,953.8
2026-02-01T18:00,2026-02-02T09:00,15,9.31,55,6.47,12.7,8.1,953.6
2026-02-01T18:00,2026-02-02T10:00,16,8.63,55,5.47,11.6,7.6,953.5
2026-02-01T18:00,2026-02-02T11:00,17,8.23,62,4.47,9.6,5.7,953.3
2026-02-01T18:00,2026-02-02T12:00,18,6.72,66,2.72,7.5,2.6,952.7
2026-02-01T18:00,2026-02-02T13:00,19,4.7,63,1.66,4.5,0.6,953.1
2026-02-01T18:00,2026-02-02T14:00,20,1.97,66,0.61,2.2,-0.7,953.0
2026-02-01T18:00,2026-02-02T15:00,21,1.63,67,0.68,1.2,-1.0,953.0
2026-02-01T18:00,2026-02-02T16:00,22,2.25,73,0.99,1.9,-1.1,952.8
2026-02-01T18:00,2026-02-02T17:00,23,2.91,74,1.28,2.4,-0.9,952.6
2026-02-01T18:00,2026-02-02T18:00,24,3.97,76,1.77,3.2,-0.8,952.0
2026-02-01T18:00,2026-02-02T19:00,25,5.19,71,2.17,3.7,-0.8,951.6
2026-02-01T18:00,2026-02-02T20:00,26,6.05,67,2.52,4.1,-0.8,951.1
2026-02-01T18:00,2026-02-02T21:00,27,6.47,69,2.84,4.6,-1.0,950.8
2026-02-01T18:00,2026-02-02T22:00,28,6.52,69,2.84,4.8,-1.6,950.2
2026-02-01T18:00,2026-02-02T23:00,29,6.53,66,2.62,4.6,-1.7,950.0
2026-02-01T18:00,2026-02-03T00:00,30,6.02,69,2.35,4.3,-1.9,950.3
2026-02-01T18:00,2026-02-03T01:00,31,5.51,66,2.05,3.9,-2.3,950.1
2026-02-01T18:00,2026-02-03T02:00,32,5.24,57,1.8,3.5,-2.8,950.7
2026-02-01T18:00,2026-02-03T03:00,33,2.89,72,1.06,3.2,-1.0,952.4
2026-02-01T18:00,2026-02-03T04:00,34,1.06,172,1.25,2.9,2.2,953.8
2026-02-01T18:00,2026-02-03T05:00,35,3.31,241,2.42,4.8,4.7,954.3
2026-02-01T18:00,2026-02-03T06:00,36,4.5,262,3.44,7.1,5.9,954.6
2026-02-01T18:00,2026-02-03T07:00,37,4.84,256,3.72,7.4,6.9,954.4
2026-02-01T18:00,2026-02-03T08:00,38,4.46,266,3.36,7.5,7.2,954.2
2026-02-01T18:00,2026-02-03T09:00,39,3.45,268,2.55,6.5,7.0,954.4
2026-02-01T18:00,2026-02-03T10:00,40,3.48,263,1.97,4.8,6.5,954.9
2026-02-01T18:00,2026-02-03T11:00,41,4.98,260,2.1,3.4,4.4,955.2
2026-02-01T18:00,2026-02-03T12:00,42,5.7,232,2.37,3.8,2.6,955.2
2026-02-01T18:00,2026-02-03T13:00,43,7.07,245,3.29,5.2,2.4,955.6
2026-02-01T18:00,2026-02-03T14:00,44,7.2,245,3.73,6.2,2.5,956.0
2026-02-01T18:00,2026-02-03T15:00,45,6.33,239,3.54,6.1,2.8,956.2
2026-02-01T18:00,2026-02-03T16:00,46,6.49,236,3.65,6.1,2.9,956.3
2026-02-01T18:00,2026-02-03T17:00,47,5.95,232,3.33,5.9,3.0,956.3
2026-02-01T18:00,2026-02-03T18:00,48,5.34,232,2.8,5.4,2.8,956.4
2026-02-01T18:00,2026-02-03T19:00,49,5.28,241,2.7,4.5,2.7,956.7
2026-02-01T18:00,2026-02-03T20:00,50,6.17,229,3.53,5.7,2.7,956.8
2026-02-01T18:00,2026-02-03T21:00,51,6.56,232,3.52,6.1,2.8,956.9
2026-02-01T18:00,2026-02-03T22:00,52,6.78,246,3.61,5.8,2.8,957.2
2026-02-01T18:00,2026-02-03T23:00,53,7.62,255,4.34,7.1,2.2,957.8
2026-02-01T18:00,2026-02-04T00:00,54,7.01,247,4.0,7.2,1.8,958.4
2026-02-01T18:00,2026-02-04T01:00,55,6.89,245,3.75,6.6,1.9,958.6
2026-02-01T18:00,2026-02-04T02:00,56,6.82,242,3.82,6.4,2.2,959.0
2026-02-01T18:00,2026-02-04T03:00,57,6.66,236,3.72,6.3,2.4,959.4
2026-02-01T18:00,2026-02-04T04:00,58,5.92,235,3.56,6.1,3.5,959.8
2026-02-01T18:00,2026-02-04T05:00,59,4.47,236,2.81,5.8,4.3,960.0
2026-02-01T18:00,2026-02-04T06:00,60,3.82,248,2.9,6.2,6.2,960.0
2026-02-01T18:00,2026-02-04T07:00,61,3.47,264,2.76,6.2,7.3,959.5
2026-02-01T18:00,2026-02-04T08:00,62,3.48,263,2.82,6.2,7.8,959.0
2026-02-01T18:00,2026-02-04T09:00,63,3.31,255,2.63,6.2,8.1,958.8
2026-02-01T18:00,2026-02-04T10:00,64,3.31,250,2.56,5.8,7.9,958.7
2026-02-01T18:00,2026-02-04T11:00,65,3.24,236,1.63,5.2,6.7,958.6
2026-02-01T18:00,2026-02-04T12:00,66,2.12,214,0.9,2.6,3.3,957.9
2026-02-01T18:00,2026-02-04T13:00,67,0.68,54,0.43,1.3,2.2,957.8
2026-02-01T18:00,2026-02-04T14:00,68,5.61,59,2.32,3.7,1.6,958.2
2026-02-01T18:00,2026-02-04T15:00,69,6.37,62,2.9,4.9,0.7,958.5
2026-02-01T18:00,2026-02-04T16:00,70,7.13,63,3.42,5.7,0.0,958.5
2026-02-01T18:00,2026-02-04T17:00,71,7.31,63,3.62,6.0,-0.8,958.1
2026-02-02T00:00,2026-02-02T00:00,0,7.31,64,3.25,,-2.0,955.0
2026-02-02T00:00,2026-02-02T01:00,1,7.07,66,3.0,5.5,-2.7,954.9
2026-02-02T00:00,2026-02-02T02:00,2,6.75,64,2.9,5.0,-3.1,955.0
2026-02-02T00:00,2026-02-02T03:00,3,7.36,62,3.87,6.0,-1.8,955.7
2026-02-02T00:00,2026-02-02T04:00,4,8.77,64,4.25,7.0,1.6,956.3
2026-02-02T00:00,2026-02-02T05:00,5,7.35,60,4.95,9.3,4.2,956.2
2026-02-02T00:00,2026-02-02T06:00,6,8.25,55,5.9,11.2,5.8,955.7
2026-02-02T00:00,2026-02-02T07:00,7,9.02,55,6.43,12.1,6.8,954.7
2026-02-02T00:00,2026-02-02T08:00,8,9.52,54,6.74,12.5,7.7,954.0
2026-02-02T00:00,2026-02-02T09:00,9,9.96,53,6.77,12.5,7.7,953.6
2026-02-02T00:00,2026-02-02T10:00,10,9.11,55,5.24,12.1,7.0,953.5
2026-02-02T00:00,2026-02-02T11:00,11,8.41,59,4.55,9.4,5.4,953.2
2026-02-02T00:00,2026-02-02T12:00,12,6.22,62,2.28,7.7,2.1,953.0
2026-02-02T00:00,2026-02-02T13:00,13,1.44,76,0.4,3.2,1.0,953.8
2026-02-02T00:00,2026-02-02T14:00,14,3.03,77,1.39,2.4,0.2,953.2
2026-02-02T00:00,2026-02-02T15:00,15,4.74,62,1.8,3.1,-1.0,952.5
2026-02-02T00:00,2026-02-02T16:00,16,4.92,66,1.82,3.1,-0.7,952.5
2026-02-02T00:00,2026-02-02T17:00,17,5.19,64,1.88,3.2,-0.9,952.0
2026-02-02T00:00,2026-02-02T18:00,18,5.08,62,1.8,3.2,-1.1,951.8
2026-02-02T00:00,2026-02-02T19:00,19,4.77,66,1.71,3.0,-1.4,951.5
2026-02-02T00:00,2026-02-02T20:00,20,4.95,72,1.95,3.4,-1.6,951.0
2026-02-02T00:00,2026-02-02T21:00,21,5.58,72,2.37,4.0,-1.8,950.4
2026-02-02T00:00,2026-02-02T22:00,22,6.17,72,2.57,4.3,-1.7,950.0
2026-02-02T00:00,2026-02-02T23:00,23,5.9,68,2.29,4.3,-2.1,949.5
2026-02-02T00:00,2026-02-03T00:00,24,4.78,59,1.54,3.7,-2.4,950.4
2026-02-02T00:00,2026-02-03T01:00,25,2.43,76,0.99,2.4,-2.6,951.0
2026-02-02T00:00,2026-02-03T02:00,26,3.43,71,1.48,2.8,-2.7,951.2
2026-02-02T00:00,2026-02-03T03:00,27,2.47,83,0.96,3.0,-0.5,952.6
2026-02-02T00:00,2026-02-03T04:00,28,2.67,218,1.82,3.5,3.0,953.9
2026-02-02T00:00,2026-02-03T05:00,29,3.43,254,2.52,5.0,5.1,954.3
2026-02-02T00:00,2026-02-03T06:00,30,5.41,258,4.05,8.0,6.0,955.1
2026-02-02T00:00,2026-02-03T07:00,31,4.8,270,3.65,7.9,7.2,954.7
2026-02-02T00:00,2026-02-03T08:00,32,3.7,272,2.8,7.5,7.5,954.2
2026-02-02T00:00,2026-02-03T09:00,33,2.9,269,2.2,5.9,7.5,954.2
2026-02-02T00:00,2026-02-03T10:00,34,3.86,274,2.45,4.5,6.7,954.7
2026-02-02T00:00,2026-02-03T11:00,35,5.32,258,2.47,4.2,4.8,955.1
2026-02-02T00:00,2026-02-03T12:00,36,6.87,246,3.06,4.8,2.9,955.3
2026-02-02T00:00,2026-02-03T13:00,37,7.42,252,3.84,6.1,2.3,956.1
2026-02-02T00:00,2026-02-03T14:00,38,7.28,238,4.1,6.7,2.1,956.4
2026-02-02T00:00,2026-02-03T15:00,39,6.91,234,3.88,6.8,2.9,956.5
2026-02-02T00:00,2026-02-03T16:00,40,6.2,235,3.4,6.3,2.9,956.7
2026-02-02T00:00,2026-02-03T17:00,41,5.35,229,2.84,5.5,3.0,956.7
2026-02-02T00:00,2026-02-03T18:00,42,4.93,240,2.09,4.5,2.3,956.7
2026-02-02T00:00,2026-02-03T19:00,43,5.23,245,2.55,4.0,2.8,957.1
2026-02-02T00:00,2026-02-03T20:00,44,5.81,237,3.15,5.0,3.0,957.4
2026-02-02T00:00,2026-02-03T21:00,45,6.17,237,3.4,5.6,3.0,957.5
2026-02-02T00:00,2026-02-03T22:00,46,5.76,250,2.98,5.5,2.9,957.6
2026-02-02T00:00,2026-02-03T23:00,47,6.15,242,3.61,5.8,2.5,958.0
2026-02-02T00:00,2026-02-04T00:00,48,6.55,228,4.01,6.6,2.4,958.4
2026-02-02T00:00,2026-02-04T01:00,49,6.16,238,3.34,6.6,2.4,958.7
2026-02-02T00:00,2026-02-04T02:00,50,6.29,242,3.48,5.7,2.3,959.1
2026-02-02T00:00,2026-02-04T03:00,51,7.15,232,3.98,6.7,2.5,959.5
2026-02-02T00:00,2026-02-04T04:00,52,6.16,236,3.26,6.7,3.0,959.7
2026-02-02T00:00,2026-02-04T05:00,53,5.19,241,2.97,5.4,3.7,959.9
2026-02-02T00:00,2026-02-04T06:00,54,4.43,246,2.8,5.2,4.8,960.2
2026-02-02T00:00,2026-02-04T07:00,55,3.58,234,2.77,6.0,6.3,959.8
2026-02-02T00:00,2026-02-04T08:00,56,3.48,254,2.8,6.2,8.0,959.2
2026-02-02T00:00,2026-02-04T09:00,57,3.72,253,2.93,6.3,8.4,958.9
2026-02-02T00:00,2026-02-04T10:00,58,3.36,245,2.62,6.2,8.2,958.8
2026-02-02T00:00,2026-02-04T11:00,59,2.04,245,0.97,5.2,6.7,958.6
2026-02-02T00:00,2026-02-04T12:00,60,1.05,329,0.4,1.3,3.9,958.1
2026-02-02T00:00,2026-02-04T13:00,61,4.53,53,2.04,2.4,1.6,958.1
2026-02-02T00:00,2026-02-04T14:00,62,5.59,63,2.42,4.0,1.6,958.6
2026-02-02T00:00,2026-02-04T15:00,63,6.44,63,2.91,4.9,0.8,958.8
2026-02-02T00:00,2026-02-04T16:00,64,7.11,63,3.52,5.9,0.1,958.4
2026-02-02T00:00,2026-02-04T17:00,65,8.08,61,4.24,7.1,-0.5,958.0
2026-02-02T00:00,2026-02-04T18:00,66,8.47,60,4.65,7.7,-0.7,957.5
2026-02-02T00:00,2026-02-04T19:00,67,8.64,61,4.95,8.1,-0.4,957.1
2026-02-02T00:00,2026-02-04T20:00,68,9.08,64,5.35,8.8,-0.1,956.7
2026-02-02T00:00,2026-02-04T21:00,69,9.55,68,5.66,9.5,0.2,956.3
2026-02-02T00:00,2026-02-04T22:00,70,10.12,71,6.07,10.2,0.3,955.8
2026-02-02T00:00,2026-02-04T23:00,71,10.29,72,6.4,10.9,0.9,955.7
2026-02-02T06:00,2026-02-02T06:00,0,8.6,56,6.19,,6.0,955.8
2026-02-02T06:00,2026-02-02T07:00,1,9.07,56,6.55,12.4,6.9,955.1
2026-02-02T06:00,2026-02-02T08:00,2,9.41,54,6.74,12.5,7.6,954.6
2026-02-02T06:00,2026-02-02T09:00,3,9.44,54,6.45,12.4,7.9,954.1
2026-02-02T06:00,2026-02-02T10:00,4,8.29,51,5.2,11.7,7.1,954.0
2026-02-02T06:00,2026-02-02T11:00,5,7.77,54,3.89,9.2,5.3,953.8
2026-02-02T06:00,2026-02-02T12:00,6,3.02,56,0.36,6.6,1.8,954.0
2026-02-02T06:00,2026-02-02T13:00,7,3.15,89,1.46,1.9,0.7,953.8
2026-02-02T06:00,2026-02-02T14:00,8,5.53,67,2.32,3.8,0.6,953.2
2026-02-02T06:00,2026-02-02T15:00,9,5.57,64,2.07,4.0,-0.3,952.9
2026-02-02T06:00,2026-02-02T16:00,10,5.26,61,1.83,3.4,-1.0,952.5
2026-02-02T06:00,2026-02-02T17:00,11,5.43,59,1.87,3.1,-1.5,952.0
2026-02-02T06:00,2026-02-02T18:00,12,4.99,63,1.72,3.1,-1.4,951.8
2026-02-02T06:00,2026-02-02T19:00,13,4.96,68,1.87,3.2,-1.6,951.3
2026-02-02T06:00,2026-02-02T20:00,14,5.91,69,2.38,4.0,-1.7,950.8
2026-02-02T06:00,2026-02-02T21:00,15,6.44,69,2.67,4.3,-1.8,950.3
2026-02-02T06:00,2026-02-02T22:00,16,6.78,68,2.81,4.6,-1.7,950.0
2026-02-02T06:00,2026-02-02T23:00,17,6.31,72,2.64,4.7,-1.9,949.6
2026-02-02T06:00,2026-02-03T00:00,18,5.95,65,2.18,4.3,-2.2,949.7
2026-02-02T06:00,2026-02-03T01:00,19,5.26,65,1.84,3.6,-2.5,950.1
2026-02-02T06:00,2026-02-03T02:00,20,4.14,67,1.46,3.1,-2.6,950.8
2026-02-02T06:00,2026-02-03T03:00,21,2.04,79,0.81,2.5,-1.1,952.0
2026-02-02T06:00,2026-02-03T04:00,22,3.5,233,2.47,4.1,2.6,953.9
2026-02-02T06:00,2026-02-03T05:00,23,3.26,243,2.44,5.2,4.6,954.1
2026-02-02T06:00,2026-02-03T06:00,24,5.06,253,3.8,7.4,5.4,954.6
2026-02-02T06:00,2026-02-03T07:00,25,4.82,260,3.61,7.6,6.0,954.4
2026-02-02T06:00,2026-02-03T08:00,26,3.15,268,2.4,7.1,7.2,953.7
2026-02-02T06:00,2026-02-03T09:00,27,3.2,272,2.4,5.4,7.2,953.9
2026-02-02T06:00,2026-02-03T10:00,28,2.45,268,1.75,4.9,7.0,954.4
2026-02-02T06:00,2026-02-03T11:00,29,3.2,267,1.4,2.9,4.4,954.5
2026-02-02T06:00,2026-02-03T12:00,30,4.13,251,1.76,2.4,1.7,954.5
2026-02-02T06:00,2026-02-03T13:00,31,5.99,243,2.55,3.9,1.6,955.4
2026-02-02T06:00,2026-02-03T14:00,32,9.18,247,4.56,7.2,1.9,955.5
2026-02-02T06:00,2026-02-03T15:00,33,8.62,253,4.33,8.2,2.8,956.2
2026-02-02T06:00,2026-02-03T16:00,34,7.39,247,4.17,7.1,2.7,956.7
2026-02-02T06:00,2026-02-03T17:00,35,5.92,235,3.34,6.9,2.5,956.5
2026-02-02T06:00,2026-02-03T18:00,36,6.33,242,3.03,5.3,2.0,956.5
2026-02-02T06:00,2026-02-03T19:00,37,6.77,251,3.41,5.7,2.3,956.8
2026-02-02T06:00,2026-02-03T20:00,38,6.6,245,3.61,5.8,2.5,957.2
2026-02-02T06:00,2026-02-03T21:00,39,6.38,238,3.6,6.0,2.7,957.5
2026-02-02T06:00,2026-02-03T22:00,40,5.85,235,3.3,5.8,2.8,957.5
2026-02-02T06:00,2026-02-03T23:00,41,5.34,238,2.89,5.3,2.8,957.6
2026-02-02T06:00,2026-02-04T00:00,42,5.3,238,2.86,4.7,2.4,958.1
2026-02-02T06:00,2026-02-04T01:00,43,5.55,232,3.11,5.1,2.3,958.3
2026-02-02T06:00,2026-02-04T02:00,44,6.46,237,3.47,5.7,2.4,958.5
2026-02-02T06:00,2026-02-04T03:00,45,7.5,238,4.18,7.0,2.3,959.1
2026-02-02T06:00,2026-02-04T04:00,46,7.0,235,3.93,7.1,2.6,959.5
2026-02-02T06:00,2026-02-04T05:00,47,6.18,241,3.78,6.8,3.6,959.6
2026-02-02T06:00,2026-02-04T06:00,48,5.21,244,3.36,6.2,4.9,959.7
2026-02-02T06:00,2026-02-04T07:00,49,4.04,234,3.05,6.5,6.0,959.4
2026-02-02T06:00,2026-02-04T08:00,50,3.91,245,3.04,6.5,7.8,958.9
2026-02-02T06:00,2026-02-04T09:00,51,4.41,261,3.4,6.8,8.3,958.7
2026-02-02T06:00,2026-02-04T10:00,52,4.21,254,3.19,6.8,7.8,958.7
2026-02-02T06:00,2026-02-04T11:00,53,3.48,235,1.73,5.9,6.3,958.6
2026-02-02T06:00,2026-02-04T12:00,54,2.98,205,1.44,2.8,2.3,957.6
2026-02-02T06:00,2026-02-04T13:00,55,1.66,209,0.96,2.2,0.8,957.3
2026-02-02T06:00,2026-02-04T14:00,56,2.13,60,1.28,2.4,0.0,957.3
2026-02-02T06:00,2026-02-04T15:00,57,6.33,65,2.96,4.8,-0.1,957.8
2026-02-02T06:00,2026-02-04T16:00,58,7.02,64,3.44,5.7,-0.8,957.6
2026-02-02T06:00,2026-02-04T17:00,59,7.27,63,3.73,6.1,-1.1,957.4
2026-02-02T06:00,2026-02-04T18:00,60,7.38,63,3.93,6.5,-1.1,956.9
2026-02-02T06:00,2026-02-04T19:00,61,7.6,63,4.4,7.2,-1.0,956.6
2026-02-02T06:00,2026-02-04T20:00,62,7.9,67,4.78,8.0,-0.5,956.2
2026-02-02T06:00,2026-02-04T21:00,63,8.04,69,5.17,8.6,0.0,955.9
2026-02-02T06:00,2026-02-04T22:00,64,9.2,71,5.57,9.3,0.1,955.3
2026-02-02T06:00,2026-02-04T23:00,65,9.68,73,5.88,9.9,0.2,955.1
2026-02-02T06:00,2026-02-05T00:00,66,10.2,77,6.15,10.4,0.3,955.0
2026-02-02T06:00,2026-02-05T01:00,67,10.38,78,6.48,11.0,0.7,954.5
2026-02-02T06:00,2026-02-05T02:00,68,10.81,76,6.89,11.7,0.5,954.2
2026-02-02T06:00,2026-02-05T03:00,69,11.08,78,7.15,12.2,1.0,954.0
2026-02-02T06:00,2026-02-05T04:00,70,10.55,76,7.14,12.5,2.6,953.7
2026-02-02T06:00,2026-02-05T05:00,71,10.92,78,7.84,13.8,4.7,953.2
2026-02-02T12:00,2026-02-02T12:00,0,2.69,42,0.15,,2.0,954.2
2026-02-02T12:00,2026-02-02T13:00,1,1.65,178,1.05,1.3,0.6,954.9
2026-02-02T12:00,2026-02-02T14:00,2,2.07,97,1.19,1.6,0.2,954.0
2026-02-02T12:00,2026-02-02T15:00,3,5.42,67,2.35,3.8,0.8,953.7
2026-02-02T12:00,2026-02-02T16:00,4,5.75,65,2.2,4.0,0.7,953.3
2026-02-02T12:00,2026-02-02T17:00,5,5.04,60,1.81,3.5,-0.1,952.9
2026-02-02T12:00,2026-02-02T18:00,6,5.39,62,1.98,3.3,-0.5,952.4
2026-02-02T12:00,2026-02-02T19:00,7,5.81,68,2.3,3.8,-0.8,951.9
2026-02-02T12:00,2026-02-02T20:00,8,6.29,69,2.58,4.3,-1.1,951.2
2026-02-02T12:00,2026-02-02T21:00,9,6.64,70,2.93,4.7,-1.4,950.8
2026-02-02T12:00,2026-02-02T22:00,10,7.09,65,3.05,4.9,-1.5,950.6
2026-02-02T12:00,2026-02-02T23:00,11,7.24,70,3.21,5.2,-1.4,950.5
2026-02-02T12:00,2026-02-03T00:00,12,6.44,70,2.62,5.2,-1.6,950.4
2026-02-02T12:00,2026-02-03T01:00,13,5.48,69,2.06,4.2,-2.3,950.3
2026-02-02T12:00,2026-02-03T02:00,14,5.41,64,2.05,3.5,-2.4,950.8
2026-02-02T12:00,2026-02-03T03:00,15,4.49,64,1.84,3.5,-0.9,952.1
2026-02-02T12:00,2026-02-03T04:00,16,0.47,108,1.03,3.0,2.5,953.9
2026-02-02T12:00,2026-02-03T05:00,17,2.95,219,2.18,4.8,4.7,954.4
2026-02-02T12:00,2026-02-03T06:00,18,4.45,258,3.42,6.9,6.6,954.6
2026-02-02T12:00,2026-02-03T07:00,19,4.92,257,3.75,7.5,7.3,954.3
2026-02-02T12:00,2026-02-03T08:00,20,5.11,261,3.84,7.6,7.6,953.9
2026-02-02T12:00,2026-02-03T09:00,21,3.85,261,2.87,7.5,7.9,953.9
2026-02-02T12:00,2026-02-03T10:00,22,2.36,264,1.55,5.5,7.2,954.0
2026-02-02T12:00,2026-02-03T11:00,23,3.06,281,1.35,2.5,4.8,954.0
2026-02-02T12:00,2026-02-03T12:00,24,4.86,266,2.11,3.1,1.3,954.1
2026-02-02T12:00,2026-02-03T13:00,25,4.44,230,2.13,3.6,2.2,955.1
2026-02-02T12:00,2026-02-03T14:00,26,6.42,238,3.24,4.9,2.5,955.6
2026-02-02T12:00,2026-02-03T15:00,27,7.23,246,3.61,6.0,2.5,955.7
2026-02-02T12:00,2026-02-03T16:00,28,6.54,249,3.05,5.8,1.8,956.0
2026-02-02T12:00,2026-02-03T17:00,29,6.36,252,3.18,5.2,1.8,956.4
2026-02-02T12:00,2026-02-03T18:00,30,6.67,241,3.6,5.9,1.8,956.6
2026-02-02T12:00,2026-02-03T19:00,31,6.52,247,3.29,5.9,2.1,956.9
2026-02-02T12:00,2026-02-03T20:00,32,6.81,247,3.57,5.9,2.3,957.2
2026-02-02T12:00,2026-02-03T21:00,33,6.24,244,3.44,6.1,2.7,957.6
2026-02-02T12:00,2026-02-03T22:00,34,5.87,240,3.16,5.6,2.8,957.4
2026-02-02T12:00,2026-02-03T23:00,35,5.67,240,3.14,5.4,2.9,957.6
2026-02-02T12:00,2026-02-04T00:00,36,5.84,236,3.36,5.6,2.9,958.0
2026-02-02T12:00,2026-02-04T01:00,37,5.98,234,3.34,5.8,2.8,958.3
2026-02-02T12:00,2026-02-04T02:00,38,5.99,242,3.23,5.5,2.7,958.7
2026-02-02T12:00,2026-02-04T03:00,39,6.28,239,3.59,6.0,2.7,959.1
2026-02-02T12:00,2026-02-04T04:00,40,6.16,232,3.42,6.2,3.1,959.5
2026-02-02T12:00,2026-02-04T05:00,41,5.23,236,2.93,5.7,3.7,959.5
2026-02-02T12:00,2026-02-04T06:00,42,4.45,244,2.77,5.2,5.0,959.7
2026-02-02T12:00,2026-02-04T07:00,43,4.47,245,3.31,6.3,6.2,959.5
2026-02-02T12:00,2026-02-04T08:00,44,4.63,244,3.51,6.8,7.1,959.1
2026-02-02T12:00,2026-02-04T09:00,45,4.67,244,3.6,7.1,7.9,959.0
2026-02-02T12:00,2026-02-04T10:00,46,4.34,241,3.28,6.9,7.7,959.0
2026-02-02T12:00,2026-02-04T11:00,47,4.22,234,2.16,6.1,6.6,958.9
2026-02-02T12:00,2026-02-04T12:00,48,2.84,219,1.37,3.5,2.7,958.0
2026-02-02T12:00,2026-02-04T13:00,49,0.73,196,0.78,2.3,1.1,957.5
2026-02-02T12:00,2026-02-04T14:00,50,5.05,54,2.11,3.2,0.6,957.8
2026-02-02T12:00,2026-02-04T15:00,51,6.54,67,3.01,5.1,0.8,958.5
2026-02-02T12:00,2026-02-04T16:00,52,7.2,63,3.4,5.7,0.3,958.4
2026-02-02T12:00,2026-02-04T17:00,53,7.67,59,3.75,6.3,-0.3,958.0
2026-02-02T12:00,2026-02-04T18:00,54,7.65,61,3.89,6.5,-0.6,957.6
2026-02-02T12:00,2026-02-04T19:00,55,7.58,65,4.02,6.7,-0.6,957.3
2026-02-02T12:00,2026-02-04T20:00,56,8.13,69,4.57,7.5,-0.5,957.0
2026-02-02T12:00,2026-02-04T21:00,57,8.68,72,5.01,8.4,-0.2,956.6
2026-02-02T12:00,2026-02-04T22:00,58,9.36,73,5.8,9.7,0.4,956.3
2026-02-02T12:00,2026-02-04T23:00,59,9.89,74,6.34,10.8,0.7,956.2
2026-02-02T12:00,2026-02-05T00:00,60,10.53,78,6.64,11.3,1.2,955.9
2026-02-02T12:00,2026-02-05T01:00,61,10.98,78,6.98,11.9,1.4,955.2
2026-02-02T12:00,2026-02-05T02:00,62,11.81,79,7.48,12.8,1.3,954.7
2026-02-02T12:00,2026-02-05T03:00,63,12.36,80,7.84,13.4,1.7,954.2
2026-02-02T12:00,2026-02-05T04:00,64,11.92,77,7.88,13.8,3.1,954.0
2026-02-02T12:00,2026-02-05T05:00,65,12.28,79,8.45,14.9,5.0,953.5
2026-02-02T12:00,2026-02-05T06:00,66,12.79,81,9.1,16.1,6.6,952.8
2026-02-02T12:00,2026-02-05T07:00,67,12.87,81,9.11,16.2,8.0,951.5
2026-02-02T12:00,2026-02-05T08:00,68,12.47,77,8.7,16.2,8.6,950.2
2026-02-02T12:00,2026-02-05T09:00,69,12.11,76,8.43,15.3,8.8,949.6
2026-02-02T12:00,2026-02-05T10:00,70,11.41,77,7.42,14.6,8.3,949.3
2026-02-02T12:00,2026-02-05T11:00,71,9.86,81,5.98,12.3,6.9,949.0
2026-02-02T18:00,2026-02-02T18:00,0,5.41,62,2.04,,-0.2,952.4
2026-02-02T18:00,2026-02-02T19:00,1,6.03,67,2.38,4.1,-1.2,951.7
2026-02-02T18:00,2026-02-02T20:00,2,6.47,67,2.64,4.3,-1.3,951.5
2026-02-02T18:00,2026-02-02T21:00,3,7.09,70,3.13,5.0,-1.7,951.1
2026-02-02T18:00,2026-02-02T22:00,4,7.6,68,3.36,5.4,-1.6,950.7
2026-02-02T18:00,2026-02-02T23:00,5,7.71,69,3.5,5.6,-1.7,950.7
2026-02-02T18:00,2026-02-03T00:00,6,7.35,71,3.25,5.7,-1.8,950.6
2026-02-02T18:00,2026-02-03T01:00,7,6.98,69,3.05,5.3,-2.1,950.6
2026-02-02T18:00,2026-02-03T02:00,8,6.36,67,2.67,4.9,-2.3,950.7
2026-02-02T18:00,2026-02-03T03:00,9,5.23,63,2.25,4.4,-1.1,951.8
2026-02-02T18:00,2026-02-03T04:00,10,2.77,64,0.47,3.5,2.3,953.3
2026-02-02T18:00,2026-02-03T05:00,11,1.25,196,0.9,3.3,4.2,954.1
2026-02-02T18:00,2026-02-03T06:00,12,2.48,236,1.87,4.7,6.3,954.1
2026-02-02T18:00,2026-02-03T07:00,13,4.34,255,3.31,6.8,7.8,953.6
2026-02-02T18:00,2026-02-03T08:00,14,4.97,265,3.82,7.7,8.4,953.4
2026-02-02T18:00,2026-02-03T09:00,15,5.07,265,3.81,7.7,8.2,953.6
2026-02-02T18:00,2026-02-03T10:00,16,4.04,255,2.48,7.2,7.3,953.7
2026-02-02T18:00,2026-02-03T11:00,17,3.74,242,1.68,4.0,4.7,953.5
2026-02-02T18:00,2026-02-03T12:00,18,4.29,249,1.96,2.7,2.1,953.5
2026-02-02T18:00,2026-02-03T13:00,19,5.38,250,2.33,3.8,1.9,954.6
2026-02-02T18:00,2026-02-03T14:00,20,5.98,240,2.89,4.7,2.9,955.3
2026-02-02T18:00,2026-02-03T15:00,21,6.82,244,3.39,5.4,2.2,955.2
2026-02-02T18:00,2026-02-03T16:00,22,7.0,244,3.55,5.6,2.1,955.6
2026-02-02T18:00,2026-02-03T17:00,23,7.57,247,3.78,6.5,2.4,955.7
2026-02-02T18:00,2026-02-03T18:00,24,6.6,246,3.19,6.2,2.5,955.8
2026-02-02T18:00,2026-02-03T19:00,25,6.29,258,2.68,5.2,1.7,956.1
2026-02-02T18:00,2026-02-03T20:00,26,7.24,251,3.6,5.9,2.0,956.8
2026-02-02T18:00,2026-02-03T21:00,27,6.48,250,3.2,6.1,2.5,957.3
2026-02-02T18:00,2026-02-03T22:00,28,6.37,255,3.14,5.3,2.6,957.3
2026-02-02T18:00,2026-02-03T23:00,29,6.16,249,3.11,5.2,2.5,957.5
2026-02-02T18:00,2026-02-04T00:00,30,6.2,245,3.19,5.3,2.6,957.9
2026-02-02T18:00,2026-02-04T01:00,31,6.34,240,3.47,5.8,2.5,958.1
2026-02-02T18:00,2026-02-04T02:00,32,6.64,239,3.72,6.2,2.5,958.6
2026-02-02T18:00,2026-02-04T03:00,33,6.17,238,3.28,6.2,2.7,959.0
2026-02-02T18:00,2026-02-04T04:00,34,5.82,233,3.69,5.9,3.5,959.4
2026-02-02T18:00,2026-02-04T05:00,35,5.05,231,3.16,6.2,4.7,959.6
2026-02-02T18:00,2026-02-04T06:00,36,4.33,236,3.25,6.1,6.1,959.7
2026-02-02T18:00,2026-02-04T07:00,37,4.99,244,3.85,7.5,7.1,959.2
2026-02-02T18:00,2026-02-04T08:00,38,4.8,248,3.72,7.7,7.8,958.7
2026-02-02T18:00,2026-02-04T09:00,39,4.4,249,3.41,7.4,8.1,958.7
2026-02-02T18:00,2026-02-04T10:00,40,4.43,243,3.38,6.8,7.9,958.7
2026-02-02T18:00,2026-02-04T11:00,41,4.1,236,2.03,6.2,6.7,958.6
2026-02-02T18:00,2026-02-04T12:00,42,3.11,225,1.34,3.3,2.7,957.8
2026-02-02T18:00,2026-02-04T13:00,43,1.57,217,0.9,1.8,0.5,957.4
2026-02-02T18:00,2026-02-04T14:00,44,2.2,41,1.14,1.7,-0.4,957.3
2026-02-02T18:00,2026-02-04T15:00,45,6.33,64,2.67,4.5,0.5,958.1
2026-02-02T18:00,2026-02-04T16:00,46,6.2,65,2.73,4.6,0.2,958.2
2026-02-02T18:00,2026-02-04T17:00,47,7.09,64,3.36,5.6,-0.5,957.9
2026-02-02T18:00,2026-02-04T18:00,48,7.38,62,3.65,6.1,-0.9,957.6
2026-02-02T18:00,2026-02-04T19:00,49,7.75,61,4.1,6.7,-0.9,957.4
2026-02-02T18:00,2026-02-04T20:00,50,8.05,63,4.44,7.3,-0.9,956.9
2026-02-02T18:00,2026-02-04T21:00,51,8.57,66,4.95,8.1,-0.4,956.5
2026-02-02T18:00,2026-02-04T22:00,52,8.78,69,5.06,8.4,-0.4,956.0
2026-02-02T18:00,2026-02-04T23:00,53,9.66,72,5.62,9.2,-0.4,955.7
2026-02-02T18:00,2026-02-05T00:00,54,10.38,73,6.25,10.5,0.3,955.6
2026-02-02T18:00,2026-02-05T01:00,55,10.82,76,6.69,11.4,1.1,955.4
2026-02-02T18:00,2026-02-05T02:00,56,11.23,80,7.22,12.3,1.6,954.9
2026-02-02T18:00,2026-02-05T03:00,57,11.61,78,7.53,12.9,2.0,954.7
2026-02-02T18:00,2026-02-05T04:00,58,11.64,78,7.71,13.6,3.1,954.4
2026-02-02T18:00,2026-02-05T05:00,59,11.52,79,8.04,14.2,4.6,953.9
2026-02-02T18:00,2026-02-05T06:00,60,12.56,81,8.88,15.7,6.4,953.1
2026-02-02T18:00,2026-02-05T07:00,61,12.53,80,8.91,16.0,7.5,952.0
2026-02-02T18:00,2026-02-05T08:00,62,12.2,80,8.68,15.9,8.4,951.0
2026-02-02T18:00,2026-02-05T09:00,63,11.91,79,8.39,15.5,8.4,950.3
2026-02-02T18:00,2026-02-05T10:00,64,10.79,78,7.4,14.8,8.0,950.0
2026-02-02T18:00,2026-02-05T11:00,65,10.39,82,6.36,12.5,6.7,949.6
2026-02-02T18:00,2026-02-05T12:00,66,9.78,85,5.45,10.7,4.1,948.8
2026-02-02T18:00,2026-02-05T13:00,67,9.5,88,5.1,8.8,1.9,948.2
2026-02-02T18:00,2026-02-05T14:00,68,9.02,87,4.61,8.2,1.0,947.8
2026-02-02T18:00,2026-02-05T15:00,69,7.47,82,3.51,7.5,0.2,947.6
2026-02-02T18:00,2026-02-05T16:00,70,6.15,80,2.84,5.7,-0.7,947.6
2026-02-02T18:00,2026-02-05T17:00,71,6.68,77,3.19,5.3,-1.0,947.1
2026-02-03T00:00,2026-02-03T00:00,0,8.44,68,4.02,,-1.4,950.7
2026-02-03T00:00,2026-02-03T01:00,1,7.32,68,2.95,6.5,-1.9,950.7
2026-02-03T00:00,2026-02-03T02:00,2,4.99,66,1.75,4.8,-2.9,951.1
2026-02-03T00:00,2026-02-03T03:00,3,1.53,71,0.61,2.9,-1.3,953.0
2026-02-03T00:00,2026-02-03T04:00,4,1.21,142,0.94,2.6,2.2,954.1
2026-02-03T00:00,2026-02-03T05:00,5,0.99,131,0.7,3.4,4.9,954.3
2026-02-03T00:00,2026-02-03T06:00,6,1.07,298,0.96,3.7,6.2,954.1
2026-02-03T00:00,2026-02-03T07:00,7,2.07,255,1.62,4.3,7.0,953.8
2026-02-03T00:00,2026-02-03T08:00,8,3.38,262,2.61,5.9,8.2,953.2
2026-02-03T00:00,2026-02-03T09:00,9,3.06,266,2.35,5.8,8.4,952.9
2026-02-03T00:00,2026-02-03T10:00,10,3.15,252,1.42,5.0,6.5,952.9
2026-02-03T00:00,2026-02-03T11:00,11,5.3,249,2.51,3.9,4.8,953.3
2026-02-03T00:00,2026-02-03T12:00,12,5.64,245,2.32,4.3,2.3,953.2
2026-02-03T00:00,2026-02-03T13:00,13,4.67,244,2.04,3.8,2.2,953.8
2026-02-03T00:00,2026-02-03T14:00,14,5.77,244,2.72,4.2,2.8,954.7
2026-02-03T00:00,2026-02-03T15:00,15,7.36,235,3.76,6.2,2.8,954.8
2026-02-03T00:00,2026-02-03T16:00,16,7.49,243,4.07,6.7,2.5,955.6
2026-02-03T00:00,2026-02-03T17:00,17,7.07,241,4.09,6.7,3.0,956.1
2026-02-03T00:00,2026-02-03T18:00,18,7.18,241,3.89,6.8,2.8,956.3
2026-02-03T00:00,2026-02-03T19:00,19,7.67,244,4.14,6.7,2.7,956.3
2026-02-03T00:00,2026-02-03T20:00,20,7.13,250,3.56,6.7,2.4,956.5
2026-02-03T00:00,2026-02-03T21:00,21,7.74,257,4.05,6.8,2.1,957.1
2026-02-03T00:00,2026-02-03T22:00,22,7.5,253,4.12,6.9,2.0,957.4
2026-02-03T00:00,2026-02-03T23:00,23,8.23,247,4.58,7.7,2.4,957.6
2026-02-03T00:00,2026-02-04T00:00,24,7.61,241,4.31,7.8,2.6,958.1
2026-02-03T00:00,2026-02-04T01:00,25,6.87,241,3.79,7.3,2.5,958.2
2026-02-03T00:00,2026-02-04T02:00,26,6.98,238,3.83,6.5,2.4,958.5
2026-02-03T00:00,2026-02-04T03:00,27,7.0,244,3.75,6.4,2.6,959.2
2026-02-03T00:00,2026-02-04T04:00,28,7.15,232,4.15,7.0,3.0,959.5
2026-02-03T00:00,2026-02-04T05:00,29,7.05,232,4.37,7.4,3.7,959.7
2026-02-03T00:00,2026-02-04T06:00,30,5.88,228,3.63,7.3,4.0,959.5
2026-02-03T00:00,2026-02-04T07:00,31,4.49,235,3.34,6.7,6.6,959.6
2026-02-03T00:00,2026-02-04T08:00,32,4.37,231,3.36,6.6,6.9,959.1
2026-02-03T00:00,2026-02-04T09:00,33,4.42,227,3.43,6.8,7.4,958.9
2026-02-03T00:00,2026-02-04T10:00,34,4.15,221,3.13,6.6,7.4,958.8
2026-02-03T00:00,2026-02-04T11:00,35,3.82,224,1.6,5.6,5.9,958.6
2026-02-03T00:00,2026-02-04T12:00,36,3.01,228,0.99,2.4,2.6,958.1
2026-02-03T00:00,2026-02-04T13:00,37,1.27,222,0.52,1.3,1.1,957.9
2026-02-03T00:00,2026-02-04T14:00,38,3.4,57,1.74,2.5,0.6,957.9
2026-02-03T00:00,2026-02-04T15:00,39,6.38,66,2.98,5.0,0.5,958.4
2026-02-03T00:00,2026-02-04T16:00,40,6.6,65,3.07,5.2,-0.3,958.5
2026-02-03T00:00,2026-02-04T17:00,41,7.07,65,3.43,5.7,-1.0,958.2
2026-02-03T00:00,2026-02-04T18:00,42,7.52,61,3.73,6.2,-1.4,957.9
2026-02-03T00:00,2026-02-04T19:00,43,7.65,62,4.1,6.7,-1.5,957.6
2026-02-03T00:00,2026-02-04T20:00,44,7.89,62,4.53,7.3,-1.1,957.2
2026-02-03T00:00,2026-02-04T21:00,45,8.21,66,4.9,8.2,-0.6,956.6
2026-02-03T00:00,2026-02-04T22:00,46,8.78,70,5.5,9.2,0.0,956.0
2026-02-03T00:00,2026-02-04T23:00,47,9.69,73,5.85,9.8,0.2,955.5
2026-02-03T00:00,2026-02-05T00:00,48,10.41,75,6.32,10.6,0.5,955.2
2026-02-03T00:00,2026-02-05T01:00,49,11.19,76,6.97,11.8,1.0,955.0
2026-02-03T00:00,2026-02-05T02:00,50,11.33,79,7.03,12.0,0.9,954.4
2026-02-03T00:00,2026-02-05T03:00,51,11.51,79,7.31,12.4,1.6,954.4
2026-02-03T00:00,2026-02-05T04:00,52,10.58,77,7.31,13.1,2.8,954.3
2026-02-03T00:00,2026-02-05T05:00,53,10.9,78,7.65,13.4,4.4,953.8
2026-02-03T00:00,2026-02-05T06:00,54,11.74,76,8.43,14.9,6.0,952.9
2026-02-03T00:00,2026-02-05T07:00,55,12.32,76,8.86,15.8,7.5,951.8
2026-02-03T00:00,2026-02-05T08:00,56,12.04,75,8.64,15.8,8.0,950.6
2026-02-03T00:00,2026-02-05T09:00,57,11.12,72,7.93,15.3,8.1,950.0
2026-02-03T00:00,2026-02-05T10:00,58,9.9,70,6.49,14.1,7.7,949.9
2026-02-03T00:00,2026-02-05T11:00,59,9.46,77,5.69,11.6,6.4,949.4
2026-02-03T00:00,2026-02-05T12:00,60,8.55,78,4.38,9.6,3.2,948.6
2026-02-03T00:00,2026-02-05T13:00,61,7.35,81,3.46,7.2,0.5,948.1
2026-02-03T00:00,2026-02-05T14:00,62,5.95,82,2.71,5.6,-0.7,948.3
2026-02-03T00:00,2026-02-05T15:00,63,6.43,85,3.47,5.6,-0.5,948.1
2026-02-03T00:00,2026-02-05T16:00,64,6.78,81,3.55,6.2,0.1,947.8
2026-02-03T00:00,2026-02-05T17:00,65,7.72,73,4.05,6.5,0.2,947.4
2026-02-03T00:00,2026-02-05T18:00,66,7.82,74,4.05,6.5,0.3,947.2
2026-02-03T00:00,2026-02-05T19:00,67,7.19,71,3.36,6.5,-0.1,946.9
2026-02-03T00:00,2026-02-05T20:00,68,7.07,70,3.3,5.4,-0.8,946.6
2026-02-03T00:00,2026-02-05T21:00,69,6.34,73,2.98,5.4,-0.6,946.7
2026-02-03T00:00,2026-02-05T22:00,70,6.11,65,2.6,4.9,-0.5,946.7
2026-02-03T00:00,2026-02-05T23:00,71,5.24,57,1.72,4.3,-0.6,947.5
2026-02-03T06:00,2026-02-03T06:00,0,2.67,247,1.98,,6.1,954.9
2026-02-03T06:00,2026-02-03T07:00,1,3.37,249,2.61,5.8,7.4,954.3
2026-02-03T06:00,2026-02-03T08:00,2,3.72,264,2.9,6.4,8.4,953.7
2026-02-03T06:00,2026-02-03T09:00,3,3.26,266,2.55,6.2,8.6,953.6
2026-02-03T06:00,2026-02-03T10:00,4,3.38,257,1.61,5.4,7.2,953.6
2026-02-03T06:00,2026-02-03T11:00,5,3.73,252,1.66,2.7,4.9,953.3
2026-02-03T06:00,2026-02-03T12:00,6,4.19,253,1.98,2.8,2.0,953.2
2026-02-03T06:00,2026-02-03T13:00,7,3.62,229,1.85,3.3,1.7,953.6
2026-02-03T06:00,2026-02-03T14:00,8,4.73,237,2.37,3.9,2.1,954.1
2026-02-03T06:00,2026-02-03T15:00,9,5.19,246,2.38,4.0,2.4,954.8
2026-02-03T06:00,2026-02-03T16:00,10,5.51,238,3.09,4.9,2.6,955.3
2026-02-03T06:00,2026-02-03T17:00,11,5.93,246,3.03,5.3,2.6,955.7
2026-02-03T06:00,2026-02-03T18:00,12,6.49,229,3.51,6.1,2.3,955.8
2026-02-03T06:00,2026-02-03T19:00,13,5.77,252,2.26,5.6,2.0,955.9
2026-02-03T06:00,2026-02-03T20:00,14,6.18,253,3.17,5.1,1.9,956.4
2026-02-03T06:00,2026-02-03T21:00,15,6.27,249,3.27,5.5,2.1,956.5
2026-02-03T06:00,2026-02-03T22:00,16,6.16,247,3.19,5.5,2.2,956.8
2026-02-03T06:00,2026-02-03T23:00,17,6.49,242,3.58,5.9,2.5,957.0
2026-02-03T06:00,2026-02-04T00:00,18,5.74,247,2.99,5.9,2.5,957.4
2026-02-03T06:00,2026-02-04T01:00,19,6.32,248,3.47,5.7,2.3,958.0
2026-02-03T06:00,2026-02-04T02:00,20,7.58,244,4.1,6.8,2.2,958.5
2026-02-03T06:00,2026-02-04T03:00,21,8.05,243,4.53,7.6,2.6,959.0
2026-02-03T06:00,2026-02-04T04:00,22,7.52,241,4.24,7.6,3.1,959.2
2026-02-03T06:00,2026-02-04T05:00,23,6.49,246,4.13,7.3,4.0,959.7
2026-02-03T06:00,2026-02-04T06:00,24,5.59,238,3.97,7.2,4.7,959.9
2026-02-03T06:00,2026-02-04T07:00,25,5.23,243,3.99,7.8,6.2,959.6
2026-02-03T06:00,2026-02-04T08:00,26,5.19,251,4.0,8.0,7.6,958.9
2026-02-03T06:00,2026-02-04T09:00,27,4.99,254,3.81,7.9,8.0,958.7
2026-02-03T06:00,2026-02-04T10:00,28,4.57,250,3.44,7.3,7.4,958.8
2026-02-03T06:00,2026-02-04T11:00,29,3.85,244,1.79,6.1,5.9,958.7
2026-02-03T06:00,2026-02-04T12:00,30,3.19,229,1.28,3.0,2.3,957.9
2026-02-03T06:00,2026-02-04T13:00,31,1.57,243,0.6,1.7,1.3,957.8
2026-02-03T06:00,2026-02-04T14:00,32,3.04,45,1.55,1.6,0.7,957.9
2026-02-03T06:00,2026-02-04T15:00,33,6.13,66,2.84,4.8,0.8,958.4
2026-02-03T06:00,2026-02-04T16:00,34,6.6,64,3.24,5.5,-0.2,958.4
2026-02-03T06:00,2026-02-04T17:00,35,7.4,63,3.72,6.3,-0.9,958.1
2026-02-03T06:00,2026-02-04T18:00,36,7.68,61,3.98,6.7,-1.1,957.8
2026-02-03T06:00,2026-02-04T19:00,37,7.82,60,4.27,7.2,-1.1,957.7
2026-02-03T06:00,2026-02-04T20:00,38,8.21,61,4.71,7.8,-0.9,957.1
2026-02-03T06:00,2026-02-04T21:00,39,8.9,63,5.27,8.7,-0.7,956.4
2026-02-03T06:00,2026-02-04T22:00,40,9.57,68,5.69,9.5,-0.6,955.6
2026-02-03T06:00,2026-02-04T23:00,41,10.12,71,6.18,10.3,-0.1,954.9
2026-02-03T06:00,2026-02-05T00:00,42,10.71,74,6.7,11.2,0.4,954.5
2026-02-03T06:00,2026-02-05T01:00,43,10.81,76,7.02,12.0,1.0,954.5
2026-02-03T06:00,2026-02-05T02:00,44,11.12,79,7.14,12.2,1.3,954.4
2026-02-03T06:00,2026-02-05T03:00,45,10.93,81,7.13,12.2,1.6,954.3
2026-02-03T06:00,2026-02-05T04:00,46,10.81,80,7.45,13.0,2.7,953.8
2026-02-03T06:00,2026-02-05T05:00,47,11.2,78,7.87,13.9,4.5,953.1
2026-02-03T06:00,2026-02-05T06:00,48,12.16,76,8.66,15.4,5.9,952.2
2026-02-03T06:00,2026-02-05T07:00,49,12.64,75,9.06,16.2,7.4,951.1
2026-02-03T06:00,2026-02-05T08:00,50,11.75,72,8.43,16.2,7.7,950.1
2026-02-03T06:00,2026-02-05T09:00,51,10.6,69,7.56,15.0,7.9,949.7
2026-02-03T06:00,2026-02-05T10:00,52,8.65,64,5.98,13.5,7.3,949.4
2026-02-03T06:00,2026-02-05T11:00,53,8.32,65,4.94,10.6,5.9,949.3
2026-02-03T06:00,2026-02-05T12:00,54,6.99,69,3.28,8.4,2.9,948.9
2026-02-03T06:00,2026-02-05T13:00,55,7.0,76,3.6,5.7,1.6,948.5
2026-02-03T06:00,2026-02-05T14:00,56,7.44,81,3.96,6.4,1.5,948.0
2026-02-03T06:00,2026-02-05T15:00,57,7.86,77,4.15,6.6,0.9,947.5
2026-02-03T06:00,2026-02-05T16:00,58,8.07,74,4.1,6.7,0.1,946.9
2026-02-03T06:00,2026-02-05T17:00,59,8.28,74,4.26,6.9,-0.6,946.4
2026-02-03T06:00,2026-02-05T18:00,60,8.4,73,4.37,7.0,-0.7,946.1
2026-02-03T06:00,2026-02-05T19:00,61,8.39,74,4.22,7.0,-0.7,945.7
2026-02-03T06:00,2026-02-05T20:00,62,7.94,71,3.76,6.8,-0.7,945.6
2026-02-03T06:00,2026-02-05T21:00,63,6.84,64,2.81,6.0,-0.9,945.9
2026-02-03T06:00,2026-02-05T22:00,64,5.58,60,2.14,4.7,-0.3,946.6
2026-02-03T06:00,2026-02-05T23:00,65,0.74,118,0.9,3.6,0.1,948.5
2026-02-03T06:00,2026-02-06T00:00,66,5.19,231,2.73,4.6,0.5,949.8
2026-02-03T06:00,2026-02-06T01:00,67,7.69,264,3.82,6.8,0.4,951.7
2026-02-03T06:00,2026-02-06T02:00,68,4.95,262,1.83,6.5,0.4,952.4
2026-02-03T06:00,2026-02-06T03:00,69,4.98,257,1.98,3.4,2.0,953.3
2026-02-03T06:00,2026-02-06T04:00,70,8.23,265,3.62,5.6,3.7,954.0
2026-02-03T06:00,2026-02-06T05:00,71,12.1,265,6.28,10.1,5.3,954.4
2026-02-03T12:00,2026-02-03T12:00,0,3.9,239,1.84,,2.2,953.0
2026-02-03T12:00,2026-02-03T13:00,1,4.93,250,2.19,3.3,1.1,953.7
2026-02-03T12:00,2026-02-03T14:00,2,4.62,231,2.07,3.7,2.8,954.2
2026-02-03T12:00,2026-02-03T15:00,3,5.28,257,2.26,3.5,1.8,954.6
2026-02-03T12:00,2026-02-03T16:00,4,7.1,238,3.85,6.2,2.1,955.3
2026-02-03T12:00,2026-02-03T17:00,5,7.73,240,4.08,7.1,2.8,955.7
2026-02-03T12:00,2026-02-03T18:00,6,6.58,241,3.51,6.9,3.4,956.2
2026-02-03T12:00,2026-02-03T19:00,7,5.51,256,2.58,5.6,2.4,956.1
2026-02-03T12:00,2026-02-03T20:00,8,5.57,254,2.63,4.4,2.0,956.4
2026-02-03T12:00,2026-02-03T21:00,9,5.42,235,2.63,4.7,2.0,956.6
2026-02-03T12:00,2026-02-03T22:00,10,4.38,235,1.99,4.4,2.2,956.7
2026-02-03T12:00,2026-02-03T23:00,11,5.21,242,2.59,4.2,2.3,957.0
2026-02-03T12:00,2026-02-04T00:00,12,6.76,242,3.51,5.7,2.3,957.3
2026-02-03T12:00,2026-02-04T01:00,13,7.47,248,3.97,6.7,2.3,957.8
2026-02-03T12:00,2026-02-04T02:00,14,7.97,237,4.58,7.6,2.4,958.1
2026-02-03T12:00,2026-02-04T03:00,15,7.45,234,4.12,7.6,2.8,958.6
2026-02-03T12:00,2026-02-04T04:00,16,6.77,237,4.03,6.8,3.7,959.0
2026-02-03T12:00,2026-02-04T05:00,17,6.06,245,3.48,6.4,4.0,959.4
2026-02-03T12:00,2026-02-04T06:00,18,5.4,241,3.43,5.8,5.2,959.7
2026-02-03T12:00,2026-02-04T07:00,19,5.12,243,3.88,7.7,7.0,959.3
2026-02-03T12:00,2026-02-04T08:00,20,5.0,247,3.87,7.8,7.9,958.6
2026-02-03T12:00,2026-02-04T09:00,21,4.51,251,3.5,7.6,8.0,958.6
2026-02-03T12:00,2026-02-04T10:00,22,4.03,245,3.09,6.8,7.7,958.6
2026-02-03T12:00,2026-02-04T11:00,23,3.1,232,1.49,5.6,6.0,958.2
2026-02-03T12:00,2026-02-04T12:00,24,2.76,238,1.03,2.2,2.9,957.4
2026-02-03T12:00,2026-02-04T13:00,25,1.72,253,0.66,1.5,1.9,957.4
2026-02-03T12:00,2026-02-04T14:00,26,3.24,56,1.75,1.9,0.6,957.6
2026-02-03T12:00,2026-02-04T15:00,27,6.02,66,2.75,4.7,1.0,958.2
2026-02-03T12:00,2026-02-04T16:00,28,6.49,66,3.0,5.2,0.2,958.4
2026-02-03T12:00,2026-02-04T17:00,29,6.93,64,3.31,5.6,-0.7,958.0
2026-02-03T12:00,2026-02-04T18:00,30,7.51,62,3.81,6.4,-1.1,957.6
2026-02-03T12:00,2026-02-04T19:00,31,8.19,59,4.46,7.2,-1.2,957.2
2026-02-03T12:00,2026-02-04T20:00,32,8.66,62,4.86,8.0,-1.2,956.6
2026-02-03T12:00,2026-02-04T21:00,33,8.92,64,5.11,8.4,-0.9,955.8
2026-02-03T12:00,2026-02-04T22:00,34,9.27,70,5.32,8.8,-0.9,955.0
2026-02-03T12:00,2026-02-04T23:00,35,9.74,73,5.68,9.5,-0.5,954.6
2026-02-03T12:00,2026-02-05T00:00,36,10.39,76,6.22,10.4,0.1,954.2
2026-02-03T12:00,2026-02-05T01:00,37,11.12,79,6.82,11.6,0.8,953.7
2026-02-03T12:00,2026-02-05T02:00,38,11.16,79,7.0,12.0,1.1,953.3
2026-02-03T12:00,2026-02-05T03:00,39,11.23,75,7.12,12.2,1.5,953.7
2026-02-03T12:00,2026-02-05T04:00,40,10.91,79,7.32,13.1,2.9,953.6
2026-02-03T12:00,2026-02-05T05:00,41,10.64,81,7.55,13.5,4.7,952.9
2026-02-03T12:00,2026-02-05T06:00,42,11.17,74,8.03,14.4,6.4,952.2
2026-02-03T12:00,2026-02-05T07:00,43,12.16,73,8.77,15.7,7.5,951.0
2026-02-03T12:00,2026-02-05T08:00,44,11.99,71,8.58,15.8,8.3,949.7
2026-02-03T12:00,2026-02-05T09:00,45,11.49,69,8.26,15.4,8.2,949.1
2026-02-03T12:00,2026-02-05T10:00,46,10.07,68,6.73,14.6,7.8,948.9
2026-02-03T12:00,2026-02-05T11:00,47,9.64,72,5.77,11.7,6.4,948.5
2026-02-03T12:00,2026-02-05T12:00,48,8.46,73,4.38,9.7,3.4,948.0
2026-02-03T12:00,2026-02-05T13:00,49,7.17,80,3.4,7.1,1.1,947.7
2026-02-03T12:00,2026-02-05T14:00,50,6.6,83,3.23,5.5,-0.3,947.3
2026-02-03T12:00,2026-02-05T15:00,51,6.74,81,3.37,5.6,-0.6,947.0
2026-02-03T12:00,2026-02-05T16:00,52,6.72,77,3.3,5.6,-0.6,946.7
2026-02-03T12:00,2026-02-05T17:00,53,6.99,72,3.43,5.5,-1.0,946.4
2026-02-03T12:00,2026-02-05T18:00,54,6.82,68,3.07,5.6,-1.0,946.3
2026-02-03T12:00,2026-02-05T19:00,55,6.4,65,2.67,5.0,-0.9,946.2
2026-02-03T12:00,2026-02-05T20:00,56,5.9,59,2.17,4.4,-0.7,946.5
2026-02-03T12:00,2026-02-05T21:00,57,4.61,63,1.7,3.6,-0.4,946.9
2026-02-03T12:00,2026-02-05T22:00,58,2.66,78,1.1,3.2,0.0,947.5
2026-02-03T12:00,2026-02-05T23:00,59,1.72,154,1.58,2.9,0.9,948.3
2026-02-03T12:00,2026-02-06T00:00,60,5.65,248,2.69,4.0,1.6,949.6
2026-02-03T12:00,2026-02-06T01:00,61,7.03,259,3.38,6.2,0.8,951.7
2026-02-03T12:00,2026-02-06T02:00,62,6.07,259,2.48,5.8,1.0,952.7
2026-02-03T12:00,2026-02-06T03:00,63,6.64,253,3.04,4.8,2.1,953.5
2026-02-03T12:00,2026-02-06T04:00,64,9.37,259,5.49,9.2,4.2,954.0
2026-02-03T12:00,2026-02-06T05:00,65,12.36,264,7.46,12.8,5.0,954.9
2026-02-03T12:00,2026-02-06T06:00,66,12.76,265,6.75,13.6,4.7,955.6
2026-02-03T12:00,2026-02-06T07:00,67,12.54,257,8.11,14.4,4.8,955.9
2026-02-03T12:00,2026-02-06T08:00,68,14.06,253,9.3,15.7,4.8,955.8
2026-02-03T12:00,2026-02-06T09:00,69,14.19,250,9.38,16.3,4.4,956.4
2026-02-03T12:00,2026-02-06T10:00,70,13.91,247,9.17,16.0,4.2,957.2
2026-02-03T12:00,2026-02-06T11:00,71,13.73,245,8.84,15.9,3.5,958.0
2026-02-03T18:00,2026-02-03T18:00,0,4.59,241,2.09,,2.7,956.2
2026-02-03T18:00,2026-02-03T19:00,1,3.89,233,2.15,3.3,2.7,956.2
2026-02-03T18:00,2026-02-03T20:00,2,6.2,246,3.08,4.9,3.0,956.4
2026-02-03T18:00,2026-02-03T21:00,3,5.63,240,2.55,5.5,2.7,956.9
2026-02-03T18:00,2026-02-03T22:00,4,4.15,257,1.59,4.2,2.1,956.8
2026-02-03T18:00,2026-02-03T23:00,5,4.61,255,2.07,3.3,2.0,957.2
2026-02-03T18:00,2026-02-04T00:00,6,5.74,229,3.15,5.1,2.2,957.3
2026-02-03T18:00,2026-02-04T01:00,7,6.77,240,3.42,7.3,2.7,957.4
2026-02-03T18:00,2026-02-04T02:00,8,6.29,260,3.05,7.3,2.4,958.1
2026-02-03T18:00,2026-02-04T03:00,9,6.49,240,3.69,6.0,2.1,958.6
2026-02-03T18:00,2026-02-04T04:00,10,7.29,227,4.21,6.9,2.8,958.9
2026-02-03T18:00,2026-02-04T05:00,11,7.67,237,4.75,7.9,3.5,959.4
2026-02-03T18:00,2026-02-04T06:00,12,6.59,234,4.23,7.8,4.2,959.4
2026-02-03T18:00,2026-02-04T07:00,13,5.4,231,3.79,7.4,6.0,959.3
2026-02-03T18:00,2026-02-04T08:00,14,4.39,233,3.36,7.3,7.5,958.8
2026-02-03T18:00,2026-02-04T09:00,15,4.09,243,3.18,6.8,8.4,958.7
2026-02-03T18:00,2026-02-04T10:00,16,3.59,249,2.71,6.4,8.2,958.6
2026-02-03T18:00,2026-02-04T11:00,17,2.33,235,1.08,4.9,6.2,958.2
2026-02-03T18:00,2026-02-04T12:00,18,2.14,249,0.6,1.4,3.3,957.6
2026-02-03T18:00,2026-02-04T13:00,19,0.86,306,0.11,1.0,1.7,957.6
2026-02-03T18:00,2026-02-04T14:00,20,4.14,63,1.9,2.5,1.3,957.8
2026-02-03T18:00,2026-02-04T15:00,21,5.93,65,2.86,4.8,0.9,958.3
2026-02-03T18:00,2026-02-04T16:00,22,6.82,65,3.24,5.5,-0.1,958.3
2026-02-03T18:00,2026-02-04T17:00,23,6.96,65,3.37,5.6,-1.0,957.9
2026-02-03T18:00,2026-02-04T18:00,24,7.63,61,3.92,6.4,-1.3,957.4
2026-02-03T18:00,2026-02-04T19:00,25,8.52,60,4.62,7.6,-1.3,957.0
2026-02-03T18:00,2026-02-04T20:00,26,9.11,61,5.22,8.5,-0.9,956.4
2026-02-03T18:00,2026-02-04T21:00,27,9.71,66,5.64,9.3,-0.4,955.9
2026-02-03T18:00,2026-02-04T22:00,28,10.07,71,5.98,9.9,-0.1,955.2
2026-02-03T18:00,2026-02-04T23:00,29,10.41,74,6.2,10.4,0.2,955.0
2026-02-03T18:00,2026-02-05T00:00,30,10.33,77,6.25,10.6,0.6,954.5
2026-02-03T18:00,2026-02-05T01:00,31,10.93,78,6.77,11.5,1.0,953.8
2026-02-03T18:00,2026-02-05T02:00,32,11.46,79,7.17,12.2,1.1,953.3
2026-02-03T18:00,2026-02-05T03:00,33,10.9,79,6.98,12.2,1.6,953.5
2026-02-03T18:00,2026-02-05T04:00,34,10.09,76,6.73,11.9,2.7,953.7
2026-02-03T18:00,2026-02-05T05:00,35,10.37,76,7.5,13.0,4.6,953.0
2026-02-03T18:00,2026-02-05T06:00,36,11.74,76,8.47,15.1,6.5,952.0
2026-02-03T18:00,2026-02-05T07:00,37,12.23,75,8.78,15.8,7.7,950.8
2026-02-03T18:00,2026-02-05T08:00,38,11.42,73,8.23,15.8,8.4,950.0
2026-02-03T18:00,2026-02-05T09:00,39,10.48,71,7.49,14.8,8.2,949.5
2026-02-03T18:00,2026-02-05T10:00,40,8.93,68,6.31,13.3,7.9,949.1
2026-02-03T18:00,2026-02-05T11:00,41,8.89,71,5.34,11.0,6.3,948.6
2026-02-03T18:00,2026-02-05T12:00,42,7.61,74,3.7,9.0,3.1,948.2
2026-02-03T18:00,2026-02-05T13:00,43,6.82,82,3.27,6.0,0.7,947.8
2026-02-03T18:00,2026-02-05T14:00,44,6.89,84,3.55,5.9,0.5,947.5
2026-02-03T18:00,2026-02-05T15:00,45,6.99,78,3.47,5.8,-0.2,947.0
2026-02-03T18:00,2026-02-05T16:00,46,6.55,71,2.98,5.6,-1.3,946.6
2026-02-03T18:00,2026-02-05T17:00,47,6.22,69,2.78,4.9,-1.4,946.7
2026-02-03T18:00,2026-02-05T18:00,48,6.34,70,2.85,4.8,-1.6,946.2
2026-02-03T18:00,2026-02-05T19:00,49,6.06,65,2.52,4.8,-0.9,946.4
2026-02-03T18:00,2026-02-05T20:00,50,5.68,65,2.34,4.3,-0.8,946.5
2026-02-03T18:00,2026-02-05T21:00,51,5.39,71,2.4,4.5,-1.1,946.2
2026-02-03T18:00,2026-02-05T22:00,52,5.03,63,1.84,4.3,-0.3,946.5
2026-02-03T18:00,2026-02-05T23:00,53,3.06,85,1.26,3.1,0.5,948.0
2026-02-03T18:00,2026-02-06T00:00,54,3.97,216,2.89,4.8,1.2,949.0
2026-02-03T18:00,2026-02-06T01:00,55,7.21,263,3.22,5.6,1.3,950.8
2026-02-03T18:00,2026-02-06T02:00,56,4.76,266,1.81,5.5,0.6,952.4
2026-02-03T18:00,2026-02-06T03:00,57,4.43,243,2.38,4.1,2.1,953.7
2026-02-03T18:00,2026-02-06T04:00,58,5.9,253,2.98,5.1,3.3,953.9
2026-02-03T18:00,2026-02-06T05:00,59,8.35,264,4.81,8.4,5.4,954.5
2026-02-03T18:00,2026-02-06T06:00,60,13.35,263,7.88,13.9,6.4,954.9
2026-02-03T18:00,2026-02-06T07:00,61,12.48,258,8.39,15.0,6.7,955.2
2026-02-03T18:00,2026-02-06T08:00,62,12.73,259,8.65,14.9,6.8,955.3
2026-02-03T18:00,2026-02-06T09:00,63,13.27,260,9.33,16.2,6.6,956.0
2026-02-03T18:00,2026-02-06T10:00,64,12.88,254,8.71,16.1,5.7,956.8
2026-02-03T18:00,2026-02-06T11:00,65,14.11,253,9.22,15.5,4.4,958.0
2026-02-03T18:00,2026-02-06T12:00,66,13.63,249,8.81,15.7,2.8,958.8
2026-02-03T18:00,2026-02-06T13:00,67,13.11,245,8.22,14.9,2.1,959.6
2026-02-03T18:00,2026-02-06T14:00,68,13.7,246,8.46,14.4,1.7,960.4
2026-02-03T18:00,2026-02-06T15:00,69,12.81,252,7.94,14.5,1.4,961.0
2026-02-03T18:00,2026-02-06T16:00,70,11.02,260,6.78,13.5,1.0,961.8
2026-02-03T18:00,2026-02-06T17:00,71,10.17,261,6.16,11.6,0.8,962.4
2026-02-04T00:00,2026-02-04T00:00,0,5.21,236,2.84,,2.5,957.4
2026-02-04T00:00,2026-02-04T01:00,1,5.29,231,2.77,4.7,2.4,957.7
2026-02-04T00:00,2026-02-04T02:00,2,5.57,230,2.91,4.8,2.5,958.3
2026-02-04T00:00,2026-02-04T03:00,3,5.48,236,2.93,4.9,2.8,958.9
2026-02-04T00:00,2026-02-04T04:00,4,5.02,227,3.02,4.9,2.9,959.4
2026-02-04T00:00,2026-02-04T05:00,5,6.05,216,3.76,6.2,3.7,959.5
2026-02-04T00:00,2026-02-04T06:00,6,5.41,225,3.31,6.9,5.1,959.7
2026-02-04T00:00,2026-02-04T07:00,7,4.23,247,3.15,6.2,6.9,959.6
2026-02-04T00:00,2026-02-04T08:00,8,4.51,257,3.46,7.0,7.9,959.1
2026-02-04T00:00,2026-02-04T09:00,9,3.65,253,2.83,6.9,8.5,958.8
2026-02-04T00:00,2026-02-04T10:00,10,2.95,246,2.24,5.8,8.3,958.7
2026-02-04T00:00,2026-02-04T11:00,11,2.28,232,0.83,4.3,6.3,958.4
2026-02-04T00:00,2026-02-04T12:00,12,0.81,248,0.21,1.2,3.7,957.7
2026-02-04T00:00,2026-02-04T13:00,13,2.13,39,0.92,1.1,1.7,957.8
2026-02-04T00:00,2026-02-04T14:00,14,6.02,69,2.55,4.2,1.7,958.4
2026-02-04T00:00,2026-02-04T15:00,15,6.04,66,2.7,4.5,0.7,958.3
2026-02-04T00:00,2026-02-04T16:00,16,7.14,62,3.42,5.8,0.1,958.3
2026-02-04T00:00,2026-02-04T17:00,17,7.27,62,3.57,6.0,-0.6,958.2
2026-02-04T00:00,2026-02-04T18:00,18,7.5,61,3.87,6.4,-0.9,957.7
2026-02-04T00:00,2026-02-04T19:00,19,7.95,61,4.33,7.1,-1.1,957.2
2026-02-04T00:00,2026-02-04T20:00,20,8.41,63,4.73,7.7,-0.9,956.6
2026-02-04T00:00,2026-02-04T21:00,21,8.77,68,5.12,8.5,-0.5,956.1
2026-02-04T00:00,2026-02-04T22:00,22,9.58,73,5.65,9.4,0.0,955.3
2026-02-04T00:00,2026-02-04T23:00,23,10.33,75,6.3,10.5,0.6,954.7
2026-02-04T00:00,2026-02-05T00:00,24,10.98,77,6.8,11.5,1.1,954.2
2026-02-04T00:00,2026-02-05T01:00,25,11.71,79,7.47,12.7,1.6,953.7
2026-02-04T00:00,2026-02-05T02:00,26,11.89,80,7.57,13.0,1.5,953.2
2026-02-04T00:00,2026-02-05T03:00,27,11.98,83,7.77,13.1,2.0,953.3
2026-02-04T00:00,2026-02-05T04:00,28,11.6,78,7.05,13.4,3.2,953.2
2026-02-04T00:00,2026-02-05T05:00,29,11.45,77,8.03,14.1,4.8,952.6
2026-02-04T00:00,2026-02-05T06:00,30,11.79,77,8.48,15.1,6.8,951.8
2026-02-04T00:00,2026-02-05T07:00,31,12.09,76,8.64,15.7,8.0,950.8
2026-02-04T00:00,2026-02-05T08:00,32,11.37,74,8.17,15.6,8.6,949.8
2026-02-04T00:00,2026-02-05T09:00,33,10.43,69,7.5,14.8,8.6,949.3
2026-02-04T00:00,2026-02-05T10:00,34,8.3,62,5.81,13.4,8.1,949.3
2026-02-04T00:00,2026-02-05T11:00,35,7.68,67,4.53,10.5,6.4,949.1
2026-02-04T00:00,2026-02-05T12:00,36,7.09,74,3.46,7.5,3.5,948.5
2026-02-04T00:00,2026-02-05T13:00,37,6.92,82,3.51,5.8,1.9,948.2
2026-02-04T00:00,2026-02-05T14:00,38,6.58,81,3.12,5.7,0.8,947.5
2026-02-04T00:00,2026-02-05T15:00,39,6.63,75,3.19,5.2,-0.6,947.4
2026-02-04T00:00,2026-02-05T16:00,40,6.2,76,3.01,5.8,0.3,947.4
2026-02-04T00:00,2026-02-05T17:00,41,6.5,73,3.4,5.4,0.4,947.4
2026-02-04T00:00,2026-02-05T18:00,42,7.43,70,4.0,6.2,1.5,947.1
2026-02-04T00:00,2026-02-05T19:00,43,7.13,70,3.35,6.4,1.0,946.5
2026-02-04T00:00,2026-02-05T20:00,44,7.1,66,3.26,5.3,0.3,946.2
2026-02-04T00:00,2026-02-05T21:00,45,6.65,69,2.89,5.3,-0.5,946.0
2026-02-04T00:00,2026-02-05T22:00,46,5.46,62,2.04,4.8,-0.7,946.4
2026-02-04T00:00,2026-02-05T23:00,47,3.34,77,1.2,3.7,-0.4,947.7
2026-02-04T00:00,2026-02-06T00:00,48,3.06,214,2.43,3.8,0.6,949.7
2026-02-04T00:00,2026-02-06T01:00,49,7.97,260,3.58,5.9,1.2,951.2
2026-02-04T00:00,2026-02-06T02:00,50,5.78,264,2.13,6.2,0.3,952.6
2026-02-04T00:00,2026-02-06T03:00,51,5.28,260,2.09,3.7,1.9,953.7
2026-02-04T00:00,2026-02-06T04:00,52,8.5,259,4.87,7.5,4.3,954.1
2026-02-04T00:00,2026-02-06T05:00,53,13.45,269,7.74,13.6,6.7,954.4
2026-02-04T00:00,2026-02-06T06:00,54,14.05,270,6.74,14.8,6.0,955.2
2026-02-04T00:00,2026-02-06T07:00,55,13.43,264,7.06,11.3,6.0,955.4
2026-02-04T00:00,2026-02-06T08:00,56,11.41,258,7.64,12.9,6.8,955.6
2026-02-04T00:00,2026-02-06T09:00,57,12.79,258,8.79,15.2,6.6,956.2
2026-02-04T00:00,2026-02-06T10:00,58,11.75,257,7.87,15.0,6.0,957.0
2026-02-04T00:00,2026-02-06T11:00,59,10.94,258,7.01,13.3,4.8,957.6
2026-02-04T00:00,2026-02-06T12:00,60,11.12,259,6.89,12.0,3.2,958.6
2026-02-04T00:00,2026-02-06T13:00,61,12.2,256,7.34,12.3,3.0,959.3
2026-02-04T00:00,2026-02-06T14:00,62,13.25,258,8.34,14.2,2.3,960.1
2026-02-04T00:00,2026-02-06T15:00,63,12.47,259,7.71,14.2,1.5,960.9
2026-02-04T00:00,2026-02-06T16:00,64,11.68,263,7.18,13.2,1.2,961.6
2026-02-04T00:00,2026-02-06T17:00,65,9.5,271,5.7,12.3,0.9,962.2
2026-02-04T00:00,2026-02-06T18:00,66,7.16,273,4.1,9.7,0.5,962.6
2026-02-04T00:00,2026-02-06T19:00,67,6.45,268,3.76,6.9,0.2,962.8
2026-02-04T00:00,2026-02-06T20:00,68,6.93,265,4.04,6.8,0.1,962.8
2026-02-04T00:00,2026-02-06T21:00,69,6.96,258,4.15,7.1,0.0,963.0
2026-02-04T00:00,2026-02-06T22:00,70,7.04,252,4.41,7.4,-0.1,962.8
2026-02-04T00:00,2026-02-06T23:00,71,7.27,252,4.56,7.7,-0.3,963.1
2026-02-04T06:00,2026-02-04T06:00,0,6.18,240,4.0,,5.6,959.9
2026-02-04T06:00,2026-02-04T07:00,1,4.61,233,3.4,7.2,7.0,959.6
2026-02-04T06:00,2026-02-04T08:00,2,4.14,243,3.14,6.7,8.1,959.2
2026-02-04T06:00,2026-02-04T09:00,3,3.91,257,2.98,6.5,9.0,958.9
2026-02-04T06:00,2026-02-04T10:00,4,3.23,257,2.46,6.2,8.8,959.0
2026-02-04T06:00,2026-02-04T11:00,5,2.39,233,0.9,4.8,6.7,958.6
2026-02-04T06:00,2026-02-04T12:00,6,0.98,195,0.07,1.2,4.0,957.9
2026-02-04T06:00,2026-02-04T13:00,7,2.8,55,1.5,1.7,1.7,957.7
2026-02-04T06:00,2026-02-04T14:00,8,6.17,68,2.82,4.7,1.6,958.3
2026-02-04T06:00,2026-02-04T15:00,9,6.6,64,3.13,5.2,0.2,958.0
2026-02-04T06:00,2026-02-04T16:00,10,7.42,63,3.71,6.2,-0.6,957.9
2026-02-04T06:00,2026-02-04T17:00,11,7.22,63,3.68,6.3,-1.1,957.9
2026-02-04T06:00,2026-02-04T18:00,12,7.34,62,3.8,6.3,-1.2,957.5
2026-02-04T06:00,2026-02-04T19:00,13,7.49,63,4.12,6.8,-0.9,957.2
2026-02-04T06:00,2026-02-04T20:00,14,7.91,67,4.54,7.5,-0.7,956.7
2026-02-04T06:00,2026-02-04T21:00,15,8.63,71,5.17,8.7,-0.2,956.2
2026-02-04T06:00,2026-02-04T22:00,16,9.55,73,5.67,9.6,0.2,955.4
2026-02-04T06:00,2026-02-04T23:00,17,10.26,77,6.13,10.4,0.5,954.8
2026-02-04T06:00,2026-02-05T00:00,18,11.03,77,6.77,11.5,1.1,954.3
2026-02-04T06:00,2026-02-05T01:00,19,11.57,79,7.28,12.5,1.4,953.5
2026-02-04T06:00,2026-02-05T02:00,20,11.76,79,7.46,12.7,1.3,953.3
2026-02-04T06:00,2026-02-05T03:00,21,11.67,82,7.39,12.7,1.6,953.3
2026-02-04T06:00,2026-02-05T04:00,22,10.87,80,7.4,13.2,3.1,953.0
2026-02-04T06:00,2026-02-05T05:00,23,11.38,77,7.98,13.9,5.0,952.5
2026-02-04T06:00,2026-02-05T06:00,24,11.75,75,8.48,15.2,6.7,951.8
2026-02-04T06:00,2026-02-05T07:00,25,12.09,74,8.65,15.7,7.9,950.9
2026-02-04T06:00,2026-02-05T08:00,26,11.22,73,7.99,15.6,8.3,949.7
2026-02-04T06:00,2026-02-05T09:00,27,10.16,69,7.25,14.3,8.5,949.1
2026-02-04T06:00,2026-02-05T10:00,28,8.5,63,5.94,13.0,8.0,949.1
2026-02-04T06:00,2026-02-05T11:00,29,7.94,68,4.68,10.6,6.4,949.1
2026-02-04T06:00,2026-02-05T12:00,30,6.8,76,3.19,7.8,3.2,948.4
2026-02-04T06:00,2026-02-05T13:00,31,6.39,78,3.06,5.2,1.2,948.1
2026-02-04T06:00,2026-02-05T14:00,32,6.54,78,3.18,5.2,0.2,947.8
2026-02-04T06:00,2026-02-05T15:00,33,6.2,74,2.89,5.1,-0.4,947.7
2026-02-04T06:00,2026-02-05T16:00,34,6.75,73,3.26,5.4,-0.7,947.4
2026-02-04T06:00,2026-02-05T17:00,35,6.39,71,3.03,5.4,-0.8,947.1
2026-02-04T06:00,2026-02-05T18:00,36,7.07,70,3.44,5.5,-0.3,946.9
2026-02-04T06:00,2026-02-05T19:00,37,7.32,68,3.32,5.6,-0.3,946.5
2026-02-04T06:00,2026-02-05T20:00,38,6.24,66,2.43,5.3,-0.5,946.7
2026-02-04T06:00,2026-02-05T21:00,39,5.32,64,2.04,4.0,-1.0,946.8
2026-02-04T06:00,2026-02-05T22:00,40,5.03,65,1.92,3.7,-0.7,946.9
2026-02-04T06:00,2026-02-05T23:00,41,4.48,66,1.5,3.6,-0.3,947.8
2026-02-04T06:00,2026-02-06T00:00,42,1.27,135,1.0,2.8,0.5,949.6
2026-02-04T06:00,2026-02-06T01:00,43,6.31,255,3.02,4.7,1.8,951.3
2026-02-04T06:00,2026-02-06T02:00,44,7.16,266,3.18,5.7,1.1,952.7
2026-02-04T06:00,2026-02-06T03:00,45,5.54,257,2.63,5.4,1.6,953.7
2026-02-04T06:00,2026-02-06T04:00,46,7.11,256,4.25,6.4,3.9,954.0
2026-02-04T06:00,2026-02-06T05:00,47,8.58,258,5.03,8.8,6.2,954.2
2026-02-04T06:00,2026-02-06T06:00,48,11.42,258,7.85,13.1,7.3,954.6
2026-02-04T06:00,2026-02-06T07:00,49,12.61,257,8.83,15.7,6.8,954.7
2026-02-04T06:00,2026-02-06T08:00,50,12.6,255,8.71,15.4,6.7,955.0
2026-02-04T06:00,2026-02-06T09:00,51,13.06,255,9.12,15.8,6.6,955.6
2026-02-04T06:00,2026-02-06T10:00,52,13.08,254,8.48,15.9,4.8,956.4
2026-02-04T06:00,2026-02-06T11:00,53,12.45,255,7.87,14.3,4.5,956.9
2026-02-04T06:00,2026-02-06T12:00,54,12.61,254,7.81,13.4,3.8,957.6
2026-02-04T06:00,2026-02-06T13:00,55,13.79,253,8.54,14.3,3.2,958.4
2026-02-04T06:00,2026-02-06T14:00,56,14.75,254,9.47,16.1,2.4,959.4
2026-02-04T06:00,2026-02-06T15:00,57,13.98,253,8.86,16.1,1.3,960.2
2026-02-04T06:00,2026-02-06T16:00,58,13.24,254,8.37,15.2,1.2,961.1
2026-02-04T06:00,2026-02-06T17:00,59,10.9,259,6.79,14.3,0.9,962.0
2026-02-04T06:00,2026-02-06T18:00,60,10.38,255,6.42,11.6,1.0,962.3
2026-02-04T06:00,2026-02-06T19:00,61,9.5,258,5.87,10.9,0.9,962.7
2026-02-04T06:00,2026-02-06T20:00,62,8.17,258,4.98,9.9,0.4,962.8
2026-02-04T06:00,2026-02-06T21:00,63,7.3,257,4.44,8.4,0.1,962.7
2026-02-04T06:00,2026-02-06T22:00,64,6.88,251,4.14,7.5,0.0,962.6
2026-02-04T06:00,2026-02-06T23:00,65,6.47,249,3.87,7.0,-0.2,962.8
2026-02-04T06:00,2026-02-07T00:00,66,5.84,249,3.6,6.6,-0.4,963.1
2026-02-04T06:00,2026-02-07T01:00,67,5.59,246,3.33,6.1,-0.7,963.2
2026-02-04T06:00,2026-02-07T02:00,68,4.43,238,2.52,5.6,-0.7,963.1
2026-02-04T06:00,2026-02-07T03:00,69,2.09,213,1.51,4.1,-0.5,962.7
2026-02-04T06:00,2026-02-07T04:00,70,0.32,18,0.36,2.9,0.7,962.3
2026-02-04T06:00,2026-02-07T05:00,71,2.01,346,1.13,3.6,1.4,961.6
2026-02-04T12:00,2026-02-04T12:00,0,1.04,107,0.3,,3.6,958.1
2026-02-04T12:00,2026-02-04T13:00,1,5.4,61,2.2,3.0,1.4,958.0
2026-02-04T12:00,2026-02-04T14:00,2,6.31,66,2.98,5.0,1.6,958.8
2026-02-04T12:00,2026-02-04T15:00,3,7.38,63,3.61,6.1,0.9,958.9
2026-02-04T12:00,2026-02-04T16:00,4,7.57,61,3.85,6.5,0.1,958.8
2026-02-04T12:00,2026-02-04T17:00,5,7.69,59,3.93,6.7,-0.4,958.4
2026-02-04T12:00,2026-02-04T18:00,6,7.93,61,4.31,7.0,-0.7,957.6
2026-02-04T12:00,2026-02-04T19:00,7,8.19,62,4.61,7.6,-0.5,957.1
2026-02-04T12:00,2026-02-04T20:00,8,8.15,67,4.87,8.2,-0.1,956.7
2026-02-04T12:00,2026-02-04T21:00,9,8.68,70,5.31,8.8,0.3,956.3
2026-02-04T12:00,2026-02-04T22:00,10,9.72,71,5.91,9.9,0.5,955.7
2026-02-04T12:00,2026-02-04T23:00,11,10.1,76,6.11,10.4,0.7,955.1
2026-02-04T12:00,2026-02-05T00:00,12,10.97,78,6.71,11.4,1.0,954.4
2026-02-04T12:00,2026-02-05T01:00,13,11.99,80,7.57,12.8,1.4,953.5
2026-02-04T12:00,2026-02-05T02:00,14,12.32,79,7.77,13.3,1.3,953.2
2026-02-04T12:00,2026-02-05T03:00,15,11.94,83,7.54,13.3,1.8,953.3
2026-02-04T12:00,2026-02-05T04:00,16,10.81,80,7.45,13.1,2.9,953.1
2026-02-04T12:00,2026-02-05T05:00,17,11.32,80,8.05,14.1,4.8,952.4
2026-02-04T12:00,2026-02-05T06:00,18,11.55,77,8.26,14.9,6.6,951.7
2026-02-04T12:00,2026-02-05T07:00,19,11.48,73,8.19,15.2,7.7,950.8
2026-02-04T12:00,2026-02-05T08:00,20,10.26,72,7.47,14.9,8.4,950.1
2026-02-04T12:00,2026-02-05T09:00,21,9.11,70,6.63,13.6,8.6,949.8
2026-02-04T12:00,2026-02-05T10:00,22,7.85,66,5.64,12.0,8.2,949.5
2026-02-04T12:00,2026-02-05T11:00,23,7.8,71,4.7,9.9,6.6,949.0
2026-02-04T12:00,2026-02-05T12:00,24,7.03,74,3.36,7.8,2.9,948.2
2026-02-04T12:00,2026-02-05T13:00,25,6.5,78,2.94,5.5,-0.1,947.8
2026-02-04T12:00,2026-02-05T14:00,26,6.59,78,3.18,5.2,-1.1,947.7
2026-02-04T12:00,2026-02-05T15:00,27,6.86,78,3.44,5.7,-1.1,947.3
2026-02-04T12:00,2026-02-05T16:00,28,6.88,72,3.34,5.6,-1.1,947.3
2026-02-04T12:00,2026-02-05T17:00,29,6.36,72,2.85,5.4,-1.5,947.1
2026-02-04T12:00,2026-02-05T18:00,30,5.91,66,2.45,4.7,-1.7,947.1
2026-02-04T12:00,2026-02-05T19:00,31,5.96,66,2.47,4.3,-1.7,947.0
2026-02-04T12:00,2026-02-05T20:00,32,5.72,64,2.26,4.3,-1.7,946.9
2026-02-04T12:00,2026-02-05T21:00,33,5.16,58,1.84,3.9,-1.8,946.9
2026-02-04T12:00,2026-02-05T22:00,34,4.16,64,1.5,3.4,-1.7,947.4
2026-02-04T12:00,2026-02-05T23:00,35,1.98,111,1.25,3.0,-1.1,948.8
2026-02-04T12:00,2026-02-06T00:00,36,3.3,219,1.92,3.6,-0.1,949.8
2026-02-04T12:00,2026-02-06T01:00,37,5.4,257,2.48,4.1,0.4,951.2
2026-02-04T12:00,2026-02-06T02:00,38,7.21,258,3.63,6.2,0.3,952.6
2026-02-04T12:00,2026-02-06T03:00,39,5.2,252,2.73,6.1,1.9,953.6
2026-02-04T12:00,2026-02-06T04:00,40,3.95,252,2.26,4.5,3.7,954.5
2026-02-04T12:00,2026-02-06T05:00,41,2.98,245,1.99,4.7,4.5,954.9
2026-02-04T12:00,2026-02-06T06:00,42,7.18,257,4.95,8.3,7.2,955.1
2026-02-04T12:00,2026-02-06T07:00,43,12.53,264,8.92,15.9,8.3,954.9
2026-02-04T12:00,2026-02-06T08:00,44,11.54,263,8.23,15.7,8.2,955.2
2026-02-04T12:00,2026-02-06T09:00,45,12.67,259,9.01,15.8,7.5,955.7
2026-02-04T12:00,2026-02-06T10:00,46,12.7,253,8.79,15.9,6.5,956.2
2026-02-04T12:00,2026-02-06T11:00,47,14.71,256,9.66,16.4,5.3,957.4
2026-02-04T12:00,2026-02-06T12:00,48,14.21,251,9.16,16.6,3.6,958.5
2026-02-04T12:00,2026-02-06T13:00,49,13.65,251,8.71,15.7,2.9,959.3
2026-02-04T12:00,2026-02-06T14:00,50,13.85,249,8.82,14.9,2.6,960.0
2026-02-04T12:00,2026-02-06T15:00,51,13.95,250,9.0,15.6,2.1,960.8
2026-02-04T12:00,2026-02-06T16:00,52,12.98,252,8.12,15.4,1.4,961.6
2026-02-04T12:00,2026-02-06T17:00,53,11.87,254,7.34,13.9,1.3,962.3
2026-02-04T12:00,2026-02-06T18:00,54,11.84,254,7.35,12.5,1.2,963.0
2026-02-04T12:00,2026-02-06T19:00,55,10.68,258,6.65,12.5,0.9,963.2
2026-02-04T12:00,2026-02-06T20:00,56,8.61,261,5.24,11.1,0.5,963.2
2026-02-04T12:00,2026-02-06T21:00,57,6.54,256,3.85,8.7,-0.1,963.2
2026-02-04T12:00,2026-02-06T22:00,58,6.22,244,3.76,6.6,-0.4,963.1
2026-02-04T12:00,2026-02-06T23:00,59,5.75,245,3.34,6.4,-0.5,963.2
2026-02-04T12:00,2026-02-07T00:00,60,4.66,247,2.27,5.5,-0.8,963.4
2026-02-04T12:00,2026-02-07T01:00,61,3.36,242,1.23,3.7,-1.3,963.3
2026-02-04T12:00,2026-02-07T02:00,62,2.06,229,0.75,1.9,-2.0,963.0
2026-02-04T12:00,2026-02-07T03:00,63,0.97,249,0.57,1.1,-0.8,963.1
2026-02-04T12:00,2026-02-07T04:00,64,1.05,335,0.93,2.9,0.3,962.7
2026-02-04T12:00,2026-02-07T05:00,65,2.11,7,1.86,5.0,1.3,962.0
2026-02-04T12:00,2026-02-07T06:00,66,2.88,34,2.42,5.9,2.1,961.2
2026-02-04T12:00,2026-02-07T07:00,67,4.5,53,3.65,7.6,2.9,960.3
2026-02-04T12:00,2026-02-07T08:00,68,4.95,57,3.96,8.1,3.6,959.1
2026-02-04T12:00,2026-02-07T09:00,69,5.32,53,4.18,8.2,3.5,958.5
2026-02-04T12:00,2026-02-07T10:00,70,5.07,49,3.93,8.2,3.0,958.0
2026-02-04T12:00,2026-02-07T11:00,71,5.49,33,3.87,7.6,1.9,957.9
2026-02-04T18:00,2026-02-04T18:00,0,8.39,63,4.85,,-0.4,957.7
2026-02-04T18:00,2026-02-04T19:00,1,8.51,66,5.02,8.6,0.2,957.7
2026-02-04T18:00,2026-02-04T20:00,2,8.17,68,5.0,8.5,0.3,957.1
2026-02-04T18:00,2026-02-04T21:00,3,8.67,72,5.29,8.9,0.5,956.9
2026-02-04T18:00,2026-02-04T22:00,4,9.46,73,5.89,10.0,0.7,956.5
2026-02-04T18:00,2026-02-04T23:00,5,10.31,75,6.47,11.0,0.8,955.8
2026-02-04T18:00,2026-02-05T00:00,6,11.42,79,7.21,12.2,1.3,954.9
2026-02-04T18:00,2026-02-05T01:00,7,12.01,79,7.72,13.1,1.3,954.1
2026-02-04T18:00,2026-02-05T02:00,8,12.34,80,7.83,13.3,1.3,953.8
2026-02-04T18:00,2026-02-05T03:00,9,11.91,82,7.53,13.2,1.8,953.8
2026-02-04T18:00,2026-02-05T04:00,10,11.24,81,7.66,13.3,3.1,953.4
2026-02-04T18:00,2026-02-05T05:00,11,11.15,80,7.89,14.1,4.6,952.7
2026-02-04T18:00,2026-02-05T06:00,12,11.23,77,8.04,14.5,6.3,952.2
2026-02-04T18:00,2026-02-05T07:00,13,11.17,75,8.05,14.8,7.5,951.2
2026-02-04T18:00,2026-02-05T08:00,14,10.17,73,7.45,14.6,8.3,950.3
2026-02-04T18:00,2026-02-05T09:00,15,9.19,71,6.69,13.6,8.5,950.0
2026-02-04T18:00,2026-02-05T10:00,16,7.79,66,5.57,12.1,8.1,949.6
2026-02-04T18:00,2026-02-05T11:00,17,7.82,69,4.74,9.9,6.6,949.3
2026-02-04T18:00,2026-02-05T12:00,18,6.96,74,3.43,8.0,3.4,948.7
2026-02-04T18:00,2026-02-05T13:00,19,6.61,80,3.18,5.6,0.6,948.0
2026-02-04T18:00,2026-02-05T14:00,20,7.07,76,3.44,5.5,-0.4,947.8
2026-02-04T18:00,2026-02-05T15:00,21,6.93,79,3.44,5.7,-0.9,947.5
2026-02-04T18:00,2026-02-05T16:00,22,6.76,74,3.29,5.6,-1.5,947.2
2026-02-04T18:00,2026-02-05T17:00,23,6.83,72,3.31,5.6,-1.1,947.1
2026-02-04T18:00,2026-02-05T18:00,24,6.57,69,2.97,5.4,-1.4,946.9
2026-02-04T18:00,2026-02-05T19:00,25,6.18,67,2.6,4.9,-1.6,946.9
2026-02-04T18:00,2026-02-05T20:00,26,5.49,67,2.22,4.4,-1.9,946.6
2026-02-04T18:00,2026-02-05T21:00,27,5.12,63,1.92,3.9,-2.0,946.7
2026-02-04T18:00,2026-02-05T22:00,28,4.73,59,1.61,3.6,-1.8,947.3
2026-02-04T18:00,2026-02-05T23:00,29,3.01,75,1.03,3.1,-1.4,948.3
2026-02-04T18:00,2026-02-06T00:00,30,2.66,185,2.11,3.6,-0.3,949.7
2026-02-04T18:00,2026-02-06T01:00,31,5.38,252,2.38,4.0,0.4,950.7
2026-02-04T18:00,2026-02-06T02:00,32,6.55,250,3.41,5.7,0.1,952.2
2026-02-04T18:00,2026-02-06T03:00,33,5.61,256,2.87,5.8,1.8,953.5
2026-02-04T18:00,2026-02-06T04:00,34,3.74,254,2.69,4.8,3.3,954.6
2026-02-04T18:00,2026-02-06T05:00,35,3.54,254,1.97,5.6,3.8,954.7
2026-02-04T18:00,2026-02-06T06:00,36,5.32,258,3.39,6.2,5.9,954.6
2026-02-04T18:00,2026-02-06T07:00,37,11.02,266,7.82,13.5,8.0,954.7
2026-02-04T18:00,2026-02-06T08:00,38,11.5,265,8.19,15.3,7.5,954.9
2026-02-04T18:00,2026-02-06T09:00,39,10.38,259,7.36,14.5,6.9,955.1
2026-02-04T18:00,2026-02-06T10:00,40,10.67,254,7.26,13.0,6.7,955.7
2026-02-04T18:00,2026-02-06T11:00,41,12.16,253,7.85,13.3,5.9,956.3
2026-02-04T18:00,2026-02-06T12:00,42,13.54,251,8.51,14.4,5.0,957.1
2026-02-04T18:00,2026-02-06T13:00,43,14.71,253,9.34,15.8,4.1,958.3
2026-02-04T18:00,2026-02-06T14:00,44,14.85,249,9.62,16.7,2.9,959.5
2026-02-04T18:00,2026-02-06T15:00,45,14.96,248,9.59,16.4,2.3,959.9
2026-02-04T18:00,2026-02-06T16:00,46,15.63,250,10.16,17.2,2.2,960.8
2026-02-04T18:00,2026-02-06T17:00,47,13.21,250,8.59,17.3,1.5,962.0
2026-02-04T18:00,2026-02-06T18:00,48,11.95,245,7.7,14.7,1.4,962.8
2026-02-04T18:00,2026-02-06T19:00,49,10.69,243,6.7,13.0,1.4,962.9
2026-02-04T18:00,2026-02-06T20:00,50,10.34,245,6.43,11.4,1.3,962.8
2026-02-04T18:00,2026-02-06T21:00,51,9.46,248,5.77,10.8,1.2,962.7
2026-02-04T18:00,2026-02-06T22:00,52,8.13,256,4.86,9.6,0.7,962.6
2026-02-04T18:00,2026-02-06T23:00,53,7.49,255,4.44,8.2,-0.1,962.8
2026-02-04T18:00,2026-02-07T00:00,54,7.08,247,4.02,7.5,-0.7,963.3
2026-02-04T18:00,2026-02-07T01:00,55,5.69,247,2.86,6.6,-1.0,963.3
2026-02-04T18:00,2026-02-07T02:00,56,3.16,239,1.16,4.7,-1.3,963.1
2026-02-04T18:00,2026-02-07T03:00,57,1.1,265,0.28,1.7,-0.5,963.1
2026-02-04T18:00,2026-02-07T04:00,58,1.52,316,1.14,3.3,0.7,962.9
2026-02-04T18:00,2026-02-07T05:00,59,2.13,330,1.79,5.0,1.9,962.3
2026-02-04T18:00,2026-02-07T06:00,60,2.3,24,2.0,5.3,2.9,961.5
2026-02-04T18:00,2026-02-07T07:00,61,3.72,49,3.08,6.9,3.4,960.5
2026-02-04T18:00,2026-02-07T08:00,62,4.34,55,3.48,7.4,4.0,959.4
2026-02-04T18:00,2026-02-07T09:00,63,4.23,51,3.36,7.5,4.0,958.8
2026-02-04T18:00,2026-02-07T10:00,64,4.38,46,3.44,7.2,3.5,958.3
2026-02-04T18:00,2026-02-07T11:00,65,4.81,43,3.49,7.0,2.1,958.0
2026-02-04T18:00,2026-02-07T12:00,66,3.11,45,1.12,6.5,0.6,958.1
2026-02-04T18:00,2026-02-07T13:00,67,5.1,262,3.04,4.4,0.5,959.0
2026-02-04T18:00,2026-02-07T14:00,68,7.76,257,4.87,8.1,0.2,959.5
2026-02-04T18:00,2026-02-07T15:00,69,9.51,253,6.09,10.2,0.0,959.7
2026-02-04T18:00,2026-02-07T16:00,70,9.4,257,6.0,10.5,-0.4,959.9
2026-02-04T18:00,2026-02-07T17:00,71,9.73,256,6.17,10.6,-0.8,960.2
2026-02-05T00:00,2026-02-05T00:00,0,11.12,79,7.04,,0.8,954.6
2026-02-05T00:00,2026-02-05T01:00,1,12.09,77,7.77,13.2,1.3,953.9
2026-02-05T00:00,2026-02-05T02:00,2,12.42,80,7.91,13.6,1.2,953.7
2026-02-05T00:00,2026-02-05T03:00,3,11.95,83,7.57,13.4,1.8,953.9
2026-02-05T00:00,2026-02-05T04:00,4,11.34,81,7.61,13.7,2.9,953.5
2026-02-05T00:00,2026-02-05T05:00,5,11.35,78,7.97,14.1,4.4,952.7
2026-02-05T00:00,2026-02-05T06:00,6,11.8,77,8.44,15.2,6.4,952.1
2026-02-05T00:00,2026-02-05T07:00,7,11.29,75,8.11,15.5,7.6,951.4
2026-02-05T00:00,2026-02-05T08:00,8,9.56,69,6.98,14.7,8.3,950.7
2026-02-05T00:00,2026-02-05T09:00,9,8.8,66,6.46,12.9,8.4,950.2
2026-02-05T00:00,2026-02-05T10:00,10,7.6,63,5.48,11.7,7.9,949.9
2026-02-05T00:00,2026-02-05T11:00,11,7.35,68,4.43,9.6,6.6,949.5
2026-02-05T00:00,2026-02-05T12:00,12,6.83,72,3.36,7.4,3.2,948.8
2026-02-05T00:00,2026-02-05T13:00,13,6.89,75,3.25,5.5,0.5,947.9
2026-02-05T00:00,2026-02-05T14:00,14,7.23,74,3.43,5.6,-0.8,947.6
2026-02-05T00:00,2026-02-05T15:00,15,7.01,70,3.27,5.6,-1.1,947.5
2026-02-05T00:00,2026-02-05T16:00,16,6.85,70,3.14,5.3,-1.3,947.4
2026-02-05T00:00,2026-02-05T17:00,17,6.44,74,3.04,5.2,-1.4,947.1
2026-02-05T00:00,2026-02-05T18:00,18,6.33,70,2.9,5.1,-1.7,947.0
2026-02-05T00:00,2026-02-05T19:00,19,6.39,67,2.83,4.8,-1.6,946.9
2026-02-05T00:00,2026-02-05T20:00,20,5.96,67,2.5,4.7,-1.6,946.6
2026-02-05T00:00,2026-02-05T21:00,21,5.22,61,1.96,4.2,-1.8,946.7
2026-02-05T00:00,2026-02-05T22:00,22,5.14,59,1.84,3.5,-1.7,947.0
2026-02-05T00:00,2026-02-05T23:00,23,4.48,68,1.64,3.4,-1.5,947.4
2026-02-05T00:00,2026-02-06T00:00,24,2.92,84,1.2,3.2,-0.8,948.5
2026-02-05T00:00,2026-02-06T01:00,25,2.02,171,1.48,2.7,0.2,949.6
2026-02-05T00:00,2026-02-06T02:00,26,6.09,258,2.65,4.1,1.3,951.4
2026-02-05T00:00,2026-02-06T03:00,27,7.29,259,3.94,6.6,1.6,953.2
2026-02-05T00:00,2026-02-06T04:00,28,5.48,260,3.4,6.7,3.0,954.0
2026-02-05T00:00,2026-02-06T05:00,29,2.77,242,2.1,6.0,4.5,954.5
2026-02-05T00:00,2026-02-06T06:00,30,4.95,262,3.56,6.5,6.1,954.8
2026-02-05T00:00,2026-02-06T07:00,31,11.18,266,7.89,13.5,6.9,954.8
2026-02-05T00:00,2026-02-06T08:00,32,11.07,257,7.67,14.1,6.3,955.0
2026-02-05T00:00,2026-02-06T09:00,33,12.1,260,8.37,14.4,6.5,955.4
2026-02-05T00:00,2026-02-06T10:00,34,13.67,260,9.61,16.7,5.9,956.4
2026-02-05T00:00,2026-02-06T11:00,35,13.79,252,9.02,16.6,4.9,957.2
2026-02-05T00:00,2026-02-06T12:00,36,14.85,252,9.54,16.3,4.1,958.1
2026-02-05T00:00,2026-02-06T13:00,37,14.93,250,9.74,16.6,3.3,959.4
2026-02-05T00:00,2026-02-06T14:00,38,15.09,253,9.97,17.1,2.1,960.7
2026-02-05T00:00,2026-02-06T15:00,39,15.13,249,9.89,17.1,1.3,961.6
2026-02-05T00:00,2026-02-06T16:00,40,14.42,246,9.37,16.8,1.2,962.7
2026-02-05T00:00,2026-02-06T17:00,41,12.65,246,8.21,15.9,0.9,963.7
2026-02-05T00:00,2026-02-06T18:00,42,11.36,248,7.4,14.0,0.8,964.2
2026-02-05T00:00,2026-02-06T19:00,43,8.86,245,5.69,12.5,0.6,963.9
2026-02-05T00:00,2026-02-06T20:00,44,7.79,246,4.78,9.5,0.5,963.7
2026-02-05T00:00,2026-02-06T21:00,45,7.05,252,4.02,8.0,-0.2,963.4
2026-02-05T00:00,2026-02-06T22:00,46,6.33,253,3.6,6.7,-0.6,963.0
2026-02-05T00:00,2026-02-06T23:00,47,5.94,247,3.22,6.1,-0.9,963.2
2026-02-05T00:00,2026-02-07T00:00,48,5.41,249,2.75,5.4,-1.1,963.5
2026-02-05T00:00,2026-02-07T01:00,49,4.48,239,2.07,4.5,-0.9,963.4
2026-02-05T00:00,2026-02-07T02:00,50,2.44,239,0.66,3.3,-1.5,963.1
2026-02-05T00:00,2026-02-07T03:00,51,0.86,324,0.36,0.8,-0.4,963.3
2026-02-05T00:00,2026-02-07T04:00,52,1.97,336,1.61,4.0,0.6,963.0
2026-02-05T00:00,2026-02-07T05:00,53,1.95,347,1.69,4.9,2.0,962.4
2026-02-05T00:00,2026-02-07T06:00,54,2.57,37,2.26,5.6,3.2,961.7
2026-02-05T00:00,2026-02-07T07:00,55,4.12,50,3.36,7.4,3.3,960.6
2026-02-05T00:00,2026-02-07T08:00,56,4.72,56,3.74,7.8,4.1,959.5
2026-02-05T00:00,2026-02-07T09:00,57,5.04,58,3.97,8.0,3.8,958.8
2026-02-05T00:00,2026-02-07T10:00,58,4.73,51,3.68,8.0,3.1,958.2
2026-02-05T00:00,2026-02-07T11:00,59,4.65,40,3.31,7.3,1.9,958.0
2026-02-05T00:00,2026-02-07T12:00,60,3.61,59,1.38,6.0,0.0,957.8
2026-02-05T00:00,2026-02-07T13:00,61,3.5,260,2.02,2.7,-0.4,958.5
2026-02-05T00:00,2026-02-07T14:00,62,7.56,251,4.63,7.6,-0.3,959.1
2026-02-05T00:00,2026-02-07T15:00,63,8.43,250,5.3,8.9,-0.3,959.3
2026-02-05T00:00,2026-02-07T16:00,64,8.74,247,5.59,9.5,-0.5,959.4
2026-02-05T00:00,2026-02-07T17:00,65,9.01,255,5.76,9.6,-0.7,959.6
2026-02-05T00:00,2026-02-07T18:00,66,10.0,250,6.27,10.7,-1.2,960.0
2026-02-05T00:00,2026-02-07T19:00,67,9.53,254,5.92,10.7,-1.3,960.2
2026-02-05T00:00,2026-02-07T20:00,68,9.98,256,6.25,10.6,-2.4,960.5
2026-02-05T00:00,2026-02-07T21:00,69,9.83,246,6.12,10.8,-2.4,960.9
2026-02-05T00:00,2026-02-07T22:00,70,9.06,238,5.37,10.4,-2.3,960.8
2026-02-05T00:00,2026-02-07T23:00,71,8.97,236,5.27,9.3,-1.8,960.8
2026-02-05T06:00,2026-02-05T06:00,0,11.77,79,8.48,,6.3,952.3
2026-02-05T06:00,2026-02-05T07:00,1,11.38,74,8.19,15.2,7.2,951.6
2026-02-05T06:00,2026-02-05T08:00,2,9.5,70,6.9,14.8,7.9,951.0
2026-02-05T06:00,2026-02-05T09:00,3,8.71,66,6.31,12.5,8.0,950.3
2026-02-05T06:00,2026-02-05T10:00,4,7.75,61,5.48,11.5,7.6,950.0
2026-02-05T06:00,2026-02-05T11:00,5,7.78,68,4.59,9.6,6.2,949.5
2026-02-05T06:00,2026-02-05T12:00,6,7.29,71,3.47,7.7,2.9,949.0
2026-02-05T06:00,2026-02-05T13:00,7,6.67,75,3.01,5.7,-0.1,948.3
2026-02-05T06:00,2026-02-05T14:00,8,6.77,72,3.15,5.1,-1.2,947.9
2026-02-05T06:00,2026-02-05T15:00,9,6.88,71,3.18,5.3,-1.3,947.6
2026-02-05T06:00,2026-02-05T16:00,10,6.78,72,3.18,5.4,-1.4,947.3
2026-02-05T06:00,2026-02-05T17:00,11,6.61,70,3.02,5.2,-1.7,947.2
2026-02-05T06:00,2026-02-05T18:00,12,6.51,68,2.87,5.0,-1.6,947.3
2026-02-05T06:00,2026-02-05T19:00,13,5.85,67,2.4,4.8,-1.7,947.1
2026-02-05T06:00,2026-02-05T20:00,14,5.28,64,2.09,4.2,-1.8,946.9
2026-02-05T06:00,2026-02-05T21:00,15,5.06,60,1.9,3.7,-1.8,947.1
2026-02-05T06:00,2026-02-05T22:00,16,4.65,65,1.75,3.5,-1.5,947.6
2026-02-05T06:00,2026-02-05T23:00,17,3.64,77,1.42,3.4,-1.3,948.0
2026-02-05T06:00,2026-02-06T00:00,18,2.6,106,1.4,2.9,-0.6,949.0
2026-02-05T06:00,2026-02-06T01:00,19,2.1,218,1.19,2.8,-0.1,950.0
2026-02-05T06:00,2026-02-06T02:00,20,6.47,253,3.08,5.0,0.2,951.7
2026-02-05T06:00,2026-02-06T03:00,21,7.24,252,3.87,6.5,1.9,953.3
2026-02-05T06:00,2026-02-06T04:00,22,5.49,253,3.46,6.6,3.1,954.2
2026-02-05T06:00,2026-02-06T05:00,23,3.43,233,2.33,6.0,3.7,954.6
2026-02-05T06:00,2026-02-06T06:00,24,5.33,260,3.75,6.7,5.4,954.8
2026-02-05T06:00,2026-02-06T07:00,25,8.8,261,6.22,10.5,6.4,954.7
2026-02-05T06:00,2026-02-06T08:00,26,9.74,257,6.66,11.9,5.7,954.7
2026-02-05T06:00,2026-02-06T09:00,27,11.73,261,8.23,13.9,5.7,955.3
2026-02-05T06:00,2026-02-06T10:00,28,12.85,259,8.92,15.7,5.4,956.5
2026-02-05T06:00,2026-02-06T11:00,29,13.73,257,9.0,15.5,4.5,957.5
2026-02-05T06:00,2026-02-06T12:00,30,14.79,254,9.51,16.3,3.6,958.5
2026-02-05T06:00,2026-02-06T13:00,31,15.16,252,9.87,17.0,2.4,960.1
2026-02-05T06:00,2026-02-06T14:00,32,13.97,253,8.94,17.0,1.5,961.2
2026-02-05T06:00,2026-02-06T15:00,33,13.32,255,8.61,15.4,1.2,962.3
2026-02-05T06:00,2026-02-06T16:00,34,12.67,253,8.15,14.7,1.0,963.3
2026-02-05T06:00,2026-02-06T17:00,35,11.78,255,7.56,14.0,0.6,963.9
2026-02-05T06:00,2026-02-06T18:00,36,10.63,252,6.84,12.9,0.3,964.2
2026-02-05T06:00,2026-02-06T19:00,37,8.84,253,5.52,11.6,0.0,964.2
2026-02-05T06:00,2026-02-06T20:00,38,7.26,251,4.43,9.3,-0.5,964.1
2026-02-05T06:00,2026-02-06T21:00,39,5.97,243,3.54,7.5,-1.2,963.9
2026-02-05T06:00,2026-02-06T22:00,40,4.79,245,2.84,6.0,-1.4,963.7
2026-02-05T06:00,2026-02-06T23:00,41,4.44,247,2.4,4.8,-1.5,963.7
2026-02-05T06:00,2026-02-07T00:00,42,4.59,242,2.48,4.1,-1.5,963.8
2026-02-05T06:00,2026-02-07T01:00,43,3.87,230,2.26,4.3,-1.4,963.7
2026-02-05T06:00,2026-02-07T02:00,44,2.02,222,0.96,3.5,-1.5,963.7
2026-02-05T06:00,2026-02-07T03:00,45,0.64,231,0.61,1.7,-1.0,963.5
2026-02-05T06:00,2026-02-07T04:00,46,1.48,348,1.25,3.3,-0.1,963.1
2026-02-05T06:00,2026-02-07T05:00,47,2.38,15,2.1,5.2,0.9,962.3
2026-02-05T06:00,2026-02-07T06:00,48,3.48,40,2.89,6.6,1.8,961.7
2026-02-05T06:00,2026-02-07T07:00,49,4.51,51,3.68,7.8,2.6,960.7
2026-02-05T06:00,2026-02-07T08:00,50,5.15,54,4.12,8.3,3.0,959.6
2026-02-05T06:00,2026-02-07T09:00,51,5.02,52,3.96,8.3,2.8,959.0
2026-02-05T06:00,2026-02-07T10:00,52,4.28,45,3.34,7.9,2.0,958.7
2026-02-05T06:00,2026-02-07T11:00,53,3.37,58,2.46,6.6,0.9,958.5
2026-02-05T06:00,2026-02-07T12:00,54,0.82,104,0.1,4.4,0.0,958.6
2026-02-05T06:00,2026-02-07T13:00,55,6.15,270,3.36,5.3,-0.2,959.2
2026-02-05T06:00,2026-02-07T14:00,56,7.67,258,4.73,8.0,-0.3,959.7
2026-02-05T06:00,2026-02-07T15:00,57,8.13,246,5.28,9.1,-0.7,959.6
2026-02-05T06:00,2026-02-07T16:00,58,7.67,243,4.91,9.1,-1.1,959.7
2026-02-05T06:00,2026-02-07T17:00,59,7.97,252,5.05,8.4,-1.3,960.1
2026-02-05T06:00,2026-02-07T18:00,60,9.42,252,5.94,10.0,-1.6,960.5
2026-02-05T06:00,2026-02-07T19:00,61,9.84,257,6.42,10.7,-2.1,960.8
2026-02-05T06:00,2026-02-07T20:00,62,9.74,253,6.11,10.9,-2.8,961.0
2026-02-05T06:00,2026-02-07T21:00,63,9.54,247,6.05,10.4,-2.9,961.3
2026-02-05T06:00,2026-02-07T22:00,64,9.86,243,6.0,10.4,-3.1,961.6
2026-02-05T06:00,2026-02-07T23:00,65,9.59,240,6.09,10.4,-2.5,962.1
2026-02-05T06:00,2026-02-08T00:00,66,8.8,234,5.59,10.2,-1.9,962.6
2026-02-05T06:00,2026-02-08T01:00,67,8.27,234,5.16,9.4,-1.6,963.0
2026-02-05T06:00,2026-02-08T02:00,68,7.84,235,4.91,8.7,-1.4,963.3
2026-02-05T06:00,2026-02-08T03:00,69,6.57,233,4.24,8.2,-1.1,963.7
2026-02-05T06:00,2026-02-08T04:00,70,5.41,218,4.12,7.5,-0.4,963.8
2026-02-05T06:00,2026-02-08T05:00,71,4.51,219,3.52,7.6,0.5,963.3
2026-02-05T12:00,2026-02-05T12:00,0,7.47,80,3.62,,2.9,948.9
2026-02-05T12:00,2026-02-05T13:00,1,7.23,76,3.35,6.0,0.6,948.4
2026-02-05T12:00,2026-02-05T14:00,2,7.45,71,3.56,5.8,-0.5,948.1
2026-02-05T12:00,2026-02-05T15:00,3,7.37,72,3.68,5.9,-0.9,947.8
2026-02-05T12:00,2026-02-05T16:00,4,7.14,74,3.52,6.0,-1.2,947.4
2026-02-05T12:00,2026-02-05T17:00,5,7.02,70,3.3,5.7,-1.3,947.3
2026-02-05T12:00,2026-02-05T18:00,6,6.78,68,3.03,5.4,-1.2,947.2
2026-02-05T12:00,2026-02-05T19:00,7,6.13,66,2.51,4.9,-1.4,947.0
2026-02-05T12:00,2026-02-05T20:00,8,5.52,65,2.18,4.2,-1.5,946.8
2026-02-05T12:00,2026-02-05T21:00,9,5.41,62,2.15,3.9,-1.5,947.0
2026-02-05T12:00,2026-02-05T22:00,10,5.05,63,1.86,3.8,-1.3,947.4
2026-02-05T12:00,2026-02-05T23:00,11,4.02,71,1.37,3.4,-1.2,948.2
2026-02-05T12:00,2026-02-06T00:00,12,2.64,105,1.33,2.7,-0.6,949.2
2026-02-05T12:00,2026-02-06T01:00,13,1.52,189,1.05,2.5,0.1,949.8
2026-02-05T12:00,2026-02-06T02:00,14,6.36,252,2.82,4.4,1.1,951.6
2026-02-05T12:00,2026-02-06T03:00,15,7.37,249,3.95,6.6,2.1,953.1
2026-02-05T12:00,2026-02-06T04:00,16,6.22,257,3.67,6.7,3.4,954.0
2026-02-05T12:00,2026-02-06T05:00,17,3.89,252,2.73,6.8,4.4,954.6
2026-02-05T12:00,2026-02-06T06:00,18,3.94,252,2.82,5.6,5.6,954.8
2026-02-05T12:00,2026-02-06T07:00,19,9.21,263,6.51,11.1,7.8,954.5
2026-02-05T12:00,2026-02-06T08:00,20,10.84,263,7.73,13.6,7.6,954.3
2026-02-05T12:00,2026-02-06T09:00,21,11.61,260,8.06,14.0,6.9,954.9
2026-02-05T12:00,2026-02-06T10:00,22,12.86,257,8.83,15.3,5.9,955.8
2026-02-05T12:00,2026-02-06T11:00,23,14.18,257,9.25,16.0,4.6,956.9
2026-02-05T12:00,2026-02-06T12:00,24,14.87,255,9.55,16.3,4.1,957.9
2026-02-05T12:00,2026-02-06T13:00,25,16.0,256,10.48,18.2,2.7,959.9
2026-02-05T12:00,2026-02-06T14:00,26,14.47,257,9.36,18.0,1.3,961.4
2026-02-05T12:00,2026-02-06T15:00,27,14.15,252,9.06,16.2,1.2,962.2
2026-02-05T12:00,2026-02-06T16:00,28,13.49,252,8.67,15.6,1.1,963.1
2026-02-05T12:00,2026-02-06T17:00,29,11.46,254,7.32,14.7,0.8,963.9
2026-02-05T12:00,2026-02-06T18:00,30,9.51,258,5.93,12.4,0.5,964.1
2026-02-05T12:00,2026-02-06T19:00,31,7.23,261,4.33,10.0,-0.1,964.2
2026-02-05T12:00,2026-02-06T20:00,32,5.38,247,3.3,7.3,-0.5,964.2
2026-02-05T12:00,2026-02-06T21:00,33,5.13,237,3.16,5.5,-0.6,963.8
2026-02-05T12:00,2026-02-06T22:00,34,5.49,235,3.22,5.6,-0.8,963.5
2026-02-05T12:00,2026-02-06T23:00,35,5.34,248,2.84,5.4,-1.1,963.4
2026-02-05T12:00,2026-02-07T00:00,36,5.12,238,2.7,4.8,-1.4,963.7
2026-02-05T12:00,2026-02-07T01:00,37,3.78,233,1.57,4.4,-1.8,963.4
2026-02-05T12:00,2026-02-07T02:00,38,1.71,232,0.52,2.5,-2.2,963.0
2026-02-05T12:00,2026-02-07T03:00,39,1.25,275,0.41,0.7,-1.3,963.3
2026-02-05T12:00,2026-02-07T04:00,40,1.52,279,1.1,3.2,-0.1,963.1
2026-02-05T12:00,2026-02-07T05:00,41,1.3,302,1.17,4.3,1.2,962.5
2026-02-05T12:00,2026-02-07T06:00,42,2.08,35,1.87,5.1,2.3,961.7
2026-02-05T12:00,2026-02-07T07:00,43,3.9,49,3.29,7.2,2.5,960.7
2026-02-05T12:00,2026-02-07T08:00,44,4.22,56,3.42,7.4,2.7,959.8
2026-02-05T12:00,2026-02-07T09:00,45,3.67,56,2.98,7.3,2.6,959.2
2026-02-05T12:00,2026-02-07T10:00,46,3.29,44,2.66,6.3,2.2,958.7
2026-02-05T12:00,2026-02-07T11:00,47,2.94,58,2.29,5.7,1.1,958.6
2026-02-05T12:00,2026-02-07T12:00,48,1.52,117,0.46,4.3,-0.3,958.5
2026-02-05T12:00,2026-02-07T13:00,49,4.43,256,2.44,3.3,0.0,958.9
2026-02-05T12:00,2026-02-07T14:00,50,7.1,255,4.31,7.2,-0.2,959.5
2026-02-05T12:00,2026-02-07T15:00,51,7.22,249,4.43,7.7,-0.3,959.5
2026-02-05T12:00,2026-02-07T16:00,52,7.49,245,4.64,7.9,-1.0,959.6
2026-02-05T12:00,2026-02-07T17:00,53,8.92,252,5.56,9.3,-1.2,960.0
2026-02-05T12:00,2026-02-07T18:00,54,10.53,253,6.68,11.2,-1.4,960.5
2026-02-05T12:00,2026-02-07T19:00,55,10.78,258,6.89,12.0,-1.9,960.9
2026-02-05T12:00,2026-02-07T20:00,56,9.89,259,6.19,11.8,-2.4,961.2
2026-02-05T12:00,2026-02-07T21:00,57,9.5,252,5.77,10.6,-2.5,961.5
2026-02-05T12:00,2026-02-07T22:00,58,9.41,248,5.77,10.1,-2.6,961.6
2026-02-05T12:00,2026-02-07T23:00,59,9.06,241,5.42,9.9,-2.5,961.9
2026-02-05T12:00,2026-02-08T00:00,60,8.77,234,5.25,9.4,-2.2,962.3
2026-02-05T12:00,2026-02-08T01:00,61,8.31,230,4.91,8.9,-1.7,962.6
2026-02-05T12:00,2026-02-08T02:00,62,7.76,234,4.39,8.4,-1.4,962.9
2026-02-05T12:00,2026-02-08T03:00,63,6.56,241,3.63,7.4,-0.9,963.3
2026-02-05T12:00,2026-02-08T04:00,64,5.33,234,3.22,6.3,0.0,963.6
2026-02-05T12:00,2026-02-08T05:00,65,4.8,231,3.05,6.2,0.1,963.2
2026-02-05T12:00,2026-02-08T06:00,66,3.49,241,2.04,5.8,1.2,962.8
2026-02-05T12:00,2026-02-08T07:00,67,2.53,243,1.37,4.3,1.9,962.0
2026-02-05T12:00,2026-02-08T08:00,68,1.19,248,0.62,3.1,1.6,960.8
2026-02-05T12:00,2026-02-08T09:00,69,0.72,65,0.25,1.8,2.8,960.3
2026-02-05T12:00,2026-02-08T10:00,70,3.28,69,1.57,3.5,2.6,959.6
2026-02-05T12:00,2026-02-08T11:00,71,6.83,66,3.18,5.6,1.9,959.0
2026-02-05T18:00,2026-02-05T18:00,0,6.58,70,2.83,,-1.1,947.6
2026-02-05T18:00,2026-02-05T19:00,1,6.07,67,2.43,4.8,-1.5,947.5
2026-02-05T18:00,2026-02-05T20:00,2,5.77,64,2.2,4.1,-1.6,947.4
2026-02-05T18:00,2026-02-05T21:00,3,5.3,64,1.95,3.8,-1.6,947.6
2026-02-05T18:00,2026-02-05T22:00,4,5.44,62,2.06,3.6,-1.5,947.8
2026-02-05T18:00,2026-02-05T23:00,5,5.48,63,1.92,3.7,-1.3,948.3
2026-02-05T18:00,2026-02-06T00:00,6,4.77,75,1.68,3.3,-1.1,948.9
2026-02-05T18:00,2026-02-06T01:00,7,2.9,92,1.14,2.9,-0.8,949.8
2026-02-05T18:00,2026-02-06T02:00,8,3.18,213,1.43,1.7,0.2,951.1
2026-02-05T18:00,2026-02-06T03:00,9,6.95,256,3.59,5.8,2.0,953.0
2026-02-05T18:00,2026-02-06T04:00,10,6.32,255,3.98,7.0,3.1,954.0
2026-02-05T18:00,2026-02-06T05:00,11,4.81,249,3.18,7.1,4.3,954.5
2026-02-05T18:00,2026-02-06T06:00,12,3.4,237,2.49,5.8,5.4,954.8
2026-02-05T18:00,2026-02-06T07:00,13,4.36,260,3.09,6.1,6.1,954.6
2026-02-05T18:00,2026-02-06T08:00,14,10.14,265,7.19,12.4,8.1,954.4
2026-02-05T18:00,2026-02-06T09:00,15,12.77,261,8.94,15.5,7.0,955.0
2026-02-05T18:00,2026-02-06T10:00,16,13.08,256,8.78,15.7,5.6,956.0
2026-02-05T18:00,2026-02-06T11:00,17,14.16,255,9.19,15.7,4.1,957.4
2026-02-05T18:00,2026-02-06T12:00,18,15.36,256,9.84,16.7,3.5,958.5
2026-02-05T18:00,2026-02-06T13:00,19,15.31,253,9.98,17.7,2.7,960.3
2026-02-05T18:00,2026-02-06T14:00,20,14.11,254,9.09,17.2,1.7,961.5
2026-02-05T18:00,2026-02-06T15:00,21,12.78,253,7.98,15.5,1.4,962.4
2026-02-05T18:00,2026-02-06T16:00,22,11.75,255,7.34,13.6,1.4,963.0
2026-02-05T18:00,2026-02-06T17:00,23,10.21,262,6.34,12.5,0.9,963.7
2026-02-05T18:00,2026-02-06T18:00,24,7.78,260,4.73,10.7,0.4,964.1
2026-02-05T18:00,2026-02-06T19:00,25,6.3,248,3.79,7.9,0.1,964.1
2026-02-05T18:00,2026-02-06T20:00,26,5.77,243,3.54,6.4,-0.1,963.7
2026-02-05T18:00,2026-02-06T21:00,27,6.22,241,3.72,6.2,-0.1,963.7
2026-02-05T18:00,2026-02-06T22:00,28,6.06,245,3.51,6.3,-0.3,963.5
2026-02-05T18:00,2026-02-06T23:00,29,5.87,247,3.34,5.9,-0.5,963.5
2026-02-05T18:00,2026-02-07T00:00,30,5.48,241,2.94,5.6,-0.8,963.6
2026-02-05T18:00,2026-02-07T01:00,31,3.9,234,1.47,4.8,-1.3,963.2
2026-02-05T18:00,2026-02-07T02:00,32,1.63,243,0.36,2.3,-1.4,963.0
2026-02-05T18:00,2026-02-07T03:00,33,0.79,305,0.1,0.5,-0.8,963.3
2026-02-05T18:00,2026-02-07T04:00,34,1.48,315,1.19,3.4,0.1,963.4
2026-02-05T18:00,2026-02-07T05:00,35,1.06,341,0.98,3.9,1.2,962.6
2026-02-05T18:00,2026-02-07T06:00,36,2.41,42,2.14,5.4,2.9,962.0
2026-02-05T18:00,2026-02-07T07:00,37,4.1,47,3.36,7.3,3.0,960.9
2026-02-05T18:00,2026-02-07T08:00,38,4.44,56,3.56,7.5,3.4,959.7
2026-02-05T18:00,2026-02-07T09:00,39,4.3,51,3.46,7.4,3.3,959.1
2026-02-05T18:00,2026-02-07T10:00,40,4.09,39,3.24,7.1,2.5,958.7
2026-02-05T18:00,2026-02-07T11:00,41,3.61,48,2.58,6.4,1.3,958.6
2026-02-05T18:00,2026-02-07T12:00,42,1.5,120,0.36,4.5,-0.1,958.6
2026-02-05T18:00,2026-02-07T13:00,43,5.14,257,2.75,4.0,0.1,959.0
2026-02-05T18:00,2026-02-07T14:00,44,7.43,253,4.52,7.6,-0.1,959.5
2026-02-05T18:00,2026-02-07T15:00,45,7.95,247,4.91,8.3,-0.3,959.4
2026-02-05T18:00,2026-02-07T16:00,46,8.01,248,5.03,8.4,-0.8,959.6
2026-02-05T18:00,2026-02-07T17:00,47,9.02,254,5.62,9.5,-1.2,960.0
2026-02-05T18:00,2026-02-07T18:00,48,9.49,252,5.99,10.1,-1.4,960.2
2026-02-05T18:00,2026-02-07T19:00,49,10.32,261,6.51,11.2,-1.7,960.8
2026-02-05T18:00,2026-02-07T20:00,50,9.3,258,5.82,11.2,-2.2,960.9
2026-02-05T18:00,2026-02-07T21:00,51,9.67,249,5.87,10.0,-2.7,961.1
2026-02-05T18:00,2026-02-07T22:00,52,9.73,245,5.87,10.0,-2.7,961.3
2026-02-05T18:00,2026-02-07T23:00,53,9.04,239,5.42,10.0,-2.2,961.5
2026-02-05T18:00,2026-02-08T00:00,54,8.39,233,5.01,9.2,-1.8,961.9
2026-02-05T18:00,2026-02-08T01:00,55,7.84,232,4.64,8.5,-1.2,962.3
2026-02-05T18:00,2026-02-08T02:00,56,7.32,235,4.14,8.0,-1.0,962.5
2026-02-05T18:00,2026-02-08T03:00,57,6.26,241,3.38,7.1,-0.5,962.9
2026-02-05T18:00,2026-02-08T04:00,58,4.85,242,2.97,6.0,-0.2,963.1
2026-02-05T18:00,2026-02-08T05:00,59,4.74,237,3.02,5.9,0.3,962.9
2026-02-05T18:00,2026-02-08T06:00,60,4.06,240,2.47,5.9,0.9,962.4
2026-02-05T18:00,2026-02-08T07:00,61,3.08,238,1.71,5.0,2.2,961.8
2026-02-05T18:00,2026-02-08T08:00,62,2.15,242,1.05,3.8,2.6,961.0
2026-02-05T18:00,2026-02-08T09:00,63,0.57,232,0.16,2.6,2.2,960.0
2026-02-05T18:00,2026-02-08T10:00,64,1.7,76,0.76,1.9,1.2,959.2
2026-02-05T18:00,2026-02-08T11:00,65,4.9,72,2.17,3.9,1.6,958.9
2026-02-05T18:00,2026-02-08T12:00,66,8.69,66,4.19,6.7,-0.3,957.9
2026-02-05T18:00,2026-02-08T13:00,67,11.5,73,6.38,10.5,-1.4,957.5
2026-02-05T18:00,2026-02-08T14:00,68,11.8,77,6.74,11.3,-2.1,957.3
2026-02-05T18:00,2026-02-08T15:00,69,11.39,78,6.66,11.3,-2.7,956.8
2026-02-05T18:00,2026-02-08T16:00,70,11.85,78,7.28,12.0,-2.7,956.5
2026-02-05T18:00,2026-02-08T17:00,71,12.28,82,7.74,13.0,-1.7,956.2
2026-02-06T00:00,2026-02-06T00:00,0,4.33,79,1.79,,-1.2,948.3
2026-02-06T00:00,2026-02-06T01:00,1,3.53,74,1.39,3.1,-0.8,949.2
2026-02-06T00:00,2026-02-06T02:00,2,1.1,95,0.16,1.9,0.5,950.9
2026-02-06T00:00,2026-02-06T03:00,3,4.35,247,2.13,3.2,1.4,953.0
2026-02-06T00:00,2026-02-06T04:00,4,5.53,252,3.06,5.4,2.5,954.2
2026-02-06T00:00,2026-02-06T05:00,5,5.14,243,3.06,5.8,3.9,955.2
2026-02-06T00:00,2026-02-06T06:00,6,4.3,239,3.04,6.2,5.4,955.4
2026-02-06T00:00,2026-02-06T07:00,7,5.12,266,3.72,7.1,6.8,955.1
2026-02-06T00:00,2026-02-06T08:00,8,9.85,269,7.0,11.7,7.7,955.2
2026-02-06T00:00,2026-02-06T09:00,9,12.65,261,8.7,15.1,6.1,956.1
2026-02-06T00:00,2026-02-06T10:00,10,13.34,254,8.78,15.3,4.7,957.0
2026-02-06T00:00,2026-02-06T11:00,11,14.97,255,9.77,16.7,3.8,958.2
2026-02-06T00:00,2026-02-06T12:00,12,15.31,255,9.92,17.3,3.1,959.7
2026-02-06T00:00,2026-02-06T13:00,13,13.23,261,8.64,17.1,2.0,961.0
2026-02-06T00:00,2026-02-06T14:00,14,12.2,265,7.73,14.9,0.8,962.3
2026-02-06T00:00,2026-02-06T15:00,15,10.79,259,6.77,13.1,0.5,963.2
2026-02-06T00:00,2026-02-06T16:00,16,10.81,257,6.73,11.5,0.6,963.7
2026-02-06T00:00,2026-02-06T17:00,17,10.29,258,6.45,11.9,0.7,964.2
2026-02-06T00:00,2026-02-06T18:00,18,8.26,256,5.02,10.8,0.0,964.5
2026-02-06T00:00,2026-02-06T19:00,19,6.29,245,3.76,8.4,-0.4,964.5
2026-02-06T00:00,2026-02-06T20:00,20,5.2,240,3.08,6.3,-0.5,964.1
2026-02-06T00:00,2026-02-06T21:00,21,5.23,236,3.04,5.1,-0.5,963.9
2026-02-06T00:00,2026-02-06T22:00,22,5.09,235,2.83,5.0,-0.5,963.6
2026-02-06T00:00,2026-02-06T23:00,23,4.37,240,2.19,4.6,-0.5,963.4
2026-02-06T00:00,2026-02-07T00:00,24,3.93,239,1.64,3.6,-0.8,963.5
2026-02-06T00:00,2026-02-07T01:00,25,2.55,228,0.91,2.5,-1.9,963.0
2026-02-06T00:00,2026-02-07T02:00,26,0.91,276,0.07,1.2,-2.2,962.7
2026-02-06T00:00,2026-02-07T03:00,27,0.59,340,0.3,0.4,-1.1,963.1
2026-02-06T00:00,2026-02-07T04:00,28,1.34,45,1.31,3.4,0.5,962.9
2026-02-06T00:00,2026-02-07T05:00,29,3.24,52,2.73,5.8,1.7,962.4
2026-02-06T00:00,2026-02-07T06:00,30,5.31,52,4.21,8.5,2.2,961.8
2026-02-06T00:00,2026-02-07T07:00,31,5.99,57,4.74,9.3,3.3,960.8
2026-02-06T00:00,2026-02-07T08:00,32,5.88,52,4.63,9.4,3.0,959.6
2026-02-06T00:00,2026-02-07T09:00,33,5.1,49,4.1,9.1,2.8,959.0
2026-02-06T00:00,2026-02-07T10:00,34,4.19,40,3.34,8.1,2.2,958.8
2026-02-06T00:00,2026-02-07T11:00,35,2.94,42,2.25,6.7,1.3,958.8
2026-02-06T00:00,2026-02-07T12:00,36,0.68,144,0.25,4.2,-0.1,958.6
2026-02-06T00:00,2026-02-07T13:00,37,4.07,249,2.17,3.3,0.1,959.0
2026-02-06T00:00,2026-02-07T14:00,38,6.43,255,3.76,6.0,0.0,959.6
2026-02-06T00:00,2026-02-07T15:00,39,7.57,251,4.46,7.6,-0.1,959.8
2026-02-06T00:00,2026-02-07T16:00,40,9.17,255,5.6,9.4,-0.6,960.2
2026-02-06T00:00,2026-02-07T17:00,41,10.0,257,6.19,10.6,-1.0,960.8
2026-02-06T00:00,2026-02-07T18:00,42,9.56,261,5.96,10.6,-1.4,961.4
2026-02-06T00:00,2026-02-07T19:00,43,9.61,260,5.82,10.4,-1.9,961.7
2026-02-06T00:00,2026-02-07T20:00,44,9.25,248,5.62,9.9,-2.2,962.0
2026-02-06T00:00,2026-02-07T21:00,45,8.78,247,5.19,9.6,-2.3,962.1
2026-02-06T00:00,2026-02-07T22:00,46,8.37,241,4.96,8.8,-2.1,962.3
2026-02-06T00:00,2026-02-07T23:00,47,7.96,236,4.62,8.4,-1.6,962.5
2026-02-06T00:00,2026-02-08T00:00,48,7.29,237,4.28,7.9,-1.2,963.1
2026-02-06T00:00,2026-02-08T01:00,49,6.88,236,3.96,7.4,-1.0,963.5
2026-02-06T00:00,2026-02-08T02:00,50,6.31,246,3.48,6.7,-1.0,963.7
2026-02-06T00:00,2026-02-08T03:00,51,5.89,240,3.33,6.0,-0.7,964.3
2026-02-06T00:00,2026-02-08T04:00,52,4.9,219,3.01,5.8,-0.2,964.1
2026-02-06T00:00,2026-02-08T05:00,53,3.5,226,1.91,5.4,1.1,963.5
2026-02-06T00:00,2026-02-08T06:00,54,2.33,245,1.15,3.9,1.9,962.9
2026-02-06T00:00,2026-02-08T07:00,55,1.25,270,0.67,2.8,2.5,962.1
2026-02-06T00:00,2026-02-08T08:00,56,1.21,38,0.69,2.1,2.9,961.1
2026-02-06T00:00,2026-02-08T09:00,57,3.72,59,2.05,4.4,2.7,960.3
2026-02-06T00:00,2026-02-08T10:00,58,6.08,63,3.36,6.5,3.2,959.8
2026-02-06T00:00,2026-02-08T11:00,59,9.02,65,4.92,8.5,2.0,958.9
2026-02-06T00:00,2026-02-08T12:00,60,11.26,70,6.38,10.7,-0.1,958.3
2026-02-06T00:00,2026-02-08T13:00,61,11.5,77,6.63,11.2,-1.8,957.9
2026-02-06T00:00,2026-02-08T14:00,62,11.71,79,6.84,11.2,-2.4,957.6
2026-02-06T00:00,2026-02-08T15:00,63,11.99,80,7.41,12.3,-1.9,957.4
2026-02-06T00:00,2026-02-08T16:00,64,12.4,81,7.96,13.3,-1.5,956.8
2026-02-06T00:00,2026-02-08T17:00,65,12.84,83,8.25,13.7,-1.7,956.0
2026-02-06T00:00,2026-02-08T18:00,66,12.38,86,7.8,13.8,-2.0,954.8
2026-02-06T00:00,2026-02-08T19:00,67,12.16,88,7.4,12.9,-2.0,953.5
2026-02-06T00:00,2026-02-08T20:00,68,12.2,89,7.24,12.5,-2.0,952.1
2026-02-06T00:00,2026-02-08T21:00,69,12.51,88,7.4,12.7,-2.0,950.4
2026-02-06T00:00,2026-02-08T22:00,70,11.99,83,7.0,12.5,-2.2,948.9
2026-02-06T00:00,2026-02-08T23:00,71,11.8,81,6.66,11.9,-2.4,947.5
2026-02-06T06:00,2026-02-06T06:00,0,4.61,249,3.15,,5.5,955.3
2026-02-06T06:00,2026-02-06T07:00,1,4.52,264,3.33,6.5,6.1,955.1
2026-02-06T06:00,2026-02-06T08:00,2,6.07,265,4.28,7.6,6.7,955.1
2026-02-06T06:00,2026-02-06T09:00,3,10.9,260,7.43,12.3,6.9,955.4
2026-02-06T06:00,2026-02-06T10:00,4,12.92,255,8.64,15.0,5.9,956.5
2026-02-06T06:00,2026-02-06T11:00,5,15.15,254,9.84,16.7,4.6,957.4
2026-02-06T06:00,2026-02-06T12:00,6,16.28,255,10.55,18.1,4.1,958.9
2026-02-06T06:00,2026-02-06T13:00,7,14.53,256,9.52,18.2,2.9,960.5
2026-02-06T06:00,2026-02-06T14:00,8,13.04,257,8.32,16.3,1.5,961.8
2026-02-06T06:00,2026-02-06T15:00,9,12.27,262,7.69,14.3,0.9,963.0
2026-02-06T06:00,2026-02-06T16:00,10,10.73,263,6.71,13.2,0.5,963.4
2026-02-06T06:00,2026-02-06T17:00,11,9.08,260,5.47,11.4,0.4,964.0
2026-02-06T06:00,2026-02-06T18:00,12,8.14,262,4.77,9.2,0.1,964.4
2026-02-06T06:00,2026-02-06T19:00,13,7.41,258,4.38,8.0,-0.1,964.6
2026-02-06T06:00,2026-02-06T20:00,14,5.94,247,3.54,7.4,-0.5,964.5
2026-02-06T06:00,2026-02-06T21:00,15,5.22,234,3.2,6.0,-0.5,964.3
2026-02-06T06:00,2026-02-06T22:00,16,4.98,232,2.93,5.4,-0.6,964.0
2026-02-06T06:00,2026-02-06T23:00,17,4.14,242,2.3,4.9,-0.6,964.0
2026-02-06T06:00,2026-02-07T00:00,18,4.07,228,2.13,3.8,-0.8,963.9
2026-02-06T06:00,2026-02-07T01:00,19,3.07,217,1.4,3.4,-1.6,963.1
2026-02-06T06:00,2026-02-07T02:00,20,0.74,250,0.34,2.3,-2.7,962.5
2026-02-06T06:00,2026-02-07T03:00,21,1.51,352,0.65,0.7,-0.8,962.9
2026-02-06T06:00,2026-02-07T04:00,22,1.98,34,1.64,4.0,0.7,962.8
2026-02-06T06:00,2026-02-07T05:00,23,3.58,54,2.95,6.2,1.5,962.4
2026-02-06T06:00,2026-02-07T06:00,24,5.59,56,4.39,8.7,2.4,961.6
2026-02-06T06:00,2026-02-07T07:00,25,6.16,56,4.8,9.5,3.7,960.6
2026-02-06T06:00,2026-02-07T08:00,26,6.09,48,4.81,9.7,3.3,959.5
2026-02-06T06:00,2026-02-07T09:00,27,5.2,47,4.11,9.5,2.7,959.1
2026-02-06T06:00,2026-02-07T10:00,28,3.68,44,2.92,8.1,2.1,959.1
2026-02-06T06:00,2026-02-07T11:00,29,2.33,45,1.81,6.0,1.3,959.1
2026-02-06T06:00,2026-02-07T12:00,30,0.75,184,0.14,3.6,-0.4,958.8
2026-02-06T06:00,2026-02-07T13:00,31,5.59,263,2.91,4.5,-0.1,959.2
2026-02-06T06:00,2026-02-07T14:00,32,6.94,248,4.07,6.8,-0.1,959.5
2026-02-06T06:00,2026-02-07T15:00,33,7.49,248,4.56,7.6,-0.2,959.7
2026-02-06T06:00,2026-02-07T16:00,34,8.79,255,5.57,9.4,-0.7,960.2
2026-02-06T06:00,2026-02-07T17:00,35,9.93,255,6.25,10.5,-1.0,960.7
2026-02-06T06:00,2026-02-07T18:00,36,10.56,259,6.83,11.5,-1.4,961.1
2026-02-06T06:00,2026-02-07T19:00,37,10.9,259,6.75,12.0,-2.0,961.7
2026-02-06T06:00,2026-02-07T20:00,38,10.33,253,6.22,11.6,-2.1,962.2
2026-02-06T06:00,2026-02-07T21:00,39,9.74,248,5.96,10.7,-2.3,962.6
2026-02-06T06:00,2026-02-07T22:00,40,9.11,241,5.4,10.1,-2.3,962.6
2026-02-06T06:00,2026-02-07T23:00,41,8.32,237,4.95,9.2,-1.9,962.8
2026-02-06T06:00,2026-02-08T00:00,42,7.97,228,4.68,8.4,-1.6,963.1
2026-02-06T06:00,2026-02-08T01:00,43,7.49,230,4.26,8.0,-1.1,963.3
2026-02-06T06:00,2026-02-08T02:00,44,6.72,233,3.43,7.2,-1.3,963.3
2026-02-06T06:00,2026-02-08T03:00,45,5.3,236,2.34,5.8,-0.9,963.7
2026-02-06T06:00,2026-02-08T04:00,46,4.24,225,2.02,4.1,0.5,963.7
2026-02-06T06:00,2026-02-08T05:00,47,3.23,231,1.65,4.3,0.8,963.0
2026-02-06T06:00,2026-02-08T06:00,48,1.93,253,0.96,3.6,2.6,962.6
2026-02-06T06:00,2026-02-08T07:00,49,0.97,305,0.53,2.6,3.2,961.9
2026-02-06T06:00,2026-02-08T08:00,50,1.72,36,0.96,2.8,3.7,961.1
2026-02-06T06:00,2026-02-08T09:00,51,4.19,61,2.39,5.1,4.0,960.5
2026-02-06T06:00,2026-02-08T10:00,52,7.07,61,4.12,7.8,3.4,959.8
2026-02-06T06:00,2026-02-08T11:00,53,9.57,65,5.37,9.4,2.1,959.1
2026-02-06T06:00,2026-02-08T12:00,54,10.74,72,6.2,10.5,0.2,958.3
2026-02-06T06:00,2026-02-08T13:00,55,11.08,76,6.51,10.7,-1.6,957.8
2026-02-06T06:00,2026-02-08T14:00,56,12.03,78,7.18,11.8,-2.3,957.6
2026-02-06T06:00,2026-02-08T15:00,57,12.1,78,7.62,12.6,-2.1,957.3
2026-02-06T06:00,2026-02-08T16:00,58,12.28,82,7.85,13.0,-1.8,956.7
2026-02-06T06:00,2026-02-08T17:00,59,12.08,86,7.72,13.1,-1.9,956.0
2026-02-06T06:00,2026-02-08T18:00,60,12.33,86,7.77,12.9,-1.8,955.0
2026-02-06T06:00,2026-02-08T19:00,61,12.18,86,7.58,12.9,-1.8,953.5
2026-02-06T06:00,2026-02-08T20:00,62,12.05,89,7.35,12.6,-1.6,952.1
2026-02-06T06:00,2026-02-08T21:00,63,12.25,90,7.39,12.4,-1.8,950.5
2026-02-06T06:00,2026-02-08T22:00,64,11.84,85,7.11,12.3,-1.8,949.0
2026-02-06T06:00,2026-02-08T23:00,65,11.48,80,6.71,11.9,-2.4,947.7
2026-02-06T06:00,2026-02-09T00:00,66,10.6,74,6.07,11.3,-3.0,947.1
2026-02-06T06:00,2026-02-09T01:00,67,10.07,71,5.83,10.1,-3.4,946.8
2026-02-06T06:00,2026-02-09T02:00,68,10.39,71,5.97,10.0,-3.8,946.2
2026-02-06T06:00,2026-02-09T03:00,69,9.98,71,5.94,10.1,-2.8,945.9
2026-02-06T06:00,2026-02-09T04:00,70,8.69,66,5.87,10.5,0.3,945.8
2026-02-06T06:00,2026-02-09T05:00,71,9.01,63,5.99,10.8,2.8,945.1
2026-02-06T12:00,2026-02-06T12:00,0,13.74,256,8.68,,3.8,958.8
2026-02-06T12:00,2026-02-06T13:00,1,13.09,257,8.4,14.9,2.7,959.9
2026-02-06T12:00,2026-02-06T14:00,2,13.02,261,8.33,14.7,0.8,961.5
2026-02-06T12:00,2026-02-06T15:00,3,12.13,262,7.64,14.3,0.4,962.7
2026-02-06T12:00,2026-02-06T16:00,4,11.96,253,7.7,13.2,0.6,963.4
2026-02-06T12:00,2026-02-06T17:00,5,12.21,255,7.81,13.3,0.8,964.2
2026-02-06T12:00,2026-02-06T18:00,6,9.6,262,5.99,13.2,0.6,964.2
2026-02-06T12:00,2026-02-06T19:00,7,9.16,256,5.53,10.1,0.5,963.8
2026-02-06T12:00,2026-02-06T20:00,8,9.11,254,5.49,9.6,0.5,963.8
2026-02-06T12:00,2026-02-06T21:00,9,7.8,247,4.68,9.1,0.3,963.8
2026-02-06T12:00,2026-02-06T22:00,10,7.01,250,4.16,7.8,0.0,963.8
2026-02-06T12:00,2026-02-06T23:00,11,6.31,253,3.62,6.9,-0.5,964.0
2026-02-06T12:00,2026-02-07T00:00,12,5.25,243,2.72,6.0,-1.1,963.8
2026-02-06T12:00,2026-02-07T01:00,13,4.02,243,1.57,4.4,-2.2,963.3
2026-02-06T12:00,2026-02-07T02:00,14,2.9,255,0.79,2.4,-2.7,963.1
2026-02-06T12:00,2026-02-07T03:00,15,1.17,280,0.14,1.1,-1.2,963.0
2026-02-06T12:00,2026-02-07T04:00,16,1.25,16,1.26,3.3,0.5,962.8
2026-02-06T12:00,2026-02-07T05:00,17,2.51,35,2.15,5.3,1.6,962.2
2026-02-06T12:00,2026-02-07T06:00,18,5.35,48,4.24,8.5,2.3,961.4
2026-02-06T12:00,2026-02-07T07:00,19,6.31,58,4.91,9.7,3.6,960.2
2026-02-06T12:00,2026-02-07T08:00,20,6.34,52,4.92,9.8,3.4,959.2
2026-02-06T12:00,2026-02-07T09:00,21,5.95,49,4.63,9.7,3.1,958.6
2026-02-06T12:00,2026-02-07T10:00,22,5.02,47,3.86,9.0,2.5,958.4
2026-02-06T12:00,2026-02-07T11:00,23,3.65,42,2.65,7.4,1.4,958.3
2026-02-06T12:00,2026-02-07T12:00,24,0.61,99,0.07,4.8,0.1,958.3
2026-02-06T12:00,2026-02-07T13:00,25,5.11,250,2.78,4.2,0.1,958.9
2026-02-06T12:00,2026-02-07T14:00,26,7.59,246,4.57,7.6,0.0,959.4
2026-02-06T12:00,2026-02-07T15:00,27,8.94,247,5.55,9.2,-0.3,959.6
2026-02-06T12:00,2026-02-07T16:00,28,10.17,251,6.46,10.9,-0.5,960.1
2026-02-06T12:00,2026-02-07T17:00,29,10.57,256,6.83,11.5,-0.7,960.5
2026-02-06T12:00,2026-02-07T18:00,30,10.82,264,7.0,12.0,-1.4,961.3
2026-02-06T12:00,2026-02-07T19:00,31,11.53,258,7.04,12.1,-2.0,962.0
2026-02-06T12:00,2026-02-07T20:00,32,11.06,255,6.81,12.1,-2.1,962.3
2026-02-06T12:00,2026-02-07T21:00,33,10.12,255,6.23,11.7,-2.5,962.6
2026-02-06T12:00,2026-02-07T22:00,34,9.57,247,5.49,10.7,-2.7,962.8
2026-02-06T12:00,2026-02-07T23:00,35,8.86,233,5.34,9.3,-2.2,962.9
2026-02-06T12:00,2026-02-08T00:00,36,8.6,228,5.17,9.2,-1.6,963.3
2026-02-06T12:00,2026-02-08T01:00,37,7.79,232,4.57,8.9,-1.2,963.4
2026-02-06T12:00,2026-02-08T02:00,38,6.88,232,3.61,7.8,-1.4,963.5
2026-02-06T12:00,2026-02-08T03:00,39,5.79,220,2.87,6.1,-1.4,963.7
2026-02-06T12:00,2026-02-08T04:00,40,4.49,212,1.92,5.1,0.5,963.8
2026-02-06T12:00,2026-02-08T05:00,41,2.87,239,1.41,3.9,0.7,963.1
2026-02-06T12:00,2026-02-08T06:00,42,1.75,272,0.92,3.2,2.5,962.9
2026-02-06T12:00,2026-02-08T07:00,43,0.89,333,0.59,2.6,2.0,961.8
2026-02-06T12:00,2026-02-08T08:00,44,2.41,40,1.29,3.4,3.6,960.9
2026-02-06T12:00,2026-02-08T09:00,45,4.91,59,2.91,6.0,3.7,960.5
2026-02-06T12:00,2026-02-08T10:00,46,7.37,59,4.49,8.5,2.4,959.8
2026-02-06T12:00,2026-02-08T11:00,47,9.37,64,5.91,10.1,2.0,959.2
2026-02-06T12:00,2026-02-08T12:00,48,10.25,70,5.9,10.1,-0.1,958.4
2026-02-06T12:00,2026-02-08T13:00,49,10.89,76,6.35,10.4,-1.7,957.9
2026-02-06T12:00,2026-02-08T14:00,50,11.57,78,6.8,11.1,-2.4,957.5
2026-02-06T12:00,2026-02-08T15:00,51,11.77,78,7.25,12.1,-2.2,957.3
2026-02-06T12:00,2026-02-08T16:00,52,11.71,79,7.48,12.5,-1.9,956.8
2026-02-06T12:00,2026-02-08T17:00,53,12.04,83,7.71,12.8,-1.9,956.1
2026-02-06T12:00,2026-02-08T18:00,54,12.17,87,7.69,12.9,-2.0,954.9
2026-02-06T12:00,2026-02-08T19:00,55,11.86,87,7.32,12.7,-2.0,953.6
2026-02-06T12:00,2026-02-08T20:00,56,12.08,86,7.38,12.4,-1.9,952.2
2026-02-06T12:00,2026-02-08T21:00,57,12.06,88,7.31,12.5,-1.8,950.9
2026-02-06T12:00,2026-02-08T22:00,58,11.99,85,7.17,12.3,-1.8,949.2
2026-02-06T12:00,2026-02-08T23:00,59,11.76,80,7.02,12.0,-2.1,947.8
2026-02-06T12:00,2026-02-09T00:00,60,10.89,76,6.31,11.7,-2.5,947.1
2026-02-06T12:00,2026-02-09T01:00,61,10.29,71,6.01,10.5,-3.0,946.7
2026-02-06T12:00,2026-02-09T02:00,62,10.09,71,5.82,10.0,-3.6,946.2
2026-02-06T12:00,2026-02-09T03:00,63,9.96,71,5.87,9.8,-2.7,946.0
2026-02-06T12:00,2026-02-09T04:00,64,9.42,66,5.39,10.1,-0.5,945.8
2026-02-06T12:00,2026-02-09T05:00,65,8.65,63,6.0,10.7,2.0,945.1
2026-02-06T12:00,2026-02-09T06:00,66,9.2,61,6.44,11.7,4.0,944.3
2026-02-06T12:00,2026-02-09T07:00,67,9.31,62,6.77,12.3,5.5,943.1
2026-02-06T12:00,2026-02-09T08:00,68,9.84,64,6.98,12.7,6.6,941.7
2026-02-06T12:00,2026-02-09T09:00,69,11.67,71,5.99,12.7,6.7,940.5
2026-02-06T12:00,2026-02-09T10:00,70,10.05,74,6.34,11.1,6.6,940.0
2026-02-06T12:00,2026-02-09T11:00,71,9.52,72,5.52,10.5,5.4,939.5
2026-02-06T18:00,2026-02-06T18:00,0,10.6,257,6.66,,0.5,964.1
2026-02-06T18:00,2026-02-06T19:00,1,9.07,256,5.74,11.3,0.1,964.5
2026-02-06T18:00,2026-02-06T20:00,2,7.93,249,4.88,9.7,-0.1,964.5
2026-02-06T18:00,2026-02-06T21:00,3,7.34,236,4.56,8.2,-0.2,964.1
2026-02-06T18:00,2026-02-06T22:00,4,6.76,232,4.07,7.6,-0.4,963.7
2026-02-06T18:00,2026-02-06T23:00,5,5.3,236,2.79,6.7,-0.4,963.6
2026-02-06T18:00,2026-02-07T00:00,6,3.87,246,1.42,4.4,-1.0,963.3
2026-02-06T18:00,2026-02-07T01:00,7,2.33,260,0.43,2.1,-1.5,963.0
2026-02-06T18:00,2026-02-07T02:00,8,1.7,294,0.15,0.7,-2.0,962.8
2026-02-06T18:00,2026-02-07T03:00,9,0.64,321,0.25,0.4,-1.0,963.1
2026-02-06T18:00,2026-02-07T04:00,10,0.99,45,1.06,3.3,0.6,962.7
2026-02-06T18:00,2026-02-07T05:00,11,2.16,44,1.88,4.7,2.3,962.4
2026-02-06T18:00,2026-02-07T06:00,12,5.36,50,4.28,8.4,2.4,961.6
2026-02-06T18:00,2026-02-07T07:00,13,5.85,57,4.64,9.4,2.7,960.6
2026-02-06T18:00,2026-02-07T08:00,14,5.45,47,4.32,9.2,2.8,959.8
2026-02-06T18:00,2026-02-07T09:00,15,4.64,48,3.68,8.6,2.6,959.2
2026-02-06T18:00,2026-02-07T10:00,16,3.82,42,3.01,7.5,2.5,958.9
2026-02-06T18:00,2026-02-07T11:00,17,2.79,44,2.14,6.2,1.4,958.7
2026-02-06T18:00,2026-02-07T12:00,18,0.49,156,0.14,3.8,-0.1,958.5
2026-02-06T18:00,2026-02-07T13:00,19,5.0,254,2.49,3.8,0.0,958.9
2026-02-06T18:00,2026-02-07T14:00,20,7.14,249,4.27,7.0,-0.1,959.6
2026-02-06T18:00,2026-02-07T15:00,21,8.44,246,5.22,8.7,-0.2,959.6
2026-02-06T18:00,2026-02-07T16:00,22,8.82,248,5.44,9.0,-0.3,960.0
2026-02-06T18:00,2026-02-07T17:00,23,10.39,256,6.55,10.9,-0.8,960.3
2026-02-06T18:00,2026-02-07T18:00,24,11.06,255,7.12,12.0,-1.3,961.0
2026-02-06T18:00,2026-02-07T19:00,25,11.59,254,7.08,12.3,-1.6,961.5
2026-02-06T18:00,2026-02-07T20:00,26,11.43,251,7.02,12.3,-1.8,961.9
2026-02-06T18:00,2026-02-07T21:00,27,10.59,251,6.55,12.1,-1.8,962.4
2026-02-06T18:00,2026-02-07T22:00,28,9.55,245,5.63,11.2,-2.0,962.6
2026-02-06T18:00,2026-02-07T23:00,29,8.39,236,4.95,9.5,-1.8,962.5
2026-02-06T18:00,2026-02-08T00:00,30,8.46,228,5.03,8.7,-1.2,962.9
2026-02-06T18:00,2026-02-08T01:00,31,8.24,233,4.71,8.6,-1.0,963.1
2026-02-06T18:00,2026-02-08T02:00,32,7.61,231,4.12,8.1,-1.0,963.0
2026-02-06T18:00,2026-02-08T03:00,33,6.44,226,3.19,7.0,-0.7,963.3
2026-02-06T18:00,2026-02-08T04:00,34,4.81,218,2.06,5.6,0.8,963.6
2026-02-06T18:00,2026-02-08T05:00,35,3.13,236,1.55,4.2,2.0,963.2
2026-02-06T18:00,2026-02-08T06:00,36,1.91,264,1.0,3.5,2.7,962.8
2026-02-06T18:00,2026-02-08T07:00,37,1.03,309,1.03,4.3,3.3,961.9
2026-02-06T18:00,2026-02-08T08:00,38,1.92,28,1.7,4.9,3.8,960.9
2026-02-06T18:00,2026-02-08T09:00,39,4.62,59,3.67,7.2,4.1,960.3
2026-02-06T18:00,2026-02-08T10:00,40,7.27,61,5.27,9.5,3.4,959.8
2026-02-06T18:00,2026-02-08T11:00,41,9.35,64,5.91,10.0,2.5,959.1
2026-02-06T18:00,2026-02-08T12:00,42,10.68,69,6.2,10.4,0.3,958.5
2026-02-06T18:00,2026-02-08T13:00,43,11.35,75,6.65,11.0,-1.3,958.0
2026-02-06T18:00,2026-02-08T14:00,44,11.68,77,6.92,11.5,-2.2,957.5
2026-02-06T18:00,2026-02-08T15:00,45,11.7,78,7.32,12.2,-2.0,957.3
2026-02-06T18:00,2026-02-08T16:00,46,11.55,79,7.35,12.3,-1.6,956.8
2026-02-06T18:00,2026-02-08T17:00,47,12.06,82,7.69,12.8,-1.6,955.9
2026-02-06T18:00,2026-02-08T18:00,48,12.43,86,7.81,13.0,-1.7,954.9
2026-02-06T18:00,2026-02-08T19:00,49,12.16,88,7.5,13.0,-1.7,953.6
2026-02-06T18:00,2026-02-08T20:00,50,12.07,87,7.38,12.5,-1.7,952.4
2026-02-06T18:00,2026-02-08T21:00,51,12.1,89,7.3,12.4,-1.7,950.9
2026-02-06T18:00,2026-02-08T22:00,52,11.74,85,7.06,12.2,-1.7,949.3
2026-02-06T18:00,2026-02-08T23:00,53,12.02,82,7.09,12.0,-2.0,947.8
2026-02-06T18:00,2026-02-09T00:00,54,11.09,77,6.34,12.0,-2.3,947.1
2026-02-06T18:00,2026-02-09T01:00,55,10.03,70,5.77,10.6,-2.9,946.8
2026-02-06T18:00,2026-02-09T02:00,56,9.9,70,5.71,9.6,-3.6,946.5
2026-02-06T18:00,2026-02-09T03:00,57,9.61,71,5.69,9.6,-2.8,946.5
2026-02-06T18:00,2026-02-09T04:00,58,9.28,67,5.4,9.9,0.3,946.2
2026-02-06T18:00,2026-02-09T05:00,59,8.78,60,6.07,10.7,2.2,945.5
2026-02-06T18:00,2026-02-09T06:00,60,9.37,62,6.68,12.2,4.2,944.7
2026-02-06T18:00,2026-02-09T07:00,61,9.79,63,6.98,12.8,6.3,943.6
2026-02-06T18:00,2026-02-09T08:00,62,9.84,65,6.84,12.8,6.3,942.0
2026-02-06T18:00,2026-02-09T09:00,63,10.76,69,6.29,12.2,6.6,941.0
2026-02-06T18:00,2026-02-09T10:00,64,10.26,72,5.97,11.3,6.7,940.5
2026-02-06T18:00,2026-02-09T11:00,65,9.41,70,5.44,10.6,5.6,940.2
2026-02-06T18:00,2026-02-09T12:00,66,8.88,67,4.44,8.9,2.9,939.7
2026-02-06T18:00,2026-02-09T13:00,67,7.63,63,3.33,7.3,0.6,939.7
2026-02-06T18:00,2026-02-09T14:00,68,6.9,60,2.95,5.4,-0.5,939.5
2026-02-06T18:00,2026-02-09T15:00,69,6.2,61,2.46,4.7,-0.8,939.4
2026-02-06T18:00,2026-02-09T16:00,70,6.1,63,2.52,4.2,-0.9,939.3
2026-02-06T18:00,2026-02-09T17:00,71,5.98,60,2.25,4.2,-0.5,939.1
2026-02-07T00:00,2026-02-07T00:00,0,4.88,206,2.3,,-0.7,962.7
2026-02-07T00:00,2026-02-07T01:00,1,0.4,187,0.2,3.7,-2.1,962.0
2026-02-07T00:00,2026-02-07T02:00,2,2.89,23,1.27,1.6,-3.1,962.3
2026-02-07T00:00,2026-02-07T03:00,3,4.11,63,2.61,3.9,-1.4,962.6
2026-02-07T00:00,2026-02-07T04:00,4,4.81,65,3.27,6.2,0.5,962.5
2026-02-07T00:00,2026-02-07T05:00,5,6.32,55,4.69,8.7,1.5,961.5
2026-02-07T00:00,2026-02-07T06:00,6,8.46,57,6.38,12.0,2.9,960.6
2026-02-07T00:00,2026-02-07T07:00,7,7.65,52,5.88,12.0,3.2,959.5
2026-02-07T00:00,2026-02-07T08:00,8,6.73,54,5.15,11.2,3.8,958.7
2026-02-07T00:00,2026-02-07T09:00,9,5.01,50,3.89,10.0,4.1,958.1
2026-02-07T00:00,2026-02-07T10:00,10,4.01,39,3.15,7.9,3.8,958.1
2026-02-07T00:00,2026-02-07T11:00,11,3.08,13,1.95,6.3,2.5,958.3
2026-02-07T00:00,2026-02-07T12:00,12,2.33,261,1.26,3.5,0.8,958.3
2026-02-07T00:00,2026-02-07T13:00,13,6.26,257,3.5,5.6,0.5,958.7
2026-02-07T00:00,2026-02-07T14:00,14,6.83,241,4.01,6.6,0.3,959.0
2026-02-07T00:00,2026-02-07T15:00,15,7.45,246,4.21,7.1,0.1,959.4
2026-02-07T00:00,2026-02-07T16:00,16,9.27,258,5.63,9.5,-0.2,959.9
2026-02-07T00:00,2026-02-07T17:00,17,10.04,257,6.26,10.7,-0.5,960.3
2026-02-07T00:00,2026-02-07T18:00,18,10.61,262,6.71,11.4,-1.0,960.8
2026-02-07T00:00,2026-02-07T19:00,19,10.84,256,6.62,11.7,-1.5,961.3
2026-02-07T00:00,2026-02-07T20:00,20,10.82,251,6.48,11.4,-1.7,961.7
2026-02-07T00:00,2026-02-07T21:00,21,10.03,250,6.24,11.1,-1.8,962.3
2026-02-07T00:00,2026-02-07T22:00,22,8.77,243,5.29,10.6,-1.9,962.6
2026-02-07T00:00,2026-02-07T23:00,23,8.53,233,4.9,9.0,-1.7,962.7
2026-02-07T00:00,2026-02-08T00:00,24,7.97,228,4.65,8.4,-1.3,963.1
2026-02-07T00:00,2026-02-08T01:00,25,7.62,234,4.39,7.9,-1.0,963.2
2026-02-07T00:00,2026-02-08T02:00,26,6.74,233,3.58,7.5,-1.1,963.2
2026-02-07T00:00,2026-02-08T03:00,27,5.02,223,2.27,6.0,-0.4,963.6
2026-02-07T00:00,2026-02-08T04:00,28,3.43,217,1.61,4.1,0.9,963.5
2026-02-07T00:00,2026-02-08T05:00,29,2.58,238,1.25,3.3,1.8,963.1
2026-02-07T00:00,2026-02-08T06:00,30,1.82,261,0.95,3.0,2.6,962.6
2026-02-07T00:00,2026-02-08T07:00,31,0.85,291,0.36,2.5,3.3,961.9
2026-02-07T00:00,2026-02-08T08:00,32,1.35,48,0.74,2.2,3.8,960.7
2026-02-07T00:00,2026-02-08T09:00,33,3.76,63,1.97,4.5,3.1,959.9
2026-02-07T00:00,2026-02-08T10:00,34,6.4,64,3.69,7.1,3.8,959.7
2026-02-07T00:00,2026-02-08T11:00,35,8.79,64,4.84,8.5,2.6,959.1
2026-02-07T00:00,2026-02-08T12:00,36,10.34,71,5.76,9.7,0.5,958.4
2026-02-07T00:00,2026-02-08T13:00,37,10.74,77,6.06,10.0,-1.2,957.9
2026-02-07T00:00,2026-02-08T14:00,38,11.35,78,6.56,10.8,-1.9,957.6
2026-02-07T00:00,2026-02-08T15:00,39,11.81,78,7.12,11.8,-2.0,957.2
2026-02-07T00:00,2026-02-08T16:00,40,12.19,80,7.68,12.9,-1.1,956.9
2026-02-07T00:00,2026-02-08T17:00,41,12.5,81,7.91,13.2,-1.3,956.2
2026-02-07T00:00,2026-02-08T18:00,42,12.45,85,7.83,13.3,-1.6,955.0
2026-02-07T00:00,2026-02-08T19:00,43,12.36,87,7.62,13.0,-1.5,953.8
2026-02-07T00:00,2026-02-08T20:00,44,12.51,88,7.61,12.9,-1.6,952.5
2026-02-07T00:00,2026-02-08T21:00,45,12.1,90,7.28,12.8,-1.6,951.0
2026-02-07T00:00,2026-02-08T22:00,46,11.96,88,7.13,12.1,-1.6,949.4
2026-02-07T00:00,2026-02-08T23:00,47,11.84,83,7.01,12.1,-1.6,948.0
2026-02-07T00:00,2026-02-09T00:00,48,11.14,79,6.39,11.8,-2.2,947.0
2026-02-07T00:00,2026-02-09T01:00,49,10.78,74,6.18,10.7,-2.5,946.5
2026-02-07T00:00,2026-02-09T02:00,50,10.32,72,5.98,10.3,-3.3,945.8
2026-02-07T00:00,2026-02-09T03:00,51,10.01,70,5.99,10.0,-2.5,945.7
2026-02-07T00:00,2026-02-09T04:00,52,10.08,67,5.48,10.4,-0.3,945.4
2026-02-07T00:00,2026-02-09T05:00,53,9.1,62,6.14,10.9,2.2,944.9
2026-02-07T00:00,2026-02-09T06:00,54,9.44,62,6.77,12.2,4.3,944.1
2026-02-07T00:00,2026-02-09T07:00,55,9.39,65,6.75,12.4,5.7,943.0
2026-02-07T00:00,2026-02-09T08:00,56,8.59,66,5.9,12.2,6.2,941.7
2026-02-07T00:00,2026-02-09T09:00,57,8.62,72,5.53,10.6,7.1,940.9
2026-02-07T00:00,2026-02-09T10:00,58,8.13,74,5.06,9.6,7.0,940.5
2026-02-07T00:00,2026-02-09T11:00,59,8.8,74,4.96,8.7,5.7,939.8
2026-02-07T00:00,2026-02-09T12:00,60,8.78,71,4.39,8.1,2.7,938.9
2026-02-07T00:00,2026-02-09T13:00,61,8.16,65,3.72,7.1,0.6,938.9
2026-02-07T00:00,2026-02-09T14:00,62,6.64,63,2.65,5.9,-0.6,939.2
2026-02-07T00:00,2026-02-09T15:00,63,5.7,62,2.32,4.3,-0.7,939.1
2026-02-07T00:00,2026-02-09T16:00,64,6.37,62,2.61,4.2,-1.1,938.4
2026-02-07T00:00,2026-02-09T17:00,65,6.25,57,2.25,4.3,-0.8,938.6
2026-02-07T00:00,2026-02-09T18:00,66,3.31,63,1.05,3.6,-1.3,939.1
2026-02-07T00:00,2026-02-09T19:00,67,2.57,63,0.89,1.9,-0.7,939.5
2026-02-07T00:00,2026-02-09T20:00,68,3.22,83,1.34,2.5,-0.1,939.3
2026-02-07T00:00,2026-02-09T21:00,69,4.89,74,1.95,3.2,0.1,938.8
2026-02-07T00:00,2026-02-09T22:00,70,4.45,69,1.62,3.4,-0.5,938.5
2026-02-07T00:00,2026-02-09T23:00,71,3.41,86,1.31,2.7,-0.1,939.2
2026-02-07T06:00,2026-02-07T06:00,0,7.47,53,5.69,,2.5,961.1
2026-02-07T06:00,2026-02-07T07:00,1,6.63,52,5.17,10.7,3.0,960.0
2026-02-07T06:00,2026-02-07T08:00,2,6.49,56,5.03,10.2,3.4,959.0
2026-02-07T06:00,2026-02-07T09:00,3,5.14,49,4.0,9.8,4.0,958.6
2026-02-07T06:00,2026-02-07T10:00,4,4.6,41,3.57,8.1,3.6,958.5
2026-02-07T06:00,2026-02-07T11:00,5,3.99,24,2.33,7.0,2.2,958.3
2026-02-07T06:00,2026-02-07T12:00,6,0.83,303,0.5,4.0,0.3,958.3
2026-02-07T06:00,2026-02-07T13:00,7,6.34,260,3.32,5.4,0.2,959.0
2026-02-07T06:00,2026-02-07T14:00,8,7.47,244,4.34,7.2,0.2,959.3
2026-02-07T06:00,2026-02-07T15:00,9,8.12,245,4.73,8.0,0.1,959.7
2026-02-07T06:00,2026-02-07T16:00,10,8.22,253,4.81,8.1,0.0,960.1
2026-02-07T06:00,2026-02-07T17:00,11,8.55,255,5.12,8.7,-0.4,960.2
2026-02-07T06:00,2026-02-07T18:00,12,10.08,258,6.2,10.3,-0.9,960.9
2026-02-07T06:00,2026-02-07T19:00,13,10.66,255,6.43,11.5,-1.2,961.6
2026-02-07T06:00,2026-02-07T20:00,14,10.13,254,6.26,11.1,-1.4,962.1
2026-02-07T06:00,2026-02-07T21:00,15,9.5,254,5.82,10.8,-1.6,962.5
2026-02-07T06:00,2026-02-07T22:00,16,8.77,244,5.19,9.9,-1.8,962.6
2026-02-07T06:00,2026-02-07T23:00,17,7.99,236,4.81,8.8,-1.4,962.7
2026-02-07T06:00,2026-02-08T00:00,18,8.0,233,4.82,8.2,-1.2,963.1
2026-02-07T06:00,2026-02-08T01:00,19,7.75,233,4.5,8.1,-0.9,963.4
2026-02-07T06:00,2026-02-08T02:00,20,6.7,232,3.61,7.6,-0.9,963.5
2026-02-07T06:00,2026-02-08T03:00,21,5.33,230,2.49,6.0,-0.5,963.8
2026-02-07T06:00,2026-02-08T04:00,22,3.75,224,1.88,4.4,0.7,963.6
2026-02-07T06:00,2026-02-08T05:00,23,2.88,236,1.46,3.7,1.4,963.2
2026-02-07T06:00,2026-02-08T06:00,24,2.17,247,1.11,3.2,2.3,962.9
2026-02-07T06:00,2026-02-08T07:00,25,1.15,252,0.5,2.6,2.9,962.1
2026-02-07T06:00,2026-02-08T08:00,26,0.71,45,0.29,1.7,3.5,960.9
2026-02-07T06:00,2026-02-08T09:00,27,2.93,65,1.5,3.4,2.9,959.9
2026-02-07T06:00,2026-02-08T10:00,28,5.91,65,3.2,6.2,3.7,959.7
2026-02-07T06:00,2026-02-08T11:00,29,8.55,66,4.54,7.9,2.0,959.0
2026-02-07T06:00,2026-02-08T12:00,30,10.07,72,5.49,9.2,0.3,958.5
2026-02-07T06:00,2026-02-08T13:00,31,10.49,78,5.87,9.7,-1.3,957.8
2026-02-07T06:00,2026-02-08T14:00,32,11.06,77,6.25,10.3,-2.2,957.3
2026-02-07T06:00,2026-02-08T15:00,33,11.8,78,7.05,11.6,-2.0,957.1
2026-02-07T06:00,2026-02-08T16:00,34,11.89,80,7.42,12.5,-1.3,957.0
2026-02-07T06:00,2026-02-08T17:00,35,12.32,82,7.79,13.0,-1.4,956.3
2026-02-07T06:00,2026-02-08T18:00,36,12.15,85,7.63,13.1,-1.6,955.1
2026-02-07T06:00,2026-02-08T19:00,37,12.02,87,7.3,12.7,-1.8,953.9
2026-02-07T06:00,2026-02-08T20:00,38,11.96,88,7.11,12.2,-1.8,952.8
2026-02-07T06:00,2026-02-08T21:00,39,11.95,89,6.93,12.1,-2.0,951.3
2026-02-07T06:00,2026-02-08T22:00,40,11.71,88,6.7,11.7,-2.2,949.6
2026-02-07T06:00,2026-02-08T23:00,41,11.88,86,6.73,11.5,-2.3,948.1
2026-02-07T06:00,2026-02-09T00:00,42,11.26,82,6.25,11.5,-2.7,946.9
2026-02-07T06:00,2026-02-09T01:00,43,10.53,75,5.68,10.5,-2.9,946.4
2026-02-07T06:00,2026-02-09T02:00,44,10.23,73,5.51,9.6,-3.7,945.8
2026-02-07T06:00,2026-02-09T03:00,45,9.98,70,5.33,9.4,-2.8,945.6
2026-02-07T06:00,2026-02-09T04:00,46,9.52,67,4.61,9.5,-1.4,945.3
2026-02-07T06:00,2026-02-09T05:00,47,9.1,65,5.28,9.7,1.5,944.8
2026-02-07T06:00,2026-02-09T06:00,48,9.44,63,5.74,10.4,3.6,943.8
2026-02-07T06:00,2026-02-09T07:00,49,9.62,64,5.93,11.1,4.1,942.3
2026-02-07T06:00,2026-02-09T08:00,50,9.22,66,6.57,12.0,6.2,941.3
2026-02-07T06:00,2026-02-09T09:00,51,9.69,71,6.17,11.7,6.5,940.4
2026-02-07T06:00,2026-02-09T10:00,52,9.98,76,6.25,10.9,6.6,939.7
2026-02-07T06:00,2026-02-09T11:00,53,9.74,76,5.68,10.5,5.4,939.2
2026-02-07T06:00,2026-02-09T12:00,54,9.62,75,5.12,9.2,2.7,938.5
2026-02-07T06:00,2026-02-09T13:00,55,9.03,71,4.57,8.2,0.6,938.0
2026-02-07T06:00,2026-02-09T14:00,56,8.15,66,3.95,7.3,-0.1,938.2
2026-02-07T06:00,2026-02-09T15:00,57,6.84,64,3.1,6.4,0.1,938.5
2026-02-07T06:00,2026-02-09T16:00,58,5.36,68,2.14,4.9,-1.6,938.5
2026-02-07T06:00,2026-02-09T17:00,59,0.21,194,0.96,3.7,-1.5,939.6
2026-02-07T06:00,2026-02-09T18:00,60,2.55,179,1.79,3.6,-1.0,939.8
2026-02-07T06:00,2026-02-09T19:00,61,3.36,86,1.9,3.6,-0.9,939.0
2026-02-07T06:00,2026-02-09T20:00,62,4.94,64,1.82,3.5,-0.6,939.0
2026-02-07T06:00,2026-02-09T21:00,63,4.1,68,1.39,2.8,-1.0,939.4
2026-02-07T06:00,2026-02-09T22:00,64,3.7,90,1.63,2.9,-0.3,939.3
2026-02-07T06:00,2026-02-09T23:00,65,3.26,85,1.49,3.1,0.3,939.0
2026-02-07T06:00,2026-02-10T00:00,66,2.17,67,0.51,2.2,1.3,940.2
2026-02-07T06:00,2026-02-10T01:00,67,1.9,162,1.15,1.5,1.4,941.6
2026-02-07T06:00,2026-02-10T02:00,68,2.47,225,1.0,1.7,1.8,942.5
2026-02-07T06:00,2026-02-10T03:00,69,6.53,250,3.72,5.2,3.2,944.9
2026-02-07T06:00,2026-02-10T04:00,70,6.82,249,3.76,7.8,4.0,947.2
2026-02-07T06:00,2026-02-10T05:00,71,4.25,228,2.99,6.3,6.2,947.6
2026-02-07T12:00,2026-02-07T12:00,0,5.45,271,2.84,,0.8,959.0
2026-02-07T12:00,2026-02-07T13:00,1,6.33,265,3.64,6.3,0.3,959.6
2026-02-07T12:00,2026-02-07T14:00,2,6.82,239,4.06,6.8,0.2,959.6
2026-02-07T12:00,2026-02-07T15:00,3,6.68,239,3.79,6.9,-0.1,960.0
2026-02-07T12:00,2026-02-07T16:00,4,7.34,248,4.23,6.9,-0.5,960.5
2026-02-07T12:00,2026-02-07T17:00,5,8.0,252,4.97,8.3,-0.8,960.8
2026-02-07T12:00,2026-02-07T18:00,6,8.63,260,5.38,9.0,-1.0,961.1
2026-02-07T12:00,2026-02-07T19:00,7,8.6,256,5.31,9.2,-1.2,961.6
2026-02-07T12:00,2026-02-07T20:00,8,8.33,255,4.99,9.1,-1.3,961.7
2026-02-07T12:00,2026-02-07T21:00,9,7.95,254,4.74,8.6,-1.6,962.2
2026-02-07T12:00,2026-02-07T22:00,10,8.43,244,5.1,8.7,-1.6,962.5
2026-02-07T12:00,2026-02-07T23:00,11,8.64,236,5.23,9.0,-1.2,962.8
2026-02-07T12:00,2026-02-08T00:00,12,8.46,236,5.16,9.1,-1.0,963.1
2026-02-07T12:00,2026-02-08T01:00,13,7.84,238,4.56,8.8,-0.7,963.6
2026-02-07T12:00,2026-02-08T02:00,14,6.37,232,3.54,7.9,-0.8,963.7
2026-02-07T12:00,2026-02-08T03:00,15,5.2,218,2.55,6.0,-0.9,963.9
2026-02-07T12:00,2026-02-08T04:00,16,3.62,206,1.92,4.6,0.5,963.8
2026-02-07T12:00,2026-02-08T05:00,17,2.11,216,1.03,3.8,1.3,963.5
2026-02-07T12:00,2026-02-08T06:00,18,1.0,233,0.38,2.3,2.4,963.0
2026-02-07T12:00,2026-02-08T07:00,19,0.51,11,0.25,1.6,3.3,962.0
2026-02-07T12:00,2026-02-08T08:00,20,2.27,57,1.17,3.1,3.9,960.8
2026-02-07T12:00,2026-02-08T09:00,21,4.72,64,2.69,5.6,3.3,959.9
2026-02-07T12:00,2026-02-08T10:00,22,7.27,63,4.32,8.2,3.8,959.5
2026-02-07T12:00,2026-02-08T11:00,23,9.44,66,6.02,10.2,2.9,958.7
2026-02-07T12:00,2026-02-08T12:00,24,10.71,73,6.28,10.5,0.7,957.8
2026-02-07T12:00,2026-02-08T13:00,25,10.86,79,6.42,10.6,-0.9,957.5
2026-02-07T12:00,2026-02-08T14:00,26,11.45,78,6.82,11.2,-1.6,957.3
2026-02-07T12:00,2026-02-08T15:00,27,11.79,80,7.39,12.4,-1.2,957.2
2026-02-07T12:00,2026-02-08T16:00,28,11.99,81,7.58,12.7,-1.2,956.5
2026-02-07T12:00,2026-02-08T17:00,29,12.4,85,7.84,13.0,-1.3,955.6
2026-02-07T12:00,2026-02-08T18:00,30,12.47,87,7.76,13.2,-1.4,954.4
2026-02-07T12:00,2026-02-08T19:00,31,11.96,87,7.42,12.9,-1.3,953.4
2026-02-07T12:00,2026-02-08T20:00,32,12.12,87,7.39,12.5,-1.4,951.9
2026-02-07T12:00,2026-02-08T21:00,33,12.01,87,7.32,12.5,-1.3,950.4
2026-02-07T12:00,2026-02-08T22:00,34,12.32,87,7.44,12.5,-1.3,948.7
2026-02-07T12:00,2026-02-08T23:00,35,11.65,85,6.96,12.5,-1.1,947.3
2026-02-07T12:00,2026-02-09T00:00,36,10.78,75,6.2,11.7,-2.1,946.6
2026-02-07T12:00,2026-02-09T01:00,37,10.09,72,5.8,10.3,-2.9,946.2
2026-02-07T12:00,2026-02-09T02:00,38,9.8,72,5.59,9.7,-3.2,945.7
2026-02-07T12:00,2026-02-09T03:00,39,9.68,70,5.79,9.6,-2.3,945.6
2026-02-07T12:00,2026-02-09T04:00,40,9.36,66,5.62,10.1,0.2,945.3
2026-02-07T12:00,2026-02-09T05:00,41,9.57,63,6.36,11.4,2.9,944.7
2026-02-07T12:00,2026-02-09T06:00,42,9.71,64,6.78,12.2,4.8,943.6
2026-02-07T12:00,2026-02-09T07:00,43,10.22,64,7.23,13.0,6.7,942.3
2026-02-07T12:00,2026-02-09T08:00,44,9.84,64,6.94,13.1,6.7,940.9
2026-02-07T12:00,2026-02-09T09:00,45,10.32,72,6.08,12.4,7.4,940.0
2026-02-07T12:00,2026-02-09T10:00,46,10.2,73,6.45,11.0,7.5,939.3
2026-02-07T12:00,2026-02-09T11:00,47,10.29,72,6.06,11.1,6.1,938.9
2026-02-07T12:00,2026-02-09T12:00,48,9.99,71,5.39,10.0,3.2,938.3
2026-02-07T12:00,2026-02-09T13:00,49,9.0,72,4.67,8.7,1.2,937.6
2026-02-07T12:00,2026-02-09T14:00,50,8.18,67,3.91,7.4,-0.1,937.5
2026-02-07T12:00,2026-02-09T15:00,51,6.5,67,2.67,6.2,-0.7,937.7
2026-02-07T12:00,2026-02-09T16:00,52,3.42,72,1.35,4.4,-1.6,938.3
2026-02-07T12:00,2026-02-09T17:00,53,1.27,206,1.32,2.9,-1.3,939.4
2026-02-07T12:00,2026-02-09T18:00,54,1.95,140,1.31,3.1,-0.9,939.1
2026-02-07T12:00,2026-02-09T19:00,55,3.58,78,1.75,3.2,-0.6,938.7
2026-02-07T12:00,2026-02-09T20:00,56,4.08,73,1.63,3.2,0.0,938.7
2026-02-07T12:00,2026-02-09T21:00,57,2.69,68,0.92,2.3,0.6,939.5
2026-02-07T12:00,2026-02-09T22:00,58,2.97,126,1.84,3.3,1.4,939.5
2026-02-07T12:00,2026-02-09T23:00,59,2.15,208,1.2,3.4,1.6,939.6
2026-02-07T12:00,2026-02-10T00:00,60,2.95,246,1.22,2.4,2.3,940.8
2026-02-07T12:00,2026-02-10T01:00,61,6.53,261,2.89,4.6,2.5,942.8
2026-02-07T12:00,2026-02-10T02:00,62,9.09,265,4.16,6.6,2.2,945.5
2026-02-07T12:00,2026-02-10T03:00,63,6.65,263,2.76,7.1,2.2,947.4
2026-02-07T12:00,2026-02-10T04:00,64,3.81,267,1.64,4.3,3.0,948.8
2026-02-07T12:00,2026-02-10T05:00,65,5.97,245,3.14,5.1,3.4,948.9
2026-02-07T12:00,2026-02-10T06:00,66,7.63,244,4.33,7.1,5.9,949.3
2026-02-07T12:00,2026-02-10T07:00,67,6.78,243,3.44,6.9,8.8,949.6
2026-02-07T12:00,2026-02-10T08:00,68,6.07,266,4.52,8.1,11.2,949.7
2026-02-07T12:00,2026-02-10T09:00,69,5.25,281,3.97,8.4,11.3,949.8
2026-02-07T12:00,2026-02-10T10:00,70,4.11,275,3.0,7.2,10.8,949.7
2026-02-07T12:00,2026-02-10T11:00,71,4.75,246,2.2,5.0,8.7,949.5
2026-02-07T18:00,2026-02-07T18:00,0,8.51,267,5.11,,-0.7,961.0
2026-02-07T18:00,2026-02-07T19:00,1,8.03,262,4.73,8.9,-1.0,961.4
2026-02-07T18:00,2026-02-07T20:00,2,7.74,256,4.54,8.0,-1.3,961.6
2026-02-07T18:00,2026-02-07T21:00,3,8.52,251,5.14,8.5,-1.5,962.0
2026-02-07T18:00,2026-02-07T22:00,4,9.93,245,5.78,9.7,-1.5,962.4
2026-02-07T18:00,2026-02-07T23:00,5,9.37,242,5.71,10.1,-1.0,962.7
2026-02-07T18:00,2026-02-08T00:00,6,8.63,243,5.13,9.8,-0.9,963.0
2026-02-07T18:00,2026-02-08T01:00,7,7.59,238,4.52,8.7,-1.1,963.4
2026-02-07T18:00,2026-02-08T02:00,8,6.35,229,3.57,7.6,-0.9,963.3
2026-02-07T18:00,2026-02-08T03:00,9,5.19,220,2.19,6.1,-0.6,963.4
2026-02-07T18:00,2026-02-08T04:00,10,3.05,221,1.24,4.0,0.5,963.3
2026-02-07T18:00,2026-02-08T05:00,11,1.84,248,0.96,2.6,0.9,962.9
2026-02-07T18:00,2026-02-08T06:00,12,1.2,287,0.69,2.5,2.8,962.6
2026-02-07T18:00,2026-02-08T07:00,13,0.96,6,0.55,2.2,3.5,961.7
2026-02-07T18:00,2026-02-08T08:00,14,2.36,54,1.2,3.3,4.1,960.8
2026-02-07T18:00,2026-02-08T09:00,15,5.19,64,4.07,7.8,4.4,960.2
2026-02-07T18:00,2026-02-08T10:00,16,7.67,64,5.5,9.8,3.9,959.3
2026-02-07T18:00,2026-02-08T11:00,17,9.46,68,6.04,10.2,2.8,958.5
2026-02-07T18:00,2026-02-08T12:00,18,10.42,75,6.07,10.3,0.8,957.7
2026-02-07T18:00,2026-02-08T13:00,19,10.82,79,6.42,10.5,-0.8,957.4
2026-02-07T18:00,2026-02-08T14:00,20,11.48,77,6.89,11.3,-1.5,957.2
2026-02-07T18:00,2026-02-08T15:00,21,11.74,78,7.33,12.3,-1.1,957.0
2026-02-07T18:00,2026-02-08T16:00,22,12.03,80,7.63,12.8,-1.1,956.2
2026-02-07T18:00,2026-02-08T17:00,23,12.05,85,7.56,12.8,-1.3,955.4
2026-02-07T18:00,2026-02-08T18:00,24,12.27,86,7.67,12.8,-1.4,954.1
2026-02-07T18:00,2026-02-08T19:00,25,11.87,87,7.37,12.7,-1.3,953.2
2026-02-07T18:00,2026-02-08T20:00,26,12.09,85,7.41,12.5,-1.3,951.8
2026-02-07T18:00,2026-02-08T21:00,27,11.92,87,7.17,12.5,-1.5,950.4
2026-02-07T18:00,2026-02-08T22:00,28,12.22,87,7.33,12.3,-1.4,948.7
2026-02-07T18:00,2026-02-08T23:00,29,11.63,86,6.82,12.3,-1.5,947.1
2026-02-07T18:00,2026-02-09T00:00,30,10.82,76,6.2,11.4,-2.2,946.3
2026-02-07T18:00,2026-02-09T01:00,31,10.17,73,5.85,10.3,-2.9,945.8
2026-02-07T18:00,2026-02-09T02:00,32,9.93,72,5.63,9.8,-3.4,945.3
2026-02-07T18:00,2026-02-09T03:00,33,9.82,70,5.86,9.7,-2.3,945.2
2026-02-07T18:00,2026-02-09T04:00,34,9.51,65,5.72,10.1,0.1,945.1
2026-02-07T18:00,2026-02-09T05:00,35,9.4,61,6.47,11.5,2.6,944.6
2026-02-07T18:00,2026-02-09T06:00,36,9.82,62,6.93,12.5,4.6,943.7
2026-02-07T18:00,2026-02-09T07:00,37,10.0,64,7.16,12.9,6.0,942.4
2026-02-07T18:00,2026-02-09T08:00,38,9.59,64,6.69,12.9,6.7,941.2
2026-02-07T18:00,2026-02-09T09:00,39,10.12,68,6.35,12.0,8.1,940.5
2026-02-07T18:00,2026-02-09T10:00,40,10.09,73,6.33,11.0,7.4,939.5
2026-02-07T18:00,2026-02-09T11:00,41,10.21,72,6.02,10.7,6.1,939.2
2026-02-07T18:00,2026-02-09T12:00,42,9.49,73,5.11,9.9,3.4,938.3
2026-02-07T18:00,2026-02-09T13:00,43,9.14,68,4.67,8.2,1.7,938.0
2026-02-07T18:00,2026-02-09T14:00,44,7.92,66,3.78,7.5,0.8,938.1
2026-02-07T18:00,2026-02-09T15:00,45,6.51,68,2.91,6.0,-0.1,938.0
2026-02-07T18:00,2026-02-09T16:00,46,3.65,65,1.23,4.7,-1.4,938.4
2026-02-07T18:00,2026-02-09T17:00,47,0.72,155,0.87,2.2,-1.1,939.4
2026-02-07T18:00,2026-02-09T18:00,48,1.17,140,0.96,2.2,-0.7,939.5
2026-02-07T18:00,2026-02-09T19:00,49,3.21,95,1.68,3.2,-0.3,939.0
2026-02-07T18:00,2026-02-09T20:00,50,3.76,80,1.63,3.2,0.4,939.2
2026-02-07T18:00,2026-02-09T21:00,51,3.86,80,1.7,2.8,0.5,939.2
2026-02-07T18:00,2026-02-09T22:00,52,4.22,71,1.82,2.8,1.1,938.9
2026-02-07T18:00,2026-02-09T23:00,53,4.73,77,1.93,2.8,1.1,939.0
2026-02-07T18:00,2026-02-10T00:00,54,3.23,98,1.49,2.9,0.7,939.5
2026-02-07T18:00,2026-02-10T01:00,55,0.71,172,1.05,2.8,0.9,940.9
2026-02-07T18:00,2026-02-10T02:00,56,8.71,259,4.36,6.8,2.0,944.0
2026-02-07T18:00,2026-02-10T03:00,57,6.48,255,3.29,7.4,2.3,947.1
2026-02-07T18:00,2026-02-10T04:00,58,5.56,240,3.36,5.8,4.5,948.1
2026-02-07T18:00,2026-02-10T05:00,59,3.61,228,2.51,5.6,4.6,949.0
2026-02-07T18:00,2026-02-10T06:00,60,3.57,227,2.39,4.8,5.3,949.7
2026-02-07T18:00,2026-02-10T07:00,61,6.2,236,4.07,7.4,7.8,949.7
2026-02-07T18:00,2026-02-10T08:00,62,6.94,258,4.79,8.7,11.1,949.4
2026-02-07T18:00,2026-02-10T09:00,63,6.71,273,4.7,8.9,11.5,949.4
2026-02-07T18:00,2026-02-10T10:00,64,5.35,270,3.56,8.2,11.2,949.5
2026-02-07T18:00,2026-02-10T11:00,65,5.35,240,2.72,5.9,9.2,949.2
2026-02-07T18:00,2026-02-10T12:00,66,6.41,213,3.39,5.6,5.8,948.5
2026-02-07T18:00,2026-02-10T13:00,67,4.46,189,2.74,5.5,3.2,948.0
2026-02-07T18:00,2026-02-10T14:00,68,2.7,90,2.02,4.6,0.6,947.4
2026-02-07T18:00,2026-02-10T15:00,69,8.04,74,4.05,6.5,2.0,947.9
2026-02-07T18:00,2026-02-10T16:00,70,9.65,71,5.02,8.2,1.8,947.5
2026-02-07T18:00,2026-02-10T17:00,71,10.42,64,5.62,9.0,0.9,946.9
2026-02-08T00:00,2026-02-08T00:00,0,8.7,235,5.31,,-0.8,962.9
2026-02-08T00:00,2026-02-08T01:00,1,7.94,239,4.55,9.0,-0.6,963.1
2026-02-08T00:00,2026-02-08T02:00,2,5.99,242,3.09,7.6,-0.6,963.3
2026-02-08T00:00,2026-02-08T03:00,3,4.48,235,1.95,5.3,-0.6,963.7
2026-02-08T00:00,2026-02-08T04:00,4,2.75,237,1.45,3.6,0.1,963.6
2026-02-08T00:00,2026-02-08T05:00,5,1.79,247,0.92,3.1,0.5,963.2
2026-02-08T00:00,2026-02-08T06:00,6,0.84,287,0.54,2.3,2.3,962.7
2026-02-08T00:00,2026-02-08T07:00,7,1.31,18,0.76,2.4,3.1,961.6
2026-02-08T00:00,2026-02-08T08:00,8,2.8,50,1.48,3.7,2.8,960.3
2026-02-08T00:00,2026-02-08T09:00,9,4.56,63,2.56,5.3,4.2,959.8
2026-02-08T00:00,2026-02-08T10:00,10,7.2,64,4.21,7.8,4.0,959.2
2026-02-08T00:00,2026-02-08T11:00,11,9.33,68,5.32,9.3,2.8,958.5
2026-02-08T00:00,2026-02-08T12:00,12,10.74,74,6.07,10.3,0.6,957.7
2026-02-08T00:00,2026-02-08T13:00,13,11.13,78,6.39,10.6,-0.8,957.3
2026-02-08T00:00,2026-02-08T14:00,14,11.73,77,6.86,11.3,-1.5,957.0
2026-02-08T00:00,2026-02-08T15:00,15,12.0,79,7.36,12.4,-1.1,957.0
2026-02-08T00:00,2026-02-08T16:00,16,12.11,81,7.54,12.7,-1.2,956.4
2026-02-08T00:00,2026-02-08T17:00,17,12.36,84,7.67,12.9,-1.2,955.6
2026-02-08T00:00,2026-02-08T18:00,18,12.33,86,7.62,13.1,-1.2,954.2
2026-02-08T00:00,2026-02-08T19:00,19,11.86,88,7.16,12.8,-1.5,953.0
2026-02-08T00:00,2026-02-08T20:00,20,12.27,87,7.28,12.4,-1.4,951.5
2026-02-08T00:00,2026-02-08T21:00,21,11.86,88,6.96,12.5,-1.4,950.2
2026-02-08T00:00,2026-02-08T22:00,22,12.19,85,7.05,12.0,-1.5,948.5
2026-02-08T00:00,2026-02-08T23:00,23,11.75,82,6.62,12.1,-2.0,946.8
2026-02-08T00:00,2026-02-09T00:00,24,10.62,76,6.04,11.3,-2.5,946.0
2026-02-08T00:00,2026-02-09T01:00,25,9.93,72,5.67,10.0,-3.2,945.7
2026-02-08T00:00,2026-02-09T02:00,26,9.86,73,5.64,9.6,-3.6,945.2
2026-02-08T00:00,2026-02-09T03:00,27,9.63,71,5.71,9.4,-2.7,944.9
2026-02-08T00:00,2026-02-09T04:00,28,9.28,67,5.46,9.8,-0.1,944.5
2026-02-08T00:00,2026-02-09T05:00,29,9.57,65,5.93,10.6,2.9,943.9
2026-02-08T00:00,2026-02-09T06:00,30,9.68,63,6.82,12.2,4.5,943.1
2026-02-08T00:00,2026-02-09T07:00,31,9.87,65,7.02,12.8,5.9,942.0
2026-02-08T00:00,2026-02-09T08:00,32,9.24,65,6.4,12.7,6.4,940.7
2026-02-08T00:00,2026-02-09T09:00,33,10.33,73,5.73,11.3,7.1,939.9
2026-02-08T00:00,2026-02-09T10:00,34,9.56,74,6.08,10.4,7.1,939.4
2026-02-08T00:00,2026-02-09T11:00,35,9.32,73,5.35,10.2,5.8,939.1
2026-02-08T00:00,2026-02-09T12:00,36,8.7,69,4.34,8.8,3.0,938.5
2026-02-08T00:00,2026-02-09T13:00,37,6.96,69,2.96,7.0,0.5,938.4
2026-02-08T00:00,2026-02-09T14:00,38,5.79,63,2.26,4.7,-0.7,938.5
2026-02-08T00:00,2026-02-09T15:00,39,3.1,59,0.93,3.8,-0.3,939.6
2026-02-08T00:00,2026-02-09T16:00,40,0.96,99,0.74,1.9,-0.5,940.1
2026-02-08T00:00,2026-02-09T17:00,41,2.06,96,1.1,2.2,-0.2,939.9
2026-02-08T00:00,2026-02-09T18:00,42,3.54,81,1.69,2.9,0.7,940.0
2026-02-08T00:00,2026-02-09T19:00,43,4.89,76,2.29,3.9,1.3,939.6
2026-02-08T00:00,2026-02-09T20:00,44,4.37,68,1.69,3.8,0.4,939.3
2026-02-08T00:00,2026-02-09T21:00,45,4.59,74,1.79,3.1,0.4,939.1
2026-02-08T00:00,2026-02-09T22:00,46,5.22,67,1.9,3.3,0.5,938.9
2026-02-08T00:00,2026-02-09T23:00,47,4.78,69,1.68,3.2,0.3,939.5
2026-02-08T00:00,2026-02-10T00:00,48,4.63,83,1.87,3.2,0.7,940.5
2026-02-08T00:00,2026-02-10T01:00,49,5.8,90,2.58,5.2,1.7,941.1
2026-02-08T00:00,2026-02-10T02:00,50,3.41,238,2.05,4.1,1.2,943.4
2026-02-08T00:00,2026-02-10T03:00,51,5.51,249,2.93,5.3,2.5,945.7
2026-02-08T00:00,2026-02-10T04:00,52,3.15,216,1.92,4.6,4.5,946.6
2026-02-08T00:00,2026-02-10T05:00,53,5.06,256,2.84,5.0,6.1,947.7
2026-02-08T00:00,2026-02-10T06:00,54,6.25,251,4.47,8.3,7.6,949.5
2026-02-08T00:00,2026-02-10T07:00,55,6.12,237,4.57,8.4,8.2,949.3
2026-02-08T00:00,2026-02-10T08:00,56,8.09,256,5.85,10.5,9.7,949.4
2026-02-08T00:00,2026-02-10T09:00,57,7.71,255,5.44,10.9,10.8,949.1
2026-02-08T00:00,2026-02-10T10:00,58,6.96,238,4.65,9.5,10.2,948.8
2026-02-08T00:00,2026-02-10T11:00,59,6.95,221,3.52,7.6,8.3,948.3
2026-02-08T00:00,2026-02-10T12:00,60,5.87,200,2.66,5.7,4.9,947.5
2026-02-08T00:00,2026-02-10T13:00,61,3.75,180,2.66,4.9,1.4,946.5
2026-02-08T00:00,2026-02-10T14:00,62,2.83,98,2.33,4.9,-0.3,945.8
2026-02-08T00:00,2026-02-10T15:00,63,8.36,72,4.2,6.6,1.8,946.6
2026-02-08T00:00,2026-02-10T16:00,64,9.57,68,4.93,8.2,1.6,946.2
2026-02-08T00:00,2026-02-10T17:00,65,10.07,68,5.44,8.7,0.9,945.7
2026-02-08T00:00,2026-02-10T18:00,66,10.65,70,5.72,9.4,0.8,944.6
2026-02-08T00:00,2026-02-10T19:00,67,10.31,73,5.64,9.3,1.1,944.3
2026-02-08T00:00,2026-02-10T20:00,68,9.82,78,5.35,9.3,0.7,943.7
2026-02-08T00:00,2026-02-10T21:00,69,9.02,68,4.81,8.8,0.5,944.3
2026-02-08T00:00,2026-02-10T22:00,70,6.57,74,3.11,8.0,0.2,945.0
2026-02-08T00:00,2026-02-10T23:00,71,3.27,83,1.43,5.0,-0.6,945.6
2026-02-08T06:00,2026-02-08T06:00,0,1.14,151,0.82,,3.2,962.8
2026-02-08T06:00,2026-02-08T07:00,1,1.69,78,0.85,2.4,3.7,961.6
2026-02-08T06:00,2026-02-08T08:00,2,3.74,65,1.97,4.5,4.3,960.8
2026-02-08T06:00,2026-02-08T09:00,3,5.95,63,3.52,7.0,4.3,960.2
2026-02-08T06:00,2026-02-08T10:00,4,8.05,65,4.72,8.9,3.9,959.6
2026-02-08T06:00,2026-02-08T11:00,5,9.45,69,5.39,9.4,2.8,958.8
2026-02-08T06:00,2026-02-08T12:00,6,10.32,76,5.76,9.8,0.9,957.8
2026-02-08T06:00,2026-02-08T13:00,7,10.84,79,6.23,10.2,-0.8,957.4
2026-02-08T06:00,2026-02-08T14:00,8,11.51,80,6.78,11.1,-1.2,957.0
2026-02-08T06:00,2026-02-08T15:00,9,11.9,81,7.3,12.2,-1.1,956.7
2026-02-08T06:00,2026-02-08T16:00,10,12.01,82,7.46,12.5,-1.0,956.2
2026-02-08T06:00,2026-02-08T17:00,11,12.36,84,7.61,12.7,-1.4,955.1
2026-02-08T06:00,2026-02-08T18:00,12,12.47,87,7.52,13.0,-1.3,954.1
2026-02-08T06:00,2026-02-08T19:00,13,11.77,87,6.97,12.6,-1.5,952.9
2026-02-08T06:00,2026-02-08T20:00,14,12.21,87,7.17,12.2,-1.3,951.6
2026-02-08T06:00,2026-02-08T21:00,15,11.75,90,6.83,12.3,-1.5,950.3
2026-02-08T06:00,2026-02-08T22:00,16,11.89,85,6.8,11.5,-1.9,948.5
2026-02-08T06:00,2026-02-08T23:00,17,11.37,83,6.64,11.9,-1.8,947.2
2026-02-08T06:00,2026-02-09T00:00,18,10.56,74,6.01,11.0,-2.6,946.6
2026-02-08T06:00,2026-02-09T01:00,19,10.06,73,5.77,9.9,-3.2,946.1
2026-02-08T06:00,2026-02-09T02:00,20,9.85,71,5.58,9.6,-3.6,945.5
2026-02-08T06:00,2026-02-09T03:00,21,9.72,71,5.78,9.5,-2.6,945.2
2026-02-08T06:00,2026-02-09T04:00,22,10.2,70,6.09,10.4,0.4,944.7
2026-02-08T06:00,2026-02-09T05:00,23,9.57,64,6.26,11.0,3.0,944.1
2026-02-08T06:00,2026-02-09T06:00,24,9.91,63,6.93,12.3,4.6,943.4
2026-02-08T06:00,2026-02-09T07:00,25,10.11,64,7.25,13.1,6.6,942.4
2026-02-08T06:00,2026-02-09T08:00,26,9.6,66,6.69,13.2,6.6,940.8
2026-02-08T06:00,2026-02-09T09:00,27,9.99,71,5.93,11.9,7.4,940.4
2026-02-08T06:00,2026-02-09T10:00,28,9.19,73,6.04,10.5,7.0,939.6
2026-02-08T06:00,2026-02-09T11:00,29,9.33,74,5.38,10.1,5.7,939.1
2026-02-08T06:00,2026-02-09T12:00,30,8.53,69,4.17,8.8,2.7,938.4
2026-02-08T06:00,2026-02-09T13:00,31,7.05,66,2.95,6.8,0.1,938.2
2026-02-08T06:00,2026-02-09T14:00,32,5.73,62,2.15,4.7,-1.2,938.5
2026-02-08T06:00,2026-02-09T15:00,33,3.11,64,1.03,3.6,-1.6,939.2
2026-02-08T06:00,2026-02-09T16:00,34,0.67,117,0.81,2.2,-0.9,940.0
2026-02-08T06:00,2026-02-09T17:00,35,2.05,89,1.07,2.2,-0.6,939.8
2026-02-08T06:00,2026-02-09T18:00,36,3.15,80,1.39,2.3,0.1,940.1
2026-02-08T06:00,2026-02-09T19:00,37,3.71,94,1.72,3.1,0.3,939.9
2026-02-08T06:00,2026-02-09T20:00,38,2.86,94,1.5,2.9,0.2,939.8
2026-02-08T06:00,2026-02-09T21:00,39,2.87,84,1.4,2.6,0.9,940.1
2026-02-08T06:00,2026-02-09T22:00,40,2.95,93,1.39,2.0,1.7,940.2
2026-02-08T06:00,2026-02-09T23:00,41,3.4,90,1.79,2.5,1.8,939.7
2026-02-08T06:00,2026-02-10T00:00,42,4.37,66,1.92,2.7,1.8,940.1
2026-02-08T06:00,2026-02-10T01:00,43,5.56,74,2.21,3.6,2.4,941.2
2026-02-08T06:00,2026-02-10T02:00,44,5.41,76,2.21,4.2,1.6,942.2
2026-02-08T06:00,2026-02-10T03:00,45,1.8,103,0.4,3.6,2.8,944.6
2026-02-08T06:00,2026-02-10T04:00,46,5.93,254,3.59,6.3,3.4,947.0
2026-02-08T06:00,2026-02-10T05:00,47,4.79,243,3.18,7.1,5.0,949.0
2026-02-08T06:00,2026-02-10T06:00,48,3.04,243,2.38,6.6,6.9,949.7
2026-02-08T06:00,2026-02-10T07:00,49,5.0,248,3.82,7.3,7.7,950.2
2026-02-08T06:00,2026-02-10T08:00,50,7.39,254,5.41,10.2,9.9,949.7
2026-02-08T06:00,2026-02-10T09:00,51,4.92,253,3.68,9.7,10.5,949.4
2026-02-08T06:00,2026-02-10T10:00,52,5.01,234,3.55,6.7,10.1,949.0
2026-02-08T06:00,2026-02-10T11:00,53,5.67,210,2.83,5.8,8.3,948.6
2026-02-08T06:00,2026-02-10T12:00,54,5.7,179,3.05,4.8,4.8,947.2
2026-02-08T06:00,2026-02-10T13:00,55,4.96,158,3.18,5.7,2.1,945.9
2026-02-08T06:00,2026-02-10T14:00,56,6.37,85,3.23,5.6,1.4,946.1
2026-02-08T06:00,2026-02-10T15:00,57,9.34,69,4.86,7.6,1.8,946.5
2026-02-08T06:00,2026-02-10T16:00,58,9.77,67,5.13,8.3,1.0,945.8
2026-02-08T06:00,2026-02-10T17:00,59,10.43,66,5.64,9.0,0.9,945.6
2026-02-08T06:00,2026-02-10T18:00,60,10.96,71,5.97,10.1,1.2,945.1
2026-02-08T06:00,2026-02-10T19:00,61,10.09,71,5.53,9.8,0.7,944.9
2026-02-08T06:00,2026-02-10T20:00,62,9.7,76,5.25,9.1,0.3,944.3
2026-02-08T06:00,2026-02-10T21:00,63,8.1,66,3.95,8.5,-0.1,944.6
2026-02-08T06:00,2026-02-10T22:00,64,5.04,76,2.17,6.5,-0.4,945.8
2026-02-08T06:00,2026-02-10T23:00,65,1.84,68,0.81,3.6,-1.5,946.2
2026-02-08T06:00,2026-02-11T00:00,66,2.4,179,2.01,3.7,-0.9,947.4
2026-02-08T06:00,2026-02-11T01:00,67,1.73,202,1.06,4.0,-1.1,947.5
2026-02-08T06:00,2026-02-11T02:00,68,3.27,219,1.81,3.1,0.7,948.7
2026-02-08T06:00,2026-02-11T03:00,69,4.38,215,2.17,4.2,3.1,950.0
2026-02-08T06:00,2026-02-11T04:00,70,4.1,257,2.7,4.5,5.2,951.5
2026-02-08T06:00,2026-02-11T05:00,71,5.29,230,3.75,7.2,6.7,953.1
2026-02-08T12:00,2026-02-08T12:00,0,10.64,77,6.14,,0.8,957.9
2026-02-08T12:00,2026-02-08T13:00,1,10.84,81,6.17,10.4,-0.6,957.4
2026-02-08T12:00,2026-02-08T14:00,2,11.44,79,6.79,11.2,-1.0,957.3
2026-02-08T12:00,2026-02-08T15:00,3,11.87,80,7.42,12.5,-0.4,957.0
2026-02-08T12:00,2026-02-08T16:00,4,11.96,81,7.41,12.5,-0.9,956.2
2026-02-08T12:00,2026-02-08T17:00,5,12.45,83,7.72,12.8,-1.3,955.0
2026-02-08T12:00,2026-02-08T18:00,6,12.57,87,7.7,13.1,-1.3,953.6
2026-02-08T12:00,2026-02-08T19:00,7,12.11,88,7.34,12.9,-1.3,952.5
2026-02-08T12:00,2026-02-08T20:00,8,12.2,90,7.29,12.4,-1.3,951.1
2026-02-08T12:00,2026-02-08T21:00,9,11.85,89,7.14,12.4,-1.5,949.6
2026-02-08T12:00,2026-02-08T22:00,10,11.73,86,7.03,11.9,-1.6,948.1
2026-02-08T12:00,2026-02-08T23:00,11,11.58,83,6.79,11.7,-1.9,946.6
2026-02-08T12:00,2026-02-09T00:00,12,10.71,77,6.05,11.3,-2.5,945.8
2026-02-08T12:00,2026-02-09T01:00,13,9.87,72,5.62,10.0,-3.0,945.4
2026-02-08T12:00,2026-02-09T02:00,14,9.71,72,5.65,9.5,-3.2,944.8
2026-02-08T12:00,2026-02-09T03:00,15,9.71,71,5.78,9.5,-2.5,944.5
2026-02-08T12:00,2026-02-09T04:00,16,9.24,65,5.31,9.9,-0.1,944.4
2026-02-08T12:00,2026-02-09T05:00,17,8.79,62,6.05,10.8,2.6,944.0
2026-02-08T12:00,2026-02-09T06:00,18,9.5,63,6.72,12.0,4.7,943.2
2026-02-08T12:00,2026-02-09T07:00,19,9.8,65,7.02,12.7,6.6,942.1
2026-02-08T12:00,2026-02-09T08:00,20,9.39,65,6.24,12.6,6.3,940.6
2026-02-08T12:00,2026-02-09T09:00,21,8.92,68,5.64,11.0,6.9,939.9
2026-02-08T12:00,2026-02-09T10:00,22,8.61,67,5.39,9.8,6.9,939.7
2026-02-08T12:00,2026-02-09T11:00,23,8.62,70,4.86,9.5,5.6,939.0
2026-02-08T12:00,2026-02-09T12:00,24,7.94,70,3.71,8.0,2.4,938.1
2026-02-08T12:00,2026-02-09T13:00,25,6.78,66,2.81,6.0,-0.3,938.0
2026-02-08T12:00,2026-02-09T14:00,26,5.37,56,1.8,4.5,-1.5,938.6
2026-02-08T12:00,2026-02-09T15:00,27,3.8,65,1.37,3.0,-1.6,939.1
2026-02-08T12:00,2026-02-09T16:00,28,2.43,76,0.99,2.9,-1.2,939.1
2026-02-08T12:00,2026-02-09T17:00,29,1.85,87,0.85,2.4,-1.0,939.2
2026-02-08T12:00,2026-02-09T18:00,30,3.88,75,1.61,3.0,-0.8,939.2
2026-02-08T12:00,2026-02-09T19:00,31,4.17,71,1.52,3.0,-1.1,939.5
2026-02-08T12:00,2026-02-09T20:00,32,2.5,106,1.28,2.5,-0.2,940.4
2026-02-08T12:00,2026-02-09T21:00,33,1.98,146,1.3,2.4,0.1,940.4
2026-02-08T12:00,2026-02-09T22:00,34,1.84,119,1.32,2.6,1.0,940.0
2026-02-08T12:00,2026-02-09T23:00,35,1.1,90,0.39,2.6,2.2,940.5
2026-02-08T12:00,2026-02-10T00:00,36,1.98,111,0.54,0.8,2.8,941.4
2026-02-08T12:00,2026-02-10T01:00,37,1.35,121,0.4,1.2,3.0,942.0
2026-02-08T12:00,2026-02-10T02:00,38,1.35,88,0.39,0.9,2.6,943.5
2026-02-08T12:00,2026-02-10T03:00,39,3.22,228,1.56,2.4,3.4,945.1
2026-02-08T12:00,2026-02-10T04:00,40,1.47,260,0.89,2.5,5.5,946.2
2026-02-08T12:00,2026-02-10T05:00,41,5.16,267,3.15,6.1,5.0,948.3
2026-02-08T12:00,2026-02-10T06:00,42,5.04,233,3.5,6.9,7.1,949.2
2026-02-08T12:00,2026-02-10T07:00,43,4.54,253,3.56,6.8,8.5,948.9
2026-02-08T12:00,2026-02-10T08:00,44,7.01,254,5.08,9.2,9.6,949.0
2026-02-08T12:00,2026-02-10T09:00,45,6.31,245,4.52,9.3,10.9,948.5
2026-02-08T12:00,2026-02-10T10:00,46,4.99,242,3.29,7.9,10.5,948.4
2026-02-08T12:00,2026-02-10T11:00,47,4.59,237,1.84,5.2,7.8,948.0
2026-02-08T12:00,2026-02-10T12:00,48,4.0,228,1.5,2.4,4.3,947.7
2026-02-08T12:00,2026-02-10T13:00,49,4.36,170,2.98,5.2,1.8,946.2
2026-02-08T12:00,2026-02-10T14:00,50,2.86,78,1.88,5.3,0.3,945.8
2026-02-08T12:00,2026-02-10T15:00,51,7.73,68,3.75,6.2,1.5,946.8
2026-02-08T12:00,2026-02-10T16:00,52,7.9,66,3.8,6.3,0.8,946.7
2026-02-08T12:00,2026-02-10T17:00,53,8.79,65,4.42,7.1,0.5,946.0
2026-02-08T12:00,2026-02-10T18:00,54,9.22,61,4.66,7.5,0.2,945.5
2026-02-08T12:00,2026-02-10T19:00,55,8.81,71,4.71,7.6,-0.2,945.5
2026-02-08T12:00,2026-02-10T20:00,56,8.38,70,4.3,7.6,-0.3,944.7
2026-02-08T12:00,2026-02-10T21:00,57,8.81,68,4.61,7.7,-0.5,944.6
2026-02-08T12:00,2026-02-10T22:00,58,5.81,62,2.28,7.5,-0.1,945.9
2026-02-08T12:00,2026-02-10T23:00,59,3.11,109,1.81,3.7,-0.1,946.6
2026-02-08T12:00,2026-02-11T00:00,60,1.48,152,1.29,3.1,-0.5,947.0
2026-02-08T12:00,2026-02-11T01:00,61,2.76,274,1.38,2.8,-0.9,948.8
2026-02-08T12:00,2026-02-11T02:00,62,5.28,199,3.15,5.5,-0.2,949.2
2026-02-08T12:00,2026-02-11T03:00,63,3.91,205,1.75,5.2,2.2,949.7
2026-02-08T12:00,2026-02-11T04:00,64,1.5,255,0.7,2.7,5.1,951.2
2026-02-08T12:00,2026-02-11T05:00,65,0.62,256,0.78,3.0,7.2,951.5
2026-02-08T12:00,2026-02-11T06:00,66,3.78,262,3.0,6.2,8.2,952.6
2026-02-08T12:00,2026-02-11T07:00,67,5.98,260,4.57,8.8,9.3,952.9
2026-02-08T12:00,2026-02-11T08:00,68,8.51,252,6.33,11.1,8.6,952.6
2026-02-08T12:00,2026-02-11T09:00,69,9.83,246,7.16,12.5,7.5,952.9
2026-02-08T12:00,2026-02-11T10:00,70,12.48,253,8.7,15.1,6.0,954.2
2026-02-08T12:00,2026-02-11T11:00,71,13.14,253,8.91,17.1,3.5,955.8
2026-02-08T18:00,2026-02-08T18:00,0,13.31,92,8.26,,-0.9,954.1
2026-02-08T18:00,2026-02-08T19:00,1,12.2,90,7.38,13.7,-1.0,952.9
2026-02-08T18:00,2026-02-08T20:00,2,12.2,90,7.28,12.4,-1.1,951.6
2026-02-08T18:00,2026-02-08T21:00,3,12.11,88,7.36,12.6,-1.1,950.1
2026-02-08T18:00,2026-02-08T22:00,4,11.76,84,7.12,12.3,-1.2,948.6
2026-02-08T18:00,2026-02-08T23:00,5,11.58,81,6.84,12.0,-1.4,947.5
2026-02-08T18:00,2026-02-09T00:00,6,10.49,76,6.0,11.6,-2.1,946.5
2026-02-08T18:00,2026-02-09T01:00,7,9.8,71,5.61,9.9,-2.7,946.1
2026-02-08T18:00,2026-02-09T02:00,8,9.84,71,5.65,9.5,-3.2,945.2
2026-02-08T18:00,2026-02-09T03:00,9,9.61,71,5.75,9.5,-2.5,945.1
2026-02-08T18:00,2026-02-09T04:00,10,9.12,67,5.31,9.8,-0.1,944.9
2026-02-08T18:00,2026-02-09T05:00,11,9.42,65,6.15,11.1,3.2,944.3
2026-02-08T18:00,2026-02-09T06:00,12,9.71,62,6.81,12.2,4.7,943.5
2026-02-08T18:00,2026-02-09T07:00,13,9.59,64,6.82,12.5,5.9,942.5
2026-02-08T18:00,2026-02-09T08:00,14,8.84,65,6.02,12.3,6.8,941.4
2026-02-08T18:00,2026-02-09T09:00,15,8.56,67,5.34,10.5,6.8,940.4
2026-02-08T18:00,2026-02-09T10:00,16,8.6,70,5.62,9.7,6.7,939.9
2026-02-08T18:00,2026-02-09T11:00,17,8.95,71,5.13,9.5,5.6,939.2
2026-02-08T18:00,2026-02-09T12:00,18,8.05,71,3.75,8.4,2.4,938.6
2026-02-08T18:00,2026-02-09T13:00,19,6.35,65,2.47,6.1,-0.3,938.6
2026-02-08T18:00,2026-02-09T14:00,20,6.0,61,2.35,4.0,-1.3,938.5
2026-02-08T18:00,2026-02-09T15:00,21,5.99,59,2.3,4.2,-1.6,938.2
2026-02-08T18:00,2026-02-09T16:00,22,4.01,59,1.19,3.9,-1.8,938.5
2026-02-08T18:00,2026-02-09T17:00,23,2.11,68,0.78,2.2,-1.5,938.9
2026-02-08T18:00,2026-02-09T18:00,24,2.19,79,0.96,2.2,-0.5,939.2
2026-02-08T18:00,2026-02-09T19:00,25,3.07,83,1.33,2.5,-0.8,939.3
2026-02-08T18:00,2026-02-09T20:00,26,2.41,96,1.2,2.5,-0.3,940.0
2026-02-08T18:00,2026-02-09T21:00,27,2.2,131,1.47,2.8,0.4,940.4
2026-02-08T18:00,2026-02-09T22:00,28,2.17,218,1.26,2.8,0.6,940.7
2026-02-08T18:00,2026-02-09T23:00,29,3.04,226,1.59,2.5,1.5,941.0
2026-02-08T18:00,2026-02-10T00:00,30,2.14,233,0.49,2.2,2.4,941.6
2026-02-08T18:00,2026-02-10T01:00,31,3.1,267,1.41,1.6,1.5,942.4
2026-02-08T18:00,2026-02-10T02:00,32,4.65,258,1.97,2.6,0.2,943.8
2026-02-08T18:00,2026-02-10T03:00,33,4.07,241,1.66,3.0,2.5,945.6
2026-02-08T18:00,2026-02-10T04:00,34,3.76,253,2.25,3.8,4.7,946.9
2026-02-08T18:00,2026-02-10T05:00,35,3.15,252,2.27,4.6,6.3,948.0
2026-02-08T18:00,2026-02-10T06:00,36,4.98,252,3.83,7.2,7.1,949.3
2026-02-08T18:00,2026-02-10T07:00,37,4.3,241,3.13,7.3,7.7,949.3
2026-02-08T18:00,2026-02-10T08:00,38,4.05,269,3.2,6.3,8.4,949.5
2026-02-08T18:00,2026-02-10T09:00,39,5.74,250,3.93,7.2,10.2,949.3
2026-02-08T18:00,2026-02-10T10:00,40,5.37,245,3.46,6.9,10.4,949.1
2026-02-08T18:00,2026-02-10T11:00,41,6.53,220,3.36,5.7,9.0,948.7
2026-02-08T18:00,2026-02-10T12:00,42,5.82,203,2.66,5.4,4.8,947.7
2026-02-08T18:00,2026-02-10T13:00,43,3.1,181,2.28,4.3,1.6,946.8
2026-02-08T18:00,2026-02-10T14:00,44,3.91,94,2.48,4.6,0.5,946.4
2026-02-08T18:00,2026-02-10T15:00,45,7.59,70,3.8,6.0,1.5,946.9
2026-02-08T18:00,2026-02-10T16:00,46,9.53,66,5.04,8.0,1.4,946.7
2026-02-08T18:00,2026-02-10T17:00,47,10.64,67,5.81,9.3,1.0,945.7
2026-02-08T18:00,2026-02-10T18:00,48,12.19,63,6.79,11.1,1.0,945.1
2026-02-08T18:00,2026-02-10T19:00,49,10.99,70,6.01,11.3,1.2,944.8
2026-02-08T18:00,2026-02-10T20:00,50,9.11,70,4.78,9.9,0.8,944.9
2026-02-08T18:00,2026-02-10T21:00,51,8.08,72,3.97,7.9,0.3,944.5
2026-02-08T18:00,2026-02-10T22:00,52,6.55,65,2.98,6.6,-0.1,945.6
2026-02-08T18:00,2026-02-10T23:00,53,3.15,90,1.43,4.8,-0.2,946.8
2026-02-08T18:00,2026-02-11T00:00,54,2.0,193,1.5,2.5,-0.8,948.4
2026-02-08T18:00,2026-02-11T01:00,55,3.27,203,2.21,3.8,-0.4,948.9
2026-02-08T18:00,2026-02-11T02:00,56,2.95,206,1.46,8.6,0.7,949.2
2026-02-08T18:00,2026-02-11T03:00,57,1.3,148,0.54,2.2,2.3,949.7
2026-02-08T18:00,2026-02-11T04:00,58,1.46,142,1.33,2.7,6.1,950.8
2026-02-08T18:00,2026-02-11T05:00,59,1.39,128,0.81,3.4,9.1,950.6
2026-02-08T18:00,2026-02-11T06:00,60,2.06,29,1.8,4.7,10.7,950.4
2026-02-08T18:00,2026-02-11T07:00,61,2.22,324,1.9,5.8,10.8,951.2
2026-02-08T18:00,2026-02-11T08:00,62,4.71,274,3.72,7.1,11.0,951.1
2026-02-08T18:00,2026-02-11T09:00,63,9.46,273,6.86,11.7,9.7,951.6
2026-02-08T18:00,2026-02-11T10:00,64,11.22,253,7.99,14.6,7.3,952.8
2026-02-08T18:00,2026-02-11T11:00,65,12.1,243,7.91,14.2,5.0,953.4
2026-02-08T18:00,2026-02-11T12:00,66,11.78,244,7.42,13.9,3.7,953.6
2026-02-08T18:00,2026-02-11T13:00,67,12.35,245,7.68,13.2,2.8,955.2
2026-02-08T18:00,2026-02-11T14:00,68,12.32,250,7.75,13.2,2.4,956.3
2026-02-08T18:00,2026-02-11T15:00,69,11.58,255,7.45,13.8,1.5,957.7
2026-02-08T18:00,2026-02-11T16:00,70,8.9,260,5.43,12.5,0.7,958.7
2026-02-08T18:00,2026-02-11T17:00,71,7.45,255,4.71,9.2,0.3,959.4
2026-02-09T00:00,2026-02-09T00:00,0,10.76,82,6.23,,-1.9,946.8
2026-02-09T00:00,2026-02-09T01:00,1,9.83,72,5.77,10.4,-2.8,946.3
2026-02-09T00:00,2026-02-09T02:00,2,10.07,72,5.72,9.9,-2.9,945.6
2026-02-09T00:00,2026-02-09T03:00,3,9.87,71,5.86,9.6,-2.2,945.4
2026-02-09T00:00,2026-02-09T04:00,4,9.61,66,5.59,10.0,0.2,945.3
2026-02-09T00:00,2026-02-09T05:00,5,9.29,66,6.13,10.8,3.1,944.6
2026-02-09T00:00,2026-02-09T06:00,6,9.46,63,6.8,12.1,4.7,943.8
2026-02-09T00:00,2026-02-09T07:00,7,9.53,65,6.8,12.3,5.9,942.6
2026-02-09T00:00,2026-02-09T08:00,8,9.16,67,6.29,12.3,6.5,941.3
2026-02-09T00:00,2026-02-09T09:00,9,8.83,69,5.68,11.1,7.6,940.6
2026-02-09T00:00,2026-02-09T10:00,10,8.7,69,5.55,9.9,6.9,940.1
2026-02-09T00:00,2026-02-09T11:00,11,8.71,70,5.02,9.5,5.7,939.6
2026-02-09T00:00,2026-02-09T12:00,12,8.21,70,4.01,8.2,2.6,938.9
2026-02-09T00:00,2026-02-09T13:00,13,7.67,68,3.45,6.5,0.4,938.4
2026-02-09T00:00,2026-02-09T14:00,14,7.45,63,3.2,5.6,-0.6,938.1
2026-02-09T00:00,2026-02-09T15:00,15,6.6,65,2.77,5.1,-0.6,938.5
2026-02-09T00:00,2026-02-09T16:00,16,5.54,68,2.21,4.5,-1.3,938.3
2026-02-09T00:00,2026-02-09T17:00,17,4.07,62,1.33,3.9,-1.6,938.5
2026-02-09T00:00,2026-02-09T18:00,18,0.47,72,0.68,2.4,-1.6,939.7
2026-02-09T00:00,2026-02-09T19:00,19,1.43,144,1.04,2.1,-1.1,939.7
2026-02-09T00:00,2026-02-09T20:00,20,2.8,91,1.53,2.8,-0.9,939.4
2026-02-09T00:00,2026-02-09T21:00,21,3.1,87,1.57,2.9,-0.5,939.9
2026-02-09T00:00,2026-02-09T22:00,22,3.01,96,1.56,2.9,-0.2,939.7
2026-02-09T00:00,2026-02-09T23:00,23,2.21,95,1.06,2.8,1.0,939.9
2026-02-09T00:00,2026-02-10T00:00,24,1.28,121,0.45,1.5,2.6,941.3
2026-02-09T00:00,2026-02-10T01:00,25,3.69,234,1.71,1.9,1.6,942.4
2026-02-09T00:00,2026-02-10T02:00,26,4.52,244,2.09,3.7,0.7,943.3
2026-02-09T00:00,2026-02-10T03:00,27,5.61,243,2.45,3.8,3.0,945.1
2026-02-09T00:00,2026-02-10T04:00,28,4.64,259,2.5,4.5,5.6,947.3
2026-02-09T00:00,2026-02-10T05:00,29,5.33,246,3.78,6.8,6.0,948.6
2026-02-09T00:00,2026-02-10T06:00,30,7.89,226,5.13,8.6,6.8,949.2
2026-02-09T00:00,2026-02-10T07:00,31,10.31,249,4.78,9.3,8.5,949.1
2026-02-09T00:00,2026-02-10T08:00,32,8.71,257,5.59,9.5,10.0,949.3
2026-02-09T00:00,2026-02-10T09:00,33,8.31,254,5.02,9.8,10.3,949.5
2026-02-09T00:00,2026-02-10T10:00,34,6.55,243,4.23,8.4,10.6,949.7
2026-02-09T00:00,2026-02-10T11:00,35,6.81,212,3.58,6.9,8.4,949.6
2026-02-09T00:00,2026-02-10T12:00,36,7.1,203,4.25,7.0,5.5,948.8
2026-02-09T00:00,2026-02-10T13:00,37,6.2,187,3.83,7.1,4.4,948.1
2026-02-09T00:00,2026-02-10T14:00,38,4.25,156,3.13,6.4,2.2,947.2
2026-02-09T00:00,2026-02-10T15:00,39,6.2,83,3.1,5.6,1.0,947.3
2026-02-09T00:00,2026-02-10T16:00,40,8.53,70,4.35,6.9,1.1,947.9
2026-02-09T00:00,2026-02-10T17:00,41,9.56,69,4.99,8.0,0.8,947.0
2026-02-09T00:00,2026-02-10T18:00,42,11.07,64,5.98,9.7,1.1,945.9
2026-02-09T00:00,2026-02-10T19:00,43,11.11,69,6.1,10.2,1.1,945.0
2026-02-09T00:00,2026-02-10T20:00,44,9.42,66,4.98,10.1,0.7,945.7
2026-02-09T00:00,2026-02-10T21:00,45,8.82,83,4.75,8.2,0.2,945.3
2026-02-09T00:00,2026-02-10T22:00,46,7.68,75,3.82,7.8,0.7,945.0
2026-02-09T00:00,2026-02-10T23:00,47,6.84,75,3.23,6.5,0.0,945.9
2026-02-09T00:00,2026-02-11T00:00,48,3.78,62,1.35,5.2,-0.7,947.4
2026-02-09T00:00,2026-02-11T01:00,49,2.3,132,1.57,3.0,-1.4,948.4
2026-02-09T00:00,2026-02-11T02:00,50,2.11,158,1.88,3.6,-1.2,948.6
2026-02-09T00:00,2026-02-11T03:00,51,1.19,195,1.32,4.1,1.5,949.8
2026-02-09T00:00,2026-02-11T04:00,52,4.12,216,2.6,4.5,6.1,951.2
2026-02-09T00:00,2026-02-11T05:00,53,2.17,218,0.63,4.5,9.5,950.7
2026-02-09T00:00,2026-02-11T06:00,54,2.97,290,2.53,5.9,9.8,951.6
2026-02-09T00:00,2026-02-11T07:00,55,2.88,253,2.2,5.8,11.1,951.3
2026-02-09T00:00,2026-02-11T08:00,56,5.99,264,4.57,8.2,11.7,951.1
2026-02-09T00:00,2026-02-11T09:00,57,9.68,274,6.92,12.5,9.9,951.8
2026-02-09T00:00,2026-02-11T10:00,58,11.52,262,8.14,13.9,7.7,952.3
2026-02-09T00:00,2026-02-11T11:00,59,11.61,243,7.62,14.6,5.4,953.2
2026-02-09T00:00,2026-02-11T12:00,60,13.46,248,8.66,14.7,3.7,954.4
2026-02-09T00:00,2026-02-11T13:00,61,12.24,245,7.83,14.9,3.0,955.6
2026-02-09T00:00,2026-02-11T14:00,62,11.98,249,7.65,13.3,2.2,956.8
2026-02-09T00:00,2026-02-11T15:00,63,10.49,250,6.6,13.0,1.1,957.6
2026-02-09T00:00,2026-02-11T16:00,64,9.24,245,5.8,11.2,0.7,958.2
2026-02-09T00:00,2026-02-11T17:00,65,8.77,242,5.49,9.8,0.5,958.5
2026-02-09T00:00,2026-02-11T18:00,66,7.74,233,4.72,9.3,0.3,958.2
2026-02-09T00:00,2026-02-11T19:00,67,7.01,228,4.05,8.0,-0.1,957.8
2026-02-09T00:00,2026-02-11T20:00,68,7.11,224,4.02,6.8,-0.7,957.7
2026-02-09T00:00,2026-02-11T21:00,69,6.95,229,3.89,6.8,-0.3,957.7
2026-02-09T00:00,2026-02-11T22:00,70,7.02,232,4.0,6.7,0.0,957.7
2026-02-09T00:00,2026-02-11T23:00,71,6.66,234,3.81,6.9,0.3,958.2
2026-02-09T06:00,2026-02-09T06:00,0,9.09,66,6.44,,4.7,944.3
2026-02-09T06:00,2026-02-09T07:00,1,9.67,66,6.93,12.6,5.9,942.8
2026-02-09T06:00,2026-02-09T08:00,2,9.57,68,6.6,12.7,6.7,941.7
2026-02-09T06:00,2026-02-09T09:00,3,8.87,68,5.79,11.8,6.9,941.2
2026-02-09T06:00,2026-02-09T10:00,4,8.22,70,5.04,10.0,6.5,940.7
2026-02-09T06:00,2026-02-09T11:00,5,7.95,72,4.62,8.6,5.4,939.9
2026-02-09T06:00,2026-02-09T12:00,6,8.34,69,4.14,7.6,2.2,939.0
2026-02-09T06:00,2026-02-09T13:00,7,8.24,66,3.86,6.7,0.5,938.7
2026-02-09T06:00,2026-02-09T14:00,8,7.56,66,3.35,6.2,-0.4,938.5
2026-02-09T06:00,2026-02-09T15:00,9,6.58,65,2.67,5.4,-1.0,938.6
2026-02-09T06:00,2026-02-09T16:00,10,4.84,67,1.7,4.4,-1.4,939.0
2026-02-09T06:00,2026-02-09T17:00,11,2.64,65,0.88,3.1,-1.7,939.4
2026-02-09T06:00,2026-02-09T18:00,12,0.67,132,0.84,1.8,-1.3,940.2
2026-02-09T06:00,2026-02-09T19:00,13,1.74,141,1.13,2.1,-0.4,940.3
2026-02-09T06:00,2026-02-09T20:00,14,3.57,84,1.84,3.3,-0.9,939.7
2026-02-09T06:00,2026-02-09T21:00,15,3.71,76,1.58,3.2,-0.5,940.3
2026-02-09T06:00,2026-02-09T22:00,16,4.41,87,1.88,3.3,-0.1,940.0
2026-02-09T06:00,2026-02-09T23:00,17,3.4,76,1.38,3.3,0.1,940.4
2026-02-09T06:00,2026-02-10T00:00,18,3.15,117,1.91,2.7,1.3,941.1
2026-02-09T06:00,2026-02-10T01:00,19,2.57,98,1.5,3.4,1.1,941.2
2026-02-09T06:00,2026-02-10T02:00,20,4.81,94,2.52,4.5,2.6,942.2
2026-02-09T06:00,2026-02-10T03:00,21,7.47,274,4.21,5.5,2.4,945.5
2026-02-09T06:00,2026-02-10T04:00,22,7.27,248,3.85,8.4,2.9,948.2
2026-02-09T06:00,2026-02-10T05:00,23,5.27,253,2.91,6.9,4.7,949.2
2026-02-09T06:00,2026-02-10T06:00,24,3.28,249,2.51,5.7,6.0,950.0
2026-02-09T06:00,2026-02-10T07:00,25,3.37,229,2.55,5.4,7.7,950.2
2026-02-09T06:00,2026-02-10T08:00,26,4.99,249,3.53,6.5,9.3,949.5
2026-02-09T06:00,2026-02-10T09:00,27,5.99,257,3.91,6.9,10.2,949.6
2026-02-09T06:00,2026-02-10T10:00,28,5.83,248,4.03,7.1,10.9,950.0
2026-02-09T06:00,2026-02-10T11:00,29,5.91,214,3.1,6.5,7.9,949.6
2026-02-09T06:00,2026-02-10T12:00,30,6.59,199,4.15,6.8,5.0,948.6
2026-02-09T06:00,2026-02-10T13:00,31,4.75,192,3.03,6.7,3.2,948.2
2026-02-09T06:00,2026-02-10T14:00,32,3.25,149,2.8,5.1,0.8,947.4
2026-02-09T06:00,2026-02-10T15:00,33,6.44,78,3.21,5.3,0.8,947.5
2026-02-09T06:00,2026-02-10T16:00,34,8.38,68,4.11,6.6,1.2,947.8
2026-02-09T06:00,2026-02-10T17:00,35,9.7,67,5.06,8.1,0.9,947.2
2026-02-09T06:00,2026-02-10T18:00,36,10.87,65,5.85,9.4,0.7,946.5
2026-02-09T06:00,2026-02-10T19:00,37,10.83,70,5.84,10.0,0.9,945.4
2026-02-09T06:00,2026-02-10T20:00,38,9.63,67,5.08,9.6,0.9,945.9
2026-02-09T06:00,2026-02-10T21:00,39,8.02,70,3.97,8.4,-0.2,945.9
2026-02-09T06:00,2026-02-10T22:00,40,7.59,70,3.67,6.7,-0.2,946.0
2026-02-09T06:00,2026-02-10T23:00,41,6.2,66,2.85,6.2,-0.1,946.1
2026-02-09T06:00,2026-02-11T00:00,42,5.39,64,2.32,4.6,-0.3,946.9
2026-02-09T06:00,2026-02-11T01:00,43,2.0,89,1.04,3.7,-1.6,948.4
2026-02-09T06:00,2026-02-11T02:00,44,1.88,169,1.41,3.5,-1.1,948.1
2026-02-09T06:00,2026-02-11T03:00,45,3.17,78,1.99,3.3,0.9,949.2
2026-02-09T06:00,2026-02-11T04:00,46,2.73,131,1.87,5.1,5.1,949.1
2026-02-09T06:00,2026-02-11T05:00,47,5.08,62,3.08,6.0,8.0,949.7
2026-02-09T06:00,2026-02-11T06:00,48,4.37,57,3.32,7.0,9.5,949.2
2026-02-09T06:00,2026-02-11T07:00,49,4.13,19,3.07,7.8,8.3,950.1
2026-02-09T06:00,2026-02-11T08:00,50,1.2,185,0.97,6.3,9.7,950.1
2026-02-09T06:00,2026-02-11T09:00,51,7.67,274,5.81,9.0,11.0,950.9
2026-02-09T06:00,2026-02-11T10:00,52,12.22,258,8.56,15.1,6.3,953.0
2026-02-09T06:00,2026-02-11T11:00,53,12.7,247,8.36,15.3,4.5,953.5
2026-02-09T06:00,2026-02-11T12:00,54,13.14,246,8.21,14.7,3.4,954.3
2026-02-09T06:00,2026-02-11T13:00,55,11.21,245,6.93,14.1,2.7,955.3
2026-02-09T06:00,2026-02-11T14:00,56,10.49,244,6.46,11.7,1.9,956.0
2026-02-09T06:00,2026-02-11T15:00,57,10.94,241,6.77,11.8,1.5,956.8
2026-02-09T06:00,2026-02-11T16:00,58,9.64,243,5.94,11.6,1.3,957.2
2026-02-09T06:00,2026-02-11T17:00,59,9.08,244,5.48,10.1,0.8,957.4
2026-02-09T06:00,2026-02-11T18:00,60,8.31,237,4.91,9.4,0.4,957.4
2026-02-09T06:00,2026-02-11T19:00,61,7.41,235,4.08,8.4,0.0,957.2
2026-02-09T06:00,2026-02-11T20:00,62,7.52,230,4.22,7.1,-0.2,957.3
2026-02-09T06:00,2026-02-11T21:00,63,7.85,226,4.44,7.5,-0.4,957.5
2026-02-09T06:00,2026-02-11T22:00,64,8.18,229,4.85,8.2,0.1,957.9
2026-02-09T06:00,2026-02-11T23:00,65,7.49,233,4.44,8.2,0.2,958.1
2026-02-09T06:00,2026-02-12T00:00,66,6.28,230,3.65,7.4,0.4,958.6
2026-02-09T06:00,2026-02-12T01:00,67,5.08,238,2.72,6.0,0.3,959.1
2026-02-09T06:00,2026-02-12T02:00,68,3.12,238,1.2,4.4,0.2,958.6
2026-02-09T06:00,2026-02-12T03:00,69,1.16,277,0.61,1.9,0.4,958.7
2026-02-09T06:00,2026-02-12T04:00,70,1.54,335,1.23,3.6,1.1,958.3
2026-02-09T06:00,2026-02-12T05:00,71,1.89,12,1.59,4.5,2.0,957.5
2026-02-09T12:00,2026-02-09T12:00,0,7.94,65,3.62,,2.4,939.5
2026-02-09T12:00,2026-02-09T13:00,1,7.02,63,2.88,6.1,0.4,938.9
2026-02-09T12:00,2026-02-09T14:00,2,6.51,63,2.45,4.6,-0.6,938.8
2026-02-09T12:00,2026-02-09T15:00,3,5.55,67,2.17,4.0,-1.4,939.1
2026-02-09T12:00,2026-02-09T16:00,4,5.93,62,2.4,4.3,-0.8,939.2
2026-02-09T12:00,2026-02-09T17:00,5,4.22,68,1.43,4.0,-0.5,940.0
2026-02-09T12:00,2026-02-09T18:00,6,3.0,72,1.12,2.5,-0.4,940.0
2026-02-09T12:00,2026-02-09T19:00,7,4.82,77,2.16,3.4,0.0,939.6
2026-02-09T12:00,2026-02-09T20:00,8,5.43,70,2.16,3.8,-0.3,939.2
2026-02-09T12:00,2026-02-09T21:00,9,5.08,66,1.82,3.4,0.0,939.7
2026-02-09T12:00,2026-02-09T22:00,10,3.39,98,1.22,2.6,0.3,940.4
2026-02-09T12:00,2026-02-09T23:00,11,3.14,104,1.61,2.1,0.6,940.4
2026-02-09T12:00,2026-02-10T00:00,12,3.63,102,1.93,3.1,0.7,940.4
2026-02-09T12:00,2026-02-10T01:00,13,3.87,79,1.91,2.9,2.2,941.6
2026-02-09T12:00,2026-02-10T02:00,14,3.56,85,1.61,2.8,1.2,943.0
2026-02-09T12:00,2026-02-10T03:00,15,5.43,243,2.79,3.6,3.1,945.4
2026-02-09T12:00,2026-02-10T04:00,16,6.59,253,3.62,6.8,3.4,947.7
2026-02-09T12:00,2026-02-10T05:00,17,4.84,240,3.23,6.6,4.7,949.4
2026-02-09T12:00,2026-02-10T06:00,18,3.83,237,2.28,6.2,4.6,949.7
2026-02-09T12:00,2026-02-10T07:00,19,4.18,253,2.85,5.7,7.5,949.7
2026-02-09T12:00,2026-02-10T08:00,20,6.14,263,4.38,8.1,10.9,949.5
2026-02-09T12:00,2026-02-10T09:00,21,6.46,262,4.53,8.1,10.7,949.3
2026-02-09T12:00,2026-02-10T10:00,22,5.24,246,3.67,7.9,10.2,949.0
2026-02-09T12:00,2026-02-10T11:00,23,5.61,206,3.14,5.9,7.9,948.5
2026-02-09T12:00,2026-02-10T12:00,24,5.48,190,3.44,5.7,4.6,947.6
2026-02-09T12:00,2026-02-10T13:00,25,3.93,168,3.16,5.7,1.9,946.7
2026-02-09T12:00,2026-02-10T14:00,26,4.08,109,2.9,5.5,1.1,946.2
2026-02-09T12:00,2026-02-10T15:00,27,7.16,73,3.5,5.6,1.8,947.1
2026-02-09T12:00,2026-02-10T16:00,28,9.0,71,4.62,7.4,1.5,947.0
2026-02-09T12:00,2026-02-10T17:00,29,10.18,65,5.4,8.6,1.0,946.1
2026-02-09T12:00,2026-02-10T18:00,30,11.11,67,6.02,9.8,1.0,945.2
2026-02-09T12:00,2026-02-10T19:00,31,10.48,73,5.63,9.8,1.3,944.9
2026-02-09T12:00,2026-02-10T20:00,32,9.49,70,4.92,9.3,0.7,944.6
2026-02-09T12:00,2026-02-10T21:00,33,8.98,71,4.51,8.2,0.3,944.9
2026-02-09T12:00,2026-02-10T22:00,34,6.69,72,3.06,7.5,-0.2,945.1
2026-02-09T12:00,2026-02-10T23:00,35,4.55,71,1.9,4.9,-0.4,945.8
2026-02-09T12:00,2026-02-11T00:00,36,1.5,159,1.36,2.8,-0.7,947.9
2026-02-09T12:00,2026-02-11T01:00,37,3.66,212,2.0,3.5,-0.4,948.3
2026-02-09T12:00,2026-02-11T02:00,38,3.78,233,1.76,3.5,-0.6,949.0
2026-02-09T12:00,2026-02-11T03:00,39,2.57,207,1.61,3.2,1.9,950.3
2026-02-09T12:00,2026-02-11T04:00,40,1.42,148,0.62,2.8,5.6,950.4
2026-02-09T12:00,2026-02-11T05:00,41,2.2,89,1.89,4.2,8.3,950.1
2026-02-09T12:00,2026-02-11T06:00,42,2.54,58,1.97,5.2,9.7,950.0
2026-02-09T12:00,2026-02-11T07:00,43,2.74,31,2.19,5.8,9.8,950.1
2026-02-09T12:00,2026-02-11T08:00,44,1.7,268,1.35,5.5,10.8,950.4
2026-02-09T12:00,2026-02-11T09:00,45,10.19,281,7.21,13.2,8.3,951.6
2026-02-09T12:00,2026-02-11T10:00,46,10.73,258,7.49,12.7,6.7,951.6
2026-02-09T12:00,2026-02-11T11:00,47,12.45,248,8.12,14.4,5.0,953.0
2026-02-09T12:00,2026-02-11T12:00,48,13.19,248,8.39,14.7,3.5,954.2
2026-02-09T12:00,2026-02-11T13:00,49,11.94,247,7.58,14.4,2.2,955.4
2026-02-09T12:00,2026-02-11T14:00,50,12.01,247,7.45,12.8,1.4,956.3
2026-02-09T12:00,2026-02-11T15:00,51,10.9,245,6.74,12.9,1.0,956.9
2026-02-09T12:00,2026-02-11T16:00,52,9.68,240,6.0,11.5,0.5,957.6
2026-02-09T12:00,2026-02-11T17:00,53,8.57,236,4.95,10.1,-0.2,957.5
2026-02-09T12:00,2026-02-11T18:00,54,8.62,239,4.99,8.5,-0.2,957.9
2026-02-09T12:00,2026-02-11T19:00,55,8.25,231,4.89,8.7,-0.2,958.1
2026-02-09T12:00,2026-02-11T20:00,56,7.44,221,4.61,8.4,-0.1,957.8
2026-02-09T12:00,2026-02-11T21:00,57,8.17,225,4.98,8.4,0.0,958.4
2026-02-09T12:00,2026-02-11T22:00,58,7.32,226,4.45,8.4,0.3,958.2
2026-02-09T12:00,2026-02-11T23:00,59,7.21,236,4.28,7.4,0.5,958.7
2026-02-09T12:00,2026-02-12T00:00,60,6.31,236,3.75,7.1,0.4,959.4
2026-02-09T12:00,2026-02-12T01:00,61,5.45,237,3.04,6.2,0.1,959.9
2026-02-09T12:00,2026-02-12T02:00,62,3.97,234,2.09,5.1,-0.2,959.9
2026-02-09T12:00,2026-02-12T03:00,63,1.71,232,1.21,3.5,0.2,959.6
2026-02-09T12:00,2026-02-12T04:00,64,1.6,321,1.41,3.6,0.6,959.3
2026-02-09T12:00,2026-02-12T05:00,65,1.91,5,1.6,4.5,1.2,958.2
2026-02-09T12:00,2026-02-12T06:00,66,3.86,34,3.11,7.0,2.4,957.3
2026-02-09T12:00,2026-02-12T07:00,67,4.32,41,3.35,7.5,3.0,957.1
2026-02-09T12:00,2026-02-12T08:00,68,4.77,44,3.66,7.5,3.9,956.1
2026-02-09T12:00,2026-02-12T09:00,69,4.81,46,3.69,7.9,4.7,955.6
2026-02-09T12:00,2026-02-12T10:00,70,4.28,7,3.3,7.4,4.2,956.0
2026-02-09T12:00,2026-02-12T11:00,71,4.65,298,3.39,6.4,2.0,956.2
2026-02-09T18:00,2026-02-09T18:00,0,3.32,74,1.25,,0.6,940.9
2026-02-09T18:00,2026-02-09T19:00,1,5.02,77,2.43,4.0,0.5,939.9
2026-02-09T18:00,2026-02-09T20:00,2,6.75,64,2.76,4.6,0.4,939.2
2026-02-09T18:00,2026-02-09T21:00,3,5.66,63,1.96,4.5,-0.7,940.2
2026-02-09T18:00,2026-02-09T22:00,4,4.55,73,1.6,3.0,-0.5,940.6
2026-02-09T18:00,2026-02-09T23:00,5,5.21,78,2.12,3.5,0.1,940.3
2026-02-09T18:00,2026-02-10T00:00,6,6.15,66,2.25,3.7,0.4,940.6
2026-02-09T18:00,2026-02-10T01:00,7,4.35,68,1.35,3.8,0.8,942.8
2026-02-09T18:00,2026-02-10T02:00,8,5.28,244,2.45,4.6,0.6,944.8
2026-02-09T18:00,2026-02-10T03:00,9,4.37,240,2.57,4.0,1.7,946.2
2026-02-09T18:00,2026-02-10T04:00,10,5.99,239,3.61,5.8,3.6,947.6
2026-02-09T18:00,2026-02-10T05:00,11,5.96,235,3.51,6.0,4.4,949.0
2026-02-09T18:00,2026-02-10T06:00,12,4.7,225,3.13,6.1,5.8,949.7
2026-02-09T18:00,2026-02-10T07:00,13,5.15,247,2.91,6.2,7.5,949.7
2026-02-09T18:00,2026-02-10T08:00,14,5.66,249,4.18,7.6,9.7,949.5
2026-02-09T18:00,2026-02-10T09:00,15,6.02,255,4.46,8.3,11.1,949.5
2026-02-09T18:00,2026-02-10T10:00,16,4.85,245,3.4,7.9,10.5,949.6
2026-02-09T18:00,2026-02-10T11:00,17,5.59,214,3.1,5.4,8.2,949.2
2026-02-09T18:00,2026-02-10T12:00,18,6.29,198,3.86,6.2,5.1,948.5
2026-02-09T18:00,2026-02-10T13:00,19,5.53,174,3.51,6.3,3.5,947.7
2026-02-09T18:00,2026-02-10T14:00,20,4.63,137,2.94,5.8,2.3,946.7
2026-02-09T18:00,2026-02-10T15:00,21,7.24,75,3.6,5.7,1.6,947.3
2026-02-09T18:00,2026-02-10T16:00,22,9.28,68,4.83,7.7,1.3,947.2
2026-02-09T18:00,2026-02-10T17:00,23,10.41,68,5.71,9.2,0.9,946.6
2026-02-09T18:00,2026-02-10T18:00,24,11.34,65,6.33,10.2,0.9,945.7
2026-02-09T18:00,2026-02-10T19:00,25,11.97,72,6.71,11.2,1.5,945.4
2026-02-09T18:00,2026-02-10T20:00,26,10.69,72,6.0,11.1,0.8,945.2
2026-02-09T18:00,2026-02-10T21:00,27,8.57,72,4.43,9.9,0.0,945.9
2026-02-09T18:00,2026-02-10T22:00,28,7.12,74,3.52,7.2,-0.3,945.7
2026-02-09T18:00,2026-02-10T23:00,29,4.85,68,2.06,5.8,0.1,946.5
2026-02-09T18:00,2026-02-11T00:00,30,2.81,219,1.55,3.1,-0.7,948.5
2026-02-09T18:00,2026-02-11T01:00,31,2.43,188,1.33,2.6,-1.0,948.3
2026-02-09T18:00,2026-02-11T02:00,32,0.78,195,0.59,2.9,-2.1,947.8
2026-02-09T18:00,2026-02-11T03:00,33,3.07,109,2.41,3.9,0.9,949.0
2026-02-09T18:00,2026-02-11T04:00,34,4.34,69,2.62,4.5,5.1,949.2
2026-02-09T18:00,2026-02-11T05:00,35,4.92,66,2.93,5.9,7.9,950.0
2026-02-09T18:00,2026-02-11T06:00,36,3.22,66,2.62,6.2,8.9,950.2
2026-02-09T18:00,2026-02-11T07:00,37,2.09,57,1.7,6.0,8.8,950.5
2026-02-09T18:00,2026-02-11T08:00,38,1.32,331,1.19,4.3,10.2,950.4
2026-02-09T18:00,2026-02-11T09:00,39,4.7,282,3.7,4.8,10.3,951.4
2026-02-09T18:00,2026-02-11T10:00,40,11.83,260,7.76,13.9,6.6,952.9
2026-02-09T18:00,2026-02-11T11:00,41,11.36,257,7.42,13.7,5.3,953.6
2026-02-09T18:00,2026-02-11T12:00,42,10.61,252,6.57,13.1,2.8,955.0
2026-02-09T18:00,2026-02-11T13:00,43,10.28,247,6.58,11.2,2.1,956.1
2026-02-09T18:00,2026-02-11T14:00,44,9.82,242,6.21,11.4,1.7,956.4
2026-02-09T18:00,2026-02-11T15:00,45,9.88,235,6.12,10.6,1.2,956.7
2026-02-09T18:00,2026-02-11T16:00,46,9.69,239,5.92,10.4,1.2,957.0
2026-02-09T18:00,2026-02-11T17:00,47,9.58,241,5.78,10.1,1.1,957.5
2026-02-09T18:00,2026-02-11T18:00,48,9.36,239,5.75,10.0,0.9,957.8
2026-02-09T18:00,2026-02-11T19:00,49,8.13,237,4.88,9.7,0.7,958.2
2026-02-09T18:00,2026-02-11T20:00,50,7.36,228,4.36,8.3,0.5,957.9
2026-02-09T18:00,2026-02-11T21:00,51,7.56,230,4.25,7.4,0.3,958.3
2026-02-09T18:00,2026-02-11T22:00,52,6.31,235,3.59,7.3,0.6,957.9
2026-02-09T18:00,2026-02-11T23:00,53,6.54,241,3.73,6.6,0.5,958.4
2026-02-09T18:00,2026-02-12T00:00,54,6.66,237,3.89,6.5,0.4,959.3
2026-02-09T18:00,2026-02-12T01:00,55,5.52,235,3.22,6.5,0.1,959.7
2026-02-09T18:00,2026-02-12T02:00,56,4.34,241,2.38,5.3,-0.3,960.0
2026-02-09T18:00,2026-02-12T03:00,57,2.23,228,1.6,4.0,-0.2,959.9
2026-02-09T18:00,2026-02-12T04:00,58,1.46,301,1.21,3.3,0.7,959.5
2026-02-09T18:00,2026-02-12T05:00,59,1.68,300,1.37,4.3,1.3,959.0
2026-02-09T18:00,2026-02-12T06:00,60,1.35,329,1.21,4.3,2.4,958.3
2026-02-09T18:00,2026-02-12T07:00,61,1.91,354,1.67,5.0,3.3,958.0
2026-02-09T18:00,2026-02-12T08:00,62,1.93,17,1.64,5.0,3.6,957.2
2026-02-09T18:00,2026-02-12T09:00,63,2.15,12,1.81,4.9,3.6,956.9
2026-02-09T18:00,2026-02-12T10:00,64,2.21,335,1.9,4.8,3.3,956.8
2026-02-09T18:00,2026-02-12T11:00,65,3.11,296,2.39,4.9,1.9,957.1
2026-02-09T18:00,2026-02-12T12:00,66,3.23,289,2.1,4.7,0.4,956.8
2026-02-09T18:00,2026-02-12T13:00,67,3.35,273,2.0,3.7,-0.2,957.3
2026-02-09T18:00,2026-02-12T14:00,68,3.19,261,2.14,3.9,-0.7,957.4
2026-02-09T18:00,2026-02-12T15:00,69,2.15,245,1.49,3.7,-1.0,957.0
2026-02-09T18:00,2026-02-12T16:00,70,2.63,279,1.65,2.7,-1.3,957.1
2026-02-09T18:00,2026-02-12T17:00,71,3.28,254,2.33,4.0,-1.5,957.7
2026-02-10T00:00,2026-02-10T00:00,0,2.62,98,1.3,,1.0,941.1
2026-02-10T00:00,2026-02-10T01:00,1,0.87,103,0.14,1.9,2.5,942.7
2026-02-10T00:00,2026-02-10T02:00,2,3.65,247,1.9,2.4,-0.2,943.9
2026-02-10T00:00,2026-02-10T03:00,3,3.4,240,1.84,3.1,1.6,945.8
2026-02-10T00:00,2026-02-10T04:00,4,3.78,241,2.16,3.7,5.0,947.5
2026-02-10T00:00,2026-02-10T05:00,5,5.84,227,3.44,5.7,6.2,948.9
2026-02-10T00:00,2026-02-10T06:00,6,5.11,267,2.82,5.9,6.6,950.0
2026-02-10T00:00,2026-02-10T07:00,7,4.35,269,2.95,6.3,7.6,950.3
2026-02-10T00:00,2026-02-10T08:00,8,7.2,268,5.01,9.0,10.5,950.1
2026-02-10T00:00,2026-02-10T09:00,9,7.31,273,5.2,9.7,11.4,950.3
2026-02-10T00:00,2026-02-10T10:00,10,5.49,260,3.81,9.2,10.3,950.0
2026-02-10T00:00,2026-02-10T11:00,11,5.15,220,2.84,6.1,8.1,949.5
2026-02-10T00:00,2026-02-10T12:00,12,5.61,207,3.5,5.8,4.3,948.5
2026-02-10T00:00,2026-02-10T13:00,13,4.43,187,3.09,5.8,1.5,947.6
2026-02-10T00:00,2026-02-10T14:00,14,2.87,149,2.33,5.4,0.3,947.0
2026-02-10T00:00,2026-02-10T15:00,15,6.86,78,3.32,5.3,0.9,947.9
2026-02-10T00:00,2026-02-10T16:00,16,8.78,74,4.51,7.3,1.6,947.4
2026-02-10T00:00,2026-02-10T17:00,17,10.49,62,5.53,8.8,1.1,947.2
2026-02-10T00:00,2026-02-10T18:00,18,11.24,68,6.28,10.1,0.9,946.4
2026-02-10T00:00,2026-02-10T19:00,19,11.93,74,6.69,11.0,1.4,945.2
2026-02-10T00:00,2026-02-10T20:00,20,9.89,66,5.44,11.0,1.0,946.3
2026-02-10T00:00,2026-02-10T21:00,21,9.36,84,5.35,9.0,-0.1,946.2
2026-02-10T00:00,2026-02-10T22:00,22,8.56,73,4.49,8.9,0.4,945.4
2026-02-10T00:00,2026-02-10T23:00,23,7.92,80,4.36,7.7,0.3,946.2
2026-02-10T00:00,2026-02-11T00:00,24,4.09,98,2.17,7.1,0.6,947.1
2026-02-10T00:00,2026-02-11T01:00,25,2.27,68,0.67,3.5,-0.5,947.7
2026-02-10T00:00,2026-02-11T02:00,26,2.44,118,1.46,2.5,-0.5,949.7
2026-02-10T00:00,2026-02-11T03:00,27,4.85,202,3.51,5.7,1.5,949.6
2026-02-10T00:00,2026-02-11T04:00,28,3.22,234,1.59,5.7,6.0,949.7
2026-02-10T00:00,2026-02-11T05:00,29,1.97,297,1.8,4.8,6.4,951.2
2026-02-10T00:00,2026-02-11T06:00,30,1.2,178,0.78,4.5,8.1,950.3
2026-02-10T00:00,2026-02-11T07:00,31,1.24,310,1.29,4.0,9.7,949.0
2026-02-10T00:00,2026-02-11T08:00,32,2.65,268,2.05,6.5,10.1,950.1
2026-02-10T00:00,2026-02-11T09:00,33,8.57,274,6.16,10.8,8.7,951.1
2026-02-10T00:00,2026-02-11T10:00,34,12.72,267,8.55,14.3,7.3,952.1
2026-02-10T00:00,2026-02-11T11:00,35,13.09,251,8.68,15.8,5.0,953.7
2026-02-10T00:00,2026-02-11T12:00,36,11.5,241,7.2,15.0,3.3,954.4
2026-02-10T00:00,2026-02-11T13:00,37,10.68,235,6.59,12.3,2.9,954.8
2026-02-10T00:00,2026-02-11T14:00,38,11.0,240,6.66,11.2,2.8,955.4
2026-02-10T00:00,2026-02-11T15:00,39,10.86,248,6.73,11.4,2.4,956.3
2026-02-10T00:00,2026-02-11T16:00,40,9.87,246,6.2,11.4,1.7,956.9
2026-02-10T00:00,2026-02-11T17:00,41,8.84,246,5.37,10.4,1.1,957.1
2026-02-10T00:00,2026-02-11T18:00,42,8.68,235,5.34,9.1,0.6,957.3
2026-02-10T00:00,2026-02-11T19:00,43,8.73,234,5.42,9.2,0.6,957.6
2026-02-10T00:00,2026-02-11T20:00,44,7.32,233,4.37,9.2,0.5,957.2
2026-02-10T00:00,2026-02-11T21:00,45,7.51,234,4.39,7.7,0.5,957.7
2026-02-10T00:00,2026-02-11T22:00,46,7.39,235,4.28,7.3,0.7,957.8
2026-02-10T00:00,2026-02-11T23:00,47,7.22,239,4.33,7.4,0.5,958.5
2026-02-10T00:00,2026-02-12T00:00,48,6.71,242,4.07,7.2,0.1,959.3
2026-02-10T00:00,2026-02-12T01:00,49,5.46,237,3.22,6.8,-0.3,959.7
2026-02-10T00:00,2026-02-12T02:00,50,3.61,225,1.89,5.4,-0.5,959.3
2026-02-10T00:00,2026-02-12T03:00,51,1.96,251,1.36,3.1,-0.3,959.5
2026-02-10T00:00,2026-02-12T04:00,52,1.9,293,1.57,4.0,0.0,959.2
2026-02-10T00:00,2026-02-12T05:00,53,1.5,307,1.28,4.2,0.9,958.0
2026-02-10T00:00,2026-02-12T06:00,54,1.6,340,1.44,4.7,2.4,957.6
2026-02-10T00:00,2026-02-12T07:00,55,3.0,330,2.49,6.1,2.5,957.5
2026-02-10T00:00,2026-02-12T08:00,56,1.59,336,1.39,6.1,2.2,956.4
2026-02-10T00:00,2026-02-12T09:00,57,2.54,328,2.18,5.4,2.6,956.6
2026-02-10T00:00,2026-02-12T10:00,58,3.37,302,2.58,5.4,1.5,956.6
2026-02-10T00:00,2026-02-12T11:00,59,3.49,289,2.51,5.4,0.7,956.8
2026-02-10T00:00,2026-02-12T12:00,60,3.87,284,2.52,5.0,-0.4,957.1
2026-02-10T00:00,2026-02-12T13:00,61,4.13,259,2.82,4.8,-0.9,957.6
2026-02-10T00:00,2026-02-12T14:00,62,2.83,238,2.29,4.9,-1.2,957.5
2026-02-10T00:00,2026-02-12T15:00,63,2.81,266,1.57,4.0,-1.7,957.7
2026-02-10T00:00,2026-02-12T16:00,64,2.97,237,1.66,3.2,-2.0,957.6
2026-02-10T00:00,2026-02-12T17:00,65,3.39,248,1.91,3.2,-2.0,957.9
2026-02-10T00:00,2026-02-12T18:00,66,2.58,238,1.76,4.1,-1.4,957.7
2026-02-10T00:00,2026-02-12T19:00,67,2.24,297,1.63,3.1,-1.6,957.3
2026-02-10T00:00,2026-02-12T20:00,68,2.08,336,1.67,3.3,-2.2,956.6
2026-02-10T00:00,2026-02-12T21:00,69,2.92,347,2.25,4.1,-3.0,956.3
2026-02-10T00:00,2026-02-12T22:00,70,2.37,325,1.54,4.1,-3.6,955.8
2026-02-10T00:00,2026-02-12T23:00,71,2.37,288,1.77,3.6,-3.3,955.9
2026-02-10T06:00,2026-02-10T06:00,0,3.54,261,2.28,,7.2,950.2
2026-02-10T06:00,2026-02-10T07:00,1,3.9,234,3.08,6.3,7.9,950.1
2026-02-10T06:00,2026-02-10T08:00,2,5.94,257,4.37,8.2,9.6,950.3
2026-02-10T06:00,2026-02-10T09:00,3,7.38,257,5.24,9.2,11.4,950.2
2026-02-10T06:00,2026-02-10T10:00,4,6.05,260,4.08,9.1,11.0,949.8
2026-02-10T06:00,2026-02-10T11:00,5,5.12,219,2.97,6.6,8.7,949.3
2026-02-10T06:00,2026-02-10T12:00,6,5.13,202,3.2,5.3,4.5,948.1
2026-02-10T06:00,2026-02-10T13:00,7,4.01,184,2.97,5.4,1.0,947.1
2026-02-10T06:00,2026-02-10T14:00,8,2.6,106,2.13,5.4,0.2,946.6
2026-02-10T06:00,2026-02-10T15:00,9,7.97,75,4.0,6.3,2.1,947.8
2026-02-10T06:00,2026-02-10T16:00,10,9.92,68,5.22,8.4,1.7,947.0
2026-02-10T06:00,2026-02-10T17:00,11,11.47,64,6.34,10.2,1.3,946.3
2026-02-10T06:00,2026-02-10T18:00,12,12.44,71,6.99,11.4,1.8,945.2
2026-02-10T06:00,2026-02-10T19:00,13,12.3,69,7.02,12.1,1.3,945.1
2026-02-10T06:00,2026-02-10T20:00,14,9.69,68,5.21,11.8,0.4,946.6
2026-02-10T06:00,2026-02-10T21:00,15,7.33,85,3.91,8.5,0.3,946.7
2026-02-10T06:00,2026-02-10T22:00,16,6.52,86,3.57,6.3,0.4,946.5
2026-02-10T06:00,2026-02-10T23:00,17,5.01,76,2.3,5.9,-0.2,946.6
2026-02-10T06:00,2026-02-11T00:00,18,3.13,83,1.46,3.8,-0.2,947.9
2026-02-10T06:00,2026-02-11T01:00,19,2.44,101,1.24,2.4,-0.8,948.7
2026-02-10T06:00,2026-02-11T02:00,20,2.74,189,1.62,3.1,-0.8,949.0
2026-02-10T06:00,2026-02-11T03:00,21,6.47,227,4.06,6.4,2.4,950.5
2026-02-10T06:00,2026-02-11T04:00,22,2.45,200,1.0,6.6,6.2,949.6
2026-02-10T06:00,2026-02-11T05:00,23,3.09,335,2.64,6.1,6.1,950.6
2026-02-10T06:00,2026-02-11T06:00,24,3.0,118,2.28,5.6,7.6,949.8
2026-02-10T06:00,2026-02-11T07:00,25,2.82,27,2.4,5.5,9.3,949.4
2026-02-10T06:00,2026-02-11T08:00,26,2.3,34,1.81,6.8,8.8,949.1
2026-02-10T06:00,2026-02-11T09:00,27,6.87,265,5.27,8.9,9.7,950.7
2026-02-10T06:00,2026-02-11T10:00,28,10.2,270,6.75,11.3,7.8,951.2
2026-02-10T06:00,2026-02-11T11:00,29,12.33,252,8.11,14.2,5.6,952.7
2026-02-10T06:00,2026-02-11T12:00,30,11.95,246,7.43,14.0,4.2,953.7
2026-02-10T06:00,2026-02-11T13:00,31,11.74,247,7.16,12.6,3.2,954.9
2026-02-10T06:00,2026-02-11T14:00,32,11.55,250,7.23,12.6,2.4,956.1
2026-02-10T06:00,2026-02-11T15:00,33,10.43,248,6.55,12.3,1.6,956.9
2026-02-10T06:00,2026-02-11T16:00,34,8.19,245,4.88,11.0,1.0,957.0
2026-02-10T06:00,2026-02-11T17:00,35,8.07,242,4.61,8.1,0.6,956.9
2026-02-10T06:00,2026-02-11T18:00,36,8.47,232,4.89,8.3,0.7,957.2
2026-02-10T06:00,2026-02-11T19:00,37,8.09,230,4.66,8.3,0.7,957.2
2026-02-10T06:00,2026-02-11T20:00,38,7.15,228,4.01,7.9,0.5,957.2
2026-02-10T06:00,2026-02-11T21:00,39,6.77,229,3.66,6.9,0.5,957.3
2026-02-10T06:00,2026-02-11T22:00,40,6.4,234,3.37,6.2,0.6,957.5
2026-02-10T06:00,2026-02-11T23:00,41,5.8,236,3.13,5.6,0.7,957.9
2026-02-10T06:00,2026-02-12T00:00,42,5.33,234,2.94,5.2,0.5,958.3
2026-02-10T06:00,2026-02-12T01:00,43,4.18,233,2.13,4.9,0.4,958.5
2026-02-10T06:00,2026-02-12T02:00,44,3.35,268,1.81,3.4,-0.2,958.7
2026-02-10T06:00,2026-02-12T03:00,45,2.25,249,1.81,3.4,-0.5,959.0
2026-02-10T06:00,2026-02-12T04:00,46,1.65,272,1.51,3.8,0.1,958.7
2026-02-10T06:00,2026-02-12T05:00,47,1.96,289,1.63,4.3,0.8,957.9
2026-02-10T06:00,2026-02-12T06:00,48,2.62,299,2.07,5.2,1.5,958.0
2026-02-10T06:00,2026-02-12T07:00,49,1.53,322,1.35,5.2,1.5,957.0
2026-02-10T06:00,2026-02-12T08:00,50,1.22,341,1.1,4.3,2.2,956.5
2026-02-10T06:00,2026-02-12T09:00,51,1.7,317,1.45,4.2,2.3,956.2
2026-02-10T06:00,2026-02-12T10:00,52,2.4,301,2.01,4.6,1.9,956.0
2026-02-10T06:00,2026-02-12T11:00,53,3.0,303,2.26,4.6,1.1,955.7
2026-02-10T06:00,2026-02-12T12:00,54,3.36,295,2.3,4.6,-0.2,956.2
2026-02-10T06:00,2026-02-12T13:00,55,3.67,255,2.45,4.3,-0.7,956.5
2026-02-10T06:00,2026-02-12T14:00,56,2.96,254,2.31,4.2,-0.7,956.8
2026-02-10T06:00,2026-02-12T15:00,57,3.45,260,2.55,4.5,-0.9,957.4
2026-02-10T06:00,2026-02-12T16:00,58,3.56,241,2.45,4.6,-1.0,957.8
2026-02-10T06:00,2026-02-12T17:00,59,2.63,231,1.84,4.1,-0.9,957.8
2026-02-10T06:00,2026-02-12T18:00,60,2.58,248,1.26,3.2,-1.2,957.6
2026-02-10T06:00,2026-02-12T19:00,61,2.02,316,1.68,3.0,-1.5,957.1
2026-02-10T06:00,2026-02-12T20:00,62,1.95,347,1.27,3.4,-2.7,956.3
2026-02-10T06:00,2026-02-12T21:00,63,2.83,352,2.05,3.6,-2.7,956.1
2026-02-10T06:00,2026-02-12T22:00,64,1.7,336,1.16,3.7,-3.2,955.8
2026-02-10T06:00,2026-02-12T23:00,65,1.4,305,1.06,2.2,-2.9,955.6
2026-02-10T06:00,2026-02-13T00:00,66,2.77,296,1.92,3.5,-3.3,955.9
2026-02-10T06:00,2026-02-13T01:00,67,1.63,293,1.21,3.5,-3.6,955.9
2026-02-10T06:00,2026-02-13T02:00,68,1.7,332,1.61,3.2,-3.7,956.2
2026-02-10T06:00,2026-02-13T03:00,69,2.04,335,1.86,4.0,-3.4,956.8
2026-02-10T06:00,2026-02-13T04:00,70,1.98,313,1.82,4.7,-2.5,957.4
2026-02-10T06:00,2026-02-13T05:00,71,1.48,315,1.45,4.7,-1.3,957.5
2026-02-10T12:00,2026-02-10T12:00,0,7.33,206,3.85,,6.1,949.1
2026-02-10T12:00,2026-02-10T13:00,1,5.98,194,3.52,6.3,4.0,948.0
2026-02-10T12:00,2026-02-10T14:00,2,4.41,157,3.24,5.8,2.5,947.2
2026-02-10T12:00,2026-02-10T15:00,3,6.06,87,3.42,5.6,1.1,947.1
2026-02-10T12:00,2026-02-10T16:00,4,9.04,72,4.72,7.4,1.6,947.7
2026-02-10T12:00,2026-02-10T17:00,5,10.64,66,5.71,9.1,1.4,947.1
2026-02-10T12:00,2026-02-10T18:00,6,11.48,69,6.31,10.1,1.4,945.8
2026-02-10T12:00,2026-02-10T19:00,7,12.38,72,7.0,11.7,2.1,945.4
2026-02-10T12:00,2026-02-10T20:00,8,10.6,63,5.86,11.7,1.4,946.1
2026-02-10T12:00,2026-02-10T21:00,9,8.53,82,4.75,9.9,0.2,947.3
2026-02-10T12:00,2026-02-10T22:00,10,6.22,73,2.75,7.6,-0.3,946.7
2026-02-10T12:00,2026-02-10T23:00,11,5.6,77,2.66,4.6,-1.0,947.9
2026-02-10T12:00,2026-02-11T00:00,12,3.44,81,1.52,4.5,-1.6,948.8
2026-02-10T12:00,2026-02-11T01:00,13,2.44,121,1.64,3.9,-1.0,949.1
2026-02-10T12:00,2026-02-11T02:00,14,0.93,144,1.15,3.2,-0.9,949.4
2026-02-10T12:00,2026-02-11T03:00,15,4.14,195,2.82,4.7,2.0,949.6
2026-02-10T12:00,2026-02-11T04:00,16,1.31,133,1.12,4.6,6.1,948.7
2026-02-10T12:00,2026-02-11T05:00,17,3.05,30,1.65,4.5,5.9,949.8
2026-02-10T12:00,2026-02-11T06:00,18,0.96,47,0.79,3.8,7.3,950.1
2026-02-10T12:00,2026-02-11T07:00,19,3.33,57,2.62,5.6,8.0,948.6
2026-02-10T12:00,2026-02-11T08:00,20,3.9,279,3.11,6.4,8.0,951.0
2026-02-10T12:00,2026-02-11T09:00,21,10.81,280,7.66,13.2,8.9,951.9
2026-02-10T12:00,2026-02-11T10:00,22,12.76,268,8.86,15.3,6.4,953.1
2026-02-10T12:00,2026-02-11T11:00,23,11.73,251,7.62,15.6,4.6,953.9
2026-02-10T12:00,2026-02-11T12:00,24,11.65,247,7.27,13.1,3.6,954.9
2026-02-10T12:00,2026-02-11T13:00,25,10.87,244,6.75,12.5,3.1,955.9
2026-02-10T12:00,2026-02-11T14:00,26,10.26,244,6.27,11.4,2.4,956.2
2026-02-10T12:00,2026-02-11T15:00,27,9.28,242,5.53,10.6,1.6,956.4
2026-02-10T12:00,2026-02-11T16:00,28,9.02,239,5.36,9.4,1.3,956.6
2026-02-10T12:00,2026-02-11T17:00,29,9.42,238,5.67,9.6,1.2,957.2
2026-02-10T12:00,2026-02-11T18:00,30,8.13,234,4.88,9.7,1.2,957.0
2026-02-10T12:00,2026-02-11T19:00,31,7.57,236,4.43,8.2,1.0,957.0
2026-02-10T12:00,2026-02-11T20:00,32,7.4,227,4.23,7.5,1.1,957.3
2026-02-10T12:00,2026-02-11T21:00,33,6.0,230,3.25,7.0,1.3,957.3
2026-02-10T12:00,2026-02-11T22:00,34,5.08,234,2.74,5.3,1.2,957.1
2026-02-10T12:00,2026-02-11T23:00,35,4.51,249,2.13,4.5,1.1,957.5
2026-02-10T12:00,2026-02-12T00:00,36,4.14,252,1.86,3.5,0.8,958.0
2026-02-10T12:00,2026-02-12T01:00,37,2.87,263,1.07,3.0,0.0,958.0
2026-02-10T12:00,2026-02-12T02:00,38,2.6,267,1.05,1.8,-0.3,958.3
2026-02-10T12:00,2026-02-12T03:00,39,1.73,248,1.35,2.6,0.2,958.5
2026-02-10T12:00,2026-02-12T04:00,40,1.6,256,1.33,3.3,0.7,958.3
2026-02-10T12:00,2026-02-12T05:00,41,1.18,324,1.01,3.3,1.5,957.2
2026-02-10T12:00,2026-02-12T06:00,42,1.82,9,1.58,4.6,2.5,957.0
2026-02-10T12:00,2026-02-12T07:00,43,3.48,32,2.8,6.3,2.8,956.4
2026-02-10T12:00,2026-02-12T08:00,44,2.78,38,2.25,6.3,3.3,955.7
2026-02-10T12:00,2026-02-12T09:00,45,2.75,33,2.21,5.5,3.8,955.5
2026-02-10T12:00,2026-02-12T10:00,46,2.35,12,1.91,5.3,3.2,955.1
2026-02-10T12:00,2026-02-12T11:00,47,3.43,312,2.62,4.9,2.1,955.7
2026-02-10T12:00,2026-02-12T12:00,48,5.38,276,3.23,5.9,0.3,956.4
2026-02-10T12:00,2026-02-12T13:00,49,5.35,262,3.34,5.6,0.0,957.0
2026-02-10T12:00,2026-02-12T14:00,50,4.95,256,2.98,5.6,-0.2,957.6
2026-02-10T12:00,2026-02-12T15:00,51,3.56,241,2.09,5.0,-0.2,957.4
2026-02-10T12:00,2026-02-12T16:00,52,3.36,240,1.54,3.5,-0.6,957.4
2026-02-10T12:00,2026-02-12T17:00,53,1.92,242,0.61,2.6,-0.5,957.0
2026-02-10T12:00,2026-02-12T18:00,54,2.79,306,1.37,2.3,-1.9,956.6
2026-02-10T12:00,2026-02-12T19:00,55,2.12,333,1.15,2.4,-2.3,956.2
2026-02-10T12:00,2026-02-12T20:00,56,2.55,360,1.52,2.7,-2.9,955.9
2026-02-10T12:00,2026-02-12T21:00,57,1.33,13,1.11,3.2,-2.9,955.8
2026-02-10T12:00,2026-02-12T22:00,58,0.6,48,0.82,2.4,-2.7,954.9
2026-02-10T12:00,2026-02-12T23:00,59,1.27,45,1.21,2.4,-3.0,954.3
2026-02-10T12:00,2026-02-13T00:00,60,2.16,34,1.52,3.0,-3.1,954.6
2026-02-10T12:00,2026-02-13T01:00,61,2.33,25,1.72,3.4,-3.1,954.9
2026-02-10T12:00,2026-02-13T02:00,62,1.95,26,1.28,3.4,-2.8,955.3
2026-02-10T12:00,2026-02-13T03:00,63,1.39,334,1.68,3.7,-2.1,956.3
2026-02-10T12:00,2026-02-13T04:00,64,2.02,314,1.96,4.6,-1.3,956.7
2026-02-10T12:00,2026-02-13T05:00,65,1.61,300,1.6,5.0,-0.7,956.9
2026-02-10T12:00,2026-02-13T06:00,66,1.66,335,1.52,4.4,0.5,957.0
2026-02-10T12:00,2026-02-13T07:00,67,1.2,2,1.15,4.7,1.5,956.7
2026-02-10T12:00,2026-02-13T08:00,68,1.25,16,1.22,4.1,2.2,956.0
2026-02-10T12:00,2026-02-13T09:00,69,1.79,30,1.57,4.4,3.0,955.6
2026-02-10T12:00,2026-02-13T10:00,70,2.62,42,2.18,4.9,3.0,955.5
2026-02-10T12:00,2026-02-13T11:00,71,3.26,36,2.42,5.0,2.5,955.6
2026-02-10T18:00,2026-02-10T18:00,0,10.72,70,5.82,,1.5,945.9
2026-02-10T18:00,2026-02-10T19:00,1,11.97,70,6.61,10.9,2.6,946.0
2026-02-10T18:00,2026-02-10T20:00,2,11.03,68,6.14,11.0,2.1,946.3
2026-02-10T18:00,2026-02-10T21:00,3,9.0,74,4.72,10.3,0.8,947.3
2026-02-10T18:00,2026-02-10T22:00,4,7.92,72,3.92,7.7,-0.1,947.2
2026-02-10T18:00,2026-02-10T23:00,5,5.09,60,1.82,6.3,-0.7,948.7
2026-02-10T18:00,2026-02-11T00:00,6,2.86,185,2.16,3.7,-0.4,950.3
2026-02-10T18:00,2026-02-11T01:00,7,3.31,195,2.88,4.6,-0.2,950.2
2026-02-10T18:00,2026-02-11T02:00,8,4.88,218,2.72,6.4,1.2,949.8
2026-02-10T18:00,2026-02-11T03:00,9,3.09,207,1.25,4.7,3.5,950.1
2026-02-10T18:00,2026-02-11T04:00,10,2.36,107,2.06,3.4,6.4,949.7
2026-02-10T18:00,2026-02-11T05:00,11,3.54,47,1.87,4.0,6.2,950.3
2026-02-10T18:00,2026-02-11T06:00,12,4.32,37,3.33,6.6,7.7,949.9
2026-02-10T18:00,2026-02-11T07:00,13,3.7,58,2.84,7.5,9.2,950.1
2026-02-10T18:00,2026-02-11T08:00,14,2.1,342,1.77,6.4,9.8,950.4
2026-02-10T18:00,2026-02-11T09:00,15,7.4,263,5.49,9.0,10.7,952.1
2026-02-10T18:00,2026-02-11T10:00,16,10.9,262,7.07,15.1,6.2,952.8
2026-02-10T18:00,2026-02-11T11:00,17,11.7,244,7.62,13.1,4.9,954.3
2026-02-10T18:00,2026-02-11T12:00,18,10.97,235,6.9,13.8,3.3,955.0
2026-02-10T18:00,2026-02-11T13:00,19,9.78,231,5.94,11.7,3.1,955.4
2026-02-10T18:00,2026-02-11T14:00,20,9.26,243,5.35,10.0,2.7,955.6
2026-02-10T18:00,2026-02-11T15:00,21,10.3,246,6.25,10.7,1.9,956.5
2026-02-10T18:00,2026-02-11T16:00,22,8.76,239,5.36,10.6,1.5,956.7
2026-02-10T18:00,2026-02-11T17:00,23,7.82,238,4.67,9.0,1.1,956.6
2026-02-10T18:00,2026-02-11T18:00,24,7.11,233,3.94,7.8,1.1,956.1
2026-02-10T18:00,2026-02-11T19:00,25,6.78,230,3.53,6.7,0.9,955.9
2026-02-10T18:00,2026-02-11T20:00,26,7.0,233,3.61,6.1,0.7,955.8
2026-02-10T18:00,2026-02-11T21:00,27,7.2,230,3.83,6.4,1.2,956.2
2026-02-10T18:00,2026-02-11T22:00,28,6.49,241,3.33,6.4,1.5,956.6
2026-02-10T18:00,2026-02-11T23:00,29,6.15,248,3.13,5.4,1.1,957.0
2026-02-10T18:00,2026-02-12T00:00,30,5.8,251,3.05,5.2,0.8,957.5
2026-02-10T18:00,2026-02-12T01:00,31,4.74,242,2.42,5.1,0.6,957.6
2026-02-10T18:00,2026-02-12T02:00,32,3.34,257,1.3,3.9,0.3,957.3
2026-02-10T18:00,2026-02-12T03:00,33,3.22,277,1.93,3.6,0.5,958.0
2026-02-10T18:00,2026-02-12T04:00,34,1.9,272,1.52,3.9,0.6,958.0
2026-02-10T18:00,2026-02-12T05:00,35,1.99,335,1.68,4.3,1.7,957.1
2026-02-10T18:00,2026-02-12T06:00,36,1.75,357,1.45,4.7,1.9,957.0
2026-02-10T18:00,2026-02-12T07:00,37,2.22,8,1.91,5.2,3.0,956.3
2026-02-10T18:00,2026-02-12T08:00,38,1.87,9,1.66,5.2,3.2,955.6
2026-02-10T18:00,2026-02-12T09:00,39,2.21,5,1.95,4.9,3.3,955.0
2026-02-10T18:00,2026-02-12T10:00,40,2.33,350,1.99,5.0,3.2,955.0
2026-02-10T18:00,2026-02-12T11:00,41,2.14,327,1.72,4.7,2.0,955.0
2026-02-10T18:00,2026-02-12T12:00,42,3.37,282,2.33,4.2,0.6,955.3
2026-02-10T18:00,2026-02-12T13:00,43,4.54,259,2.79,4.7,-0.1,955.8
2026-02-10T18:00,2026-02-12T14:00,44,5.52,261,3.28,5.7,-0.1,956.7
2026-02-10T18:00,2026-02-12T15:00,45,4.28,247,2.43,5.7,-0.1,956.5
2026-02-10T18:00,2026-02-12T16:00,46,3.67,246,1.76,4.0,-0.1,956.9
2026-02-10T18:00,2026-02-12T17:00,47,3.7,251,1.96,3.7,-0.3,956.7
2026-02-10T18:00,2026-02-12T18:00,48,1.92,245,0.57,3.4,-0.8,956.1
2026-02-10T18:00,2026-02-12T19:00,49,2.44,329,1.47,2.2,-1.5,955.7
2026-02-10T18:00,2026-02-12T20:00,50,2.78,337,1.4,2.9,-2.6,955.5
2026-02-10T18:00,2026-02-12T21:00,51,2.3,318,1.46,3.2,-2.5,955.5
2026-02-10T18:00,2026-02-12T22:00,52,1.59,316,1.33,2.8,-2.6,955.0
2026-02-10T18:00,2026-02-12T23:00,53,0.87,301,0.94,2.9,-2.8,954.6
2026-02-10T18:00,2026-02-13T00:00,54,2.05,315,1.87,3.3,-3.0,954.9
2026-02-10T18:00,2026-02-13T01:00,55,2.16,318,2.04,3.8,-3.1,955.5
2026-02-10T18:00,2026-02-13T02:00,56,1.57,351,1.49,4.0,-3.2,955.5
2026-02-10T18:00,2026-02-13T03:00,57,2.5,360,1.9,4.4,-2.8,955.8
2026-02-10T18:00,2026-02-13T04:00,58,2.02,316,1.85,4.5,-2.1,956.5
2026-02-10T18:00,2026-02-13T05:00,59,1.81,318,1.63,4.5,-1.2,956.7
2026-02-10T18:00,2026-02-13T06:00,60,1.1,357,1.05,4.4,0.2,956.5
2026-02-10T18:00,2026-02-13T07:00,61,1.9,360,1.75,4.8,1.3,956.3
2026-02-10T18:00,2026-02-13T08:00,62,1.87,9,1.67,5.0,1.7,955.7
2026-02-10T18:00,2026-02-13T09:00,63,2.47,14,2.19,5.4,2.0,955.5
2026-02-10T18:00,2026-02-13T10:00,64,2.15,25,1.79,5.4,1.7,955.5
2026-02-10T18:00,2026-02-13T11:00,65,1.73,33,1.48,4.4,1.7,955.8
2026-02-10T18:00,2026-02-13T12:00,66,2.15,59,1.23,3.3,0.4,955.5
2026-02-10T18:00,2026-02-13T13:00,67,2.27,40,0.87,2.1,-0.5,955.6
2026-02-10T18:00,2026-02-13T14:00,68,2.26,47,0.51,1.2,-0.6,955.8
2026-02-10T18:00,2026-02-13T15:00,69,3.57,53,1.17,1.5,-1.2,955.4
2026-02-10T18:00,2026-02-13T16:00,70,5.48,58,1.96,3.1,-1.1,955.0
2026-02-10T18:00,2026-02-13T17:00,71,6.54,61,2.91,4.7,-0.9,954.9
2026-02-11T00:00,2026-02-11T00:00,0,2.59,131,1.33,,-0.4,951.3
2026-02-11T00:00,2026-02-11T01:00,1,5.75,195,4.06,6.6,1.3,950.9
2026-02-11T00:00,2026-02-11T02:00,2,3.31,175,3.07,6.9,1.5,949.8
2026-02-11T00:00,2026-02-11T03:00,3,3.29,152,2.1,5.4,2.8,949.7
2026-02-11T00:00,2026-02-11T04:00,4,4.76,78,3.16,4.9,5.7,949.7
2026-02-11T00:00,2026-02-11T05:00,5,5.68,70,3.86,7.2,8.1,949.0
2026-02-11T00:00,2026-02-11T06:00,6,8.63,62,5.71,10.3,7.4,949.0
2026-02-11T00:00,2026-02-11T07:00,7,6.09,32,4.45,10.3,8.1,950.3
2026-02-11T00:00,2026-02-11T08:00,8,3.58,290,2.95,8.5,8.2,952.6
2026-02-11T00:00,2026-02-11T09:00,9,6.25,269,4.75,8.2,9.9,952.4
2026-02-11T00:00,2026-02-11T10:00,10,7.64,264,5.47,12.7,7.4,952.8
2026-02-11T00:00,2026-02-11T11:00,11,8.99,228,5.92,10.1,5.3,953.2
2026-02-11T00:00,2026-02-11T12:00,12,10.56,235,6.27,10.7,4.0,953.7
2026-02-11T00:00,2026-02-11T13:00,13,11.9,244,7.27,12.4,3.3,954.8
2026-02-11T00:00,2026-02-11T14:00,14,12.37,248,7.78,13.3,2.3,956.0
2026-02-11T00:00,2026-02-11T15:00,15,11.01,245,6.83,13.3,1.6,956.7
2026-02-11T00:00,2026-02-11T16:00,16,10.21,248,6.29,11.7,1.2,957.1
2026-02-11T00:00,2026-02-11T17:00,17,9.13,245,5.62,10.6,0.8,957.7
2026-02-11T00:00,2026-02-11T18:00,18,8.59,235,5.3,9.8,0.6,957.9
2026-02-11T00:00,2026-02-11T19:00,19,7.13,232,4.01,9.0,0.3,957.2
2026-02-11T00:00,2026-02-11T20:00,20,6.6,235,3.55,6.8,0.0,957.1
2026-02-11T00:00,2026-02-11T21:00,21,6.8,228,3.58,6.5,-0.1,957.0
2026-02-11T00:00,2026-02-11T22:00,22,6.33,225,3.58,6.1,0.3,956.6
2026-02-11T00:00,2026-02-11T23:00,23,5.9,231,3.26,5.9,0.6,956.7
2026-02-11T00:00,2026-02-12T00:00,24,4.84,239,2.55,5.3,0.8,957.2
2026-02-11T00:00,2026-02-12T01:00,25,2.82,237,1.12,4.2,0.7,957.0
2026-02-11T00:00,2026-02-12T02:00,26,2.37,298,0.99,1.5,0.1,957.4
2026-02-11T00:00,2026-02-12T03:00,27,2.1,288,1.03,2.5,0.1,958.1
2026-02-11T00:00,2026-02-12T04:00,28,1.99,18,1.6,4.0,0.5,957.7
2026-02-11T00:00,2026-02-12T05:00,29,2.8,47,2.3,5.4,1.2,957.0
2026-02-11T00:00,2026-02-12T06:00,30,3.23,39,2.58,5.9,2.1,956.6
2026-02-11T00:00,2026-02-12T07:00,31,1.98,34,1.57,6.0,2.4,956.1
2026-02-11T00:00,2026-02-12T08:00,32,1.8,13,1.51,4.5,3.1,955.1
2026-02-11T00:00,2026-02-12T09:00,33,1.35,4,1.2,4.4,3.6,955.0
2026-02-11T00:00,2026-02-12T10:00,34,1.64,322,1.42,3.9,3.5,954.7
2026-02-11T00:00,2026-02-12T11:00,35,3.5,301,2.58,4.9,2.4,955.1
2026-02-11T00:00,2026-02-12T12:00,36,4.27,275,2.73,5.1,0.8,955.2
2026-02-11T00:00,2026-02-12T13:00,37,4.4,267,2.36,4.7,-0.1,955.5
2026-02-11T00:00,2026-02-12T14:00,38,4.67,260,2.69,4.7,-0.4,956.1
2026-02-11T00:00,2026-02-12T15:00,39,4.92,261,2.75,5.1,-0.3,956.7
2026-02-11T00:00,2026-02-12T16:00,40,4.09,245,2.09,4.6,-0.3,956.7
2026-02-11T00:00,2026-02-12T17:00,41,2.63,249,0.87,3.5,-1.1,956.4
2026-02-11T00:00,2026-02-12T18:00,42,1.88,292,0.64,1.3,-1.6,955.7
2026-02-11T00:00,2026-02-12T19:00,43,3.38,341,1.65,2.9,-2.5,955.1
2026-02-11T00:00,2026-02-12T20:00,44,2.13,309,0.73,2.9,-2.9,955.4
2026-02-11T00:00,2026-02-12T21:00,45,1.66,314,1.07,2.1,-2.3,955.1
2026-02-11T00:00,2026-02-12T22:00,46,1.33,326,1.15,2.6,-2.2,954.7
2026-02-11T00:00,2026-02-12T23:00,47,1.63,317,1.4,2.6,-2.4,954.3
2026-02-11T00:00,2026-02-13T00:00,48,2.55,313,1.92,3.3,-3.0,954.8
2026-02-11T00:00,2026-02-13T01:00,49,2.47,302,2.22,4.3,-2.9,955.6
2026-02-11T00:00,2026-02-13T02:00,50,1.83,296,1.78,4.2,-2.9,955.9
2026-02-11T00:00,2026-02-13T03:00,51,2.19,305,1.85,4.0,-2.6,956.7
2026-02-11T00:00,2026-02-13T04:00,52,2.89,293,2.3,5.0,-2.5,957.1
2026-02-11T00:00,2026-02-13T05:00,53,2.02,303,1.7,5.1,-1.9,957.0
2026-02-11T00:00,2026-02-13T06:00,54,1.96,356,1.75,4.9,-0.4,956.9
2026-02-11T00:00,2026-02-13T07:00,55,2.13,24,1.87,5.3,1.0,956.4
2026-02-11T00:00,2026-02-13T08:00,56,2.57,57,2.13,5.6,2.9,955.4
2026-02-11T00:00,2026-02-13T09:00,57,3.89,44,3.13,6.8,3.9,954.9
2026-02-11T00:00,2026-02-13T10:00,58,3.68,43,2.86,6.9,3.8,954.7
2026-02-11T00:00,2026-02-13T11:00,59,3.82,43,2.56,5.9,3.6,954.6
2026-02-11T00:00,2026-02-13T12:00,60,5.08,50,1.96,4.3,1.3,954.3
2026-02-11T00:00,2026-02-13T13:00,61,5.92,55,2.22,3.7,0.7,954.4
2026-02-11T00:00,2026-02-13T14:00,62,5.56,57,2.0,3.6,-0.5,954.5
2026-02-11T00:00,2026-02-13T15:00,63,5.44,58,1.93,3.0,-0.1,954.8
2026-02-11T00:00,2026-02-13T16:00,64,5.55,62,2.11,3.4,-0.4,954.6
2026-02-11T00:00,2026-02-13T17:00,65,6.56,58,2.93,4.7,-0.8,954.1
2026-02-11T00:00,2026-02-13T18:00,66,6.79,67,3.3,5.3,-0.7,953.5
2026-02-11T00:00,2026-02-13T19:00,67,7.14,69,3.72,6.0,-0.3,952.9
2026-02-11T00:00,2026-02-13T20:00,68,7.58,76,4.15,6.9,-0.5,952.2
2026-02-11T00:00,2026-02-13T21:00,69,7.17,80,3.88,6.9,0.1,952.4
2026-02-11T00:00,2026-02-13T22:00,70,6.42,86,3.5,6.6,0.3,953.1
2026-02-11T00:00,2026-02-13T23:00,71,5.2,79,2.74,5.9,0.3,953.2
2026-02-11T06:00,2026-02-11T06:00,0,10.36,53,7.0,,8.8,948.1
2026-02-11T06:00,2026-02-11T07:00,1,9.24,55,6.52,12.8,8.7,948.6
2026-02-11T06:00,2026-02-11T08:00,2,6.26,25,4.61,11.9,8.7,950.2
2026-02-11T06:00,2026-02-11T09:00,3,8.2,269,6.1,10.2,9.7,953.1
2026-02-11T06:00,2026-02-11T10:00,4,10.11,260,6.83,14.8,6.3,953.2
2026-02-11T06:00,2026-02-11T11:00,5,9.93,232,6.66,11.9,4.4,954.0
2026-02-11T06:00,2026-02-11T12:00,6,10.63,231,6.58,11.7,3.2,954.6
2026-02-11T06:00,2026-02-11T13:00,7,11.28,239,6.77,11.6,3.1,955.2
2026-02-11T06:00,2026-02-11T14:00,8,11.95,252,7.47,13.0,2.3,956.3
2026-02-11T06:00,2026-02-11T15:00,9,10.76,243,6.74,13.2,1.5,956.7
2026-02-11T06:00,2026-02-11T16:00,10,9.76,251,5.77,11.5,1.1,957.1
2026-02-11T06:00,2026-02-11T17:00,11,9.74,246,5.93,10.7,0.6,957.5
2026-02-11T06:00,2026-02-11T18:00,12,9.07,238,5.6,10.2,0.4,957.7
2026-02-11T06:00,2026-02-11T19:00,13,7.78,237,4.6,9.5,0.2,957.9
2026-02-11T06:00,2026-02-11T20:00,14,7.06,235,3.97,7.9,-0.1,957.7
2026-02-11T06:00,2026-02-11T21:00,15,6.29,231,3.34,6.7,-0.4,957.5
2026-02-11T06:00,2026-02-11T22:00,16,5.79,220,3.15,5.6,-0.6,956.8
2026-02-11T06:00,2026-02-11T23:00,17,5.69,223,2.95,5.3,-0.4,956.8
2026-02-11T06:00,2026-02-12T00:00,18,4.17,227,1.97,4.9,-0.1,957.0
2026-02-11T06:00,2026-02-12T01:00,19,2.3,229,1.12,3.2,-0.6,956.7
2026-02-11T06:00,2026-02-12T02:00,20,2.76,282,0.78,1.6,-0.6,957.3
2026-02-11T06:00,2026-02-12T03:00,21,2.79,291,1.42,2.8,0.2,958.1
2026-02-11T06:00,2026-02-12T04:00,22,2.14,11,1.69,4.2,0.2,957.8
2026-02-11T06:00,2026-02-12T05:00,23,2.58,44,2.16,5.1,0.5,957.2
2026-02-11T06:00,2026-02-12T06:00,24,1.87,44,1.63,5.5,2.0,957.1
2026-02-11T06:00,2026-02-12T07:00,25,2.76,48,2.23,5.5,2.8,955.8
2026-02-11T06:00,2026-02-12T08:00,26,2.79,33,2.3,5.8,3.6,954.7
2026-02-11T06:00,2026-02-12T09:00,27,2.07,32,1.72,5.7,3.5,954.7
2026-02-11T06:00,2026-02-12T10:00,28,1.35,39,1.17,4.4,3.6,954.3
2026-02-11T06:00,2026-02-12T11:00,29,1.79,330,1.42,3.2,2.9,954.5
2026-02-11T06:00,2026-02-12T12:00,30,4.55,282,2.44,4.2,0.9,954.5
2026-02-11T06:00,2026-02-12T13:00,31,5.32,265,2.79,4.7,-0.3,954.9
2026-02-11T06:00,2026-02-12T14:00,32,5.03,264,2.67,5.1,-0.1,955.5
2026-02-11T06:00,2026-02-12T15:00,33,5.07,260,2.72,4.6,-0.1,956.2
2026-02-11T06:00,2026-02-12T16:00,34,3.77,255,1.9,4.7,-0.2,956.4
2026-02-11T06:00,2026-02-12T17:00,35,3.21,249,1.27,3.1,-0.5,956.3
2026-02-11T06:00,2026-02-12T18:00,36,1.9,267,0.67,2.2,-0.9,955.6
2026-02-11T06:00,2026-02-12T19:00,37,3.0,323,1.5,2.5,-2.1,954.9
2026-02-11T06:00,2026-02-12T20:00,38,2.7,341,1.3,2.9,-2.6,954.9
2026-02-11T06:00,2026-02-12T21:00,39,1.3,356,0.94,2.5,-2.6,954.7
2026-02-11T06:00,2026-02-12T22:00,40,1.22,325,0.78,1.8,-2.8,954.2
2026-02-11T06:00,2026-02-12T23:00,41,2.1,282,1.44,2.6,-2.8,954.3
2026-02-11T06:00,2026-02-13T00:00,42,2.81,282,2.25,4.2,-2.7,954.8
2026-02-11T06:00,2026-02-13T01:00,43,3.56,290,2.75,5.1,-2.8,955.5
2026-02-11T06:00,2026-02-13T02:00,44,3.78,290,2.78,5.3,-3.2,956.3
2026-02-11T06:00,2026-02-13T03:00,45,2.99,280,2.27,5.4,-3.3,957.0
2026-02-11T06:00,2026-02-13T04:00,46,2.44,281,1.86,4.8,-3.0,957.3
2026-02-11T06:00,2026-02-13T05:00,47,2.51,301,2.0,4.3,-2.2,957.2
2026-02-11T06:00,2026-02-13T06:00,48,2.48,320,1.97,5.0,-1.5,957.2
2026-02-11T06:00,2026-02-13T07:00,49,1.1,355,1.0,4.4,-0.4,956.7
2026-02-11T06:00,2026-02-13T08:00,50,1.95,23,1.58,3.6,0.6,955.8
2026-02-11T06:00,2026-02-13T09:00,51,1.95,26,1.33,3.6,1.3,955.6
2026-02-11T06:00,2026-02-13T10:00,52,1.24,40,1.07,3.9,1.6,955.4
2026-02-11T06:00,2026-02-13T11:00,53,2.28,38,1.81,3.9,1.2,955.4
2026-02-11T06:00,2026-02-13T12:00,54,2.77,56,1.31,3.7,-1.1,955.1
2026-02-11T06:00,2026-02-13T13:00,55,3.73,58,1.4,2.0,-1.7,955.3
2026-02-11T06:00,2026-02-13T14:00,56,4.76,56,1.77,2.4,-1.0,955.5
2026-02-11T06:00,2026-02-13T15:00,57,5.64,53,2.17,3.5,-0.7,955.3
2026-02-11T06:00,2026-02-13T16:00,58,6.29,58,2.45,4.1,-1.0,955.2
2026-02-11T06:00,2026-02-13T17:00,59,6.82,62,3.11,5.0,-1.9,954.7
2026-02-11T06:00,2026-02-13T18:00,60,6.98,65,3.66,5.7,-1.9,954.1
2026-02-11T06:00,2026-02-13T19:00,61,7.56,68,4.0,6.5,-1.5,953.3
2026-02-11T06:00,2026-02-13T20:00,62,7.77,74,4.44,7.3,-1.0,953.0
2026-02-11T06:00,2026-02-13T21:00,63,7.64,73,4.46,7.5,-0.5,953.2
2026-02-11T06:00,2026-02-13T22:00,64,7.34,75,4.13,7.6,-0.2,953.5
2026-02-11T06:00,2026-02-13T23:00,65,5.87,76,3.08,6.8,-0.5,953.8
2026-02-11T06:00,2026-02-14T00:00,66,4.55,78,2.41,5.1,-0.8,954.3
2026-02-11T06:00,2026-02-14T01:00,67,3.97,84,2.06,3.9,-0.6,954.8
2026-02-11T06:00,2026-02-14T02:00,68,3.83,70,1.93,3.4,-0.8,954.7
2026-02-11T06:00,2026-02-14T03:00,69,1.94,72,1.04,3.1,0.2,956.0
2026-02-11T06:00,2026-02-14T04:00,70,1.05,267,1.2,3.2,1.5,957.1
2026-02-11T06:00,2026-02-14T05:00,71,1.38,224,1.07,3.9,2.4,957.3
2026-02-11T12:00,2026-02-11T12:00,0,12.05,239,7.65,,2.6,954.3
2026-02-11T12:00,2026-02-11T13:00,1,12.97,252,8.23,14.0,2.7,955.9
2026-02-11T12:00,2026-02-11T14:00,2,11.06,256,6.97,14.3,1.4,956.9
2026-02-11T12:00,2026-02-11T15:00,3,9.66,251,5.95,11.9,0.6,957.5
2026-02-11T12:00,2026-02-11T16:00,4,9.35,243,5.68,10.2,0.3,957.8
2026-02-11T12:00,2026-02-11T17:00,5,9.67,236,5.95,10.2,0.3,958.1
2026-02-11T12:00,2026-02-11T18:00,6,8.09,230,4.73,10.1,0.4,957.3
2026-02-11T12:00,2026-02-11T19:00,7,8.22,232,4.72,8.0,0.3,957.5
2026-02-11T12:00,2026-02-11T20:00,8,7.51,221,4.2,7.9,0.0,957.4
2026-02-11T12:00,2026-02-11T21:00,9,5.99,229,3.18,7.1,0.3,956.9
2026-02-11T12:00,2026-02-11T22:00,10,6.4,226,3.3,5.7,-0.1,957.0
2026-02-11T12:00,2026-02-11T23:00,11,5.31,223,2.71,5.8,0.4,957.1
2026-02-11T12:00,2026-02-12T00:00,12,3.97,251,1.59,4.4,0.7,957.5
2026-02-11T12:00,2026-02-12T01:00,13,3.71,260,1.41,2.7,0.3,958.3
2026-02-11T12:00,2026-02-12T02:00,14,1.66,224,0.32,2.3,0.2,957.7
2026-02-11T12:00,2026-02-12T03:00,15,2.97,314,1.82,3.5,0.1,958.3
2026-02-11T12:00,2026-02-12T04:00,16,1.15,2,1.0,3.7,0.5,957.5
2026-02-11T12:00,2026-02-12T05:00,17,3.04,25,2.51,6.0,1.5,957.1
2026-02-11T12:00,2026-02-12T06:00,18,2.01,27,1.77,6.0,2.2,956.9
2026-02-11T12:00,2026-02-12T07:00,19,1.84,29,1.54,5.1,2.7,956.3
2026-02-11T12:00,2026-02-12T08:00,20,1.68,23,1.46,4.5,3.0,955.6
2026-02-11T12:00,2026-02-12T09:00,21,1.15,358,1.05,4.2,3.2,955.5
2026-02-11T12:00,2026-02-12T10:00,22,2.22,337,1.86,4.3,3.0,955.0
2026-02-11T12:00,2026-02-12T11:00,23,2.8,301,2.16,4.4,2.2,955.1
2026-02-11T12:00,2026-02-12T12:00,24,4.36,280,2.62,4.7,0.8,955.2
2026-02-11T12:00,2026-02-12T13:00,25,3.65,272,2.1,4.5,0.1,955.5
2026-02-11T12:00,2026-02-12T14:00,26,4.0,268,2.19,3.7,-0.7,955.9
2026-02-11T12:00,2026-02-12T15:00,27,3.3,270,2.01,3.9,-0.7,955.7
2026-02-11T12:00,2026-02-12T16:00,28,4.0,279,2.43,4.3,-0.9,956.2
2026-02-11T12:00,2026-02-12T17:00,29,1.96,264,1.06,4.2,-0.9,955.9
2026-02-11T12:00,2026-02-12T18:00,30,1.59,319,1.12,2.0,-1.1,955.8
2026-02-11T12:00,2026-02-12T19:00,31,2.85,322,2.02,3.7,-1.7,955.6
2026-02-11T12:00,2026-02-12T20:00,32,2.19,313,1.38,3.7,-2.0,955.0
2026-02-11T12:00,2026-02-12T21:00,33,1.77,310,1.53,3.0,-1.9,954.7
2026-02-11T12:00,2026-02-12T22:00,34,1.57,338,1.58,3.0,-2.2,954.0
2026-02-11T12:00,2026-02-12T23:00,35,2.2,321,1.82,3.3,-2.9,953.9
2026-02-11T12:00,2026-02-13T00:00,36,2.17,296,1.86,3.6,-3.0,954.3
2026-02-11T12:00,2026-02-13T01:00,37,3.46,284,2.52,4.7,-3.0,955.1
2026-02-11T12:00,2026-02-13T02:00,38,2.42,292,2.02,4.7,-2.9,955.4
2026-02-11T12:00,2026-02-13T03:00,39,2.44,316,2.13,4.5,-2.6,956.1
2026-02-11T12:00,2026-02-13T04:00,40,2.13,311,1.88,4.6,-2.2,956.6
2026-02-11T12:00,2026-02-13T05:00,41,2.17,296,1.84,5.0,-1.4,956.8
2026-02-11T12:00,2026-02-13T06:00,42,1.43,295,1.28,4.7,0.1,956.7
2026-02-11T12:00,2026-02-13T07:00,43,1.64,308,1.45,4.7,1.5,956.4
2026-02-11T12:00,2026-02-13T08:00,44,1.57,329,1.43,5.0,1.8,955.7
2026-02-11T12:00,2026-02-13T09:00,45,1.25,5,1.2,4.4,2.3,955.6
2026-02-11T12:00,2026-02-13T10:00,46,1.93,37,1.74,4.1,2.1,955.2
2026-02-11T12:00,2026-02-13T11:00,47,3.23,41,2.44,5.1,1.6,955.0
2026-02-11T12:00,2026-02-13T12:00,48,4.15,56,1.95,4.7,-0.5,954.8
2026-02-11T12:00,2026-02-13T13:00,49,5.03,65,1.86,3.4,-0.9,954.9
2026-02-11T12:00,2026-02-13T14:00,50,5.15,61,1.93,2.9,-0.8,955.1
2026-02-11T12:00,2026-02-13T15:00,51,5.87,59,2.34,3.9,-0.4,955.1
2026-02-11T12:00,2026-02-13T16:00,52,6.04,61,2.44,4.0,-0.7,954.9
2026-02-11T12:00,2026-02-13T17:00,53,6.54,61,3.12,5.0,-1.1,954.5
2026-02-11T12:00,2026-02-13T18:00,54,6.66,62,3.39,5.4,-1.2,954.0
2026-02-11T12:00,2026-02-13T19:00,55,6.94,65,3.71,6.0,-0.6,953.4
2026-02-11T12:00,2026-02-13T20:00,56,8.04,69,4.28,7.2,-0.6,952.7
2026-02-11T12:00,2026-02-13T21:00,57,7.45,74,4.05,7.2,-0.3,953.2
2026-02-11T12:00,2026-02-13T22:00,58,6.84,75,3.65,6.8,-0.2,953.5
2026-02-11T12:00,2026-02-13T23:00,59,5.89,80,3.03,6.2,0.1,953.9
2026-02-11T12:00,2026-02-14T00:00,60,5.12,80,2.69,5.0,0.1,954.4
2026-02-11T12:00,2026-02-14T01:00,61,4.22,73,2.02,4.6,-0.1,954.7
2026-02-11T12:00,2026-02-14T02:00,62,3.36,75,1.35,3.3,-0.8,955.5
2026-02-11T12:00,2026-02-14T03:00,63,0.32,72,0.36,2.1,0.2,956.5
2026-02-11T12:00,2026-02-14T04:00,64,1.7,223,1.37,3.1,1.2,957.4
2026-02-11T12:00,2026-02-14T05:00,65,2.01,243,1.61,4.2,2.3,957.3
2026-02-11T12:00,2026-02-14T06:00,66,2.55,272,2.08,5.2,3.5,957.4
2026-02-11T12:00,2026-02-14T07:00,67,0.89,297,0.78,5.3,4.4,957.0
2026-02-11T12:00,2026-02-14T08:00,68,0.6,66,0.57,4.0,5.7,956.0
2026-02-11T12:00,2026-02-14T09:00,69,0.99,49,0.99,3.9,6.4,955.5
2026-02-11T12:00,2026-02-14T10:00,70,1.76,55,1.56,4.1,6.6,955.2
2026-02-11T12:00,2026-02-14T11:00,71,2.94,48,2.13,4.1,5.7,955.0
2026-02-11T18:00,2026-02-11T18:00,0,7.43,228,4.66,,0.1,957.7
2026-02-11T18:00,2026-02-11T19:00,1,6.59,229,3.81,7.8,0.1,957.7
2026-02-11T18:00,2026-02-11T20:00,2,5.73,225,3.11,6.4,0.0,957.6
2026-02-11T18:00,2026-02-11T21:00,3,4.76,234,2.5,5.2,0.4,957.8
2026-02-11T18:00,2026-02-11T22:00,4,3.68,228,1.69,4.1,0.2,957.3
2026-02-11T18:00,2026-02-11T23:00,5,2.82,245,1.14,2.7,-0.1,957.2
2026-02-11T18:00,2026-02-12T00:00,6,2.39,286,1.0,1.7,-0.5,957.5
2026-02-11T18:00,2026-02-12T01:00,7,3.76,265,1.82,3.3,-0.7,958.4
2026-02-11T18:00,2026-02-12T02:00,8,1.72,262,0.46,3.1,-0.7,958.3
2026-02-11T18:00,2026-02-12T03:00,9,1.52,279,0.83,1.9,-0.4,958.7
2026-02-11T18:00,2026-02-12T04:00,10,1.73,338,1.46,3.5,-0.4,958.6
2026-02-11T18:00,2026-02-12T05:00,11,2.51,35,2.09,4.8,-0.1,957.3
2026-02-11T18:00,2026-02-12T06:00,12,2.95,51,2.44,5.9,1.8,956.9
2026-02-11T18:00,2026-02-12T07:00,13,3.41,32,2.84,6.7,2.9,956.0
2026-02-11T18:00,2026-02-12T08:00,14,2.34,20,2.01,6.6,3.5,955.9
2026-02-11T18:00,2026-02-12T09:00,15,1.39,38,1.21,5.3,3.3,955.3
2026-02-11T18:00,2026-02-12T10:00,16,0.64,315,0.71,3.6,3.3,954.9
2026-02-11T18:00,2026-02-12T11:00,17,3.89,299,2.9,5.4,2.2,955.4
2026-02-11T18:00,2026-02-12T12:00,18,4.22,289,2.46,5.5,0.4,955.5
2026-02-11T18:00,2026-02-12T13:00,19,4.35,269,2.55,4.3,-0.2,955.7
2026-02-11T18:00,2026-02-12T14:00,20,3.65,269,2.11,4.3,-0.5,955.6
2026-02-11T18:00,2026-02-12T15:00,21,3.93,277,2.3,3.9,-0.7,955.8
2026-02-11T18:00,2026-02-12T16:00,22,3.65,269,2.3,4.2,-0.8,955.9
2026-02-11T18:00,2026-02-12T17:00,23,1.84,283,1.21,3.8,-0.6,955.4
2026-02-11T18:00,2026-02-12T18:00,24,1.87,314,1.26,2.5,-1.0,955.2
2026-02-11T18:00,2026-02-12T19:00,25,2.17,341,1.55,2.6,-1.5,954.7
2026-02-11T18:00,2026-02-12T20:00,26,2.5,360,1.58,2.9,-2.3,954.0
2026-02-11T18:00,2026-02-12T21:00,27,0.72,348,0.4,2.7,-2.5,953.4
2026-02-11T18:00,2026-02-12T22:00,28,1.09,344,0.76,1.6,-2.5,952.8
2026-02-11T18:00,2026-02-12T23:00,29,1.31,317,0.88,1.9,-2.6,952.7
2026-02-11T18:00,2026-02-13T00:00,30,2.44,305,1.68,3.0,-2.7,953.2
2026-02-11T18:00,2026-02-13T01:00,31,3.35,280,2.5,4.6,-2.4,954.2
2026-02-11T18:00,2026-02-13T02:00,32,3.32,276,2.57,4.9,-2.4,954.9
2026-02-11T18:00,2026-02-13T03:00,33,2.36,264,1.91,4.7,-2.1,955.7
2026-02-11T18:00,2026-02-13T04:00,34,1.94,288,1.63,4.1,-1.4,956.2
2026-02-11T18:00,2026-02-13T05:00,35,2.17,308,1.85,4.0,-0.6,956.4
2026-02-11T18:00,2026-02-13T06:00,36,1.52,311,1.27,4.0,0.4,956.4
2026-02-11T18:00,2026-02-13T07:00,37,1.2,318,0.85,3.1,1.3,956.2
2026-02-11T18:00,2026-02-13T08:00,38,1.1,355,0.67,2.5,1.7,955.6
2026-02-11T18:00,2026-02-13T09:00,39,1.03,51,0.94,2.3,2.4,955.3
2026-02-11T18:00,2026-02-13T10:00,40,1.72,36,1.54,4.0,2.9,955.0
2026-02-11T18:00,2026-02-13T11:00,41,2.24,39,1.91,4.1,2.1,954.9
2026-02-11T18:00,2026-02-13T12:00,42,2.87,40,1.44,3.5,-0.1,954.6
2026-02-11T18:00,2026-02-13T13:00,43,2.67,52,0.58,2.2,-0.9,955.1
2026-02-11T18:00,2026-02-13T14:00,44,3.23,55,0.58,0.9,-0.6,955.2
2026-02-11T18:00,2026-02-13T15:00,45,4.3,61,1.61,2.1,-0.7,955.0
2026-02-11T18:00,2026-02-13T16:00,46,5.66,61,2.39,3.9,0.4,954.8
2026-02-11T18:00,2026-02-13T17:00,47,6.31,61,2.8,4.7,0.1,954.5
2026-02-11T18:00,2026-02-13T18:00,48,6.64,62,3.2,5.2,-0.3,953.8
2026-02-11T18:00,2026-02-13T19:00,49,7.22,62,3.69,6.0,-0.3,953.5
2026-02-11T18:00,2026-02-13T20:00,50,6.99,71,3.51,6.1,-0.8,953.1
2026-02-11T18:00,2026-02-13T21:00,51,6.75,73,3.46,5.8,-1.0,953.2
2026-02-11T18:00,2026-02-13T22:00,52,6.29,76,3.15,5.8,-0.6,953.6
2026-02-11T18:00,2026-02-13T23:00,53,4.96,86,2.52,5.3,-0.2,954.0
2026-02-11T18:00,2026-02-14T00:00,54,4.7,88,2.4,4.1,-0.3,954.1
2026-02-11T18:00,2026-02-14T01:00,55,4.92,73,2.46,4.0,-0.7,954.6
2026-02-11T18:00,2026-02-14T02:00,56,4.24,75,2.01,4.2,-0.6,955.0
2026-02-11T18:00,2026-02-14T03:00,57,2.71,74,1.6,3.4,0.4,955.8
2026-02-11T18:00,2026-02-14T04:00,58,0.85,242,0.73,3.1,2.2,956.9
2026-02-11T18:00,2026-02-14T05:00,59,1.7,272,1.48,4.2,3.2,957.4
2026-02-11T18:00,2026-02-14T06:00,60,1.11,262,1.0,4.2,3.3,957.3
2026-02-11T18:00,2026-02-14T07:00,61,1.34,243,1.14,3.8,3.8,956.8
2026-02-11T18:00,2026-02-14T08:00,62,1.66,291,1.52,5.0,4.8,956.3
2026-02-11T18:00,2026-02-14T09:00,63,2.06,319,1.85,4.8,5.0,956.2
2026-02-11T18:00,2026-02-14T10:00,64,2.34,310,1.98,5.3,5.1,956.6
2026-02-11T18:00,2026-02-14T11:00,65,2.39,290,1.77,4.6,3.8,957.0
2026-02-11T18:00,2026-02-14T12:00,66,1.9,247,0.65,3.2,1.9,957.0
2026-02-11T18:00,2026-02-14T13:00,67,2.54,260,1.04,1.4,0.4,957.4
2026-02-11T18:00,2026-02-14T14:00,68,1.9,210,1.02,1.5,0.5,957.4
2026-02-11T18:00,2026-02-14T15:00,69,1.67,261,0.49,1.4,0.4,957.5
2026-02-11T18:00,2026-02-14T16:00,70,3.65,279,1.4,1.9,0.3,958.4
2026-02-11T18:00,2026-02-14T17:00,71,2.93,253,1.16,2.0,0.2,959.1
2026-02-12T00:00,2026-02-12T00:00,0,2.96,233,1.18,,0.4,957.8
2026-02-12T00:00,2026-02-12T01:00,1,1.4,272,0.39,1.9,-0.1,958.1
2026-02-12T00:00,2026-02-12T02:00,2,2.59,245,1.26,2.0,-0.3,958.9
2026-02-12T00:00,2026-02-12T03:00,3,1.03,209,0.46,2.3,0.2,958.7
2026-02-12T00:00,2026-02-12T04:00,4,1.87,352,1.52,3.7,0.4,958.8
2026-02-12T00:00,2026-02-12T05:00,5,2.44,19,2.09,4.8,0.4,958.5
2026-02-12T00:00,2026-02-12T06:00,6,3.91,50,3.18,6.6,1.1,957.3
2026-02-12T00:00,2026-02-12T07:00,7,5.9,51,4.68,9.2,2.8,956.0
2026-02-12T00:00,2026-02-12T08:00,8,5.67,49,4.38,9.3,3.6,955.5
2026-02-12T00:00,2026-02-12T09:00,9,4.0,49,3.08,8.6,3.8,954.8
2026-02-12T00:00,2026-02-12T10:00,10,3.69,40,2.79,6.4,3.6,954.5
2026-02-12T00:00,2026-02-12T11:00,11,2.19,24,1.64,5.4,2.8,954.7
2026-02-12T00:00,2026-02-12T12:00,12,2.54,328,1.63,2.9,1.8,954.1
2026-02-12T00:00,2026-02-12T13:00,13,4.8,281,2.8,4.6,0.2,955.3
2026-02-12T00:00,2026-02-12T14:00,14,5.12,260,2.89,5.0,0.1,955.5
2026-02-12T00:00,2026-02-12T15:00,15,3.43,262,1.61,4.9,0.1,955.5
2026-02-12T00:00,2026-02-12T16:00,16,3.74,278,2.17,3.6,-0.3,955.7
2026-02-12T00:00,2026-02-12T17:00,17,3.61,274,2.0,4.0,-0.6,955.6
2026-02-12T00:00,2026-02-12T18:00,18,1.26,252,0.7,3.3,-0.4,955.1
2026-02-12T00:00,2026-02-12T19:00,19,2.38,345,1.91,3.1,-0.8,954.7
2026-02-12T00:00,2026-02-12T20:00,20,1.66,355,1.4,3.4,-1.1,954.2
2026-02-12T00:00,2026-02-12T21:00,21,1.25,355,1.03,2.5,-1.8,953.8
2026-02-12T00:00,2026-02-12T22:00,22,0.82,322,0.74,2.0,-2.0,953.2
2026-02-12T00:00,2026-02-12T23:00,23,1.11,288,0.97,2.1,-1.8,953.2
2026-02-12T00:00,2026-02-13T00:00,24,1.46,308,1.14,2.3,-1.9,953.3
2026-02-12T00:00,2026-02-13T01:00,25,2.52,311,1.75,3.5,-2.2,954.0
2026-02-12T00:00,2026-02-13T02:00,26,1.28,309,1.27,3.4,-2.4,954.5
2026-02-12T00:00,2026-02-13T03:00,27,0.83,327,1.06,2.9,-2.0,955.0
2026-02-12T00:00,2026-02-13T04:00,28,1.2,2,1.22,2.9,-1.2,955.5
2026-02-12T00:00,2026-02-13T05:00,29,1.75,329,1.66,3.7,-0.6,955.9
2026-02-12T00:00,2026-02-13T06:00,30,1.18,324,1.15,3.7,0.0,956.0
2026-02-12T00:00,2026-02-13T07:00,31,1.07,11,0.8,2.8,1.0,955.8
2026-02-12T00:00,2026-02-13T08:00,32,1.07,62,0.57,2.2,1.7,955.1
2026-02-12T00:00,2026-02-13T09:00,33,2.09,44,1.12,2.9,2.5,954.7
2026-02-12T00:00,2026-02-13T10:00,34,2.45,57,1.2,3.2,2.8,954.6
2026-02-12T00:00,2026-02-13T11:00,35,2.53,65,1.28,3.0,2.3,954.5
2026-02-12T00:00,2026-02-13T12:00,36,3.4,66,1.62,2.6,-0.3,953.9
2026-02-12T00:00,2026-02-13T13:00,37,4.86,66,2.01,3.1,-0.1,954.2
2026-02-12T00:00,2026-02-13T14:00,38,5.9,70,2.31,3.7,0.1,954.5
2026-02-12T00:00,2026-02-13T15:00,39,6.07,67,2.55,4.2,0.7,954.5
2026-02-12T00:00,2026-02-13T16:00,40,7.36,64,3.4,5.7,0.4,954.4
2026-02-12T00:00,2026-02-13T17:00,41,6.89,62,3.07,5.7,0.1,954.5
2026-02-12T00:00,2026-02-13T18:00,42,7.36,63,3.51,5.9,-0.2,954.0
2026-02-12T00:00,2026-02-13T19:00,43,8.03,62,4.13,6.8,0.2,953.3
2026-02-12T00:00,2026-02-13T20:00,44,8.11,60,4.16,7.0,-0.4,952.6
2026-02-12T00:00,2026-02-13T21:00,45,8.0,68,4.14,6.9,-0.9,952.3
2026-02-12T00:00,2026-02-13T22:00,46,8.11,67,4.2,7.2,-0.7,952.2
2026-02-12T00:00,2026-02-13T23:00,47,7.16,70,3.69,7.1,-0.9,952.8
2026-02-12T00:00,2026-02-14T00:00,48,3.96,86,1.61,6.2,-0.7,953.9
2026-02-12T00:00,2026-02-14T01:00,49,1.86,121,0.67,2.5,-0.5,955.0
2026-02-12T00:00,2026-02-14T02:00,50,1.71,165,0.6,1.0,-0.4,955.6
2026-02-12T00:00,2026-02-14T03:00,51,2.27,213,0.96,1.7,0.8,956.4
2026-02-12T00:00,2026-02-14T04:00,52,1.25,182,0.22,1.8,2.2,956.7
2026-02-12T00:00,2026-02-14T05:00,53,0.67,167,0.25,2.9,4.2,956.7
2026-02-12T00:00,2026-02-14T06:00,54,0.85,315,0.85,3.6,4.7,956.6
2026-02-12T00:00,2026-02-14T07:00,55,1.5,300,1.35,4.3,5.3,956.3
2026-02-12T00:00,2026-02-14T08:00,56,2.21,275,1.82,4.6,5.6,956.1
2026-02-12T00:00,2026-02-14T09:00,57,2.8,260,2.27,4.7,5.5,956.2
2026-02-12T00:00,2026-02-14T10:00,58,3.55,270,2.6,4.7,4.4,956.7
2026-02-12T00:00,2026-02-14T11:00,59,3.21,255,2.14,4.7,3.4,957.4
2026-02-12T00:00,2026-02-14T12:00,60,3.74,236,1.5,3.4,2.1,957.7
2026-02-12T00:00,2026-02-14T13:00,61,4.41,241,1.78,2.8,1.4,958.0
2026-02-12T00:00,2026-02-14T14:00,62,4.81,241,2.37,3.8,2.0,958.6
2026-02-12T00:00,2026-02-14T15:00,63,4.56,235,2.27,3.8,1.8,958.8
2026-02-12T00:00,2026-02-14T16:00,64,4.07,225,1.92,3.6,1.6,958.9
2026-02-12T00:00,2026-02-14T17:00,65,4.53,233,2.32,3.6,2.2,959.0
2026-02-12T00:00,2026-02-14T18:00,66,4.51,236,2.04,3.6,1.9,958.7
2026-02-12T00:00,2026-02-14T19:00,67,3.75,233,1.6,3.2,1.6,958.6
2026-02-12T00:00,2026-02-14T20:00,68,3.32,226,1.23,2.3,1.7,958.4
2026-02-12T00:00,2026-02-14T21:00,69,2.36,234,0.51,1.6,0.6,958.1
2026-02-12T00:00,2026-02-14T22:00,70,1.32,233,0.54,0.8,-0.8,957.8
2026-02-12T00:00,2026-02-14T23:00,71,0.36,164,0.42,1.0,-0.7,957.8
2026-02-12T06:00,2026-02-12T06:00,0,2.41,43,2.09,,0.2,957.9
2026-02-12T06:00,2026-02-12T07:00,1,3.69,54,2.95,6.5,1.7,956.6
2026-02-12T06:00,2026-02-12T08:00,2,3.57,47,2.8,6.6,2.7,956.3
2026-02-12T06:00,2026-02-12T09:00,3,2.66,49,2.05,6.3,3.1,955.6
2026-02-12T06:00,2026-02-12T10:00,4,3.14,53,2.44,4.8,2.6,954.9
2026-02-12T06:00,2026-02-12T11:00,5,3.36,43,2.47,5.2,2.4,954.6
2026-02-12T06:00,2026-02-12T12:00,6,3.21,356,1.84,4.4,1.4,954.6
2026-02-12T06:00,2026-02-12T13:00,7,4.46,280,2.6,4.5,0.3,955.3
2026-02-12T06:00,2026-02-12T14:00,8,4.46,266,2.4,4.4,-0.2,955.5
2026-02-12T06:00,2026-02-12T15:00,9,2.34,286,0.89,4.1,-0.3,955.4
2026-02-12T06:00,2026-02-12T16:00,10,3.03,292,1.72,3.0,-1.1,955.2
2026-02-12T06:00,2026-02-12T17:00,11,3.71,275,2.25,3.9,-1.3,955.5
2026-02-12T06:00,2026-02-12T18:00,12,2.26,265,1.33,4.1,-0.8,955.1
2026-02-12T06:00,2026-02-12T19:00,13,1.2,315,0.69,2.3,-0.7,954.8
2026-02-12T06:00,2026-02-12T20:00,14,1.17,20,0.84,1.7,-1.9,954.1
2026-02-12T06:00,2026-02-12T21:00,15,1.18,54,0.74,2.0,-1.8,953.5
2026-02-12T06:00,2026-02-12T22:00,16,0.63,342,0.6,1.6,-2.0,953.1
2026-02-12T06:00,2026-02-12T23:00,17,1.39,291,0.81,1.8,-2.2,953.4
2026-02-12T06:00,2026-02-13T00:00,18,1.8,314,1.21,2.5,-1.9,953.5
2026-02-12T06:00,2026-02-13T01:00,19,2.24,299,1.83,3.7,-1.9,954.2
2026-02-12T06:00,2026-02-13T02:00,20,2.18,286,1.72,3.9,-1.8,954.9
2026-02-12T06:00,2026-02-13T03:00,21,1.83,287,1.68,3.8,-1.7,955.6
2026-02-12T06:00,2026-02-13T04:00,22,1.21,300,1.31,3.3,-1.1,955.9
2026-02-12T06:00,2026-02-13T05:00,23,1.14,345,1.11,3.1,-0.4,956.1
2026-02-12T06:00,2026-02-13T06:00,24,1.5,356,1.26,3.0,0.4,956.2
2026-02-12T06:00,2026-02-13T07:00,25,1.9,55,1.1,2.8,0.9,955.4
2026-02-12T06:00,2026-02-13T08:00,26,3.41,50,2.09,4.5,1.6,954.6
2026-02-12T06:00,2026-02-13T09:00,27,3.22,54,1.7,4.7,2.6,954.6
2026-02-12T06:00,2026-02-13T10:00,28,2.92,52,1.42,3.9,2.9,954.5
2026-02-12T06:00,2026-02-13T11:00,29,2.98,49,1.3,3.4,2.3,954.7
2026-02-12T06:00,2026-02-13T12:00,30,3.42,65,1.07,2.6,0.3,954.5
2026-02-12T06:00,2026-02-13T13:00,31,4.3,67,1.56,2.2,-0.4,954.6
2026-02-12T06:00,2026-02-13T14:00,32,5.27,60,2.04,3.1,-0.7,955.1
2026-02-12T06:00,2026-02-13T15:00,33,5.56,68,2.18,3.7,-0.1,955.4
2026-02-12T06:00,2026-02-13T16:00,34,6.53,65,2.94,5.0,-0.2,955.3
2026-02-12T06:00,2026-02-13T17:00,35,6.46,64,2.85,5.2,-0.1,955.0
2026-02-12T06:00,2026-02-13T18:00,36,6.33,65,2.92,5.0,0.0,954.7
2026-02-12T06:00,2026-02-13T19:00,37,6.84,62,3.25,5.3,-1.3,953.7
2026-02-12T06:00,2026-02-13T20:00,38,7.74,62,4.0,6.5,-1.1,953.1
2026-02-12T06:00,2026-02-13T21:00,39,7.42,72,3.98,6.9,-0.9,952.7
2026-02-12T06:00,2026-02-13T22:00,40,7.43,68,3.95,6.6,-1.4,952.6
2026-02-12T06:00,2026-02-13T23:00,41,6.88,71,3.52,6.6,-1.4,952.3
2026-02-12T06:00,2026-02-14T00:00,42,6.71,73,3.49,6.1,-1.2,953.0
2026-02-12T06:00,2026-02-14T01:00,43,4.86,86,2.42,5.8,-1.1,953.9
2026-02-12T06:00,2026-02-14T02:00,44,2.86,106,1.39,4.0,-1.0,954.2
2026-02-12T06:00,2026-02-14T03:00,45,2.55,93,1.15,2.2,-0.1,955.1
2026-02-12T06:00,2026-02-14T04:00,46,1.08,112,0.66,2.9,1.8,955.6
2026-02-12T06:00,2026-02-14T05:00,47,1.0,18,1.05,3.8,2.9,955.9
2026-02-12T06:00,2026-02-14T06:00,48,1.18,348,1.13,4.6,3.5,955.9
2026-02-12T06:00,2026-02-14T07:00,49,1.56,264,1.3,4.4,4.4,956.0
2026-02-12T06:00,2026-02-14T08:00,50,3.1,255,2.58,5.6,4.8,956.0
2026-02-12T06:00,2026-02-14T09:00,51,3.77,255,2.98,5.8,4.5,956.2
2026-02-12T06:00,2026-02-14T10:00,52,3.28,254,2.65,5.9,3.7,956.3
2026-02-12T06:00,2026-02-14T11:00,53,3.55,260,2.16,5.1,2.2,956.6
2026-02-12T06:00,2026-02-14T12:00,54,4.35,251,1.91,3.5,0.8,957.1
2026-02-12T06:00,2026-02-14T13:00,55,4.86,241,2.39,4.1,0.2,958.0
2026-02-12T06:00,2026-02-14T14:00,56,4.47,234,2.19,4.2,0.5,958.2
2026-02-12T06:00,2026-02-14T15:00,57,4.45,241,2.1,3.5,0.2,958.4
2026-02-12T06:00,2026-02-14T16:00,58,5.17,232,2.62,4.3,0.4,958.9
2026-02-12T06:00,2026-02-14T17:00,59,4.92,229,2.36,4.5,1.1,959.2
2026-02-12T06:00,2026-02-14T18:00,60,4.9,216,2.56,4.2,1.3,959.1
2026-02-12T06:00,2026-02-14T19:00,61,3.15,223,0.96,4.1,1.2,958.7
2026-02-12T06:00,2026-02-14T20:00,62,2.23,250,0.51,1.3,0.8,958.6
2026-02-12T06:00,2026-02-14T21:00,63,2.33,247,0.67,1.0,0.1,958.5
2026-02-12T06:00,2026-02-14T22:00,64,1.88,253,0.25,1.0,-0.6,958.2
2026-02-12T06:00,2026-02-14T23:00,65,0.81,281,0.05,0.6,-1.2,958.4
2026-02-12T06:00,2026-02-15T00:00,66,0.32,219,0.32,0.5,-1.1,958.6
2026-02-12T06:00,2026-02-15T01:00,67,1.37,66,1.3,2.0,-1.9,959.0
2026-02-12T06:00,2026-02-15T02:00,68,3.67,61,2.22,3.6,-1.9,959.4
2026-02-12T06:00,2026-02-15T03:00,69,4.7,66,3.11,5.7,-0.6,960.0
2026-02-12T06:00,2026-02-15T04:00,70,5.3,64,3.89,7.5,1.0,960.2
2026-02-12T06:00,2026-02-15T05:00,71,6.69,58,4.98,9.4,2.7,960.0
2026-02-12T12:00,2026-02-12T12:00,0,2.57,27,1.17,,1.5,954.2
2026-02-12T12:00,2026-02-12T13:00,1,3.64,323,2.41,4.1,0.4,955.1
2026-02-12T12:00,2026-02-12T14:00,2,5.5,269,2.89,5.1,-0.5,956.2
2026-02-12T12:00,2026-02-12T15:00,3,3.06,259,1.86,4.9,-0.5,956.1
2026-02-12T12:00,2026-02-12T16:00,4,1.2,272,0.32,3.1,-1.2,955.5
2026-02-12T12:00,2026-02-12T17:00,5,2.96,289,1.52,3.5,-1.7,955.6
2026-02-12T12:00,2026-02-12T18:00,6,1.6,290,1.21,3.2,-1.3,955.0
2026-02-12T12:00,2026-02-12T19:00,7,0.81,338,0.87,2.7,-1.1,954.7
2026-02-12T12:00,2026-02-12T20:00,8,1.0,18,0.95,2.1,-1.4,953.9
2026-02-12T12:00,2026-02-12T21:00,9,1.19,338,1.04,2.0,-1.6,953.8
2026-02-12T12:00,2026-02-12T22:00,10,1.3,358,1.04,2.4,-1.8,953.2
2026-02-12T12:00,2026-02-12T23:00,11,1.0,360,1.01,2.5,-1.6,953.5
2026-02-12T12:00,2026-02-13T00:00,12,1.9,23,1.35,3.0,-1.8,953.9
2026-02-12T12:00,2026-02-13T01:00,13,1.77,16,1.26,3.5,-1.6,954.2
2026-02-12T12:00,2026-02-13T02:00,14,1.16,7,1.15,2.8,-1.7,954.6
2026-02-12T12:00,2026-02-13T03:00,15,1.41,27,1.1,2.8,-1.4,955.1
2026-02-12T12:00,2026-02-13T04:00,16,0.91,9,1.01,2.7,-0.7,955.6
2026-02-12T12:00,2026-02-13T05:00,17,0.89,308,1.17,2.7,-0.2,956.2
2026-02-12T12:00,2026-02-13T06:00,18,0.92,315,0.92,3.0,0.4,956.3
2026-02-12T12:00,2026-02-13T07:00,19,1.13,103,0.45,2.1,1.3,955.6
2026-02-12T12:00,2026-02-13T08:00,20,2.53,60,1.38,3.0,2.3,954.8
2026-02-12T12:00,2026-02-13T09:00,21,3.29,62,1.7,4.0,3.0,954.7
2026-02-12T12:00,2026-02-13T10:00,22,2.97,54,1.45,3.9,3.3,954.7
2026-02-12T12:00,2026-02-13T11:00,23,2.48,62,1.18,3.3,2.6,954.7
2026-02-12T12:00,2026-02-13T12:00,24,2.12,63,0.69,2.2,1.3,954.6
2026-02-12T12:00,2026-02-13T13:00,25,2.84,56,0.85,1.1,1.1,954.8
2026-02-12T12:00,2026-02-13T14:00,26,4.44,59,1.79,2.3,1.0,955.4
2026-02-12T12:00,2026-02-13T15:00,27,5.98,66,2.99,4.9,1.3,955.5
2026-02-12T12:00,2026-02-13T16:00,28,7.61,65,3.83,6.3,0.2,955.1
2026-02-12T12:00,2026-02-13T17:00,29,8.02,66,4.15,7.0,0.1,954.5
2026-02-12T12:00,2026-02-13T18:00,30,8.01,62,4.15,6.9,-0.4,954.0
2026-02-12T12:00,2026-02-13T19:00,31,8.18,64,4.4,7.2,-1.0,953.5
2026-02-12T12:00,2026-02-13T20:00,32,8.33,67,4.45,7.4,-1.1,953.1
2026-02-12T12:00,2026-02-13T21:00,33,7.72,73,4.3,7.4,-0.7,952.9
2026-02-12T12:00,2026-02-13T22:00,34,7.24,79,4.11,7.2,-0.7,952.8
2026-02-12T12:00,2026-02-13T23:00,35,7.16,78,4.14,7.0,-0.6,953.5
2026-02-12T12:00,2026-02-14T00:00,36,6.45,80,3.65,7.0,-0.5,953.9
2026-02-12T12:00,2026-02-14T01:00,37,4.61,77,2.31,6.1,-0.6,954.6
2026-02-12T12:00,2026-02-14T02:00,38,3.01,86,1.23,3.7,-0.5,955.3
2026-02-12T12:00,2026-02-14T03:00,39,2.2,91,1.0,2.0,0.4,956.1
2026-02-12T12:00,2026-02-14T04:00,40,1.52,107,0.75,2.0,1.7,956.3
2026-02-12T12:00,2026-02-14T05:00,41,0.99,49,0.65,2.0,2.9,956.5
2026-02-12T12:00,2026-02-14T06:00,42,1.32,11,1.3,2.8,3.5,956.6
2026-02-12T12:00,2026-02-14T07:00,43,0.71,321,0.72,4.3,4.2,956.4
2026-02-12T12:00,2026-02-14T08:00,44,0.71,231,0.57,3.2,4.2,955.8
2026-02-12T12:00,2026-02-14T09:00,45,0.89,308,0.81,3.0,5.3,955.8
2026-02-12T12:00,2026-02-14T10:00,46,2.16,304,1.9,4.2,5.4,956.1
2026-02-12T12:00,2026-02-14T11:00,47,3.39,286,2.37,4.3,3.3,956.6
2026-02-12T12:00,2026-02-14T12:00,48,5.27,265,2.96,5.0,1.5,957.3
2026-02-12T12:00,2026-02-14T13:00,49,5.19,244,2.8,5.0,0.3,958.2
2026-02-12T12:00,2026-02-14T14:00,50,5.59,238,3.07,5.0,0.5,958.8
2026-02-12T12:00,2026-02-14T15:00,51,5.17,232,2.85,5.1,0.6,958.8
2026-02-12T12:00,2026-02-14T16:00,52,4.35,223,2.04,4.6,1.0,958.8
2026-02-12T12:00,2026-02-14T17:00,53,3.91,243,1.63,3.3,1.0,959.1
2026-02-12T12:00,2026-02-14T18:00,54,3.82,223,1.52,2.7,0.8,958.9
2026-02-12T12:00,2026-02-14T19:00,55,2.64,217,1.05,2.3,1.2,958.6
2026-02-12T12:00,2026-02-14T20:00,56,1.97,234,0.49,1.3,1.3,958.3
2026-02-12T12:00,2026-02-14T21:00,57,1.25,272,0.22,0.8,0.4,958.2
2026-02-12T12:00,2026-02-14T22:00,58,0.62,194,0.43,0.5,-0.3,958.0
2026-02-12T12:00,2026-02-14T23:00,59,1.14,113,0.75,1.2,-0.9,958.0
2026-02-12T12:00,2026-02-15T00:00,60,1.95,61,1.36,2.1,-1.0,958.2
2026-02-12T12:00,2026-02-15T01:00,61,4.52,67,2.41,3.9,-1.5,958.3
2026-02-12T12:00,2026-02-15T02:00,62,5.64,69,3.0,4.8,-1.4,958.4
2026-02-12T12:00,2026-02-15T03:00,63,6.73,64,3.85,6.4,-0.5,958.8
2026-02-12T12:00,2026-02-15T04:00,64,7.05,61,4.41,7.9,2.0,959.1
2026-02-12T12:00,2026-02-15T05:00,65,8.54,56,6.23,11.4,3.5,958.7
2026-02-12T12:00,2026-02-15T06:00,66,9.35,57,6.87,12.8,5.5,958.3
2026-02-12T12:00,2026-02-15T07:00,67,9.76,59,7.18,13.4,6.3,957.2
2026-02-12T12:00,2026-02-15T08:00,68,9.51,62,7.06,13.6,6.8,956.3
2026-02-12T12:00,2026-02-15T09:00,69,9.0,66,6.66,13.2,6.7,955.9
2026-02-12T12:00,2026-02-15T10:00,70,8.55,71,6.24,12.4,6.5,955.9
2026-02-12T12:00,2026-02-15T11:00,71,7.72,76,5.36,11.4,5.6,956.0
2026-02-12T18:00,2026-02-12T18:00,0,0.78,220,0.78,,-1.4,955.4
2026-02-12T18:00,2026-02-12T19:00,1,1.1,51,0.92,1.6,-1.3,954.9
2026-02-12T18:00,2026-02-12T20:00,2,1.88,50,1.43,2.7,-1.5,954.4
2026-02-12T18:00,2026-02-12T21:00,3,2.32,53,1.05,2.9,-1.8,953.8
2026-02-12T18:00,2026-02-12T22:00,4,1.94,35,0.85,2.2,-1.9,953.5
2026-02-12T18:00,2026-02-12T23:00,5,1.84,29,0.8,1.8,-2.0,953.5
2026-02-12T18:00,2026-02-13T00:00,6,2.15,28,1.2,2.9,-1.6,954.2
2026-02-12T18:00,2026-02-13T01:00,7,2.38,30,1.22,2.8,-1.6,954.0
2026-02-12T18:00,2026-02-13T02:00,8,2.47,36,1.3,2.8,-1.6,954.4
2026-02-12T18:00,2026-02-13T03:00,9,1.82,32,1.0,3.0,-1.2,955.0
2026-02-12T18:00,2026-02-13T04:00,10,1.68,27,1.17,2.6,-0.7,955.5
2026-02-12T18:00,2026-02-13T05:00,11,0.56,27,0.74,2.7,0.1,955.9
2026-02-12T18:00,2026-02-13T06:00,12,0.75,4,0.57,2.1,0.9,956.1
2026-02-12T18:00,2026-02-13T07:00,13,0.79,18,0.45,1.9,1.1,955.7
2026-02-12T18:00,2026-02-13T08:00,14,0.89,106,0.25,1.5,2.3,955.2
2026-02-12T18:00,2026-02-13T09:00,15,1.1,39,0.65,1.8,3.0,955.1
2026-02-12T18:00,2026-02-13T10:00,16,1.48,28,0.87,2.3,2.9,955.1
2026-02-12T18:00,2026-02-13T11:00,17,1.59,24,1.0,2.3,1.2,955.1
2026-02-12T18:00,2026-02-13T12:00,18,1.68,73,0.58,2.1,0.2,955.0
2026-02-12T18:00,2026-02-13T13:00,19,2.21,57,0.72,1.0,-0.4,955.1
2026-02-12T18:00,2026-02-13T14:00,20,3.21,53,0.82,1.2,-1.2,955.1
2026-02-12T18:00,2026-02-13T15:00,21,4.94,62,1.95,2.7,-1.0,955.0
2026-02-12T18:00,2026-02-13T16:00,22,7.0,61,3.27,5.3,-0.4,954.7
2026-02-12T18:00,2026-02-13T17:00,23,7.65,62,3.81,6.3,-0.7,954.2
2026-02-12T18:00,2026-02-13T18:00,24,7.38,62,3.76,6.4,-0.8,953.9
2026-02-12T18:00,2026-02-13T19:00,25,7.34,65,3.76,6.3,-1.2,953.5
2026-02-12T18:00,2026-02-13T20:00,26,7.54,70,3.98,6.7,-0.5,953.1
2026-02-12T18:00,2026-02-13T21:00,27,7.39,81,4.02,6.8,-0.4,953.2
2026-02-12T18:00,2026-02-13T22:00,28,7.48,77,4.16,7.0,-0.3,953.2
2026-02-12T18:00,2026-02-13T23:00,29,7.15,76,4.0,7.2,-0.4,953.2
2026-02-12T18:00,2026-02-14T00:00,30,6.42,77,3.59,6.7,-0.5,953.9
2026-02-12T18:00,2026-02-14T01:00,31,5.82,78,3.09,5.9,-0.7,953.7
2026-02-12T18:00,2026-02-14T02:00,32,3.72,70,1.55,5.1,-1.2,954.6
2026-02-12T18:00,2026-02-14T03:00,33,2.75,92,1.32,2.5,0.2,955.7
2026-02-12T18:00,2026-02-14T04:00,34,2.28,64,1.04,2.4,1.5,956.0
2026-02-12T18:00,2026-02-14T05:00,35,2.27,49,1.15,3.1,2.4,956.5
2026-02-12T18:00,2026-02-14T06:00,36,1.32,37,0.72,2.9,3.2,956.5
2026-02-12T18:00,2026-02-14T07:00,37,1.04,325,0.6,2.2,2.8,956.1
2026-02-12T18:00,2026-02-14T08:00,38,3.68,263,3.02,6.2,3.4,956.6
2026-02-12T18:00,2026-02-14T09:00,39,3.47,245,2.76,6.5,3.0,956.9
2026-02-12T18:00,2026-02-14T10:00,40,3.2,247,2.53,5.5,2.3,957.0
2026-02-12T18:00,2026-02-14T11:00,41,3.23,235,1.34,4.8,1.7,957.4
2026-02-12T18:00,2026-02-14T12:00,42,4.1,246,1.8,2.8,0.8,957.8
2026-02-12T18:00,2026-02-14T13:00,43,4.18,242,1.98,3.2,0.5,958.6
2026-02-12T18:00,2026-02-14T14:00,44,3.44,229,1.5,3.2,0.4,958.6
2026-02-12T18:00,2026-02-14T15:00,45,2.59,220,0.98,2.4,0.1,958.2
2026-02-12T18:00,2026-02-14T16:00,46,3.6,246,1.48,2.3,-0.2,958.7
2026-02-12T18:00,2026-02-14T17:00,47,2.93,224,1.12,2.5,0.5,959.0
2026-02-12T18:00,2026-02-14T18:00,48,2.27,248,0.49,1.5,1.0,959.1
2026-02-12T18:00,2026-02-14T19:00,49,1.96,266,0.6,1.2,0.7,959.0
2026-02-12T18:00,2026-02-14T20:00,50,0.67,77,0.83,1.0,-0.6,958.6
2026-02-12T18:00,2026-02-14T21:00,51,1.89,122,1.26,2.5,-0.9,958.3
2026-02-12T18:00,2026-02-14T22:00,52,1.17,121,0.7,2.1,-0.4,957.7
2026-02-12T18:00,2026-02-14T23:00,53,2.97,57,1.5,2.4,-1.8,957.6
2026-02-12T18:00,2026-02-15T00:00,54,4.29,71,2.05,3.4,-1.6,958.0
2026-02-12T18:00,2026-02-15T01:00,55,5.54,70,2.75,4.5,-1.7,958.3
2026-02-12T18:00,2026-02-15T02:00,56,6.13,68,3.1,5.1,-1.9,958.5
2026-02-12T18:00,2026-02-15T03:00,57,6.53,63,3.76,6.0,-0.8,959.0
2026-02-12T18:00,2026-02-15T04:00,58,6.82,62,4.32,8.3,1.7,959.1
2026-02-12T18:00,2026-02-15T05:00,59,7.65,59,5.2,9.7,2.8,958.6
2026-02-12T18:00,2026-02-15T06:00,60,9.48,59,7.0,12.9,5.4,958.1
2026-02-12T18:00,2026-02-15T07:00,61,10.26,60,7.52,13.9,5.7,957.1
2026-02-12T18:00,2026-02-15T08:00,62,10.22,65,7.54,14.1,6.3,956.3
2026-02-12T18:00,2026-02-15T09:00,63,9.53,69,6.95,13.8,6.3,956.1
2026-02-12T18:00,2026-02-15T10:00,64,8.84,73,6.4,12.7,6.1,956.2
2026-02-12T18:00,2026-02-15T11:00,65,7.85,77,5.27,11.5,5.4,956.2
2026-02-12T18:00,2026-02-15T12:00,66,7.61,83,4.1,9.0,3.2,955.8
2026-02-12T18:00,2026-02-15T13:00,67,7.31,86,3.78,6.9,1.9,955.5
2026-02-12T18:00,2026-02-15T14:00,68,7.47,86,4.04,6.7,2.1,955.1
2026-02-12T18:00,2026-02-15T15:00,69,7.65,84,4.24,7.0,2.0,954.6
2026-02-12T18:00,2026-02-15T16:00,70,7.71,83,4.22,7.1,1.5,954.2
2026-02-12T18:00,2026-02-15T17:00,71,7.11,87,3.83,7.0,1.1,954.1
2026-02-13T00:00,2026-02-13T00:00,0,3.2,39,2.1,,-1.8,953.4
2026-02-13T00:00,2026-02-13T01:00,1,3.75,42,1.99,4.3,-2.1,953.8
2026-02-13T00:00,2026-02-13T02:00,2,2.78,38,1.41,3.6,-1.9,954.0
2026-02-13T00:00,2026-02-13T03:00,3,1.39,38,0.6,2.8,-1.5,955.4
2026-02-13T00:00,2026-02-13T04:00,4,2.27,284,2.06,3.8,-1.2,956.1
2026-02-13T00:00,2026-02-13T05:00,5,2.4,272,1.83,7.1,-0.7,956.7
2026-02-13T00:00,2026-02-13T06:00,6,1.1,294,1.08,3.7,-0.1,956.7
2026-02-13T00:00,2026-02-13T07:00,7,1.39,30,1.19,2.6,0.4,955.9
2026-02-13T00:00,2026-02-13T08:00,8,2.01,63,1.31,3.0,0.8,955.3
2026-02-13T00:00,2026-02-13T09:00,9,1.5,64,0.78,2.8,1.5,955.2
2026-02-13T00:00,2026-02-13T10:00,10,0.36,56,0.3,1.9,1.7,955.4
2026-02-13T00:00,2026-02-13T11:00,11,0.16,72,0.35,1.0,0.9,955.3
2026-02-13T00:00,2026-02-13T12:00,12,1.12,80,0.46,1.0,-1.8,955.1
2026-02-13T00:00,2026-02-13T13:00,13,2.03,80,0.74,1.1,-1.8,955.1
2026-02-13T00:00,2026-02-13T14:00,14,3.77,55,1.49,1.8,-1.5,955.0
2026-02-13T00:00,2026-02-13T15:00,15,5.91,61,2.38,3.8,-0.9,955.2
2026-02-13T00:00,2026-02-13T16:00,16,7.0,64,3.27,5.3,-0.5,955.0
2026-02-13T00:00,2026-02-13T17:00,17,7.85,63,3.87,6.4,-0.7,954.7
2026-02-13T00:00,2026-02-13T18:00,18,7.98,64,4.04,6.6,-1.1,954.2
2026-02-13T00:00,2026-02-13T19:00,19,8.68,63,4.6,7.4,-1.4,953.4
2026-02-13T00:00,2026-02-13T20:00,20,9.03,67,4.99,8.2,-0.9,952.7
2026-02-13T00:00,2026-02-13T21:00,21,8.51,73,4.77,8.4,-0.6,952.9
2026-02-13T00:00,2026-02-13T22:00,22,7.33,82,4.1,8.0,-0.2,953.6
2026-02-13T00:00,2026-02-13T23:00,23,7.23,82,4.07,6.9,-0.3,953.4
2026-02-13T00:00,2026-02-14T00:00,24,6.74,75,3.72,7.4,-0.4,953.8
2026-02-13T00:00,2026-02-14T01:00,25,5.8,80,3.19,6.2,-0.4,954.5
2026-02-13T00:00,2026-02-14T02:00,26,3.75,77,1.76,5.2,-0.6,955.0
2026-02-13T00:00,2026-02-14T03:00,27,3.78,72,1.74,3.1,-0.3,955.6
2026-02-13T00:00,2026-02-14T04:00,28,2.82,67,1.17,2.9,1.3,956.2
2026-02-13T00:00,2026-02-14T05:00,29,1.63,67,0.85,2.3,1.7,956.4
2026-02-13T00:00,2026-02-14T06:00,30,1.06,8,0.65,2.1,2.8,956.5
2026-02-13T00:00,2026-02-14T07:00,31,2.5,271,1.35,3.1,3.1,956.9
2026-02-13T00:00,2026-02-14T08:00,32,2.39,244,1.3,3.8,2.7,956.7
2026-02-13T00:00,2026-02-14T09:00,33,2.29,259,1.25,2.9,2.5,956.6
2026-02-13T00:00,2026-02-14T10:00,34,2.86,254,1.57,3.4,2.3,957.1
2026-02-13T00:00,2026-02-14T11:00,35,2.13,240,0.91,3.3,1.9,957.2
2026-02-13T00:00,2026-02-14T12:00,36,3.13,262,1.5,2.1,-0.4,957.2
2026-02-13T00:00,2026-02-14T13:00,37,3.83,246,1.7,2.9,-0.4,957.9
2026-02-13T00:00,2026-02-14T14:00,38,3.42,249,1.39,2.8,-0.9,958.1
2026-02-13T00:00,2026-02-14T15:00,39,4.32,259,1.76,2.8,-1.5,958.6
2026-02-13T00:00,2026-02-14T16:00,40,3.54,228,1.52,3.0,-1.3,958.6
2026-02-13T00:00,2026-02-14T17:00,41,2.2,231,0.91,2.4,-1.4,958.3
2026-02-13T00:00,2026-02-14T18:00,42,0.47,288,0.07,1.4,-0.7,958.3
2026-02-13T00:00,2026-02-14T19:00,43,1.1,66,0.78,1.1,-0.9,957.8
2026-02-13T00:00,2026-02-14T20:00,44,1.89,32,0.85,1.7,-1.3,957.9
2026-02-13T00:00,2026-02-14T21:00,45,1.18,54,0.32,1.2,-1.6,958.2
2026-02-13T00:00,2026-02-14T22:00,46,1.85,71,0.69,1.0,-2.3,957.6
2026-02-13T00:00,2026-02-14T23:00,47,2.65,68,1.1,2.0,-2.3,957.5
2026-02-13T00:00,2026-02-15T00:00,48,3.83,66,1.61,2.9,-2.6,957.8
2026-02-13T00:00,2026-02-15T01:00,49,5.0,67,2.16,3.7,-2.5,958.0
2026-02-13T00:00,2026-02-15T02:00,50,5.89,66,2.75,4.5,-2.2,958.1
2026-02-13T00:00,2026-02-15T03:00,51,6.58,66,3.18,5.3,-0.8,958.7
2026-02-13T00:00,2026-02-15T04:00,52,6.9,60,3.49,6.5,2.0,958.8
2026-02-13T00:00,2026-02-15T05:00,53,7.73,54,4.51,8.6,3.4,958.4
2026-02-13T00:00,2026-02-15T06:00,54,8.77,54,5.49,10.2,4.1,957.6
2026-02-13T00:00,2026-02-15T07:00,55,9.99,57,7.18,13.3,6.7,957.1
2026-02-13T00:00,2026-02-15T08:00,56,10.05,61,7.29,13.5,6.9,956.1
2026-02-13T00:00,2026-02-15T09:00,57,9.6,65,7.0,13.4,6.9,955.8
2026-02-13T00:00,2026-02-15T10:00,58,8.98,70,6.32,12.8,6.7,955.6
2026-02-13T00:00,2026-02-15T11:00,59,8.5,76,5.36,11.1,5.9,955.4
2026-02-13T00:00,2026-02-15T12:00,60,8.09,79,4.4,9.1,3.4,954.9
2026-02-13T00:00,2026-02-15T13:00,61,7.84,84,4.0,7.3,1.7,954.7
2026-02-13T00:00,2026-02-15T14:00,62,7.71,87,4.16,6.8,1.7,954.9
2026-02-13T00:00,2026-02-15T15:00,63,7.99,85,4.48,7.4,1.8,954.6
2026-02-13T00:00,2026-02-15T16:00,64,7.95,84,4.41,7.4,1.8,954.1
2026-02-13T00:00,2026-02-15T17:00,65,7.8,83,4.35,7.3,1.5,953.9
2026-02-13T00:00,2026-02-15T18:00,66,7.52,86,4.18,7.2,1.1,953.4
2026-02-13T00:00,2026-02-15T19:00,67,7.19,84,3.97,6.9,0.8,953.1
2026-02-13T00:00,2026-02-15T20:00,68,7.09,81,3.91,6.6,0.8,952.6
2026-02-13T00:00,2026-02-15T21:00,69,7.31,75,4.01,6.6,0.9,952.3
2026-02-13T00:00,2026-02-15T22:00,70,7.64,72,4.11,6.7,1.1,951.8
2026-02-13T00:00,2026-02-15T23:00,71,7.84,69,4.11,6.8,1.3,951.7
2026-02-13T06:00,2026-02-13T06:00,0,2.26,235,1.86,,-0.2,956.7
2026-02-13T06:00,2026-02-13T07:00,1,1.15,270,1.29,3.4,-0.1,956.4
2026-02-13T06:00,2026-02-13T08:00,2,0.74,340,0.83,2.8,0.4,956.1
2026-02-13T06:00,2026-02-13T09:00,3,0.79,342,0.58,2.1,0.6,955.9
2026-02-13T06:00,2026-02-13T10:00,4,0.75,270,0.6,1.9,0.4,955.9
2026-02-13T06:00,2026-02-13T11:00,5,0.67,333,0.74,1.5,-0.6,955.7
2026-02-13T06:00,2026-02-13T12:00,6,1.01,63,0.39,1.6,-2.9,955.6
2026-02-13T06:00,2026-02-13T13:00,7,1.9,88,0.54,0.8,-3.4,955.3
2026-02-13T06:00,2026-02-13T14:00,8,3.29,54,1.17,1.5,-2.5,955.4
2026-02-13T06:00,2026-02-13T15:00,9,5.15,60,1.95,3.1,-1.9,955.4
2026-02-13T06:00,2026-02-13T16:00,10,6.6,62,3.01,4.9,-0.6,955.2
2026-02-13T06:00,2026-02-13T17:00,11,7.32,60,3.54,5.9,-0.8,954.8
2026-02-13T06:00,2026-02-13T18:00,12,7.78,62,3.88,6.5,-1.3,954.3
2026-02-13T06:00,2026-02-13T19:00,13,8.12,62,4.18,6.9,-1.3,953.9
2026-02-13T06:00,2026-02-13T20:00,14,8.23,65,4.47,7.2,-1.4,953.2
2026-02-13T06:00,2026-02-13T21:00,15,7.7,73,4.22,7.5,-1.2,952.9
2026-02-13T06:00,2026-02-13T22:00,16,7.19,81,4.04,7.1,-0.7,953.9
2026-02-13T06:00,2026-02-13T23:00,17,6.32,85,3.3,6.8,-0.9,953.6
2026-02-13T06:00,2026-02-14T00:00,18,5.63,72,2.88,5.8,-0.8,954.5
2026-02-13T06:00,2026-02-14T01:00,19,4.49,76,2.04,4.8,-1.1,955.4
2026-02-13T06:00,2026-02-14T02:00,20,3.27,83,1.51,3.3,-1.2,955.9
2026-02-13T06:00,2026-02-14T03:00,21,3.65,67,1.74,3.4,-0.3,956.1
2026-02-13T06:00,2026-02-14T04:00,22,3.75,59,1.66,3.3,0.8,956.7
2026-02-13T06:00,2026-02-14T05:00,23,2.72,58,1.38,3.4,1.6,956.7
2026-02-13T06:00,2026-02-14T06:00,24,1.98,16,1.05,3.0,2.6,956.9
2026-02-13T06:00,2026-02-14T07:00,25,1.46,22,0.72,2.7,3.1,956.5
2026-02-13T06:00,2026-02-14T08:00,26,1.38,314,0.82,2.2,3.6,956.0
2026-02-13T06:00,2026-02-14T09:00,27,3.15,267,1.75,4.1,2.6,956.7
2026-02-13T06:00,2026-02-14T10:00,28,0.89,218,0.32,3.8,3.2,956.7
2026-02-13T06:00,2026-02-14T11:00,29,0.97,235,0.65,1.1,2.7,956.7
2026-02-13T06:00,2026-02-14T12:00,30,2.69,280,1.42,2.6,-0.1,956.7
2026-02-13T06:00,2026-02-14T13:00,31,3.2,269,1.41,2.0,-1.0,957.3
2026-02-13T06:00,2026-02-14T14:00,32,3.24,245,1.44,2.5,-1.3,957.5
2026-02-13T06:00,2026-02-14T15:00,33,2.74,279,0.79,2.2,-1.2,957.7
2026-02-13T06:00,2026-02-14T16:00,34,4.95,254,2.17,3.6,-1.9,958.6
2026-02-13T06:00,2026-02-14T17:00,35,3.39,225,1.59,3.7,-1.7,958.6
2026-02-13T06:00,2026-02-14T18:00,36,1.86,234,0.6,2.4,-2.2,958.0
2026-02-13T06:00,2026-02-14T19:00,37,0.78,130,0.47,0.9,-1.2,957.7
2026-02-13T06:00,2026-02-14T20:00,38,0.87,77,0.61,1.0,-1.5,957.4
2026-02-13T06:00,2026-02-14T21:00,39,0.93,36,0.36,0.9,-2.8,957.3
2026-02-13T06:00,2026-02-14T22:00,40,0.94,58,0.68,1.5,-4.0,957.0
2026-02-13T06:00,2026-02-14T23:00,41,1.95,50,0.92,1.9,-2.7,957.1
2026-02-13T06:00,2026-02-15T00:00,42,2.9,75,1.63,3.0,-3.0,957.2
2026-02-13T06:00,2026-02-15T01:00,43,3.8,63,1.71,3.1,-3.1,957.4
2026-02-13T06:00,2026-02-15T02:00,44,5.42,67,2.51,4.1,-3.0,957.8
2026-02-13T06:00,2026-02-15T03:00,45,6.43,67,3.14,5.2,-1.2,958.4
2026-02-13T06:00,2026-02-15T04:00,46,6.37,62,3.33,6.3,1.4,958.5
2026-02-13T06:00,2026-02-15T05:00,47,7.95,60,3.88,7.5,2.4,958.0
2026-02-13T06:00,2026-02-15T06:00,48,8.77,55,5.05,9.3,4.0,957.6
2026-02-13T06:00,2026-02-15T07:00,49,9.61,53,5.83,10.8,5.1,956.7
2026-02-13T06:00,2026-02-15T08:00,50,9.85,56,6.01,11.4,5.9,955.9
2026-02-13T06:00,2026-02-15T09:00,51,9.58,61,6.76,12.6,6.6,955.4
2026-02-13T06:00,2026-02-15T10:00,52,8.73,66,5.93,12.3,6.4,955.2
2026-02-13T06:00,2026-02-15T11:00,53,8.08,76,5.03,10.4,5.4,955.0
2026-02-13T06:00,2026-02-15T12:00,54,7.75,81,4.14,8.5,3.1,954.5
2026-02-13T06:00,2026-02-15T13:00,55,7.62,85,3.91,6.9,1.5,954.4
2026-02-13T06:00,2026-02-15T14:00,56,7.68,85,3.96,6.5,1.2,954.5
2026-02-13T06:00,2026-02-15T15:00,57,7.95,84,4.29,7.1,1.6,954.2
2026-02-13T06:00,2026-02-15T16:00,58,7.76,83,4.27,7.2,1.7,954.0
2026-02-13T06:00,2026-02-15T17:00,59,7.41,83,4.0,7.1,1.3,953.6
2026-02-13T06:00,2026-02-15T18:00,60,7.1,84,3.79,6.6,0.9,953.3
2026-02-13T06:00,2026-02-15T19:00,61,6.77,82,3.71,6.3,0.9,953.1
2026-02-13T06:00,2026-02-15T20:00,62,6.74,76,3.63,6.1,1.1,952.7
2026-02-13T06:00,2026-02-15T21:00,63,7.01,70,3.67,6.1,1.0,952.3
2026-02-13T06:00,2026-02-15T22:00,64,7.02,68,3.48,6.1,0.9,951.9
2026-02-13T06:00,2026-02-15T23:00,65,6.88,67,3.24,5.8,0.9,951.8
2026-02-13T06:00,2026-02-16T00:00,66,5.57,72,2.45,5.3,0.7,952.1
2026-02-13T06:00,2026-02-16T01:00,67,7.13,72,3.64,5.9,0.7,951.8
2026-02-13T06:00,2026-02-16T02:00,68,6.52,67,3.15,6.0,0.9,952.0
2026-02-13T06:00,2026-02-16T03:00,69,6.62,68,3.85,6.1,1.6,952.5
2026-02-13T06:00,2026-02-16T04:00,70,7.26,71,3.86,7.2,3.5,953.0
2026-02-13T06:00,2026-02-16T05:00,71,6.18,67,4.61,8.6,5.3,953.4
2026-02-13T12:00,2026-02-13T12:00,0,0.35,90,0.27,,-2.2,955.7
2026-02-13T12:00,2026-02-13T13:00,1,0.51,11,0.28,0.6,-2.3,956.0
2026-02-13T12:00,2026-02-13T14:00,2,2.02,48,0.71,0.9,-2.8,956.4
2026-02-13T12:00,2026-02-13T15:00,3,4.18,62,1.62,2.4,-3.0,956.0
2026-02-13T12:00,2026-02-13T16:00,4,6.29,62,2.6,4.2,-1.7,955.6
2026-02-13T12:00,2026-02-13T17:00,5,7.53,60,3.64,6.0,-1.1,955.0
2026-02-13T12:00,2026-02-13T18:00,6,8.51,60,4.49,7.3,-1.2,954.3
2026-02-13T12:00,2026-02-13T19:00,7,9.41,60,5.18,8.6,-1.0,953.7
2026-02-13T12:00,2026-02-13T20:00,8,9.12,63,5.22,8.8,-0.6,953.4
2026-02-13T12:00,2026-02-13T21:00,9,8.32,77,4.9,8.6,-0.2,953.1
2026-02-13T12:00,2026-02-13T22:00,10,7.31,75,4.11,8.1,0.1,953.9
2026-02-13T12:00,2026-02-13T23:00,11,7.14,81,4.0,7.0,0.0,953.7
2026-02-13T12:00,2026-02-14T00:00,12,6.66,70,3.58,6.9,-0.6,954.0
2026-02-13T12:00,2026-02-14T01:00,13,5.8,77,3.18,6.0,-0.9,954.8
2026-02-13T12:00,2026-02-14T02:00,14,3.74,78,1.5,5.3,-2.1,955.2
2026-02-13T12:00,2026-02-14T03:00,15,2.69,75,1.05,2.3,-0.6,956.0
2026-02-13T12:00,2026-02-14T04:00,16,1.49,70,0.75,1.9,1.0,956.8
2026-02-13T12:00,2026-02-14T05:00,17,0.45,27,0.4,1.7,1.5,957.1
2026-02-13T12:00,2026-02-14T06:00,18,1.99,252,0.97,2.4,2.2,957.4
2026-02-13T12:00,2026-02-14T07:00,19,1.22,251,0.61,2.7,3.0,956.9
2026-02-13T12:00,2026-02-14T08:00,20,1.76,265,0.9,2.5,2.6,956.2
2026-02-13T12:00,2026-02-14T09:00,21,1.5,274,0.82,2.5,2.9,956.1
2026-02-13T12:00,2026-02-14T10:00,22,1.98,304,1.1,2.7,3.6,956.2
2026-02-13T12:00,2026-02-14T11:00,23,2.5,286,1.39,2.8,2.4,956.5
2026-02-13T12:00,2026-02-14T12:00,24,0.57,218,0.18,2.7,0.6,956.1
2026-02-13T12:00,2026-02-14T13:00,25,0.38,337,0.21,0.4,0.3,956.3
2026-02-13T12:00,2026-02-14T14:00,26,1.64,290,0.62,0.8,-1.7,956.7
2026-02-13T12:00,2026-02-14T15:00,27,2.49,255,0.96,1.6,-1.9,956.9
2026-02-13T12:00,2026-02-14T16:00,28,2.85,281,0.71,1.3,-1.0,957.4
2026-02-13T12:00,2026-02-14T17:00,29,2.93,240,1.27,1.8,-2.3,957.8
2026-02-13T12:00,2026-02-14T18:00,30,1.96,212,0.75,2.3,-1.1,957.5
2026-02-13T12:00,2026-02-14T19:00,31,1.66,275,0.32,1.0,-0.3,957.8
2026-02-13T12:00,2026-02-14T20:00,32,1.19,298,0.1,0.6,-0.2,957.9
2026-02-13T12:00,2026-02-14T21:00,33,0.7,176,0.39,0.5,-0.9,957.7
2026-02-13T12:00,2026-02-14T22:00,34,1.1,47,0.75,1.1,-1.4,957.0
2026-02-13T12:00,2026-02-14T23:00,35,2.8,59,1.42,2.6,-2.3,956.7
2026-02-13T12:00,2026-02-15T00:00,36,3.68,72,1.68,3.1,-2.3,956.8
2026-02-13T12:00,2026-02-15T01:00,37,4.62,70,1.93,3.4,-2.4,957.1
2026-02-13T12:00,2026-02-15T02:00,38,5.24,66,2.31,3.8,-2.3,957.6
2026-02-13T12:00,2026-02-15T03:00,39,6.06,65,2.82,4.7,-0.9,958.2
2026-02-13T12:00,2026-02-15T04:00,40,6.27,60,3.4,6.2,1.8,958.8
2026-02-13T12:00,2026-02-15T05:00,41,7.14,56,3.91,7.6,3.2,958.4
2026-02-13T12:00,2026-02-15T06:00,42,8.29,53,6.09,11.3,4.7,957.7
2026-02-13T12:00,2026-02-15T07:00,43,9.71,55,7.04,13.0,6.2,956.7
2026-02-13T12:00,2026-02-15T08:00,44,9.74,60,7.12,13.3,7.4,955.5
2026-02-13T12:00,2026-02-15T09:00,45,9.01,67,6.6,13.1,7.7,955.0
2026-02-13T12:00,2026-02-15T10:00,46,8.15,74,5.72,12.0,7.4,954.8
2026-02-13T12:00,2026-02-15T11:00,47,8.18,78,5.09,10.2,6.2,954.6
2026-02-13T12:00,2026-02-15T12:00,48,8.37,77,4.43,8.7,3.7,954.3
2026-02-13T12:00,2026-02-15T13:00,49,8.23,80,4.16,7.4,2.0,954.2
2026-02-13T12:00,2026-02-15T14:00,50,8.39,81,4.35,7.1,1.3,953.8
2026-02-13T12:00,2026-02-15T15:00,51,8.22,80,4.42,7.3,1.4,953.7
2026-02-13T12:00,2026-02-15T16:00,52,8.12,80,4.41,7.3,1.5,953.4
2026-02-13T12:00,2026-02-15T17:00,53,7.64,81,4.0,7.3,1.2,953.1
2026-02-13T12:00,2026-02-15T18:00,54,6.91,80,3.6,6.6,1.1,952.7
2026-02-13T12:00,2026-02-15T19:00,55,6.8,76,3.46,6.0,0.9,952.2
2026-02-13T12:00,2026-02-15T20:00,56,7.02,71,3.67,6.1,1.1,951.9
2026-02-13T12:00,2026-02-15T21:00,57,7.24,68,3.76,6.3,1.5,951.6
2026-02-13T12:00,2026-02-15T22:00,58,7.02,68,3.61,6.3,1.9,951.4
2026-02-13T12:00,2026-02-15T23:00,59,6.6,56,3.18,6.0,1.4,951.7
2026-02-13T12:00,2026-02-16T00:00,60,6.81,71,3.39,6.4,1.1,951.8
2026-02-13T12:00,2026-02-16T01:00,61,5.75,59,2.75,5.4,0.8,952.0
2026-02-13T12:00,2026-02-16T02:00,62,5.05,79,2.5,4.8,1.1,952.3
2026-02-13T12:00,2026-02-16T03:00,63,5.55,62,3.15,5.0,2.2,952.6
2026-02-13T12:00,2026-02-16T04:00,64,5.99,68,3.24,6.0,4.2,953.3
2026-02-13T12:00,2026-02-16T05:00,65,5.5,63,4.09,7.9,6.5,953.3
2026-02-13T12:00,2026-02-16T06:00,66,6.73,59,5.12,9.8,7.7,953.1
2026-02-13T12:00,2026-02-16T07:00,67,7.48,60,5.59,10.5,8.5,952.9
2026-02-13T12:00,2026-02-16T08:00,68,7.43,57,5.68,10.8,10.4,952.4
2026-02-13T12:00,2026-02-16T09:00,69,7.71,56,5.78,10.9,10.5,952.4
2026-02-13T12:00,2026-02-16T10:00,70,7.75,56,5.67,10.9,9.7,952.6
2026-02-13T12:00,2026-02-16T11:00,71,7.63,57,4.86,10.4,8.5,952.7
2026-02-13T18:00,2026-02-13T18:00,0,8.05,63,4.24,,-1.1,954.6
2026-02-13T18:00,2026-02-13T19:00,1,9.31,61,5.13,8.5,-1.1,954.0
2026-02-13T18:00,2026-02-13T20:00,2,8.88,61,5.15,8.7,-0.6,954.0
2026-02-13T18:00,2026-02-13T21:00,3,8.13,75,4.8,8.6,-0.2,953.9
2026-02-13T18:00,2026-02-13T22:00,4,7.32,76,4.26,7.9,-0.2,953.7
2026-02-13T18:00,2026-02-13T23:00,5,7.42,78,4.21,7.2,-0.1,954.2
2026-02-13T18:00,2026-02-14T00:00,6,7.1,75,3.94,7.1,-0.6,954.1
2026-02-13T18:00,2026-02-14T01:00,7,6.13,78,3.37,6.7,-0.8,954.7
2026-02-13T18:00,2026-02-14T02:00,8,5.2,72,2.67,5.6,-1.4,954.9
2026-02-13T18:00,2026-02-14T03:00,9,4.35,67,1.95,4.4,-0.7,955.7
2026-02-13T18:00,2026-02-14T04:00,10,2.96,60,1.52,3.4,0.7,956.5
2026-02-13T18:00,2026-02-14T05:00,11,0.74,28,0.4,3.0,1.2,957.2
2026-02-13T18:00,2026-02-14T06:00,12,1.93,233,0.97,2.3,1.9,957.4
2026-02-13T18:00,2026-02-14T07:00,13,3.54,247,2.09,4.4,2.8,957.5
2026-02-13T18:00,2026-02-14T08:00,14,3.13,241,1.72,5.0,2.3,956.9
2026-02-13T18:00,2026-02-14T09:00,15,1.93,233,0.98,3.7,3.4,956.7
2026-02-13T18:00,2026-02-14T10:00,16,1.24,284,0.76,2.3,3.0,956.4
2026-02-13T18:00,2026-02-14T11:00,17,1.01,327,1.1,2.3,2.4,956.2
2026-02-13T18:00,2026-02-14T12:00,18,1.32,9,0.75,2.3,-0.3,956.2
2026-02-13T18:00,2026-02-14T13:00,19,0.9,34,0.18,1.1,-0.6,956.5
2026-02-13T18:00,2026-02-14T14:00,20,1.26,263,0.92,1.0,-2.3,956.5
2026-02-13T18:00,2026-02-14T15:00,21,4.37,254,1.95,4.0,-0.9,957.4
2026-02-13T18:00,2026-02-14T16:00,22,2.66,265,0.73,3.1,-0.9,957.7
2026-02-13T18:00,2026-02-14T17:00,23,2.09,222,0.54,1.1,-1.3,957.6
2026-02-13T18:00,2026-02-14T18:00,24,0.43,249,0.0,0.8,-1.0,957.2
2026-02-13T18:00,2026-02-14T19:00,25,0.6,355,0.22,0.4,-0.6,957.3
2026-02-13T18:00,2026-02-14T20:00,26,1.16,7,0.4,0.6,-0.1,957.7
2026-02-13T18:00,2026-02-14T21:00,27,1.32,127,0.63,0.9,-1.4,957.3
2026-02-13T18:00,2026-02-14T22:00,28,2.22,31,1.14,1.5,-2.2,956.8
2026-02-13T18:00,2026-02-14T23:00,29,3.65,71,1.72,3.0,-3.2,956.6
2026-02-13T18:00,2026-02-15T00:00,30,4.54,69,1.85,3.3,-2.6,956.7
2026-02-13T18:00,2026-02-15T01:00,31,5.25,68,2.3,3.9,-2.5,957.1
2026-02-13T18:00,2026-02-15T02:00,32,5.82,66,2.51,4.1,-2.6,957.3
2026-02-13T18:00,2026-02-15T03:00,33,6.33,65,2.99,5.0,-1.2,958.0
2026-02-13T18:00,2026-02-15T04:00,34,6.81,60,3.67,6.6,1.7,958.6
2026-02-13T18:00,2026-02-15T05:00,35,7.59,55,4.19,8.0,3.1,958.3
2026-02-13T18:00,2026-02-15T06:00,36,8.02,52,4.94,9.6,4.4,957.7
2026-02-13T18:00,2026-02-15T07:00,37,9.31,54,6.73,12.5,6.4,956.7
2026-02-13T18:00,2026-02-15T08:00,38,9.57,58,6.93,12.9,6.9,955.5
2026-02-13T18:00,2026-02-15T09:00,39,9.12,64,6.62,12.9,7.5,954.9
2026-02-13T18:00,2026-02-15T10:00,40,8.46,71,5.88,12.1,7.6,954.9
2026-02-13T18:00,2026-02-15T11:00,41,8.23,76,5.08,10.4,6.1,954.7
2026-02-13T18:00,2026-02-15T12:00,42,8.08,78,4.26,8.7,3.6,954.3
2026-02-13T18:00,2026-02-15T13:00,43,7.93,82,3.95,7.1,1.7,953.9
2026-02-13T18:00,2026-02-15T14:00,44,8.12,82,4.2,6.8,1.3,953.5
2026-02-13T18:00,2026-02-15T15:00,45,8.08,80,4.27,7.0,1.2,953.2
2026-02-13T18:00,2026-02-15T16:00,46,7.83,80,4.19,7.1,1.3,953.2
2026-02-13T18:00,2026-02-15T17:00,47,7.01,82,3.68,6.9,1.2,953.1
2026-02-13T18:00,2026-02-15T18:00,48,6.72,79,3.56,6.1,1.3,952.9
2026-02-13T18:00,2026-02-15T19:00,49,6.68,79,3.54,6.2,1.3,952.5
2026-02-13T18:00,2026-02-15T20:00,50,6.77,72,3.53,5.9,1.2,951.9
2026-02-13T18:00,2026-02-15T21:00,51,6.61,74,3.34,5.8,1.3,951.7
2026-02-13T18:00,2026-02-15T22:00,52,6.22,63,2.93,5.5,1.2,951.5
2026-02-13T18:00,2026-02-15T23:00,53,5.95,73,3.06,5.3,1.5,951.2
2026-02-13T18:00,2026-02-16T00:00,54,5.76,67,2.86,4.9,1.3,951.2
2026-02-13T18:00,2026-02-16T01:00,55,5.12,73,2.32,4.9,1.0,951.7
2026-02-13T18:00,2026-02-16T02:00,56,5.12,75,2.45,4.3,1.2,951.9
2026-02-13T18:00,2026-02-16T03:00,57,4.32,80,2.2,4.0,1.6,951.9
2026-02-13T18:00,2026-02-16T04:00,58,5.88,62,3.05,5.6,3.1,952.6
2026-02-13T18:00,2026-02-16T05:00,59,5.64,63,3.68,7.0,4.9,952.8
2026-02-13T18:00,2026-02-16T06:00,60,5.62,58,4.33,8.5,7.0,952.9
2026-02-13T18:00,2026-02-16T07:00,61,6.52,58,4.9,9.7,8.2,952.7
2026-02-13T18:00,2026-02-16T08:00,62,6.05,57,4.68,9.7,9.6,952.5
2026-02-13T18:00,2026-02-16T09:00,63,5.77,58,4.47,9.2,9.6,952.3
2026-02-13T18:00,2026-02-16T10:00,64,5.71,57,4.29,8.8,9.5,952.5
2026-02-13T18:00,2026-02-16T11:00,65,5.88,58,3.66,8.2,8.3,952.7
2026-02-13T18:00,2026-02-16T12:00,66,6.12,59,2.97,6.4,5.8,952.9
2026-02-13T18:00,2026-02-16T13:00,67,5.97,63,2.32,5.1,3.0,953.0
2026-02-13T18:00,2026-02-16T14:00,68,6.49,60,2.45,4.1,2.1,953.4
2026-02-13T18:00,2026-02-16T15:00,69,6.74,61,2.75,4.5,1.2,953.6
2026-02-13T18:00,2026-02-16T16:00,70,7.09,62,3.05,5.1,0.8,954.0
2026-02-13T18:00,2026-02-16T17:00,71,7.23,61,3.15,5.2,0.5,954.3
2026-02-14T00:00,2026-02-14T00:00,0,6.46,74,3.52,,-0.6,954.9
2026-02-14T00:00,2026-02-14T01:00,1,4.09,78,1.62,5.9,-1.5,955.2
2026-02-14T00:00,2026-02-14T02:00,2,4.21,80,1.7,2.7,-2.5,955.9
2026-02-14T00:00,2026-02-14T03:00,3,4.0,89,1.85,3.4,-0.9,956.2
2026-02-14T00:00,2026-02-14T04:00,4,4.13,69,2.3,4.5,1.1,956.5
2026-02-14T00:00,2026-02-14T05:00,5,4.15,54,2.37,4.9,1.9,956.7
2026-02-14T00:00,2026-02-14T06:00,6,3.36,44,1.41,4.9,2.2,956.7
2026-02-14T00:00,2026-02-14T07:00,7,2.12,34,0.98,3.3,3.5,956.5
2026-02-14T00:00,2026-02-14T08:00,8,0.78,27,0.25,2.6,4.1,956.1
2026-02-14T00:00,2026-02-14T09:00,9,0.38,113,0.05,1.3,5.1,955.9
2026-02-14T00:00,2026-02-14T10:00,10,1.69,282,0.98,2.3,4.7,955.8
2026-02-14T00:00,2026-02-14T11:00,11,1.65,305,1.22,2.4,3.4,956.0
2026-02-14T00:00,2026-02-14T12:00,12,0.96,354,0.4,2.4,0.6,955.8
2026-02-14T00:00,2026-02-14T13:00,13,1.49,310,0.73,0.8,-0.5,956.2
2026-02-14T00:00,2026-02-14T14:00,14,3.53,263,1.82,3.0,-0.7,957.4
2026-02-14T00:00,2026-02-14T15:00,15,3.62,235,1.69,3.5,-0.4,957.3
2026-02-14T00:00,2026-02-14T16:00,16,4.08,253,1.77,2.9,-1.0,957.5
2026-02-14T00:00,2026-02-14T17:00,17,1.77,245,0.4,2.8,-0.1,957.7
2026-02-14T00:00,2026-02-14T18:00,18,1.78,280,0.32,0.7,-0.4,957.8
2026-02-14T00:00,2026-02-14T19:00,19,0.39,140,0.64,0.8,-0.3,957.5
2026-02-14T00:00,2026-02-14T20:00,20,2.09,138,1.07,2.1,-0.5,957.2
2026-02-14T00:00,2026-02-14T21:00,21,1.65,88,0.86,1.6,0.0,957.0
2026-02-14T00:00,2026-02-14T22:00,22,2.02,83,0.96,1.5,-2.9,955.9
2026-02-14T00:00,2026-02-14T23:00,23,2.15,68,1.03,2.0,-2.9,955.8
2026-02-14T00:00,2026-02-15T00:00,24,3.27,67,1.46,2.6,-3.2,956.1
2026-02-14T00:00,2026-02-15T01:00,25,5.31,66,2.15,3.6,-2.1,956.6
2026-02-14T00:00,2026-02-15T02:00,26,5.46,66,2.31,3.9,-2.5,956.7
2026-02-14T00:00,2026-02-15T03:00,27,6.69,63,3.15,5.2,-0.5,957.7
2026-02-14T00:00,2026-02-15T04:00,28,7.54,61,3.3,6.2,2.2,958.1
2026-02-14T00:00,2026-02-15T05:00,29,7.75,58,4.26,8.1,3.6,957.9
2026-02-14T00:00,2026-02-15T06:00,30,8.45,55,6.03,11.2,5.5,957.3
2026-02-14T00:00,2026-02-15T07:00,31,9.75,55,6.94,12.8,6.3,956.2
2026-02-14T00:00,2026-02-15T08:00,32,9.81,57,7.1,13.2,7.3,955.1
2026-02-14T00:00,2026-02-15T09:00,33,9.23,63,6.74,13.1,8.5,954.8
2026-02-14T00:00,2026-02-15T10:00,34,8.32,68,5.77,12.3,8.1,954.7
2026-02-14T00:00,2026-02-15T11:00,35,8.08,72,4.9,10.2,6.5,954.5
2026-02-14T00:00,2026-02-15T12:00,36,8.19,75,4.27,8.4,4.1,953.9
2026-02-14T00:00,2026-02-15T13:00,37,8.08,78,3.96,7.1,2.1,953.5
2026-02-14T00:00,2026-02-15T14:00,38,8.19,78,4.1,6.7,1.1,953.1
2026-02-14T00:00,2026-02-15T15:00,39,8.02,78,4.15,6.8,1.1,953.0
2026-02-14T00:00,2026-02-15T16:00,40,7.23,81,3.7,6.8,1.1,953.2
2026-02-14T00:00,2026-02-15T17:00,41,6.43,85,3.2,6.1,1.1,953.4
2026-02-14T00:00,2026-02-15T18:00,42,6.23,84,3.32,5.5,1.3,953.0
2026-02-14T00:00,2026-02-15T19:00,43,6.31,79,3.37,5.5,1.3,952.5
2026-02-14T00:00,2026-02-15T20:00,44,6.39,73,3.1,5.8,1.0,952.0
2026-02-14T00:00,2026-02-15T21:00,45,5.65,70,2.7,5.1,1.2,951.8
2026-02-14T00:00,2026-02-15T22:00,46,5.46,71,2.71,4.6,1.6,951.3
2026-02-14T00:00,2026-02-15T23:00,47,5.61,72,2.86,5.1,1.9,951.2
2026-02-14T00:00,2026-02-16T00:00,48,5.81,70,2.74,4.7,1.2,951.4
2026-02-14T00:00,2026-02-16T01:00,49,5.65,77,2.6,4.7,1.1,951.3
2026-02-14T00:00,2026-02-16T02:00,50,6.26,72,2.96,4.7,0.7,951.3
2026-02-14T00:00,2026-02-16T03:00,51,6.77,71,3.85,6.0,2.0,952.0
2026-02-14T00:00,2026-02-16T04:00,52,7.1,71,3.68,6.3,4.1,952.7
2026-02-14T00:00,2026-02-16T05:00,53,5.76,60,4.1,7.9,6.1,952.9
2026-02-14T00:00,2026-02-16T06:00,54,5.49,60,4.16,8.3,7.6,953.2
2026-02-14T00:00,2026-02-16T07:00,55,5.94,54,4.54,9.1,8.6,953.1
2026-02-14T00:00,2026-02-16T08:00,56,5.95,55,4.6,9.2,9.6,952.6
2026-02-14T00:00,2026-02-16T09:00,57,5.98,54,4.6,9.3,10.3,952.7
2026-02-14T00:00,2026-02-16T10:00,58,5.92,49,4.38,9.0,9.9,952.7
2026-02-14T00:00,2026-02-16T11:00,59,5.97,50,3.35,8.4,8.6,952.8
2026-02-14T00:00,2026-02-16T12:00,60,5.64,60,2.26,5.9,5.7,952.7
2026-02-14T00:00,2026-02-16T13:00,61,5.28,70,2.11,3.7,3.4,952.8
2026-02-14T00:00,2026-02-16T14:00,62,5.84,66,2.2,3.5,2.7,953.2
2026-02-14T00:00,2026-02-16T15:00,63,6.26,65,2.4,3.9,1.9,953.6
2026-02-14T00:00,2026-02-16T16:00,64,6.53,66,2.61,4.3,1.3,954.0
2026-02-14T00:00,2026-02-16T17:00,65,6.8,66,2.8,4.6,1.1,954.4
2026-02-14T00:00,2026-02-16T18:00,66,7.12,66,3.05,5.1,0.8,954.5
2026-02-14T00:00,2026-02-16T19:00,67,7.31,64,3.1,5.2,0.5,954.2
2026-02-14T00:00,2026-02-16T20:00,68,7.16,61,2.96,5.2,0.4,954.4
2026-02-14T00:00,2026-02-16T21:00,69,6.92,61,2.85,4.9,0.0,954.6
2026-02-14T00:00,2026-02-16T22:00,70,6.29,62,2.5,4.7,-0.4,954.7
2026-02-14T00:00,2026-02-16T23:00,71,6.31,64,2.65,4.4,-0.2,955.2
2026-02-14T06:00,2026-02-14T06:00,0,4.49,52,2.69,,3.0,957.1
2026-02-14T06:00,2026-02-14T07:00,1,3.65,49,1.62,4.9,3.7,956.6
2026-02-14T06:00,2026-02-14T08:00,2,1.59,24,0.71,3.7,4.3,956.7
2026-02-14T06:00,2026-02-14T09:00,3,1.12,32,0.43,2.0,3.7,956.4
2026-02-14T06:00,2026-02-14T10:00,4,1.15,2,0.61,1.7,3.5,956.3
2026-02-14T06:00,2026-02-14T11:00,5,1.31,40,0.56,2.0,3.7,956.4
2026-02-14T06:00,2026-02-14T12:00,6,3.18,44,1.68,2.4,1.0,955.8
2026-02-14T06:00,2026-02-14T13:00,7,2.27,22,0.3,2.5,0.3,956.3
2026-02-14T06:00,2026-02-14T14:00,8,2.58,255,1.88,3.3,-0.4,957.2
2026-02-14T06:00,2026-02-14T15:00,9,3.72,255,1.64,3.4,0.3,957.6
2026-02-14T06:00,2026-02-14T16:00,10,4.29,251,2.17,3.7,0.1,958.2
2026-02-14T06:00,2026-02-14T17:00,11,2.13,231,0.43,3.6,-0.1,957.8
2026-02-14T06:00,2026-02-14T18:00,12,0.73,16,0.51,0.8,-0.7,957.3
2026-02-14T06:00,2026-02-14T19:00,13,2.13,51,1.15,2.0,-0.6,957.3
2026-02-14T06:00,2026-02-14T20:00,14,2.3,86,1.19,3.8,-1.0,957.1
2026-02-14T06:00,2026-02-14T21:00,15,1.74,108,0.89,1.8,-1.4,956.7
2026-02-14T06:00,2026-02-14T22:00,16,0.73,106,0.63,1.5,-2.6,956.3
2026-02-14T06:00,2026-02-14T23:00,17,1.88,65,0.88,2.1,-2.6,956.2
2026-02-14T06:00,2026-02-15T00:00,18,3.37,69,1.53,2.8,-2.8,956.3
2026-02-14T06:00,2026-02-15T01:00,19,5.36,68,2.33,3.9,-2.3,956.8
2026-02-14T06:00,2026-02-15T02:00,20,5.99,68,2.8,4.6,-2.3,957.2
2026-02-14T06:00,2026-02-15T03:00,21,6.84,63,3.3,5.5,-0.7,957.9
2026-02-14T06:00,2026-02-15T04:00,22,7.4,59,3.37,6.2,1.6,958.0
2026-02-14T06:00,2026-02-15T05:00,23,8.02,57,4.23,8.1,3.5,957.8
2026-02-14T06:00,2026-02-15T06:00,24,8.63,55,5.29,10.0,5.1,957.0
2026-02-14T06:00,2026-02-15T07:00,25,9.76,56,7.01,13.0,6.6,956.0
2026-02-14T06:00,2026-02-15T08:00,26,9.68,60,7.1,13.2,7.5,955.0
2026-02-14T06:00,2026-02-15T09:00,27,8.91,65,6.51,13.1,8.3,954.8
2026-02-14T06:00,2026-02-15T10:00,28,8.29,70,5.81,11.9,7.6,954.6
2026-02-14T06:00,2026-02-15T11:00,29,8.17,74,5.0,10.3,6.3,954.3
2026-02-14T06:00,2026-02-15T12:00,30,8.26,77,4.39,8.5,4.0,953.9
2026-02-14T06:00,2026-02-15T13:00,31,8.03,82,4.05,7.3,2.3,953.5
2026-02-14T06:00,2026-02-15T14:00,32,8.01,81,4.0,6.6,1.1,953.0
2026-02-14T06:00,2026-02-15T15:00,33,7.92,80,4.0,6.7,0.8,953.1
2026-02-14T06:00,2026-02-15T16:00,34,7.4,83,3.85,6.6,1.1,953.3
2026-02-14T06:00,2026-02-15T17:00,35,6.66,87,3.4,6.3,1.1,953.2
2026-02-14T06:00,2026-02-15T18:00,36,6.42,86,3.42,5.8,1.7,952.9
2026-02-14T06:00,2026-02-15T19:00,37,6.86,80,3.73,6.2,1.7,952.2
2026-02-14T06:00,2026-02-15T20:00,38,7.16,75,3.83,6.3,1.8,951.6
2026-02-14T06:00,2026-02-15T21:00,39,7.09,70,3.72,6.3,1.8,951.3
2026-02-14T06:00,2026-02-15T22:00,40,5.87,70,2.89,6.4,2.1,951.4
2026-02-14T06:00,2026-02-15T23:00,41,5.68,72,2.91,4.9,1.5,951.5
2026-02-14T06:00,2026-02-16T00:00,42,5.46,74,2.64,4.6,1.4,951.6
2026-02-14T06:00,2026-02-16T01:00,43,5.38,67,2.67,4.4,1.3,951.7
2026-02-14T06:00,2026-02-16T02:00,44,6.52,67,3.5,5.7,1.3,952.0
2026-02-14T06:00,2026-02-16T03:00,45,6.6,61,3.74,6.1,1.7,952.6
2026-02-14T06:00,2026-02-16T04:00,46,6.51,61,3.7,6.4,2.4,952.9
2026-02-14T06:00,2026-02-16T05:00,47,6.24,58,3.72,7.1,3.8,953.2
2026-02-14T06:00,2026-02-16T06:00,48,6.16,60,3.98,7.9,4.9,953.3
2026-02-14T06:00,2026-02-16T07:00,49,5.64,53,4.14,8.3,6.7,953.0
2026-02-14T06:00,2026-02-16T08:00,50,4.68,49,3.57,8.4,7.6,952.8
2026-02-14T06:00,2026-02-16T09:00,51,5.36,51,4.03,8.1,8.2,952.9
2026-02-14T06:00,2026-02-16T10:00,52,5.27,59,3.92,8.3,8.4,952.9
2026-02-14T06:00,2026-02-16T11:00,53,6.14,55,3.78,7.6,7.7,953.0
2026-02-14T06:00,2026-02-16T12:00,54,6.15,62,2.93,6.6,5.1,952.8
2026-02-14T06:00,2026-02-16T13:00,55,5.78,68,2.26,5.0,3.0,952.9
2026-02-14T06:00,2026-02-16T14:00,56,5.75,65,2.2,3.6,2.1,953.1
2026-02-14T06:00,2026-02-16T15:00,57,6.58,62,2.67,4.4,1.7,953.5
2026-02-14T06:00,2026-02-16T16:00,58,7.23,65,3.15,5.2,1.4,953.7
2026-02-14T06:00,2026-02-16T17:00,59,7.45,63,3.31,5.5,1.1,953.8
2026-02-14T06:00,2026-02-16T18:00,60,7.38,62,3.16,5.6,0.9,953.8
2026-02-14T06:00,2026-02-16T19:00,61,7.1,60,2.96,5.2,0.6,953.9
2026-02-14T06:00,2026-02-16T20:00,62,6.89,61,2.85,4.9,0.3,954.0
2026-02-14T06:00,2026-02-16T21:00,63,6.64,63,2.75,4.7,0.0,954.1
2026-02-14T06:00,2026-02-16T22:00,64,6.51,63,2.8,4.6,-0.3,954.2
2026-02-14T06:00,2026-02-16T23:00,65,6.78,63,2.95,4.8,-0.4,954.6
2026-02-14T06:00,2026-02-17T00:00,66,7.0,64,3.15,5.1,-0.3,954.7
2026-02-14T06:00,2026-02-17T01:00,67,7.09,63,3.16,5.2,-0.2,955.0
2026-02-14T06:00,2026-02-17T02:00,68,6.87,63,3.07,5.2,0.2,955.5
2026-02-14T06:00,2026-02-17T03:00,69,6.77,60,3.7,5.8,2.3,956.8
2026-02-14T06:00,2026-02-17T04:00,70,6.53,62,3.19,6.1,4.9,957.6
2026-02-14T06:00,2026-02-17T05:00,71,5.98,56,4.04,7.9,7.3,957.8
2026-02-14T12:00,2026-02-14T12:00,0,3.06,84,1.5,,1.0,955.9
2026-02-14T12:00,2026-02-14T13:00,1,3.8,55,1.18,2.3,-0.4,956.1
2026-02-14T12:00,2026-02-14T14:00,2,0.96,9,0.35,1.6,-0.1,956.9
2026-02-14T12:00,2026-02-14T15:00,3,0.81,227,1.03,1.9,-1.3,956.9
2026-02-14T12:00,2026-02-14T16:00,4,0.25,233,0.4,1.8,0.1,957.3
2026-02-14T12:00,2026-02-14T17:00,5,1.35,266,0.76,1.1,0.3,957.8
2026-02-14T12:00,2026-02-14T18:00,6,1.4,4,0.57,1.1,-0.3,957.6
2026-02-14T12:00,2026-02-14T19:00,7,2.15,59,1.04,1.5,-0.7,957.3
2026-02-14T12:00,2026-02-14T20:00,8,1.91,96,0.85,2.0,0.1,957.1
2026-02-14T12:00,2026-02-14T21:00,9,2.25,91,0.96,1.3,0.0,956.5
2026-02-14T12:00,2026-02-14T22:00,10,2.02,83,0.83,1.3,-1.6,955.9
2026-02-14T12:00,2026-02-14T23:00,11,2.19,66,0.89,1.5,-2.2,956.1
2026-02-14T12:00,2026-02-15T00:00,12,3.7,74,1.55,2.7,-2.0,956.4
2026-02-14T12:00,2026-02-15T01:00,13,4.73,72,2.1,3.6,-2.1,956.8
2026-02-14T12:00,2026-02-15T02:00,14,5.84,69,2.66,4.3,-2.3,957.0
2026-02-14T12:00,2026-02-15T03:00,15,6.82,65,3.25,5.4,-0.5,957.7
2026-02-14T12:00,2026-02-15T04:00,16,8.03,62,3.33,6.8,1.7,957.9
2026-02-14T12:00,2026-02-15T05:00,17,8.54,57,4.26,8.2,3.7,957.7
2026-02-14T12:00,2026-02-15T06:00,18,8.79,55,5.29,10.0,5.3,956.8
2026-02-14T12:00,2026-02-15T07:00,19,9.67,56,6.95,12.8,6.8,955.9
2026-02-14T12:00,2026-02-15T08:00,20,9.65,61,7.09,13.2,8.3,955.0
2026-02-14T12:00,2026-02-15T09:00,21,8.82,66,6.46,13.1,8.7,954.7
2026-02-14T12:00,2026-02-15T10:00,22,7.96,69,5.58,11.8,8.0,954.3
2026-02-14T12:00,2026-02-15T11:00,23,7.97,71,4.83,9.8,7.0,954.0
2026-02-14T12:00,2026-02-15T12:00,24,8.14,75,4.22,8.3,4.2,953.2
2026-02-14T12:00,2026-02-15T13:00,25,7.74,79,3.75,7.0,2.0,952.8
2026-02-14T12:00,2026-02-15T14:00,26,7.8,79,3.96,6.4,1.2,952.5
2026-02-14T12:00,2026-02-15T15:00,27,8.06,79,4.05,6.7,1.1,952.5
2026-02-14T12:00,2026-02-15T16:00,28,7.42,82,3.7,6.6,1.0,952.6
2026-02-14T12:00,2026-02-15T17:00,29,6.21,87,3.11,6.1,1.5,952.9
2026-02-14T12:00,2026-02-15T18:00,30,6.08,84,3.15,5.1,1.8,952.5
2026-02-14T12:00,2026-02-15T19:00,31,6.0,77,2.98,5.4,1.9,952.1
2026-02-14T12:00,2026-02-15T20:00,32,6.01,72,2.96,4.9,1.8,951.6
2026-02-14T12:00,2026-02-15T21:00,33,6.76,69,3.54,5.7,2.1,951.5
2026-02-14T12:00,2026-02-15T22:00,34,6.94,68,3.56,6.0,1.9,951.5
2026-02-14T12:00,2026-02-15T23:00,35,6.47,73,3.41,5.8,1.7,951.5
2026-02-14T12:00,2026-02-16T00:00,36,5.39,73,2.78,5.5,1.3,951.6
2026-02-14T12:00,2026-02-16T01:00,37,5.19,83,2.66,5.1,1.1,951.8
2026-02-14T12:00,2026-02-16T02:00,38,5.19,74,2.8,4.4,1.4,952.1
2026-02-14T12:00,2026-02-16T03:00,39,5.61,72,3.16,5.1,2.0,952.3
2026-02-14T12:00,2026-02-16T04:00,40,7.43,65,3.76,6.5,3.7,953.0
2026-02-14T12:00,2026-02-16T05:00,41,6.67,66,4.12,7.8,5.2,953.1
2026-02-14T12:00,2026-02-16T06:00,42,6.55,56,4.8,9.3,6.5,953.2
2026-02-14T12:00,2026-02-16T07:00,43,6.8,59,5.13,10.1,8.4,952.7
2026-02-14T12:00,2026-02-16T08:00,44,7.47,51,5.66,10.8,9.0,952.3
2026-02-14T12:00,2026-02-16T09:00,45,7.84,54,5.9,11.4,9.4,952.4
2026-02-14T12:00,2026-02-16T10:00,46,7.52,52,5.31,11.2,8.5,952.7
2026-02-14T12:00,2026-02-16T11:00,47,6.93,53,4.14,9.8,7.4,952.7
2026-02-14T12:00,2026-02-16T12:00,48,6.87,58,3.3,7.2,5.6,952.7
2026-02-14T12:00,2026-02-16T13:00,49,5.61,62,2.11,5.7,3.1,952.8
2026-02-14T12:00,2026-02-16T14:00,50,6.33,64,2.45,4.0,2.1,952.9
2026-02-14T12:00,2026-02-16T15:00,51,6.93,64,2.95,4.8,1.8,953.2
2026-02-14T12:00,2026-02-16T16:00,52,7.33,64,3.3,5.5,1.3,953.3
2026-02-14T12:00,2026-02-16T17:00,53,6.95,63,2.95,5.5,0.7,953.4
2026-02-14T12:00,2026-02-16T18:00,54,7.05,62,2.85,4.8,0.7,953.6
2026-02-14T12:00,2026-02-16T19:00,55,6.78,62,2.6,4.8,0.9,953.7
2026-02-14T12:00,2026-02-16T20:00,56,6.26,62,2.4,4.3,0.6,953.6
2026-02-14T12:00,2026-02-16T21:00,57,6.43,61,2.5,4.2,0.4,953.9
2026-02-14T12:00,2026-02-16T22:00,58,6.35,64,2.65,4.4,0.2,954.2
2026-02-14T12:00,2026-02-16T23:00,59,6.49,62,2.85,4.7,0.5,954.8
2026-02-14T12:00,2026-02-17T00:00,60,6.13,63,2.35,4.7,0.1,955.2
2026-02-14T12:00,2026-02-17T01:00,61,6.06,56,2.11,3.9,-0.1,955.9
2026-02-14T12:00,2026-02-17T02:00,62,4.25,63,1.33,3.6,0.9,956.9
2026-02-14T12:00,2026-02-17T03:00,63,4.48,61,2.03,3.2,2.8,958.3
2026-02-14T12:00,2026-02-17T04:00,64,3.34,71,1.63,3.5,4.3,959.0
2026-02-14T12:00,2026-02-17T05:00,65,3.09,67,1.86,3.3,4.2,959.3
2026-02-14T12:00,2026-02-17T06:00,66,2.47,76,1.46,3.8,5.1,959.7
2026-02-14T12:00,2026-02-17T07:00,67,1.86,76,1.41,3.9,6.1,959.9
2026-02-14T12:00,2026-02-17T08:00,68,2.1,78,1.71,4.4,8.1,959.3
2026-02-14T12:00,2026-02-17T09:00,69,3.5,43,2.81,6.0,9.1,959.2
2026-02-14T12:00,2026-02-17T10:00,70,3.38,52,2.65,6.3,9.3,959.2
2026-02-14T12:00,2026-02-17T11:00,71,3.05,50,1.84,5.4,8.6,959.3
2026-02-14T18:00,2026-02-14T18:00,0,1.2,185,0.38,,0.4,957.7
2026-02-14T18:00,2026-02-14T19:00,1,1.15,90,0.75,0.9,-0.1,957.3
2026-02-14T18:00,2026-02-14T20:00,2,2.86,78,1.45,2.5,-0.3,956.9
2026-02-14T18:00,2026-02-14T21:00,3,2.6,91,1.14,2.5,-0.5,956.6
2026-02-14T18:00,2026-02-14T22:00,4,3.53,72,1.45,2.4,-1.5,956.2
2026-02-14T18:00,2026-02-14T23:00,5,3.74,65,1.41,2.4,-1.8,956.3
2026-02-14T18:00,2026-02-15T00:00,6,4.27,69,1.71,2.8,-2.8,956.2
2026-02-14T18:00,2026-02-15T01:00,7,5.27,67,2.07,3.4,-2.1,956.7
2026-02-14T18:00,2026-02-15T02:00,8,6.24,65,2.6,4.3,-1.9,957.0
2026-02-14T18:00,2026-02-15T03:00,9,6.33,62,2.76,4.6,-0.6,957.6
2026-02-14T18:00,2026-02-15T04:00,10,7.25,57,3.63,6.9,1.8,957.7
2026-02-14T18:00,2026-02-15T05:00,11,8.9,59,3.94,7.6,4.0,957.3
2026-02-14T18:00,2026-02-15T06:00,12,9.25,58,6.07,9.9,5.9,956.5
2026-02-14T18:00,2026-02-15T07:00,13,9.41,60,6.84,12.7,7.3,955.9
2026-02-14T18:00,2026-02-15T08:00,14,9.26,63,6.8,12.9,8.0,954.9
2026-02-14T18:00,2026-02-15T09:00,15,8.71,67,6.4,12.6,8.4,954.6
2026-02-14T18:00,2026-02-15T10:00,16,8.1,70,5.74,11.7,8.2,954.2
2026-02-14T18:00,2026-02-15T11:00,17,8.27,72,5.02,10.1,7.0,953.8
2026-02-14T18:00,2026-02-15T12:00,18,8.45,76,4.38,8.6,4.4,953.1
2026-02-14T18:00,2026-02-15T13:00,19,7.92,80,3.95,7.2,2.5,952.7
2026-02-14T18:00,2026-02-15T14:00,20,7.71,80,3.92,6.4,1.6,952.5
2026-02-14T18:00,2026-02-15T15:00,21,7.55,80,3.81,6.4,1.2,952.4
2026-02-14T18:00,2026-02-15T16:00,22,6.83,81,3.35,6.2,1.4,952.6
2026-02-14T18:00,2026-02-15T17:00,23,6.0,83,2.95,5.5,1.9,952.7
2026-02-14T18:00,2026-02-15T18:00,24,5.67,81,2.75,4.8,2.0,952.3
2026-02-14T18:00,2026-02-15T19:00,25,5.26,76,2.47,4.6,2.2,952.0
2026-02-14T18:00,2026-02-15T20:00,26,5.96,70,3.04,4.9,1.9,951.5
2026-02-14T18:00,2026-02-15T21:00,27,6.18,78,3.15,5.2,1.9,951.4
2026-02-14T18:00,2026-02-15T22:00,28,6.43,67,3.26,5.1,1.7,951.0
2026-02-14T18:00,2026-02-15T23:00,29,6.61,74,3.37,6.1,1.5,950.9
2026-02-14T18:00,2026-02-16T00:00,30,6.34,67,3.1,5.5,1.1,951.5
2026-02-14T18:00,2026-02-16T01:00,31,4.85,71,2.16,5.0,1.0,951.6
2026-02-14T18:00,2026-02-16T02:00,32,4.56,75,2.11,3.6,1.2,951.8
2026-02-14T18:00,2026-02-16T03:00,33,5.03,73,2.8,4.3,1.7,952.2
2026-02-14T18:00,2026-02-16T04:00,34,6.62,68,3.98,6.4,2.8,952.4
2026-02-14T18:00,2026-02-16T05:00,35,7.4,65,4.17,7.6,5.1,952.8
2026-02-14T18:00,2026-02-16T06:00,36,6.9,60,5.15,10.0,7.3,952.8
2026-02-14T18:00,2026-02-16T07:00,37,7.4,54,5.56,10.7,8.5,952.5
2026-02-14T18:00,2026-02-16T08:00,38,7.99,56,5.94,11.5,9.1,952.2
2026-02-14T18:00,2026-02-16T09:00,39,7.74,54,5.79,11.3,9.9,952.3
2026-02-14T18:00,2026-02-16T10:00,40,7.69,52,5.59,11.0,9.2,952.3
2026-02-14T18:00,2026-02-16T11:00,41,7.68,53,4.56,10.3,8.0,952.4
2026-02-14T18:00,2026-02-16T12:00,42,7.29,62,3.57,7.9,5.9,952.3
2026-02-14T18:00,2026-02-16T13:00,43,6.42,64,2.6,6.1,3.7,952.3
2026-02-14T18:00,2026-02-16T14:00,44,6.26,65,2.55,4.3,2.2,952.5
2026-02-14T18:00,2026-02-16T15:00,45,6.58,66,2.81,4.7,1.1,952.6
2026-02-14T18:00,2026-02-16T16:00,46,6.51,66,2.72,4.8,0.9,952.7
2026-02-14T18:00,2026-02-16T17:00,47,6.46,63,2.66,4.5,0.7,952.9
2026-02-14T18:00,2026-02-16T18:00,48,6.36,61,2.5,4.4,1.0,953.1
2026-02-14T18:00,2026-02-16T19:00,49,6.06,62,2.31,4.1,0.8,953.3
2026-02-14T18:00,2026-02-16T20:00,50,6.22,61,2.4,3.9,0.7,953.4
2026-02-14T18:00,2026-02-16T21:00,51,6.26,61,2.4,4.1,0.4,953.7
2026-02-14T18:00,2026-02-16T22:00,52,5.88,63,2.31,4.0,0.4,953.9
2026-02-14T18:00,2026-02-16T23:00,53,6.07,60,2.35,4.0,0.6,954.3
2026-02-14T18:00,2026-02-17T00:00,54,5.16,58,1.7,3.9,1.0,955.5
2026-02-14T18:00,2026-02-17T01:00,55,3.69,62,1.1,2.8,1.8,956.6
2026-02-14T18:00,2026-02-17T02:00,56,4.22,68,1.47,2.1,1.7,957.7
2026-02-14T18:00,2026-02-17T03:00,57,2.96,102,1.23,2.3,3.1,958.5
2026-02-14T18:00,2026-02-17T04:00,58,3.46,79,2.02,3.3,4.5,958.6
2026-02-14T18:00,2026-02-17T05:00,59,3.79,72,1.99,4.2,6.3,959.1
2026-02-14T18:00,2026-02-17T06:00,60,3.72,54,2.58,5.3,7.5,959.6
2026-02-14T18:00,2026-02-17T07:00,61,4.23,50,3.22,6.6,8.5,959.8
2026-02-14T18:00,2026-02-17T08:00,62,4.74,48,3.61,7.2,8.6,959.7
2026-02-14T18:00,2026-02-17T09:00,63,5.29,50,3.57,7.2,7.9,959.8
2026-02-14T18:00,2026-02-17T10:00,64,6.27,60,3.86,6.6,6.3,959.9
2026-02-14T18:00,2026-02-17T11:00,65,6.09,67,3.56,6.6,5.9,960.0
2026-02-14T18:00,2026-02-17T12:00,66,5.7,63,2.71,6.0,5.5,959.8
2026-02-14T18:00,2026-02-17T13:00,67,6.03,60,2.39,4.6,3.8,959.7
2026-02-14T18:00,2026-02-17T14:00,68,6.04,63,2.39,4.3,4.1,960.3
2026-02-14T18:00,2026-02-17T15:00,69,5.95,63,2.56,4.4,4.5,960.4
2026-02-14T18:00,2026-02-17T16:00,70,6.14,67,2.87,4.8,4.3,960.1
2026-02-14T18:00,2026-02-17T17:00,71,7.4,59,3.13,5.3,3.0,959.9
2026-02-15T00:00,2026-02-15T00:00,0,4.3,70,1.86,,-1.7,956.6
2026-02-15T00:00,2026-02-15T01:00,1,5.27,70,2.06,3.5,-1.8,956.6
2026-02-15T00:00,2026-02-15T02:00,2,6.17,64,2.65,4.4,-1.8,957.1
2026-02-15T00:00,2026-02-15T03:00,3,6.35,65,2.97,4.9,-0.7,957.7
2026-02-15T00:00,2026-02-15T04:00,4,7.54,59,3.8,7.1,2.6,958.1
2026-02-15T00:00,2026-02-15T05:00,5,9.12,60,4.29,8.3,3.7,957.5
2026-02-15T00:00,2026-02-15T06:00,6,9.18,57,6.24,11.5,6.0,956.9
2026-02-15T00:00,2026-02-15T07:00,7,9.44,59,6.85,12.7,8.0,956.2
2026-02-15T00:00,2026-02-15T08:00,8,9.3,65,6.82,13.0,8.1,955.1
2026-02-15T00:00,2026-02-15T09:00,9,8.35,70,6.17,12.6,8.4,954.7
2026-02-15T00:00,2026-02-15T10:00,10,7.87,71,5.62,11.3,8.2,954.2
2026-02-15T00:00,2026-02-15T11:00,11,8.32,75,5.08,9.9,7.3,953.8
2026-02-15T00:00,2026-02-15T12:00,12,8.36,79,4.38,8.6,4.5,953.0
2026-02-15T00:00,2026-02-15T13:00,13,7.88,82,3.96,7.2,2.3,952.7
2026-02-15T00:00,2026-02-15T14:00,14,7.64,81,3.9,6.5,1.5,952.6
2026-02-15T00:00,2026-02-15T15:00,15,7.52,82,3.82,6.4,1.3,952.5
2026-02-15T00:00,2026-02-15T16:00,16,6.81,82,3.41,6.3,1.4,952.6
2026-02-15T00:00,2026-02-15T17:00,17,5.87,86,2.92,5.5,1.7,952.9
2026-02-15T00:00,2026-02-15T18:00,18,5.2,82,2.55,4.8,1.9,952.4
2026-02-15T00:00,2026-02-15T19:00,19,5.6,82,2.85,4.8,1.8,951.7
2026-02-15T00:00,2026-02-15T20:00,20,6.65,66,3.34,5.3,1.8,951.5
2026-02-15T00:00,2026-02-15T21:00,21,6.82,77,3.58,6.5,2.1,950.9
2026-02-15T00:00,2026-02-15T22:00,22,7.36,63,3.72,6.0,1.8,950.8
2026-02-15T00:00,2026-02-15T23:00,23,8.0,60,4.16,6.9,1.8,951.3
2026-02-15T00:00,2026-02-16T00:00,24,6.69,72,3.23,6.9,1.8,951.5
2026-02-15T00:00,2026-02-16T01:00,25,6.81,60,3.48,5.5,1.8,951.7
2026-02-15T00:00,2026-02-16T02:00,26,6.88,71,3.53,5.7,1.6,951.6
2026-02-15T00:00,2026-02-16T03:00,27,6.51,72,3.64,5.9,2.7,951.7
2026-02-15T00:00,2026-02-16T04:00,28,7.08,67,3.38,6.2,5.0,952.5
2026-02-15T00:00,2026-02-16T05:00,29,5.84,62,4.33,8.2,7.0,952.8
2026-02-15T00:00,2026-02-16T06:00,30,7.13,64,5.33,10.2,8.0,952.5
2026-02-15T00:00,2026-02-16T07:00,31,7.82,60,5.89,11.1,8.9,952.3
2026-02-15T00:00,2026-02-16T08:00,32,7.76,59,5.84,11.3,9.8,952.0
2026-02-15T00:00,2026-02-16T09:00,33,7.67,57,5.79,11.1,10.1,952.0
2026-02-15T00:00,2026-02-16T10:00,34,7.73,58,5.66,11.0,10.1,952.0
2026-02-15T00:00,2026-02-16T11:00,35,7.44,58,4.6,10.4,9.0,952.2
2026-02-15T00:00,2026-02-16T12:00,36,6.31,64,2.92,7.9,6.6,952.0
2026-02-15T00:00,2026-02-16T13:00,37,5.34,68,2.1,5.0,3.7,951.9
2026-02-15T00:00,2026-02-16T14:00,38,5.57,66,2.26,3.7,2.1,951.9
2026-02-15T00:00,2026-02-16T15:00,39,6.13,66,2.44,4.0,1.3,952.2
2026-02-15T00:00,2026-02-16T16:00,40,5.96,66,2.25,4.1,1.0,952.6
2026-02-15T00:00,2026-02-16T17:00,41,5.84,63,2.28,3.8,0.9,952.8
2026-02-15T00:00,2026-02-16T18:00,42,5.77,63,2.18,3.8,0.8,952.9
2026-02-15T00:00,2026-02-16T19:00,43,5.59,62,2.29,3.8,0.3,952.9
2026-02-15T00:00,2026-02-16T20:00,44,5.75,65,2.41,4.1,-0.1,953.0
2026-02-15T00:00,2026-02-16T21:00,45,5.86,64,2.6,4.2,0.0,953.4
2026-02-15T00:00,2026-02-16T22:00,46,5.77,63,2.4,4.4,1.1,953.9
2026-02-15T00:00,2026-02-16T23:00,47,4.92,62,1.96,4.1,2.1,954.7
2026-02-15T00:00,2026-02-17T00:00,48,5.37,63,2.26,3.8,2.2,955.3
2026-02-15T00:00,2026-02-17T01:00,49,5.46,63,2.17,3.8,2.3,956.3
2026-02-15T00:00,2026-02-17T02:00,50,4.3,72,1.55,3.6,2.4,957.2
2026-02-15T00:00,2026-02-17T03:00,51,3.39,74,1.25,2.5,2.4,957.8
2026-02-15T00:00,2026-02-17T04:00,52,3.7,74,1.6,2.7,3.0,958.2
2026-02-15T00:00,2026-02-17T05:00,53,4.81,65,2.14,3.7,3.8,958.6
2026-02-15T00:00,2026-02-17T06:00,54,4.65,62,2.04,3.9,4.3,959.0
2026-02-15T00:00,2026-02-17T07:00,55,3.68,59,2.05,4.3,5.1,959.6
2026-02-15T00:00,2026-02-17T08:00,56,3.03,52,2.06,4.7,5.8,959.7
2026-02-15T00:00,2026-02-17T09:00,57,3.11,66,2.51,5.3,7.3,959.9
2026-02-15T00:00,2026-02-17T10:00,58,4.2,65,2.95,5.4,6.9,959.5
2026-02-15T00:00,2026-02-17T11:00,59,4.56,64,2.93,5.2,6.8,959.4
2026-02-15T00:00,2026-02-17T12:00,60,5.84,69,3.18,5.3,5.8,959.1
2026-02-15T00:00,2026-02-17T13:00,61,6.49,65,3.03,5.3,4.4,959.1
2026-02-15T00:00,2026-02-17T14:00,62,6.55,65,2.86,5.0,3.8,959.4
2026-02-15T00:00,2026-02-17T15:00,63,6.36,67,2.75,4.8,3.5,959.4
2026-02-15T00:00,2026-02-17T16:00,64,6.49,64,2.82,4.7,3.1,959.2
2026-02-15T00:00,2026-02-17T17:00,65,6.9,60,2.9,4.8,2.4,959.0
2026-02-15T00:00,2026-02-17T18:00,66,7.42,64,3.42,5.6,2.0,958.8
2026-02-15T00:00,2026-02-17T19:00,67,7.33,67,3.5,5.7,1.5,958.2
2026-02-15T00:00,2026-02-17T20:00,68,7.47,68,3.66,6.0,1.4,957.9
2026-02-15T00:00,2026-02-17T21:00,69,7.61,71,3.76,6.2,1.6,957.8
2026-02-15T00:00,2026-02-17T22:00,70,6.94,77,3.46,6.2,1.3,957.2
2026-02-15T00:00,2026-02-17T23:00,71,6.43,75,3.15,5.7,1.1,957.2
2026-02-15T06:00,2026-02-15T06:00,0,9.35,59,5.89,,6.7,957.0
2026-02-15T06:00,2026-02-15T07:00,1,9.46,62,6.92,12.8,7.5,956.3
2026-02-15T06:00,2026-02-15T08:00,2,8.84,68,6.53,12.9,8.3,955.6
2026-02-15T06:00,2026-02-15T09:00,3,8.24,71,6.09,12.1,9.1,955.3
2026-02-15T06:00,2026-02-15T10:00,4,7.95,72,5.54,11.2,8.3,954.6
2026-02-15T06:00,2026-02-15T11:00,5,8.25,75,4.98,9.7,7.1,954.1
2026-02-15T06:00,2026-02-15T12:00,6,8.41,79,4.33,8.5,4.7,953.1
2026-02-15T06:00,2026-02-15T13:00,7,7.84,81,3.91,7.2,2.6,952.7
2026-02-15T06:00,2026-02-15T14:00,8,7.59,81,3.84,6.4,1.5,952.7
2026-02-15T06:00,2026-02-15T15:00,9,7.3,81,3.57,6.2,1.0,952.7
2026-02-15T06:00,2026-02-15T16:00,10,6.46,82,3.13,5.9,1.3,953.0
2026-02-15T06:00,2026-02-15T17:00,11,5.49,83,2.56,5.1,1.6,953.0
2026-02-15T06:00,2026-02-15T18:00,12,4.68,80,2.15,4.1,1.8,952.7
2026-02-15T06:00,2026-02-15T19:00,13,5.15,82,2.71,4.4,2.0,952.2
2026-02-15T06:00,2026-02-15T20:00,14,6.1,70,3.08,5.1,2.2,951.8
2026-02-15T06:00,2026-02-15T21:00,15,6.82,68,3.49,5.6,2.2,951.9
2026-02-15T06:00,2026-02-15T22:00,16,6.99,71,3.53,6.2,2.3,951.5
2026-02-15T06:00,2026-02-15T23:00,17,8.27,63,4.41,7.1,2.2,951.5
2026-02-15T06:00,2026-02-16T00:00,18,7.48,73,3.93,7.5,2.4,951.6
2026-02-15T06:00,2026-02-16T01:00,19,6.8,65,3.49,6.4,2.2,951.5
2026-02-15T06:00,2026-02-16T02:00,20,6.76,74,3.54,6.0,2.2,951.4
2026-02-15T06:00,2026-02-16T03:00,21,6.74,70,3.89,6.2,2.7,951.7
2026-02-15T06:00,2026-02-16T04:00,22,8.08,68,3.8,6.9,4.2,952.0
2026-02-15T06:00,2026-02-16T05:00,23,6.44,65,4.57,8.5,6.3,952.4
2026-02-15T06:00,2026-02-16T06:00,24,7.07,62,5.27,10.1,7.9,952.1
2026-02-15T06:00,2026-02-16T07:00,25,7.59,60,5.67,10.6,9.2,951.8
2026-02-15T06:00,2026-02-16T08:00,26,7.22,62,5.36,10.8,9.6,951.5
2026-02-15T06:00,2026-02-16T09:00,27,6.64,65,4.72,10.0,9.1,951.3
2026-02-15T06:00,2026-02-16T10:00,28,5.52,64,3.87,8.2,9.2,951.7
2026-02-15T06:00,2026-02-16T11:00,29,5.26,65,3.32,6.8,8.2,951.5
2026-02-15T06:00,2026-02-16T12:00,30,5.31,67,2.34,5.6,6.3,951.4
2026-02-15T06:00,2026-02-16T13:00,31,4.93,67,1.93,3.9,3.5,951.2
2026-02-15T06:00,2026-02-16T14:00,32,5.86,64,2.17,3.7,2.4,951.5
2026-02-15T06:00,2026-02-16T15:00,33,6.22,65,2.45,4.0,2.9,952.0
2026-02-15T06:00,2026-02-16T16:00,34,6.31,66,2.45,4.2,2.9,952.2
2026-02-15T06:00,2026-02-16T17:00,35,5.93,63,2.16,4.1,2.1,952.3
2026-02-15T06:00,2026-02-16T18:00,36,5.73,62,2.02,3.5,1.0,952.0
2026-02-15T06:00,2026-02-16T19:00,37,6.25,61,2.3,3.9,1.2,952.1
2026-02-15T06:00,2026-02-16T20:00,38,6.06,63,2.26,4.0,1.1,952.5
2026-02-15T06:00,2026-02-16T21:00,39,6.05,59,2.6,4.2,2.1,953.0
2026-02-15T06:00,2026-02-16T22:00,40,5.77,58,2.2,4.6,2.4,953.4
2026-02-15T06:00,2026-02-16T23:00,41,4.43,60,1.25,3.6,2.0,954.8
2026-02-15T06:00,2026-02-17T00:00,42,2.9,90,0.9,1.7,2.4,955.9
2026-02-15T06:00,2026-02-17T01:00,43,2.26,85,0.7,1.3,2.6,956.4
2026-02-15T06:00,2026-02-17T02:00,44,2.95,89,1.3,1.8,2.9,956.9
2026-02-15T06:00,2026-02-17T03:00,45,3.42,78,1.47,2.4,3.6,957.7
2026-02-15T06:00,2026-02-17T04:00,46,4.06,68,2.33,3.9,4.8,958.4
2026-02-15T06:00,2026-02-17T05:00,47,4.88,57,2.55,4.7,5.3,958.9
2026-02-15T06:00,2026-02-17T06:00,48,3.75,53,2.76,5.4,5.9,959.7
2026-02-15T06:00,2026-02-17T07:00,49,4.53,79,2.92,5.6,5.6,959.7
2026-02-15T06:00,2026-02-17T08:00,50,3.81,67,2.9,5.5,6.0,959.5
2026-02-15T06:00,2026-02-17T09:00,51,4.82,59,3.37,6.2,6.2,959.7
2026-02-15T06:00,2026-02-17T10:00,52,5.44,58,3.56,6.5,6.1,959.9
2026-02-15T06:00,2026-02-17T11:00,53,5.59,68,3.52,6.5,5.7,959.8
2026-02-15T06:00,2026-02-17T12:00,54,6.33,64,3.57,6.0,5.3,959.6
2026-02-15T06:00,2026-02-17T13:00,55,7.41,60,3.83,6.4,4.3,959.9
2026-02-15T06:00,2026-02-17T14:00,56,7.72,63,4.06,6.8,3.8,960.1
2026-02-15T06:00,2026-02-17T15:00,57,8.11,60,4.25,7.2,3.6,960.1
2026-02-15T06:00,2026-02-17T16:00,58,8.05,59,4.1,7.2,3.2,960.0
2026-02-15T06:00,2026-02-17T17:00,59,7.72,62,3.78,6.9,2.1,959.6
2026-02-15T06:00,2026-02-17T18:00,60,7.42,69,3.73,6.3,1.3,959.1
2026-02-15T06:00,2026-02-17T19:00,61,7.31,76,3.83,6.3,1.0,958.8
2026-02-15T06:00,2026-02-17T20:00,62,7.38,81,4.05,6.7,1.4,958.8
2026-02-15T06:00,2026-02-17T21:00,63,7.26,80,4.09,6.9,1.6,958.7
2026-02-15T06:00,2026-02-17T22:00,64,6.91,80,3.82,6.8,1.6,958.4
2026-02-15T06:00,2026-02-17T23:00,65,6.49,83,3.53,6.3,1.4,958.3
2026-02-15T06:00,2026-02-18T00:00,66,6.6,88,3.61,6.0,1.5,958.3
2026-02-15T06:00,2026-02-18T01:00,67,7.12,86,4.14,6.9,1.7,958.0
2026-02-15T06:00,2026-02-18T02:00,68,7.98,85,4.74,7.9,1.7,957.7
2026-02-15T06:00,2026-02-18T03:00,69,8.14,84,5.16,8.6,2.9,957.5
2026-02-15T06:00,2026-02-18T04:00,70,8.49,70,5.77,10.2,4.9,957.3
2026-02-15T06:00,2026-02-18T05:00,71,9.75,67,6.99,12.6,7.7,956.9
2026-02-15T12:00,2026-02-15T12:00,0,8.52,86,4.51,,4.9,953.4
2026-02-15T12:00,2026-02-15T13:00,1,7.76,87,3.87,7.5,2.5,952.8
2026-02-15T12:00,2026-02-15T14:00,2,7.69,84,3.9,6.4,1.9,952.8
2026-02-15T12:00,2026-02-15T15:00,3,7.36,83,3.67,6.5,1.6,952.9
2026-02-15T12:00,2026-02-15T16:00,4,5.71,86,2.71,5.9,1.5,953.2
2026-02-15T12:00,2026-02-15T17:00,5,4.4,91,2.1,4.4,1.6,953.3
2026-02-15T12:00,2026-02-15T18:00,6,4.3,91,2.33,3.8,1.8,952.7
2026-02-15T12:00,2026-02-15T19:00,7,5.04,79,2.57,4.3,1.8,952.2
2026-02-15T12:00,2026-02-15T20:00,8,5.65,70,2.77,4.7,2.1,951.8
2026-02-15T12:00,2026-02-15T21:00,9,5.89,80,3.05,4.9,2.2,951.1
2026-02-15T12:00,2026-02-15T22:00,10,6.07,79,3.2,5.5,2.0,950.6
2026-02-15T12:00,2026-02-15T23:00,11,7.44,67,3.71,6.3,2.0,950.4
2026-02-15T12:00,2026-02-16T00:00,12,7.2,70,3.61,6.2,1.9,950.6
2026-02-15T12:00,2026-02-16T01:00,13,6.57,69,3.21,5.9,1.7,950.6
2026-02-15T12:00,2026-02-16T02:00,14,6.33,70,3.1,5.2,1.4,951.0
2026-02-15T12:00,2026-02-16T03:00,15,6.1,72,3.36,5.4,2.5,951.4
2026-02-15T12:00,2026-02-16T04:00,16,6.19,70,3.65,6.0,3.9,951.6
2026-02-15T12:00,2026-02-16T05:00,17,6.02,64,3.85,7.2,5.7,952.2
2026-02-15T12:00,2026-02-16T06:00,18,5.6,67,4.07,7.7,6.6,952.5
2026-02-15T12:00,2026-02-16T07:00,19,5.35,65,3.8,7.7,7.1,952.2
2026-02-15T12:00,2026-02-16T08:00,20,5.66,63,3.81,7.3,7.4,951.8
2026-02-15T12:00,2026-02-16T09:00,21,5.21,64,3.58,7.1,8.5,951.7
2026-02-15T12:00,2026-02-16T10:00,22,6.05,60,3.77,6.7,8.2,951.4
2026-02-15T12:00,2026-02-16T11:00,23,5.7,58,3.02,6.5,7.1,951.3
2026-02-15T12:00,2026-02-16T12:00,24,5.11,59,1.88,5.0,5.5,951.0
2026-02-15T12:00,2026-02-16T13:00,25,5.88,63,2.3,3.8,4.5,951.2
2026-02-15T12:00,2026-02-16T14:00,26,5.59,66,2.2,4.1,4.2,951.6
2026-02-15T12:00,2026-02-16T15:00,27,5.56,68,2.11,3.6,3.3,951.9
2026-02-15T12:00,2026-02-16T16:00,28,5.73,65,2.1,3.5,3.3,952.3
2026-02-15T12:00,2026-02-16T17:00,29,5.37,62,1.8,3.5,3.1,952.7
2026-02-15T12:00,2026-02-16T18:00,30,5.13,66,1.85,3.1,3.8,953.1
2026-02-15T12:00,2026-02-16T19:00,31,5.03,65,1.75,3.0,3.7,953.4
2026-02-15T12:00,2026-02-16T20:00,32,5.1,69,1.85,3.0,4.0,953.7
2026-02-15T12:00,2026-02-16T21:00,33,5.11,76,2.01,3.5,4.0,953.8
2026-02-15T12:00,2026-02-16T22:00,34,6.2,65,2.86,4.6,3.9,954.4
2026-02-15T12:00,2026-02-16T23:00,35,5.38,70,2.36,5.2,3.5,955.2
2026-02-15T12:00,2026-02-17T00:00,36,2.76,78,0.47,3.9,2.9,956.1
2026-02-15T12:00,2026-02-17T01:00,37,2.3,86,0.86,1.0,2.6,956.7
2026-02-15T12:00,2026-02-17T02:00,38,3.85,81,1.66,2.6,2.9,957.2
2026-02-15T12:00,2026-02-17T03:00,39,4.84,72,2.51,4.1,3.8,958.1
2026-02-15T12:00,2026-02-17T04:00,40,4.39,60,2.47,4.1,4.5,959.1
2026-02-15T12:00,2026-02-17T05:00,41,4.33,59,2.51,5.0,5.7,959.9
2026-02-15T12:00,2026-02-17T06:00,42,4.85,68,3.06,5.5,5.4,960.1
2026-02-15T12:00,2026-02-17T07:00,43,4.9,63,3.19,5.9,5.8,960.0
2026-02-15T12:00,2026-02-17T08:00,44,5.42,57,3.5,6.7,5.8,959.7
2026-02-15T12:00,2026-02-17T09:00,45,4.86,61,3.52,7.0,6.7,959.8
2026-02-15T12:00,2026-02-17T10:00,46,4.96,59,3.66,7.2,7.4,959.6
2026-02-15T12:00,2026-02-17T11:00,47,5.84,58,3.98,7.5,7.0,959.7
2026-02-15T12:00,2026-02-17T12:00,48,6.89,61,3.66,7.2,5.2,959.5
2026-02-15T12:00,2026-02-17T13:00,49,7.2,62,3.36,6.3,3.9,959.8
2026-02-15T12:00,2026-02-17T14:00,50,7.21,60,3.11,5.7,3.5,959.9
2026-02-15T12:00,2026-02-17T15:00,51,6.95,59,2.91,5.3,3.0,959.7
2026-02-15T12:00,2026-02-17T16:00,52,7.09,65,3.2,5.2,1.9,959.4
2026-02-15T12:00,2026-02-17T17:00,53,7.25,66,3.45,5.6,0.9,959.0
2026-02-15T12:00,2026-02-17T18:00,54,7.73,68,3.8,6.1,0.6,958.8
2026-02-15T12:00,2026-02-17T19:00,55,7.75,72,3.85,6.3,0.8,958.4
2026-02-15T12:00,2026-02-17T20:00,56,7.62,72,3.86,6.3,0.8,957.9
2026-02-15T12:00,2026-02-17T21:00,57,7.5,73,3.86,6.4,0.8,958.0
2026-02-15T12:00,2026-02-17T22:00,58,6.56,83,3.41,6.3,1.0,957.7
2026-02-15T12:00,2026-02-17T23:00,59,6.4,80,3.3,5.6,1.0,957.3
2026-02-15T12:00,2026-02-18T00:00,60,6.93,81,3.6,5.9,1.2,957.5
2026-02-15T12:00,2026-02-18T01:00,61,6.8,91,3.72,6.2,1.2,957.0
2026-02-15T12:00,2026-02-18T02:00,62,6.7,90,3.76,6.2,1.5,956.7
2026-02-15T12:00,2026-02-18T03:00,63,7.38,85,4.65,7.7,2.8,956.9
2026-02-15T12:00,2026-02-18T04:00,64,7.14,75,4.44,8.2,5.0,956.9
2026-02-15T12:00,2026-02-18T05:00,65,7.94,65,5.77,10.5,8.0,956.5
2026-02-15T12:00,2026-02-18T06:00,66,9.17,72,6.69,12.3,11.0,955.8
2026-02-15T12:00,2026-02-18T07:00,67,9.11,71,6.82,12.6,12.8,955.1
2026-02-15T12:00,2026-02-18T08:00,68,9.87,65,7.31,13.5,13.1,954.3
2026-02-15T12:00,2026-02-18T09:00,69,9.41,70,6.93,13.6,13.5,953.8
2026-02-15T12:00,2026-02-18T10:00,70,8.4,69,6.13,12.7,13.3,953.4
2026-02-15T12:00,2026-02-18T11:00,71,7.94,63,4.98,11.1,12.0,952.8
2026-02-15T18:00,2026-02-15T18:00,0,4.87,99,2.77,,1.8,953.0
2026-02-15T18:00,2026-02-15T19:00,1,5.93,72,3.0,5.2,1.6,952.4
2026-02-15T18:00,2026-02-15T20:00,2,5.46,74,2.4,5.0,1.5,952.1
2026-02-15T18:00,2026-02-15T21:00,3,6.38,78,3.4,5.3,1.7,951.6
2026-02-15T18:00,2026-02-15T22:00,4,7.42,72,3.93,6.3,1.7,951.0
2026-02-15T18:00,2026-02-15T23:00,5,7.66,66,3.74,6.4,1.2,951.0
2026-02-15T18:00,2026-02-16T00:00,6,7.09,70,3.4,6.1,0.4,950.9
2026-02-15T18:00,2026-02-16T01:00,7,6.34,67,2.9,5.5,0.5,950.8
2026-02-15T18:00,2026-02-16T02:00,8,6.79,67,3.2,5.4,0.6,951.1
2026-02-15T18:00,2026-02-16T03:00,9,6.1,72,3.45,5.3,1.9,951.6
2026-02-15T18:00,2026-02-16T04:00,10,7.1,71,3.47,6.1,3.7,951.8
2026-02-15T18:00,2026-02-16T05:00,11,6.9,67,4.34,7.9,5.7,952.2
2026-02-15T18:00,2026-02-16T06:00,12,6.74,66,4.87,9.1,6.5,952.4
2026-02-15T18:00,2026-02-16T07:00,13,6.04,66,4.54,9.1,7.8,952.3
2026-02-15T18:00,2026-02-16T08:00,14,5.82,61,4.36,8.7,8.2,952.0
2026-02-15T18:00,2026-02-16T09:00,15,5.01,65,3.69,8.1,8.6,951.9
2026-02-15T18:00,2026-02-16T10:00,16,4.48,68,2.96,6.8,8.0,951.4
2026-02-15T18:00,2026-02-16T11:00,17,5.38,60,2.82,5.2,7.1,951.4
2026-02-15T18:00,2026-02-16T12:00,18,5.1,62,1.95,4.7,5.6,951.7
2026-02-15T18:00,2026-02-16T13:00,19,5.82,69,2.41,4.0,4.5,951.6
2026-02-15T18:00,2026-02-16T14:00,20,5.96,71,2.46,4.1,3.9,951.8
2026-02-15T18:00,2026-02-16T15:00,21,6.04,66,2.5,4.4,4.1,952.2
2026-02-15T18:00,2026-02-16T16:00,22,6.24,68,2.65,4.4,4.1,952.6
2026-02-15T18:00,2026-02-16T17:00,23,5.33,70,1.96,4.4,3.8,952.9
2026-02-15T18:00,2026-02-16T18:00,24,5.11,67,1.8,3.2,3.9,953.4
2026-02-15T18:00,2026-02-16T19:00,25,4.99,64,1.81,3.0,3.9,953.5
2026-02-15T18:00,2026-02-16T20:00,26,5.73,65,2.18,3.7,3.9,953.7
2026-02-15T18:00,2026-02-16T21:00,27,6.11,65,2.43,3.9,3.7,954.2
2026-02-15T18:00,2026-02-16T22:00,28,6.65,67,2.85,5.0,3.9,954.4
2026-02-15T18:00,2026-02-16T23:00,29,6.05,69,2.53,4.9,3.8,954.9
2026-02-15T18:00,2026-02-17T00:00,30,4.96,68,1.77,4.3,3.3,955.4
2026-02-15T18:00,2026-02-17T01:00,31,3.65,65,1.27,2.8,2.9,956.2
2026-02-15T18:00,2026-02-17T02:00,32,3.86,71,1.39,2.0,2.5,957.2
2026-02-15T18:00,2026-02-17T03:00,33,3.55,88,1.35,2.3,3.0,958.2
2026-02-15T18:00,2026-02-17T04:00,34,3.7,74,2.19,3.7,4.2,959.1
2026-02-15T18:00,2026-02-17T05:00,35,4.25,63,2.34,4.3,5.2,959.3
2026-02-15T18:00,2026-02-17T06:00,36,5.33,56,3.25,6.4,5.6,959.9
2026-02-15T18:00,2026-02-17T07:00,37,5.19,61,3.21,6.4,5.3,959.9
2026-02-15T18:00,2026-02-17T08:00,38,4.78,59,3.06,6.1,5.4,959.7
2026-02-15T18:00,2026-02-17T09:00,39,4.65,51,3.25,6.3,6.0,960.0
2026-02-15T18:00,2026-02-17T10:00,40,4.81,57,3.28,6.5,6.1,960.2
2026-02-15T18:00,2026-02-17T11:00,41,5.1,63,2.98,6.3,5.7,960.2
2026-02-15T18:00,2026-02-17T12:00,42,5.68,63,2.98,5.2,5.1,960.0
2026-02-15T18:00,2026-02-17T13:00,43,7.06,60,3.56,6.0,3.9,960.2
2026-02-15T18:00,2026-02-17T14:00,44,7.02,64,3.39,6.0,3.6,960.2
2026-02-15T18:00,2026-02-17T15:00,45,7.12,61,3.33,5.8,3.5,960.2
2026-02-15T18:00,2026-02-17T16:00,46,7.5,60,3.31,5.7,2.9,960.2
2026-02-15T18:00,2026-02-17T17:00,47,7.58,62,3.38,5.8,2.3,959.8
2026-02-15T18:00,2026-02-17T18:00,48,7.76,65,3.73,6.0,1.4,958.9
2026-02-15T18:00,2026-02-17T19:00,49,8.63,62,4.42,7.0,0.8,958.4
2026-02-15T18:00,2026-02-17T20:00,50,9.37,67,4.89,8.1,1.0,958.8
2026-02-15T18:00,2026-02-17T21:00,51,8.02,78,4.2,8.0,0.8,958.4
2026-02-15T18:00,2026-02-17T22:00,52,7.26,78,3.8,6.8,0.4,957.7
2026-02-15T18:00,2026-02-17T23:00,53,7.17,82,3.85,6.4,0.7,957.6
2026-02-15T18:00,2026-02-18T00:00,54,7.9,84,4.36,7.3,1.2,957.8
2026-02-15T18:00,2026-02-18T01:00,55,7.91,88,4.52,7.5,1.7,957.6
2026-02-15T18:00,2026-02-18T02:00,56,8.67,80,5.08,8.4,2.1,957.4
2026-02-15T18:00,2026-02-18T03:00,57,8.57,79,5.48,9.1,3.3,957.8
2026-02-15T18:00,2026-02-18T04:00,58,7.01,87,4.93,9.5,5.8,957.7
2026-02-15T18:00,2026-02-18T05:00,59,7.16,73,5.28,9.7,8.6,957.5
2026-02-15T18:00,2026-02-18T06:00,60,8.35,73,6.22,11.5,10.4,957.0
2026-02-15T18:00,2026-02-18T07:00,61,9.01,73,6.69,12.4,12.0,956.2
2026-02-15T18:00,2026-02-18T08:00,62,9.66,72,7.12,13.2,13.1,954.6
2026-02-15T18:00,2026-02-18T09:00,63,10.21,69,7.46,13.6,13.5,953.8
2026-02-15T18:00,2026-02-18T10:00,64,10.22,67,7.36,13.7,13.1,953.2
2026-02-15T18:00,2026-02-18T11:00,65,9.66,63,6.1,12.9,11.8,952.9
2026-02-15T18:00,2026-02-18T12:00,66,8.18,70,4.21,10.4,8.8,952.5
2026-02-15T18:00,2026-02-18T13:00,67,6.31,79,2.99,6.9,5.3,951.3
2026-02-15T18:00,2026-02-18T14:00,68,6.97,79,3.39,5.7,3.4,950.9
2026-02-15T18:00,2026-02-18T15:00,69,6.04,80,2.71,5.6,2.6,950.4
2026-02-15T18:00,2026-02-18T16:00,70,5.74,83,2.75,4.8,1.9,950.2
2026-02-15T18:00,2026-02-18T17:00,71,4.96,87,2.49,5.0,1.0,949.7
2026-02-16T00:00,2026-02-16T00:00,0,7.07,70,3.46,,1.6,951.0
2026-02-16T00:00,2026-02-16T01:00,1,6.22,66,2.9,5.6,1.0,950.9
2026-02-16T00:00,2026-02-16T02:00,2,6.63,71,3.35,5.3,0.7,951.4
2026-02-16T00:00,2026-02-16T03:00,3,6.74,70,3.9,6.1,2.1,952.1
2026-02-16T00:00,2026-02-16T04:00,4,6.82,68,2.85,6.5,3.1,952.7
2026-02-16T00:00,2026-02-16T05:00,5,6.04,71,3.82,7.0,4.7,952.9
2026-02-16T00:00,2026-02-16T06:00,6,5.95,64,4.45,8.4,7.2,953.2
2026-02-16T00:00,2026-02-16T07:00,7,6.07,61,4.59,8.8,7.9,952.6
2026-02-16T00:00,2026-02-16T08:00,8,6.53,57,4.77,8.8,8.3,952.1
2026-02-16T00:00,2026-02-16T09:00,9,6.64,57,4.75,9.2,8.5,951.8
2026-02-16T00:00,2026-02-16T10:00,10,5.43,63,3.79,8.7,8.2,951.8
2026-02-16T00:00,2026-02-16T11:00,11,5.64,63,3.29,6.5,7.6,951.5
2026-02-16T00:00,2026-02-16T12:00,12,6.05,57,2.69,5.7,6.2,951.5
2026-02-16T00:00,2026-02-16T13:00,13,5.73,66,2.0,4.6,4.8,951.8
2026-02-16T00:00,2026-02-16T14:00,14,5.44,61,2.0,3.6,4.4,952.2
2026-02-16T00:00,2026-02-16T15:00,15,6.41,67,2.65,4.5,4.2,952.6
2026-02-16T00:00,2026-02-16T16:00,16,5.19,65,1.9,4.4,4.1,952.6
2026-02-16T00:00,2026-02-16T17:00,17,5.3,58,1.81,3.1,3.5,952.8
2026-02-16T00:00,2026-02-16T18:00,18,5.42,60,1.87,3.0,3.9,953.3
2026-02-16T00:00,2026-02-16T19:00,19,4.94,66,1.7,3.0,3.7,953.6
2026-02-16T00:00,2026-02-16T20:00,20,5.01,64,1.72,2.7,3.9,953.9
2026-02-16T00:00,2026-02-16T21:00,21,5.53,66,2.18,3.4,4.0,954.4
2026-02-16T00:00,2026-02-16T22:00,22,5.75,63,2.24,4.2,3.7,954.7
2026-02-16T00:00,2026-02-16T23:00,23,4.48,61,1.59,3.8,3.1,955.4
2026-02-16T00:00,2026-02-17T00:00,24,2.44,79,0.4,2.2,3.2,956.5
2026-02-16T00:00,2026-02-17T01:00,25,2.06,86,0.6,0.9,3.5,957.1
2026-02-16T00:00,2026-02-17T02:00,26,3.09,76,1.31,1.8,3.1,957.4
2026-02-16T00:00,2026-02-17T03:00,27,4.44,71,2.06,3.4,3.5,958.2
2026-02-16T00:00,2026-02-17T04:00,28,5.48,54,2.75,4.7,3.8,959.0
2026-02-16T00:00,2026-02-17T05:00,29,6.05,59,3.36,5.7,3.7,959.7
2026-02-16T00:00,2026-02-17T06:00,30,5.55,63,3.34,6.3,4.3,960.1
2026-02-16T00:00,2026-02-17T07:00,31,4.87,54,3.01,6.2,4.7,960.1
2026-02-16T00:00,2026-02-17T08:00,32,4.53,56,2.76,5.7,5.0,960.0
2026-02-16T00:00,2026-02-17T09:00,33,3.75,59,2.61,5.3,5.7,960.4
2026-02-16T00:00,2026-02-17T10:00,34,4.71,68,3.11,5.5,5.8,960.3
2026-02-16T00:00,2026-02-17T11:00,35,5.53,61,3.56,6.3,6.4,960.5
2026-02-16T00:00,2026-02-17T12:00,36,7.15,59,3.92,6.7,5.0,960.5
2026-02-16T00:00,2026-02-17T13:00,37,7.33,63,3.64,6.7,3.7,960.6
2026-02-16T00:00,2026-02-17T14:00,38,7.58,62,3.62,6.2,3.4,960.5
2026-02-16T00:00,2026-02-17T15:00,39,7.98,58,3.78,6.4,3.0,960.6
2026-02-16T00:00,2026-02-17T16:00,40,7.74,62,3.61,6.4,2.5,960.7
2026-02-16T00:00,2026-02-17T17:00,41,7.05,68,3.4,6.1,1.3,960.0
2026-02-16T00:00,2026-02-17T18:00,42,7.37,67,3.66,5.9,0.7,959.4
2026-02-16T00:00,2026-02-17T19:00,43,7.91,74,4.19,6.9,0.9,959.3
2026-02-16T00:00,2026-02-17T20:00,44,7.47,78,4.02,6.9,1.3,959.3
2026-02-16T00:00,2026-02-17T21:00,45,6.74,84,3.69,6.6,1.7,959.3
2026-02-16T00:00,2026-02-17T22:00,46,6.63,81,3.51,6.0,1.7,958.7
2026-02-16T00:00,2026-02-17T23:00,47,7.31,83,3.95,6.5,1.6,958.5
2026-02-16T00:00,2026-02-18T00:00,48,7.66,87,4.27,7.1,1.8,958.3
2026-02-16T00:00,2026-02-18T01:00,49,7.92,86,4.49,7.4,1.8,958.0
2026-02-16T00:00,2026-02-18T02:00,50,7.88,85,4.67,7.8,2.0,957.9
2026-02-16T00:00,2026-02-18T03:00,51,8.13,74,5.42,9.1,3.1,958.5
2026-02-16T00:00,2026-02-18T04:00,52,7.23,81,5.03,9.7,5.4,958.0
2026-02-16T00:00,2026-02-18T05:00,53,7.63,68,5.51,10.1,8.3,957.4
2026-02-16T00:00,2026-02-18T06:00,54,9.28,69,6.8,12.5,10.7,956.8
2026-02-16T00:00,2026-02-18T07:00,55,10.56,69,7.73,14.2,12.0,955.9
2026-02-16T00:00,2026-02-18T08:00,56,10.33,67,7.6,14.2,13.0,954.7
2026-02-16T00:00,2026-02-18T09:00,57,10.49,64,7.65,14.3,12.9,954.3
2026-02-16T00:00,2026-02-18T10:00,58,9.26,65,6.6,14.0,12.7,953.8
2026-02-16T00:00,2026-02-18T11:00,59,9.24,63,5.81,11.6,11.6,953.3
2026-02-16T00:00,2026-02-18T12:00,60,8.05,68,4.16,9.9,8.7,952.5
2026-02-16T00:00,2026-02-18T13:00,61,6.61,82,3.0,6.9,5.3,952.5
2026-02-16T00:00,2026-02-18T14:00,62,5.05,88,2.55,5.1,2.8,951.0
2026-02-16T00:00,2026-02-18T15:00,63,6.57,77,3.11,5.3,2.3,951.0
2026-02-16T00:00,2026-02-18T16:00,64,5.99,71,2.53,5.3,1.4,950.6
2026-02-16T00:00,2026-02-18T17:00,65,6.14,76,2.71,4.6,1.9,951.0
2026-02-16T00:00,2026-02-18T18:00,66,4.79,83,2.14,4.8,1.3,950.0
2026-02-16T00:00,2026-02-18T19:00,67,4.97,85,2.52,4.6,0.8,949.4
2026-02-16T00:00,2026-02-18T20:00,68,5.29,80,2.63,4.7,0.7,948.5
2026-02-16T00:00,2026-02-18T21:00,69,5.87,78,2.8,5.0,1.0,948.2
2026-02-16T00:00,2026-02-18T22:00,70,5.66,69,2.38,4.9,1.5,948.0
2026-02-16T00:00,2026-02-18T23:00,71,5.72,71,2.28,4.0,1.0,948.2
2026-02-16T06:00,2026-02-16T06:00,0,7.14,58,5.16,,7.6,953.4
2026-02-16T06:00,2026-02-16T07:00,1,7.53,57,5.61,10.7,8.5,953.2
2026-02-16T06:00,2026-02-16T08:00,2,7.49,59,5.49,10.7,8.9,953.1
2026-02-16T06:00,2026-02-16T09:00,3,6.85,55,5.02,10.3,9.4,952.8
2026-02-16T06:00,2026-02-16T10:00,4,6.68,53,4.17,9.3,8.4,952.6
2026-02-16T06:00,2026-02-16T11:00,5,5.5,62,2.82,7.2,7.9,952.4
2026-02-16T06:00,2026-02-16T12:00,6,5.53,57,2.54,4.8,6.7,952.5
2026-02-16T06:00,2026-02-16T13:00,7,5.48,62,2.06,4.4,4.8,952.3
2026-02-16T06:00,2026-02-16T14:00,8,6.23,60,2.43,4.0,4.6,952.6
2026-02-16T06:00,2026-02-16T15:00,9,6.91,66,2.72,4.6,4.0,953.1
2026-02-16T06:00,2026-02-16T16:00,10,6.37,70,2.41,4.5,3.5,953.0
2026-02-16T06:00,2026-02-16T17:00,11,5.22,60,1.85,4.0,2.4,952.7
2026-02-16T06:00,2026-02-16T18:00,12,6.24,66,2.56,4.3,2.9,953.1
2026-02-16T06:00,2026-02-16T19:00,13,5.66,64,2.02,4.2,2.0,953.2
2026-02-16T06:00,2026-02-16T20:00,14,5.73,65,2.26,3.9,2.9,953.5
2026-02-16T06:00,2026-02-16T21:00,15,5.73,58,2.19,3.8,3.1,954.3
2026-02-16T06:00,2026-02-16T22:00,16,5.48,65,2.07,3.7,3.3,954.7
2026-02-16T06:00,2026-02-16T23:00,17,4.71,59,1.71,3.5,2.2,955.0
2026-02-16T06:00,2026-02-17T00:00,18,4.65,69,1.7,3.0,3.0,956.0
2026-02-16T06:00,2026-02-17T01:00,19,3.8,65,1.42,2.7,2.8,956.4
2026-02-16T06:00,2026-02-17T02:00,20,4.06,56,1.5,2.3,2.8,957.2
2026-02-16T06:00,2026-02-17T03:00,21,3.11,57,0.86,2.3,3.0,958.8
2026-02-16T06:00,2026-02-17T04:00,22,2.35,89,0.86,1.2,3.2,959.4
2026-02-16T06:00,2026-02-17T05:00,23,3.17,78,1.45,2.5,4.1,959.8
2026-02-16T06:00,2026-02-17T06:00,24,4.46,67,2.62,4.0,4.7,960.3
2026-02-16T06:00,2026-02-17T07:00,25,5.07,68,2.97,5.6,5.8,960.4
2026-02-16T06:00,2026-02-17T08:00,26,4.9,54,3.29,6.1,5.9,959.9
2026-02-16T06:00,2026-02-17T09:00,27,5.09,55,3.34,6.3,5.9,960.3
2026-02-16T06:00,2026-02-17T10:00,28,5.15,67,2.84,6.0,6.1,960.3
2026-02-16T06:00,2026-02-17T11:00,29,4.92,62,2.84,5.1,6.6,960.6
2026-02-16T06:00,2026-02-17T12:00,30,6.0,65,3.38,5.6,6.1,960.5
2026-02-16T06:00,2026-02-17T13:00,31,6.58,66,3.5,6.0,5.3,960.5
2026-02-16T06:00,2026-02-17T14:00,32,7.16,58,3.53,5.9,4.6,960.5
2026-02-16T06:00,2026-02-17T15:00,33,7.96,55,3.82,6.5,3.9,960.8
2026-02-16T06:00,2026-02-17T16:00,34,7.66,60,3.63,6.5,2.9,961.0
2026-02-16T06:00,2026-02-17T17:00,35,6.9,67,3.2,6.0,1.8,960.5
2026-02-16T06:00,2026-02-17T18:00,36,7.68,67,3.86,6.1,0.8,959.8
2026-02-16T06:00,2026-02-17T19:00,37,8.24,68,4.29,7.0,0.6,959.6
2026-02-16T06:00,2026-02-17T20:00,38,7.91,73,4.16,7.1,0.7,959.8
2026-02-16T06:00,2026-02-17T21:00,39,7.1,78,3.7,6.8,0.9,959.3
2026-02-16T06:00,2026-02-17T22:00,40,7.46,75,4.11,6.6,1.2,959.1
2026-02-16T06:00,2026-02-17T23:00,41,7.98,82,4.58,7.6,1.3,959.0
2026-02-16T06:00,2026-02-18T00:00,42,7.61,87,4.28,7.6,1.6,958.5
2026-02-16T06:00,2026-02-18T01:00,43,7.77,86,4.33,7.4,1.6,958.0
2026-02-16T06:00,2026-02-18T02:00,44,8.51,73,4.97,8.1,1.4,958.8
2026-02-16T06:00,2026-02-18T03:00,45,7.46,93,4.75,8.6,2.7,958.6
2026-02-16T06:00,2026-02-18T04:00,46,7.47,78,5.14,9.1,5.6,958.3
2026-02-16T06:00,2026-02-18T05:00,47,8.23,67,6.04,10.9,8.5,958.1
2026-02-16T06:00,2026-02-18T06:00,48,8.78,72,6.47,12.1,10.3,957.8
2026-02-16T06:00,2026-02-18T07:00,49,9.25,71,6.94,12.8,12.4,956.5
2026-02-16T06:00,2026-02-18T08:00,50,10.71,63,7.86,14.4,12.7,955.1
2026-02-16T06:00,2026-02-18T09:00,51,11.28,65,8.16,15.1,13.0,954.6
2026-02-16T06:00,2026-02-18T10:00,52,10.24,67,7.18,14.8,12.9,954.0
2026-02-16T06:00,2026-02-18T11:00,53,9.69,68,6.17,12.6,11.9,953.4
2026-02-16T06:00,2026-02-18T12:00,54,8.98,70,4.91,10.5,9.1,952.7
2026-02-16T06:00,2026-02-18T13:00,55,7.72,73,3.75,8.1,5.8,952.6
2026-02-16T06:00,2026-02-18T14:00,56,7.3,88,3.83,6.3,3.5,952.0
2026-02-16T06:00,2026-02-18T15:00,57,7.43,79,3.65,6.4,2.8,951.1
2026-02-16T06:00,2026-02-18T16:00,58,7.5,83,3.66,6.4,2.9,950.7
2026-02-16T06:00,2026-02-18T17:00,59,6.83,72,3.02,6.0,2.2,950.6
2026-02-16T06:00,2026-02-18T18:00,60,6.27,79,2.71,5.0,2.0,950.4
2026-02-16T06:00,2026-02-18T19:00,61,4.94,97,2.76,5.0,0.9,949.8
2026-02-16T06:00,2026-02-18T20:00,62,4.55,99,2.86,5.2,0.2,949.0
2026-02-16T06:00,2026-02-18T21:00,63,5.18,83,2.77,5.2,0.3,948.5
2026-02-16T06:00,2026-02-18T22:00,64,5.79,84,3.05,5.3,1.1,948.5
2026-02-16T06:00,2026-02-18T23:00,65,5.06,78,2.4,5.4,1.2,948.1
2026-02-16T06:00,2026-02-19T00:00,66,5.24,66,1.97,4.2,1.2,948.6
2026-02-16T06:00,2026-02-19T01:00,67,4.86,78,1.89,3.8,1.5,948.8
2026-02-16T06:00,2026-02-19T02:00,68,5.29,75,2.06,3.4,1.9,949.4
2026-02-16T06:00,2026-02-19T03:00,69,4.76,94,2.46,4.2,4.0,949.6
2026-02-16T06:00,2026-02-19T04:00,70,6.15,63,3.62,5.6,6.9,949.7
2026-02-16T06:00,2026-02-19T05:00,71,7.54,62,4.61,8.5,9.5,950.6
2026-02-16T12:00,2026-02-16T12:00,0,6.15,68,2.82,,6.9,952.7
2026-02-16T12:00,2026-02-16T13:00,1,5.73,66,2.16,4.9,4.7,952.7
2026-02-16T12:00,2026-02-16T14:00,2,6.6,62,2.47,3.9,3.9,953.1
2026-02-16T12:00,2026-02-16T15:00,3,7.25,69,2.93,4.9,4.0,953.3
2026-02-16T12:00,2026-02-16T16:00,4,7.5,66,3.23,5.4,3.8,953.5
2026-02-16T12:00,2026-02-16T17:00,5,6.76,66,2.75,5.3,3.5,953.6
2026-02-16T12:00,2026-02-16T18:00,6,6.07,66,2.3,4.5,3.0,953.8
2026-02-16T12:00,2026-02-16T19:00,7,6.7,68,2.95,4.8,3.1,954.2
2026-02-16T12:00,2026-02-16T20:00,8,5.63,70,2.14,4.9,2.7,954.0
2026-02-16T12:00,2026-02-16T21:00,9,4.91,68,1.78,3.5,2.5,954.2
2026-02-16T12:00,2026-02-16T22:00,10,4.19,67,1.51,3.0,2.6,954.6
2026-02-16T12:00,2026-02-16T23:00,11,4.7,61,1.61,2.7,2.8,955.3
2026-02-16T12:00,2026-02-17T00:00,12,4.34,61,1.57,2.6,2.3,956.1
2026-02-16T12:00,2026-02-17T01:00,13,3.76,65,1.22,2.2,2.6,956.9
2026-02-16T12:00,2026-02-17T02:00,14,4.58,58,1.84,3.0,2.8,958.2
2026-02-16T12:00,2026-02-17T03:00,15,3.87,84,1.55,3.4,2.7,959.1
2026-02-16T12:00,2026-02-17T04:00,16,3.14,81,1.36,2.5,3.5,959.3
2026-02-16T12:00,2026-02-17T05:00,17,3.7,67,1.86,3.3,4.3,959.9
2026-02-16T12:00,2026-02-17T06:00,18,4.75,60,2.63,4.6,4.4,960.1
2026-02-16T12:00,2026-02-17T07:00,19,5.23,65,2.73,5.4,5.2,960.4
2026-02-16T12:00,2026-02-17T08:00,20,4.27,61,2.77,5.6,6.1,960.0
2026-02-16T12:00,2026-02-17T09:00,21,4.73,60,3.02,5.6,6.3,960.0
2026-02-16T12:00,2026-02-17T10:00,22,4.9,58,3.4,6.5,7.4,960.0
2026-02-16T12:00,2026-02-17T11:00,23,5.46,57,3.69,7.0,7.6,960.1
2026-02-16T12:00,2026-02-17T12:00,24,6.69,61,3.27,6.5,5.7,959.9
2026-02-16T12:00,2026-02-17T13:00,25,6.85,66,2.96,5.6,4.3,960.0
2026-02-16T12:00,2026-02-17T14:00,26,7.48,60,3.22,5.4,3.8,960.1
2026-02-16T12:00,2026-02-17T15:00,27,8.07,59,3.65,6.2,3.6,960.4
2026-02-16T12:00,2026-02-17T16:00,28,8.01,63,3.7,6.4,3.0,960.6
2026-02-16T12:00,2026-02-17T17:00,29,7.32,65,3.27,6.2,2.1,960.1
2026-02-16T12:00,2026-02-17T18:00,30,7.38,64,3.37,5.5,1.2,959.4
2026-02-16T12:00,2026-02-17T19:00,31,8.26,65,4.16,6.7,0.9,959.3
2026-02-16T12:00,2026-02-17T20:00,32,8.04,69,4.07,6.9,0.7,959.2
2026-02-16T12:00,2026-02-17T21:00,33,7.5,67,3.67,6.6,0.4,958.7
2026-02-16T12:00,2026-02-17T22:00,34,7.86,74,4.05,6.6,0.8,958.3
2026-02-16T12:00,2026-02-17T23:00,35,7.19,75,3.7,6.7,0.7,957.9
2026-02-16T12:00,2026-02-18T00:00,36,8.28,76,4.4,7.2,1.0,958.1
2026-02-16T12:00,2026-02-18T01:00,37,8.03,78,4.36,7.2,1.1,957.8
2026-02-16T12:00,2026-02-18T02:00,38,8.49,75,4.58,7.5,1.0,957.6
2026-02-16T12:00,2026-02-18T03:00,39,8.55,68,5.2,8.9,2.8,958.3
2026-02-16T12:00,2026-02-18T04:00,40,8.49,76,4.77,9.6,5.7,958.2
2026-02-16T12:00,2026-02-18T05:00,41,8.63,65,5.97,10.9,9.1,957.9
2026-02-16T12:00,2026-02-18T06:00,42,9.99,66,7.27,13.4,11.0,957.5
2026-02-16T12:00,2026-02-18T07:00,43,9.81,70,7.28,13.7,12.5,956.7
2026-02-16T12:00,2026-02-18T08:00,44,9.66,69,7.16,13.5,13.5,955.7
2026-02-16T12:00,2026-02-18T09:00,45,9.73,65,7.18,13.3,13.6,955.0
2026-02-16T12:00,2026-02-18T10:00,46,10.0,65,7.09,13.4,13.1,954.6
2026-02-16T12:00,2026-02-18T11:00,47,9.34,69,5.81,12.4,11.9,954.0
2026-02-16T12:00,2026-02-18T12:00,48,8.04,69,4.18,9.8,9.0,953.2
2026-02-16T12:00,2026-02-18T13:00,49,7.15,78,3.44,6.9,5.3,952.8
2026-02-16T12:00,2026-02-18T14:00,50,6.85,80,3.46,5.7,3.4,951.9
2026-02-16T12:00,2026-02-18T15:00,51,7.61,78,3.73,6.2,3.4,951.3
2026-02-16T12:00,2026-02-18T16:00,52,7.86,75,3.81,6.2,3.4,951.3
2026-02-16T12:00,2026-02-18T17:00,53,7.14,79,3.23,6.2,2.7,950.9
2026-02-16T12:00,2026-02-18T18:00,54,6.25,83,2.98,5.3,2.0,950.3
2026-02-16T12:00,2026-02-18T19:00,55,5.76,87,2.97,5.2,1.2,949.6
2026-02-16T12:00,2026-02-18T20:00,56,5.78,81,2.82,5.2,0.7,949.2
2026-02-16T12:00,2026-02-18T21:00,57,5.78,84,2.97,5.1,0.8,949.2
2026-02-16T12:00,2026-02-18T22:00,58,5.55,88,3.11,5.5,1.1,948.4
2026-02-16T12:00,2026-02-18T23:00,59,6.14,71,2.91,5.3,1.2,948.4
2026-02-16T12:00,2026-02-19T00:00,60,5.42,78,2.4,4.9,0.8,948.5
2026-02-16T12:00,2026-02-19T01:00,61,4.49,82,2.21,4.4,1.0,948.5
2026-02-16T12:00,2026-02-19T02:00,62,5.75,69,2.55,4.2,1.4,948.9
2026-02-16T12:00,2026-02-19T03:00,63,6.0,74,3.03,4.9,4.1,949.6
2026-02-16T12:00,2026-02-19T04:00,64,6.29,72,3.05,5.5,7.8,950.2
2026-02-16T12:00,2026-02-19T05:00,65,5.61,62,3.58,6.8,9.3,950.2
2026-02-16T12:00,2026-02-19T06:00,66,5.57,65,3.97,8.0,10.8,950.4
2026-02-16T12:00,2026-02-19T07:00,67,4.7,66,3.54,8.1,12.1,950.1
2026-02-16T12:00,2026-02-19T08:00,68,4.34,78,3.39,7.6,13.6,949.4
2026-02-16T12:00,2026-02-19T09:00,69,3.65,71,2.8,7.3,15.2,948.8
2026-02-16T12:00,2026-02-19T10:00,70,4.98,54,3.48,7.1,14.2,948.9
2026-02-16T12:00,2026-02-19T11:00,71,4.3,81,2.41,6.7,12.2,949.2
2026-02-16T18:00,2026-02-16T18:00,0,5.64,66,1.96,,3.2,954.4
2026-02-16T18:00,2026-02-16T19:00,1,6.33,73,2.52,4.2,3.5,954.5
2026-02-16T18:00,2026-02-16T20:00,2,5.81,70,2.23,4.2,2.9,954.6
2026-02-16T18:00,2026-02-16T21:00,3,5.37,65,2.0,3.8,2.8,954.8
2026-02-16T18:00,2026-02-16T22:00,4,4.82,67,1.75,3.4,3.1,955.1
2026-02-16T18:00,2026-02-16T23:00,5,5.28,64,1.97,3.3,3.4,955.8
2026-02-16T18:00,2026-02-17T00:00,6,5.1,62,2.02,3.5,3.5,956.6
2026-02-16T18:00,2026-02-17T01:00,7,5.22,60,2.12,3.7,3.1,957.5
2026-02-16T18:00,2026-02-17T02:00,8,3.49,71,1.17,3.5,2.8,958.4
2026-02-16T18:00,2026-02-17T03:00,9,3.66,58,1.31,2.1,3.0,959.5
2026-02-16T18:00,2026-02-17T04:00,10,4.13,73,1.87,3.5,3.5,960.0
2026-02-16T18:00,2026-02-17T05:00,11,4.09,65,2.34,4.2,3.9,960.5
2026-02-16T18:00,2026-02-17T06:00,12,4.05,74,2.11,5.0,5.1,960.7
2026-02-16T18:00,2026-02-17T07:00,13,4.51,69,2.74,5.3,5.7,960.4
2026-02-16T18:00,2026-02-17T08:00,14,4.19,61,3.16,6.4,6.8,960.2
2026-02-16T18:00,2026-02-17T09:00,15,4.19,54,3.23,6.6,8.1,960.3
2026-02-16T18:00,2026-02-17T10:00,16,4.56,58,3.5,7.1,8.5,960.1
2026-02-16T18:00,2026-02-17T11:00,17,5.15,58,3.65,7.0,8.1,960.2
2026-02-16T18:00,2026-02-17T12:00,18,6.42,65,3.22,6.4,6.0,959.9
2026-02-16T18:00,2026-02-17T13:00,19,6.71,65,2.97,5.6,4.4,959.9
2026-02-16T18:00,2026-02-17T14:00,20,7.29,62,3.11,5.3,4.0,960.0
2026-02-16T18:00,2026-02-17T15:00,21,7.91,60,3.55,6.0,3.6,960.3
2026-02-16T18:00,2026-02-17T16:00,22,7.96,63,3.67,6.4,3.1,960.3
2026-02-16T18:00,2026-02-17T17:00,23,7.32,65,3.32,6.2,2.1,959.9
2026-02-16T18:00,2026-02-17T18:00,24,7.16,72,3.41,5.6,1.3,959.3
2026-02-16T18:00,2026-02-17T19:00,25,7.25,69,3.7,5.9,0.5,958.6
2026-02-16T18:00,2026-02-17T20:00,26,7.73,71,4.0,6.5,0.7,958.9
2026-02-16T18:00,2026-02-17T21:00,27,6.75,76,3.41,6.5,1.1,958.5
2026-02-16T18:00,2026-02-17T22:00,28,6.71,78,3.41,5.5,1.2,958.2
2026-02-16T18:00,2026-02-17T23:00,29,7.03,84,3.85,6.3,1.3,957.8
2026-02-16T18:00,2026-02-18T00:00,30,7.34,79,3.96,6.4,1.1,957.7
2026-02-16T18:00,2026-02-18T01:00,31,7.88,79,4.25,7.1,1.2,957.3
2026-02-16T18:00,2026-02-18T02:00,32,8.53,74,4.67,7.6,1.2,957.4
2026-02-16T18:00,2026-02-18T03:00,33,8.11,77,4.73,7.8,2.7,957.4
2026-02-16T18:00,2026-02-18T04:00,34,8.52,71,4.78,8.2,5.9,957.6
2026-02-16T18:00,2026-02-18T05:00,35,9.51,66,6.62,11.7,9.5,957.6
2026-02-16T18:00,2026-02-18T06:00,36,10.03,70,7.31,13.4,11.7,957.2
2026-02-16T18:00,2026-02-18T07:00,37,10.03,70,7.44,13.8,12.9,956.6
2026-02-16T18:00,2026-02-18T08:00,38,9.09,71,6.78,13.7,13.8,955.4
2026-02-16T18:00,2026-02-18T09:00,39,9.55,64,7.0,12.9,13.9,954.7
2026-02-16T18:00,2026-02-18T10:00,40,10.06,62,7.04,13.5,12.9,954.6
2026-02-16T18:00,2026-02-18T11:00,41,8.83,69,5.5,12.4,11.9,954.0
2026-02-16T18:00,2026-02-18T12:00,42,8.05,68,4.18,9.3,9.2,952.9
2026-02-16T18:00,2026-02-18T13:00,43,7.73,73,3.71,7.0,6.2,952.7
2026-02-16T18:00,2026-02-18T14:00,44,6.74,78,3.1,6.0,3.8,952.0
2026-02-16T18:00,2026-02-18T15:00,45,6.66,80,3.22,5.3,3.2,951.8
2026-02-16T18:00,2026-02-18T16:00,46,6.38,85,3.22,5.5,2.5,951.0
2026-02-16T18:00,2026-02-18T17:00,47,6.77,77,3.18,5.5,2.3,951.0
2026-02-16T18:00,2026-02-18T18:00,48,6.03,81,2.72,5.6,2.4,950.2
2026-02-16T18:00,2026-02-18T19:00,49,6.59,78,3.17,5.2,2.1,950.0
2026-02-16T18:00,2026-02-18T20:00,50,5.35,82,2.58,5.3,1.1,949.2
2026-02-16T18:00,2026-02-18T21:00,51,5.66,79,2.71,4.9,0.9,948.9
2026-02-16T18:00,2026-02-18T22:00,52,5.73,78,2.74,4.7,0.9,948.7
2026-02-16T18:00,2026-02-18T23:00,53,4.86,78,2.29,5.0,1.3,948.5
2026-02-16T18:00,2026-02-19T00:00,54,5.02,77,2.26,4.3,1.1,948.7
2026-02-16T18:00,2026-02-19T01:00,55,5.22,73,2.28,4.1,1.2,948.9
2026-02-16T18:00,2026-02-19T02:00,56,5.77,68,2.36,4.1,2.0,949.1
2026-02-16T18:00,2026-02-19T03:00,57,6.34,73,3.16,5.0,4.5,949.8
2026-02-16T18:00,2026-02-19T04:00,58,7.54,70,4.13,6.9,7.5,950.3
2026-02-16T18:00,2026-02-19T05:00,59,6.55,62,3.91,7.3,9.4,950.2
2026-02-16T18:00,2026-02-19T06:00,60,5.84,64,4.09,8.3,10.7,950.5
2026-02-16T18:00,2026-02-19T07:00,61,4.99,62,3.65,8.2,12.2,950.4
2026-02-16T18:00,2026-02-19T08:00,62,4.13,73,3.15,7.7,13.9,949.8
2026-02-16T18:00,2026-02-19T09:00,63,3.32,78,2.67,7.0,15.3,949.4
2026-02-16T18:00,2026-02-19T10:00,64,4.09,65,3.02,6.1,15.0,949.3
2026-02-16T18:00,2026-02-19T11:00,65,4.63,72,2.82,6.1,12.8,949.2
2026-02-16T18:00,2026-02-19T12:00,66,3.58,102,1.61,4.8,9.0,948.7
2026-02-16T18:00,2026-02-19T13:00,67,2.6,128,1.56,2.1,8.0,948.7
2026-02-16T18:00,2026-02-19T14:00,68,1.31,198,0.45,2.1,9.6,949.3
2026-02-16T18:00,2026-02-19T15:00,69,3.05,240,1.1,1.7,8.8,949.6
2026-02-16T18:00,2026-02-19T16:00,70,2.82,243,1.86,2.5,7.3,950.1
2026-02-16T18:00,2026-02-19T17:00,71,4.25,243,2.55,4.4,8.8,951.1
2026-02-17T00:00,2026-02-17T00:00,0,6.64,64,2.97,,3.4,956.7
2026-02-17T00:00,2026-02-17T01:00,1,5.68,76,2.32,5.2,3.2,957.2
2026-02-17T00:00,2026-02-17T02:00,2,4.57,60,1.84,3.8,2.8,958.3
2026-02-17T00:00,2026-02-17T03:00,3,5.4,67,2.98,4.8,3.1,959.5
2026-02-17T00:00,2026-02-17T04:00,4,4.58,84,2.66,5.0,4.0,959.8
2026-02-17T00:00,2026-02-17T05:00,5,5.03,65,2.63,5.1,5.6,960.5
2026-02-17T00:00,2026-02-17T06:00,6,5.68,63,3.12,6.1,5.7,960.7
2026-02-17T00:00,2026-02-17T07:00,7,4.51,59,3.2,6.2,6.0,960.7
2026-02-17T00:00,2026-02-17T08:00,8,4.13,58,3.07,6.4,6.4,960.4
2026-02-17T00:00,2026-02-17T09:00,9,4.44,56,3.35,6.7,7.3,960.3
2026-02-17T00:00,2026-02-17T10:00,10,4.62,54,3.55,7.1,8.3,960.2
2026-02-17T00:00,2026-02-17T11:00,11,5.57,59,3.75,7.4,7.8,960.0
2026-02-17T00:00,2026-02-17T12:00,12,6.32,67,3.0,6.7,6.1,959.7
2026-02-17T00:00,2026-02-17T13:00,13,6.96,62,3.04,5.2,4.7,960.0
2026-02-17T00:00,2026-02-17T14:00,14,7.09,62,3.01,5.2,3.9,960.0
2026-02-17T00:00,2026-02-17T15:00,15,7.87,59,3.48,5.8,3.6,960.2
2026-02-17T00:00,2026-02-17T16:00,16,7.76,64,3.49,6.1,2.8,960.2
2026-02-17T00:00,2026-02-17T17:00,17,7.5,66,3.46,5.8,1.8,959.7
2026-02-17T00:00,2026-02-17T18:00,18,7.52,69,3.61,5.9,1.2,959.3
2026-02-17T00:00,2026-02-17T19:00,19,8.1,64,4.05,6.5,0.8,958.9
2026-02-17T00:00,2026-02-17T20:00,20,8.34,69,4.33,7.0,0.7,958.5
2026-02-17T00:00,2026-02-17T21:00,21,8.06,72,4.13,7.0,1.2,958.1
2026-02-17T00:00,2026-02-17T22:00,22,7.64,72,3.89,6.8,1.3,957.6
2026-02-17T00:00,2026-02-17T23:00,23,8.29,72,4.38,7.2,1.2,958.0
2026-02-17T00:00,2026-02-18T00:00,24,7.1,91,3.8,7.2,1.6,957.7
2026-02-17T00:00,2026-02-18T01:00,25,6.55,90,3.48,6.2,1.7,957.3
2026-02-17T00:00,2026-02-18T02:00,26,7.34,75,4.01,6.4,1.6,957.5
2026-02-17T00:00,2026-02-18T03:00,27,8.06,83,5.0,8.4,3.1,957.9
2026-02-17T00:00,2026-02-18T04:00,28,8.1,70,4.9,8.8,5.5,957.9
2026-02-17T00:00,2026-02-18T05:00,29,8.54,63,5.89,10.7,8.8,957.3
2026-02-17T00:00,2026-02-18T06:00,30,10.04,64,7.23,13.3,11.1,957.2
2026-02-17T00:00,2026-02-18T07:00,31,9.74,68,7.2,13.4,12.9,956.5
2026-02-17T00:00,2026-02-18T08:00,32,9.23,72,6.88,13.4,14.0,955.2
2026-02-17T00:00,2026-02-18T09:00,33,9.48,69,6.99,12.9,14.1,954.7
2026-02-17T00:00,2026-02-18T10:00,34,9.44,66,6.71,12.9,13.3,954.2
2026-02-17T00:00,2026-02-18T11:00,35,9.16,60,5.67,11.9,11.8,953.8
2026-02-17T00:00,2026-02-18T12:00,36,8.49,69,4.44,9.7,9.0,953.3
2026-02-17T00:00,2026-02-18T13:00,37,6.13,81,2.8,7.3,5.6,952.5
2026-02-17T00:00,2026-02-18T14:00,38,6.44,71,2.95,4.9,3.9,952.0
2026-02-17T00:00,2026-02-18T15:00,39,6.62,82,3.18,5.4,3.3,952.1
2026-02-17T00:00,2026-02-18T16:00,40,5.39,77,2.48,5.4,2.4,951.2
2026-02-17T00:00,2026-02-18T17:00,41,6.63,85,3.2,5.5,2.7,951.2
2026-02-17T00:00,2026-02-18T18:00,42,5.52,76,2.47,5.5,1.9,950.0
2026-02-17T00:00,2026-02-18T19:00,43,6.78,75,3.0,5.0,2.4,950.3
2026-02-17T00:00,2026-02-18T20:00,44,5.3,89,2.65,5.0,1.6,949.2
2026-02-17T00:00,2026-02-18T21:00,45,6.16,69,2.69,4.6,1.5,948.9
2026-02-17T00:00,2026-02-18T22:00,46,5.21,81,2.4,5.1,1.2,948.2
2026-02-17T00:00,2026-02-18T23:00,47,6.28,70,2.79,4.6,1.8,948.5
2026-02-17T00:00,2026-02-19T00:00,48,5.45,75,2.3,4.8,1.8,948.3
2026-02-17T00:00,2026-02-19T01:00,49,5.94,68,2.37,4.0,2.1,948.7
2026-02-17T00:00,2026-02-19T02:00,50,5.63,68,2.09,4.0,2.4,948.8
2026-02-17T00:00,2026-02-19T03:00,51,5.88,68,2.75,4.2,4.6,949.9
2026-02-17T00:00,2026-02-19T04:00,52,6.86,76,3.57,6.2,7.5,950.3
2026-02-17T00:00,2026-02-19T05:00,53,5.4,68,3.68,7.0,10.0,950.3
2026-02-17T00:00,2026-02-19T06:00,54,5.95,58,4.34,8.6,10.8,950.1
2026-02-17T00:00,2026-02-19T07:00,55,5.56,60,4.2,8.9,12.1,950.1
2026-02-17T00:00,2026-02-19T08:00,56,4.52,67,3.44,8.6,13.4,949.7
2026-02-17T00:00,2026-02-19T09:00,57,3.9,80,3.03,7.4,14.4,949.3
2026-02-17T00:00,2026-02-19T10:00,58,3.78,70,2.86,6.5,14.8,948.9
2026-02-17T00:00,2026-02-19T11:00,59,4.66,78,2.89,5.8,13.0,948.7
2026-02-17T00:00,2026-02-19T12:00,60,3.88,83,1.77,4.9,9.1,948.1
2026-02-17T00:00,2026-02-19T13:00,61,3.97,104,1.95,2.5,7.7,948.3
2026-02-17T00:00,2026-02-19T14:00,62,1.76,145,1.08,2.5,8.9,948.8
2026-02-17T00:00,2026-02-19T15:00,63,1.8,224,0.36,1.4,9.7,949.3
2026-02-17T00:00,2026-02-19T16:00,64,2.56,239,1.35,1.7,7.0,949.9
2026-02-17T00:00,2026-02-19T17:00,65,4.43,242,2.74,4.7,8.4,950.6
2026-02-17T00:00,2026-02-19T18:00,66,6.19,258,2.9,5.3,8.5,951.5
2026-02-17T00:00,2026-02-19T19:00,67,7.01,258,3.25,5.2,7.6,952.4
2026-02-17T00:00,2026-02-19T20:00,68,8.09,244,4.26,6.9,7.4,953.5
2026-02-17T00:00,2026-02-19T21:00,69,8.72,242,4.65,7.6,7.3,954.0
2026-02-17T00:00,2026-02-19T22:00,70,8.28,246,4.42,7.7,7.6,954.4
2026-02-17T00:00,2026-02-19T23:00,71,8.08,245,4.5,7.3,7.1,955.3
2026-02-17T06:00,2026-02-17T06:00,0,5.57,62,3.02,,5.5,960.9
2026-02-17T06:00,2026-02-17T07:00,1,4.99,61,3.36,6.5,6.0,960.9
2026-02-17T06:00,2026-02-17T08:00,2,5.06,57,3.75,7.4,7.3,960.7
2026-02-17T06:00,2026-02-17T09:00,3,5.04,53,3.87,8.0,9.2,960.6
2026-02-17T06:00,2026-02-17T10:00,4,5.14,53,3.93,8.0,9.6,960.3
2026-02-17T06:00,2026-02-17T11:00,5,5.97,51,4.03,7.9,8.8,960.2
2026-02-17T06:00,2026-02-17T12:00,6,7.5,61,3.77,7.0,6.7,959.9
2026-02-17T06:00,2026-02-17T13:00,7,7.32,61,3.22,6.5,4.9,959.8
2026-02-17T06:00,2026-02-17T14:00,8,7.36,59,3.12,5.5,4.0,960.0
2026-02-17T06:00,2026-02-17T15:00,9,7.79,61,3.42,5.8,3.4,960.0
2026-02-17T06:00,2026-02-17T16:00,10,8.01,64,3.73,6.2,2.5,960.0
2026-02-17T06:00,2026-02-17T17:00,11,7.5,66,3.5,6.2,1.6,960.0
2026-02-17T06:00,2026-02-17T18:00,12,7.25,66,3.45,5.8,0.8,959.6
2026-02-17T06:00,2026-02-17T19:00,13,7.47,68,3.65,5.9,0.7,959.1
2026-02-17T06:00,2026-02-17T20:00,14,7.42,73,3.8,6.3,1.0,958.8
2026-02-17T06:00,2026-02-17T21:00,15,7.17,74,3.71,6.2,1.1,958.6
2026-02-17T06:00,2026-02-17T22:00,16,7.31,73,3.77,6.1,1.0,958.1
2026-02-17T06:00,2026-02-17T23:00,17,7.36,75,3.92,6.3,1.3,958.2
2026-02-17T06:00,2026-02-18T00:00,18,7.44,84,4.02,6.6,1.6,958.3
2026-02-17T06:00,2026-02-18T01:00,19,6.45,88,3.42,6.5,1.6,957.6
2026-02-17T06:00,2026-02-18T02:00,20,7.69,76,4.12,6.7,1.1,957.6
2026-02-17T06:00,2026-02-18T03:00,21,7.75,77,4.62,7.5,2.5,957.8
2026-02-17T06:00,2026-02-18T04:00,22,8.52,73,4.9,8.6,5.3,957.9
2026-02-17T06:00,2026-02-18T05:00,23,9.11,61,6.38,11.5,8.6,957.3
2026-02-17T06:00,2026-02-18T06:00,24,11.41,59,8.11,14.7,10.4,957.3
2026-02-17T06:00,2026-02-18T07:00,25,10.11,70,7.39,14.9,12.4,956.4
2026-02-17T06:00,2026-02-18T08:00,26,10.09,69,7.46,13.8,13.7,955.1
2026-02-17T06:00,2026-02-18T09:00,27,9.96,71,7.27,13.8,13.9,954.8
2026-02-17T06:00,2026-02-18T10:00,28,9.26,69,6.55,13.3,13.6,954.3
2026-02-17T06:00,2026-02-18T11:00,29,10.09,59,6.27,11.6,11.9,953.5
2026-02-17T06:00,2026-02-18T12:00,30,10.08,67,5.57,10.9,9.1,953.1
2026-02-17T06:00,2026-02-18T13:00,31,7.48,85,3.72,9.2,6.1,952.3
2026-02-17T06:00,2026-02-18T14:00,32,7.34,73,3.49,6.0,3.9,951.9
2026-02-17T06:00,2026-02-18T15:00,33,6.4,89,3.13,6.0,3.0,951.4
2026-02-17T06:00,2026-02-18T16:00,34,6.55,76,3.01,5.3,2.5,951.3
2026-02-17T06:00,2026-02-18T17:00,35,6.12,99,3.38,5.8,2.3,950.5
2026-02-17T06:00,2026-02-18T18:00,36,6.16,69,2.73,5.8,2.0,950.3
2026-02-17T06:00,2026-02-18T19:00,37,6.21,87,2.91,5.4,1.9,949.7
2026-02-17T06:00,2026-02-18T20:00,38,5.51,76,2.6,4.9,1.1,949.2
2026-02-17T06:00,2026-02-18T21:00,39,5.37,81,2.65,4.8,1.3,949.2
2026-02-17T06:00,2026-02-18T22:00,40,4.92,80,2.53,4.7,0.5,948.5
2026-02-17T06:00,2026-02-18T23:00,41,4.91,81,2.59,4.8,0.3,948.2
2026-02-17T06:00,2026-02-19T00:00,42,5.4,77,2.51,4.7,1.1,948.3
2026-02-17T06:00,2026-02-19T01:00,43,5.71,70,2.47,4.5,1.6,948.4
2026-02-17T06:00,2026-02-19T02:00,44,5.84,70,2.34,4.2,2.2,948.9
2026-02-17T06:00,2026-02-19T03:00,45,5.7,75,2.91,4.5,3.9,949.8
2026-02-17T06:00,2026-02-19T04:00,46,6.24,78,3.21,5.6,7.2,950.2
2026-02-17T06:00,2026-02-19T05:00,47,5.34,68,3.78,7.1,9.7,950.2
2026-02-17T06:00,2026-02-19T06:00,48,5.82,61,4.26,8.5,10.8,950.4
2026-02-17T06:00,2026-02-19T07:00,49,4.79,64,3.61,8.5,11.8,950.4
2026-02-17T06:00,2026-02-19T08:00,50,4.44,67,3.4,7.7,13.2,949.8
2026-02-17T06:00,2026-02-19T09:00,51,4.49,78,3.41,7.7,14.2,949.5
2026-02-17T06:00,2026-02-19T10:00,52,3.8,74,2.8,7.1,14.5,949.3
2026-02-17T06:00,2026-02-19T11:00,53,4.15,88,2.51,5.7,13.0,949.1
2026-02-17T06:00,2026-02-19T12:00,54,3.26,86,1.65,4.2,9.2,948.3
2026-02-17T06:00,2026-02-19T13:00,55,3.47,97,1.66,2.4,7.8,948.8
2026-02-17T06:00,2026-02-19T14:00,56,2.19,204,0.61,2.0,9.1,949.4
2026-02-17T06:00,2026-02-19T15:00,57,2.58,248,0.83,1.4,8.1,949.9
2026-02-17T06:00,2026-02-19T16:00,58,3.44,244,2.2,3.8,8.6,950.8
2026-02-17T06:00,2026-02-19T17:00,59,4.98,251,2.64,4.7,8.4,951.5
2026-02-17T06:00,2026-02-19T18:00,60,5.61,262,2.38,4.6,7.8,952.2
2026-02-17T06:00,2026-02-19T19:00,61,7.06,247,3.45,5.5,7.6,953.1
2026-02-17T06:00,2026-02-19T20:00,62,7.77,238,4.26,6.9,7.3,953.6
2026-02-17T06:00,2026-02-19T21:00,63,7.53,240,4.01,7.0,7.4,953.9
2026-02-17T06:00,2026-02-19T22:00,64,7.31,244,3.73,6.5,7.4,954.4
2026-02-17T06:00,2026-02-19T23:00,65,7.38,239,4.01,6.6,7.1,955.2
2026-02-17T06:00,2026-02-20T00:00,66,7.15,234,4.05,6.7,6.6,955.8
2026-02-17T06:00,2026-02-20T01:00,67,7.18,228,4.18,7.0,6.3,956.4
2026-02-17T06:00,2026-02-20T02:00,68,6.82,231,3.82,6.8,6.3,957.0
2026-02-17T06:00,2026-02-20T03:00,69,6.54,225,4.08,6.6,8.3,958.2
2026-02-17T06:00,2026-02-20T04:00,70,5.15,220,3.79,7.2,10.6,958.8
2026-02-17T06:00,2026-02-20T05:00,71,3.57,233,2.78,7.0,12.0,958.5
2026-02-17T12:00,2026-02-17T12:00,0,7.09,62,3.6,,7.1,960.0
2026-02-17T12:00,2026-02-17T13:00,1,7.47,65,3.54,6.3,5.9,960.5
2026-02-17T12:00,2026-02-17T14:00,2,7.76,62,3.59,6.1,4.9,960.7
2026-02-17T12:00,2026-02-17T15:00,3,7.9,61,3.63,6.2,4.2,960.8
2026-02-17T12:00,2026-02-17T16:00,4,7.96,65,3.79,6.3,3.1,960.6
2026-02-17T12:00,2026-02-17T17:00,5,7.9,65,3.87,6.4,1.9,960.2
2026-02-17T12:00,2026-02-17T18:00,6,7.6,68,3.7,6.3,1.3,959.7
2026-02-17T12:00,2026-02-17T19:00,7,7.25,69,3.45,6.0,1.0,959.1
2026-02-17T12:00,2026-02-17T20:00,8,7.54,70,3.81,6.1,0.9,958.3
2026-02-17T12:00,2026-02-17T21:00,9,7.78,71,4.03,6.5,1.0,958.1
2026-02-17T12:00,2026-02-17T22:00,10,7.7,73,4.1,6.8,1.2,957.7
2026-02-17T12:00,2026-02-17T23:00,11,7.6,77,4.16,6.9,1.4,958.0
2026-02-17T12:00,2026-02-18T00:00,12,7.05,97,3.88,6.8,1.7,957.8
2026-02-17T12:00,2026-02-18T01:00,13,5.87,99,3.11,6.4,1.6,957.1
2026-02-17T12:00,2026-02-18T02:00,14,7.62,78,4.17,6.9,1.5,957.7
2026-02-17T12:00,2026-02-18T03:00,15,7.9,81,4.93,8.2,2.8,958.3
2026-02-17T12:00,2026-02-18T04:00,16,6.92,82,4.48,8.4,5.0,957.5
2026-02-17T12:00,2026-02-18T05:00,17,8.79,59,6.17,11.2,8.5,957.1
2026-02-17T12:00,2026-02-18T06:00,18,11.17,66,7.96,14.6,10.7,956.8
2026-02-17T12:00,2026-02-18T07:00,19,11.01,66,8.03,14.8,12.4,955.9
2026-02-17T12:00,2026-02-18T08:00,20,10.33,70,7.6,14.9,13.7,954.9
2026-02-17T12:00,2026-02-18T09:00,21,9.7,70,7.12,13.9,14.1,954.6
2026-02-17T12:00,2026-02-18T10:00,22,9.02,70,6.45,13.1,13.6,954.0
2026-02-17T12:00,2026-02-18T11:00,23,9.99,58,6.3,11.4,12.1,953.7
2026-02-17T12:00,2026-02-18T12:00,24,8.66,75,4.62,10.8,9.1,952.7
2026-02-17T12:00,2026-02-18T13:00,25,7.08,72,3.35,7.5,6.0,951.9
2026-02-17T12:00,2026-02-18T14:00,26,7.45,78,3.64,6.0,4.1,952.0
2026-02-17T12:00,2026-02-18T15:00,27,6.56,87,3.36,6.0,3.1,951.1
2026-02-17T12:00,2026-02-18T16:00,28,7.01,78,3.32,5.6,3.1,950.8
2026-02-17T12:00,2026-02-18T17:00,29,6.05,89,3.09,5.5,2.7,950.2
2026-02-17T12:00,2026-02-18T18:00,30,5.74,77,2.6,5.2,2.2,949.7
2026-02-17T12:00,2026-02-18T19:00,31,5.74,83,2.71,4.7,2.0,949.5
2026-02-17T12:00,2026-02-18T20:00,32,5.52,81,2.69,4.7,1.3,949.1
2026-02-17T12:00,2026-02-18T21:00,33,5.08,80,2.54,4.8,0.7,948.6
2026-02-17T12:00,2026-02-18T22:00,34,5.16,86,2.82,5.0,0.7,948.4
2026-02-17T12:00,2026-02-18T23:00,35,5.38,80,2.87,5.1,1.4,948.3
2026-02-17T12:00,2026-02-19T00:00,36,5.22,78,2.61,5.0,1.0,948.2
2026-02-17T12:00,2026-02-19T01:00,37,4.82,71,2.02,4.6,1.1,948.5
2026-02-17T12:00,2026-02-19T02:00,38,5.0,78,2.13,3.9,1.8,949.2
2026-02-17T12:00,2026-02-19T03:00,39,5.17,81,2.59,4.2,4.2,949.9
2026-02-17T12:00,2026-02-19T04:00,40,6.29,76,3.16,5.6,8.0,950.7
2026-02-17T12:00,2026-02-19T05:00,41,5.23,75,3.38,6.5,9.8,950.7
2026-02-17T12:00,2026-02-19T06:00,42,5.17,63,3.79,7.9,11.2,950.9
2026-02-17T12:00,2026-02-19T07:00,43,4.71,68,3.6,8.1,12.5,950.7
2026-02-17T12:00,2026-02-19T08:00,44,4.44,71,3.43,7.8,13.9,950.0
2026-02-17T12:00,2026-02-19T09:00,45,3.75,77,2.88,7.5,14.9,950.0
2026-02-17T12:00,2026-02-19T10:00,46,3.68,78,2.78,6.3,14.9,949.9
2026-02-17T12:00,2026-02-19T11:00,47,4.16,86,2.58,5.7,13.6,949.7
2026-02-17T12:00,2026-02-19T12:00,48,4.09,98,2.0,4.4,9.9,948.9
2026-02-17T12:00,2026-02-19T13:00,49,3.01,111,1.5,3.1,8.5,948.8
2026-02-17T12:00,2026-02-19T14:00,50,1.74,221,0.25,1.9,9.6,949.6
2026-02-17T12:00,2026-02-19T15:00,51,0.71,219,0.25,0.7,9.1,950.1
2026-02-17T12:00,2026-02-19T16:00,52,2.83,234,1.66,2.1,8.4,950.4
2026-02-17T12:00,2026-02-19T17:00,53,5.24,241,3.06,5.1,9.1,951.1
2026-02-17T12:00,2026-02-19T18:00,54,4.79,252,2.27,5.2,8.2,951.4
2026-02-17T12:00,2026-02-19T19:00,55,4.45,255,2.17,3.5,7.0,951.9
2026-02-17T12:00,2026-02-19T20:00,56,5.6,251,2.51,3.9,7.0,952.5
2026-02-17T12:00,2026-02-19T21:00,57,6.31,243,2.74,4.5,7.3,953.3
2026-02-17T12:00,2026-02-19T22:00,58,6.95,240,3.2,5.2,7.7,953.5
2026-02-17T12:00,2026-02-19T23:00,59,6.78,244,3.28,5.3,7.4,954.2
2026-02-17T12:00,2026-02-20T00:00,60,7.36,239,3.91,6.4,7.3,955.1
2026-02-17T12:00,2026-02-20T01:00,61,7.06,232,3.94,6.7,7.0,955.8
2026-02-17T12:00,2026-02-20T02:00,62,6.64,235,3.49,6.4,6.7,956.5
2026-02-17T12:00,2026-02-20T03:00,63,6.04,239,3.45,5.7,8.5,957.7
2026-02-17T12:00,2026-02-20T04:00,64,5.41,236,3.62,6.4,10.6,958.5
2026-02-17T12:00,2026-02-20T05:00,65,4.73,239,3.82,7.6,11.8,958.5
2026-02-17T12:00,2026-02-20T06:00,66,4.47,252,3.56,7.7,12.9,958.2
2026-02-17T12:00,2026-02-20T07:00,67,4.07,259,3.22,7.6,13.9,957.7
2026-02-17T12:00,2026-02-20T08:00,68,3.37,263,2.71,7.2,15.0,956.8
2026-02-17T12:00,2026-02-20T09:00,69,2.66,265,2.2,6.4,15.6,956.2
2026-02-17T12:00,2026-02-20T10:00,70,1.96,274,1.71,5.4,15.4,955.7
2026-02-17T12:00,2026-02-20T11:00,71,1.63,315,1.6,4.3,14.1,955.1
2026-02-17T18:00,2026-02-17T18:00,0,8.04,66,4.02,,1.6,959.8
2026-02-17T18:00,2026-02-17T19:00,1,7.51,68,3.8,6.7,1.3,959.2
2026-02-17T18:00,2026-02-17T20:00,2,7.02,73,3.51,6.1,1.1,958.5
2026-02-17T18:00,2026-02-17T21:00,3,7.39,74,3.85,6.2,1.5,958.4
2026-02-17T18:00,2026-02-17T22:00,4,7.42,73,3.91,6.4,1.7,958.1
2026-02-17T18:00,2026-02-17T23:00,5,7.74,81,4.2,7.0,1.9,958.5
2026-02-17T18:00,2026-02-18T00:00,6,6.41,98,3.46,6.9,2.0,957.8
2026-02-17T18:00,2026-02-18T01:00,7,7.06,88,3.9,6.3,1.9,957.9
2026-02-17T18:00,2026-02-18T02:00,8,7.89,78,4.47,7.4,1.8,957.9
2026-02-17T18:00,2026-02-18T03:00,9,7.89,84,4.92,8.6,2.9,958.0
2026-02-17T18:00,2026-02-18T04:00,10,8.19,72,5.02,9.1,5.2,957.6
2026-02-17T18:00,2026-02-18T05:00,11,9.08,62,6.32,11.5,8.7,957.2
2026-02-17T18:00,2026-02-18T06:00,12,10.51,65,7.56,13.9,10.6,957.2
2026-02-17T18:00,2026-02-18T07:00,13,10.22,68,7.54,13.9,12.6,956.3
2026-02-17T18:00,2026-02-18T08:00,14,9.74,71,7.24,13.9,13.9,955.1
2026-02-17T18:00,2026-02-18T09:00,15,9.6,70,7.06,13.4,14.1,954.7
2026-02-17T18:00,2026-02-18T10:00,16,8.92,67,6.37,12.9,13.6,954.1
2026-02-17T18:00,2026-02-18T11:00,17,9.62,59,6.05,11.4,12.1,953.8
2026-02-17T18:00,2026-02-18T12:00,18,8.64,69,4.55,10.3,9.2,953.4
2026-02-17T18:00,2026-02-18T13:00,19,7.1,78,3.41,7.5,6.0,952.3
2026-02-17T18:00,2026-02-18T14:00,20,7.51,75,3.65,5.9,4.2,951.6
2026-02-17T18:00,2026-02-18T15:00,21,7.31,76,3.41,6.0,3.8,951.6
2026-02-17T18:00,2026-02-18T16:00,22,6.78,84,3.16,5.7,3.4,951.1
2026-02-17T18:00,2026-02-18T17:00,23,6.3,83,3.09,5.3,3.1,950.6
2026-02-17T18:00,2026-02-18T18:00,24,5.92,85,2.85,5.2,2.5,949.8
2026-02-17T18:00,2026-02-18T19:00,25,6.17,79,2.92,4.8,2.5,949.8
2026-02-17T18:00,2026-02-18T20:00,26,5.1,82,2.4,5.0,1.8,949.3
2026-02-17T18:00,2026-02-18T21:00,27,5.12,86,2.69,4.8,2.0,949.1
2026-02-17T18:00,2026-02-18T22:00,28,4.97,85,2.72,4.7,2.3,948.8
2026-02-17T18:00,2026-02-18T23:00,29,5.16,81,2.73,4.9,2.5,948.6
2026-02-17T18:00,2026-02-19T00:00,30,4.95,88,2.63,4.7,2.8,949.0
2026-02-17T18:00,2026-02-19T01:00,31,4.27,76,1.96,4.5,1.0,948.7
2026-02-17T18:00,2026-02-19T02:00,32,4.68,76,2.02,3.8,1.4,949.1
2026-02-17T18:00,2026-02-19T03:00,33,5.28,75,2.58,4.2,4.5,950.1
2026-02-17T18:00,2026-02-19T04:00,34,6.83,71,3.61,5.9,8.1,951.2
2026-02-17T18:00,2026-02-19T05:00,35,4.92,77,3.29,6.7,10.2,951.4
2026-02-17T18:00,2026-02-19T06:00,36,4.62,68,3.47,7.4,11.7,951.3
2026-02-17T18:00,2026-02-19T07:00,37,4.44,67,3.42,7.6,13.3,950.9
2026-02-17T18:00,2026-02-19T08:00,38,4.37,70,3.36,7.5,14.3,950.3
2026-02-17T18:00,2026-02-19T09:00,39,3.75,71,2.89,7.4,15.2,950.2
2026-02-17T18:00,2026-02-19T10:00,40,3.79,72,2.84,6.4,15.0,950.3
2026-02-17T18:00,2026-02-19T11:00,41,4.21,86,2.61,5.8,13.7,950.1
2026-02-17T18:00,2026-02-19T12:00,42,3.25,92,1.66,4.4,9.9,949.3
2026-02-17T18:00,2026-02-19T13:00,43,3.39,112,1.77,2.4,8.8,949.4
2026-02-17T18:00,2026-02-19T14:00,44,2.12,165,0.81,2.3,9.8,949.6
2026-02-17T18:00,2026-02-19T15:00,45,1.46,232,0.14,1.1,10.1,950.2
2026-02-17T18:00,2026-02-19T16:00,46,1.97,240,0.78,1.2,8.2,950.7
2026-02-17T18:00,2026-02-19T17:00,47,5.06,240,3.0,4.8,8.5,951.2
2026-02-17T18:00,2026-02-19T18:00,48,6.63,253,3.23,5.9,8.8,951.8
2026-02-17T18:00,2026-02-19T19:00,49,5.64,243,2.61,5.3,8.3,952.5
2026-02-17T18:00,2026-02-19T20:00,50,4.87,253,2.28,4.3,6.8,952.4
2026-02-17T18:00,2026-02-19T21:00,51,6.04,242,2.69,4.1,7.1,952.8
2026-02-17T18:00,2026-02-19T22:00,52,6.88,247,2.87,4.8,7.5,953.3
2026-02-17T18:00,2026-02-19T23:00,53,6.82,245,3.23,5.3,7.2,954.2
2026-02-17T18:00,2026-02-20T00:00,54,7.06,232,3.98,6.5,7.1,955.0
2026-02-17T18:00,2026-02-20T01:00,55,6.92,235,3.69,6.6,6.9,955.9
2026-02-17T18:00,2026-02-20T02:00,56,6.62,235,3.42,6.1,6.7,956.7
2026-02-17T18:00,2026-02-20T03:00,57,6.13,235,3.49,5.7,8.5,957.7
2026-02-17T18:00,2026-02-20T04:00,58,5.06,232,3.22,5.9,10.8,958.4
2026-02-17T18:00,2026-02-20T05:00,59,4.01,241,3.13,6.6,12.2,958.4
2026-02-17T18:00,2026-02-20T06:00,60,3.48,263,2.77,6.7,13.3,958.1
2026-02-17T18:00,2026-02-20T07:00,61,3.16,275,2.57,6.5,14.2,957.6
2026-02-17T18:00,2026-02-20T08:00,62,2.9,281,2.38,6.4,15.0,956.7
2026-02-17T18:00,2026-02-20T09:00,63,2.33,279,1.96,6.0,15.4,956.2
2026-02-17T18:00,2026-02-20T10:00,64,1.79,288,1.54,5.2,15.3,955.6
2026-02-17T18:00,2026-02-20T11:00,65,1.66,344,1.6,4.3,14.2,955.2
2026-02-17T18:00,2026-02-20T12:00,66,3.74,38,1.89,3.4,10.5,954.4
2026-02-17T18:00,2026-02-20T13:00,67,6.54,61,2.6,4.3,8.9,953.9
2026-02-17T18:00,2026-02-20T14:00,68,7.19,60,2.8,4.8,8.5,953.5
2026-02-17T18:00,2026-02-20T15:00,69,7.29,61,2.91,4.9,7.8,953.2
2026-02-17T18:00,2026-02-20T16:00,70,6.98,65,3.05,5.0,6.6,952.6
2026-02-17T18:00,2026-02-20T17:00,71,7.07,68,3.33,5.4,5.0,951.8
2026-02-18T00:00,2026-02-18T00:00,0,6.65,91,3.68,,2.1,957.6
2026-02-18T00:00,2026-02-18T01:00,1,7.71,80,4.16,6.9,1.7,957.6
2026-02-18T00:00,2026-02-18T02:00,2,7.98,80,4.42,7.3,1.7,957.7
2026-02-18T00:00,2026-02-18T03:00,3,8.13,82,4.98,8.4,2.9,957.9
2026-02-18T00:00,2026-02-18T04:00,4,8.57,71,5.1,9.1,5.4,957.7
2026-02-18T00:00,2026-02-18T05:00,5,10.05,61,7.0,12.6,8.5,957.5
2026-02-18T00:00,2026-02-18T06:00,6,11.12,65,8.01,14.6,10.7,956.9
2026-02-18T00:00,2026-02-18T07:00,7,10.52,68,7.78,14.6,12.7,956.2
2026-02-18T00:00,2026-02-18T08:00,8,10.0,69,7.43,14.3,13.9,955.3
2026-02-18T00:00,2026-02-18T09:00,9,9.93,65,7.31,13.7,13.9,954.7
2026-02-18T00:00,2026-02-18T10:00,10,9.48,62,6.71,13.4,13.1,954.4
2026-02-18T00:00,2026-02-18T11:00,11,8.72,64,5.34,11.8,12.0,953.6
2026-02-18T00:00,2026-02-18T12:00,12,8.45,67,4.46,9.1,9.2,952.7
2026-02-18T00:00,2026-02-18T13:00,13,7.51,75,3.65,7.4,6.3,952.3
2026-02-18T00:00,2026-02-18T14:00,14,7.0,76,3.38,6.0,4.3,951.6
2026-02-18T00:00,2026-02-18T15:00,15,7.17,74,3.32,5.6,3.6,951.0
2026-02-18T00:00,2026-02-18T16:00,16,7.19,84,3.45,6.0,3.5,950.8
2026-02-18T00:00,2026-02-18T17:00,17,5.96,79,2.78,5.8,2.8,950.0
2026-02-18T00:00,2026-02-18T18:00,18,5.99,75,2.61,4.9,2.6,949.6
2026-02-18T00:00,2026-02-18T19:00,19,5.71,82,2.69,4.7,2.0,949.5
2026-02-18T00:00,2026-02-18T20:00,20,4.58,84,2.45,4.6,1.3,949.1
2026-02-18T00:00,2026-02-18T21:00,21,4.45,91,2.72,4.9,1.1,948.6
2026-02-18T00:00,2026-02-18T22:00,22,5.02,80,2.69,5.0,1.5,948.4
2026-02-18T00:00,2026-02-18T23:00,23,5.64,83,2.94,5.1,1.9,948.5
2026-02-18T00:00,2026-02-19T00:00,24,4.36,85,2.27,5.1,1.8,948.3
2026-02-18T00:00,2026-02-19T01:00,25,4.48,74,1.91,4.1,1.5,948.8
2026-02-18T00:00,2026-02-19T02:00,26,4.53,83,1.86,3.5,1.8,949.4
2026-02-18T00:00,2026-02-19T03:00,27,4.5,91,2.21,3.7,4.6,950.3
2026-02-18T00:00,2026-02-19T04:00,28,4.86,86,3.06,5.0,8.0,950.8
2026-02-18T00:00,2026-02-19T05:00,29,5.42,78,3.26,6.3,10.0,951.3
2026-02-18T00:00,2026-02-19T06:00,30,4.35,75,3.2,7.2,12.0,951.6
2026-02-18T00:00,2026-02-19T07:00,31,4.43,66,3.43,7.5,13.5,951.3
2026-02-18T00:00,2026-02-19T08:00,32,4.83,69,3.67,8.0,14.5,950.5
2026-02-18T00:00,2026-02-19T09:00,33,4.34,66,3.32,7.8,15.2,950.3
2026-02-18T00:00,2026-02-19T10:00,34,3.85,74,2.85,7.0,14.7,950.4
2026-02-18T00:00,2026-02-19T11:00,35,3.1,93,1.76,5.8,13.7,950.1
2026-02-18T00:00,2026-02-19T12:00,36,3.1,91,1.68,3.1,9.8,949.1
2026-02-18T00:00,2026-02-19T13:00,37,3.29,107,1.57,2.2,8.5,949.2
2026-02-18T00:00,2026-02-19T14:00,38,1.78,148,0.65,2.0,9.4,949.6
2026-02-18T00:00,2026-02-19T15:00,39,0.3,270,0.11,0.8,9.5,950.4
2026-02-18T00:00,2026-02-19T16:00,40,2.44,227,1.18,1.4,8.1,950.9
2026-02-18T00:00,2026-02-19T17:00,41,5.76,247,3.27,5.3,8.3,951.8
2026-02-18T00:00,2026-02-19T18:00,42,6.78,252,3.37,6.1,8.5,952.5
2026-02-18T00:00,2026-02-19T19:00,43,6.47,240,3.19,5.6,8.5,953.0
2026-02-18T00:00,2026-02-19T20:00,44,6.51,248,3.15,5.2,7.9,953.4
2026-02-18T00:00,2026-02-19T21:00,45,7.38,244,3.76,6.1,7.4,954.0
2026-02-18T00:00,2026-02-19T22:00,46,7.62,238,4.23,6.9,7.4,954.5
2026-02-18T00:00,2026-02-19T23:00,47,7.7,229,4.56,7.5,7.2,955.0
2026-02-18T00:00,2026-02-20T00:00,48,7.57,231,4.36,7.6,6.9,955.9
2026-02-18T00:00,2026-02-20T01:00,49,7.63,232,4.29,7.2,6.9,956.7
2026-02-18T00:00,2026-02-20T02:00,50,7.2,236,3.79,7.1,6.7,957.5
2026-02-18T00:00,2026-02-20T03:00,51,6.87,243,3.89,6.2,8.0,958.8
2026-02-18T00:00,2026-02-20T04:00,52,5.5,230,3.82,7.1,9.6,959.5
2026-02-18T00:00,2026-02-20T05:00,53,4.67,228,3.64,7.3,11.1,959.2
2026-02-18T00:00,2026-02-20T06:00,54,3.75,251,2.99,7.3,12.7,958.9
2026-02-18T00:00,2026-02-20T07:00,55,3.26,285,2.67,6.7,13.5,958.4
2026-02-18T00:00,2026-02-20T08:00,56,2.74,291,2.3,6.6,13.9,957.5
2026-02-18T00:00,2026-02-20T09:00,57,2.02,300,1.79,6.0,14.1,956.9
2026-02-18T00:00,2026-02-20T10:00,58,1.21,322,1.15,5.1,13.9,956.1
2026-02-18T00:00,2026-02-20T11:00,59,1.57,27,1.38,3.8,13.1,955.6
2026-02-18T00:00,2026-02-20T12:00,60,5.88,49,2.87,4.7,10.1,954.9
2026-02-18T00:00,2026-02-20T13:00,61,7.8,63,3.38,5.7,8.7,954.5
2026-02-18T00:00,2026-02-20T14:00,62,7.89,64,3.52,6.0,8.3,954.1
2026-02-18T00:00,2026-02-20T15:00,63,8.12,64,3.8,6.3,7.4,953.7
2026-02-18T00:00,2026-02-20T16:00,64,8.22,69,4.16,6.8,5.9,953.1
2026-02-18T00:00,2026-02-20T17:00,65,7.6,75,3.95,6.9,5.3,952.9
2026-02-18T00:00,2026-02-20T18:00,66,6.93,81,3.65,6.5,5.5,952.7
2026-02-18T00:00,2026-02-20T19:00,67,6.72,82,3.55,6.0,5.5,952.2
2026-02-18T00:00,2026-02-20T20:00,68,6.39,78,3.22,5.9,5.0,952.0
2026-02-18T00:00,2026-02-20T21:00,69,6.06,72,2.8,5.3,4.5,951.7
2026-02-18T00:00,2026-02-20T22:00,70,6.1,70,3.03,5.0,4.4,951.3
2026-02-18T00:00,2026-02-20T23:00,71,5.46,66,2.56,5.0,4.4,950.6
2026-02-18T06:00,2026-02-18T06:00,0,11.33,67,8.27,,11.0,956.9
2026-02-18T06:00,2026-02-18T07:00,1,10.82,71,7.98,14.9,12.8,956.2
2026-02-18T06:00,2026-02-18T08:00,2,10.3,73,7.61,14.7,13.9,955.5
2026-02-18T06:00,2026-02-18T09:00,3,9.95,70,7.35,14.0,14.0,954.8
2026-02-18T06:00,2026-02-18T10:00,4,9.66,63,6.79,13.5,13.2,954.4
2026-02-18T06:00,2026-02-18T11:00,5,9.69,62,5.94,12.0,11.7,953.8
2026-02-18T06:00,2026-02-18T12:00,6,8.54,72,4.59,10.2,9.3,953.0
2026-02-18T06:00,2026-02-18T13:00,7,7.16,75,3.4,7.5,6.4,952.3
2026-02-18T06:00,2026-02-18T14:00,8,6.61,82,3.21,5.5,4.2,951.7
2026-02-18T06:00,2026-02-18T15:00,9,6.68,73,3.17,5.4,3.4,951.2
2026-02-18T06:00,2026-02-18T16:00,10,6.76,82,3.2,5.7,3.5,950.7
2026-02-18T06:00,2026-02-18T17:00,11,6.28,79,2.99,5.3,2.9,950.4
2026-02-18T06:00,2026-02-18T18:00,12,5.96,79,2.74,5.0,2.8,949.8
2026-02-18T06:00,2026-02-18T19:00,13,5.52,81,2.59,4.6,2.0,949.1
2026-02-18T06:00,2026-02-18T20:00,14,4.95,82,2.36,4.5,1.3,949.0
2026-02-18T06:00,2026-02-18T21:00,15,4.67,84,2.51,4.6,0.4,948.7
2026-02-18T06:00,2026-02-18T22:00,16,4.82,85,2.67,4.8,1.1,948.4
2026-02-18T06:00,2026-02-18T23:00,17,5.39,79,2.73,4.9,2.0,948.3
2026-02-18T06:00,2026-02-19T00:00,18,5.25,79,2.58,4.7,1.9,948.7
2026-02-18T06:00,2026-02-19T01:00,19,4.74,72,1.9,4.5,1.7,949.0
2026-02-18T06:00,2026-02-19T02:00,20,4.74,83,2.01,3.6,1.5,949.2
2026-02-18T06:00,2026-02-19T03:00,21,4.5,93,2.26,3.9,4.0,950.0
2026-02-18T06:00,2026-02-19T04:00,22,4.89,79,2.91,5.1,8.1,950.7
2026-02-18T06:00,2026-02-19T05:00,23,5.48,80,3.45,6.7,9.9,951.3
2026-02-18T06:00,2026-02-19T06:00,24,4.65,73,3.42,7.3,11.8,951.4
2026-02-18T06:00,2026-02-19T07:00,25,4.91,68,3.78,8.0,13.3,950.9
2026-02-18T06:00,2026-02-19T08:00,26,4.82,67,3.67,8.0,14.4,950.2
2026-02-18T06:00,2026-02-19T09:00,27,4.63,64,3.54,7.8,14.7,950.1
2026-02-18T06:00,2026-02-19T10:00,28,4.11,80,3.01,7.4,14.5,950.1
2026-02-18T06:00,2026-02-19T11:00,29,2.58,112,1.3,6.0,13.8,950.0
2026-02-18T06:00,2026-02-19T12:00,30,2.59,109,1.4,2.2,10.0,949.1
2026-02-18T06:00,2026-02-19T13:00,31,1.42,132,0.56,1.8,9.0,949.3
2026-02-18T06:00,2026-02-19T14:00,32,2.04,239,0.58,1.0,8.8,950.1
2026-02-18T06:00,2026-02-19T15:00,33,4.51,239,2.53,4.0,8.6,950.9
2026-02-18T06:00,2026-02-19T16:00,34,6.09,252,3.01,5.1,9.1,951.9
2026-02-18T06:00,2026-02-19T17:00,35,7.18,250,3.48,5.7,9.3,952.7
2026-02-18T06:00,2026-02-19T18:00,36,7.19,247,3.75,6.2,9.1,953.2
2026-02-18T06:00,2026-02-19T19:00,37,6.53,244,3.38,6.5,8.9,953.6
2026-02-18T06:00,2026-02-19T20:00,38,7.48,247,3.98,6.4,8.2,954.0
2026-02-18T06:00,2026-02-19T21:00,39,7.26,239,4.11,6.7,7.6,954.5
2026-02-18T06:00,2026-02-19T22:00,40,7.1,233,4.18,6.8,7.3,954.7
2026-02-18T06:00,2026-02-19T23:00,41,7.45,230,4.46,7.3,7.0,955.3
2026-02-18T06:00,2026-02-20T00:00,42,7.98,230,4.7,7.7,6.9,956.3
2026-02-18T06:00,2026-02-20T01:00,43,7.98,234,4.46,7.7,7.0,957.0
2026-02-18T06:00,2026-02-20T02:00,44,7.51,242,4.03,7.4,7.1,958.1
2026-02-18T06:00,2026-02-20T03:00,45,7.14,241,4.37,7.0,8.2,959.3
2026-02-18T06:00,2026-02-20T04:00,46,5.74,232,4.1,8.0,9.3,959.8
2026-02-18T06:00,2026-02-20T05:00,47,4.75,233,3.66,7.5,10.3,959.6
2026-02-18T06:00,2026-02-20T06:00,48,4.32,243,3.42,7.5,11.9,959.3
2026-02-18T06:00,2026-02-20T07:00,49,3.18,262,2.62,7.3,13.3,958.7
2026-02-18T06:00,2026-02-20T08:00,50,2.64,280,2.21,6.4,14.0,957.7
2026-02-18T06:00,2026-02-20T09:00,51,2.15,288,1.86,5.8,14.4,956.9
2026-02-18T06:00,2026-02-20T10:00,52,1.46,308,1.41,5.2,14.1,956.4
2026-02-18T06:00,2026-02-20T11:00,53,1.97,9,1.7,4.1,12.9,955.8
2026-02-18T06:00,2026-02-20T12:00,54,4.32,43,1.96,3.8,9.7,955.3
2026-02-18T06:00,2026-02-20T13:00,55,7.02,63,2.78,4.6,8.3,955.0
2026-02-18T06:00,2026-02-20T14:00,56,7.27,63,3.02,5.2,8.0,954.5
2026-02-18T06:00,2026-02-20T15:00,57,8.03,63,3.75,6.1,7.1,954.0
2026-02-18T06:00,2026-02-20T16:00,58,8.49,67,4.32,7.1,5.7,953.5
2026-02-18T06:00,2026-02-20T17:00,59,8.21,73,4.26,7.2,5.1,953.0
2026-02-18T06:00,2026-02-20T18:00,60,7.85,77,4.18,7.0,5.5,952.9
2026-02-18T06:00,2026-02-20T19:00,61,7.66,78,4.1,6.9,5.5,952.6
2026-02-18T06:00,2026-02-20T20:00,62,7.4,75,3.94,6.8,5.2,952.2
2026-02-18T06:00,2026-02-20T21:00,63,6.45,71,3.1,6.6,4.0,951.9
2026-02-18T06:00,2026-02-20T22:00,64,5.4,67,2.26,5.1,3.3,951.8
2026-02-18T06:00,2026-02-20T23:00,65,5.52,68,2.4,4.1,3.6,951.6
2026-02-18T06:00,2026-02-21T00:00,66,4.13,71,1.72,3.9,3.4,951.6
2026-02-18T06:00,2026-02-21T01:00,67,4.78,83,2.37,4.0,2.9,950.8
2026-02-18T06:00,2026-02-21T02:00,68,4.56,69,2.06,4.1,2.6,950.1
2026-02-18T06:00,2026-02-21T03:00,69,5.81,65,3.15,5.1,4.5,950.8
2026-02-18T06:00,2026-02-21T04:00,70,5.17,70,2.47,5.4,7.6,951.7
2026-02-18T06:00,2026-02-21T05:00,71,2.82,53,2.07,5.2,9.6,953.2
2026-02-18T12:00,2026-02-18T12:00,0,8.75,73,4.68,,9.5,952.6
2026-02-18T12:00,2026-02-18T13:00,1,7.99,73,4.04,7.8,7.3,952.4
2026-02-18T12:00,2026-02-18T14:00,2,7.07,79,3.49,6.6,5.2,951.8
2026-02-18T12:00,2026-02-18T15:00,3,7.45,77,3.58,5.8,4.5,951.5
2026-02-18T12:00,2026-02-18T16:00,4,6.48,81,2.98,5.8,3.6,950.9
2026-02-18T12:00,2026-02-18T17:00,5,6.33,85,3.15,5.4,2.9,950.1
2026-02-18T12:00,2026-02-18T18:00,6,6.03,78,2.79,5.4,2.3,949.6
2026-02-18T12:00,2026-02-18T19:00,7,5.22,85,2.54,4.8,1.6,949.1
2026-02-18T12:00,2026-02-18T20:00,8,5.06,86,2.68,4.8,1.3,948.8
2026-02-18T12:00,2026-02-18T21:00,9,5.17,81,2.7,4.8,0.6,948.4
2026-02-18T12:00,2026-02-18T22:00,10,5.2,88,3.03,5.3,1.0,948.2
2026-02-18T12:00,2026-02-18T23:00,11,5.15,79,2.77,5.3,1.1,947.9
2026-02-18T12:00,2026-02-19T00:00,12,4.94,77,2.21,4.8,1.7,948.2
2026-02-18T12:00,2026-02-19T01:00,13,5.0,72,1.95,3.9,1.6,948.9
2026-02-18T12:00,2026-02-19T02:00,14,4.36,86,1.82,3.5,1.4,949.0
2026-02-18T12:00,2026-02-19T03:00,15,4.75,91,2.48,4.2,4.1,949.9
2026-02-18T12:00,2026-02-19T04:00,16,5.09,83,3.17,5.2,7.8,950.6
2026-02-18T12:00,2026-02-19T05:00,17,4.98,72,3.56,7.0,10.3,951.1
2026-02-18T12:00,2026-02-19T06:00,18,5.33,67,3.9,8.3,11.6,951.5
2026-02-18T12:00,2026-02-19T07:00,19,4.13,73,3.14,8.1,13.3,950.9
2026-02-18T12:00,2026-02-19T08:00,20,4.37,68,3.42,7.5,14.5,949.9
2026-02-18T12:00,2026-02-19T09:00,21,4.82,71,3.65,7.5,15.1,949.6
2026-02-18T12:00,2026-02-19T10:00,22,4.41,72,3.27,7.5,15.0,949.5
2026-02-18T12:00,2026-02-19T11:00,23,4.11,85,2.58,6.5,13.5,949.5
2026-02-18T12:00,2026-02-19T12:00,24,3.37,108,1.71,4.4,9.9,948.7
2026-02-18T12:00,2026-02-19T13:00,25,1.23,111,0.57,2.3,8.8,949.2
2026-02-18T12:00,2026-02-19T14:00,26,1.89,212,1.15,1.4,8.5,950.2
2026-02-18T12:00,2026-02-19T15:00,27,4.72,238,2.65,4.4,10.0,951.0
2026-02-18T12:00,2026-02-19T16:00,28,5.25,256,2.51,4.8,9.3,951.6
2026-02-18T12:00,2026-02-19T17:00,29,7.01,250,3.33,5.3,8.8,952.6
2026-02-18T12:00,2026-02-19T18:00,30,8.65,254,4.39,7.1,9.2,953.4
2026-02-18T12:00,2026-02-19T19:00,31,7.49,239,4.13,7.5,8.9,954.0
2026-02-18T12:00,2026-02-19T20:00,32,7.89,248,4.24,6.9,9.0,954.3
2026-02-18T12:00,2026-02-19T21:00,33,7.28,238,4.16,6.9,8.1,954.8
2026-02-18T12:00,2026-02-19T22:00,34,7.13,237,3.91,6.8,7.4,954.9
2026-02-18T12:00,2026-02-19T23:00,35,7.5,233,4.43,7.2,7.2,955.5
2026-02-18T12:00,2026-02-20T00:00,36,7.71,235,4.5,7.4,7.2,956.4
2026-02-18T12:00,2026-02-20T01:00,37,8.18,236,4.74,7.8,7.3,957.4
2026-02-18T12:00,2026-02-20T02:00,38,8.35,233,4.77,7.9,7.6,958.4
2026-02-18T12:00,2026-02-20T03:00,39,7.5,231,4.5,8.0,8.8,959.3
2026-02-18T12:00,2026-02-20T04:00,40,5.52,227,3.97,7.5,9.9,959.8
2026-02-18T12:00,2026-02-20T05:00,41,4.45,232,3.37,7.2,10.7,959.7
2026-02-18T12:00,2026-02-20T06:00,42,4.02,251,3.11,7.0,12.1,959.4
2026-02-18T12:00,2026-02-20T07:00,43,3.47,263,2.82,7.0,13.3,958.8
2026-02-18T12:00,2026-02-20T08:00,44,3.01,265,2.45,6.7,14.3,957.7
2026-02-18T12:00,2026-02-20T09:00,45,2.4,268,2.01,6.1,14.7,957.0
2026-02-18T12:00,2026-02-20T10:00,46,1.75,294,1.55,5.3,14.5,956.3
2026-02-18T12:00,2026-02-20T11:00,47,1.88,349,1.69,4.4,13.3,955.8
2026-02-18T12:00,2026-02-20T12:00,48,3.47,36,1.73,3.7,9.7,955.0
2026-02-18T12:00,2026-02-20T13:00,49,7.63,58,3.13,5.2,8.2,954.8
2026-02-18T12:00,2026-02-20T14:00,50,8.03,63,3.7,6.5,8.4,954.5
2026-02-18T12:00,2026-02-20T15:00,51,8.16,63,3.71,6.3,7.5,953.9
2026-02-18T12:00,2026-02-20T16:00,52,8.32,64,4.14,6.8,6.2,953.5
2026-02-18T12:00,2026-02-20T17:00,53,8.15,70,4.2,6.9,4.7,952.9
2026-02-18T12:00,2026-02-20T18:00,54,8.06,74,4.15,6.9,4.5,952.4
2026-02-18T12:00,2026-02-20T19:00,55,7.7,77,4.11,6.9,5.2,952.4
2026-02-18T12:00,2026-02-20T20:00,56,7.53,74,3.98,6.8,5.1,952.3
2026-02-18T12:00,2026-02-20T21:00,57,7.13,75,3.73,6.7,4.7,951.8
2026-02-18T12:00,2026-02-20T22:00,58,6.36,71,3.16,6.2,4.5,951.3
2026-02-18T12:00,2026-02-20T23:00,59,5.56,68,2.5,5.2,3.8,951.2
2026-02-18T12:00,2026-02-21T00:00,60,4.77,75,2.3,4.1,4.1,951.4
2026-02-18T12:00,2026-02-21T01:00,61,4.36,72,1.85,3.8,3.5,950.7
2026-02-18T12:00,2026-02-21T02:00,62,4.44,71,2.16,3.4,2.7,950.2
2026-02-18T12:00,2026-02-21T03:00,63,4.83,69,2.7,4.6,4.3,950.5
2026-02-18T12:00,2026-02-21T04:00,64,3.98,62,1.96,4.9,7.6,951.9
2026-02-18T12:00,2026-02-21T05:00,65,2.58,43,2.04,5.1,9.5,953.3
2026-02-18T12:00,2026-02-21T06:00,66,8.22,252,5.62,10.0,11.6,956.2
2026-02-18T12:00,2026-02-21T07:00,67,12.32,273,8.12,16.7,11.0,957.1
2026-02-18T12:00,2026-02-21T08:00,68,11.37,267,7.67,14.1,10.2,956.8
2026-02-18T12:00,2026-02-21T09:00,69,9.95,275,7.01,13.6,11.0,957.1
2026-02-18T12:00,2026-02-21T10:00,70,9.07,285,6.26,12.5,9.7,957.6
2026-02-18T12:00,2026-02-21T11:00,71,9.11,288,5.84,11.0,7.9,958.1
2026-02-18T18:00,2026-02-18T18:00,0,6.54,76,3.0,,2.9,949.8
2026-02-18T18:00,2026-02-18T19:00,1,5.7,82,2.73,5.4,2.3,949.4
2026-02-18T18:00,2026-02-18T20:00,2,5.65,79,2.68,4.7,1.7,949.1
2026-02-18T18:00,2026-02-18T21:00,3,5.88,72,2.46,4.6,1.4,949.0
2026-02-18T18:00,2026-02-18T22:00,4,5.75,77,2.51,4.5,1.8,948.8
2026-02-18T18:00,2026-02-18T23:00,5,5.57,71,2.38,4.5,1.9,948.7
2026-02-18T18:00,2026-02-19T00:00,6,5.52,76,2.33,4.3,1.7,948.8
2026-02-18T18:00,2026-02-19T01:00,7,5.49,67,2.14,4.0,1.1,948.7
2026-02-18T18:00,2026-02-19T02:00,8,6.18,67,2.47,4.1,2.0,948.9
2026-02-18T18:00,2026-02-19T03:00,9,6.51,75,3.16,5.1,4.5,950.2
2026-02-18T18:00,2026-02-19T04:00,10,5.63,80,2.76,5.0,7.4,950.6
2026-02-18T18:00,2026-02-19T05:00,11,4.92,73,3.45,6.8,10.1,950.8
2026-02-18T18:00,2026-02-19T06:00,12,5.57,62,4.12,8.5,11.1,951.1
2026-02-18T18:00,2026-02-19T07:00,13,4.55,71,3.45,8.4,13.0,950.7
2026-02-18T18:00,2026-02-19T08:00,14,4.4,71,3.43,7.5,14.2,949.7
2026-02-18T18:00,2026-02-19T09:00,15,4.17,76,3.21,7.5,14.9,949.7
2026-02-18T18:00,2026-02-19T10:00,16,3.81,85,2.83,6.8,15.1,949.6
2026-02-18T18:00,2026-02-19T11:00,17,3.4,87,2.15,5.7,14.1,949.3
2026-02-18T18:00,2026-02-19T12:00,18,4.3,91,2.06,3.8,10.1,948.8
2026-02-18T18:00,2026-02-19T13:00,19,1.29,126,0.6,3.1,8.8,949.0
2026-02-18T18:00,2026-02-19T14:00,20,3.5,227,1.57,1.9,8.6,949.7
2026-02-18T18:00,2026-02-19T15:00,21,4.63,242,2.21,3.5,9.5,950.2
2026-02-18T18:00,2026-02-19T16:00,22,4.39,255,2.22,3.6,9.2,951.0
2026-02-18T18:00,2026-02-19T17:00,23,5.33,258,2.55,4.9,9.0,952.1
2026-02-18T18:00,2026-02-19T18:00,24,6.15,260,2.44,4.3,8.3,953.1
2026-02-18T18:00,2026-02-19T19:00,25,7.07,239,3.96,6.5,8.2,953.8
2026-02-18T18:00,2026-02-19T20:00,26,7.44,240,4.3,6.9,8.3,954.2
2026-02-18T18:00,2026-02-19T21:00,27,7.45,243,4.1,7.0,8.1,954.6
2026-02-18T18:00,2026-02-19T22:00,28,6.96,245,3.73,6.7,7.8,954.7
2026-02-18T18:00,2026-02-19T23:00,29,7.34,242,4.13,6.7,7.5,955.4
2026-02-18T18:00,2026-02-20T00:00,30,7.56,242,4.21,6.9,7.3,956.3
2026-02-18T18:00,2026-02-20T01:00,31,7.96,239,4.64,7.6,7.0,957.1
2026-02-18T18:00,2026-02-20T02:00,32,8.2,238,4.76,7.9,6.9,958.1
2026-02-18T18:00,2026-02-20T03:00,33,7.86,231,4.96,8.3,7.9,959.2
2026-02-18T18:00,2026-02-20T04:00,34,6.23,222,4.52,8.2,9.2,959.8
2026-02-18T18:00,2026-02-20T05:00,35,4.95,232,3.82,8.1,10.2,959.7
2026-02-18T18:00,2026-02-20T06:00,36,5.1,246,4.02,8.1,11.4,959.5
2026-02-18T18:00,2026-02-20T07:00,37,4.79,247,3.76,8.2,12.9,958.9
2026-02-18T18:00,2026-02-20T08:00,38,4.11,254,3.28,8.0,13.9,957.9
2026-02-18T18:00,2026-02-20T09:00,39,3.34,261,2.66,7.2,14.5,957.1
2026-02-18T18:00,2026-02-20T10:00,40,2.7,267,2.25,6.1,14.4,956.5
2026-02-18T18:00,2026-02-20T11:00,41,1.86,301,1.78,5.1,13.1,956.1
2026-02-18T18:00,2026-02-20T12:00,42,2.15,329,1.42,3.7,9.3,955.2
2026-02-18T18:00,2026-02-20T13:00,43,1.56,40,0.75,2.3,6.9,955.0
2026-02-18T18:00,2026-02-20T14:00,44,5.82,55,2.42,4.0,6.8,954.8
2026-02-18T18:00,2026-02-20T15:00,45,7.52,58,2.95,4.8,7.1,954.2
2026-02-18T18:00,2026-02-20T16:00,46,8.12,63,3.61,6.0,6.7,953.8
2026-02-18T18:00,2026-02-20T17:00,47,7.76,64,3.71,6.3,5.2,953.2
2026-02-18T18:00,2026-02-20T18:00,48,8.16,65,4.11,6.6,4.0,952.5
2026-02-18T18:00,2026-02-20T19:00,49,8.27,68,4.23,7.0,3.5,952.1
2026-02-18T18:00,2026-02-20T20:00,50,7.92,70,3.93,6.9,3.3,951.8
2026-02-18T18:00,2026-02-20T21:00,51,7.17,76,3.58,6.4,3.7,951.8
2026-02-18T18:00,2026-02-20T22:00,52,6.54,76,3.34,5.9,3.9,951.5
2026-02-18T18:00,2026-02-20T23:00,53,5.42,76,2.61,5.5,3.6,951.5
2026-02-18T18:00,2026-02-21T00:00,54,4.0,74,1.65,4.2,2.8,951.6
2026-02-18T18:00,2026-02-21T01:00,55,4.27,76,2.04,3.7,3.4,951.3
2026-02-18T18:00,2026-02-21T02:00,56,5.05,74,2.59,4.2,2.9,950.6
2026-02-18T18:00,2026-02-21T03:00,57,5.1,64,2.85,4.6,4.3,951.0
2026-02-18T18:00,2026-02-21T04:00,58,4.08,59,2.01,5.0,7.4,952.2
2026-02-18T18:00,2026-02-21T05:00,59,2.87,47,2.24,5.0,8.9,953.8
2026-02-18T18:00,2026-02-21T06:00,60,8.14,264,4.19,7.1,9.7,956.4
2026-02-18T18:00,2026-02-21T07:00,61,14.23,264,9.4,18.0,10.1,957.3
2026-02-18T18:00,2026-02-21T08:00,62,12.13,264,7.73,16.3,9.0,957.3
2026-02-18T18:00,2026-02-21T09:00,63,10.23,279,7.04,13.5,10.3,957.7
2026-02-18T18:00,2026-02-21T10:00,64,9.33,283,6.21,12.6,9.0,958.1
2026-02-18T18:00,2026-02-21T11:00,65,7.31,273,4.65,10.5,7.7,958.2
2026-02-18T18:00,2026-02-21T12:00,66,7.14,279,4.16,7.6,6.8,958.6
2026-02-18T18:00,2026-02-21T13:00,67,7.06,282,3.65,7.1,5.7,959.2
2026-02-18T18:00,2026-02-21T14:00,68,6.95,277,3.62,6.1,5.0,959.7
2026-02-18T18:00,2026-02-21T15:00,69,10.22,244,6.5,10.7,4.6,960.0
2026-02-18T18:00,2026-02-21T16:00,70,13.6,251,8.79,14.8,3.9,961.0
2026-02-18T18:00,2026-02-21T17:00,71,13.72,267,9.15,16.2,3.5,962.5
2026-02-19T00:00,2026-02-19T00:00,0,5.01,71,2.01,,1.6,949.1
2026-02-19T00:00,2026-02-19T01:00,1,5.08,77,2.13,4.0,1.4,949.2
2026-02-19T00:00,2026-02-19T02:00,2,5.61,71,2.28,3.9,1.9,949.6
2026-02-19T00:00,2026-02-19T03:00,3,6.21,77,3.0,4.8,4.5,950.8
2026-02-19T00:00,2026-02-19T04:00,4,6.53,81,3.46,6.0,7.4,951.2
2026-02-19T00:00,2026-02-19T05:00,5,5.23,68,3.65,7.1,10.5,951.4
2026-02-19T00:00,2026-02-19T06:00,6,6.49,62,4.58,9.3,10.7,951.5
2026-02-19T00:00,2026-02-19T07:00,7,4.74,68,3.56,9.1,12.7,950.9
2026-02-19T00:00,2026-02-19T08:00,8,5.37,65,4.09,8.4,13.5,950.1
2026-02-19T00:00,2026-02-19T09:00,9,5.09,70,3.81,8.5,14.2,949.5
2026-02-19T00:00,2026-02-19T10:00,10,4.08,73,2.99,7.8,14.1,949.5
2026-02-19T00:00,2026-02-19T11:00,11,3.61,86,2.34,6.0,13.0,949.5
2026-02-19T00:00,2026-02-19T12:00,12,3.67,118,1.86,4.0,9.5,948.9
2026-02-19T00:00,2026-02-19T13:00,13,2.06,104,1.08,3.0,8.1,949.1
2026-02-19T00:00,2026-02-19T14:00,14,1.13,167,0.43,1.4,8.9,950.2
2026-02-19T00:00,2026-02-19T15:00,15,4.25,229,2.12,2.7,8.9,950.6
2026-02-19T00:00,2026-02-19T16:00,16,6.53,250,2.77,4.5,9.9,951.4
2026-02-19T00:00,2026-02-19T17:00,17,4.81,261,2.06,4.5,8.6,951.7
2026-02-19T00:00,2026-02-19T18:00,18,4.76,266,2.06,3.6,8.0,952.5
2026-02-19T00:00,2026-02-19T19:00,19,5.94,240,2.73,4.4,8.5,953.2
2026-02-19T00:00,2026-02-19T20:00,20,6.65,238,3.56,5.9,8.6,953.6
2026-02-19T00:00,2026-02-19T21:00,21,7.03,249,3.69,6.0,8.3,954.1
2026-02-19T00:00,2026-02-19T22:00,22,6.9,247,3.76,6.2,7.7,954.5
2026-02-19T00:00,2026-02-19T23:00,23,7.42,243,4.24,6.8,6.9,955.1
2026-02-19T00:00,2026-02-20T00:00,24,7.76,244,4.3,7.1,6.9,956.0
2026-02-19T00:00,2026-02-20T01:00,25,7.91,240,4.54,7.5,6.9,957.1
2026-02-19T00:00,2026-02-20T02:00,26,8.49,237,5.01,8.2,7.2,958.2
2026-02-19T00:00,2026-02-20T03:00,27,7.86,236,4.92,8.4,8.0,959.2
2026-02-19T00:00,2026-02-20T04:00,28,6.3,232,4.67,8.5,8.8,960.0
2026-02-19T00:00,2026-02-20T05:00,29,5.45,226,4.32,8.5,9.5,960.1
2026-02-19T00:00,2026-02-20T06:00,30,5.2,240,4.09,8.3,10.8,959.9
2026-02-19T00:00,2026-02-20T07:00,31,4.63,237,3.67,8.2,12.4,959.1
2026-02-19T00:00,2026-02-20T08:00,32,4.16,243,3.26,7.7,13.8,957.9
2026-02-19T00:00,2026-02-20T09:00,33,3.92,251,3.1,7.2,14.8,957.3
2026-02-19T00:00,2026-02-20T10:00,34,3.21,266,2.6,6.7,14.7,956.7
2026-02-19T00:00,2026-02-20T11:00,35,2.09,287,1.86,5.6,13.3,956.4
2026-02-19T00:00,2026-02-20T12:00,36,1.67,309,1.17,3.4,9.5,955.5
2026-02-19T00:00,2026-02-20T13:00,37,0.8,360,0.27,1.7,7.5,955.1
2026-02-19T00:00,2026-02-20T14:00,38,4.41,57,2.18,3.3,6.5,955.2
2026-02-19T00:00,2026-02-20T15:00,39,6.93,59,2.37,4.2,6.6,954.8
2026-02-19T00:00,2026-02-20T16:00,40,7.0,59,2.59,4.1,6.5,954.3
2026-02-19T00:00,2026-02-20T17:00,41,7.63,62,3.52,5.8,5.4,953.9
2026-02-19T00:00,2026-02-20T18:00,42,8.25,65,4.17,6.7,4.3,953.0
2026-02-19T00:00,2026-02-20T19:00,43,8.35,68,4.33,7.2,3.7,952.4
2026-02-19T00:00,2026-02-20T20:00,44,7.83,73,4.02,7.0,3.4,952.1
2026-02-19T00:00,2026-02-20T21:00,45,7.39,79,3.85,6.6,3.4,951.9
2026-02-19T00:00,2026-02-20T22:00,46,6.95,75,3.54,6.4,3.3,951.6
2026-02-19T00:00,2026-02-20T23:00,47,6.12,73,3.08,5.9,3.5,951.5
2026-02-19T00:00,2026-02-21T00:00,48,4.86,75,2.24,5.1,3.3,951.5
2026-02-19T00:00,2026-02-21T01:00,49,3.99,70,1.76,3.7,3.4,951.5
2026-02-19T00:00,2026-02-21T02:00,50,4.64,79,2.29,3.7,3.2,951.0
2026-02-19T00:00,2026-02-21T03:00,51,5.65,68,2.91,5.2,4.5,950.9
2026-02-19T00:00,2026-02-21T04:00,52,4.75,70,1.98,5.1,6.9,951.7
2026-02-19T00:00,2026-02-21T05:00,53,2.42,7,1.92,6.2,9.1,954.2
2026-02-19T00:00,2026-02-21T06:00,54,8.85,268,4.8,7.8,9.5,956.3
2026-02-19T00:00,2026-02-21T07:00,55,15.05,264,10.43,18.8,10.8,957.6
2026-02-19T00:00,2026-02-21T08:00,56,12.78,266,8.48,18.3,9.3,957.8
2026-02-19T00:00,2026-02-21T09:00,57,11.28,277,7.97,15.1,9.6,958.1
2026-02-19T00:00,2026-02-21T10:00,58,8.36,283,6.02,14.0,8.9,958.3
2026-02-19T00:00,2026-02-21T11:00,59,6.0,278,3.82,10.4,7.4,958.4
2026-02-19T00:00,2026-02-21T12:00,60,5.76,287,3.03,6.0,6.5,958.7
2026-02-19T00:00,2026-02-21T13:00,61,6.82,278,3.49,5.6,5.4,959.1
2026-02-19T00:00,2026-02-21T14:00,62,7.37,253,4.24,7.0,5.1,959.9
2026-02-19T00:00,2026-02-21T15:00,63,10.3,257,6.31,10.1,4.9,960.2
2026-02-19T00:00,2026-02-21T16:00,64,12.73,258,8.37,14.4,4.0,961.5
2026-02-19T00:00,2026-02-21T17:00,65,11.18,266,7.19,14.3,2.6,963.1
2026-02-19T00:00,2026-02-21T18:00,66,10.78,265,7.12,12.3,1.9,963.0
2026-02-19T00:00,2026-02-21T19:00,67,8.51,272,5.45,12.2,1.3,963.0
2026-02-19T00:00,2026-02-21T20:00,68,5.9,270,3.68,9.2,0.7,962.7
2026-02-19T00:00,2026-02-21T21:00,69,4.98,234,3.1,6.3,-0.2,962.4
2026-02-19T00:00,2026-02-21T22:00,70,5.15,210,2.77,5.5,-0.5,961.4
2026-02-19T00:00,2026-02-21T23:00,71,3.75,227,1.62,4.6,-1.7,960.5
2026-02-19T06:00,2026-02-19T06:00,0,7.31,60,5.27,,10.9,951.6
2026-02-19T06:00,2026-02-19T07:00,1,5.79,65,4.29,10.1,12.6,951.1
2026-02-19T06:00,2026-02-19T08:00,2,5.59,62,4.21,8.9,13.3,950.7
2026-02-19T06:00,2026-02-19T09:00,3,5.16,68,3.82,8.6,14.1,950.2
2026-02-19T06:00,2026-02-19T10:00,4,5.06,65,3.65,7.9,13.8,949.9
2026-02-19T06:00,2026-02-19T11:00,5,5.02,68,3.02,7.1,11.9,950.0
2026-02-19T06:00,2026-02-19T12:00,6,4.45,111,1.87,5.2,8.6,949.3
2026-02-19T06:00,2026-02-19T13:00,7,2.62,121,1.31,2.8,7.6,949.3
2026-02-19T06:00,2026-02-19T14:00,8,0.92,112,0.46,1.7,8.5,950.3
2026-02-19T06:00,2026-02-19T15:00,9,4.57,221,2.26,3.0,9.0,950.6
2026-02-19T06:00,2026-02-19T16:00,10,6.86,251,2.67,4.2,9.2,951.3
2026-02-19T06:00,2026-02-19T17:00,11,5.83,261,2.27,4.3,8.7,951.6
2026-02-19T06:00,2026-02-19T18:00,12,4.77,265,2.09,3.5,8.4,952.5
2026-02-19T06:00,2026-02-19T19:00,13,6.04,251,2.76,4.4,8.6,953.4
2026-02-19T06:00,2026-02-19T20:00,14,6.38,236,3.49,6.0,8.7,953.8
2026-02-19T06:00,2026-02-19T21:00,15,6.48,252,3.19,5.7,8.0,954.3
2026-02-19T06:00,2026-02-19T22:00,16,6.66,244,3.74,6.0,7.6,954.6
2026-02-19T06:00,2026-02-19T23:00,17,7.15,239,4.12,6.6,7.3,955.3
2026-02-19T06:00,2026-02-20T00:00,18,7.6,240,4.3,7.2,7.5,956.2
2026-02-19T06:00,2026-02-20T01:00,19,7.36,244,4.15,7.1,7.3,957.0
2026-02-19T06:00,2026-02-20T02:00,20,7.82,240,4.56,7.5,7.3,957.9
2026-02-19T06:00,2026-02-20T03:00,21,7.49,235,4.7,7.8,8.3,959.1
2026-02-19T06:00,2026-02-20T04:00,22,5.63,228,4.18,7.7,9.2,959.8
2026-02-19T06:00,2026-02-20T05:00,23,4.99,227,3.89,7.7,10.3,959.6
2026-02-19T06:00,2026-02-20T06:00,24,5.35,249,4.17,8.5,11.8,959.7
2026-02-19T06:00,2026-02-20T07:00,25,4.76,249,3.74,8.5,13.0,959.0
2026-02-19T06:00,2026-02-20T08:00,26,4.14,245,3.27,7.9,14.2,957.9
2026-02-19T06:00,2026-02-20T09:00,27,3.54,251,2.83,7.1,14.8,957.2
2026-02-19T06:00,2026-02-20T10:00,28,3.09,261,2.51,6.3,14.6,956.7
2026-02-19T06:00,2026-02-20T11:00,29,2.4,282,2.1,5.5,13.3,956.6
2026-02-19T06:00,2026-02-20T12:00,30,2.33,293,1.41,3.9,9.4,955.8
2026-02-19T06:00,2026-02-20T13:00,31,0.94,295,0.21,2.1,7.2,955.4
2026-02-19T06:00,2026-02-20T14:00,32,2.76,55,1.71,2.2,6.3,955.4
2026-02-19T06:00,2026-02-20T15:00,33,5.41,56,2.04,3.6,5.8,955.0
2026-02-19T06:00,2026-02-20T16:00,34,6.03,57,2.13,2.9,5.5,954.5
2026-02-19T06:00,2026-02-20T17:00,35,7.09,62,2.93,4.9,5.7,954.2
2026-02-19T06:00,2026-02-20T18:00,36,7.56,62,3.56,5.8,4.6,953.4
2026-02-19T06:00,2026-02-20T19:00,37,8.45,65,4.34,7.0,3.7,952.6
2026-02-19T06:00,2026-02-20T20:00,38,8.52,67,4.4,7.2,3.4,952.2
2026-02-19T06:00,2026-02-20T21:00,39,7.86,71,3.98,7.2,3.1,951.9
2026-02-19T06:00,2026-02-20T22:00,40,7.02,76,3.49,6.5,3.2,951.7
2026-02-19T06:00,2026-02-20T23:00,41,6.42,73,3.04,5.8,3.1,951.6
2026-02-19T06:00,2026-02-21T00:00,42,5.35,74,2.43,5.0,2.9,951.6
2026-02-19T06:00,2026-02-21T01:00,43,4.21,66,1.67,4.0,2.7,951.6
2026-02-19T06:00,2026-02-21T02:00,44,5.22,78,2.75,4.1,3.1,951.4
2026-02-19T06:00,2026-02-21T03:00,45,4.86,73,2.49,5.9,4.6,951.0
2026-02-19T06:00,2026-02-21T04:00,46,3.43,59,1.46,5.2,6.8,953.0
2026-02-19T06:00,2026-02-21T05:00,47,1.9,272,1.95,4.9,7.5,955.4
2026-02-19T06:00,2026-02-21T06:00,48,11.6,269,7.11,11.5,7.6,957.2
2026-02-19T06:00,2026-02-21T07:00,49,12.17,264,7.69,14.1,8.7,958.1
2026-02-19T06:00,2026-02-21T08:00,50,11.75,270,7.9,13.6,8.7,958.2
2026-02-19T06:00,2026-02-21T09:00,51,8.79,278,6.27,13.4,9.9,958.3
2026-02-19T06:00,2026-02-21T10:00,52,7.08,283,5.09,11.4,9.3,958.2
2026-02-19T06:00,2026-02-21T11:00,53,4.86,282,3.26,8.9,8.4,958.1
2026-02-19T06:00,2026-02-21T12:00,54,4.51,274,1.99,6.2,6.9,958.2
2026-02-19T06:00,2026-02-21T13:00,55,5.9,271,2.77,4.6,5.5,958.4
2026-02-19T06:00,2026-02-21T14:00,56,7.08,281,3.41,5.7,4.8,959.2
2026-02-19T06:00,2026-02-21T15:00,57,11.15,268,6.8,11.0,4.7,960.1
2026-02-19T06:00,2026-02-21T16:00,58,13.94,259,9.18,16.0,3.7,961.1
2026-02-19T06:00,2026-02-21T17:00,59,11.19,263,7.33,15.9,2.4,962.8
2026-02-19T06:00,2026-02-21T18:00,60,11.45,264,7.44,13.0,1.8,962.8
2026-02-19T06:00,2026-02-21T19:00,61,8.81,273,5.45,12.5,1.1,962.8
2026-02-19T06:00,2026-02-21T20:00,62,6.42,259,4.05,9.2,0.7,962.7
2026-02-19T06:00,2026-02-21T21:00,63,5.21,242,3.08,7.0,-0.3,962.4
2026-02-19T06:00,2026-02-21T22:00,64,5.97,208,3.78,6.4,-0.8,961.8
2026-02-19T06:00,2026-02-21T23:00,65,4.82,211,2.76,6.3,-0.5,961.2
2026-02-19T06:00,2026-02-22T00:00,66,4.12,220,2.11,4.6,-1.6,960.8
2026-02-19T06:00,2026-02-22T01:00,67,4.12,211,2.45,4.2,-1.3,960.8
2026-02-19T06:00,2026-02-22T02:00,68,2.97,197,2.06,4.2,-1.3,960.4
2026-02-19T06:00,2026-02-22T03:00,69,1.6,184,1.7,3.6,1.0,960.5
2026-02-19T06:00,2026-02-22T04:00,70,0.28,45,0.41,3.1,3.9,960.2
2026-02-19T06:00,2026-02-22T05:00,71,1.85,38,1.66,4.8,4.9,959.3
2026-02-19T12:00,2026-02-19T12:00,0,4.36,95,2.02,,10.0,948.9
2026-02-19T12:00,2026-02-19T13:00,1,4.81,71,2.04,3.2,8.6,949.3
2026-02-19T12:00,2026-02-19T14:00,2,2.86,126,1.03,2.7,8.9,950.2
2026-02-19T12:00,2026-02-19T15:00,3,3.02,209,1.15,1.8,9.5,950.5
2026-02-19T12:00,2026-02-19T16:00,4,3.44,244,1.13,1.7,8.9,951.0
2026-02-19T12:00,2026-02-19T17:00,5,4.35,247,2.03,3.0,8.6,951.4
2026-02-19T12:00,2026-02-19T18:00,6,4.38,259,2.11,3.5,9.2,952.1
2026-02-19T12:00,2026-02-19T19:00,7,5.55,256,2.73,4.7,9.0,953.2
2026-02-19T12:00,2026-02-19T20:00,8,6.69,246,3.58,5.8,8.2,954.0
2026-02-19T12:00,2026-02-19T21:00,9,7.65,242,4.17,6.8,7.9,954.6
2026-02-19T12:00,2026-02-19T22:00,10,7.52,241,4.04,6.9,7.4,954.9
2026-02-19T12:00,2026-02-19T23:00,11,7.64,246,4.0,6.6,7.3,955.4
2026-02-19T12:00,2026-02-20T00:00,12,7.5,247,3.93,6.8,7.2,956.3
2026-02-19T12:00,2026-02-20T01:00,13,7.03,247,3.82,6.5,7.0,957.1
2026-02-19T12:00,2026-02-20T02:00,14,7.05,242,4.0,6.6,7.0,958.0
2026-02-19T12:00,2026-02-20T03:00,15,7.02,236,4.44,7.2,7.9,959.1
2026-02-19T12:00,2026-02-20T04:00,16,5.66,228,4.32,7.9,9.0,959.8
2026-02-19T12:00,2026-02-20T05:00,17,5.64,215,4.39,8.1,9.3,959.8
2026-02-19T12:00,2026-02-20T06:00,18,5.2,223,3.95,8.3,10.7,959.6
2026-02-19T12:00,2026-02-20T07:00,19,4.49,244,3.49,8.0,12.6,958.8
2026-02-19T12:00,2026-02-20T08:00,20,3.97,253,3.13,7.4,13.9,957.7
2026-02-19T12:00,2026-02-20T09:00,21,3.47,247,2.79,7.0,14.6,956.9
2026-02-19T12:00,2026-02-20T10:00,22,2.77,250,2.25,6.2,14.8,956.5
2026-02-19T12:00,2026-02-20T11:00,23,2.2,271,1.88,5.0,13.8,955.9
2026-02-19T12:00,2026-02-20T12:00,24,2.36,306,1.46,3.3,9.9,955.2
2026-02-19T12:00,2026-02-20T13:00,25,1.04,343,0.38,2.1,7.5,955.2
2026-02-19T12:00,2026-02-20T14:00,26,3.57,59,1.95,2.7,6.7,955.3
2026-02-19T12:00,2026-02-20T15:00,27,6.58,58,2.31,3.7,6.7,954.8
2026-02-19T12:00,2026-02-20T16:00,28,7.27,61,3.09,5.1,6.7,954.4
2026-02-19T12:00,2026-02-20T17:00,29,8.05,63,3.88,6.3,5.5,953.7
2026-02-19T12:00,2026-02-20T18:00,30,8.47,64,4.35,7.1,4.5,952.9
2026-02-19T12:00,2026-02-20T19:00,31,8.62,66,4.54,7.3,3.7,952.3
2026-02-19T12:00,2026-02-20T20:00,32,8.43,71,4.32,7.3,3.5,951.6
2026-02-19T12:00,2026-02-20T21:00,33,7.91,74,3.98,7.1,3.3,951.3
2026-02-19T12:00,2026-02-20T22:00,34,7.12,76,3.51,6.5,3.5,951.3
2026-02-19T12:00,2026-02-20T23:00,35,6.27,75,3.02,5.8,3.6,951.2
2026-02-19T12:00,2026-02-21T00:00,36,5.32,75,2.49,5.0,3.4,951.2
2026-02-19T12:00,2026-02-21T01:00,37,4.85,76,2.41,4.2,3.5,951.1
2026-02-19T12:00,2026-02-21T02:00,38,4.53,74,1.95,3.9,3.3,950.9
2026-02-19T12:00,2026-02-21T03:00,39,2.46,77,1.47,3.2,4.5,952.2
2026-02-19T12:00,2026-02-21T04:00,40,1.74,108,1.21,2.9,6.3,953.6
2026-02-19T12:00,2026-02-21T05:00,41,5.98,247,3.57,5.4,7.3,956.0
2026-02-19T12:00,2026-02-21T06:00,42,12.32,276,7.59,13.3,7.6,957.6
2026-02-19T12:00,2026-02-21T07:00,43,13.41,268,8.45,14.3,8.1,959.0
2026-02-19T12:00,2026-02-21T08:00,44,12.51,273,8.2,15.2,7.8,959.5
2026-02-19T12:00,2026-02-21T09:00,45,10.41,282,7.51,15.3,8.4,959.9
2026-02-19T12:00,2026-02-21T10:00,46,7.72,287,5.27,13.3,7.5,959.7
2026-02-19T12:00,2026-02-21T11:00,47,4.76,291,3.27,8.9,6.7,959.8
2026-02-19T12:00,2026-02-21T12:00,48,4.75,294,2.2,5.6,5.7,960.0
2026-02-19T12:00,2026-02-21T13:00,49,4.37,250,2.23,3.8,4.2,960.2
2026-02-19T12:00,2026-02-21T14:00,50,6.08,234,3.69,6.0,4.6,961.0
2026-02-19T12:00,2026-02-21T15:00,51,6.56,249,3.79,6.4,4.9,961.2
2026-02-19T12:00,2026-02-21T16:00,52,7.25,270,3.96,6.6,4.4,961.3
2026-02-19T12:00,2026-02-21T17:00,53,8.9,288,5.43,9.2,3.5,962.2
2026-02-19T12:00,2026-02-21T18:00,54,8.03,258,5.03,9.5,2.4,962.8
2026-02-19T12:00,2026-02-21T19:00,55,7.57,256,4.95,8.6,1.7,963.1
2026-02-19T12:00,2026-02-21T20:00,56,6.89,252,4.41,8.5,0.5,963.0
2026-02-19T12:00,2026-02-21T21:00,57,5.73,241,3.62,7.5,0.0,962.8
2026-02-19T12:00,2026-02-21T22:00,58,4.68,229,2.71,6.1,-0.6,962.1
2026-02-19T12:00,2026-02-21T23:00,59,4.19,216,2.26,4.6,-1.0,961.5
2026-02-19T12:00,2026-02-22T00:00,60,3.41,215,1.63,3.8,-1.7,960.8
2026-02-19T12:00,2026-02-22T01:00,61,2.66,220,1.68,3.0,-1.7,960.2
2026-02-19T12:00,2026-02-22T02:00,62,1.43,209,1.05,3.0,-1.6,959.6
2026-02-19T12:00,2026-02-22T03:00,63,0.36,304,0.25,2.0,0.8,959.8
2026-02-19T12:00,2026-02-22T04:00,64,1.79,36,1.63,4.2,2.9,959.5
2026-02-19T12:00,2026-02-22T05:00,65,3.04,45,2.55,6.1,4.2,958.5
2026-02-19T12:00,2026-02-22T06:00,66,4.88,45,3.86,8.2,5.6,957.6
2026-02-19T12:00,2026-02-22T07:00,67,7.76,54,5.9,11.4,6.4,956.8
2026-02-19T12:00,2026-02-22T08:00,68,8.61,53,6.49,12.4,7.5,955.4
2026-02-19T12:00,2026-02-22T09:00,69,9.0,55,6.69,12.7,8.1,954.4
2026-02-19T12:00,2026-02-22T10:00,70,8.5,56,6.28,12.7,8.3,953.8
2026-02-19T12:00,2026-02-22T11:00,71,8.29,55,5.8,11.7,7.7,953.3
2026-02-19T18:00,2026-02-19T18:00,0,2.75,245,1.72,,9.0,952.0
2026-02-19T18:00,2026-02-19T19:00,1,6.4,248,3.4,7.1,8.9,953.3
2026-02-19T18:00,2026-02-19T20:00,2,7.31,253,3.29,5.6,9.0,953.9
2026-02-19T18:00,2026-02-19T21:00,3,6.28,276,2.25,5.3,7.6,954.2
2026-02-19T18:00,2026-02-19T22:00,4,6.07,259,2.83,4.7,7.0,954.9
2026-02-19T18:00,2026-02-19T23:00,5,5.92,250,3.2,5.3,6.4,955.6
2026-02-19T18:00,2026-02-20T00:00,6,7.19,238,4.24,7.1,6.3,956.6
2026-02-19T18:00,2026-02-20T01:00,7,7.77,241,4.65,7.7,6.7,957.1
2026-02-19T18:00,2026-02-20T02:00,8,6.7,240,3.89,7.8,7.3,957.9
2026-02-19T18:00,2026-02-20T03:00,9,6.11,242,3.8,6.3,8.3,958.8
2026-02-19T18:00,2026-02-20T04:00,10,5.48,227,4.02,7.2,9.6,959.4
2026-02-19T18:00,2026-02-20T05:00,11,4.82,222,3.76,7.1,10.4,959.6
2026-02-19T18:00,2026-02-20T06:00,12,4.72,238,3.73,7.5,11.5,959.5
2026-02-19T18:00,2026-02-20T07:00,13,4.71,253,3.75,8.0,12.9,959.0
2026-02-19T18:00,2026-02-20T08:00,14,4.14,252,3.32,8.0,13.8,957.9
2026-02-19T18:00,2026-02-20T09:00,15,3.52,247,2.87,7.2,14.5,957.0
2026-02-19T18:00,2026-02-20T10:00,16,2.82,243,2.3,6.4,14.7,956.5
2026-02-19T18:00,2026-02-20T11:00,17,2.22,262,1.85,5.1,13.9,956.1
2026-02-19T18:00,2026-02-20T12:00,18,2.3,294,1.35,3.3,10.1,955.3
2026-02-19T18:00,2026-02-20T13:00,19,1.39,345,0.47,1.9,7.7,954.9
2026-02-19T18:00,2026-02-20T14:00,20,3.9,57,2.01,3.1,6.9,955.0
2026-02-19T18:00,2026-02-20T15:00,21,6.49,58,2.28,3.6,6.8,954.6
2026-02-19T18:00,2026-02-20T16:00,22,7.38,62,3.25,5.4,7.0,954.2
2026-02-19T18:00,2026-02-20T17:00,23,8.21,63,4.04,6.5,5.6,953.4
2026-02-19T18:00,2026-02-20T18:00,24,8.31,66,4.29,7.0,4.5,952.8
2026-02-19T18:00,2026-02-20T19:00,25,7.99,71,4.11,7.0,3.9,952.3
2026-02-19T18:00,2026-02-20T20:00,26,7.53,77,3.97,6.7,4.1,952.0
2026-02-19T18:00,2026-02-20T21:00,27,7.3,79,3.77,6.5,4.2,951.8
2026-02-19T18:00,2026-02-20T22:00,28,6.85,74,3.5,6.2,4.2,951.3
2026-02-19T18:00,2026-02-20T23:00,29,6.36,72,3.13,5.8,4.0,951.1
2026-02-19T18:00,2026-02-21T00:00,30,5.15,76,2.44,5.1,3.9,951.0
2026-02-19T18:00,2026-02-21T01:00,31,4.31,77,1.9,4.0,3.2,950.8
2026-02-19T18:00,2026-02-21T02:00,32,3.95,88,1.93,3.2,3.1,950.8
2026-02-19T18:00,2026-02-21T03:00,33,4.94,69,2.77,4.7,4.3,951.1
2026-02-19T18:00,2026-02-21T04:00,34,0.92,61,0.56,4.8,6.0,954.0
2026-02-19T18:00,2026-02-21T05:00,35,6.54,219,3.98,7.5,7.9,956.3
2026-02-19T18:00,2026-02-21T06:00,36,11.28,282,6.72,12.4,7.1,957.8
2026-02-19T18:00,2026-02-21T07:00,37,13.12,273,8.13,13.5,7.1,959.3
2026-02-19T18:00,2026-02-21T08:00,38,12.55,275,8.08,15.2,6.9,960.2
2026-02-19T18:00,2026-02-21T09:00,39,10.48,274,7.27,14.0,7.2,960.7
2026-02-19T18:00,2026-02-21T10:00,40,9.9,270,6.95,13.3,7.3,960.7
2026-02-19T18:00,2026-02-21T11:00,41,6.5,272,4.2,12.1,6.7,960.6
2026-02-19T18:00,2026-02-21T12:00,42,6.35,268,3.43,7.0,6.4,960.9
2026-02-19T18:00,2026-02-21T13:00,43,5.59,257,2.33,5.8,5.4,961.0
2026-02-19T18:00,2026-02-21T14:00,44,5.59,257,2.73,4.4,5.7,961.2
2026-02-19T18:00,2026-02-21T15:00,45,6.14,258,2.82,4.6,5.1,961.3
2026-02-19T18:00,2026-02-21T16:00,46,6.61,267,3.15,5.2,4.9,961.4
2026-02-19T18:00,2026-02-21T17:00,47,7.16,274,3.74,6.3,4.0,961.9
2026-02-19T18:00,2026-02-21T18:00,48,7.69,253,4.48,7.4,2.9,962.3
2026-02-19T18:00,2026-02-21T19:00,49,8.03,251,5.07,8.7,2.3,962.8
2026-02-19T18:00,2026-02-21T20:00,50,7.26,232,4.52,8.5,1.5,962.5
2026-02-19T18:00,2026-02-21T21:00,51,6.05,218,3.72,7.5,0.6,961.8
2026-02-19T18:00,2026-02-21T22:00,52,5.35,208,3.33,6.2,0.2,960.8
2026-02-19T18:00,2026-02-21T23:00,53,4.0,206,2.2,5.5,-1.0,959.8
2026-02-19T18:00,2026-02-22T00:00,54,1.96,218,0.96,3.8,-1.8,959.4
2026-02-19T18:00,2026-02-22T01:00,55,1.24,310,0.15,2.2,-2.2,959.2
2026-02-19T18:00,2026-02-22T02:00,56,0.75,356,0.18,0.3,-1.7,959.2
2026-02-19T18:00,2026-02-22T03:00,57,0.56,80,0.57,1.9,0.3,959.3
2026-02-19T18:00,2026-02-22T04:00,58,0.96,62,0.9,3.2,2.9,958.9
2026-02-19T18:00,2026-02-22T05:00,59,2.16,40,1.87,5.1,4.7,958.1
2026-02-19T18:00,2026-02-22T06:00,60,3.83,40,3.11,7.2,6.2,957.0
2026-02-19T18:00,2026-02-22T07:00,61,5.62,45,4.35,9.0,7.1,956.2
2026-02-19T18:00,2026-02-22T08:00,62,6.75,50,5.2,10.3,7.9,955.0
2026-02-19T18:00,2026-02-22T09:00,63,7.13,50,5.41,10.6,8.8,954.3
2026-02-19T18:00,2026-02-22T10:00,64,6.85,50,5.09,10.5,8.8,953.7
2026-02-19T18:00,2026-02-22T11:00,65,6.75,50,4.67,9.6,8.1,953.3
2026-02-19T18:00,2026-02-22T12:00,66,6.53,58,2.99,8.4,6.2,952.4
2026-02-19T18:00,2026-02-22T13:00,67,6.11,66,2.61,5.2,4.5,951.8
2026-02-19T18:00,2026-02-22T14:00,68,5.89,69,2.66,4.6,3.3,951.2
2026-02-19T18:00,2026-02-22T15:00,69,5.31,72,2.47,4.5,2.3,950.5
2026-02-19T18:00,2026-02-22T16:00,70,5.04,72,2.33,4.1,1.5,949.9
2026-02-19T18:00,2026-02-22T17:00,71,5.57,71,2.5,4.0,1.0,949.5
2026-02-20T00:00,2026-02-20T00:00,0,7.6,244,3.94,,8.0,956.7
2026-02-20T00:00,2026-02-20T01:00,1,8.09,240,4.6,7.8,7.4,957.8
2026-02-20T00:00,2026-02-20T02:00,2,7.06,247,4.14,7.5,7.5,958.6
2026-02-20T00:00,2026-02-20T03:00,3,6.54,241,4.1,7.0,8.1,959.6
2026-02-20T00:00,2026-02-20T04:00,4,5.59,228,3.83,7.2,9.3,960.2
2026-02-20T00:00,2026-02-20T05:00,5,4.81,223,3.61,7.1,10.1,960.1
2026-02-20T00:00,2026-02-20T06:00,6,4.58,234,3.62,7.2,10.8,960.1
2026-02-20T00:00,2026-02-20T07:00,7,4.51,239,3.63,7.7,12.1,959.5
2026-02-20T00:00,2026-02-20T08:00,8,4.08,234,3.25,7.7,13.1,958.3
2026-02-20T00:00,2026-02-20T09:00,9,3.44,234,2.73,7.0,14.1,957.4
2026-02-20T00:00,2026-02-20T10:00,10,2.77,244,2.25,6.2,14.4,956.7
2026-02-20T00:00,2026-02-20T11:00,11,2.23,279,1.88,5.0,13.5,956.1
2026-02-20T00:00,2026-02-20T12:00,12,2.48,313,1.5,3.5,9.7,955.4
2026-02-20T00:00,2026-02-20T13:00,13,0.83,335,0.21,2.2,7.7,955.5
2026-02-20T00:00,2026-02-20T14:00,14,2.93,53,1.55,1.8,6.7,955.4
2026-02-20T00:00,2026-02-20T15:00,15,6.21,55,2.26,3.5,6.5,955.0
2026-02-20T00:00,2026-02-20T16:00,16,7.1,61,3.0,5.1,6.9,954.8
2026-02-20T00:00,2026-02-20T17:00,17,7.22,63,3.31,5.4,5.5,954.2
2026-02-20T00:00,2026-02-20T18:00,18,8.04,66,4.07,6.6,4.5,953.5
2026-02-20T00:00,2026-02-20T19:00,19,8.3,70,4.26,6.9,3.9,952.6
2026-02-20T00:00,2026-02-20T20:00,20,8.26,73,4.33,7.1,3.9,952.0
2026-02-20T00:00,2026-02-20T21:00,21,7.58,74,3.93,7.1,4.1,951.9
2026-02-20T00:00,2026-02-20T22:00,22,7.2,73,3.58,6.5,3.9,951.7
2026-02-20T00:00,2026-02-20T23:00,23,6.77,72,3.42,6.0,3.9,951.4
2026-02-20T00:00,2026-02-21T00:00,24,5.81,75,2.82,5.7,3.8,951.3
2026-02-20T00:00,2026-02-21T01:00,25,4.94,74,2.3,4.7,3.2,951.4
2026-02-20T00:00,2026-02-21T02:00,26,4.62,84,2.3,3.8,3.3,951.2
2026-02-20T00:00,2026-02-21T03:00,27,4.51,75,2.59,4.5,4.7,951.9
2026-02-20T00:00,2026-02-21T04:00,28,0.76,349,1.14,4.7,5.7,954.3
2026-02-20T00:00,2026-02-21T05:00,29,5.76,236,4.17,8.4,8.2,957.4
2026-02-20T00:00,2026-02-21T06:00,30,13.6,270,8.3,14.3,7.6,958.1
2026-02-20T00:00,2026-02-21T07:00,31,12.67,267,8.01,14.0,8.2,959.4
2026-02-20T00:00,2026-02-21T08:00,32,12.84,275,8.22,15.1,7.5,960.0
2026-02-20T00:00,2026-02-21T09:00,33,10.47,274,7.42,14.2,8.1,960.8
2026-02-20T00:00,2026-02-21T10:00,34,10.06,268,6.96,13.6,7.4,961.2
2026-02-20T00:00,2026-02-21T11:00,35,8.75,264,5.59,11.9,6.7,961.4
2026-02-20T00:00,2026-02-21T12:00,36,8.41,267,5.02,9.3,6.9,961.6
2026-02-20T00:00,2026-02-21T13:00,37,6.4,256,2.86,8.4,5.8,961.4
2026-02-20T00:00,2026-02-21T14:00,38,6.22,245,3.04,5.0,5.6,961.4
2026-02-20T00:00,2026-02-21T15:00,39,5.02,257,1.97,5.0,4.8,961.3
2026-02-20T00:00,2026-02-21T16:00,40,5.27,275,2.33,3.7,5.0,961.8
2026-02-20T00:00,2026-02-21T17:00,41,5.32,275,2.58,4.5,4.6,962.3
2026-02-20T00:00,2026-02-21T18:00,42,7.03,276,3.83,5.9,4.2,962.4
2026-02-20T00:00,2026-02-21T19:00,43,7.56,250,4.46,7.4,3.2,962.5
2026-02-20T00:00,2026-02-21T20:00,44,7.38,243,4.23,7.5,2.1,962.4
2026-02-20T00:00,2026-02-21T21:00,45,6.43,225,3.58,7.1,1.1,961.8
2026-02-20T00:00,2026-02-21T22:00,46,4.71,199,2.7,6.0,-0.3,960.5
2026-02-20T00:00,2026-02-21T23:00,47,2.66,185,1.67,4.6,-1.7,959.4
2026-02-20T00:00,2026-02-22T00:00,48,0.46,311,0.21,3.1,-2.4,958.8
2026-02-20T00:00,2026-02-22T01:00,49,0.93,16,0.28,1.0,-1.9,958.8
2026-02-20T00:00,2026-02-22T02:00,50,1.61,95,0.87,1.2,-1.6,958.2
2026-02-20T00:00,2026-02-22T03:00,51,1.95,87,1.51,2.9,1.0,958.3
2026-02-20T00:00,2026-02-22T04:00,52,2.27,76,1.58,4.1,3.8,958.3
2026-02-20T00:00,2026-02-22T05:00,53,3.09,40,2.5,5.9,5.7,957.4
2026-02-20T00:00,2026-02-22T06:00,54,5.1,41,3.96,8.3,7.1,956.4
2026-02-20T00:00,2026-02-22T07:00,55,7.35,50,5.59,10.9,8.0,955.4
2026-02-20T00:00,2026-02-22T08:00,56,8.29,52,6.23,12.0,9.2,954.1
2026-02-20T00:00,2026-02-22T09:00,57,8.48,52,6.34,12.1,9.7,953.0
2026-02-20T00:00,2026-02-22T10:00,58,8.16,54,6.07,12.0,9.7,952.5
2026-02-20T00:00,2026-02-22T11:00,59,8.08,54,5.56,11.3,8.9,952.1
2026-02-20T00:00,2026-02-22T12:00,60,7.74,57,4.12,9.9,6.7,951.7
2026-02-20T00:00,2026-02-22T13:00,61,6.49,65,2.88,7.1,4.6,951.3
2026-02-20T00:00,2026-02-22T14:00,62,5.17,73,2.3,4.8,3.4,951.0
2026-02-20T00:00,2026-02-22T15:00,63,4.61,75,2.15,3.8,2.2,950.3
2026-02-20T00:00,2026-02-22T16:00,64,4.51,73,2.08,3.7,1.4,950.0
2026-02-20T00:00,2026-02-22T17:00,65,4.65,69,2.0,3.6,1.2,949.7
2026-02-20T00:00,2026-02-22T18:00,66,5.24,66,2.07,3.5,1.0,949.1
2026-02-20T00:00,2026-02-22T19:00,67,5.5,62,2.12,3.5,1.0,948.4
2026-02-20T00:00,2026-02-22T20:00,68,4.96,64,1.8,3.5,0.8,947.9
2026-02-20T00:00,2026-02-22T21:00,69,3.8,65,1.34,2.9,0.5,947.6
2026-02-20T00:00,2026-02-22T22:00,70,3.29,62,1.07,2.1,0.3,947.2
2026-02-20T00:00,2026-02-22T23:00,71,2.56,73,0.78,1.6,0.4,947.3
2026-02-20T06:00,2026-02-20T06:00,0,4.81,235,3.77,,10.9,960.4
2026-02-20T06:00,2026-02-20T07:00,1,4.62,230,3.71,7.4,11.6,959.8
2026-02-20T06:00,2026-02-20T08:00,2,5.03,228,4.0,8.1,12.7,959.0
2026-02-20T06:00,2026-02-20T09:00,3,4.24,236,3.36,8.0,13.9,958.1
2026-02-20T06:00,2026-02-20T10:00,4,3.51,250,2.8,7.0,14.2,957.5
2026-02-20T06:00,2026-02-20T11:00,5,2.56,274,2.14,5.8,13.3,956.9
2026-02-20T06:00,2026-02-20T12:00,6,2.41,310,1.42,3.8,9.4,956.2
2026-02-20T06:00,2026-02-20T13:00,7,0.78,320,0.16,2.1,7.5,956.0
2026-02-20T06:00,2026-02-20T14:00,8,2.27,57,0.97,1.2,6.8,955.6
2026-02-20T06:00,2026-02-20T15:00,9,6.13,56,2.37,3.7,6.6,955.4
2026-02-20T06:00,2026-02-20T16:00,10,7.42,60,3.28,5.6,6.7,955.1
2026-02-20T06:00,2026-02-20T17:00,11,7.13,64,3.22,5.6,5.4,954.4
2026-02-20T06:00,2026-02-20T18:00,12,8.17,66,4.19,6.7,4.6,953.8
2026-02-20T06:00,2026-02-20T19:00,13,8.5,69,4.45,7.3,4.1,953.1
2026-02-20T06:00,2026-02-20T20:00,14,8.46,73,4.46,7.5,4.2,952.7
2026-02-20T06:00,2026-02-20T21:00,15,7.72,73,3.99,7.4,4.3,952.4
2026-02-20T06:00,2026-02-20T22:00,16,7.21,72,3.67,6.6,4.3,952.2
2026-02-20T06:00,2026-02-20T23:00,17,6.96,72,3.51,6.1,4.1,952.0
2026-02-20T06:00,2026-02-21T00:00,18,6.37,73,3.23,5.9,4.0,951.8
2026-02-20T06:00,2026-02-21T01:00,19,5.77,76,2.94,5.4,3.7,951.6
2026-02-20T06:00,2026-02-21T02:00,20,5.33,80,2.8,4.8,3.8,951.3
2026-02-20T06:00,2026-02-21T03:00,21,5.01,71,2.93,5.0,5.0,952.1
2026-02-20T06:00,2026-02-21T04:00,22,2.05,56,0.97,5.1,6.9,953.9
2026-02-20T06:00,2026-02-21T05:00,23,5.82,249,4.2,8.6,8.2,957.1
2026-02-20T06:00,2026-02-21T06:00,24,11.25,270,7.06,11.9,8.1,958.4
2026-02-20T06:00,2026-02-21T07:00,25,11.51,268,7.1,12.8,7.8,959.6
2026-02-20T06:00,2026-02-21T08:00,26,13.05,270,8.3,14.6,7.2,960.5
2026-02-20T06:00,2026-02-21T09:00,27,12.36,272,8.4,15.0,7.4,961.4
2026-02-20T06:00,2026-02-21T10:00,28,9.35,271,6.7,14.7,7.3,961.9
2026-02-20T06:00,2026-02-21T11:00,29,7.45,272,5.01,12.1,7.2,962.0
2026-02-20T06:00,2026-02-21T12:00,30,6.3,271,3.55,8.2,6.9,962.0
2026-02-20T06:00,2026-02-21T13:00,31,4.35,267,1.59,6.0,5.1,961.7
2026-02-20T06:00,2026-02-21T14:00,32,3.86,257,1.59,2.3,3.9,961.4
2026-02-20T06:00,2026-02-21T15:00,33,5.12,248,2.23,3.6,4.0,961.0
2026-02-20T06:00,2026-02-21T16:00,34,7.29,254,3.55,5.6,4.4,961.2
2026-02-20T06:00,2026-02-21T17:00,35,8.57,261,4.43,7.3,4.9,961.6
2026-02-20T06:00,2026-02-21T18:00,36,7.7,261,3.67,7.3,4.2,961.5
2026-02-20T06:00,2026-02-21T19:00,37,7.44,257,3.71,6.1,3.3,961.9
2026-02-20T06:00,2026-02-21T20:00,38,7.81,240,3.96,6.6,1.9,961.7
2026-02-20T06:00,2026-02-21T21:00,39,6.74,235,3.38,6.6,1.4,961.2
2026-02-20T06:00,2026-02-21T22:00,40,5.07,221,2.52,5.7,0.9,960.4
2026-02-20T06:00,2026-02-21T23:00,41,2.37,226,0.92,4.1,-0.6,959.6
2026-02-20T06:00,2026-02-22T00:00,42,1.63,297,0.28,1.4,-0.6,959.6
2026-02-20T06:00,2026-02-22T01:00,43,1.04,305,0.18,0.5,-0.9,959.2
2026-02-20T06:00,2026-02-22T02:00,44,0.29,149,0.22,0.3,-1.1,958.6
2026-02-20T06:00,2026-02-22T03:00,45,1.09,74,1.04,2.3,1.2,958.4
2026-02-20T06:00,2026-02-22T04:00,46,1.92,65,1.52,4.1,3.4,958.1
2026-02-20T06:00,2026-02-22T05:00,47,2.91,35,2.35,5.8,5.2,957.3
2026-02-20T06:00,2026-02-22T06:00,48,4.81,44,3.8,8.0,6.7,956.4
2026-02-20T06:00,2026-02-22T07:00,49,6.83,48,5.27,10.4,7.9,955.3
2026-02-20T06:00,2026-02-22T08:00,50,7.9,52,5.98,11.5,9.2,954.0
2026-02-20T06:00,2026-02-22T09:00,51,8.31,53,6.24,11.9,9.6,953.0
2026-02-20T06:00,2026-02-22T10:00,52,8.29,53,6.13,11.8,9.5,952.4
2026-02-20T06:00,2026-02-22T11:00,53,7.88,54,5.47,11.4,8.9,951.9
2026-02-20T06:00,2026-02-22T12:00,54,7.77,58,4.11,9.7,6.7,951.5
2026-02-20T06:00,2026-02-22T13:00,55,6.15,68,2.65,7.0,4.4,951.2
2026-02-20T06:00,2026-02-22T14:00,56,4.75,75,2.13,4.4,3.2,950.8
2026-02-20T06:00,2026-02-22T15:00,57,4.24,78,2.13,3.5,2.0,950.1
2026-02-20T06:00,2026-02-22T16:00,58,4.12,76,2.04,3.6,1.1,949.7
2026-02-20T06:00,2026-02-22T17:00,59,4.48,70,1.92,3.6,0.7,949.3
2026-02-20T06:00,2026-02-22T18:00,60,4.9,64,1.91,3.3,0.8,948.9
2026-02-20T06:00,2026-02-22T19:00,61,4.99,66,1.88,3.3,0.8,948.4
2026-02-20T06:00,2026-02-22T20:00,62,4.36,63,1.53,3.1,0.7,948.0
2026-02-20T06:00,2026-02-22T21:00,63,3.63,60,1.21,2.5,0.3,947.7
2026-02-20T06:00,2026-02-22T22:00,64,2.91,71,0.97,1.8,0.5,947.3
2026-02-20T06:00,2026-02-22T23:00,65,2.58,75,0.87,1.5,0.8,947.3
2026-02-20T06:00,2026-02-23T00:00,66,1.71,97,0.64,1.3,1.2,947.6
2026-02-20T06:00,2026-02-23T01:00,67,1.01,117,0.45,0.9,1.5,947.9
2026-02-20T06:00,2026-02-23T02:00,68,1.0,143,0.6,0.8,2.2,948.0
2026-02-20T06:00,2026-02-23T03:00,69,1.32,191,0.79,1.0,4.4,948.7
2026-02-20T06:00,2026-02-23T04:00,70,1.96,238,0.86,2.5,6.9,949.2
2026-02-20T06:00,2026-02-23T05:00,71,2.35,268,1.76,4.4,8.9,949.3
2026-02-20T12:00,2026-02-20T12:00,0,2.51,314,1.28,,10.2,955.6
2026-02-20T12:00,2026-02-20T13:00,1,2.08,330,0.59,1.8,7.6,955.5
2026-02-20T12:00,2026-02-20T14:00,2,1.39,52,0.4,0.9,7.0,955.7
2026-02-20T12:00,2026-02-20T15:00,3,5.09,59,2.17,3.1,6.4,955.6
2026-02-20T12:00,2026-02-20T16:00,4,6.88,60,2.42,3.7,6.5,954.9
2026-02-20T12:00,2026-02-20T17:00,5,6.36,66,2.65,4.4,5.8,954.5
2026-02-20T12:00,2026-02-20T18:00,6,6.93,68,3.2,5.2,4.5,953.5
2026-02-20T12:00,2026-02-20T19:00,7,7.54,70,3.8,6.1,3.7,952.6
2026-02-20T12:00,2026-02-20T20:00,8,7.73,73,3.91,6.4,3.7,952.2
2026-02-20T12:00,2026-02-20T21:00,9,7.39,73,3.67,6.4,3.7,952.1
2026-02-20T12:00,2026-02-20T22:00,10,7.01,73,3.39,6.1,3.7,951.9
2026-02-20T12:00,2026-02-20T23:00,11,6.53,72,3.05,5.6,3.4,951.5
2026-02-20T12:00,2026-02-21T00:00,12,6.0,74,2.9,5.2,3.3,951.4
2026-02-20T12:00,2026-02-21T01:00,13,5.98,78,3.03,5.0,3.4,951.1
2026-02-20T12:00,2026-02-21T02:00,14,6.08,76,3.13,5.2,3.2,950.9
2026-02-20T12:00,2026-02-21T03:00,15,5.11,74,3.02,5.4,4.5,951.6
2026-02-20T12:00,2026-02-21T04:00,16,3.67,70,1.94,5.5,6.0,952.7
2026-02-20T12:00,2026-02-21T05:00,17,1.68,307,1.74,4.5,7.2,955.6
2026-02-20T12:00,2026-02-21T06:00,18,11.2,271,7.05,10.6,8.5,958.5
2026-02-20T12:00,2026-02-21T07:00,19,11.95,270,7.45,13.6,8.2,959.5
2026-02-20T12:00,2026-02-21T08:00,20,12.08,274,7.81,14.3,7.7,960.1
2026-02-20T12:00,2026-02-21T09:00,21,10.72,279,7.48,13.6,7.8,961.1
2026-02-20T12:00,2026-02-21T10:00,22,10.06,272,6.9,14.0,6.7,961.8
2026-02-20T12:00,2026-02-21T11:00,23,8.06,277,5.22,11.7,6.3,962.4
2026-02-20T12:00,2026-02-21T12:00,24,6.35,268,3.66,8.8,5.8,962.5
2026-02-20T12:00,2026-02-21T13:00,25,4.89,254,1.99,6.0,5.3,962.3
2026-02-20T12:00,2026-02-21T14:00,26,5.85,255,2.66,4.1,5.4,962.3
2026-02-20T12:00,2026-02-21T15:00,27,7.6,257,3.67,5.9,5.0,962.2
2026-02-20T12:00,2026-02-21T16:00,28,7.88,260,4.05,6.6,4.9,962.2
2026-02-20T12:00,2026-02-21T17:00,29,7.91,252,4.02,6.7,4.5,962.0
2026-02-20T12:00,2026-02-21T18:00,30,6.71,253,3.04,6.6,3.5,961.6
2026-02-20T12:00,2026-02-21T19:00,31,6.69,246,3.12,5.1,2.7,961.9
2026-02-20T12:00,2026-02-21T20:00,32,6.34,236,2.91,5.8,2.3,961.3
2026-02-20T12:00,2026-02-21T21:00,33,4.61,229,1.99,4.8,1.1,960.6
2026-02-20T12:00,2026-02-21T22:00,34,3.26,220,1.43,3.3,-0.6,959.4
2026-02-20T12:00,2026-02-21T23:00,35,0.83,245,0.35,2.5,-1.4,958.8
2026-02-20T12:00,2026-02-22T00:00,36,1.12,339,0.18,0.8,-0.9,958.8
2026-02-20T12:00,2026-02-22T01:00,37,1.08,68,0.68,0.8,-1.4,958.4
2026-02-20T12:00,2026-02-22T02:00,38,2.39,70,1.27,2.1,-1.8,957.5
2026-02-20T12:00,2026-02-22T03:00,39,3.37,69,1.83,3.4,1.2,957.4
2026-02-20T12:00,2026-02-22T04:00,40,4.83,54,2.97,5.8,3.8,957.6
2026-02-20T12:00,2026-02-22T05:00,41,6.48,52,4.71,9.3,4.8,956.6
2026-02-20T12:00,2026-02-22T06:00,42,8.14,51,6.05,11.4,6.7,955.4
2026-02-20T12:00,2026-02-22T07:00,43,9.14,51,6.8,12.9,8.3,954.2
2026-02-20T12:00,2026-02-22T08:00,44,9.49,54,7.07,13.4,9.4,953.0
2026-02-20T12:00,2026-02-22T09:00,45,9.11,55,6.79,13.4,9.7,952.1
2026-02-20T12:00,2026-02-22T10:00,46,8.61,56,6.35,12.8,9.6,951.4
2026-02-20T12:00,2026-02-22T11:00,47,8.1,56,5.7,11.8,9.0,951.1
2026-02-20T12:00,2026-02-22T12:00,48,7.62,58,4.14,10.0,6.9,950.7
2026-02-20T12:00,2026-02-22T13:00,49,6.03,67,2.5,7.0,4.4,950.4
2026-02-20T12:00,2026-02-22T14:00,50,4.43,79,2.07,4.1,3.0,950.0
2026-02-20T12:00,2026-02-22T15:00,51,4.04,82,2.15,3.6,1.7,949.3
2026-02-20T12:00,2026-02-22T16:00,52,4.09,75,2.0,3.7,0.7,948.8
2026-02-20T12:00,2026-02-22T17:00,53,4.3,65,1.68,3.5,0.7,948.6
2026-02-20T12:00,2026-02-22T18:00,54,4.28,60,1.45,2.9,0.7,948.6
2026-02-20T12:00,2026-02-22T19:00,55,3.09,67,0.96,2.5,0.7,948.5
2026-02-20T12:00,2026-02-22T20:00,56,1.78,79,0.54,1.6,1.0,948.2
2026-02-20T12:00,2026-02-22T21:00,57,1.6,104,0.75,1.1,1.4,947.8
2026-02-20T12:00,2026-02-22T22:00,58,1.46,98,0.6,1.1,2.0,947.4
2026-02-20T12:00,2026-02-22T23:00,59,1.71,97,0.57,0.8,2.3,947.3
2026-02-20T12:00,2026-02-23T00:00,60,1.42,141,0.69,0.9,2.3,947.7
2026-02-20T12:00,2026-02-23T01:00,61,1.71,201,0.86,1.2,2.5,947.7
2026-02-20T12:00,2026-02-23T02:00,62,2.87,235,1.31,1.7,2.5,947.8
2026-02-20T12:00,2026-02-23T03:00,63,3.85,247,1.91,2.9,4.4,949.1
2026-02-20T12:00,2026-02-23T04:00,64,3.75,251,1.77,4.0,6.6,950.0
2026-02-20T12:00,2026-02-23T05:00,65,3.34,261,2.45,5.3,8.9,949.9
2026-02-20T12:00,2026-02-23T06:00,66,3.72,276,2.9,6.6,10.5,949.6
2026-02-20T12:00,2026-02-23T07:00,67,3.7,291,3.04,6.8,11.4,949.3
2026-02-20T12:00,2026-02-23T08:00,68,5.44,298,4.25,8.8,11.2,949.2
2026-02-20T12:00,2026-02-23T09:00,69,5.89,291,4.53,9.0,10.9,949.3
2026-02-20T12:00,2026-02-23T10:00,70,6.73,297,5.01,9.3,10.4,949.5
2026-02-20T12:00,2026-02-23T11:00,71,6.81,291,4.65,9.7,9.4,949.8
2026-02-20T18:00,2026-02-20T18:00,0,8.63,72,4.59,,4.9,953.7
2026-02-20T18:00,2026-02-20T19:00,1,8.81,72,4.7,7.9,4.9,953.5
2026-02-20T18:00,2026-02-20T20:00,2,8.24,75,4.27,7.8,5.0,953.0
2026-02-20T18:00,2026-02-20T21:00,3,7.59,72,3.97,7.1,4.9,953.2
2026-02-20T18:00,2026-02-20T22:00,4,7.15,70,3.65,6.6,4.4,952.7
2026-02-20T18:00,2026-02-20T23:00,5,6.32,72,3.27,6.1,4.1,952.6
2026-02-20T18:00,2026-02-21T00:00,6,6.07,71,3.11,5.4,3.9,952.4
2026-02-20T18:00,2026-02-21T01:00,7,5.81,77,2.96,5.2,3.7,952.1
2026-02-20T18:00,2026-02-21T02:00,8,5.82,76,2.93,4.9,3.3,951.5
2026-02-20T18:00,2026-02-21T03:00,9,5.76,67,3.31,5.8,4.5,951.9
2026-02-20T18:00,2026-02-21T04:00,10,4.44,82,2.6,6.1,6.2,953.1
2026-02-20T18:00,2026-02-21T05:00,11,2.09,327,1.87,5.1,7.9,955.6
2026-02-20T18:00,2026-02-21T06:00,12,11.57,276,5.86,8.5,9.0,958.3
2026-02-20T18:00,2026-02-21T07:00,13,12.15,271,7.81,14.1,8.8,959.6
2026-02-20T18:00,2026-02-21T08:00,14,11.67,273,7.66,14.5,7.9,960.1
2026-02-20T18:00,2026-02-21T09:00,15,12.29,277,8.31,15.2,7.6,961.0
2026-02-20T18:00,2026-02-21T10:00,16,10.66,268,7.26,15.3,6.7,962.1
2026-02-20T18:00,2026-02-21T11:00,17,9.55,262,6.12,12.2,6.5,962.7
2026-02-20T18:00,2026-02-21T12:00,18,8.14,264,4.96,10.2,6.7,963.2
2026-02-20T18:00,2026-02-21T13:00,19,6.65,247,3.33,8.3,5.9,963.1
2026-02-20T18:00,2026-02-21T14:00,20,6.72,254,3.22,5.4,6.2,963.0
2026-02-20T18:00,2026-02-21T15:00,21,6.62,262,3.04,5.4,5.6,962.6
2026-02-20T18:00,2026-02-21T16:00,22,5.64,263,2.51,5.0,4.9,962.2
2026-02-20T18:00,2026-02-21T17:00,23,5.43,260,2.51,4.2,4.2,961.9
2026-02-20T18:00,2026-02-21T18:00,24,5.03,245,2.17,4.2,3.2,961.5
2026-02-20T18:00,2026-02-21T19:00,25,4.46,240,1.9,3.6,2.4,961.2
2026-02-20T18:00,2026-02-21T20:00,26,4.56,238,1.87,3.4,1.6,960.5
2026-02-20T18:00,2026-02-21T21:00,27,3.52,238,1.49,3.2,0.3,959.8
2026-02-20T18:00,2026-02-21T22:00,28,1.98,221,0.95,2.6,-0.6,958.8
2026-02-20T18:00,2026-02-21T23:00,29,0.83,295,0.15,2.2,-1.3,958.3
2026-02-20T18:00,2026-02-22T00:00,30,1.15,18,0.41,0.5,-1.1,958.7
2026-02-20T18:00,2026-02-22T01:00,31,1.46,74,0.95,1.4,-1.3,958.1
2026-02-20T18:00,2026-02-22T02:00,32,2.88,70,1.22,2.2,-1.3,957.1
2026-02-20T18:00,2026-02-22T03:00,33,5.15,60,2.61,4.3,1.5,957.4
2026-02-20T18:00,2026-02-22T04:00,34,5.62,56,3.84,7.3,3.8,957.5
2026-02-20T18:00,2026-02-22T05:00,35,6.96,53,5.03,9.7,5.2,956.5
2026-02-20T18:00,2026-02-22T06:00,36,8.36,51,6.19,11.6,6.8,955.4
2026-02-20T18:00,2026-02-22T07:00,37,9.27,52,6.91,13.1,8.5,954.0
2026-02-20T18:00,2026-02-22T08:00,38,9.82,53,7.35,13.8,9.3,952.9
2026-02-20T18:00,2026-02-22T09:00,39,8.97,56,6.67,13.8,9.7,952.1
2026-02-20T18:00,2026-02-22T10:00,40,8.32,55,6.15,12.6,9.9,951.4
2026-02-20T18:00,2026-02-22T11:00,41,7.82,53,5.46,11.5,9.2,951.1
2026-02-20T18:00,2026-02-22T12:00,42,7.42,56,3.94,9.6,7.2,950.7
2026-02-20T18:00,2026-02-22T13:00,43,5.62,66,2.2,6.7,4.6,950.3
2026-02-20T18:00,2026-02-22T14:00,44,4.07,79,1.82,3.6,2.9,949.8
2026-02-20T18:00,2026-02-22T15:00,45,3.68,83,1.96,3.5,1.4,949.0
2026-02-20T18:00,2026-02-22T16:00,46,3.56,73,1.64,3.5,0.8,948.7
2026-02-20T18:00,2026-02-22T17:00,47,3.62,64,1.31,3.0,0.7,948.6
2026-02-20T18:00,2026-02-22T18:00,48,2.93,67,0.99,2.4,0.7,948.7
2026-02-20T18:00,2026-02-22T19:00,49,1.61,95,0.81,1.9,0.9,948.6
2026-02-20T18:00,2026-02-22T20:00,50,1.37,114,0.9,2.1,0.7,947.9
2026-02-20T18:00,2026-02-22T21:00,51,1.55,94,0.89,2.0,1.2,947.5
2026-02-20T18:00,2026-02-22T22:00,52,1.95,77,0.64,1.7,2.1,947.2
2026-02-20T18:00,2026-02-22T23:00,53,2.0,90,0.6,0.9,2.5,947.3
2026-02-20T18:00,2026-02-23T00:00,54,1.31,137,0.61,0.9,2.5,947.7
2026-02-20T18:00,2026-02-23T01:00,55,2.27,221,1.11,1.4,2.3,947.9
2026-02-20T18:00,2026-02-23T02:00,56,4.74,252,2.09,3.2,2.4,948.5
2026-02-20T18:00,2026-02-23T03:00,57,5.36,256,2.65,4.3,3.9,949.9
2026-02-20T18:00,2026-02-23T04:00,58,5.15,252,2.62,4.8,6.6,950.9
2026-02-20T18:00,2026-02-23T05:00,59,4.63,263,3.47,7.0,8.5,950.8
2026-02-20T18:00,2026-02-23T06:00,60,5.23,280,4.03,8.1,9.4,950.6
2026-02-20T18:00,2026-02-23T07:00,61,6.2,283,4.78,9.4,9.3,950.7
2026-02-20T18:00,2026-02-23T08:00,62,6.15,277,4.74,9.6,9.6,950.4
2026-02-20T18:00,2026-02-23T09:00,63,7.01,284,5.37,10.3,9.7,950.6
2026-02-20T18:00,2026-02-23T10:00,64,7.93,291,5.87,10.9,8.7,951.1
2026-02-20T18:00,2026-02-23T11:00,65,8.23,278,5.83,10.9,7.4,951.7
2026-02-20T18:00,2026-02-23T12:00,66,7.87,266,4.7,10.4,5.6,951.8
2026-02-20T18:00,2026-02-23T13:00,67,8.13,254,4.55,8.0,3.9,952.1
2026-02-20T18:00,2026-02-23T14:00,68,8.63,247,4.93,8.1,2.9,952.4
2026-02-20T18:00,2026-02-23T15:00,69,9.01,247,5.24,8.7,2.4,952.7
2026-02-20T18:00,2026-02-23T16:00,70,9.24,246,5.63,9.4,2.0,953.2
2026-02-20T18:00,2026-02-23T17:00,71,8.72,247,5.4,9.4,1.6,953.6
2026-02-21T00:00,2026-02-21T00:00,0,5.53,75,2.84,,4.0,953.1
2026-02-21T00:00,2026-02-21T01:00,1,5.55,88,2.85,4.8,3.5,952.8
2026-02-21T00:00,2026-02-21T02:00,2,5.14,83,2.55,4.8,3.0,952.2
2026-02-21T00:00,2026-02-21T03:00,3,4.74,79,2.77,4.8,4.1,953.4
2026-02-21T00:00,2026-02-21T04:00,4,3.36,42,1.8,5.2,6.3,954.6
2026-02-21T00:00,2026-02-21T05:00,5,4.7,225,3.82,6.9,7.5,958.4
2026-02-21T00:00,2026-02-21T06:00,6,14.04,263,8.73,14.0,8.4,959.2
2026-02-21T00:00,2026-02-21T07:00,7,11.24,265,6.87,15.2,8.3,959.9
2026-02-21T00:00,2026-02-21T08:00,8,10.7,278,7.15,12.0,8.2,960.4
2026-02-21T00:00,2026-02-21T09:00,9,11.49,275,7.53,14.5,7.4,961.5
2026-02-21T00:00,2026-02-21T10:00,10,10.0,270,6.6,14.1,7.1,962.4
2026-02-21T00:00,2026-02-21T11:00,11,8.79,262,5.68,11.1,6.7,962.8
2026-02-21T00:00,2026-02-21T12:00,12,7.44,264,4.49,9.5,6.4,963.1
2026-02-21T00:00,2026-02-21T13:00,13,5.6,247,3.01,7.3,5.7,963.4
2026-02-21T00:00,2026-02-21T14:00,14,4.85,258,2.11,4.8,5.6,963.4
2026-02-21T00:00,2026-02-21T15:00,15,3.67,241,1.8,3.4,5.4,962.8
2026-02-21T00:00,2026-02-21T16:00,16,3.71,233,2.06,3.3,4.8,962.3
2026-02-21T00:00,2026-02-21T17:00,17,4.0,227,2.38,4.0,4.3,961.7
2026-02-21T00:00,2026-02-21T18:00,18,3.69,234,1.95,3.9,3.3,961.3
2026-02-21T00:00,2026-02-21T19:00,19,3.47,243,1.48,3.3,2.0,960.8
2026-02-21T00:00,2026-02-21T20:00,20,3.04,237,1.4,3.0,0.9,960.0
2026-02-21T00:00,2026-02-21T21:00,21,2.2,273,0.76,2.9,-0.5,959.3
2026-02-21T00:00,2026-02-21T22:00,22,1.71,285,0.5,1.5,-1.2,958.9
2026-02-21T00:00,2026-02-21T23:00,23,0.7,270,0.35,1.1,-1.1,958.7
2026-02-21T00:00,2026-02-22T00:00,24,0.5,53,0.49,0.8,-0.9,958.4
2026-02-21T00:00,2026-02-22T01:00,25,2.15,72,1.39,2.0,-1.2,957.8
2026-02-21T00:00,2026-02-22T02:00,26,3.39,74,1.53,2.6,-1.0,956.8
2026-02-21T00:00,2026-02-22T03:00,27,5.57,64,2.82,4.7,1.8,957.2
2026-02-21T00:00,2026-02-22T04:00,28,5.82,60,3.79,7.3,3.6,957.1
2026-02-21T00:00,2026-02-22T05:00,29,7.27,54,5.18,9.8,5.2,956.1
2026-02-21T00:00,2026-02-22T06:00,30,8.69,52,6.41,12.1,7.1,955.2
2026-02-21T00:00,2026-02-22T07:00,31,9.66,54,7.18,13.6,8.7,953.9
2026-02-21T00:00,2026-02-22T08:00,32,9.59,55,7.16,13.7,9.6,952.7
2026-02-21T00:00,2026-02-22T09:00,33,8.93,56,6.67,13.6,10.1,951.8
2026-02-21T00:00,2026-02-22T10:00,34,8.28,55,6.15,12.6,10.0,951.1
2026-02-21T00:00,2026-02-22T11:00,35,7.92,53,5.57,11.5,9.3,950.9
2026-02-21T00:00,2026-02-22T12:00,36,7.72,57,4.16,9.8,7.3,950.5
2026-02-21T00:00,2026-02-22T13:00,37,5.9,68,2.4,7.1,4.8,950.2
2026-02-21T00:00,2026-02-22T14:00,38,4.13,79,1.77,4.0,2.5,949.6
2026-02-21T00:00,2026-02-22T15:00,39,3.18,83,1.63,3.1,1.2,949.3
2026-02-21T00:00,2026-02-22T16:00,40,2.62,72,1.35,3.1,0.6,949.2
2026-02-21T00:00,2026-02-22T17:00,41,1.92,83,1.21,2.8,0.7,949.6
2026-02-21T00:00,2026-02-22T18:00,42,1.98,146,1.52,3.2,0.5,949.5
2026-02-21T00:00,2026-02-22T19:00,43,2.45,160,2.01,3.9,0.3,948.8
2026-02-21T00:00,2026-02-22T20:00,44,1.16,155,1.54,4.0,0.7,948.2
2026-02-21T00:00,2026-02-22T21:00,45,0.75,127,0.84,3.3,1.8,948.1
2026-02-21T00:00,2026-02-22T22:00,46,0.86,187,0.43,1.6,2.9,947.8
2026-02-21T00:00,2026-02-22T23:00,47,1.74,231,0.67,1.0,2.9,948.0
2026-02-21T00:00,2026-02-23T00:00,48,3.0,242,1.46,1.9,2.4,948.1
2026-02-21T00:00,2026-02-23T01:00,49,3.82,256,1.74,2.5,2.1,948.2
2026-02-21T00:00,2026-02-23T02:00,50,3.65,261,1.7,2.6,2.0,948.8
2026-02-21T00:00,2026-02-23T03:00,51,3.42,255,1.64,2.6,4.6,949.8
2026-02-21T00:00,2026-02-23T04:00,52,3.26,266,1.86,3.8,7.0,950.8
2026-02-21T00:00,2026-02-23T05:00,53,3.63,285,2.62,5.7,8.2,950.9
2026-02-21T00:00,2026-02-23T06:00,54,4.65,289,3.64,7.6,9.0,950.8
2026-02-21T00:00,2026-02-23T07:00,55,5.82,286,4.51,8.9,9.1,950.9
2026-02-21T00:00,2026-02-23T08:00,56,6.5,284,4.96,9.7,9.4,950.7
2026-02-21T00:00,2026-02-23T09:00,57,7.88,291,5.97,11.1,9.2,951.0
2026-02-21T00:00,2026-02-23T10:00,58,8.57,288,6.28,11.6,7.9,951.6
2026-02-21T00:00,2026-02-23T11:00,59,9.19,275,6.47,11.6,6.2,952.4
2026-02-21T00:00,2026-02-23T12:00,60,9.76,267,6.42,11.5,4.8,953.1
2026-02-21T00:00,2026-02-23T13:00,61,10.43,266,6.87,11.7,3.4,954.1
2026-02-21T00:00,2026-02-23T14:00,62,10.2,262,6.62,11.7,2.4,955.0
2026-02-21T00:00,2026-02-23T15:00,63,10.05,269,6.72,11.6,1.8,955.8
2026-02-21T00:00,2026-02-23T16:00,64,10.29,265,6.98,12.0,0.5,956.5
2026-02-21T00:00,2026-02-23T17:00,65,10.27,254,6.96,12.2,-1.0,957.4
2026-02-21T00:00,2026-02-23T18:00,66,9.95,244,6.72,12.0,-2.3,957.8
2026-02-21T00:00,2026-02-23T19:00,67,9.6,239,6.39,11.6,-3.0,957.7
2026-02-21T00:00,2026-02-23T20:00,68,9.81,234,6.37,11.3,-3.4,957.5
2026-02-21T00:00,2026-02-23T21:00,69,9.03,234,5.66,11.2,-3.3,957.5
2026-02-21T00:00,2026-02-23T22:00,70,8.59,234,5.8,9.8,-3.5,957.4
2026-02-21T00:00,2026-02-23T23:00,71,8.87,230,6.01,10.1,-3.4,957.5
2026-02-21T06:00,2026-02-21T06:00,0,15.17,267,9.7,,8.2,959.9
2026-02-21T06:00,2026-02-21T07:00,1,12.2,265,7.65,16.4,8.0,961.0
2026-02-21T06:00,2026-02-21T08:00,2,11.22,273,7.47,13.0,8.2,961.4
2026-02-21T06:00,2026-02-21T09:00,3,12.3,271,8.2,14.0,7.5,962.3
2026-02-21T06:00,2026-02-21T10:00,4,11.04,261,7.42,14.3,7.5,962.9
2026-02-21T06:00,2026-02-21T11:00,5,9.57,252,5.98,12.6,6.1,963.4
2026-02-21T06:00,2026-02-21T12:00,6,7.59,256,4.48,9.9,6.2,963.4
2026-02-21T06:00,2026-02-21T13:00,7,7.08,249,3.67,7.3,5.7,963.7
2026-02-21T06:00,2026-02-21T14:00,8,5.54,257,2.62,6.0,5.6,963.6
2026-02-21T06:00,2026-02-21T15:00,9,3.56,244,1.46,4.2,5.2,963.0
2026-02-21T06:00,2026-02-21T16:00,10,2.87,223,1.61,2.6,4.8,962.4
2026-02-21T06:00,2026-02-21T17:00,11,3.34,215,2.25,3.7,3.9,961.5
2026-02-21T06:00,2026-02-21T18:00,12,3.04,228,1.75,3.8,3.1,961.2
2026-02-21T06:00,2026-02-21T19:00,13,2.67,257,1.16,3.1,1.7,960.7
2026-02-21T06:00,2026-02-21T20:00,14,2.57,257,1.21,2.7,1.0,960.4
2026-02-21T06:00,2026-02-21T21:00,15,2.27,262,0.95,2.5,0.3,959.8
2026-02-21T06:00,2026-02-21T22:00,16,1.37,246,0.8,2.2,-0.3,959.1
2026-02-21T06:00,2026-02-21T23:00,17,1.26,304,0.2,2.0,-1.1,958.8
2026-02-21T06:00,2026-02-22T00:00,18,0.7,4,0.25,0.5,-1.1,958.8
2026-02-21T06:00,2026-02-22T01:00,19,1.39,75,0.93,1.4,-1.5,958.4
2026-02-21T06:00,2026-02-22T02:00,20,2.21,86,1.31,2.3,-1.3,957.4
2026-02-21T06:00,2026-02-22T03:00,21,3.58,65,2.04,3.5,1.5,957.6
2026-02-21T06:00,2026-02-22T04:00,22,5.07,53,3.43,6.6,3.6,957.5
2026-02-21T06:00,2026-02-22T05:00,23,6.46,53,4.67,9.1,5.2,956.5
2026-02-21T06:00,2026-02-22T06:00,24,8.18,51,6.09,11.5,6.9,955.4
2026-02-21T06:00,2026-02-22T07:00,25,9.25,52,6.91,13.1,8.7,954.3
2026-02-21T06:00,2026-02-22T08:00,26,9.18,55,6.83,13.3,9.6,952.9
2026-02-21T06:00,2026-02-22T09:00,27,8.45,55,6.33,13.0,10.0,952.1
2026-02-21T06:00,2026-02-22T10:00,28,8.05,54,5.96,12.1,9.9,951.5
2026-02-21T06:00,2026-02-22T11:00,29,7.68,53,5.36,11.2,9.3,951.2
2026-02-21T06:00,2026-02-22T12:00,30,7.5,55,3.98,9.5,7.3,950.6
2026-02-21T06:00,2026-02-22T13:00,31,6.09,66,2.53,6.9,4.8,950.4
2026-02-21T06:00,2026-02-22T14:00,32,4.26,77,1.8,4.2,2.5,949.8
2026-02-21T06:00,2026-02-22T15:00,33,3.59,77,1.69,3.1,1.3,949.4
2026-02-21T06:00,2026-02-22T16:00,34,2.72,77,1.45,3.1,0.4,949.2
2026-02-21T06:00,2026-02-22T17:00,35,2.31,72,1.28,2.9,0.5,949.6
2026-02-21T06:00,2026-02-22T18:00,36,1.53,122,1.36,3.1,-0.2,949.5
2026-02-21T06:00,2026-02-22T19:00,37,2.07,160,1.73,3.5,-0.2,948.8
2026-02-21T06:00,2026-02-22T20:00,38,1.86,153,1.92,3.9,-0.3,948.1
2026-02-21T06:00,2026-02-22T21:00,39,0.99,131,1.05,3.9,1.1,948.0
2026-02-21T06:00,2026-02-22T22:00,40,0.96,99,0.47,2.4,2.3,947.7
2026-02-21T06:00,2026-02-22T23:00,41,0.72,155,0.21,0.8,3.3,947.9
2026-02-21T06:00,2026-02-23T00:00,42,1.5,217,0.5,0.8,2.8,948.1
2026-02-21T06:00,2026-02-23T01:00,43,2.46,243,1.07,1.4,2.3,948.3
2026-02-21T06:00,2026-02-23T02:00,44,3.34,251,1.66,2.3,2.3,948.7
2026-02-21T06:00,2026-02-23T03:00,45,3.53,249,1.84,2.7,4.9,949.6
2026-02-21T06:00,2026-02-23T04:00,46,3.35,261,1.94,3.9,7.2,950.3
2026-02-21T06:00,2026-02-23T05:00,47,3.66,280,2.73,5.9,8.2,950.5
2026-02-21T06:00,2026-02-23T06:00,48,4.94,286,3.86,7.9,9.2,950.4
2026-02-21T06:00,2026-02-23T07:00,49,6.33,284,4.88,9.6,9.3,950.5
2026-02-21T06:00,2026-02-23T08:00,50,6.72,279,5.06,9.7,9.0,950.4
2026-02-21T06:00,2026-02-23T09:00,51,7.8,286,5.84,10.9,9.0,950.6
2026-02-21T06:00,2026-02-23T10:00,52,8.98,288,6.53,11.9,7.8,951.4
2026-02-21T06:00,2026-02-23T11:00,53,9.37,277,6.63,12.2,6.2,952.0
2026-02-21T06:00,2026-02-23T12:00,54,9.85,269,6.46,11.8,5.1,952.8
2026-02-21T06:00,2026-02-23T13:00,55,10.55,268,6.99,11.9,3.8,954.0
2026-02-21T06:00,2026-02-23T14:00,56,10.59,261,7.14,12.5,2.4,955.1
2026-02-21T06:00,2026-02-23T15:00,57,10.62,267,7.16,12.3,1.3,955.9
2026-02-21T06:00,2026-02-23T16:00,58,10.5,270,7.16,12.5,0.4,956.6
2026-02-21T06:00,2026-02-23T17:00,59,10.47,263,7.05,12.6,-0.8,957.5
2026-02-21T06:00,2026-02-23T18:00,60,10.12,252,6.94,12.3,-2.2,957.9
2026-02-21T06:00,2026-02-23T19:00,61,10.05,241,6.48,12.0,-3.1,957.8
2026-02-21T06:00,2026-02-23T20:00,62,9.9,237,6.45,11.3,-3.5,957.8
2026-02-21T06:00,2026-02-23T21:00,63,9.04,235,6.2,10.9,-3.4,957.7
2026-02-21T06:00,2026-02-23T22:00,64,9.07,236,5.98,10.5,-3.7,957.4
2026-02-21T06:00,2026-02-23T23:00,65,9.32,229,6.16,10.4,-3.6,957.3
2026-02-21T06:00,2026-02-24T00:00,66,9.34,223,5.99,10.6,-3.4,957.6
2026-02-21T06:00,2026-02-24T01:00,67,9.46,221,5.58,10.3,-3.2,957.6
2026-02-21T06:00,2026-02-24T02:00,68,9.21,228,5.62,10.2,-2.7,957.8
2026-02-21T06:00,2026-02-24T03:00,69,7.93,233,5.33,9.9,-1.9,958.2
2026-02-21T06:00,2026-02-24T04:00,70,7.1,238,5.19,9.6,-1.0,958.4
2026-02-21T06:00,2026-02-24T05:00,71,6.76,242,5.12,9.7,0.6,958.5
2026-02-21T12:00,2026-02-21T12:00,0,7.33,257,4.02,,6.0,963.7
2026-02-21T12:00,2026-02-21T13:00,1,7.67,255,4.14,6.8,5.9,963.8
2026-02-21T12:00,2026-02-21T14:00,2,5.97,261,2.93,7.1,6.0,963.8
2026-02-21T12:00,2026-02-21T15:00,3,3.5,268,1.27,4.7,5.4,963.3
2026-02-21T12:00,2026-02-21T16:00,4,3.76,247,1.61,2.5,5.0,962.6
2026-02-21T12:00,2026-02-21T17:00,5,4.39,233,2.53,4.0,5.5,962.4
2026-02-21T12:00,2026-02-21T18:00,6,4.81,232,2.4,4.2,5.0,961.8
2026-02-21T12:00,2026-02-21T19:00,7,4.2,261,1.7,3.8,4.6,961.6
2026-02-21T12:00,2026-02-21T20:00,8,5.11,247,2.12,3.5,3.2,961.3
2026-02-21T12:00,2026-02-21T21:00,9,3.66,238,1.42,3.5,2.1,960.5
2026-02-21T12:00,2026-02-21T22:00,10,2.5,267,0.85,2.1,0.1,959.3
2026-02-21T12:00,2026-02-21T23:00,11,1.75,283,0.5,1.5,-1.6,958.8
2026-02-21T12:00,2026-02-22T00:00,12,0.3,360,0.49,1.4,-2.1,958.3
2026-02-21T12:00,2026-02-22T01:00,13,1.74,63,1.03,1.9,-2.2,957.9
2026-02-21T12:00,2026-02-22T02:00,14,2.05,89,1.47,2.7,-1.8,957.3
2026-02-21T12:00,2026-02-22T03:00,15,2.75,71,1.87,3.7,0.9,957.4
2026-02-21T12:00,2026-02-22T04:00,16,4.88,55,3.26,6.4,3.0,957.3
2026-02-21T12:00,2026-02-22T05:00,17,6.56,52,4.78,9.2,4.8,956.6
2026-02-21T12:00,2026-02-22T06:00,18,8.4,52,6.23,11.8,7.2,955.5
2026-02-21T12:00,2026-02-22T07:00,19,9.6,53,7.16,13.5,9.0,954.0
2026-02-21T12:00,2026-02-22T08:00,20,9.54,56,7.14,13.9,9.9,952.6
2026-02-21T12:00,2026-02-22T09:00,21,8.96,56,6.71,13.6,10.1,952.0
2026-02-21T12:00,2026-02-22T10:00,22,8.23,55,6.12,12.6,10.2,951.5
2026-02-21T12:00,2026-02-22T11:00,23,7.74,56,5.46,11.4,9.7,951.1
2026-02-21T12:00,2026-02-22T12:00,24,7.54,57,4.08,9.6,7.7,950.7
2026-02-21T12:00,2026-02-22T13:00,25,6.04,68,2.5,7.0,5.1,950.4
2026-02-21T12:00,2026-02-22T14:00,26,4.16,80,1.81,4.1,2.7,949.8
2026-02-21T12:00,2026-02-22T15:00,27,3.31,87,1.84,3.5,1.0,949.3
2026-02-21T12:00,2026-02-22T16:00,28,2.2,90,1.66,3.6,0.6,949.3
2026-02-21T12:00,2026-02-22T17:00,29,1.76,95,1.66,3.3,0.9,949.7
2026-02-21T12:00,2026-02-22T18:00,30,1.8,146,2.0,3.6,0.7,949.8
2026-02-21T12:00,2026-02-22T19:00,31,2.57,167,2.11,4.0,0.7,949.1
2026-02-21T12:00,2026-02-22T20:00,32,1.88,155,1.92,4.0,0.6,948.2
2026-02-21T12:00,2026-02-22T21:00,33,1.08,124,1.1,3.8,1.4,947.8
2026-02-21T12:00,2026-02-22T22:00,34,1.11,108,0.4,2.4,2.8,947.6
2026-02-21T12:00,2026-02-22T23:00,35,0.75,143,0.1,0.6,3.3,947.8
2026-02-21T12:00,2026-02-23T00:00,36,1.45,207,0.47,0.7,2.8,948.1
2026-02-21T12:00,2026-02-23T01:00,37,2.8,248,1.31,1.7,2.3,948.4
2026-02-21T12:00,2026-02-23T02:00,38,4.27,260,1.99,3.2,1.8,949.1
2026-02-21T12:00,2026-02-23T03:00,39,4.36,252,2.09,3.3,4.0,950.3
2026-02-21T12:00,2026-02-23T04:00,40,4.01,256,2.49,4.7,7.1,951.1
2026-02-21T12:00,2026-02-23T05:00,41,4.55,271,3.4,6.7,8.8,951.2
2026-02-21T12:00,2026-02-23T06:00,42,5.65,283,4.35,8.7,9.3,951.2
2026-02-21T12:00,2026-02-23T07:00,43,6.83,288,5.23,10.2,9.0,951.3
2026-02-21T12:00,2026-02-23T08:00,44,7.5,282,5.61,10.4,8.3,951.2
2026-02-21T12:00,2026-02-23T09:00,45,8.17,283,6.1,11.4,8.2,951.7
2026-02-21T12:00,2026-02-23T10:00,46,8.61,283,6.27,11.5,7.3,952.3
2026-02-21T12:00,2026-02-23T11:00,47,9.13,274,6.46,11.6,6.2,952.8
2026-02-21T12:00,2026-02-23T12:00,48,9.95,268,6.67,11.6,4.8,953.6
2026-02-21T12:00,2026-02-23T13:00,49,10.48,263,7.03,11.9,3.5,954.7
2026-02-21T12:00,2026-02-23T14:00,50,10.31,262,6.93,12.0,2.5,955.6
2026-02-21T12:00,2026-02-23T15:00,51,10.31,267,7.0,12.0,1.6,956.3
2026-02-21T12:00,2026-02-23T16:00,52,10.38,261,7.03,12.1,0.5,957.0
2026-02-21T12:00,2026-02-23T17:00,53,9.88,247,6.62,12.1,-1.0,957.8
2026-02-21T12:00,2026-02-23T18:00,54,9.4,237,6.3,11.5,-1.9,957.7
2026-02-21T12:00,2026-02-23T19:00,55,9.42,233,6.01,10.7,-2.4,957.4
2026-02-21T12:00,2026-02-23T20:00,56,8.7,227,5.54,10.1,-2.6,957.2
2026-02-21T12:00,2026-02-23T21:00,57,8.43,231,5.28,9.3,-2.7,957.1
2026-02-21T12:00,2026-02-23T22:00,58,8.14,231,5.24,8.9,-2.6,957.0
2026-02-21T12:00,2026-02-23T23:00,59,8.21,228,5.35,9.0,-2.7,957.0
2026-02-21T12:00,2026-02-24T00:00,60,8.09,220,5.26,8.9,-2.6,957.1
2026-02-21T12:00,2026-02-24T01:00,61,8.42,226,5.36,9.2,-2.3,957.3
2026-02-21T12:00,2026-02-24T02:00,62,8.49,226,5.05,9.3,-2.2,957.5
2026-02-21T12:00,2026-02-24T03:00,63,6.97,222,4.69,8.9,-1.3,957.7
2026-02-21T12:00,2026-02-24T04:00,64,6.2,236,4.56,8.4,-0.1,957.7
2026-02-21T12:00,2026-02-24T05:00,65,5.87,247,4.52,8.7,1.0,957.7
2026-02-21T12:00,2026-02-24T06:00,66,5.73,249,4.43,8.8,2.0,957.8
2026-02-21T12:00,2026-02-24T07:00,67,5.75,255,4.5,9.0,3.1,957.7
2026-02-21T12:00,2026-02-24T08:00,68,5.79,260,4.56,9.1,3.5,957.4
2026-02-21T12:00,2026-02-24T09:00,69,5.38,260,4.16,9.1,3.2,957.4
2026-02-21T12:00,2026-02-24T10:00,70,4.86,253,3.75,8.2,3.0,957.5
2026-02-21T12:00,2026-02-24T11:00,71,4.59,250,3.46,7.3,2.3,957.7
2026-02-21T18:00,2026-02-21T18:00,0,5.78,230,2.71,,5.6,962.3
2026-02-21T18:00,2026-02-21T19:00,1,5.13,264,2.04,4.4,5.4,962.3
2026-02-21T18:00,2026-02-21T20:00,2,4.27,237,1.95,3.3,3.4,961.7
2026-02-21T18:00,2026-02-21T21:00,3,3.45,204,1.91,3.7,1.1,960.2
2026-02-21T18:00,2026-02-21T22:00,4,0.92,193,1.33,3.4,-0.3,958.7
2026-02-21T18:00,2026-02-21T23:00,5,0.47,108,1.19,2.7,-1.0,958.3
2026-02-21T18:00,2026-02-22T00:00,6,1.47,80,1.16,2.7,-1.3,957.8
2026-02-21T18:00,2026-02-22T01:00,7,2.86,78,1.42,2.4,-1.0,957.7
2026-02-21T18:00,2026-02-22T02:00,8,3.46,86,1.92,3.3,-0.2,957.0
2026-02-21T18:00,2026-02-22T03:00,9,4.09,82,2.4,4.3,2.3,957.0
2026-02-21T18:00,2026-02-22T04:00,10,6.05,68,3.22,6.2,5.2,957.0
2026-02-21T18:00,2026-02-22T05:00,11,7.7,56,5.47,10.5,6.1,956.4
2026-02-21T18:00,2026-02-22T06:00,12,9.12,54,6.71,12.6,7.4,955.5
2026-02-21T18:00,2026-02-22T07:00,13,10.1,53,7.52,14.0,8.7,954.2
2026-02-21T18:00,2026-02-22T08:00,14,10.1,55,7.52,14.3,9.8,952.9
2026-02-21T18:00,2026-02-22T09:00,15,9.51,56,7.07,14.1,10.1,952.0
2026-02-21T18:00,2026-02-22T10:00,16,8.47,56,6.29,13.2,10.2,951.6
2026-02-21T18:00,2026-02-22T11:00,17,7.57,56,5.36,11.7,9.8,951.3
2026-02-21T18:00,2026-02-22T12:00,18,7.39,56,3.94,9.4,7.8,950.9
2026-02-21T18:00,2026-02-22T13:00,19,6.13,66,2.57,6.8,5.2,950.8
2026-02-21T18:00,2026-02-22T14:00,20,4.54,79,2.0,4.3,2.8,950.1
2026-02-21T18:00,2026-02-22T15:00,21,3.49,81,1.85,3.4,1.3,949.6
2026-02-21T18:00,2026-02-22T16:00,22,3.14,76,1.73,3.5,0.6,949.5
2026-02-21T18:00,2026-02-22T17:00,23,2.67,82,1.64,3.3,0.6,949.6
2026-02-21T18:00,2026-02-22T18:00,24,1.96,109,1.33,3.3,0.4,949.6
2026-02-21T18:00,2026-02-22T19:00,25,2.03,142,1.7,3.6,0.0,949.0
2026-02-21T18:00,2026-02-22T20:00,26,1.57,143,1.52,3.7,0.4,948.4
2026-02-21T18:00,2026-02-22T21:00,27,1.45,86,0.93,3.2,1.4,948.2
2026-02-21T18:00,2026-02-22T22:00,28,2.01,94,0.85,1.8,2.3,947.9
2026-02-21T18:00,2026-02-22T23:00,29,1.25,127,0.57,1.2,2.9,947.9
2026-02-21T18:00,2026-02-23T00:00,30,0.89,196,0.45,0.8,2.9,948.0
2026-02-21T18:00,2026-02-23T01:00,31,2.02,250,0.96,1.3,2.2,948.2
2026-02-21T18:00,2026-02-23T02:00,32,3.92,253,2.02,3.2,1.6,948.8
2026-02-21T18:00,2026-02-23T03:00,33,4.32,252,2.3,3.6,3.8,950.0
2026-02-21T18:00,2026-02-23T04:00,34,4.04,255,2.26,4.4,6.6,950.9
2026-02-21T18:00,2026-02-23T05:00,35,4.22,265,3.2,6.4,8.3,951.0
2026-02-21T18:00,2026-02-23T06:00,36,5.43,280,4.19,8.4,9.2,950.8
2026-02-21T18:00,2026-02-23T07:00,37,6.09,288,4.78,9.5,9.5,950.8
2026-02-21T18:00,2026-02-23T08:00,38,6.73,283,5.09,9.8,8.7,951.0
2026-02-21T18:00,2026-02-23T09:00,39,7.39,279,5.45,10.1,8.1,951.3
2026-02-21T18:00,2026-02-23T10:00,40,8.48,280,6.22,11.4,7.7,951.8
2026-02-21T18:00,2026-02-23T11:00,41,8.81,272,6.1,11.5,6.3,952.5
2026-02-21T18:00,2026-02-23T12:00,42,9.91,264,6.67,11.4,5.2,953.2
2026-02-21T18:00,2026-02-23T13:00,43,10.44,261,7.08,12.1,3.8,954.2
2026-02-21T18:00,2026-02-23T14:00,44,10.74,261,7.26,12.2,2.5,955.2
2026-02-21T18:00,2026-02-23T15:00,45,10.64,262,7.15,12.5,1.4,956.1
2026-02-21T18:00,2026-02-23T16:00,46,10.69,262,7.2,12.6,0.7,956.8
2026-02-21T18:00,2026-02-23T17:00,47,10.31,252,6.95,12.8,-0.9,957.6
2026-02-21T18:00,2026-02-23T18:00,48,9.55,238,6.46,12.1,-2.0,957.8
2026-02-21T18:00,2026-02-23T19:00,49,9.6,235,6.15,11.5,-2.5,957.5
2026-02-21T18:00,2026-02-23T20:00,50,8.58,232,5.59,10.3,-2.4,957.3
2026-02-21T18:00,2026-02-23T21:00,51,8.11,233,5.27,9.4,-2.4,957.2
2026-02-21T18:00,2026-02-23T22:00,52,8.04,233,5.34,8.9,-2.5,956.9
2026-02-21T18:00,2026-02-23T23:00,53,8.38,226,5.56,9.4,-2.6,956.8
2026-02-21T18:00,2026-02-24T00:00,54,8.3,221,5.13,9.4,-2.5,957.0
2026-02-21T18:00,2026-02-24T01:00,55,8.56,227,5.09,9.1,-2.2,957.3
2026-02-21T18:00,2026-02-24T02:00,56,8.42,231,5.02,9.0,-2.0,957.5
2026-02-21T18:00,2026-02-24T03:00,57,6.84,229,4.67,8.7,-1.4,957.7
2026-02-21T18:00,2026-02-24T04:00,58,6.41,237,4.69,8.5,-0.5,957.8
2026-02-21T18:00,2026-02-24T05:00,59,6.26,242,4.74,8.8,0.3,957.9
2026-02-21T18:00,2026-02-24T06:00,60,6.07,246,4.64,9.1,1.8,958.0
2026-02-21T18:00,2026-02-24T07:00,61,6.03,253,4.64,9.0,2.2,958.0
2026-02-21T18:00,2026-02-24T08:00,62,5.73,258,4.44,9.0,2.5,957.9
2026-02-21T18:00,2026-02-24T09:00,63,5.29,260,4.11,8.6,2.8,957.9
2026-02-21T18:00,2026-02-24T10:00,64,4.76,251,3.68,8.0,2.4,957.8
2026-02-21T18:00,2026-02-24T11:00,65,4.33,248,3.28,6.9,1.8,958.0
2026-02-21T18:00,2026-02-24T12:00,66,3.74,254,2.12,6.0,0.8,958.1
2026-02-21T18:00,2026-02-24T13:00,67,2.98,261,1.29,3.5,-1.1,957.9
2026-02-21T18:00,2026-02-24T14:00,68,2.2,270,0.81,1.8,-1.6,958.0
2026-02-21T18:00,2026-02-24T15:00,69,1.56,320,0.29,1.1,-1.6,957.7
2026-02-21T18:00,2026-02-24T16:00,70,2.21,5,0.67,0.8,-2.1,958.0
2026-02-21T18:00,2026-02-24T17:00,71,2.91,41,1.41,2.3,-2.4,958.2
2026-02-22T00:00,2026-02-22T00:00,0,1.22,35,0.54,,-1.1,958.5
2026-02-22T00:00,2026-02-22T01:00,1,1.46,98,0.97,1.6,-0.9,958.3
2026-02-22T00:00,2026-02-22T02:00,2,2.14,106,1.7,2.7,-0.2,957.8
2026-02-22T00:00,2026-02-22T03:00,3,2.61,85,1.76,3.4,1.1,957.8
2026-02-22T00:00,2026-02-22T04:00,4,4.3,59,3.04,6.0,3.2,957.7
2026-02-22T00:00,2026-02-22T05:00,5,6.51,54,4.79,9.2,5.7,956.8
2026-02-22T00:00,2026-02-22T06:00,6,8.53,53,6.38,12.1,7.6,955.6
2026-02-22T00:00,2026-02-22T07:00,7,9.28,53,6.95,13.3,9.0,954.3
2026-02-22T00:00,2026-02-22T08:00,8,9.04,56,6.81,13.4,9.8,952.9
2026-02-22T00:00,2026-02-22T09:00,9,8.43,56,6.35,13.0,10.0,952.2
2026-02-22T00:00,2026-02-22T10:00,10,7.57,56,5.67,12.0,10.3,951.8
2026-02-22T00:00,2026-02-22T11:00,11,7.09,54,5.08,10.7,9.7,951.4
2026-02-22T00:00,2026-02-22T12:00,12,7.06,55,3.65,8.9,7.6,951.0
2026-02-22T00:00,2026-02-22T13:00,13,6.02,66,2.46,6.3,5.1,950.8
2026-02-22T00:00,2026-02-22T14:00,14,4.03,83,1.81,4.1,2.9,950.0
2026-02-22T00:00,2026-02-22T15:00,15,2.71,78,1.45,3.2,1.1,949.7
2026-02-22T00:00,2026-02-22T16:00,16,2.4,67,1.18,3.0,0.4,949.7
2026-02-22T00:00,2026-02-22T17:00,17,2.4,88,1.25,2.8,0.6,950.0
2026-02-22T00:00,2026-02-22T18:00,18,2.09,134,1.52,3.2,0.3,949.9
2026-02-22T00:00,2026-02-22T19:00,19,2.26,162,2.09,3.9,0.5,949.4
2026-02-22T00:00,2026-02-22T20:00,20,1.5,150,1.45,3.9,1.0,948.6
2026-02-22T00:00,2026-02-22T21:00,21,1.56,96,1.04,3.0,2.1,948.5
2026-02-22T00:00,2026-02-22T22:00,22,1.95,93,0.63,1.6,3.2,948.1
2026-02-22T00:00,2026-02-22T23:00,23,1.41,107,0.47,0.9,3.1,947.9
2026-02-22T00:00,2026-02-23T00:00,24,1.0,174,0.35,0.7,3.0,948.2
2026-02-22T00:00,2026-02-23T01:00,25,2.23,230,1.01,1.3,2.3,948.3
2026-02-22T00:00,2026-02-23T02:00,26,3.89,250,1.85,2.8,1.8,948.7
2026-02-22T00:00,2026-02-23T03:00,27,4.28,247,2.44,3.8,3.7,949.9
2026-02-22T00:00,2026-02-23T04:00,28,4.06,251,2.28,4.2,6.4,950.8
2026-02-22T00:00,2026-02-23T05:00,29,4.03,263,2.91,5.9,8.1,950.9
2026-02-22T00:00,2026-02-23T06:00,30,4.85,270,3.65,7.4,9.0,950.8
2026-02-22T00:00,2026-02-23T07:00,31,5.63,287,4.41,8.8,9.4,950.9
2026-02-22T00:00,2026-02-23T08:00,32,6.62,285,4.85,9.2,7.9,951.0
2026-02-22T00:00,2026-02-23T09:00,33,6.72,274,5.01,9.3,8.2,951.2
2026-02-22T00:00,2026-02-23T10:00,34,7.6,279,5.57,10.1,7.6,951.6
2026-02-22T00:00,2026-02-23T11:00,35,8.6,270,6.01,10.7,6.4,952.3
2026-02-22T00:00,2026-02-23T12:00,36,9.5,264,6.22,10.7,5.2,953.2
2026-02-22T00:00,2026-02-23T13:00,37,10.64,261,7.08,12.0,4.0,954.3
2026-02-22T00:00,2026-02-23T14:00,38,10.38,258,6.93,12.1,2.7,955.3
2026-02-22T00:00,2026-02-23T15:00,39,10.26,262,6.83,12.2,1.6,956.1
2026-02-22T00:00,2026-02-23T16:00,40,10.61,262,7.06,12.0,0.8,956.8
2026-02-22T00:00,2026-02-23T17:00,41,11.04,258,7.51,13.0,-0.4,957.8
2026-02-22T00:00,2026-02-23T18:00,42,10.22,244,6.96,13.0,-2.0,958.1
2026-02-22T00:00,2026-02-23T19:00,43,10.05,236,6.48,12.0,-2.9,957.8
2026-02-22T00:00,2026-02-23T20:00,44,9.12,232,5.83,10.9,-3.2,957.6
2026-02-22T00:00,2026-02-23T21:00,45,8.42,234,5.37,9.8,-3.0,957.5
2026-02-22T00:00,2026-02-23T22:00,46,8.47,233,5.62,9.3,-3.2,957.2
2026-02-22T00:00,2026-02-23T23:00,47,8.59,227,5.57,9.4,-3.1,957.2
2026-02-22T00:00,2026-02-24T00:00,48,8.82,229,5.73,9.9,-2.9,957.4
2026-02-22T00:00,2026-02-24T01:00,49,8.7,230,5.55,9.9,-2.7,957.5
2026-02-22T00:00,2026-02-24T02:00,50,8.65,236,5.23,9.7,-2.5,957.6
2026-02-22T00:00,2026-02-24T03:00,51,7.22,228,4.84,9.1,-1.8,957.9
2026-02-22T00:00,2026-02-24T04:00,52,6.92,235,5.04,9.1,-0.9,958.1
2026-02-22T00:00,2026-02-24T05:00,53,6.66,243,4.94,9.3,0.2,958.3
2026-02-22T00:00,2026-02-24T06:00,54,6.33,250,4.76,9.3,1.0,958.4
2026-02-22T00:00,2026-02-24T07:00,55,6.15,255,4.68,9.0,1.6,958.6
2026-02-22T00:00,2026-02-24T08:00,56,5.84,258,4.49,8.9,1.8,958.3
2026-02-22T00:00,2026-02-24T09:00,57,5.45,257,4.2,8.6,1.9,958.4
2026-02-22T00:00,2026-02-24T10:00,58,4.97,253,3.81,8.1,1.7,958.4
2026-02-22T00:00,2026-02-24T11:00,59,4.43,250,3.29,7.1,1.2,958.5
2026-02-22T00:00,2026-02-24T12:00,60,3.44,249,1.77,5.8,0.4,958.6
2026-02-22T00:00,2026-02-24T13:00,61,3.0,252,1.37,2.9,-1.4,958.7
2026-02-22T00:00,2026-02-24T14:00,62,1.73,248,0.61,2.0,-1.9,958.8
2026-02-22T00:00,2026-02-24T15:00,63,0.74,340,0.07,0.9,-2.2,958.4
2026-02-22T00:00,2026-02-24T16:00,64,2.67,21,1.21,1.5,-2.4,958.4
2026-02-22T00:00,2026-02-24T17:00,65,3.61,48,1.77,2.9,-3.2,958.4
2026-02-22T00:00,2026-02-24T18:00,66,4.8,56,2.04,3.4,-3.3,958.0
2026-02-22T00:00,2026-02-24T19:00,67,5.76,59,2.33,3.9,-3.4,957.3
2026-02-22T00:00,2026-02-24T20:00,68,6.48,59,2.96,4.9,-3.0,956.8
2026-02-22T00:00,2026-02-24T21:00,69,6.47,61,3.16,5.3,-2.5,956.8
2026-02-22T00:00,2026-02-24T22:00,70,6.26,62,3.02,5.3,-2.6,956.4
2026-02-22T00:00,2026-02-24T23:00,71,6.29,65,2.99,5.2,-2.9,955.6
2026-02-22T06:00,2026-02-22T06:00,0,8.79,55,6.58,,8.0,955.5
2026-02-22T06:00,2026-02-22T07:00,1,9.42,54,7.04,13.4,9.0,954.7
2026-02-22T06:00,2026-02-22T08:00,2,9.18,56,6.92,13.5,9.9,953.5
2026-02-22T06:00,2026-02-22T09:00,3,8.52,58,6.45,13.2,10.2,952.6
2026-02-22T06:00,2026-02-22T10:00,4,7.87,58,5.87,12.2,10.4,952.1
2026-02-22T06:00,2026-02-22T11:00,5,7.24,56,5.17,11.1,9.8,951.6
2026-02-22T06:00,2026-02-22T12:00,6,7.14,55,3.72,9.1,7.7,951.2
2026-02-22T06:00,2026-02-22T13:00,7,5.79,64,2.28,6.4,5.0,951.1
2026-02-22T06:00,2026-02-22T14:00,8,3.83,83,1.72,3.8,3.0,950.5
2026-02-22T06:00,2026-02-22T15:00,9,2.75,80,1.49,3.1,1.3,950.0
2026-02-22T06:00,2026-02-22T16:00,10,2.09,69,1.19,3.3,0.7,949.9
2026-02-22T06:00,2026-02-22T17:00,11,1.56,84,1.01,2.8,0.5,950.0
2026-02-22T06:00,2026-02-22T18:00,12,1.98,159,1.8,3.5,0.3,950.0
2026-02-22T06:00,2026-02-22T19:00,13,2.67,172,2.74,4.9,0.4,949.2
2026-02-22T06:00,2026-02-22T20:00,14,1.55,184,1.79,4.9,1.1,948.7
2026-02-22T06:00,2026-02-22T21:00,15,0.5,180,0.81,3.4,1.9,948.7
2026-02-22T06:00,2026-02-22T22:00,16,0.45,117,0.1,1.4,3.4,948.5
2026-02-22T06:00,2026-02-22T23:00,17,0.43,144,0.11,0.3,3.2,948.4
2026-02-22T06:00,2026-02-23T00:00,18,1.66,224,0.64,0.8,2.6,948.6
2026-02-22T06:00,2026-02-23T01:00,19,3.42,249,1.72,2.3,1.5,948.7
2026-02-22T06:00,2026-02-23T02:00,20,4.66,255,2.06,3.3,1.6,949.4
2026-02-22T06:00,2026-02-23T03:00,21,4.79,247,2.44,3.7,3.9,950.3
2026-02-22T06:00,2026-02-23T04:00,22,4.71,255,2.93,5.4,6.7,951.1
2026-02-22T06:00,2026-02-23T05:00,23,4.41,266,3.35,6.8,8.5,951.1
2026-02-22T06:00,2026-02-23T06:00,24,4.6,271,3.5,7.2,9.0,950.9
2026-02-22T06:00,2026-02-23T07:00,25,4.35,283,3.42,7.2,9.3,950.8
2026-02-22T06:00,2026-02-23T08:00,26,5.08,291,4.04,7.8,8.9,950.6
2026-02-22T06:00,2026-02-23T09:00,27,6.45,284,4.79,9.0,7.7,951.0
2026-02-22T06:00,2026-02-23T10:00,28,6.6,269,4.8,9.0,7.4,951.4
2026-02-22T06:00,2026-02-23T11:00,29,8.5,268,5.77,10.2,6.4,952.1
2026-02-22T06:00,2026-02-23T12:00,30,9.59,265,6.3,10.8,5.4,952.7
2026-02-22T06:00,2026-02-23T13:00,31,10.88,261,7.34,12.4,4.3,953.8
2026-02-22T06:00,2026-02-23T14:00,32,10.86,259,7.29,12.8,2.6,955.0
2026-02-22T06:00,2026-02-23T15:00,33,10.86,264,7.24,12.6,1.3,955.8
2026-02-22T06:00,2026-02-23T16:00,34,10.59,263,7.09,12.4,0.7,956.5
2026-02-22T06:00,2026-02-23T17:00,35,11.2,260,7.53,13.0,-0.5,957.5
2026-02-22T06:00,2026-02-23T18:00,36,10.41,254,7.09,13.0,-1.8,958.0
2026-02-22T06:00,2026-02-23T19:00,37,9.79,240,6.44,12.2,-2.9,957.9
2026-02-22T06:00,2026-02-23T20:00,38,9.41,234,6.08,10.8,-3.3,957.8
2026-02-22T06:00,2026-02-23T21:00,39,8.4,233,5.48,10.2,-3.3,957.6
2026-02-22T06:00,2026-02-23T22:00,40,8.43,233,5.59,9.3,-3.4,957.2
2026-02-22T06:00,2026-02-23T23:00,41,8.78,228,5.7,9.7,-3.3,957.1
2026-02-22T06:00,2026-02-24T00:00,42,8.86,229,5.69,9.9,-3.2,957.2
2026-02-22T06:00,2026-02-24T01:00,43,9.01,230,5.69,9.7,-3.3,957.2
2026-02-22T06:00,2026-02-24T02:00,44,8.41,235,5.38,10.0,-2.9,957.4
2026-02-22T06:00,2026-02-24T03:00,45,7.62,238,5.15,9.3,-2.3,958.1
2026-02-22T06:00,2026-02-24T04:00,46,7.65,239,5.45,9.7,-1.6,958.5
2026-02-22T06:00,2026-02-24T05:00,47,7.41,240,5.43,9.9,-0.6,958.4
2026-02-22T06:00,2026-02-24T06:00,48,7.14,246,5.28,10.1,0.4,958.5
2026-02-22T06:00,2026-02-24T07:00,49,6.77,252,5.12,9.9,1.5,958.6
2026-02-22T06:00,2026-02-24T08:00,50,6.23,256,4.79,9.7,1.5,958.4
2026-02-22T06:00,2026-02-24T09:00,51,5.7,255,4.4,9.1,1.8,958.4
2026-02-22T06:00,2026-02-24T10:00,52,4.95,254,3.83,8.4,1.7,958.6
2026-02-22T06:00,2026-02-24T11:00,53,4.51,251,3.37,7.3,1.3,958.6
2026-02-22T06:00,2026-02-24T12:00,54,3.72,250,1.69,6.0,-0.2,958.6
2026-02-22T06:00,2026-02-24T13:00,55,3.01,255,1.19,2.7,-2.3,958.7
2026-02-22T06:00,2026-02-24T14:00,56,2.01,276,0.49,1.7,-2.6,958.8
2026-02-22T06:00,2026-02-24T15:00,57,1.13,347,0.11,0.7,-2.7,958.6
2026-02-22T06:00,2026-02-24T16:00,58,2.5,20,1.07,1.3,-3.2,958.6
2026-02-22T06:00,2026-02-24T17:00,59,3.01,42,1.54,2.4,-4.1,958.5
2026-02-22T06:00,2026-02-24T18:00,60,4.04,56,1.75,2.7,-3.8,958.2
2026-02-22T06:00,2026-02-24T19:00,61,5.41,56,2.04,3.4,-3.7,957.9
2026-02-22T06:00,2026-02-24T20:00,62,6.17,59,2.64,4.3,-3.6,957.8
2026-02-22T06:00,2026-02-24T21:00,63,6.04,62,2.7,4.5,-3.3,957.4
2026-02-22T06:00,2026-02-24T22:00,64,6.33,62,3.09,5.2,-2.8,956.7
2026-02-22T06:00,2026-02-24T23:00,65,6.62,63,3.23,5.4,-3.4,956.3
2026-02-22T06:00,2026-02-25T00:00,66,6.26,65,3.04,5.3,-3.7,956.0
2026-02-22T06:00,2026-02-25T01:00,67,6.87,65,3.51,5.8,-3.4,955.6
2026-02-22T06:00,2026-02-25T02:00,68,6.66,63,3.55,5.9,-3.0,955.6
2026-02-22T06:00,2026-02-25T03:00,69,7.42,64,3.61,6.9,-0.9,955.8
2026-02-22T06:00,2026-02-25T04:00,70,6.83,54,4.74,8.8,1.3,955.9
2026-02-22T06:00,2026-02-25T05:00,71,7.12,61,5.3,10.1,2.9,955.3
2026-02-22T12:00,2026-02-22T12:00,0,7.14,56,3.69,,7.5,951.1
2026-02-22T12:00,2026-02-22T13:00,1,5.75,65,2.21,6.5,5.0,951.1
2026-02-22T12:00,2026-02-22T14:00,2,3.57,84,1.53,3.6,3.2,950.6
2026-02-22T12:00,2026-02-22T15:00,3,2.57,83,1.45,3.0,1.6,950.3
2026-02-22T12:00,2026-02-22T16:00,4,1.6,76,1.14,3.1,0.7,950.2
2026-02-22T12:00,2026-02-22T17:00,5,1.57,107,1.26,2.9,0.5,950.2
2026-02-22T12:00,2026-02-22T18:00,6,1.71,142,1.85,3.9,-1.0,949.5
2026-02-22T12:00,2026-02-22T19:00,7,1.6,160,2.17,4.4,-1.0,948.9
2026-02-22T12:00,2026-02-22T20:00,8,1.42,170,1.61,4.4,0.8,948.7
2026-02-22T12:00,2026-02-22T21:00,9,0.7,184,0.65,3.3,2.1,948.5
2026-02-22T12:00,2026-02-22T22:00,10,0.21,135,0.1,1.1,3.7,948.2
2026-02-22T12:00,2026-02-22T23:00,11,0.87,204,0.32,0.5,3.4,948.2
2026-02-22T12:00,2026-02-23T00:00,12,2.77,250,1.25,1.5,2.2,948.4
2026-02-22T12:00,2026-02-23T01:00,13,4.75,255,2.13,3.4,1.5,948.9
2026-02-22T12:00,2026-02-23T02:00,14,5.2,250,2.09,3.5,1.8,949.6
2026-02-22T12:00,2026-02-23T03:00,15,5.35,246,2.55,3.9,4.4,950.5
2026-02-22T12:00,2026-02-23T04:00,16,5.46,254,2.82,5.1,7.1,951.3
2026-02-22T12:00,2026-02-23T05:00,17,5.54,263,4.23,7.9,8.2,951.7
2026-02-22T12:00,2026-02-23T06:00,18,5.45,271,3.95,8.1,8.0,951.7
2026-02-22T12:00,2026-02-23T07:00,19,4.97,280,3.87,7.6,8.2,951.7
2026-02-22T12:00,2026-02-23T08:00,20,5.66,279,4.36,8.5,8.1,951.5
2026-02-22T12:00,2026-02-23T09:00,21,5.94,277,4.48,8.5,7.5,951.6
2026-02-22T12:00,2026-02-23T10:00,22,6.62,278,4.83,9.1,7.1,951.9
2026-02-22T12:00,2026-02-23T11:00,23,7.51,273,5.25,9.5,6.4,952.2
2026-02-22T12:00,2026-02-23T12:00,24,8.31,268,5.33,9.4,5.5,952.8
2026-02-22T12:00,2026-02-23T13:00,25,8.87,263,5.59,9.5,4.7,953.6
2026-02-22T12:00,2026-02-23T14:00,26,9.6,258,6.25,10.5,3.7,954.4
2026-02-22T12:00,2026-02-23T15:00,27,10.14,260,6.73,11.5,2.6,955.2
2026-02-22T12:00,2026-02-23T16:00,28,10.59,258,7.04,12.0,1.2,956.0
2026-02-22T12:00,2026-02-23T17:00,29,11.21,254,7.62,13.3,0.2,957.0
2026-02-22T12:00,2026-02-23T18:00,30,11.06,253,7.5,13.4,-1.2,957.7
2026-02-22T12:00,2026-02-23T19:00,31,10.17,243,6.87,13.0,-2.3,957.9
2026-02-22T12:00,2026-02-23T20:00,32,9.9,236,6.45,11.7,-2.8,957.8
2026-02-22T12:00,2026-02-23T21:00,33,8.88,238,5.78,10.9,-3.0,957.6
2026-02-22T12:00,2026-02-23T22:00,34,8.75,239,5.62,9.8,-3.2,957.3
2026-02-22T12:00,2026-02-23T23:00,35,8.18,231,5.48,9.6,-3.2,957.2
2026-02-22T12:00,2026-02-24T00:00,36,8.07,228,5.11,9.3,-3.1,957.2
2026-02-22T12:00,2026-02-24T01:00,37,8.05,234,4.95,8.7,-2.8,957.2
2026-02-22T12:00,2026-02-24T02:00,38,7.49,239,4.74,8.4,-2.5,957.2
2026-02-22T12:00,2026-02-24T03:00,39,6.8,242,4.53,8.1,-2.2,957.8
2026-02-22T12:00,2026-02-24T04:00,40,6.93,243,4.92,9.0,-1.3,958.0
2026-02-22T12:00,2026-02-24T05:00,41,6.56,249,4.8,9.2,-0.3,957.9
2026-02-22T12:00,2026-02-24T06:00,42,6.55,254,4.92,9.5,0.8,958.1
2026-02-22T12:00,2026-02-24T07:00,43,6.5,254,4.94,9.6,1.3,958.0
2026-02-22T12:00,2026-02-24T08:00,44,6.37,255,4.83,9.5,2.0,958.1
2026-02-22T12:00,2026-02-24T09:00,45,5.85,252,4.51,9.3,1.9,958.1
2026-02-22T12:00,2026-02-24T10:00,46,5.19,249,3.99,8.6,2.3,958.3
2026-02-22T12:00,2026-02-24T11:00,47,4.34,246,3.31,7.7,1.6,958.3
2026-02-22T12:00,2026-02-24T12:00,48,3.66,235,1.67,6.0,0.2,958.2
2026-02-22T12:00,2026-02-24T13:00,49,2.8,230,1.19,2.7,-2.1,958.2
2026-02-22T12:00,2026-02-24T14:00,50,1.84,229,0.76,1.7,-2.6,958.0
2026-02-22T12:00,2026-02-24T15:00,51,0.81,292,0.15,1.1,-2.3,958.2
2026-02-22T12:00,2026-02-24T16:00,52,2.09,17,0.72,0.9,-2.5,958.3
2026-02-22T12:00,2026-02-24T17:00,53,3.08,42,1.5,2.4,-3.5,958.6
2026-02-22T12:00,2026-02-24T18:00,54,3.41,55,1.52,2.3,-3.4,958.6
2026-02-22T12:00,2026-02-24T19:00,55,4.62,59,1.79,2.9,-3.0,958.2
2026-02-22T12:00,2026-02-24T20:00,56,5.25,53,2.14,3.6,-2.7,958.0
2026-02-22T12:00,2026-02-24T21:00,57,4.77,57,2.14,4.0,-2.5,958.1
2026-02-22T12:00,2026-02-24T22:00,58,4.48,57,1.71,3.5,-3.1,957.3
2026-02-22T12:00,2026-02-24T23:00,59,4.61,61,1.69,2.8,-3.3,956.9
2026-02-22T12:00,2026-02-25T00:00,60,5.27,59,2.14,3.5,-3.3,956.6
2026-02-22T12:00,2026-02-25T01:00,61,5.17,63,2.1,3.6,-3.6,956.2
2026-02-22T12:00,2026-02-25T02:00,62,5.2,60,2.51,4.0,-2.8,956.5
2026-02-22T12:00,2026-02-25T03:00,63,5.02,57,2.34,4.8,-1.2,957.2
2026-02-22T12:00,2026-02-25T04:00,64,3.86,42,2.82,5.9,0.8,957.3
2026-02-22T12:00,2026-02-25T05:00,65,4.03,47,3.19,7.0,2.4,957.1
2026-02-22T12:00,2026-02-25T06:00,66,3.18,45,2.57,6.9,3.6,956.7
2026-02-22T12:00,2026-02-25T07:00,67,3.5,46,2.81,6.4,4.2,955.7
2026-02-22T12:00,2026-02-25T08:00,68,3.73,40,3.0,6.6,4.6,954.8
2026-02-22T12:00,2026-02-25T09:00,69,3.54,43,2.76,6.4,4.9,954.0
2026-02-22T12:00,2026-02-25T10:00,70,3.75,43,2.9,5.8,5.0,953.5
2026-02-22T12:00,2026-02-25T11:00,71,3.93,41,2.39,5.7,4.5,952.9
2026-02-22T18:00,2026-02-22T18:00,0,2.45,160,2.0,,0.7,949.9
2026-02-22T18:00,2026-02-22T19:00,1,2.24,151,2.38,4.4,1.5,949.5
2026-02-22T18:00,2026-02-22T20:00,2,1.7,130,1.47,4.4,2.1,949.0
2026-02-22T18:00,2026-02-22T21:00,3,1.82,82,0.93,3.1,2.7,948.7
2026-02-22T18:00,2026-02-22T22:00,4,1.81,84,0.67,1.3,3.2,948.5
2026-02-22T18:00,2026-02-22T23:00,5,1.03,133,0.63,1.0,3.2,948.5
2026-02-22T18:00,2026-02-23T00:00,6,1.31,227,0.66,1.0,3.1,948.7
2026-02-22T18:00,2026-02-23T01:00,7,4.72,265,2.21,3.4,2.0,949.2
2026-02-22T18:00,2026-02-23T02:00,8,5.78,248,2.63,4.5,2.1,949.9
2026-02-22T18:00,2026-02-23T03:00,9,6.19,248,3.02,4.5,4.7,950.8
2026-02-22T18:00,2026-02-23T04:00,10,5.85,255,3.23,5.4,6.7,951.4
2026-02-22T18:00,2026-02-23T05:00,11,5.14,259,3.24,5.5,7.0,951.8
2026-02-22T18:00,2026-02-23T06:00,12,5.33,276,3.97,7.1,7.0,952.2
2026-02-22T18:00,2026-02-23T07:00,13,6.42,275,4.61,8.5,6.4,952.3
2026-02-22T18:00,2026-02-23T08:00,14,6.23,264,4.68,8.7,6.2,952.2
2026-02-22T18:00,2026-02-23T09:00,15,6.05,268,4.46,8.7,5.8,952.5
2026-02-22T18:00,2026-02-23T10:00,16,6.27,274,4.55,8.3,5.7,952.6
2026-02-22T18:00,2026-02-23T11:00,17,7.21,274,5.05,9.1,5.4,952.9
2026-02-22T18:00,2026-02-23T12:00,18,6.65,256,4.26,9.0,4.9,953.2
2026-02-22T18:00,2026-02-23T13:00,19,6.76,246,4.03,7.2,4.2,953.4
2026-02-22T18:00,2026-02-23T14:00,20,8.99,254,5.56,9.2,3.6,954.2
2026-02-22T18:00,2026-02-23T15:00,21,9.85,251,6.35,10.7,2.7,954.6
2026-02-22T18:00,2026-02-23T16:00,22,10.42,256,7.02,11.9,1.7,955.5
2026-02-22T18:00,2026-02-23T17:00,23,10.44,252,7.03,12.0,0.7,956.3
2026-02-22T18:00,2026-02-23T18:00,24,10.38,249,6.84,12.0,-0.3,956.7
2026-02-22T18:00,2026-02-23T19:00,25,9.95,244,6.77,12.0,-1.3,956.9
2026-02-22T18:00,2026-02-23T20:00,26,9.1,236,6.1,11.7,-2.0,956.9
2026-02-22T18:00,2026-02-23T21:00,27,8.43,233,5.7,10.3,-2.4,956.8
2026-02-22T18:00,2026-02-23T22:00,28,8.03,235,5.39,10.2,-2.6,956.6
2026-02-22T18:00,2026-02-23T23:00,29,7.89,233,5.42,9.2,-2.8,956.4
2026-02-22T18:00,2026-02-24T00:00,30,7.49,235,4.96,9.2,-2.9,956.4
2026-02-22T18:00,2026-02-24T01:00,31,7.23,234,4.57,8.3,-2.8,956.4
2026-02-22T18:00,2026-02-24T02:00,32,6.77,237,4.36,7.7,-2.8,956.6
2026-02-22T18:00,2026-02-24T03:00,33,6.69,241,4.69,8.3,-2.4,957.3
2026-02-22T18:00,2026-02-24T04:00,34,7.16,243,5.15,9.4,-2.0,957.8
2026-02-22T18:00,2026-02-24T05:00,35,7.29,245,5.32,10.0,-1.3,958.0
2026-02-22T18:00,2026-02-24T06:00,36,7.38,248,5.44,10.2,-0.7,958.1
2026-02-22T18:00,2026-02-24T07:00,37,7.3,247,5.41,10.4,-0.1,958.0
2026-02-22T18:00,2026-02-24T08:00,38,7.18,245,5.34,10.2,0.5,957.8
2026-02-22T18:00,2026-02-24T09:00,39,7.14,242,5.38,10.1,1.0,957.9
2026-02-22T18:00,2026-02-24T10:00,40,6.6,241,4.87,10.0,0.9,958.1
2026-02-22T18:00,2026-02-24T11:00,41,5.58,237,4.02,8.9,0.6,958.2
2026-02-22T18:00,2026-02-24T12:00,42,5.12,236,2.94,6.9,-0.1,958.4
2026-02-22T18:00,2026-02-24T13:00,43,4.41,237,1.77,4.8,-1.8,958.6
2026-02-22T18:00,2026-02-24T14:00,44,3.92,236,1.59,2.8,-2.4,958.6
2026-02-22T18:00,2026-02-24T15:00,45,2.9,238,0.96,2.4,-2.2,958.7
2026-02-22T18:00,2026-02-24T16:00,46,1.6,272,0.32,1.3,-2.3,958.7
2026-02-22T18:00,2026-02-24T17:00,47,2.34,344,1.08,1.5,-3.4,958.9
2026-02-22T18:00,2026-02-24T18:00,48,2.17,8,0.99,1.9,-4.1,959.1
2026-02-22T18:00,2026-02-24T19:00,49,1.82,58,0.87,1.6,-4.3,959.3
2026-02-22T18:00,2026-02-24T20:00,50,2.8,71,1.3,1.9,-4.1,959.2
2026-02-22T18:00,2026-02-24T21:00,51,3.84,58,1.53,2.5,-4.4,958.6
2026-02-22T18:00,2026-02-24T22:00,52,4.87,54,1.78,2.8,-4.4,958.0
2026-02-22T18:00,2026-02-24T23:00,53,5.42,57,2.33,3.8,-3.9,957.7
2026-02-22T18:00,2026-02-25T00:00,54,6.17,58,2.82,4.8,-3.7,957.5
2026-02-22T18:00,2026-02-25T01:00,55,6.54,60,3.18,5.3,-3.7,957.3
2026-02-22T18:00,2026-02-25T02:00,56,6.38,61,3.35,5.4,-3.5,957.2
2026-02-22T18:00,2026-02-25T03:00,57,6.35,62,3.21,5.8,-1.8,957.6
2026-02-22T18:00,2026-02-25T04:00,58,6.2,55,4.38,8.1,-0.1,957.6
2026-02-22T18:00,2026-02-25T05:00,59,6.51,61,4.9,9.6,2.1,957.3
2026-02-22T18:00,2026-02-25T06:00,60,5.73,61,4.45,9.6,3.5,956.9
2026-02-22T18:00,2026-02-25T07:00,61,5.27,57,4.1,8.9,4.2,955.9
2026-02-22T18:00,2026-02-25T08:00,62,5.44,58,4.25,8.6,5.1,955.0
2026-02-22T18:00,2026-02-25T09:00,63,5.13,55,4.05,8.4,5.2,953.9
2026-02-22T18:00,2026-02-25T10:00,64,5.49,49,4.14,8.0,4.9,953.3
2026-02-22T18:00,2026-02-25T11:00,65,5.73,48,3.59,7.7,4.2,953.2
2026-02-22T18:00,2026-02-25T12:00,66,5.51,54,2.76,6.0,2.5,952.5
2026-02-22T18:00,2026-02-25T13:00,67,5.38,60,2.39,4.6,1.6,952.2
2026-02-22T18:00,2026-02-25T14:00,68,4.56,64,1.86,4.0,1.1,951.9
2026-02-22T18:00,2026-02-25T15:00,69,4.64,68,2.2,3.6,1.0,951.2
2026-02-22T18:00,2026-02-25T16:00,70,5.19,62,2.48,4.0,0.9,950.5
2026-02-22T18:00,2026-02-25T17:00,71,6.25,67,3.32,5.4,0.8,949.6
2026-02-23T00:00,2026-02-23T00:00,0,3.31,241,1.77,,3.0,948.8
2026-02-23T00:00,2026-02-23T01:00,1,6.02,261,2.78,4.7,1.5,949.9
2026-02-23T00:00,2026-02-23T02:00,2,5.73,245,2.61,4.6,1.9,950.6
2026-02-23T00:00,2026-02-23T03:00,3,5.77,235,3.09,4.9,4.4,951.2
2026-02-23T00:00,2026-02-23T04:00,4,5.2,235,2.98,5.5,7.1,951.8
2026-02-23T00:00,2026-02-23T05:00,5,2.99,260,2.42,5.4,8.8,951.8
2026-02-23T00:00,2026-02-23T06:00,6,4.48,292,3.62,7.4,9.0,951.9
2026-02-23T00:00,2026-02-23T07:00,7,4.94,281,3.78,7.8,7.8,951.8
2026-02-23T00:00,2026-02-23T08:00,8,5.32,275,4.02,7.9,7.5,951.5
2026-02-23T00:00,2026-02-23T09:00,9,5.7,281,4.32,8.3,8.1,951.5
2026-02-23T00:00,2026-02-23T10:00,10,7.6,291,5.57,10.3,7.6,951.8
2026-02-23T00:00,2026-02-23T11:00,11,7.29,279,5.03,10.4,6.4,952.5
2026-02-23T00:00,2026-02-23T12:00,12,7.34,264,4.75,8.8,5.6,952.9
2026-02-23T00:00,2026-02-23T13:00,13,8.87,259,5.57,9.1,4.7,953.7
2026-02-23T00:00,2026-02-23T14:00,14,10.83,257,7.07,12.0,3.3,954.9
2026-02-23T00:00,2026-02-23T15:00,15,11.3,259,7.57,13.0,1.6,955.8
2026-02-23T00:00,2026-02-23T16:00,16,10.02,256,6.96,12.9,0.7,956.5
2026-02-23T00:00,2026-02-23T17:00,17,9.9,250,6.71,11.9,-0.1,957.1
2026-02-23T00:00,2026-02-23T18:00,18,10.09,248,6.91,11.9,-0.9,957.2
2026-02-23T00:00,2026-02-23T19:00,19,9.46,236,6.32,11.8,-1.7,957.3
2026-02-23T00:00,2026-02-23T20:00,20,8.92,228,5.91,10.9,-2.3,956.9
2026-02-23T00:00,2026-02-23T21:00,21,7.45,236,5.22,10.1,-2.3,956.9
2026-02-23T00:00,2026-02-23T22:00,22,7.81,233,5.31,9.1,-2.6,956.5
2026-02-23T00:00,2026-02-23T23:00,23,7.48,232,5.06,9.1,-3.0,956.5
2026-02-23T00:00,2026-02-24T00:00,24,7.04,231,4.71,8.7,-3.0,956.4
2026-02-23T00:00,2026-02-24T01:00,25,7.13,229,4.28,8.1,-2.9,956.6
2026-02-23T00:00,2026-02-24T02:00,26,6.99,235,4.22,7.3,-2.8,956.7
2026-02-23T00:00,2026-02-24T03:00,27,6.66,237,4.65,8.2,-2.4,957.2
2026-02-23T00:00,2026-02-24T04:00,28,6.6,242,4.79,8.9,-1.8,957.5
2026-02-23T00:00,2026-02-24T05:00,29,6.74,249,5.02,9.4,-0.9,957.6
2026-02-23T00:00,2026-02-24T06:00,30,6.83,251,5.09,9.7,-0.5,957.9
2026-02-23T00:00,2026-02-24T07:00,31,6.77,250,5.03,9.7,-0.3,958.1
2026-02-23T00:00,2026-02-24T08:00,32,6.7,247,5.01,9.5,-0.1,958.0
2026-02-23T00:00,2026-02-24T09:00,33,6.2,246,4.67,9.4,0.4,958.1
2026-02-23T00:00,2026-02-24T10:00,34,5.79,244,4.36,8.8,0.7,958.3
2026-02-23T00:00,2026-02-24T11:00,35,5.27,240,3.84,8.2,0.4,958.5
2026-02-23T00:00,2026-02-24T12:00,36,4.69,230,2.87,6.8,-0.2,958.6
2026-02-23T00:00,2026-02-24T13:00,37,4.39,233,1.82,4.6,-2.6,958.6
2026-02-23T00:00,2026-02-24T14:00,38,3.58,228,1.53,2.9,-2.9,958.7
2026-02-23T00:00,2026-02-24T15:00,39,3.01,227,1.33,2.3,-2.6,959.0
2026-02-23T00:00,2026-02-24T16:00,40,1.36,253,0.29,2.0,-2.2,959.2
2026-02-23T00:00,2026-02-24T17:00,41,2.01,356,1.05,1.5,-2.8,959.5
2026-02-23T00:00,2026-02-24T18:00,42,2.39,11,1.17,1.9,-3.7,959.6
2026-02-23T00:00,2026-02-24T19:00,43,2.66,56,1.39,2.2,-4.0,959.4
2026-02-23T00:00,2026-02-24T20:00,44,3.76,63,1.66,2.8,-3.7,959.2
2026-02-23T00:00,2026-02-24T21:00,45,4.29,56,1.65,2.8,-3.9,958.9
2026-02-23T00:00,2026-02-24T22:00,46,4.69,54,1.75,2.9,-4.2,958.4
2026-02-23T00:00,2026-02-24T23:00,47,5.06,55,2.02,3.4,-3.8,958.1
2026-02-23T00:00,2026-02-25T00:00,48,5.75,59,2.53,4.2,-3.7,958.0
2026-02-23T00:00,2026-02-25T01:00,49,6.15,59,2.91,4.8,-3.7,957.9
2026-02-23T00:00,2026-02-25T02:00,50,6.43,60,3.38,5.4,-3.5,957.7
2026-02-23T00:00,2026-02-25T03:00,51,6.41,60,3.31,6.0,-1.9,958.0
2026-02-23T00:00,2026-02-25T04:00,52,6.45,54,4.67,8.7,-0.1,957.8
2026-02-23T00:00,2026-02-25T05:00,53,6.93,57,5.26,10.1,2.1,957.5
2026-02-23T00:00,2026-02-25T06:00,54,6.25,60,4.78,10.3,3.4,956.9
2026-02-23T00:00,2026-02-25T07:00,55,5.56,60,4.35,9.5,4.5,956.2
2026-02-23T00:00,2026-02-25T08:00,56,5.36,59,4.16,8.9,4.9,955.1
2026-02-23T00:00,2026-02-25T09:00,57,4.92,61,3.87,8.4,5.1,954.4
2026-02-23T00:00,2026-02-25T10:00,58,4.78,56,3.66,7.6,5.1,953.8
2026-02-23T00:00,2026-02-25T11:00,59,4.98,52,3.39,7.1,4.5,953.6
2026-02-23T00:00,2026-02-25T12:00,60,5.05,54,2.41,5.8,2.7,952.9
2026-02-23T00:00,2026-02-25T13:00,61,5.86,59,2.75,4.6,1.6,952.5
2026-02-23T00:00,2026-02-25T14:00,62,5.55,69,2.74,4.7,1.4,951.9
2026-02-23T00:00,2026-02-25T15:00,63,5.78,68,2.82,4.7,0.9,951.1
2026-02-23T00:00,2026-02-25T16:00,64,7.23,66,4.0,6.5,1.1,950.2
2026-02-23T00:00,2026-02-25T17:00,65,7.57,72,4.23,7.1,1.0,949.4
2026-02-23T00:00,2026-02-25T18:00,66,7.6,77,4.3,7.2,1.3,948.3
2026-02-23T00:00,2026-02-25T19:00,67,7.67,73,4.47,7.4,1.3,947.5
2026-02-23T00:00,2026-02-25T20:00,68,7.57,76,4.43,7.7,1.3,946.8
2026-02-23T00:00,2026-02-25T21:00,69,8.32,70,4.97,8.2,1.2,946.0
2026-02-23T00:00,2026-02-25T22:00,70,8.06,66,4.76,8.4,1.2,945.1
2026-02-23T00:00,2026-02-25T23:00,71,7.46,69,4.32,7.9,1.4,944.7
2026-02-23T06:00,2026-02-23T06:00,0,3.59,305,2.97,,9.5,951.5
2026-02-23T06:00,2026-02-23T07:00,1,6.08,286,4.59,8.8,7.9,951.9
2026-02-23T06:00,2026-02-23T08:00,2,7.16,273,5.26,9.8,7.4,952.2
2026-02-23T06:00,2026-02-23T09:00,3,7.7,271,5.65,10.4,7.1,952.6
2026-02-23T06:00,2026-02-23T10:00,4,7.82,274,5.65,10.6,6.6,953.0
2026-02-23T06:00,2026-02-23T11:00,5,7.91,273,5.45,10.3,5.6,953.2
2026-02-23T06:00,2026-02-23T12:00,6,8.16,257,5.42,9.7,4.9,953.5
2026-02-23T06:00,2026-02-23T13:00,7,9.14,250,5.84,9.6,4.0,954.1
2026-02-23T06:00,2026-02-23T14:00,8,10.64,261,7.0,11.9,3.1,955.1
2026-02-23T06:00,2026-02-23T15:00,9,11.21,259,7.53,12.8,1.5,956.1
2026-02-23T06:00,2026-02-23T16:00,10,9.96,252,6.69,12.8,0.3,956.6
2026-02-23T06:00,2026-02-23T17:00,11,9.77,244,6.54,11.6,-0.4,957.1
2026-02-23T06:00,2026-02-23T18:00,12,10.0,244,6.83,11.9,-1.0,957.2
2026-02-23T06:00,2026-02-23T19:00,13,9.6,238,6.53,11.8,-1.5,957.3
2026-02-23T06:00,2026-02-23T20:00,14,8.77,235,5.95,11.1,-2.0,957.0
2026-02-23T06:00,2026-02-23T21:00,15,8.22,232,5.59,10.1,-2.4,957.1
2026-02-23T06:00,2026-02-23T22:00,16,7.77,232,5.23,9.6,-2.7,956.7
2026-02-23T06:00,2026-02-23T23:00,17,8.04,231,5.34,9.3,-2.9,956.7
2026-02-23T06:00,2026-02-24T00:00,18,7.95,230,4.92,9.1,-2.9,956.6
2026-02-23T06:00,2026-02-24T01:00,19,7.77,234,4.82,8.6,-2.8,956.6
2026-02-23T06:00,2026-02-24T02:00,20,7.39,238,4.43,8.4,-2.5,956.8
2026-02-23T06:00,2026-02-24T03:00,21,6.55,237,4.47,8.0,-2.0,957.2
2026-02-23T06:00,2026-02-24T04:00,22,6.22,243,4.54,8.4,-1.2,957.4
2026-02-23T06:00,2026-02-24T05:00,23,5.76,251,4.3,8.4,-0.7,957.3
2026-02-23T06:00,2026-02-24T06:00,24,5.85,255,4.43,8.5,-0.3,957.6
2026-02-23T06:00,2026-02-24T07:00,25,6.15,255,4.64,8.9,-0.1,957.8
2026-02-23T06:00,2026-02-24T08:00,26,6.15,251,4.63,9.0,-0.1,957.8
2026-02-23T06:00,2026-02-24T09:00,27,6.02,243,4.54,8.8,0.1,957.9
2026-02-23T06:00,2026-02-24T10:00,28,5.77,235,4.36,8.5,-0.1,958.3
2026-02-23T06:00,2026-02-24T11:00,29,5.04,231,3.72,8.0,-0.1,958.6
2026-02-23T06:00,2026-02-24T12:00,30,4.4,230,2.87,6.6,-0.2,958.8
2026-02-23T06:00,2026-02-24T13:00,31,4.25,233,1.87,4.6,-1.7,959.0
2026-02-23T06:00,2026-02-24T14:00,32,4.16,231,1.74,3.0,-2.4,959.0
2026-02-23T06:00,2026-02-24T15:00,33,3.97,234,1.68,2.8,-3.1,958.9
2026-02-23T06:00,2026-02-24T16:00,34,2.61,238,0.89,2.6,-2.6,959.0
2026-02-23T06:00,2026-02-24T17:00,35,1.43,331,0.61,1.2,-2.6,959.1
2026-02-23T06:00,2026-02-24T18:00,36,2.8,2,1.36,2.4,-4.4,959.2
2026-02-23T06:00,2026-02-24T19:00,37,2.37,48,1.21,2.2,-4.9,959.4
2026-02-23T06:00,2026-02-24T20:00,38,3.46,70,1.46,2.2,-4.3,959.4
2026-02-23T06:00,2026-02-24T21:00,39,4.29,64,1.66,2.6,-4.4,959.0
2026-02-23T06:00,2026-02-24T22:00,40,4.9,56,1.78,3.0,-4.5,958.6
2026-02-23T06:00,2026-02-24T23:00,41,5.4,57,2.15,3.5,-4.3,958.2
2026-02-23T06:00,2026-02-25T00:00,42,6.01,59,2.74,4.6,-4.2,957.9
2026-02-23T06:00,2026-02-25T01:00,43,5.72,63,2.7,4.7,-4.1,957.8
2026-02-23T06:00,2026-02-25T02:00,44,6.17,63,3.22,5.1,-3.7,957.6
2026-02-23T06:00,2026-02-25T03:00,45,6.4,61,3.51,6.2,-2.1,958.1
2026-02-23T06:00,2026-02-25T04:00,46,6.44,57,4.66,8.8,-0.2,957.9
2026-02-23T06:00,2026-02-25T05:00,47,6.8,61,5.15,10.0,2.0,957.4
2026-02-23T06:00,2026-02-25T06:00,48,6.81,60,5.27,10.4,3.6,956.4
2026-02-23T06:00,2026-02-25T07:00,49,6.9,60,5.34,10.5,4.6,955.5
2026-02-23T06:00,2026-02-25T08:00,50,6.44,59,5.02,10.5,5.1,954.6
2026-02-23T06:00,2026-02-25T09:00,51,5.93,53,4.57,9.8,5.6,954.0
2026-02-23T06:00,2026-02-25T10:00,52,5.32,53,4.0,8.9,4.8,953.5
2026-02-23T06:00,2026-02-25T11:00,53,5.42,48,3.21,7.5,3.8,953.2
2026-02-23T06:00,2026-02-25T12:00,54,5.38,55,2.72,5.4,2.5,952.9
2026-02-23T06:00,2026-02-25T13:00,55,4.97,65,2.26,4.6,1.5,952.4
2026-02-23T06:00,2026-02-25T14:00,56,5.57,63,2.82,4.7,1.2,951.8
2026-02-23T06:00,2026-02-25T15:00,57,5.95,64,3.02,4.9,1.0,951.1
2026-02-23T06:00,2026-02-25T16:00,58,6.0,65,3.11,5.4,1.2,950.4
2026-02-23T06:00,2026-02-25T17:00,59,6.45,71,3.5,5.7,1.1,949.5
2026-02-23T06:00,2026-02-25T18:00,60,6.75,76,3.76,6.1,1.0,948.5
2026-02-23T06:00,2026-02-25T19:00,61,7.27,74,4.21,7.0,1.1,947.5
2026-02-23T06:00,2026-02-25T20:00,62,7.48,73,4.44,7.4,1.2,946.9
2026-02-23T06:00,2026-02-25T21:00,63,7.54,71,4.44,7.5,1.2,946.2
2026-02-23T06:00,2026-02-25T22:00,64,7.64,69,4.41,7.4,0.9,945.0
2026-02-23T06:00,2026-02-25T23:00,65,7.36,68,4.23,7.4,1.1,944.6
2026-02-23T06:00,2026-02-26T00:00,66,7.42,64,4.37,7.1,0.8,944.1
2026-02-23T06:00,2026-02-26T01:00,67,7.67,65,4.52,7.8,0.8,943.4
2026-02-23T06:00,2026-02-26T02:00,68,7.45,65,4.48,7.5,0.6,942.9
2026-02-23T06:00,2026-02-26T03:00,69,7.14,61,4.54,7.5,1.5,943.1
2026-02-23T06:00,2026-02-26T04:00,70,6.05,57,3.95,7.8,3.4,942.9
2026-02-23T06:00,2026-02-26T05:00,71,4.83,39,3.65,7.5,5.0,943.7
2026-02-23T12:00,2026-02-23T12:00,0,9.34,265,6.05,,4.2,953.8
2026-02-23T12:00,2026-02-23T13:00,1,9.27,255,6.06,10.4,3.8,954.4
2026-02-23T12:00,2026-02-23T14:00,2,10.18,263,6.8,11.6,2.7,955.6
2026-02-23T12:00,2026-02-23T15:00,3,10.95,254,7.14,12.8,0.9,956.4
2026-02-23T12:00,2026-02-23T16:00,4,10.0,254,6.73,13.1,0.3,957.1
2026-02-23T12:00,2026-02-23T17:00,5,9.84,241,6.49,11.4,-0.4,957.5
2026-02-23T12:00,2026-02-23T18:00,6,10.2,246,6.65,11.7,-0.8,957.7
2026-02-23T12:00,2026-02-23T19:00,7,9.52,240,6.37,11.5,-1.6,957.5
2026-02-23T12:00,2026-02-23T20:00,8,9.05,232,5.87,10.8,-2.0,957.3
2026-02-23T12:00,2026-02-23T21:00,9,8.31,230,5.49,9.9,-2.2,956.8
2026-02-23T12:00,2026-02-23T22:00,10,8.17,227,5.24,9.2,-2.4,956.3
2026-02-23T12:00,2026-02-23T23:00,11,7.96,226,5.17,8.9,-2.3,956.2
2026-02-23T12:00,2026-02-24T00:00,12,7.68,227,4.89,8.7,-2.1,956.2
2026-02-23T12:00,2026-02-24T01:00,13,7.52,234,4.76,8.2,-1.9,956.4
2026-02-23T12:00,2026-02-24T02:00,14,7.46,238,4.72,8.0,-2.0,956.8
2026-02-23T12:00,2026-02-24T03:00,15,7.02,236,4.68,8.2,-1.7,957.2
2026-02-23T12:00,2026-02-24T04:00,16,7.02,236,5.08,9.2,-1.1,957.5
2026-02-23T12:00,2026-02-24T05:00,17,6.42,238,4.79,9.3,-0.1,957.4
2026-02-23T12:00,2026-02-24T06:00,18,5.95,244,4.49,9.0,1.1,957.7
2026-02-23T12:00,2026-02-24T07:00,19,5.82,251,4.44,8.7,1.4,957.6
2026-02-23T12:00,2026-02-24T08:00,20,5.97,248,4.58,9.0,1.8,957.5
2026-02-23T12:00,2026-02-24T09:00,21,5.59,246,4.3,8.9,1.8,957.5
2026-02-23T12:00,2026-02-24T10:00,22,5.34,244,4.07,8.2,1.8,957.7
2026-02-23T12:00,2026-02-24T11:00,23,5.17,244,3.76,7.6,1.3,957.8
2026-02-23T12:00,2026-02-24T12:00,24,4.76,234,2.82,6.5,0.4,957.9
2026-02-23T12:00,2026-02-24T13:00,25,3.84,231,1.7,4.5,-0.6,958.2
2026-02-23T12:00,2026-02-24T14:00,26,3.68,233,1.59,2.7,-1.0,958.4
2026-02-23T12:00,2026-02-24T15:00,27,3.4,234,1.52,2.7,-1.1,958.3
2026-02-23T12:00,2026-02-24T16:00,28,2.62,235,1.13,2.4,-1.4,958.5
2026-02-23T12:00,2026-02-24T17:00,29,1.88,292,0.64,1.6,-1.5,958.7
2026-02-23T12:00,2026-02-24T18:00,30,2.86,327,1.29,2.1,-2.8,958.6
2026-02-23T12:00,2026-02-24T19:00,31,1.76,340,0.45,2.0,-3.3,958.8
2026-02-23T12:00,2026-02-24T20:00,32,1.3,4,0.43,0.7,-3.4,958.8
2026-02-23T12:00,2026-02-24T21:00,33,1.59,44,0.75,1.1,-3.5,958.3
2026-02-23T12:00,2026-02-24T22:00,34,2.54,58,1.06,1.7,-4.3,957.4
2026-02-23T12:00,2026-02-24T23:00,35,3.55,51,1.31,2.0,-4.7,957.1
2026-02-23T12:00,2026-02-25T00:00,36,4.3,50,1.45,2.2,-4.5,956.8
2026-02-23T12:00,2026-02-25T01:00,37,4.81,52,1.88,3.0,-3.3,956.8
2026-02-23T12:00,2026-02-25T02:00,38,5.11,53,2.37,3.7,-2.7,957.0
2026-02-23T12:00,2026-02-25T03:00,39,5.15,54,2.47,4.6,-1.1,957.6
2026-02-23T12:00,2026-02-25T04:00,40,4.84,45,3.52,7.0,0.7,957.6
2026-02-23T12:00,2026-02-25T05:00,41,4.92,47,3.79,7.9,1.8,957.1
2026-02-23T12:00,2026-02-25T06:00,42,4.99,43,3.96,8.3,3.1,956.6
2026-02-23T12:00,2026-02-25T07:00,43,4.74,45,3.76,8.4,4.3,955.7
2026-02-23T12:00,2026-02-25T08:00,44,4.75,42,3.79,8.1,5.0,954.6
2026-02-23T12:00,2026-02-25T09:00,45,4.33,39,3.44,8.0,5.0,954.0
2026-02-23T12:00,2026-02-25T10:00,46,3.77,32,2.89,7.0,4.8,953.8
2026-02-23T12:00,2026-02-25T11:00,47,3.14,37,1.91,5.5,3.7,953.5
2026-02-23T12:00,2026-02-25T12:00,48,2.95,51,1.12,3.2,2.3,953.0
2026-02-23T12:00,2026-02-25T13:00,49,3.39,53,1.35,1.7,1.7,952.4
2026-02-23T12:00,2026-02-25T14:00,50,3.94,61,1.55,2.3,1.2,951.9
2026-02-23T12:00,2026-02-25T15:00,51,4.74,46,1.95,3.0,1.4,951.4
2026-02-23T12:00,2026-02-25T16:00,52,5.28,61,2.44,4.0,1.1,950.5
2026-02-23T12:00,2026-02-25T17:00,53,6.3,59,2.82,4.5,0.3,949.4
2026-02-23T12:00,2026-02-25T18:00,54,6.26,61,3.09,5.0,0.5,948.8
2026-02-23T12:00,2026-02-25T19:00,55,6.01,70,3.08,5.2,0.6,948.1
2026-02-23T12:00,2026-02-25T20:00,56,6.38,76,3.46,5.9,0.8,947.5
2026-02-23T12:00,2026-02-25T21:00,57,6.86,70,3.87,6.3,1.0,946.7
2026-02-23T12:00,2026-02-25T22:00,58,6.97,71,3.95,6.7,0.7,945.6
2026-02-23T12:00,2026-02-25T23:00,59,7.46,67,4.32,7.2,0.7,944.8
2026-02-23T12:00,2026-02-26T00:00,60,7.2,64,4.17,7.1,0.6,944.5
2026-02-23T12:00,2026-02-26T01:00,61,6.96,66,4.03,6.8,0.6,943.9
2026-02-23T12:00,2026-02-26T02:00,62,7.27,63,4.3,7.3,0.9,943.3
2026-02-23T12:00,2026-02-26T03:00,63,7.55,58,4.85,8.1,2.0,943.3
2026-02-23T12:00,2026-02-26T04:00,64,7.3,60,4.01,8.1,3.3,942.8
2026-02-23T12:00,2026-02-26T05:00,65,5.44,34,3.78,7.6,4.4,942.9
2026-02-23T12:00,2026-02-26T06:00,66,4.66,273,3.66,7.4,5.0,945.4
2026-02-23T12:00,2026-02-26T07:00,67,8.36,273,6.31,11.7,3.7,946.4
2026-02-23T12:00,2026-02-26T08:00,68,6.23,261,4.84,11.6,2.0,946.9
2026-02-23T12:00,2026-02-26T09:00,69,4.38,256,3.8,9.3,0.5,947.3
2026-02-23T12:00,2026-02-26T10:00,70,5.24,263,3.21,7.5,-0.6,947.8
2026-02-23T12:00,2026-02-26T11:00,71,7.49,261,4.51,8.0,-0.9,948.6
2026-02-23T18:00,2026-02-23T18:00,0,10.65,245,6.98,,-0.9,957.8
2026-02-23T18:00,2026-02-23T19:00,1,10.14,241,6.73,11.9,-1.4,958.1
2026-02-23T18:00,2026-02-23T20:00,2,9.29,239,6.13,11.5,-2.0,958.2
2026-02-23T18:00,2026-02-23T21:00,3,8.38,237,5.49,10.1,-2.3,957.8
2026-02-23T18:00,2026-02-23T22:00,4,8.07,228,5.39,9.1,-2.4,957.4
2026-02-23T18:00,2026-02-23T23:00,5,8.17,226,5.35,9.1,-2.4,957.0
2026-02-23T18:00,2026-02-24T00:00,6,7.74,225,4.92,8.9,-2.1,956.7
2026-02-23T18:00,2026-02-24T01:00,7,7.16,230,4.28,8.2,-1.8,956.6
2026-02-23T18:00,2026-02-24T02:00,8,6.59,236,4.07,7.1,-1.6,956.7
2026-02-23T18:00,2026-02-24T03:00,9,6.02,236,4.06,7.1,-1.1,957.1
2026-02-23T18:00,2026-02-24T04:00,10,5.78,237,4.22,7.8,-0.6,957.1
2026-02-23T18:00,2026-02-24T05:00,11,5.41,245,4.12,8.1,0.7,957.1
2026-02-23T18:00,2026-02-24T06:00,12,4.85,251,3.75,7.9,1.6,957.5
2026-02-23T18:00,2026-02-24T07:00,13,4.66,255,3.59,7.5,1.9,957.3
2026-02-23T18:00,2026-02-24T08:00,14,4.74,259,3.7,7.5,2.2,957.1
2026-02-23T18:00,2026-02-24T09:00,15,4.63,252,3.64,7.6,2.8,957.4
2026-02-23T18:00,2026-02-24T10:00,16,4.35,240,3.4,7.3,2.0,957.4
2026-02-23T18:00,2026-02-24T11:00,17,4.01,234,3.01,6.5,1.5,957.4
2026-02-23T18:00,2026-02-24T12:00,18,3.66,230,1.98,5.4,0.8,957.5
2026-02-23T18:00,2026-02-24T13:00,19,3.26,238,1.39,3.2,-0.3,957.7
2026-02-23T18:00,2026-02-24T14:00,20,2.59,245,1.19,2.1,-0.7,957.9
2026-02-23T18:00,2026-02-24T15:00,21,1.66,254,0.58,1.7,-0.8,957.9
2026-02-23T18:00,2026-02-24T16:00,22,0.85,310,0.18,0.8,-0.9,958.1
2026-02-23T18:00,2026-02-24T17:00,23,1.73,327,0.7,1.2,-1.2,958.3
2026-02-23T18:00,2026-02-24T18:00,24,1.8,341,0.71,1.1,-1.4,958.3
2026-02-23T18:00,2026-02-24T19:00,25,1.46,338,0.72,1.4,-1.3,958.4
2026-02-23T18:00,2026-02-24T20:00,26,1.33,34,0.96,1.9,-1.6,958.1
2026-02-23T18:00,2026-02-24T21:00,27,2.15,59,1.13,2.0,-2.1,957.7
2026-02-23T18:00,2026-02-24T22:00,28,3.36,43,1.95,3.5,-1.9,957.0
2026-02-23T18:00,2026-02-24T23:00,29,3.4,54,1.17,3.5,-2.5,956.2
2026-02-23T18:00,2026-02-25T00:00,30,3.32,46,0.81,1.9,-3.2,955.8
2026-02-23T18:00,2026-02-25T01:00,31,3.96,47,1.42,1.9,-3.1,955.5
2026-02-23T18:00,2026-02-25T02:00,32,4.11,48,1.42,2.3,-2.5,955.6
2026-02-23T18:00,2026-02-25T03:00,33,3.59,50,1.48,3.4,-0.8,956.4
2026-02-23T18:00,2026-02-25T04:00,34,3.31,38,2.42,5.0,0.3,956.6
2026-02-23T18:00,2026-02-25T05:00,35,3.31,38,2.51,5.7,1.4,956.6
2026-02-23T18:00,2026-02-25T06:00,36,2.09,33,1.66,5.5,2.2,956.2
2026-02-23T18:00,2026-02-25T07:00,37,1.66,33,1.35,4.5,2.4,955.5
2026-02-23T18:00,2026-02-25T08:00,38,2.04,36,1.66,4.5,3.8,954.8
2026-02-23T18:00,2026-02-25T09:00,39,2.23,44,1.82,4.9,3.8,954.0
2026-02-23T18:00,2026-02-25T10:00,40,1.98,43,1.62,5.0,4.4,953.7
2026-02-23T18:00,2026-02-25T11:00,41,1.86,31,1.48,4.3,4.1,953.4
2026-02-23T18:00,2026-02-25T12:00,42,1.43,29,0.46,3.0,3.2,952.8
2026-02-23T18:00,2026-02-25T13:00,43,2.66,28,1.17,1.5,1.9,952.4
2026-02-23T18:00,2026-02-25T14:00,44,3.08,44,0.96,1.7,1.8,952.0
2026-02-23T18:00,2026-02-25T15:00,45,4.64,49,1.91,2.8,0.7,950.9
2026-02-23T18:00,2026-02-25T16:00,46,5.52,56,2.24,3.6,0.5,950.1
2026-02-23T18:00,2026-02-25T17:00,47,5.53,67,2.3,3.7,-0.4,949.0
2026-02-23T18:00,2026-02-25T18:00,48,7.23,61,3.59,5.7,0.3,947.9
2026-02-23T18:00,2026-02-25T19:00,49,6.96,72,3.7,6.8,0.7,947.4
2026-02-23T18:00,2026-02-25T20:00,50,7.16,66,4.0,6.6,0.7,947.1
2026-02-23T18:00,2026-02-25T21:00,51,7.31,78,4.16,7.1,1.1,946.3
2026-02-23T18:00,2026-02-25T22:00,52,7.52,75,4.21,7.1,0.9,944.8
2026-02-23T18:00,2026-02-25T23:00,53,7.21,73,4.05,7.1,1.0,944.4
2026-02-23T18:00,2026-02-26T00:00,54,5.53,72,2.96,6.7,0.8,944.6
2026-02-23T18:00,2026-02-26T01:00,55,6.25,71,3.45,5.9,0.6,943.9
2026-02-23T18:00,2026-02-26T02:00,56,6.56,66,3.81,6.2,0.8,942.7
2026-02-23T18:00,2026-02-26T03:00,57,6.86,59,4.08,7.2,1.8,942.6
2026-02-23T18:00,2026-02-26T04:00,58,5.73,48,3.65,7.3,3.1,943.1
2026-02-23T18:00,2026-02-26T05:00,59,1.67,319,1.46,6.8,4.7,944.4
2026-02-23T18:00,2026-02-26T06:00,60,9.9,271,7.41,13.2,5.5,946.7
2026-02-23T18:00,2026-02-26T07:00,61,5.91,262,4.53,13.8,3.4,946.7
2026-02-23T18:00,2026-02-26T08:00,62,4.4,255,3.5,11.7,1.8,946.9
2026-02-23T18:00,2026-02-26T09:00,63,3.54,251,2.41,7.2,0.5,946.9
2026-02-23T18:00,2026-02-26T10:00,64,5.06,253,3.64,7.0,0.9,947.2
2026-02-23T18:00,2026-02-26T11:00,65,6.25,260,3.96,7.4,0.2,947.9
2026-02-23T18:00,2026-02-26T12:00,66,7.01,241,4.08,7.5,-0.4,948.5
2026-02-23T18:00,2026-02-26T13:00,67,8.63,247,5.05,8.7,-0.6,949.3
2026-02-23T18:00,2026-02-26T14:00,68,10.39,251,6.6,11.4,-1.4,950.2
2026-02-23T18:00,2026-02-26T15:00,69,9.91,257,6.63,11.9,-2.5,950.8
2026-02-23T18:00,2026-02-26T16:00,70,8.99,257,5.67,11.3,-3.6,951.7
2026-02-23T18:00,2026-02-26T17:00,71,9.64,260,5.69,10.7,-4.6,952.5
2026-02-24T00:00,2026-02-24T00:00,0,7.32,231,4.49,,-2.3,957.2
2026-02-24T00:00,2026-02-24T01:00,1,6.83,228,4.18,7.6,-2.1,957.1
2026-02-24T00:00,2026-02-24T02:00,2,6.03,229,3.64,6.9,-1.8,957.3
2026-02-24T00:00,2026-02-24T03:00,3,4.91,232,3.47,6.3,-0.9,957.7
2026-02-24T00:00,2026-02-24T04:00,4,4.09,235,3.05,6.5,0.2,957.8
2026-02-24T00:00,2026-02-24T05:00,5,3.47,255,2.75,6.1,1.1,957.8
2026-02-24T00:00,2026-02-24T06:00,6,3.21,275,2.59,6.0,1.7,957.8
2026-02-24T00:00,2026-02-24T07:00,7,3.06,285,2.55,5.9,2.3,957.6
2026-02-24T00:00,2026-02-24T08:00,8,3.32,282,2.64,6.0,2.7,957.4
2026-02-24T00:00,2026-02-24T09:00,9,3.22,263,2.61,6.0,2.1,957.4
2026-02-24T00:00,2026-02-24T10:00,10,3.04,237,2.42,5.7,1.8,957.1
2026-02-24T00:00,2026-02-24T11:00,11,2.88,231,2.26,5.2,1.4,957.4
2026-02-24T00:00,2026-02-24T12:00,12,2.98,230,1.68,4.5,0.9,957.6
2026-02-24T00:00,2026-02-24T13:00,13,2.87,230,1.18,2.7,-0.3,957.6
2026-02-24T00:00,2026-02-24T14:00,14,1.96,232,0.78,1.9,-0.3,957.7
2026-02-24T00:00,2026-02-24T15:00,15,1.23,291,0.57,1.0,-0.4,957.7
2026-02-24T00:00,2026-02-24T16:00,16,1.05,360,0.46,1.0,-0.6,957.9
2026-02-24T00:00,2026-02-24T17:00,17,1.74,39,0.85,1.5,-0.9,958.0
2026-02-24T00:00,2026-02-24T18:00,18,2.41,48,1.56,2.5,-0.8,957.9
2026-02-24T00:00,2026-02-24T19:00,19,3.33,43,2.24,3.7,-1.1,957.9
2026-02-24T00:00,2026-02-24T20:00,20,3.12,58,1.48,3.7,-1.3,957.6
2026-02-24T00:00,2026-02-24T21:00,21,3.26,54,1.35,2.5,-1.5,957.0
2026-02-24T00:00,2026-02-24T22:00,22,3.95,55,1.51,2.4,-2.5,956.1
2026-02-24T00:00,2026-02-24T23:00,23,3.73,55,1.35,2.4,-1.7,955.9
2026-02-24T00:00,2026-02-25T00:00,24,3.73,55,1.42,2.3,-1.6,955.8
2026-02-24T00:00,2026-02-25T01:00,25,3.62,55,1.44,2.2,-1.9,955.3
2026-02-24T00:00,2026-02-25T02:00,26,3.9,49,1.52,2.4,-1.4,955.6
2026-02-24T00:00,2026-02-25T03:00,27,3.84,51,1.88,3.8,-0.2,956.2
2026-02-24T00:00,2026-02-25T04:00,28,3.27,39,2.47,5.2,0.9,956.4
2026-02-24T00:00,2026-02-25T05:00,29,3.01,42,2.36,5.5,1.9,956.3
2026-02-24T00:00,2026-02-25T06:00,30,2.13,39,1.68,5.4,2.5,956.0
2026-02-24T00:00,2026-02-25T07:00,31,2.6,38,2.08,4.8,2.8,955.1
2026-02-24T00:00,2026-02-25T08:00,32,3.04,36,2.46,5.7,3.6,954.0
2026-02-24T00:00,2026-02-25T09:00,33,2.57,37,2.08,5.7,3.8,953.7
2026-02-24T00:00,2026-02-25T10:00,34,2.1,38,1.7,4.9,3.7,953.4
2026-02-24T00:00,2026-02-25T11:00,35,1.67,41,1.26,3.9,3.6,953.3
2026-02-24T00:00,2026-02-25T12:00,36,1.8,44,0.72,2.7,2.5,952.8
2026-02-24T00:00,2026-02-25T13:00,37,2.65,54,1.14,1.5,1.8,952.5
2026-02-24T00:00,2026-02-25T14:00,38,3.01,46,0.74,1.6,1.3,952.1
2026-02-24T00:00,2026-02-25T15:00,39,2.91,39,0.64,1.1,0.4,951.7
2026-02-24T00:00,2026-02-25T16:00,40,3.74,56,1.51,2.0,-0.1,950.8
2026-02-24T00:00,2026-02-25T17:00,41,5.46,57,2.08,3.3,-0.5,949.7
2026-02-24T00:00,2026-02-25T18:00,42,6.67,65,3.14,5.0,-0.6,948.5
2026-02-24T00:00,2026-02-25T19:00,43,7.32,66,3.79,6.0,-0.1,947.8
2026-02-24T00:00,2026-02-25T20:00,44,7.53,69,4.16,6.9,0.3,947.4
2026-02-24T00:00,2026-02-25T21:00,45,6.67,77,3.6,6.7,0.6,946.7
2026-02-24T00:00,2026-02-25T22:00,46,7.16,78,4.1,6.8,0.8,945.1
2026-02-24T00:00,2026-02-25T23:00,47,7.33,74,4.27,7.3,1.0,945.0
2026-02-24T00:00,2026-02-26T00:00,48,5.82,76,3.32,7.2,1.1,944.6
2026-02-24T00:00,2026-02-26T01:00,49,7.01,66,4.0,6.6,0.9,944.0
2026-02-24T00:00,2026-02-26T02:00,50,7.07,64,4.08,6.7,0.8,943.3
2026-02-24T00:00,2026-02-26T03:00,51,6.7,68,3.7,7.1,2.0,943.0
2026-02-24T00:00,2026-02-26T04:00,52,2.8,319,2.44,6.3,3.6,945.0
2026-02-24T00:00,2026-02-26T05:00,53,7.7,269,5.86,10.4,4.8,947.1
2026-02-24T00:00,2026-02-26T06:00,54,5.55,262,4.31,11.2,3.6,947.6
2026-02-24T00:00,2026-02-26T07:00,55,4.41,261,3.59,8.3,1.5,948.1
2026-02-24T00:00,2026-02-26T08:00,56,4.12,246,3.27,7.1,0.6,948.4
2026-02-24T00:00,2026-02-26T09:00,57,4.67,238,3.38,6.8,-0.4,948.6
2026-02-24T00:00,2026-02-26T10:00,58,6.33,250,4.39,7.7,-0.1,948.7
2026-02-24T00:00,2026-02-26T11:00,59,6.28,261,3.86,8.1,0.2,949.1
2026-02-24T00:00,2026-02-26T12:00,60,6.24,245,3.9,6.7,-0.1,949.4
2026-02-24T00:00,2026-02-26T13:00,61,7.1,251,4.08,7.3,-0.4,950.0
2026-02-24T00:00,2026-02-26T14:00,62,8.3,253,4.81,8.1,-0.8,950.6
2026-02-24T00:00,2026-02-26T15:00,63,8.98,258,5.24,8.8,-0.6,951.0
2026-02-24T00:00,2026-02-26T16:00,64,9.26,261,5.43,9.0,-0.2,951.3
2026-02-24T00:00,2026-02-26T17:00,65,10.12,273,5.9,10.2,0.0,951.8
2026-02-24T00:00,2026-02-26T18:00,66,9.25,269,5.62,10.2,-0.5,952.0
2026-02-24T00:00,2026-02-26T19:00,67,7.92,251,4.7,9.4,-1.0,952.2
2026-02-24T00:00,2026-02-26T20:00,68,8.73,260,5.25,8.6,-1.2,952.3
2026-02-24T00:00,2026-02-26T21:00,69,7.79,262,4.65,8.6,-1.7,952.5
2026-02-24T00:00,2026-02-26T22:00,70,7.24,255,4.07,7.9,-2.3,952.5
2026-02-24T00:00,2026-02-26T23:00,71,7.77,256,4.79,7.9,-2.7,953.1
2026-02-24T06:00,2026-02-24T06:00,0,2.74,239,2.19,,2.0,957.9
2026-02-24T06:00,2026-02-24T07:00,1,2.82,253,2.3,5.5,2.8,958.0
2026-02-24T06:00,2026-02-24T08:00,2,3.35,271,2.7,5.9,2.9,958.0
2026-02-24T06:00,2026-02-24T09:00,3,4.04,262,3.17,6.4,2.6,958.1
2026-02-24T06:00,2026-02-24T10:00,4,3.96,244,3.07,6.4,2.0,957.8
2026-02-24T06:00,2026-02-24T11:00,5,3.33,242,2.44,5.9,1.5,957.8
2026-02-24T06:00,2026-02-24T12:00,6,3.52,235,1.61,4.4,0.5,957.8
2026-02-24T06:00,2026-02-24T13:00,7,2.68,233,1.14,2.6,-0.4,957.7
2026-02-24T06:00,2026-02-24T14:00,8,2.42,232,1.05,1.9,-0.5,957.9
2026-02-24T06:00,2026-02-24T15:00,9,1.58,252,0.68,1.6,-0.6,958.0
2026-02-24T06:00,2026-02-24T16:00,10,0.76,259,0.29,0.9,-0.7,957.9
2026-02-24T06:00,2026-02-24T17:00,11,1.15,342,0.59,1.0,-0.8,958.0
2026-02-24T06:00,2026-02-24T18:00,12,1.93,21,0.94,1.6,-1.1,957.8
2026-02-24T06:00,2026-02-24T19:00,13,2.66,40,1.64,2.8,-1.2,957.6
2026-02-24T06:00,2026-02-24T20:00,14,2.17,29,1.01,3.1,-1.5,957.9
2026-02-24T06:00,2026-02-24T21:00,15,1.18,36,0.47,2.0,-1.4,957.7
2026-02-24T06:00,2026-02-24T22:00,16,1.32,25,0.54,1.3,-2.0,957.0
2026-02-24T06:00,2026-02-24T23:00,17,2.04,25,0.78,1.4,-2.4,956.6
2026-02-24T06:00,2026-02-25T00:00,18,2.24,27,0.74,1.4,-2.3,956.4
2026-02-24T06:00,2026-02-25T01:00,19,1.75,31,0.35,1.5,-3.0,955.9
2026-02-24T06:00,2026-02-25T02:00,20,2.15,36,0.64,1.2,-2.4,956.3
2026-02-24T06:00,2026-02-25T03:00,21,2.1,28,1.19,3.0,-1.3,956.8
2026-02-24T06:00,2026-02-25T04:00,22,2.26,25,1.47,3.7,-0.5,956.9
2026-02-24T06:00,2026-02-25T05:00,23,1.64,12,1.35,4.1,0.2,956.7
2026-02-24T06:00,2026-02-25T06:00,24,2.14,21,1.69,4.3,1.0,956.4
2026-02-24T06:00,2026-02-25T07:00,25,1.99,28,1.57,4.8,2.4,955.6
2026-02-24T06:00,2026-02-25T08:00,26,2.15,18,1.77,4.7,3.2,954.6
2026-02-24T06:00,2026-02-25T09:00,27,1.94,18,1.58,4.8,3.8,954.0
2026-02-24T06:00,2026-02-25T10:00,28,1.61,16,1.3,4.4,3.7,953.7
2026-02-24T06:00,2026-02-25T11:00,29,1.79,330,1.06,3.4,3.0,953.6
2026-02-24T06:00,2026-02-25T12:00,30,2.02,314,1.39,2.3,1.7,953.2
2026-02-24T06:00,2026-02-25T13:00,31,1.77,313,1.1,2.3,0.3,952.9
2026-02-24T06:00,2026-02-25T14:00,32,0.82,308,0.74,1.7,0.1,952.5
2026-02-24T06:00,2026-02-25T15:00,33,2.21,38,0.68,1.2,-0.2,951.7
2026-02-24T06:00,2026-02-25T16:00,34,3.77,51,1.27,1.9,-0.5,951.1
2026-02-24T06:00,2026-02-25T17:00,35,5.08,56,1.83,2.7,-0.6,949.9
2026-02-24T06:00,2026-02-25T18:00,36,6.41,60,2.85,4.5,-0.3,949.0
2026-02-24T06:00,2026-02-25T19:00,37,6.98,70,3.55,5.7,-0.1,947.9
2026-02-24T06:00,2026-02-25T20:00,38,7.65,73,4.1,6.7,0.1,947.2
2026-02-24T06:00,2026-02-25T21:00,39,7.39,74,3.95,7.0,0.1,947.1
2026-02-24T06:00,2026-02-25T22:00,40,6.22,79,3.39,6.5,0.7,945.9
2026-02-24T06:00,2026-02-25T23:00,41,6.3,74,3.45,6.0,0.9,945.4
2026-02-24T06:00,2026-02-26T00:00,42,5.55,76,3.01,5.8,0.7,945.0
2026-02-24T06:00,2026-02-26T01:00,43,6.99,67,3.94,6.6,0.4,944.0
2026-02-24T06:00,2026-02-26T02:00,44,7.18,65,4.07,6.8,0.1,943.8
2026-02-24T06:00,2026-02-26T03:00,45,4.56,58,2.37,6.7,1.4,944.3
2026-02-24T06:00,2026-02-26T04:00,46,2.38,292,1.96,4.4,2.5,945.6
2026-02-24T06:00,2026-02-26T05:00,47,6.6,263,5.1,8.9,3.7,946.6
2026-02-24T06:00,2026-02-26T06:00,48,7.12,257,5.38,13.2,3.8,947.8
2026-02-24T06:00,2026-02-26T07:00,49,5.62,275,4.47,10.1,1.7,948.3
2026-02-24T06:00,2026-02-26T08:00,50,5.54,255,4.27,9.0,-0.8,948.9
2026-02-24T06:00,2026-02-26T09:00,51,4.44,239,3.54,7.8,-1.9,949.5
2026-02-24T06:00,2026-02-26T10:00,52,4.46,223,3.57,6.7,-2.1,949.4
2026-02-24T06:00,2026-02-26T11:00,53,3.94,240,2.8,6.5,-1.9,949.6
2026-02-24T06:00,2026-02-26T12:00,54,7.34,241,4.18,7.1,-2.2,950.2
2026-02-24T06:00,2026-02-26T13:00,55,8.68,246,4.42,7.9,-1.6,950.9
2026-02-24T06:00,2026-02-26T14:00,56,7.12,241,4.31,7.7,-0.8,951.1
2026-02-24T06:00,2026-02-26T15:00,57,7.08,248,4.16,7.2,-0.7,951.0
2026-02-24T06:00,2026-02-26T16:00,58,8.84,248,5.13,8.7,-1.0,951.5
2026-02-24T06:00,2026-02-26T17:00,59,7.69,254,4.56,8.8,-1.0,951.8
2026-02-24T06:00,2026-02-26T18:00,60,7.32,260,4.23,7.7,-1.3,951.8
2026-02-24T06:00,2026-02-26T19:00,61,8.0,261,4.73,7.9,-1.6,951.9
2026-02-24T06:00,2026-02-26T20:00,62,8.1,253,4.88,8.1,-1.9,952.3
2026-02-24T06:00,2026-02-26T21:00,63,9.18,247,5.33,9.0,-2.4,952.5
2026-02-24T06:00,2026-02-26T22:00,64,9.34,254,5.88,9.8,-2.9,952.7
2026-02-24T06:00,2026-02-26T23:00,65,9.92,248,6.17,10.4,-3.7,953.5
2026-02-24T06:00,2026-02-27T00:00,66,9.24,243,5.44,10.3,-4.1,954.2
2026-02-24T06:00,2026-02-27T01:00,67,8.33,239,5.28,9.4,-4.2,954.7
2026-02-24T06:00,2026-02-27T02:00,68,8.58,240,5.27,9.2,-4.6,955.2
2026-02-24T06:00,2026-02-27T03:00,69,7.55,238,5.31,9.5,-4.6,955.5
2026-02-24T06:00,2026-02-27T04:00,70,6.96,236,4.8,9.0,-4.6,955.7
2026-02-24T06:00,2026-02-27T05:00,71,6.78,236,4.85,8.5,-4.5,955.9
2026-02-24T12:00,2026-02-24T12:00,0,2.83,226,1.38,,1.0,958.1
2026-02-24T12:00,2026-02-24T13:00,1,3.08,262,1.36,2.4,0.2,958.5
2026-02-24T12:00,2026-02-24T14:00,2,2.44,251,1.1,2.3,-0.4,958.7
2026-02-24T12:00,2026-02-24T15:00,3,0.73,254,0.16,1.7,-0.5,958.4
2026-02-24T12:00,2026-02-24T16:00,4,1.76,355,0.9,1.5,-0.7,958.2
2026-02-24T12:00,2026-02-24T17:00,5,1.82,352,0.8,2.1,-0.8,958.4
2026-02-24T12:00,2026-02-24T18:00,6,1.57,22,0.97,1.8,-0.8,958.1
2026-02-24T12:00,2026-02-24T19:00,7,2.23,46,1.49,2.6,-1.3,957.7
2026-02-24T12:00,2026-02-24T20:00,8,2.16,46,1.11,2.6,-1.6,957.3
2026-02-24T12:00,2026-02-24T21:00,9,2.33,43,1.2,2.3,-1.3,956.8
2026-02-24T12:00,2026-02-24T22:00,10,2.46,29,1.13,2.5,-1.9,956.3
2026-02-24T12:00,2026-02-24T23:00,11,2.58,43,0.8,2.1,-2.3,955.8
2026-02-24T12:00,2026-02-25T00:00,12,2.59,41,0.82,1.3,-2.2,955.7
2026-02-24T12:00,2026-02-25T01:00,13,2.58,36,0.81,1.6,-2.1,955.8
2026-02-24T12:00,2026-02-25T02:00,14,2.09,40,0.97,2.3,-1.5,956.2
2026-02-24T12:00,2026-02-25T03:00,15,1.4,356,1.31,3.2,-1.0,956.6
2026-02-24T12:00,2026-02-25T04:00,16,1.41,8,1.1,3.4,-0.5,956.6
2026-02-24T12:00,2026-02-25T05:00,17,1.01,20,0.86,4.2,0.8,956.8
2026-02-24T12:00,2026-02-25T06:00,18,0.25,349,0.25,3.7,1.6,956.2
2026-02-24T12:00,2026-02-25T07:00,19,1.37,33,1.08,4.3,3.1,955.6
2026-02-24T12:00,2026-02-25T08:00,20,0.72,25,0.55,4.3,3.3,954.4
2026-02-24T12:00,2026-02-25T09:00,21,0.55,355,0.51,3.3,3.4,953.9
2026-02-24T12:00,2026-02-25T10:00,22,1.28,321,1.17,3.3,3.5,953.6
2026-02-24T12:00,2026-02-25T11:00,23,1.67,311,1.38,3.4,2.9,953.7
2026-02-24T12:00,2026-02-25T12:00,24,2.21,276,1.53,3.1,1.9,953.3
2026-02-24T12:00,2026-02-25T13:00,25,1.69,289,1.03,2.6,0.9,953.2
2026-02-24T12:00,2026-02-25T14:00,26,0.67,283,0.56,1.9,0.3,953.1
2026-02-24T12:00,2026-02-25T15:00,27,1.7,358,1.26,2.3,-0.2,952.6
2026-02-24T12:00,2026-02-25T16:00,28,2.55,43,0.97,2.4,-0.8,951.9
2026-02-24T12:00,2026-02-25T17:00,29,4.47,54,1.57,1.9,-1.8,950.3
2026-02-24T12:00,2026-02-25T18:00,30,6.34,60,2.64,4.2,-0.8,949.2
2026-02-24T12:00,2026-02-25T19:00,31,7.3,66,3.7,5.9,-0.3,948.3
2026-02-24T12:00,2026-02-25T20:00,32,7.56,70,4.02,6.6,-0.1,947.6
2026-02-24T12:00,2026-02-25T21:00,33,6.78,77,3.48,6.9,-0.4,947.3
2026-02-24T12:00,2026-02-25T22:00,34,5.2,88,2.67,5.6,0.0,946.3
2026-02-24T12:00,2026-02-25T23:00,35,6.06,73,3.31,5.4,0.3,945.7
2026-02-24T12:00,2026-02-26T00:00,36,6.56,69,3.64,6.3,0.5,945.6
2026-02-24T12:00,2026-02-26T01:00,37,6.44,69,3.76,6.3,0.5,945.0
2026-02-24T12:00,2026-02-26T02:00,38,6.37,62,3.74,6.3,0.4,944.4
2026-02-24T12:00,2026-02-26T03:00,39,5.76,59,3.19,6.3,1.5,944.5
2026-02-24T12:00,2026-02-26T04:00,40,2.57,27,1.83,5.6,3.1,945.4
2026-02-24T12:00,2026-02-26T05:00,41,4.09,262,3.28,6.3,4.1,946.6
2026-02-24T12:00,2026-02-26T06:00,42,10.4,269,7.55,15.3,3.5,948.8
2026-02-24T12:00,2026-02-26T07:00,43,4.99,263,4.11,13.7,2.5,948.5
2026-02-24T12:00,2026-02-26T08:00,44,5.31,256,4.31,8.8,-0.2,949.1
2026-02-24T12:00,2026-02-26T09:00,45,4.68,247,3.74,8.3,-1.1,949.7
2026-02-24T12:00,2026-02-26T10:00,46,5.36,239,3.9,7.1,-1.9,950.0
2026-02-24T12:00,2026-02-26T11:00,47,6.2,245,3.83,7.7,-1.9,950.4
2026-02-24T12:00,2026-02-26T12:00,48,6.93,243,4.16,7.6,-1.9,951.0
2026-02-24T12:00,2026-02-26T13:00,49,8.08,252,4.26,7.3,-2.1,951.4
2026-02-24T12:00,2026-02-26T14:00,50,8.28,254,4.65,8.3,-2.2,951.8
2026-02-24T12:00,2026-02-26T15:00,51,8.01,250,4.72,8.2,-2.3,952.0
2026-02-24T12:00,2026-02-26T16:00,52,6.8,250,3.83,8.3,-2.3,952.1
2026-02-24T12:00,2026-02-26T17:00,53,8.35,252,5.15,8.3,-2.9,952.8
2026-02-24T12:00,2026-02-26T18:00,54,9.35,248,5.19,8.7,-3.3,953.0
2026-02-24T12:00,2026-02-26T19:00,55,9.55,253,5.23,9.3,-3.5,953.2
2026-02-24T12:00,2026-02-26T20:00,56,9.31,254,5.44,9.6,-3.8,953.7
2026-02-24T12:00,2026-02-26T21:00,57,8.08,248,4.52,9.5,-3.8,953.9
2026-02-24T12:00,2026-02-26T22:00,58,8.6,252,5.01,8.7,-4.3,954.0
2026-02-24T12:00,2026-02-26T23:00,59,8.97,252,5.41,9.3,-4.8,954.3
2026-02-24T12:00,2026-02-27T00:00,60,8.61,247,5.15,9.4,-4.9,955.0
2026-02-24T12:00,2026-02-27T01:00,61,8.12,246,5.02,8.8,-5.2,955.4
2026-02-24T12:00,2026-02-27T02:00,62,8.37,245,4.86,8.9,-5.5,955.9
2026-02-24T12:00,2026-02-27T03:00,63,7.03,236,4.96,8.7,-5.2,956.3
2026-02-24T12:00,2026-02-27T04:00,64,7.15,228,4.93,8.4,-4.9,956.4
2026-02-24T12:00,2026-02-27T05:00,65,6.77,229,4.77,8.7,-4.1,956.3
2026-02-24T12:00,2026-02-27T06:00,66,6.62,234,4.62,8.2,-3.7,956.3
2026-02-24T12:00,2026-02-27T07:00,67,6.6,238,4.67,8.4,-3.6,956.4
2026-02-24T12:00,2026-02-27T08:00,68,6.91,239,4.96,8.7,-3.8,956.2
2026-02-24T12:00,2026-02-27T09:00,69,7.39,241,5.23,9.1,-4.3,956.5
2026-02-24T12:00,2026-02-27T10:00,70,7.9,241,5.48,9.5,-4.9,957.0
2026-02-24T12:00,2026-02-27T11:00,71,8.22,240,5.64,9.7,-5.6,957.5
2026-02-24T18:00,2026-02-24T18:00,0,1.75,2,1.1,,-0.6,958.6
2026-02-24T18:00,2026-02-24T19:00,1,2.98,31,1.98,3.5,-1.2,958.4
2026-02-24T18:00,2026-02-24T20:00,2,3.09,56,1.63,3.5,-1.5,957.9
2026-02-24T18:00,2026-02-24T21:00,3,3.52,58,1.56,2.8,-1.4,957.2
2026-02-24T18:00,2026-02-24T22:00,4,3.4,47,1.39,2.6,-1.6,956.7
2026-02-24T18:00,2026-02-24T23:00,5,3.42,52,1.14,2.6,-1.9,956.3
2026-02-24T18:00,2026-02-25T00:00,6,3.15,43,1.08,1.9,-1.7,956.2
2026-02-24T18:00,2026-02-25T01:00,7,3.83,41,1.7,2.9,-1.5,956.3
2026-02-24T18:00,2026-02-25T02:00,8,3.19,42,1.31,2.9,-1.2,956.4
2026-02-24T18:00,2026-02-25T03:00,9,2.9,44,1.37,3.2,-0.8,956.4
2026-02-24T18:00,2026-02-25T04:00,10,3.14,37,2.33,5.1,0.2,956.3
2026-02-24T18:00,2026-02-25T05:00,11,2.73,41,2.16,5.6,1.9,956.4
2026-02-24T18:00,2026-02-25T06:00,12,1.31,18,1.05,5.3,2.2,956.0
2026-02-24T18:00,2026-02-25T07:00,13,0.5,6,0.45,3.9,3.0,955.5
2026-02-24T18:00,2026-02-25T08:00,14,0.52,17,0.41,3.6,3.4,954.6
2026-02-24T18:00,2026-02-25T09:00,15,0.41,14,0.29,3.3,3.8,954.0
2026-02-24T18:00,2026-02-25T10:00,16,0.15,360,0.16,2.9,4.1,953.6
2026-02-24T18:00,2026-02-25T11:00,17,0.83,303,0.81,2.2,3.9,953.6
2026-02-24T18:00,2026-02-25T12:00,18,2.16,277,1.3,2.2,3.0,953.6
2026-02-24T18:00,2026-02-25T13:00,19,1.87,278,1.02,2.4,1.2,953.3
2026-02-24T18:00,2026-02-25T14:00,20,1.17,313,0.67,1.7,0.5,953.2
2026-02-24T18:00,2026-02-25T15:00,21,1.45,356,0.67,1.3,0.2,952.5
2026-02-24T18:00,2026-02-25T16:00,22,2.61,36,0.85,2.0,-0.4,952.1
2026-02-24T18:00,2026-02-25T17:00,23,4.32,60,1.5,2.2,-1.0,950.5
2026-02-24T18:00,2026-02-25T18:00,24,6.84,59,3.11,4.9,-0.5,949.1
2026-02-24T18:00,2026-02-25T19:00,25,7.29,68,3.75,6.0,-0.3,948.4
2026-02-24T18:00,2026-02-25T20:00,26,7.64,74,4.18,6.9,0.2,947.7
2026-02-24T18:00,2026-02-25T21:00,27,7.69,77,4.27,7.3,0.6,947.1
2026-02-24T18:00,2026-02-25T22:00,28,6.69,78,3.74,7.2,0.7,946.8
2026-02-24T18:00,2026-02-25T23:00,29,5.77,81,3.19,6.1,0.6,945.8
2026-02-24T18:00,2026-02-26T00:00,30,6.5,67,3.6,6.0,0.1,945.1
2026-02-24T18:00,2026-02-26T01:00,31,5.86,68,3.24,6.4,0.2,945.5
2026-02-24T18:00,2026-02-26T02:00,32,5.79,69,3.4,5.6,0.2,944.4
2026-02-24T18:00,2026-02-26T03:00,33,5.39,63,3.18,5.9,1.1,944.5
2026-02-24T18:00,2026-02-26T04:00,34,3.35,38,2.39,5.6,3.0,945.1
2026-02-24T18:00,2026-02-26T05:00,35,2.55,270,2.05,5.3,4.1,946.3
2026-02-24T18:00,2026-02-26T06:00,36,11.0,270,8.1,14.9,4.1,948.5
2026-02-24T18:00,2026-02-26T07:00,37,5.72,265,4.46,14.8,2.3,948.7
2026-02-24T18:00,2026-02-26T08:00,38,5.15,252,4.14,8.7,0.1,949.1
2026-02-24T18:00,2026-02-26T09:00,39,4.94,243,3.8,8.2,-1.3,949.6
2026-02-24T18:00,2026-02-26T10:00,40,5.24,237,4.05,7.3,-1.7,950.0
2026-02-24T18:00,2026-02-26T11:00,41,6.3,248,4.27,7.8,-1.4,950.3
2026-02-24T18:00,2026-02-26T12:00,42,7.23,253,4.21,7.7,-1.7,951.1
2026-02-24T18:00,2026-02-26T13:00,43,6.81,254,3.74,7.4,-1.6,951.5
2026-02-24T18:00,2026-02-26T14:00,44,7.02,259,3.78,6.9,-2.0,951.8
2026-02-24T18:00,2026-02-26T15:00,45,7.96,255,4.41,7.6,-2.5,952.3
2026-02-24T18:00,2026-02-26T16:00,46,6.81,254,4.01,8.6,-2.4,952.7
2026-02-24T18:00,2026-02-26T17:00,47,7.92,251,4.55,7.5,-2.7,953.1
2026-02-24T18:00,2026-02-26T18:00,48,8.81,255,4.91,8.0,-2.7,953.1
2026-02-24T18:00,2026-02-26T19:00,49,9.33,252,5.33,8.8,-2.8,953.3
2026-02-24T18:00,2026-02-26T20:00,50,9.36,248,5.42,9.4,-3.0,953.7
2026-02-24T18:00,2026-02-26T21:00,51,7.76,243,4.83,9.3,-3.3,954.1
2026-02-24T18:00,2026-02-26T22:00,52,7.28,249,4.41,8.3,-3.2,954.0
2026-02-24T18:00,2026-02-26T23:00,53,7.05,251,4.47,7.8,-3.4,954.2
2026-02-24T18:00,2026-02-27T00:00,54,7.44,247,5.03,8.6,-4.1,954.9
2026-02-24T18:00,2026-02-27T01:00,55,8.54,244,4.97,8.7,-4.7,955.4
2026-02-24T18:00,2026-02-27T02:00,56,7.95,240,5.09,8.8,-4.4,955.5
2026-02-24T18:00,2026-02-27T03:00,57,6.31,229,4.53,9.0,-3.5,955.7
2026-02-24T18:00,2026-02-27T04:00,58,5.94,224,4.13,7.8,-2.8,955.3
2026-02-24T18:00,2026-02-27T05:00,59,5.22,238,3.57,7.1,-1.9,955.2
2026-02-24T18:00,2026-02-27T06:00,60,5.22,247,3.85,7.1,-1.6,955.3
2026-02-24T18:00,2026-02-27T07:00,61,5.83,239,4.27,7.8,-1.3,955.3
2026-02-24T18:00,2026-02-27T08:00,62,6.01,239,4.37,7.9,-1.2,955.1
2026-02-24T18:00,2026-02-27T09:00,63,6.57,244,4.72,8.4,-1.6,955.2
2026-02-24T18:00,2026-02-27T10:00,64,7.07,245,4.94,8.8,-2.3,955.6
2026-02-24T18:00,2026-02-27T11:00,65,7.01,241,4.9,8.7,-2.9,956.2
2026-02-24T18:00,2026-02-27T12:00,66,6.72,233,4.58,8.6,-3.8,956.5
2026-02-24T18:00,2026-02-27T13:00,67,7.07,233,4.56,8.5,-4.3,956.8
2026-02-24T18:00,2026-02-27T14:00,68,7.02,229,4.49,7.8,-4.8,956.8
2026-02-24T18:00,2026-02-27T15:00,69,6.12,227,3.76,7.5,-4.7,956.6
2026-02-24T18:00,2026-02-27T16:00,70,5.67,229,3.32,6.2,-4.5,956.3
2026-02-24T18:00,2026-02-27T17:00,71,5.4,231,3.44,6.0,-4.6,956.3
2026-02-25T00:00,2026-02-25T00:00,0,3.15,44,1.62,,-2.0,956.7
2026-02-25T00:00,2026-02-25T01:00,1,3.78,47,1.84,3.3,-1.8,956.7
2026-02-25T00:00,2026-02-25T02:00,2,3.53,52,1.6,3.2,-1.5,956.9
2026-02-25T00:00,2026-02-25T03:00,3,2.9,44,1.49,3.4,-0.8,957.2
2026-02-25T00:00,2026-02-25T04:00,4,2.4,31,1.79,4.2,-0.1,957.2
2026-02-25T00:00,2026-02-25T05:00,5,2.47,45,1.93,4.7,1.0,956.9
2026-02-25T00:00,2026-02-25T06:00,6,2.44,46,1.86,5.4,2.2,956.8
2026-02-25T00:00,2026-02-25T07:00,7,1.77,16,1.45,5.0,2.5,956.0
2026-02-25T00:00,2026-02-25T08:00,8,1.16,353,1.01,4.2,2.4,955.4
2026-02-25T00:00,2026-02-25T09:00,9,0.71,309,0.69,3.6,2.6,955.0
2026-02-25T00:00,2026-02-25T10:00,10,0.86,306,0.85,2.9,2.7,954.5
2026-02-25T00:00,2026-02-25T11:00,11,0.67,297,0.68,3.0,2.7,954.3
2026-02-25T00:00,2026-02-25T12:00,12,1.88,318,1.36,2.6,2.2,953.9
2026-02-25T00:00,2026-02-25T13:00,13,0.89,308,0.61,2.4,1.0,953.8
2026-02-25T00:00,2026-02-25T14:00,14,0.74,62,0.11,0.9,0.7,953.1
2026-02-25T00:00,2026-02-25T15:00,15,3.04,36,1.24,2.0,-0.8,952.5
2026-02-25T00:00,2026-02-25T16:00,16,3.43,59,0.85,2.2,-0.2,952.0
2026-02-25T00:00,2026-02-25T17:00,17,5.61,63,2.3,3.4,0.2,951.1
2026-02-25T00:00,2026-02-25T18:00,18,7.49,63,3.7,6.0,0.1,949.9
2026-02-25T00:00,2026-02-25T19:00,19,8.06,69,4.29,6.9,-0.2,948.9
2026-02-25T00:00,2026-02-25T20:00,20,8.35,71,4.71,7.8,0.4,948.3
2026-02-25T00:00,2026-02-25T21:00,21,8.21,77,4.63,8.2,0.5,947.5
2026-02-25T00:00,2026-02-25T22:00,22,7.6,74,4.48,7.8,0.7,946.9
2026-02-25T00:00,2026-02-25T23:00,23,6.94,73,3.94,7.5,0.3,946.4
2026-02-25T00:00,2026-02-26T00:00,24,6.31,75,3.48,6.6,0.0,945.7
2026-02-25T00:00,2026-02-26T01:00,25,5.98,69,3.23,5.8,-0.4,945.4
2026-02-25T00:00,2026-02-26T02:00,26,5.52,69,3.11,5.5,0.1,945.1
2026-02-25T00:00,2026-02-26T03:00,27,5.1,64,3.05,5.4,1.0,945.3
2026-02-25T00:00,2026-02-26T04:00,28,3.93,42,2.76,5.6,2.6,945.3
2026-02-25T00:00,2026-02-26T05:00,29,2.2,21,1.71,6.1,4.2,945.9
2026-02-25T00:00,2026-02-26T06:00,30,9.36,264,7.06,11.6,5.8,948.4
2026-02-25T00:00,2026-02-26T07:00,31,7.03,261,4.99,14.2,2.4,948.9
2026-02-25T00:00,2026-02-26T08:00,32,4.42,254,3.46,9.0,0.8,948.9
2026-02-25T00:00,2026-02-26T09:00,33,4.21,250,3.25,7.1,0.2,949.5
2026-02-25T00:00,2026-02-26T10:00,34,4.62,239,3.33,6.7,-0.4,950.0
2026-02-25T00:00,2026-02-26T11:00,35,4.87,248,3.27,6.1,0.1,950.3
2026-02-25T00:00,2026-02-26T12:00,36,6.06,255,3.47,5.9,-0.1,950.6
2026-02-25T00:00,2026-02-26T13:00,37,7.85,249,4.81,8.1,-0.4,950.9
2026-02-25T00:00,2026-02-26T14:00,38,8.22,238,4.93,8.7,0.0,951.3
2026-02-25T00:00,2026-02-26T15:00,39,6.95,248,4.01,8.2,0.4,951.6
2026-02-25T00:00,2026-02-26T16:00,40,6.32,248,3.61,6.8,0.5,951.8
2026-02-25T00:00,2026-02-26T17:00,41,7.63,259,4.64,7.6,0.4,952.3
2026-02-25T00:00,2026-02-26T18:00,42,9.24,253,5.66,9.4,0.1,952.6
2026-02-25T00:00,2026-02-26T19:00,43,9.43,259,5.92,10.3,-0.6,953.1
2026-02-25T00:00,2026-02-26T20:00,44,9.01,256,5.78,10.0,-1.2,953.3
2026-02-25T00:00,2026-02-26T21:00,45,9.17,246,5.67,9.9,-1.9,953.5
2026-02-25T00:00,2026-02-26T22:00,46,9.21,249,5.7,9.9,-1.9,953.4
2026-02-25T00:00,2026-02-26T23:00,47,8.09,247,5.13,9.7,-1.7,953.4
2026-02-25T00:00,2026-02-27T00:00,48,7.7,245,4.81,8.6,-1.8,953.9
2026-02-25T00:00,2026-02-27T01:00,49,6.9,238,4.39,8.1,-2.0,954.3
2026-02-25T00:00,2026-02-27T02:00,50,6.97,239,4.42,7.4,-2.1,954.5
2026-02-25T00:00,2026-02-27T03:00,51,6.67,229,4.56,7.9,-1.7,954.6
2026-02-25T00:00,2026-02-27T04:00,52,5.64,233,3.85,7.7,-0.9,954.3
2026-02-25T00:00,2026-02-27T05:00,53,5.01,241,3.59,6.5,-0.4,954.1
2026-02-25T00:00,2026-02-27T06:00,54,5.45,235,3.96,7.0,0.2,954.1
2026-02-25T00:00,2026-02-27T07:00,55,5.4,239,3.8,7.0,0.6,953.9
2026-02-25T00:00,2026-02-27T08:00,56,5.75,244,4.01,7.1,0.6,953.5
2026-02-25T00:00,2026-02-27T09:00,57,6.86,251,4.89,8.5,0.3,953.6
2026-02-25T00:00,2026-02-27T10:00,58,6.97,248,4.88,8.9,-0.3,954.0
2026-02-25T00:00,2026-02-27T11:00,59,7.23,249,4.97,8.8,-0.9,954.5
2026-02-25T00:00,2026-02-27T12:00,60,7.89,250,5.44,9.3,-1.9,955.0
2026-02-25T00:00,2026-02-27T13:00,61,7.69,247,5.41,9.3,-3.0,955.6
2026-02-25T00:00,2026-02-27T14:00,62,7.5,235,5.1,9.1,-3.6,956.0
2026-02-25T00:00,2026-02-27T15:00,63,7.46,230,4.82,8.7,-3.9,956.0
2026-02-25T00:00,2026-02-27T16:00,64,6.82,226,4.31,8.1,-3.5,955.7
2026-02-25T00:00,2026-02-27T17:00,65,6.56,236,3.97,7.1,-4.3,955.6
2026-02-25T00:00,2026-02-27T18:00,66,6.93,227,3.96,7.2,-4.8,955.4
2026-02-25T00:00,2026-02-27T19:00,67,6.13,229,3.48,6.5,-4.3,955.0
2026-02-25T00:00,2026-02-27T20:00,68,5.72,234,2.98,5.8,-4.8,954.8
2026-02-25T00:00,2026-02-27T21:00,69,4.81,242,2.55,5.0,-4.9,954.6
2026-02-25T00:00,2026-02-27T22:00,70,4.7,249,2.55,4.3,-5.8,954.4
2026-02-25T00:00,2026-02-27T23:00,71,4.73,240,2.77,5.0,-6.1,954.5
2026-02-25T06:00,2026-02-25T06:00,0,2.83,45,2.14,,1.9,957.1
2026-02-25T06:00,2026-02-25T07:00,1,2.44,26,1.92,4.7,2.4,956.5
2026-02-25T06:00,2026-02-25T08:00,2,1.66,16,1.35,4.7,2.8,955.9
2026-02-25T06:00,2026-02-25T09:00,3,0.35,8,0.28,4.0,2.9,955.4
2026-02-25T06:00,2026-02-25T10:00,4,0.25,349,0.32,2.4,2.9,954.7
2026-02-25T06:00,2026-02-25T11:00,5,0.94,328,0.85,2.6,3.0,954.4
2026-02-25T06:00,2026-02-25T12:00,6,1.77,313,1.22,2.3,1.3,953.5
2026-02-25T06:00,2026-02-25T13:00,7,0.74,290,0.63,2.0,-0.2,953.4
2026-02-25T06:00,2026-02-25T14:00,8,0.66,351,0.35,0.9,0.1,953.2
2026-02-25T06:00,2026-02-25T15:00,9,1.94,35,0.45,0.6,-0.1,952.8
2026-02-25T06:00,2026-02-25T16:00,10,3.61,53,1.17,1.6,-0.2,952.1
2026-02-25T06:00,2026-02-25T17:00,11,5.55,61,2.33,3.4,0.0,951.1
2026-02-25T06:00,2026-02-25T18:00,12,7.11,62,3.42,5.5,-0.1,950.0
2026-02-25T06:00,2026-02-25T19:00,13,8.37,68,4.35,7.1,-0.5,948.6
2026-02-25T06:00,2026-02-25T20:00,14,8.47,72,4.68,7.7,0.1,948.3
2026-02-25T06:00,2026-02-25T21:00,15,8.21,74,4.59,7.9,0.4,947.8
2026-02-25T06:00,2026-02-25T22:00,16,6.95,75,3.99,7.7,0.5,947.3
2026-02-25T06:00,2026-02-25T23:00,17,6.25,80,3.41,6.6,0.1,946.6
2026-02-25T06:00,2026-02-26T00:00,18,5.94,75,3.24,5.7,-0.4,945.8
2026-02-25T06:00,2026-02-26T01:00,19,6.28,74,3.35,5.8,-0.5,945.3
2026-02-25T06:00,2026-02-26T02:00,20,5.84,62,3.4,5.6,-0.2,945.2
2026-02-25T06:00,2026-02-26T03:00,21,6.67,61,4.13,7.1,0.7,944.1
2026-02-25T06:00,2026-02-26T04:00,22,6.07,57,3.84,7.6,2.2,944.5
2026-02-25T06:00,2026-02-26T05:00,23,3.07,348,2.5,7.1,3.6,945.8
2026-02-25T06:00,2026-02-26T06:00,24,9.45,269,6.95,12.1,4.5,948.0
2026-02-25T06:00,2026-02-26T07:00,25,7.33,259,5.54,14.8,3.9,948.7
2026-02-25T06:00,2026-02-26T08:00,26,3.65,251,2.88,10.4,2.0,948.3
2026-02-25T06:00,2026-02-26T09:00,27,4.48,254,3.3,6.0,0.0,948.8
2026-02-25T06:00,2026-02-26T10:00,28,5.39,248,3.87,6.8,-0.8,949.7
2026-02-25T06:00,2026-02-26T11:00,29,5.99,252,3.87,7.3,-1.0,949.9
2026-02-25T06:00,2026-02-26T12:00,30,7.22,266,4.18,7.3,-0.8,950.5
2026-02-25T06:00,2026-02-26T13:00,31,7.94,252,4.6,7.9,-0.9,951.0
2026-02-25T06:00,2026-02-26T14:00,32,7.75,252,4.29,7.8,-0.8,951.3
2026-02-25T06:00,2026-02-26T15:00,33,7.46,260,4.3,7.2,-0.5,951.6
2026-02-25T06:00,2026-02-26T16:00,34,7.31,263,4.22,7.2,-0.6,951.9
2026-02-25T06:00,2026-02-26T17:00,35,7.61,258,4.52,7.5,-0.5,952.4
2026-02-25T06:00,2026-02-26T18:00,36,8.33,251,4.99,8.3,-0.5,952.4
2026-02-25T06:00,2026-02-26T19:00,37,8.74,254,5.27,9.1,-1.0,952.6
2026-02-25T06:00,2026-02-26T20:00,38,9.06,246,5.75,9.6,-1.0,953.0
2026-02-25T06:00,2026-02-26T21:00,39,9.42,248,5.6,9.8,-1.6,953.2
2026-02-25T06:00,2026-02-26T22:00,40,8.33,253,4.95,9.6,-1.8,952.9
2026-02-25T06:00,2026-02-26T23:00,41,7.18,251,4.21,8.3,-1.9,953.1
2026-02-25T06:00,2026-02-27T00:00,42,6.82,248,4.16,7.2,-2.2,953.3
2026-02-25T06:00,2026-02-27T01:00,43,6.86,239,4.21,7.1,-2.3,953.6
2026-02-25T06:00,2026-02-27T02:00,44,6.64,235,4.24,7.2,-1.9,953.9
2026-02-25T06:00,2026-02-27T03:00,45,6.29,233,4.21,7.4,-1.5,954.1
2026-02-25T06:00,2026-02-27T04:00,46,5.22,238,3.63,7.2,-0.8,953.8
2026-02-25T06:00,2026-02-27T05:00,47,4.7,237,3.27,6.3,-0.3,953.5
2026-02-25T06:00,2026-02-27T06:00,48,4.23,235,2.89,5.8,0.6,953.0
2026-02-25T06:00,2026-02-27T07:00,49,5.25,259,3.57,6.5,1.0,953.0
2026-02-25T06:00,2026-02-27T08:00,50,5.79,252,4.14,7.6,0.7,952.7
2026-02-25T06:00,2026-02-27T09:00,51,6.12,251,4.35,7.8,0.4,952.9
2026-02-25T06:00,2026-02-27T10:00,52,7.09,254,4.98,8.8,-0.2,953.3
2026-02-25T06:00,2026-02-27T11:00,53,8.02,251,5.48,9.6,-1.3,954.0
2026-02-25T06:00,2026-02-27T12:00,54,7.72,248,5.39,9.8,-2.4,954.5
2026-02-25T06:00,2026-02-27T13:00,55,7.83,241,5.62,9.9,-3.5,955.2
2026-02-25T06:00,2026-02-27T14:00,56,8.22,233,5.21,9.6,-4.2,955.7
2026-02-25T06:00,2026-02-27T15:00,57,8.15,237,5.09,9.3,-4.2,955.5
2026-02-25T06:00,2026-02-27T16:00,58,7.09,232,4.45,8.1,-4.3,955.3
2026-02-25T06:00,2026-02-27T17:00,59,6.66,229,4.14,7.4,-4.2,954.9
2026-02-25T06:00,2026-02-27T18:00,60,6.47,231,3.75,7.0,-4.5,954.7
2026-02-25T06:00,2026-02-27T19:00,61,6.02,238,3.41,6.3,-4.8,954.5
2026-02-25T06:00,2026-02-27T20:00,62,5.31,237,2.93,5.8,-5.0,954.3
2026-02-25T06:00,2026-02-27T21:00,63,6.01,247,3.44,5.8,-5.9,954.3
2026-02-25T06:00,2026-02-27T22:00,64,5.99,243,3.74,6.7,-6.4,954.2
2026-02-25T06:00,2026-02-27T23:00,65,5.94,240,3.52,6.7,-6.7,954.3
2026-02-25T06:00,2026-02-28T00:00,66,6.52,238,3.76,6.3,-7.0,954.7
2026-02-25T06:00,2026-02-28T01:00,67,6.49,240,3.43,6.3,-6.9,955.0
2026-02-25T06:00,2026-02-28T02:00,68,6.49,245,3.98,6.8,-7.0,955.6
2026-02-25T06:00,2026-02-28T03:00,69,6.46,243,4.43,7.8,-7.0,956.7
2026-02-25T06:00,2026-02-28T04:00,70,5.97,239,4.11,7.8,-6.8,957.1
2026-02-25T06:00,2026-02-28T05:00,71,6.51,243,4.65,8.2,-6.7,957.6
2026-02-25T12:00,2026-02-25T12:00,0,3.61,44,1.58,,1.4,953.5
2026-02-25T12:00,2026-02-25T13:00,1,3.65,42,1.01,3.0,0.8,953.3
2026-02-25T12:00,2026-02-25T14:00,2,2.26,47,0.22,1.4,1.2,953.4
2026-02-25T12:00,2026-02-25T15:00,3,2.53,52,0.6,0.7,1.2,953.1
2026-02-25T12:00,2026-02-25T16:00,4,4.19,59,1.66,2.3,0.5,952.1
2026-02-25T12:00,2026-02-25T17:00,5,5.14,62,2.06,3.2,-0.1,951.5
2026-02-25T12:00,2026-02-25T18:00,6,6.04,62,2.79,4.4,-0.5,950.2
2026-02-25T12:00,2026-02-25T19:00,7,7.0,72,3.49,5.7,-0.8,949.1
2026-02-25T12:00,2026-02-25T20:00,8,7.59,73,4.05,6.5,-0.3,948.0
2026-02-25T12:00,2026-02-25T21:00,9,8.6,72,4.92,8.4,0.3,947.5
2026-02-25T12:00,2026-02-25T22:00,10,7.94,73,4.66,8.3,0.6,946.6
2026-02-25T12:00,2026-02-25T23:00,11,7.82,74,4.48,7.9,0.8,945.7
2026-02-25T12:00,2026-02-26T00:00,12,7.68,69,4.41,7.6,0.8,945.0
2026-02-25T12:00,2026-02-26T01:00,13,7.58,70,4.34,7.6,0.6,944.4
2026-02-25T12:00,2026-02-26T02:00,14,7.72,65,4.5,7.9,0.6,943.9
2026-02-25T12:00,2026-02-26T03:00,15,6.63,67,3.96,7.6,1.3,943.8
2026-02-25T12:00,2026-02-26T04:00,16,4.94,51,3.61,7.0,3.8,943.8
2026-02-25T12:00,2026-02-26T05:00,17,2.79,291,2.43,7.2,4.5,946.2
2026-02-25T12:00,2026-02-26T06:00,18,8.13,265,6.13,11.3,5.1,947.3
2026-02-25T12:00,2026-02-26T07:00,19,7.83,258,5.97,12.7,4.0,948.2
2026-02-25T12:00,2026-02-26T08:00,20,6.22,262,4.68,11.4,1.7,948.4
2026-02-25T12:00,2026-02-26T09:00,21,4.54,246,3.36,8.6,-0.6,949.1
2026-02-25T12:00,2026-02-26T10:00,22,5.62,245,3.89,6.9,-1.0,949.4
2026-02-25T12:00,2026-02-26T11:00,23,7.48,262,4.61,8.3,0.1,949.7
2026-02-25T12:00,2026-02-26T12:00,24,8.15,271,4.32,8.4,0.2,950.0
2026-02-25T12:00,2026-02-26T13:00,25,8.06,268,4.39,8.2,0.1,950.5
2026-02-25T12:00,2026-02-26T14:00,26,7.27,260,4.09,7.4,0.3,951.0
2026-02-25T12:00,2026-02-26T15:00,27,7.75,269,4.35,7.5,0.7,951.3
2026-02-25T12:00,2026-02-26T16:00,28,8.45,271,4.93,8.2,0.6,951.9
2026-02-25T12:00,2026-02-26T17:00,29,8.86,273,5.36,8.9,0.4,952.3
2026-02-25T12:00,2026-02-26T18:00,30,8.45,268,5.15,9.1,0.1,952.7
2026-02-25T12:00,2026-02-26T19:00,31,8.59,254,5.19,9.0,-0.6,953.1
2026-02-25T12:00,2026-02-26T20:00,32,8.55,248,5.4,9.1,-1.1,953.2
2026-02-25T12:00,2026-02-26T21:00,33,9.26,254,5.46,9.7,-1.6,953.2
2026-02-25T12:00,2026-02-26T22:00,34,8.51,249,5.01,9.2,-1.8,953.0
2026-02-25T12:00,2026-02-26T23:00,35,7.49,242,4.58,8.5,-1.6,953.2
2026-02-25T12:00,2026-02-27T00:00,36,7.05,242,4.41,7.7,-1.4,953.6
2026-02-25T12:00,2026-02-27T01:00,37,6.83,240,4.29,7.5,-1.7,953.9
2026-02-25T12:00,2026-02-27T02:00,38,6.28,237,3.89,7.2,-1.4,953.9
2026-02-25T12:00,2026-02-27T03:00,39,5.51,236,3.72,6.4,-0.7,954.0
2026-02-25T12:00,2026-02-27T04:00,40,5.06,232,3.36,6.4,-0.3,953.6
2026-02-25T12:00,2026-02-27T05:00,41,4.45,237,2.99,5.8,0.5,953.4
2026-02-25T12:00,2026-02-27T06:00,42,5.69,250,3.95,7.1,0.9,953.4
2026-02-25T12:00,2026-02-27T07:00,43,5.87,253,4.11,7.4,1.0,953.4
2026-02-25T12:00,2026-02-27T08:00,44,6.7,258,4.68,8.4,0.4,953.3
2026-02-25T12:00,2026-02-27T09:00,45,7.65,253,5.38,9.6,-0.3,953.7
2026-02-25T12:00,2026-02-27T10:00,46,8.1,253,5.6,9.8,-0.8,954.3
2026-02-25T12:00,2026-02-27T11:00,47,8.11,252,5.4,9.9,-1.9,954.9
2026-02-25T12:00,2026-02-27T12:00,48,7.98,244,5.54,9.7,-3.2,955.6
2026-02-25T12:00,2026-02-27T13:00,49,8.18,229,5.36,9.7,-3.8,955.9
2026-02-25T12:00,2026-02-27T14:00,50,7.89,231,5.1,9.2,-3.7,956.0
2026-02-25T12:00,2026-02-27T15:00,51,7.23,237,4.62,8.5,-4.0,956.1
2026-02-25T12:00,2026-02-27T16:00,52,7.21,233,4.64,7.9,-4.6,956.0
2026-02-25T12:00,2026-02-27T17:00,53,7.09,229,4.33,7.9,-4.7,955.8
2026-02-25T12:00,2026-02-27T18:00,54,6.74,235,4.05,7.2,-4.5,955.7
2026-02-25T12:00,2026-02-27T19:00,55,6.33,239,4.1,7.0,-4.8,955.6
2026-02-25T12:00,2026-02-27T20:00,56,6.41,237,3.98,7.8,-5.3,955.6
2026-02-25T12:00,2026-02-27T21:00,57,6.34,246,4.19,7.3,-5.9,955.5
2026-02-25T12:00,2026-02-27T22:00,58,6.21,237,3.76,7.4,-6.7,955.3
2026-02-25T12:00,2026-02-27T23:00,59,6.06,236,3.7,6.3,-6.8,955.5
2026-02-25T12:00,2026-02-28T00:00,60,6.84,239,4.22,7.5,-7.5,956.2
2026-02-25T12:00,2026-02-28T01:00,61,6.61,240,4.02,7.1,-7.4,956.6
2026-02-25T12:00,2026-02-28T02:00,62,6.93,239,4.55,7.7,-7.5,957.5
2026-02-25T12:00,2026-02-28T03:00,63,6.61,231,4.39,8.6,-7.2,958.0
2026-02-25T12:00,2026-02-28T04:00,64,6.11,240,4.21,7.6,-6.8,958.4
2026-02-25T12:00,2026-02-28T05:00,65,6.23,237,4.53,8.0,-6.6,958.5
2026-02-25T12:00,2026-02-28T06:00,66,6.29,238,4.65,8.4,-5.7,958.6
2026-02-25T12:00,2026-02-28T07:00,67,6.11,241,4.52,8.4,-5.4,958.6
2026-02-25T12:00,2026-02-28T08:00,68,6.02,246,4.48,8.1,-5.2,958.5
2026-02-25T12:00,2026-02-28T09:00,69,6.13,244,4.47,8.2,-5.4,958.5
2026-02-25T12:00,2026-02-28T10:00,70,6.05,240,4.35,8.1,-5.7,959.0
2026-02-25T12:00,2026-02-28T11:00,71,5.67,235,3.83,7.8,-5.8,959.0
2026-02-25T18:00,2026-02-25T18:00,0,7.38,65,3.72,,0.6,950.8
2026-02-25T18:00,2026-02-25T19:00,1,7.85,68,4.1,6.8,-0.1,950.0
2026-02-25T18:00,2026-02-25T20:00,2,7.65,73,4.08,6.9,-0.1,949.1
2026-02-25T18:00,2026-02-25T21:00,3,7.99,72,4.35,7.5,0.2,948.4
2026-02-25T18:00,2026-02-25T22:00,4,7.2,73,4.02,7.2,0.7,947.5
2026-02-25T18:00,2026-02-25T23:00,5,7.65,71,4.34,7.3,0.7,946.4
2026-02-25T18:00,2026-02-26T00:00,6,7.41,69,4.2,7.3,0.7,945.9
2026-02-25T18:00,2026-02-26T01:00,7,7.08,68,4.07,7.1,0.7,945.4
2026-02-25T18:00,2026-02-26T02:00,8,7.37,69,4.23,7.5,0.8,944.8
2026-02-25T18:00,2026-02-26T03:00,9,7.37,66,3.65,7.2,1.3,944.3
2026-02-25T18:00,2026-02-26T04:00,10,5.91,58,4.27,8.1,3.3,943.8
2026-02-25T18:00,2026-02-26T05:00,11,3.09,39,2.3,8.3,5.0,944.6
2026-02-25T18:00,2026-02-26T06:00,12,7.78,265,5.83,10.4,6.2,947.3
2026-02-25T18:00,2026-02-26T07:00,13,9.07,267,6.66,15.6,3.5,948.4
2026-02-25T18:00,2026-02-26T08:00,14,6.62,266,5.12,12.2,3.1,948.5
2026-02-25T18:00,2026-02-26T09:00,15,5.86,257,4.19,9.8,0.2,949.1
2026-02-25T18:00,2026-02-26T10:00,16,5.77,258,4.06,8.0,-0.8,949.4
2026-02-25T18:00,2026-02-26T11:00,17,8.04,261,4.9,8.6,-0.5,950.0
2026-02-25T18:00,2026-02-26T12:00,18,8.7,269,4.82,9.1,0.7,950.2
2026-02-25T18:00,2026-02-26T13:00,19,8.05,272,4.45,8.2,0.4,950.7
2026-02-25T18:00,2026-02-26T14:00,20,7.6,254,4.32,7.5,0.4,951.3
2026-02-25T18:00,2026-02-26T15:00,21,9.12,267,5.14,8.5,0.5,951.4
2026-02-25T18:00,2026-02-26T16:00,22,8.9,270,5.0,8.7,1.1,951.7
2026-02-25T18:00,2026-02-26T17:00,23,8.54,276,4.85,8.3,1.1,951.9
2026-02-25T18:00,2026-02-26T18:00,24,8.52,266,5.13,8.6,0.4,952.4
2026-02-25T18:00,2026-02-26T19:00,25,9.23,251,5.73,9.7,-0.2,952.8
2026-02-25T18:00,2026-02-26T20:00,26,7.98,255,4.85,9.7,-0.8,952.9
2026-02-25T18:00,2026-02-26T21:00,27,8.17,258,4.72,8.0,-0.9,952.9
2026-02-25T18:00,2026-02-26T22:00,28,7.89,253,4.9,8.2,-1.0,952.7
2026-02-25T18:00,2026-02-26T23:00,29,7.08,257,4.05,8.2,-1.2,952.9
2026-02-25T18:00,2026-02-27T00:00,30,6.46,245,3.89,6.9,-1.6,953.2
2026-02-25T18:00,2026-02-27T01:00,31,6.44,237,3.96,6.8,-1.5,953.4
2026-02-25T18:00,2026-02-27T02:00,32,5.95,232,3.7,6.6,-1.1,953.5
2026-02-25T18:00,2026-02-27T03:00,33,4.74,235,2.91,6.2,-0.3,953.5
2026-02-25T18:00,2026-02-27T04:00,34,4.53,228,3.19,5.6,0.4,953.4
2026-02-25T18:00,2026-02-27T05:00,35,3.91,231,2.3,5.6,1.0,953.0
2026-02-25T18:00,2026-02-27T06:00,36,4.14,250,2.6,5.0,1.9,952.8
2026-02-25T18:00,2026-02-27T07:00,37,4.24,255,2.66,5.3,2.3,952.6
2026-02-25T18:00,2026-02-27T08:00,38,5.49,260,3.67,6.9,2.2,952.5
2026-02-25T18:00,2026-02-27T09:00,39,6.22,259,4.25,7.8,1.6,952.7
2026-02-25T18:00,2026-02-27T10:00,40,6.85,256,4.78,8.6,1.0,953.2
2026-02-25T18:00,2026-02-27T11:00,41,6.96,254,4.78,8.7,0.1,953.5
2026-02-25T18:00,2026-02-27T12:00,42,6.55,248,4.85,8.9,-0.9,954.0
2026-02-25T18:00,2026-02-27T13:00,43,6.81,240,5.01,8.7,-1.9,954.4
2026-02-25T18:00,2026-02-27T14:00,44,6.31,238,4.33,8.4,-2.3,954.8
2026-02-25T18:00,2026-02-27T15:00,45,6.59,234,4.28,7.5,-3.0,954.6
2026-02-25T18:00,2026-02-27T16:00,46,6.35,230,3.61,7.1,-3.4,954.4
2026-02-25T18:00,2026-02-27T17:00,47,6.42,236,3.61,6.1,-3.6,954.2
2026-02-25T18:00,2026-02-27T18:00,48,6.15,234,3.48,6.1,-3.9,954.0
2026-02-25T18:00,2026-02-27T19:00,49,6.23,237,3.81,6.8,-4.2,953.9
2026-02-25T18:00,2026-02-27T20:00,50,5.33,240,2.89,6.4,-4.4,953.7
2026-02-25T18:00,2026-02-27T21:00,51,5.77,236,3.41,5.9,-5.0,953.5
2026-02-25T18:00,2026-02-27T22:00,52,6.17,242,3.74,6.2,-5.2,953.4
2026-02-25T18:00,2026-02-27T23:00,53,6.9,240,4.0,6.7,-6.1,953.8
2026-02-25T18:00,2026-02-28T00:00,54,6.5,235,4.12,8.1,-6.2,954.4
2026-02-25T18:00,2026-02-28T01:00,55,7.32,238,4.95,8.7,-6.2,955.2
2026-02-25T18:00,2026-02-28T02:00,56,6.72,240,4.61,8.8,-6.3,955.9
2026-02-25T18:00,2026-02-28T03:00,57,7.14,238,4.91,8.5,-6.6,956.8
2026-02-25T18:00,2026-02-28T04:00,58,7.52,234,5.27,9.2,-6.6,957.4
2026-02-25T18:00,2026-02-28T05:00,59,8.1,237,5.84,10.1,-6.0,957.9
2026-02-25T18:00,2026-02-28T06:00,60,7.61,242,5.51,10.2,-5.9,958.2
2026-02-25T18:00,2026-02-28T07:00,61,7.25,241,5.19,9.8,-5.6,958.5
2026-02-25T18:00,2026-02-28T08:00,62,6.92,240,5.08,9.2,-5.6,958.5
2026-02-25T18:00,2026-02-28T09:00,63,7.11,237,5.23,9.3,-5.8,958.6
2026-02-25T18:00,2026-02-28T10:00,64,6.85,233,4.9,9.2,-5.5,958.7
2026-02-25T18:00,2026-02-28T11:00,65,6.84,234,4.78,8.5,-5.5,958.9
2026-02-25T18:00,2026-02-28T12:00,66,6.54,233,4.11,8.2,-5.8,958.9
2026-02-25T18:00,2026-02-28T13:00,67,6.28,230,3.58,6.8,-6.3,959.1
2026-02-25T18:00,2026-02-28T14:00,68,5.87,227,3.33,5.9,-6.4,959.2
2026-02-25T18:00,2026-02-28T15:00,69,5.49,232,2.87,5.5,-6.6,959.1
2026-02-25T18:00,2026-02-28T16:00,70,4.84,235,2.41,4.7,-6.7,959.1
2026-02-25T18:00,2026-02-28T17:00,71,4.36,243,1.8,3.9,-7.9,958.8
2026-02-26T00:00,2026-02-26T00:00,0,7.54,71,4.34,,0.7,946.1
2026-02-26T00:00,2026-02-26T01:00,1,7.64,67,4.49,7.7,0.4,946.0
2026-02-26T00:00,2026-02-26T02:00,2,6.54,74,3.64,7.6,0.4,945.3
2026-02-26T00:00,2026-02-26T03:00,3,6.6,66,3.66,6.7,1.6,945.2
2026-02-26T00:00,2026-02-26T04:00,4,5.65,54,4.15,7.9,3.6,945.0
2026-02-26T00:00,2026-02-26T05:00,5,3.06,26,2.32,8.0,4.5,946.4
2026-02-26T00:00,2026-02-26T06:00,6,4.16,243,3.24,6.4,5.6,947.6
2026-02-26T00:00,2026-02-26T07:00,7,8.16,267,6.25,13.5,3.9,948.6
2026-02-26T00:00,2026-02-26T08:00,8,4.88,264,3.89,11.6,1.8,948.8
2026-02-26T00:00,2026-02-26T09:00,9,4.65,251,3.12,7.2,0.5,949.2
2026-02-26T00:00,2026-02-26T10:00,10,5.01,244,3.29,5.8,0.2,949.3
2026-02-26T00:00,2026-02-26T11:00,11,8.57,263,5.04,8.2,0.9,949.7
2026-02-26T00:00,2026-02-26T12:00,12,8.4,271,4.78,8.5,0.5,950.2
2026-02-26T00:00,2026-02-26T13:00,13,8.17,263,4.66,8.1,0.0,950.9
2026-02-26T00:00,2026-02-26T14:00,14,7.91,258,4.47,8.0,0.2,951.3
2026-02-26T00:00,2026-02-26T15:00,15,7.9,257,4.45,7.9,0.3,951.9
2026-02-26T00:00,2026-02-26T16:00,16,7.28,265,3.77,7.5,0.9,951.9
2026-02-26T00:00,2026-02-26T17:00,17,8.22,274,4.6,7.6,1.2,952.3
2026-02-26T00:00,2026-02-26T18:00,18,7.99,275,4.7,8.0,0.5,952.7
2026-02-26T00:00,2026-02-26T19:00,19,6.19,264,3.35,7.9,-0.4,952.6
2026-02-26T00:00,2026-02-26T20:00,20,5.64,251,3.08,5.6,-0.6,952.7
2026-02-26T00:00,2026-02-26T21:00,21,6.05,257,3.42,5.6,-0.3,952.6
2026-02-26T00:00,2026-02-26T22:00,22,6.5,253,3.9,6.5,-0.4,952.5
2026-02-26T00:00,2026-02-26T23:00,23,6.14,240,3.64,6.6,-0.5,952.6
2026-02-26T00:00,2026-02-27T00:00,24,5.52,236,3.43,6.1,-0.4,952.8
2026-02-26T00:00,2026-02-27T01:00,25,5.46,233,3.38,5.8,-0.3,953.1
2026-02-26T00:00,2026-02-27T02:00,26,5.47,230,3.41,5.7,-0.3,953.0
2026-02-26T00:00,2026-02-27T03:00,27,5.2,225,3.18,5.7,0.4,953.0
2026-02-26T00:00,2026-02-27T04:00,28,4.56,238,2.37,5.3,1.3,952.7
2026-02-26T00:00,2026-02-27T05:00,29,4.61,249,2.4,4.5,1.5,952.5
2026-02-26T00:00,2026-02-27T06:00,30,4.25,261,2.43,4.8,2.3,952.4
2026-02-26T00:00,2026-02-27T07:00,31,5.1,262,3.39,6.4,2.2,952.4
2026-02-26T00:00,2026-02-27T08:00,32,5.33,258,3.59,6.9,1.5,952.2
2026-02-26T00:00,2026-02-27T09:00,33,5.66,261,3.9,7.3,1.7,952.3
2026-02-26T00:00,2026-02-27T10:00,34,6.11,257,4.23,7.8,1.1,952.7
2026-02-26T00:00,2026-02-27T11:00,35,7.24,259,4.97,9.0,0.2,953.4
2026-02-26T00:00,2026-02-27T12:00,36,7.56,251,5.27,9.3,-1.2,953.9
2026-02-26T00:00,2026-02-27T13:00,37,7.64,253,5.37,9.4,-2.5,954.5
2026-02-26T00:00,2026-02-27T14:00,38,7.01,241,4.91,9.3,-3.9,955.0
2026-02-26T00:00,2026-02-27T15:00,39,7.12,232,4.63,8.7,-4.5,955.1
2026-02-26T00:00,2026-02-27T16:00,40,6.73,237,4.49,8.3,-4.3,955.2
2026-02-26T00:00,2026-02-27T17:00,41,6.24,230,4.1,7.9,-4.6,954.8
2026-02-26T00:00,2026-02-27T18:00,42,7.44,232,4.7,8.2,-4.6,954.8
2026-02-26T00:00,2026-02-27T19:00,43,6.5,233,4.0,8.5,-3.9,954.5
2026-02-26T00:00,2026-02-27T20:00,44,5.95,245,3.85,7.2,-4.4,954.5
2026-02-26T00:00,2026-02-27T21:00,45,6.78,241,4.67,8.2,-5.3,954.6
2026-02-26T00:00,2026-02-27T22:00,46,6.67,240,4.53,8.4,-5.8,954.4
2026-02-26T00:00,2026-02-27T23:00,47,7.18,241,4.55,8.1,-6.1,954.5
2026-02-26T00:00,2026-02-28T00:00,48,7.23,238,4.52,8.5,-6.6,955.0
2026-02-26T00:00,2026-02-28T01:00,49,7.13,240,4.76,8.3,-6.6,955.6
2026-02-26T00:00,2026-02-28T02:00,50,7.4,244,4.99,9.1,-7.0,956.2
2026-02-26T00:00,2026-02-28T03:00,51,7.18,235,4.96,9.2,-7.1,956.9
2026-02-26T00:00,2026-02-28T04:00,52,7.19,232,5.13,9.2,-6.5,957.3
2026-02-26T00:00,2026-02-28T05:00,53,7.14,246,5.01,9.2,-6.0,957.6
2026-02-26T00:00,2026-02-28T06:00,54,7.14,246,5.12,9.3,-5.8,958.0
2026-02-26T00:00,2026-02-28T07:00,55,7.27,245,5.28,9.7,-6.0,958.3
2026-02-26T00:00,2026-02-28T08:00,56,7.23,247,5.28,9.6,-6.1,958.3
2026-02-26T00:00,2026-02-28T09:00,57,7.23,245,5.21,9.5,-6.2,958.4
2026-02-26T00:00,2026-02-28T10:00,58,6.96,240,4.92,9.3,-6.5,958.8
2026-02-26T00:00,2026-02-28T11:00,59,6.92,236,4.87,8.8,-6.9,959.2
2026-02-26T00:00,2026-02-28T12:00,60,6.89,237,4.61,8.5,-6.9,959.4
2026-02-26T00:00,2026-02-28T13:00,61,6.78,233,4.25,7.9,-7.2,959.9
2026-02-26T00:00,2026-02-28T14:00,62,6.27,229,3.82,7.3,-7.3,960.3
2026-02-26T00:00,2026-02-28T15:00,63,5.99,235,3.34,6.6,-7.3,960.1
2026-02-26T00:00,2026-02-28T16:00,64,5.96,235,3.2,5.6,-7.5,960.0
2026-02-26T00:00,2026-02-28T17:00,65,5.63,235,3.33,5.3,-7.1,959.9
2026-02-26T00:00,2026-02-28T18:00,66,5.31,240,3.2,5.5,-6.7,959.7
2026-02-26T00:00,2026-02-28T19:00,67,5.32,244,3.23,5.4,-6.8,959.7
2026-02-26T00:00,2026-02-28T20:00,68,5.33,240,3.21,5.5,-7.1,959.6
2026-02-26T00:00,2026-02-28T21:00,69,4.98,236,3.16,5.6,-6.9,959.6
2026-02-26T00:00,2026-02-28T22:00,70,4.52,242,3.03,5.2,-6.9,959.3
2026-02-26T00:00,2026-02-28T23:00,71,4.68,247,3.14,5.1,-7.3,959.4
2026-02-26T06:00,2026-02-26T06:00,0,2.05,267,1.7,,5.8,947.3
2026-02-26T06:00,2026-02-26T07:00,1,8.95,269,6.7,13.0,4.7,948.8
2026-02-26T06:00,2026-02-26T08:00,2,5.98,264,4.73,12.4,2.1,949.5
2026-02-26T06:00,2026-02-26T09:00,3,5.41,251,3.84,9.1,-0.3,950.2
2026-02-26T06:00,2026-02-26T10:00,4,5.35,249,3.53,7.1,-0.6,950.1
2026-02-26T06:00,2026-02-26T11:00,5,8.14,262,4.97,8.6,-0.1,950.3
2026-02-26T06:00,2026-02-26T12:00,6,8.66,268,4.55,9.1,0.3,950.4
2026-02-26T06:00,2026-02-26T13:00,7,8.46,273,4.76,8.5,0.1,951.1
2026-02-26T06:00,2026-02-26T14:00,8,7.8,256,4.54,8.0,-0.2,951.5
2026-02-26T06:00,2026-02-26T15:00,9,7.83,250,4.48,7.8,0.2,952.0
2026-02-26T06:00,2026-02-26T16:00,10,7.8,264,4.38,7.7,0.6,952.1
2026-02-26T06:00,2026-02-26T17:00,11,7.91,273,4.6,7.6,0.3,952.3
2026-02-26T06:00,2026-02-26T18:00,12,7.64,276,4.55,7.9,0.0,952.6
2026-02-26T06:00,2026-02-26T19:00,13,6.01,259,3.15,7.5,-0.3,952.5
2026-02-26T06:00,2026-02-26T20:00,14,5.42,252,2.73,5.2,-0.5,952.6
2026-02-26T06:00,2026-02-26T21:00,15,6.57,259,3.83,6.3,-0.4,952.7
2026-02-26T06:00,2026-02-26T22:00,16,6.78,248,4.01,6.7,-0.7,952.5
2026-02-26T06:00,2026-02-26T23:00,17,6.13,245,3.7,6.8,-0.6,952.7
2026-02-26T06:00,2026-02-27T00:00,18,5.86,245,3.62,6.2,-0.7,953.2
2026-02-26T06:00,2026-02-27T01:00,19,5.94,237,3.58,6.2,-1.0,953.5
2026-02-26T06:00,2026-02-27T02:00,20,5.95,232,3.51,6.1,-1.0,953.5
2026-02-26T06:00,2026-02-27T03:00,21,5.08,231,3.11,5.8,-0.4,953.4
2026-02-26T06:00,2026-02-27T04:00,22,4.53,225,2.64,5.2,0.3,952.7
2026-02-26T06:00,2026-02-27T05:00,23,3.92,240,1.83,4.2,1.5,952.0
2026-02-26T06:00,2026-02-27T06:00,24,4.7,269,2.8,5.1,1.7,952.2
2026-02-26T06:00,2026-02-27T07:00,25,4.25,246,2.67,5.5,1.6,952.0
2026-02-26T06:00,2026-02-27T08:00,26,4.82,257,3.02,5.7,1.9,951.7
2026-02-26T06:00,2026-02-27T09:00,27,5.93,258,4.04,7.3,1.4,952.2
2026-02-26T06:00,2026-02-27T10:00,28,6.38,255,4.43,8.0,0.5,952.6
2026-02-26T06:00,2026-02-27T11:00,29,6.75,258,4.75,8.4,-0.5,953.1
2026-02-26T06:00,2026-02-27T12:00,30,7.13,250,5.23,9.0,-1.8,953.5
2026-02-26T06:00,2026-02-27T13:00,31,7.07,245,5.01,9.0,-2.8,954.0
2026-02-26T06:00,2026-02-27T14:00,32,7.07,242,4.8,8.6,-3.7,954.3
2026-02-26T06:00,2026-02-27T15:00,33,7.07,239,4.51,8.1,-4.6,954.4
2026-02-26T06:00,2026-02-27T16:00,34,6.67,238,4.05,7.6,-5.0,954.5
2026-02-26T06:00,2026-02-27T17:00,35,7.05,238,4.43,7.3,-5.6,954.2
2026-02-26T06:00,2026-02-27T18:00,36,7.26,234,4.6,8.5,-5.5,954.3
2026-02-26T06:00,2026-02-27T19:00,37,7.11,233,4.43,8.2,-4.8,954.0
2026-02-26T06:00,2026-02-27T20:00,38,6.54,249,4.47,7.5,-5.4,954.4
2026-02-26T06:00,2026-02-27T21:00,39,6.2,241,4.25,8.1,-6.2,954.6
2026-02-26T06:00,2026-02-27T22:00,40,6.44,239,4.34,7.7,-6.5,954.6
2026-02-26T06:00,2026-02-27T23:00,41,6.63,238,4.37,7.6,-6.7,954.8
2026-02-26T06:00,2026-02-28T00:00,42,6.53,235,4.46,7.8,-7.0,955.1
2026-02-26T06:00,2026-02-28T01:00,43,7.09,242,4.86,8.4,-7.3,955.7
2026-02-26T06:00,2026-02-28T02:00,44,7.78,236,5.22,9.1,-8.1,956.7
2026-02-26T06:00,2026-02-28T03:00,45,7.56,237,5.38,9.3,-7.8,957.5
2026-02-26T06:00,2026-02-28T04:00,46,7.22,242,5.1,9.5,-7.5,957.8
2026-02-26T06:00,2026-02-28T05:00,47,7.72,241,5.56,9.6,-7.6,958.3
2026-02-26T06:00,2026-02-28T06:00,48,7.96,242,6.02,10.5,-7.2,958.7
2026-02-26T06:00,2026-02-28T07:00,49,7.77,247,5.62,10.5,-7.1,958.9
2026-02-26T06:00,2026-02-28T08:00,50,7.69,247,5.46,9.9,-7.2,958.9
2026-02-26T06:00,2026-02-28T09:00,51,7.67,242,5.47,9.8,-7.6,959.3
2026-02-26T06:00,2026-02-28T10:00,52,7.27,237,5.12,9.6,-7.4,959.6
2026-02-26T06:00,2026-02-28T11:00,53,7.08,234,5.05,8.9,-7.4,959.9
2026-02-26T06:00,2026-02-28T12:00,54,7.22,231,4.94,8.7,-7.5,960.1
2026-02-26T06:00,2026-02-28T13:00,55,7.16,232,4.61,8.5,-7.5,960.5
2026-02-26T06:00,2026-02-28T14:00,56,6.55,232,3.79,7.7,-7.8,960.7
2026-02-26T06:00,2026-02-28T15:00,57,6.14,230,3.36,6.3,-8.2,960.6
2026-02-26T06:00,2026-02-28T16:00,58,5.41,234,2.76,5.5,-8.2,960.3
2026-02-26T06:00,2026-02-28T17:00,59,5.04,241,2.49,4.5,-8.2,960.3
2026-02-26T06:00,2026-02-28T18:00,60,3.91,251,1.6,4.0,-8.7,960.0
2026-02-26T06:00,2026-02-28T19:00,61,3.47,263,1.58,2.8,-9.2,959.9
2026-02-26T06:00,2026-02-28T20:00,62,2.8,270,0.85,2.7,-9.7,959.8
2026-02-26T06:00,2026-02-28T21:00,63,1.97,279,0.65,1.5,-10.1,959.7
2026-02-26T06:00,2026-02-28T22:00,64,1.9,272,0.5,1.2,-10.8,959.5
2026-02-26T06:00,2026-02-28T23:00,65,2.08,260,0.7,1.1,-10.5,959.7
2026-02-26T06:00,2026-03-01T00:00,66,2.1,271,0.6,1.1,-10.4,960.2
2026-02-26T06:00,2026-03-01T01:00,67,2.12,278,0.68,1.2,-10.2,960.5
2026-02-26T06:00,2026-03-01T02:00,68,1.92,277,0.7,1.2,-10.0,960.9
2026-02-26T06:00,2026-03-01T03:00,69,1.71,277,0.61,1.4,-9.1,961.5
2026-02-26T06:00,2026-03-01T04:00,70,1.06,278,0.91,2.3,-7.8,961.9
2026-02-26T06:00,2026-03-01T05:00,71,1.25,286,1.22,2.9,-6.8,962.0
2026-02-26T12:00,2026-02-26T12:00,0,10.17,267,5.64,,-0.2,951.4
2026-02-26T12:00,2026-02-26T13:00,1,9.66,268,5.52,10.1,-0.6,951.9
2026-02-26T12:00,2026-02-26T14:00,2,7.72,256,4.47,9.4,-0.4,952.5
2026-02-26T12:00,2026-02-26T15:00,3,8.29,250,4.7,7.6,0.2,952.5
2026-02-26T12:00,2026-02-26T16:00,4,8.47,263,4.8,8.4,0.8,952.9
2026-02-26T12:00,2026-02-26T17:00,5,8.5,261,4.84,8.3,0.8,952.9
2026-02-26T12:00,2026-02-26T18:00,6,8.31,267,4.68,8.1,0.6,952.7
2026-02-26T12:00,2026-02-26T19:00,7,7.43,265,4.25,7.9,0.4,952.6
2026-02-26T12:00,2026-02-26T20:00,8,6.27,265,3.4,7.0,-0.2,952.8
2026-02-26T12:00,2026-02-26T21:00,9,5.93,254,3.34,5.7,-0.4,952.8
2026-02-26T12:00,2026-02-26T22:00,10,5.49,251,3.11,5.6,-0.6,952.6
2026-02-26T12:00,2026-02-26T23:00,11,4.73,240,2.95,5.1,-0.6,952.6
2026-02-26T12:00,2026-02-27T00:00,12,5.14,221,3.41,5.4,-0.4,952.6
2026-02-26T12:00,2026-02-27T01:00,13,5.23,224,3.18,5.5,0.0,952.8
2026-02-26T12:00,2026-02-27T02:00,14,4.84,225,2.59,5.1,0.1,952.6
2026-02-26T12:00,2026-02-27T03:00,15,4.39,240,2.26,4.1,0.9,952.6
2026-02-26T12:00,2026-02-27T04:00,16,3.98,245,1.83,4.0,1.2,952.7
2026-02-26T12:00,2026-02-27T05:00,17,2.95,269,1.51,3.3,1.6,952.3
2026-02-26T12:00,2026-02-27T06:00,18,3.7,261,2.43,5.1,1.4,952.6
2026-02-26T12:00,2026-02-27T07:00,19,4.25,243,2.64,5.1,2.3,952.3
2026-02-26T12:00,2026-02-27T08:00,20,5.08,260,3.3,6.5,2.0,951.9
2026-02-26T12:00,2026-02-27T09:00,21,5.03,257,3.35,6.4,2.0,952.0
2026-02-26T12:00,2026-02-27T10:00,22,6.17,255,4.29,7.8,1.3,952.5
2026-02-26T12:00,2026-02-27T11:00,23,6.61,252,4.57,8.3,0.1,952.9
2026-02-26T12:00,2026-02-27T12:00,24,6.02,244,4.45,8.2,-0.9,953.0
2026-02-26T12:00,2026-02-27T13:00,25,6.76,249,4.83,8.2,-2.1,953.8
2026-02-26T12:00,2026-02-27T14:00,26,6.28,244,4.59,8.5,-3.5,954.2
2026-02-26T12:00,2026-02-27T15:00,27,7.31,244,4.94,8.3,-4.3,954.5
2026-02-26T12:00,2026-02-27T16:00,28,7.25,233,4.42,8.6,-4.9,954.4
2026-02-26T12:00,2026-02-27T17:00,29,6.81,235,4.18,7.6,-4.7,954.4
2026-02-26T12:00,2026-02-27T18:00,30,6.53,235,4.09,7.9,-4.6,954.3
2026-02-26T12:00,2026-02-27T19:00,31,6.61,233,4.3,7.7,-4.6,954.0
2026-02-26T12:00,2026-02-27T20:00,32,6.82,244,4.41,7.9,-5.0,954.2
2026-02-26T12:00,2026-02-27T21:00,33,7.03,240,4.75,8.7,-5.5,954.1
2026-02-26T12:00,2026-02-27T22:00,34,6.88,236,4.6,8.4,-6.1,954.2
2026-02-26T12:00,2026-02-27T23:00,35,7.28,238,4.99,8.8,-6.1,954.4
2026-02-26T12:00,2026-02-28T00:00,36,7.34,241,4.86,8.9,-6.2,954.9
2026-02-26T12:00,2026-02-28T01:00,37,7.29,241,4.95,9.0,-6.8,955.6
2026-02-26T12:00,2026-02-28T02:00,38,6.98,236,4.87,8.6,-7.3,956.1
2026-02-26T12:00,2026-02-28T03:00,39,7.41,234,5.24,9.1,-7.1,957.0
2026-02-26T12:00,2026-02-28T04:00,40,6.74,238,4.62,9.2,-6.5,957.4
2026-02-26T12:00,2026-02-28T05:00,41,7.27,248,5.13,9.2,-6.5,957.8
2026-02-26T12:00,2026-02-28T06:00,42,7.56,246,5.53,9.9,-6.5,958.3
2026-02-26T12:00,2026-02-28T07:00,43,7.27,248,5.24,9.9,-6.8,958.6
2026-02-26T12:00,2026-02-28T08:00,44,6.98,244,5.17,9.4,-6.8,958.5
2026-02-26T12:00,2026-02-28T09:00,45,7.08,240,5.12,9.4,-6.8,958.6
2026-02-26T12:00,2026-02-28T10:00,46,6.92,233,4.86,9.2,-6.7,958.8
2026-02-26T12:00,2026-02-28T11:00,47,6.81,230,4.56,8.6,-6.7,959.0
2026-02-26T12:00,2026-02-28T12:00,48,6.21,233,3.97,7.8,-6.6,959.0
2026-02-26T12:00,2026-02-28T13:00,49,5.94,237,3.58,6.8,-7.1,959.3
2026-02-26T12:00,2026-02-28T14:00,50,5.63,232,3.08,6.0,-7.3,959.7
2026-02-26T12:00,2026-02-28T15:00,51,4.61,238,2.87,5.4,-6.9,959.6
2026-02-26T12:00,2026-02-28T16:00,52,4.32,245,2.66,5.0,-7.2,959.7
2026-02-26T12:00,2026-02-28T17:00,53,3.93,248,2.23,4.6,-7.1,959.8
2026-02-26T12:00,2026-02-28T18:00,54,3.59,249,2.09,4.1,-7.0,959.9
2026-02-26T12:00,2026-02-28T19:00,55,3.76,251,2.24,4.0,-6.9,959.8
2026-02-26T12:00,2026-02-28T20:00,56,3.94,252,2.3,4.1,-7.0,959.9
2026-02-26T12:00,2026-02-28T21:00,57,3.64,254,2.35,4.2,-7.4,959.6
2026-02-26T12:00,2026-02-28T22:00,58,4.47,243,2.69,4.5,-7.9,959.4
2026-02-26T12:00,2026-02-28T23:00,59,4.82,229,2.44,4.9,-7.5,959.6
2026-02-26T12:00,2026-03-01T00:00,60,4.53,233,2.72,4.3,-7.1,960.1
2026-02-26T12:00,2026-03-01T01:00,61,4.63,237,2.82,4.8,-6.8,960.4
2026-02-26T12:00,2026-03-01T02:00,62,4.59,250,3.02,5.0,-7.2,960.8
2026-02-26T12:00,2026-03-01T03:00,63,4.42,239,3.07,5.6,-7.4,961.3
2026-02-26T12:00,2026-03-01T04:00,64,4.12,237,2.93,5.5,-6.7,961.6
2026-02-26T12:00,2026-03-01T05:00,65,4.65,236,3.47,6.3,-6.0,961.8
2026-02-26T12:00,2026-03-01T06:00,66,4.88,235,3.59,6.7,-5.2,961.7
2026-02-26T12:00,2026-03-01T07:00,67,4.85,233,3.53,6.6,-4.4,961.5
2026-02-26T12:00,2026-03-01T08:00,68,4.44,234,3.2,6.5,-3.7,960.9
2026-02-26T12:00,2026-03-01T09:00,69,3.6,243,2.51,5.8,-3.3,960.5
2026-02-26T12:00,2026-03-01T10:00,70,2.9,269,1.91,4.6,-3.5,960.4
2026-02-26T12:00,2026-03-01T11:00,71,3.26,297,1.96,3.7,-4.9,960.5
2026-02-26T18:00,2026-02-26T18:00,0,7.65,271,4.51,,0.2,953.2
2026-02-26T18:00,2026-02-26T19:00,1,5.85,253,3.3,7.6,-0.2,953.2
2026-02-26T18:00,2026-02-26T20:00,2,5.65,250,3.07,5.2,-0.6,953.3
2026-02-26T18:00,2026-02-26T21:00,3,5.53,240,3.11,5.4,-0.8,953.1
2026-02-26T18:00,2026-02-26T22:00,4,4.6,236,2.71,5.0,-1.2,952.8
2026-02-26T18:00,2026-02-26T23:00,5,4.94,212,3.27,5.3,-0.4,952.6
2026-02-26T18:00,2026-02-27T00:00,6,4.0,229,2.26,5.2,0.0,952.2
2026-02-26T18:00,2026-02-27T01:00,7,5.1,229,2.86,4.7,0.4,952.6
2026-02-26T18:00,2026-02-27T02:00,8,4.85,223,2.56,4.6,0.2,952.5
2026-02-26T18:00,2026-02-27T03:00,9,4.87,248,2.72,4.3,0.9,953.0
2026-02-26T18:00,2026-02-27T04:00,10,4.69,231,2.59,5.2,0.5,953.0
2026-02-26T18:00,2026-02-27T05:00,11,3.78,252,1.83,4.3,1.1,952.7
2026-02-26T18:00,2026-02-27T06:00,12,3.67,250,2.29,4.5,1.1,952.6
2026-02-26T18:00,2026-02-27T07:00,13,3.96,241,2.36,4.7,1.8,952.2
2026-02-26T18:00,2026-02-27T08:00,14,4.62,265,3.01,5.8,1.8,951.9
2026-02-26T18:00,2026-02-27T09:00,15,5.45,263,3.73,7.0,1.1,952.4
2026-02-26T18:00,2026-02-27T10:00,16,5.98,249,4.2,7.6,0.7,952.8
2026-02-26T18:00,2026-02-27T11:00,17,6.25,249,4.37,7.8,-0.4,953.1
2026-02-26T18:00,2026-02-27T12:00,18,6.71,244,4.81,8.3,-1.6,953.3
2026-02-26T18:00,2026-02-27T13:00,19,7.2,242,5.05,8.8,-2.8,953.9
2026-02-26T18:00,2026-02-27T14:00,20,7.36,241,4.85,8.5,-3.9,954.4
2026-02-26T18:00,2026-02-27T15:00,21,6.95,234,4.46,8.2,-4.6,954.4
2026-02-26T18:00,2026-02-27T16:00,22,6.76,227,4.38,7.7,-4.7,954.1
2026-02-26T18:00,2026-02-27T17:00,23,6.73,229,4.36,7.7,-4.6,953.8
2026-02-26T18:00,2026-02-27T18:00,24,6.45,236,3.73,7.6,-4.6,953.5
2026-02-26T18:00,2026-02-27T19:00,25,6.2,241,4.0,6.8,-5.0,953.7
2026-02-26T18:00,2026-02-27T20:00,26,6.65,227,4.17,8.2,-5.1,953.6
2026-02-26T18:00,2026-02-27T21:00,27,6.2,247,4.09,7.5,-5.1,953.9
2026-02-26T18:00,2026-02-27T22:00,28,6.96,242,4.74,8.5,-5.8,953.8
2026-02-26T18:00,2026-02-27T23:00,29,7.06,237,4.65,8.5,-6.1,954.0
2026-02-26T18:00,2026-02-28T00:00,30,6.57,237,4.37,8.0,-6.4,954.6
2026-02-26T18:00,2026-02-28T01:00,31,6.49,242,4.45,7.8,-6.8,954.9
2026-02-26T18:00,2026-02-28T02:00,32,7.41,241,5.0,9.0,-7.6,955.7
2026-02-26T18:00,2026-02-28T03:00,33,7.18,239,5.02,9.0,-7.7,956.8
2026-02-26T18:00,2026-02-28T04:00,34,7.38,236,5.37,9.5,-7.5,957.3
2026-02-26T18:00,2026-02-28T05:00,35,7.65,248,5.39,9.6,-7.2,957.9
2026-02-26T18:00,2026-02-28T06:00,36,7.87,247,5.62,10.1,-7.4,958.4
2026-02-26T18:00,2026-02-28T07:00,37,7.02,243,5.28,10.1,-7.6,958.5
2026-02-26T18:00,2026-02-28T08:00,38,7.94,243,5.64,10.1,-7.4,958.8
2026-02-26T18:00,2026-02-28T09:00,39,7.65,239,5.62,10.2,-7.3,958.9
2026-02-26T18:00,2026-02-28T10:00,40,7.43,242,5.18,9.9,-7.4,959.3
2026-02-26T18:00,2026-02-28T11:00,41,7.41,237,5.17,9.2,-7.8,959.5
2026-02-26T18:00,2026-02-28T12:00,42,7.05,234,4.29,8.9,-7.9,959.7
2026-02-26T18:00,2026-02-28T13:00,43,6.73,232,4.04,7.8,-8.0,959.9
2026-02-26T18:00,2026-02-28T14:00,44,6.55,232,3.57,6.8,-7.7,960.0
2026-02-26T18:00,2026-02-28T15:00,45,5.25,233,2.84,5.9,-7.2,959.8
2026-02-26T18:00,2026-02-28T16:00,46,4.36,243,2.58,4.9,-7.0,959.9
2026-02-26T18:00,2026-02-28T17:00,47,4.26,248,2.46,4.5,-7.3,960.1
2026-02-26T18:00,2026-02-28T18:00,48,3.85,261,2.25,4.2,-7.3,960.1
2026-02-26T18:00,2026-02-28T19:00,49,3.63,262,2.02,4.1,-7.8,960.1
2026-02-26T18:00,2026-02-28T20:00,50,3.31,265,1.7,3.8,-8.0,960.1
2026-02-26T18:00,2026-02-28T21:00,51,2.41,265,1.32,3.3,-8.4,959.9
2026-02-26T18:00,2026-02-28T22:00,52,2.47,263,0.97,2.5,-9.2,959.5
2026-02-26T18:00,2026-02-28T23:00,53,2.26,245,0.89,1.6,-9.3,959.5
2026-02-26T18:00,2026-03-01T00:00,54,1.94,252,0.76,1.5,-9.0,959.9
2026-02-26T18:00,2026-03-01T01:00,55,2.0,270,0.81,1.4,-8.7,960.1
2026-02-26T18:00,2026-03-01T02:00,56,1.93,280,0.87,1.6,-8.7,960.6
2026-02-26T18:00,2026-03-01T03:00,57,1.7,270,1.0,2.3,-7.9,961.1
2026-02-26T18:00,2026-03-01T04:00,58,1.59,283,1.32,3.0,-6.9,961.3
2026-02-26T18:00,2026-03-01T05:00,59,2.16,274,1.87,4.0,-5.9,961.3
2026-02-26T18:00,2026-03-01T06:00,60,2.51,264,2.05,4.3,-4.8,961.2
2026-02-26T18:00,2026-03-01T07:00,61,2.55,270,2.05,4.4,-3.9,961.0
2026-02-26T18:00,2026-03-01T08:00,62,2.37,277,1.93,4.4,-3.4,960.4
2026-02-26T18:00,2026-03-01T09:00,63,2.58,285,2.04,4.2,-3.2,960.0
2026-02-26T18:00,2026-03-01T10:00,64,2.93,290,2.06,4.2,-3.8,960.1
2026-02-26T18:00,2026-03-01T11:00,65,2.53,300,1.43,4.0,-4.8,960.0
2026-02-26T18:00,2026-03-01T12:00,66,1.98,319,0.99,2.7,-6.9,959.6
2026-02-26T18:00,2026-03-01T13:00,67,1.9,3,0.68,1.6,-8.1,959.2
2026-02-26T18:00,2026-03-01T14:00,68,2.52,39,0.49,1.2,-8.3,959.0
2026-02-26T18:00,2026-03-01T15:00,69,3.16,51,0.7,1.0,-7.7,958.5
2026-02-26T18:00,2026-03-01T16:00,70,5.47,51,2.0,3.1,-7.0,958.1
2026-02-26T18:00,2026-03-01T17:00,71,6.74,56,2.89,4.7,-5.4,957.5
2026-02-27T00:00,2026-02-27T00:00,0,5.91,238,3.69,,-0.4,952.8
2026-02-27T00:00,2026-02-27T01:00,1,5.76,226,3.56,6.1,-0.1,953.0
2026-02-27T00:00,2026-02-27T02:00,2,5.33,234,2.87,5.8,0.1,953.2
2026-02-27T00:00,2026-02-27T03:00,3,4.25,238,2.23,4.6,0.4,953.2
2026-02-27T00:00,2026-02-27T04:00,4,3.68,239,2.14,4.0,1.1,953.1
2026-02-27T00:00,2026-02-27T05:00,5,3.95,252,2.12,4.4,1.6,953.0
2026-02-27T00:00,2026-02-27T06:00,6,4.32,259,2.7,5.3,1.5,952.8
2026-02-27T00:00,2026-02-27T07:00,7,4.13,249,2.62,5.6,1.9,952.6
2026-02-27T00:00,2026-02-27T08:00,8,3.71,244,2.15,5.2,2.2,951.9
2026-02-27T00:00,2026-02-27T09:00,9,4.31,255,2.58,5.1,2.7,951.6
2026-02-27T00:00,2026-02-27T10:00,10,5.7,262,3.7,6.8,2.3,951.9
2026-02-27T00:00,2026-02-27T11:00,11,6.78,252,4.68,8.5,0.8,952.6
2026-02-27T00:00,2026-02-27T12:00,12,7.38,251,5.13,9.0,-0.7,952.9
2026-02-27T00:00,2026-02-27T13:00,13,7.23,246,4.56,9.0,-1.8,953.4
2026-02-27T00:00,2026-02-27T14:00,14,6.88,250,4.72,7.9,-2.8,954.1
2026-02-27T00:00,2026-02-27T15:00,15,7.41,241,4.51,8.3,-4.0,954.2
2026-02-27T00:00,2026-02-27T16:00,16,7.63,234,4.7,8.1,-4.6,954.2
2026-02-27T00:00,2026-02-27T17:00,17,7.84,235,4.6,8.0,-4.4,954.1
2026-02-27T00:00,2026-02-27T18:00,18,7.67,233,4.63,8.2,-4.3,954.1
2026-02-27T00:00,2026-02-27T19:00,19,6.48,236,3.91,7.8,-4.2,953.8
2026-02-27T00:00,2026-02-27T20:00,20,6.86,237,4.45,8.1,-4.7,953.8
2026-02-27T00:00,2026-02-27T21:00,21,7.68,240,5.25,9.3,-5.4,954.0
2026-02-27T00:00,2026-02-27T22:00,22,7.27,237,4.92,9.2,-5.7,953.9
2026-02-27T00:00,2026-02-27T23:00,23,7.25,231,4.83,8.8,-5.8,954.1
2026-02-27T00:00,2026-02-28T00:00,24,7.47,243,4.96,8.9,-5.7,954.4
2026-02-27T00:00,2026-02-28T01:00,25,7.4,243,4.96,9.0,-6.3,955.2
2026-02-27T00:00,2026-02-28T02:00,26,7.29,239,5.04,8.8,-6.8,956.1
2026-02-27T00:00,2026-02-28T03:00,27,7.29,237,5.23,9.4,-6.9,957.0
2026-02-27T00:00,2026-02-28T04:00,28,7.79,242,5.62,9.8,-7.0,957.7
2026-02-27T00:00,2026-02-28T05:00,29,7.64,246,5.55,9.9,-6.7,958.1
2026-02-27T00:00,2026-02-28T06:00,30,7.88,249,5.69,10.4,-6.9,958.7
2026-02-27T00:00,2026-02-28T07:00,31,7.36,245,5.42,10.2,-6.9,958.9
2026-02-27T00:00,2026-02-28T08:00,32,7.79,242,5.68,10.3,-6.7,959.0
2026-02-27T00:00,2026-02-28T09:00,33,7.52,245,5.42,10.2,-6.6,959.0
2026-02-27T00:00,2026-02-28T10:00,34,7.27,237,5.27,9.7,-6.6,959.5
2026-02-27T00:00,2026-02-28T11:00,35,6.88,232,4.76,9.3,-6.7,959.5
2026-02-27T00:00,2026-02-28T12:00,36,6.29,231,4.04,8.2,-6.6,959.6
2026-02-27T00:00,2026-02-28T13:00,37,6.33,231,3.79,7.3,-6.9,959.6
2026-02-27T00:00,2026-02-28T14:00,38,5.88,232,3.41,6.3,-6.9,959.8
2026-02-27T00:00,2026-02-28T15:00,39,5.02,237,2.65,5.8,-7.0,959.6
2026-02-27T00:00,2026-02-28T16:00,40,4.79,245,2.55,4.5,-7.4,959.6
2026-02-27T00:00,2026-02-28T17:00,41,4.32,250,2.21,4.2,-7.4,959.4
2026-02-27T00:00,2026-02-28T18:00,42,4.16,266,2.15,3.6,-7.8,959.6
2026-02-27T00:00,2026-02-28T19:00,43,3.18,263,1.52,3.7,-7.9,959.5
2026-02-27T00:00,2026-02-28T20:00,44,2.78,284,1.24,2.7,-8.1,959.6
2026-02-27T00:00,2026-02-28T21:00,45,2.81,265,1.01,2.4,-8.5,959.6
2026-02-27T00:00,2026-02-28T22:00,46,2.21,257,0.85,1.9,-8.5,959.3
2026-02-27T00:00,2026-02-28T23:00,47,2.16,257,0.81,1.8,-8.3,959.4
2026-02-27T00:00,2026-03-01T00:00,48,2.36,257,0.96,1.8,-8.0,959.9
2026-02-27T00:00,2026-03-01T01:00,49,2.54,260,1.05,1.9,-8.3,960.1
2026-02-27T00:00,2026-03-01T02:00,50,2.6,259,1.06,2.0,-8.4,960.2
2026-02-27T00:00,2026-03-01T03:00,51,2.41,257,1.55,2.9,-7.4,960.8
2026-02-27T00:00,2026-03-01T04:00,52,2.38,260,1.83,3.8,-6.4,961.1
2026-02-27T00:00,2026-03-01T05:00,53,2.67,264,2.16,4.4,-5.4,961.2
2026-02-27T00:00,2026-03-01T06:00,54,2.89,261,2.22,4.6,-4.6,961.2
2026-02-27T00:00,2026-03-01T07:00,55,2.68,256,2.09,4.6,-3.7,960.9
2026-02-27T00:00,2026-03-01T08:00,56,2.52,263,2.0,4.3,-2.9,960.3
2026-02-27T00:00,2026-03-01T09:00,57,2.45,274,1.86,4.2,-2.6,959.7
2026-02-27T00:00,2026-03-01T10:00,58,2.48,295,1.57,3.8,-2.8,959.6
2026-02-27T00:00,2026-03-01T11:00,59,2.9,312,1.56,3.5,-4.1,959.6
2026-02-27T00:00,2026-03-01T12:00,60,2.23,320,1.04,3.0,-6.0,959.3
2026-02-27T00:00,2026-03-01T13:00,61,1.56,354,0.45,1.8,-7.4,959.1
2026-02-27T00:00,2026-03-01T14:00,62,2.5,37,0.45,0.8,-7.5,958.7
2026-02-27T00:00,2026-03-01T15:00,63,4.33,54,1.52,2.3,-7.2,958.0
2026-02-27T00:00,2026-03-01T16:00,64,6.42,56,2.67,4.2,-6.0,957.4
2026-02-27T00:00,2026-03-01T17:00,65,7.89,63,3.95,6.2,-4.5,956.7
2026-02-27T00:00,2026-03-01T18:00,66,8.27,68,4.49,7.4,-4.1,956.4
2026-02-27T00:00,2026-03-01T19:00,67,8.02,70,4.54,7.4,-4.2,955.8
2026-02-27T00:00,2026-03-01T20:00,68,8.15,70,4.56,7.5,-4.4,955.0
2026-02-27T00:00,2026-03-01T21:00,69,8.02,69,4.46,7.6,-3.9,954.6
2026-02-27T00:00,2026-03-01T22:00,70,7.39,70,4.12,7.4,-3.4,954.2
2026-02-27T00:00,2026-03-01T23:00,71,6.86,68,3.8,6.8,-3.4,954.0
2026-02-27T06:00,2026-02-27T06:00,0,3.44,262,2.61,,2.3,952.6
2026-02-27T06:00,2026-02-27T07:00,1,3.42,241,2.04,5.0,2.5,952.3
2026-02-27T06:00,2026-02-27T08:00,2,3.06,244,1.54,4.2,3.2,951.9
2026-02-27T06:00,2026-02-27T09:00,3,3.17,258,1.65,3.6,2.9,951.3
2026-02-27T06:00,2026-02-27T10:00,4,5.36,267,3.11,5.9,2.6,951.5
2026-02-27T06:00,2026-02-27T11:00,5,7.0,269,5.0,8.8,1.1,952.4
2026-02-27T06:00,2026-02-27T12:00,6,8.35,259,5.68,9.8,-0.9,953.0
2026-02-27T06:00,2026-02-27T13:00,7,7.74,256,5.12,10.0,-2.3,953.7
2026-02-27T06:00,2026-02-27T14:00,8,7.23,250,4.9,9.1,-4.0,954.3
2026-02-27T06:00,2026-02-27T15:00,9,7.02,236,5.02,9.0,-4.7,954.6
2026-02-27T06:00,2026-02-27T16:00,10,7.49,233,4.48,8.7,-4.7,954.2
2026-02-27T06:00,2026-02-27T17:00,11,7.92,236,4.42,8.1,-4.6,954.2
2026-02-27T06:00,2026-02-27T18:00,12,7.1,241,4.42,8.1,-4.5,954.0
2026-02-27T06:00,2026-02-27T19:00,13,6.75,243,4.5,8.3,-4.8,953.9
2026-02-27T06:00,2026-02-27T20:00,14,6.62,239,4.44,8.2,-5.3,954.2
2026-02-27T06:00,2026-02-27T21:00,15,6.69,241,4.61,8.3,-5.8,954.3
2026-02-27T06:00,2026-02-27T22:00,16,6.33,243,4.29,8.3,-6.2,954.4
2026-02-27T06:00,2026-02-27T23:00,17,5.72,243,3.96,7.8,-6.4,954.4
2026-02-27T06:00,2026-02-28T00:00,18,6.55,234,4.55,8.0,-6.7,954.9
2026-02-27T06:00,2026-02-28T01:00,19,6.59,239,4.5,8.2,-6.6,955.3
2026-02-27T06:00,2026-02-28T02:00,20,7.23,241,4.93,8.6,-7.0,956.2
2026-02-27T06:00,2026-02-28T03:00,21,7.42,240,5.21,9.3,-7.0,957.1
2026-02-27T06:00,2026-02-28T04:00,22,7.2,243,5.17,9.4,-6.9,957.6
2026-02-27T06:00,2026-02-28T05:00,23,8.18,249,5.83,10.2,-6.9,958.1
2026-02-27T06:00,2026-02-28T06:00,24,7.28,247,5.39,10.6,-7.1,958.6
2026-02-27T06:00,2026-02-28T07:00,25,7.76,248,5.62,10.2,-6.9,958.8
2026-02-27T06:00,2026-02-28T08:00,26,7.83,243,5.73,10.6,-7.2,958.9
2026-02-27T06:00,2026-02-28T09:00,27,7.45,244,5.42,10.3,-6.9,958.9
2026-02-27T06:00,2026-02-28T10:00,28,7.27,238,5.34,9.7,-7.1,959.4
2026-02-27T06:00,2026-02-28T11:00,29,6.91,229,4.88,9.3,-7.3,959.6
2026-02-27T06:00,2026-02-28T12:00,30,6.36,226,4.49,8.5,-6.9,959.8
2026-02-27T06:00,2026-02-28T13:00,31,6.28,230,3.92,7.7,-6.7,959.8
2026-02-27T06:00,2026-02-28T14:00,32,5.79,230,3.3,6.5,-7.0,959.9
2026-02-27T06:00,2026-02-28T15:00,33,5.04,233,2.62,5.6,-6.9,959.7
2026-02-27T06:00,2026-02-28T16:00,34,4.77,240,2.23,4.3,-7.7,959.6
2026-02-27T06:00,2026-02-28T17:00,35,3.88,255,1.5,3.8,-8.4,959.4
2026-02-27T06:00,2026-02-28T18:00,36,3.25,270,1.23,2.6,-9.2,959.4
2026-02-27T06:00,2026-02-28T19:00,37,2.65,269,0.9,2.1,-9.4,959.5
2026-02-27T06:00,2026-02-28T20:00,38,2.38,285,0.87,1.6,-9.3,959.8
2026-02-27T06:00,2026-02-28T21:00,39,2.06,276,0.71,1.8,-9.4,959.9
2026-02-27T06:00,2026-02-28T22:00,40,1.9,268,0.43,1.3,-9.7,959.4
2026-02-27T06:00,2026-02-28T23:00,41,1.91,264,0.5,1.1,-9.3,959.6
2026-02-27T06:00,2026-03-01T00:00,42,1.55,272,0.47,1.0,-8.9,959.9
2026-02-27T06:00,2026-03-01T01:00,43,1.8,283,0.65,1.2,-9.4,960.2
2026-02-27T06:00,2026-03-01T02:00,44,1.8,272,0.7,1.4,-9.0,960.7
2026-02-27T06:00,2026-03-01T03:00,45,1.25,265,0.9,1.9,-7.8,961.2
2026-02-27T06:00,2026-03-01T04:00,46,1.25,299,1.12,2.6,-6.8,961.4
2026-02-27T06:00,2026-03-01T05:00,47,1.73,303,1.54,3.5,-5.9,961.3
2026-02-27T06:00,2026-03-01T06:00,48,2.04,287,1.68,3.8,-5.1,961.2
2026-02-27T06:00,2026-03-01T07:00,49,2.23,279,1.73,3.9,-3.9,961.0
2026-02-27T06:00,2026-03-01T08:00,50,2.22,278,1.73,3.9,-3.2,960.4
2026-02-27T06:00,2026-03-01T09:00,51,2.1,282,1.57,3.7,-2.8,959.9
2026-02-27T06:00,2026-03-01T10:00,52,2.22,306,1.39,3.3,-3.2,959.7
2026-02-27T06:00,2026-03-01T11:00,53,2.65,317,1.32,3.2,-4.6,959.7
2026-02-27T06:00,2026-03-01T12:00,54,1.74,319,0.65,2.5,-6.8,959.5
2026-02-27T06:00,2026-03-01T13:00,55,1.3,360,0.39,1.3,-7.9,959.3
2026-02-27T06:00,2026-03-01T14:00,56,2.64,37,0.76,1.2,-8.1,959.0
2026-02-27T06:00,2026-03-01T15:00,57,4.31,52,1.55,2.3,-7.8,958.3
2026-02-27T06:00,2026-03-01T16:00,58,6.24,55,2.44,3.8,-6.7,957.8
2026-02-27T06:00,2026-03-01T17:00,59,7.54,63,3.52,5.6,-5.3,957.0
2026-02-27T06:00,2026-03-01T18:00,60,8.11,67,4.12,6.7,-5.1,956.6
2026-02-27T06:00,2026-03-01T19:00,61,7.95,72,4.26,6.9,-5.4,955.9
2026-02-27T06:00,2026-03-01T20:00,62,8.13,72,4.44,7.2,-5.3,955.2
2026-02-27T06:00,2026-03-01T21:00,63,8.19,71,4.69,7.8,-4.3,955.0
2026-02-27T06:00,2026-03-01T22:00,64,7.94,70,4.63,7.9,-3.6,954.5
2026-02-27T06:00,2026-03-01T23:00,65,7.46,71,4.3,7.7,-3.4,954.2
2026-02-27T06:00,2026-03-02T00:00,66,6.53,70,3.62,7.1,-3.4,954.3
2026-02-27T06:00,2026-03-02T01:00,67,6.17,72,3.5,6.1,-3.2,954.2
2026-02-27T06:00,2026-03-02T02:00,68,5.88,68,3.29,5.8,-3.1,954.2
2026-02-27T06:00,2026-03-02T03:00,69,5.19,69,2.86,5.5,-2.1,954.6
2026-02-27T06:00,2026-03-02T04:00,70,5.55,63,3.02,5.6,-0.8,954.7
2026-02-27T06:00,2026-03-02T05:00,71,5.27,60,3.26,6.0,0.4,954.8
2026-02-27T12:00,2026-02-27T12:00,0,7.89,258,5.47,,-0.6,953.3
2026-02-27T12:00,2026-02-27T13:00,1,7.18,255,4.76,9.7,-1.9,954.2
2026-02-27T12:00,2026-02-27T14:00,2,6.98,243,4.83,9.0,-3.1,954.9
2026-02-27T12:00,2026-02-27T15:00,3,7.71,240,4.94,8.7,-3.9,955.0
2026-02-27T12:00,2026-02-27T16:00,4,7.18,239,4.7,8.3,-4.1,955.2
2026-02-27T12:00,2026-02-27T17:00,5,6.91,232,4.25,8.1,-4.4,954.7
2026-02-27T12:00,2026-02-27T18:00,6,7.47,237,4.87,8.3,-4.7,954.8
2026-02-27T12:00,2026-02-27T19:00,7,6.95,229,4.39,8.9,-4.7,954.2
2026-02-27T12:00,2026-02-27T20:00,8,6.87,238,4.51,7.6,-5.3,954.2
2026-02-27T12:00,2026-02-27T21:00,9,6.95,236,4.72,8.4,-5.5,954.0
2026-02-27T12:00,2026-02-27T22:00,10,7.22,231,4.53,8.4,-5.9,953.8
2026-02-27T12:00,2026-02-27T23:00,11,7.2,237,4.66,8.2,-5.5,954.0
2026-02-27T12:00,2026-02-28T00:00,12,7.09,244,4.52,8.3,-5.6,954.3
2026-02-27T12:00,2026-02-28T01:00,13,7.31,244,4.92,8.6,-6.3,955.1
2026-02-27T12:00,2026-02-28T02:00,14,8.16,242,5.35,9.7,-6.7,955.9
2026-02-27T12:00,2026-02-28T03:00,15,7.67,242,5.05,9.7,-6.9,956.8
2026-02-27T12:00,2026-02-28T04:00,16,7.64,246,5.28,9.2,-6.9,957.3
2026-02-27T12:00,2026-02-28T05:00,17,8.33,246,5.84,10.1,-7.3,958.3
2026-02-27T12:00,2026-02-28T06:00,18,7.66,249,5.53,10.4,-7.3,958.8
2026-02-27T12:00,2026-02-28T07:00,19,7.3,246,5.32,9.8,-7.5,958.9
2026-02-27T12:00,2026-02-28T08:00,20,7.41,241,5.34,9.9,-7.4,958.9
2026-02-27T12:00,2026-02-28T09:00,21,7.38,243,5.4,9.8,-7.1,959.1
2026-02-27T12:00,2026-02-28T10:00,22,7.09,237,5.12,9.6,-7.0,959.3
2026-02-27T12:00,2026-02-28T11:00,23,7.33,232,4.99,9.0,-7.0,959.2
2026-02-27T12:00,2026-02-28T12:00,24,6.65,227,4.35,8.6,-6.7,959.2
2026-02-27T12:00,2026-02-28T13:00,25,6.43,231,3.86,7.5,-6.5,959.7
2026-02-27T12:00,2026-02-28T14:00,26,6.03,229,3.5,6.6,-6.7,959.9
2026-02-27T12:00,2026-02-28T15:00,27,4.85,233,2.61,6.0,-6.8,959.6
2026-02-27T12:00,2026-02-28T16:00,28,4.25,243,2.47,4.4,-7.0,959.4
2026-02-27T12:00,2026-02-28T17:00,29,4.44,253,2.25,4.0,-7.9,959.3
2026-02-27T12:00,2026-02-28T18:00,30,3.75,257,1.93,4.2,-7.8,959.4
2026-02-27T12:00,2026-02-28T19:00,31,3.4,272,1.94,3.3,-8.0,959.6
2026-02-27T12:00,2026-02-28T20:00,32,2.8,272,1.57,3.4,-8.4,959.7
2026-02-27T12:00,2026-02-28T21:00,33,2.28,255,0.61,2.6,-8.9,959.5
2026-02-27T12:00,2026-02-28T22:00,34,2.18,254,0.46,1.1,-9.0,959.1
2026-02-27T12:00,2026-02-28T23:00,35,2.01,256,0.65,1.1,-8.5,959.3
2026-02-27T12:00,2026-03-01T00:00,36,2.0,270,0.84,1.4,-8.5,959.5
2026-02-27T12:00,2026-03-01T01:00,37,2.4,268,0.95,1.5,-9.3,959.9
2026-02-27T12:00,2026-03-01T02:00,38,2.35,246,1.04,1.8,-8.9,960.3
2026-02-27T12:00,2026-03-01T03:00,39,2.08,246,1.28,2.1,-7.4,960.7
2026-02-27T12:00,2026-03-01T04:00,40,1.85,272,1.46,3.0,-6.3,961.1
2026-02-27T12:00,2026-03-01T05:00,41,2.05,271,1.75,3.8,-5.4,961.1
2026-02-27T12:00,2026-03-01T06:00,42,2.62,262,2.11,4.3,-4.6,961.0
2026-02-27T12:00,2026-03-01T07:00,43,2.43,261,1.92,4.4,-3.7,960.7
2026-02-27T12:00,2026-03-01T08:00,44,2.41,265,1.9,4.1,-2.9,960.1
2026-02-27T12:00,2026-03-01T09:00,45,2.5,269,1.9,4.0,-2.6,959.7
2026-02-27T12:00,2026-03-01T10:00,46,2.14,281,1.38,3.8,-2.8,959.5
2026-02-27T12:00,2026-03-01T11:00,47,2.51,313,1.31,2.9,-4.1,959.2
2026-02-27T12:00,2026-03-01T12:00,48,1.83,325,0.69,2.5,-6.3,959.1
2026-02-27T12:00,2026-03-01T13:00,49,1.25,5,0.21,1.2,-7.7,958.5
2026-02-27T12:00,2026-03-01T14:00,50,3.15,43,0.76,1.1,-8.1,958.2
2026-02-27T12:00,2026-03-01T15:00,51,5.04,53,1.82,2.7,-7.2,957.6
2026-02-27T12:00,2026-03-01T16:00,52,6.88,56,2.9,4.7,-6.0,957.1
2026-02-27T12:00,2026-03-01T17:00,53,8.19,65,4.13,6.5,-4.7,956.4
2026-02-27T12:00,2026-03-01T18:00,54,8.74,67,4.76,7.8,-4.4,956.2
2026-02-27T12:00,2026-03-01T19:00,55,8.15,69,4.62,7.8,-4.5,955.8
2026-02-27T12:00,2026-03-01T20:00,56,7.8,71,4.41,7.5,-4.4,955.2
2026-02-27T12:00,2026-03-01T21:00,57,7.6,69,4.31,7.2,-4.2,954.8
2026-02-27T12:00,2026-03-01T22:00,58,6.93,71,3.89,7.0,-3.9,954.4
2026-02-27T12:00,2026-03-01T23:00,59,6.55,71,3.66,6.3,-3.8,954.1
2026-02-27T12:00,2026-03-02T00:00,60,5.87,73,3.21,6.0,-3.5,954.2
2026-02-27T12:00,2026-03-02T01:00,61,5.41,72,2.96,5.3,-3.2,954.3
2026-02-27T12:00,2026-03-02T02:00,62,5.47,67,3.09,5.1,-2.7,954.3
2026-02-27T12:00,2026-03-02T03:00,63,5.37,66,3.18,5.5,-1.8,954.5
2026-02-27T12:00,2026-03-02T04:00,64,5.45,60,3.21,5.7,-0.6,954.5
2026-02-27T12:00,2026-03-02T05:00,65,5.78,57,3.73,6.6,0.4,954.6
2026-02-27T12:00,2026-03-02T06:00,66,6.14,57,3.68,7.0,1.3,954.2
2026-02-27T12:00,2026-03-02T07:00,67,5.73,58,3.36,6.9,2.0,953.9
2026-02-27T12:00,2026-03-02T08:00,68,5.15,60,2.75,6.2,2.3,953.5
2026-02-27T12:00,2026-03-02T09:00,69,4.95,60,2.5,5.2,2.4,953.3
2026-02-27T12:00,2026-03-02T10:00,70,4.95,60,2.72,5.0,2.2,953.4
2026-02-27T12:00,2026-03-02T11:00,71,5.17,67,2.51,5.4,1.5,953.6
2026-02-27T18:00,2026-02-27T18:00,0,8.14,242,5.19,,-4.6,955.0
2026-02-27T18:00,2026-02-27T19:00,1,6.58,231,4.07,8.8,-5.0,954.7
2026-02-27T18:00,2026-02-27T20:00,2,6.44,235,4.08,6.9,-5.0,954.6
2026-02-27T18:00,2026-02-27T21:00,3,7.17,230,4.71,8.2,-5.6,954.4
2026-02-27T18:00,2026-02-27T22:00,4,7.39,231,4.42,8.0,-5.9,954.3
2026-02-27T18:00,2026-02-27T23:00,5,7.39,235,4.54,7.8,-6.0,954.7
2026-02-27T18:00,2026-02-28T00:00,6,6.98,238,4.61,8.0,-6.2,954.8
2026-02-27T18:00,2026-02-28T01:00,7,7.4,244,4.9,8.9,-6.6,955.5
2026-02-27T18:00,2026-02-28T02:00,8,8.17,246,5.39,9.3,-6.9,956.2
2026-02-27T18:00,2026-02-28T03:00,9,8.37,241,5.57,10.0,-7.1,957.1
2026-02-27T18:00,2026-02-28T04:00,10,7.4,245,5.14,9.5,-7.1,957.7
2026-02-27T18:00,2026-02-28T05:00,11,7.26,240,5.02,9.1,-7.1,958.0
2026-02-27T18:00,2026-02-28T06:00,12,7.99,245,5.72,10.3,-7.3,958.7
2026-02-27T18:00,2026-02-28T07:00,13,7.58,250,5.5,10.1,-6.7,958.7
2026-02-27T18:00,2026-02-28T08:00,14,7.36,243,5.42,10.3,-7.1,958.9
2026-02-27T18:00,2026-02-28T09:00,15,6.92,241,5.16,9.7,-7.1,958.9
2026-02-27T18:00,2026-02-28T10:00,16,6.73,236,5.04,9.2,-7.0,959.3
2026-02-27T18:00,2026-02-28T11:00,17,7.12,229,4.84,9.0,-7.0,959.4
2026-02-27T18:00,2026-02-28T12:00,18,6.47,227,4.25,8.4,-6.7,959.4
2026-02-27T18:00,2026-02-28T13:00,19,6.18,230,3.89,7.3,-6.5,959.6
2026-02-27T18:00,2026-02-28T14:00,20,6.02,228,3.36,6.6,-6.6,959.8
2026-02-27T18:00,2026-02-28T15:00,21,4.87,234,2.63,5.7,-6.5,959.7
2026-02-27T18:00,2026-02-28T16:00,22,4.18,244,2.1,4.4,-6.9,959.5
2026-02-27T18:00,2026-02-28T17:00,23,3.8,257,2.09,3.6,-7.7,959.3
2026-02-27T18:00,2026-02-28T18:00,24,3.54,257,1.78,3.5,-8.1,959.4
2026-02-27T18:00,2026-02-28T19:00,25,2.86,266,1.41,3.1,-8.2,959.4
2026-02-27T18:00,2026-02-28T20:00,26,2.67,276,1.52,2.6,-8.4,959.7
2026-02-27T18:00,2026-02-28T21:00,27,2.48,261,0.74,2.7,-8.7,959.7
2026-02-27T18:00,2026-02-28T22:00,28,2.53,248,0.83,1.3,-8.8,959.3
2026-02-27T18:00,2026-02-28T23:00,29,2.24,246,0.78,1.6,-8.0,959.3
2026-02-27T18:00,2026-03-01T00:00,30,2.23,261,0.9,1.7,-7.7,959.5
2026-02-27T18:00,2026-03-01T01:00,31,2.4,270,0.96,1.7,-8.3,959.6
2026-02-27T18:00,2026-03-01T02:00,32,2.18,261,1.04,1.9,-8.5,959.8
2026-02-27T18:00,2026-03-01T03:00,33,1.87,254,1.48,2.7,-7.0,960.5
2026-02-27T18:00,2026-03-01T04:00,34,1.92,277,1.6,3.4,-5.8,960.9
2026-02-27T18:00,2026-03-01T05:00,35,2.47,278,2.07,4.3,-5.3,960.9
2026-02-27T18:00,2026-03-01T06:00,36,2.9,269,2.3,4.7,-4.7,960.9
2026-02-27T18:00,2026-03-01T07:00,37,3.02,263,2.36,4.8,-3.9,960.8
2026-02-27T18:00,2026-03-01T08:00,38,2.9,267,2.25,4.8,-3.2,960.1
2026-02-27T18:00,2026-03-01T09:00,39,2.6,268,1.95,4.5,-3.0,959.8
2026-02-27T18:00,2026-03-01T10:00,40,2.38,278,1.58,3.9,-3.1,959.7
2026-02-27T18:00,2026-03-01T11:00,41,2.55,298,1.35,3.2,-4.3,959.7
2026-02-27T18:00,2026-03-01T12:00,42,1.87,316,0.86,2.6,-6.7,959.5
2026-02-27T18:00,2026-03-01T13:00,43,1.46,6,0.35,1.5,-8.0,959.1
2026-02-27T18:00,2026-03-01T14:00,44,3.12,41,0.9,1.3,-8.5,958.7
2026-02-27T18:00,2026-03-01T15:00,45,4.78,56,1.77,2.6,-8.3,958.0
2026-02-27T18:00,2026-03-01T16:00,46,6.51,54,2.51,4.0,-7.0,957.8
2026-02-27T18:00,2026-03-01T17:00,47,7.51,62,3.45,5.4,-5.9,956.9
2026-02-27T18:00,2026-03-01T18:00,48,8.67,67,4.63,7.5,-5.0,956.6
2026-02-27T18:00,2026-03-01T19:00,49,8.05,71,4.53,7.6,-5.1,956.2
2026-02-27T18:00,2026-03-01T20:00,50,7.99,72,4.6,7.6,-4.8,955.8
2026-02-27T18:00,2026-03-01T21:00,51,8.29,71,4.81,7.8,-4.5,955.1
2026-02-27T18:00,2026-03-01T22:00,52,8.21,72,4.78,8.0,-4.2,954.2
2026-02-27T18:00,2026-03-01T23:00,53,7.7,71,4.53,7.8,-3.8,954.3
2026-02-27T18:00,2026-03-02T00:00,54,7.0,75,4.03,7.4,-3.5,954.1
2026-02-27T18:00,2026-03-02T01:00,55,6.59,73,3.8,6.6,-3.3,954.2
2026-02-27T18:00,2026-03-02T02:00,56,6.48,68,3.78,6.4,-3.1,954.0
2026-02-27T18:00,2026-03-02T03:00,57,6.17,65,3.65,6.4,-2.2,954.1
2026-02-27T18:00,2026-03-02T04:00,58,5.97,65,3.78,6.6,-0.7,954.2
2026-02-27T18:00,2026-03-02T05:00,59,5.75,53,3.6,6.8,0.7,954.5
2026-02-27T18:00,2026-03-02T06:00,60,5.83,59,3.65,7.3,1.5,954.0
2026-02-27T18:00,2026-03-02T07:00,61,5.15,58,3.13,6.8,2.1,953.6
2026-02-27T18:00,2026-03-02T08:00,62,4.77,60,2.57,6.0,2.7,952.9
2026-02-27T18:00,2026-03-02T09:00,63,5.78,55,3.38,6.0,2.6,952.5
2026-02-27T18:00,2026-03-02T10:00,64,5.68,59,3.09,6.3,2.2,952.6
2026-02-27T18:00,2026-03-02T11:00,65,4.98,59,2.34,5.6,1.8,952.8
2026-02-27T18:00,2026-03-02T12:00,66,4.15,81,1.59,4.6,0.8,952.9
2026-02-27T18:00,2026-03-02T13:00,67,3.45,80,1.27,2.5,-0.2,952.8
2026-02-27T18:00,2026-03-02T14:00,68,4.07,85,1.66,2.5,0.0,953.4
2026-02-27T18:00,2026-03-02T15:00,69,4.1,77,1.61,2.7,0.5,953.6
2026-02-27T18:00,2026-03-02T16:00,70,4.56,77,1.98,3.4,1.0,953.8
2026-02-27T18:00,2026-03-02T17:00,71,4.9,73,2.28,3.9,1.0,954.0
2026-02-28T00:00,2026-02-28T00:00,0,7.22,244,4.47,,-6.0,954.7
2026-02-28T00:00,2026-02-28T01:00,1,7.02,244,4.36,8.4,-6.2,955.3
2026-02-28T00:00,2026-02-28T02:00,2,6.89,244,4.47,8.8,-6.7,956.0
2026-02-28T00:00,2026-02-28T03:00,3,6.77,234,4.5,7.9,-6.8,956.7
2026-02-28T00:00,2026-02-28T04:00,4,6.42,235,4.33,8.8,-6.4,957.2
2026-02-28T00:00,2026-02-28T05:00,5,8.34,245,5.93,10.3,-6.6,958.2
2026-02-28T00:00,2026-02-28T06:00,6,7.1,253,4.95,10.7,-6.5,958.7
2026-02-28T00:00,2026-02-28T07:00,7,7.92,248,5.71,10.4,-7.0,959.2
2026-02-28T00:00,2026-02-28T08:00,8,7.41,247,5.43,10.3,-7.1,959.0
2026-02-28T00:00,2026-02-28T09:00,9,7.16,245,5.28,9.8,-7.2,959.2
2026-02-28T00:00,2026-02-28T10:00,10,6.57,237,5.03,9.5,-7.2,959.4
2026-02-28T00:00,2026-02-28T11:00,11,6.95,230,4.84,9.0,-7.3,959.5
2026-02-28T00:00,2026-02-28T12:00,12,6.72,226,4.4,8.4,-6.9,959.5
2026-02-28T00:00,2026-02-28T13:00,13,7.13,229,4.42,7.9,-6.9,959.9
2026-02-28T00:00,2026-02-28T14:00,14,6.34,229,3.64,7.6,-7.0,959.9
2026-02-28T00:00,2026-02-28T15:00,15,5.45,232,2.9,6.2,-6.4,959.5
2026-02-28T00:00,2026-02-28T16:00,16,4.54,238,2.53,4.5,-6.2,959.4
2026-02-28T00:00,2026-02-28T17:00,17,4.1,248,2.03,4.2,-7.1,959.3
2026-02-28T00:00,2026-02-28T18:00,18,3.45,248,1.36,3.5,-7.0,959.1
2026-02-28T00:00,2026-02-28T19:00,19,2.62,263,1.25,2.4,-6.8,959.1
2026-02-28T00:00,2026-02-28T20:00,20,2.5,273,1.03,2.3,-7.4,959.0
2026-02-28T00:00,2026-02-28T21:00,21,2.16,265,0.72,1.9,-7.7,959.0
2026-02-28T00:00,2026-02-28T22:00,22,2.1,245,0.58,1.3,-7.5,958.9
2026-02-28T00:00,2026-02-28T23:00,23,2.13,246,0.67,1.2,-7.8,958.9
2026-02-28T00:00,2026-03-01T00:00,24,2.13,261,0.73,1.4,-7.6,959.2
2026-02-28T00:00,2026-03-01T01:00,25,2.16,266,0.65,1.3,-7.8,959.5
2026-02-28T00:00,2026-03-01T02:00,26,2.25,267,0.85,1.5,-7.9,959.9
2026-02-28T00:00,2026-03-01T03:00,27,2.15,252,1.08,2.1,-6.7,960.6
2026-02-28T00:00,2026-03-01T04:00,28,1.9,270,1.51,3.1,-5.4,960.8
2026-02-28T00:00,2026-03-01T05:00,29,2.6,271,2.15,4.3,-4.5,960.7
2026-02-28T00:00,2026-03-01T06:00,30,2.95,267,2.35,4.8,-3.7,960.9
2026-02-28T00:00,2026-03-01T07:00,31,3.1,260,2.39,5.0,-2.9,960.9
2026-02-28T00:00,2026-03-01T08:00,32,3.24,253,2.39,4.9,-2.4,960.2
2026-02-28T00:00,2026-03-01T09:00,33,2.94,252,2.07,4.8,-1.9,959.9
2026-02-28T00:00,2026-03-01T10:00,34,2.45,258,1.47,4.1,-2.1,959.7
2026-02-28T00:00,2026-03-01T11:00,35,2.12,289,1.12,3.1,-2.8,959.8
2026-02-28T00:00,2026-03-01T12:00,36,2.04,324,0.82,2.4,-4.9,959.4
2026-02-28T00:00,2026-03-01T13:00,37,2.1,3,0.6,1.5,-6.9,959.1
2026-02-28T00:00,2026-03-01T14:00,38,3.06,38,1.06,1.5,-7.8,958.8
2026-02-28T00:00,2026-03-01T15:00,39,5.41,54,2.05,3.2,-7.5,958.2
2026-02-28T00:00,2026-03-01T16:00,40,6.92,56,2.8,4.6,-6.4,957.6
2026-02-28T00:00,2026-03-01T17:00,41,7.92,65,3.79,5.9,-5.6,957.0
2026-02-28T00:00,2026-03-01T18:00,42,8.99,69,4.95,8.0,-4.6,956.6
2026-02-28T00:00,2026-03-01T19:00,43,8.51,71,4.84,8.2,-4.6,956.4
2026-02-28T00:00,2026-03-01T20:00,44,8.56,70,4.97,8.2,-4.2,955.9
2026-02-28T00:00,2026-03-01T21:00,45,8.68,70,5.13,8.4,-3.9,955.1
2026-02-28T00:00,2026-03-01T22:00,46,8.16,71,4.74,8.4,-3.8,954.5
2026-02-28T00:00,2026-03-01T23:00,47,7.56,72,4.32,7.7,-3.6,954.3
2026-02-28T00:00,2026-03-02T00:00,48,6.97,71,3.88,7.1,-3.3,954.3
2026-02-28T00:00,2026-03-02T01:00,49,6.56,72,3.62,6.4,-3.2,954.2
2026-02-28T00:00,2026-03-02T02:00,50,6.43,67,3.58,6.2,-2.9,954.2
2026-02-28T00:00,2026-03-02T03:00,51,5.95,64,3.31,6.0,-1.8,954.5
2026-02-28T00:00,2026-03-02T04:00,52,4.97,58,2.98,5.6,-0.5,954.5
2026-02-28T00:00,2026-03-02T05:00,53,5.13,60,3.19,6.1,1.1,954.4
2026-02-28T00:00,2026-03-02T06:00,54,5.32,62,3.21,6.4,2.2,954.2
2026-02-28T00:00,2026-03-02T07:00,55,4.83,66,2.73,6.4,3.3,953.9
2026-02-28T00:00,2026-03-02T08:00,56,4.32,62,2.26,5.6,3.6,953.1
2026-02-28T00:00,2026-03-02T09:00,57,5.05,54,2.84,5.7,3.6,952.7
2026-02-28T00:00,2026-03-02T10:00,58,5.23,56,2.7,5.7,3.8,952.4
2026-02-28T00:00,2026-03-02T11:00,59,4.81,66,2.22,5.4,3.1,952.5
2026-02-28T00:00,2026-03-02T12:00,60,4.45,63,1.78,4.3,1.3,952.2
2026-02-28T00:00,2026-03-02T13:00,61,4.88,75,1.9,3.1,0.9,953.2
2026-02-28T00:00,2026-03-02T14:00,62,3.68,82,1.48,3.3,1.1,953.8
2026-02-28T00:00,2026-03-02T15:00,63,3.0,90,1.36,2.3,1.2,954.2
2026-02-28T00:00,2026-03-02T16:00,64,2.7,93,1.25,2.1,0.9,954.3
2026-02-28T00:00,2026-03-02T17:00,65,3.53,74,1.6,2.5,1.0,954.5
2026-02-28T00:00,2026-03-02T18:00,66,4.37,74,1.93,3.3,1.2,954.8
2026-02-28T00:00,2026-03-02T19:00,67,3.85,89,1.8,3.3,1.3,955.0
2026-02-28T00:00,2026-03-02T20:00,68,3.54,81,1.84,3.1,1.3,954.9
2026-02-28T00:00,2026-03-02T21:00,69,3.76,71,2.1,3.7,1.0,955.1
2026-02-28T00:00,2026-03-02T22:00,70,2.09,79,1.01,3.6,0.6,955.3
2026-02-28T00:00,2026-03-02T23:00,71,1.78,191,1.0,1.4,0.7,956.0
2026-02-28T06:00,2026-02-28T06:00,0,7.58,239,5.41,,-5.1,958.2
2026-02-28T06:00,2026-02-28T07:00,1,8.2,254,5.72,10.1,-5.7,958.8
2026-02-28T06:00,2026-02-28T08:00,2,7.95,252,5.73,10.6,-6.5,959.1
2026-02-28T06:00,2026-02-28T09:00,3,7.36,246,5.3,10.3,-7.2,959.7
2026-02-28T06:00,2026-02-28T10:00,4,6.98,238,5.19,9.6,-7.2,959.9
2026-02-28T06:00,2026-02-28T11:00,5,7.5,235,5.39,9.3,-7.2,960.1
2026-02-28T06:00,2026-02-28T12:00,6,7.12,232,5.0,9.3,-7.4,959.9
2026-02-28T06:00,2026-02-28T13:00,7,6.97,231,4.56,8.5,-7.3,960.2
2026-02-28T06:00,2026-02-28T14:00,8,6.58,227,3.89,7.8,-7.2,960.1
2026-02-28T06:00,2026-02-28T15:00,9,5.83,231,2.87,6.5,-6.5,959.8
2026-02-28T06:00,2026-02-28T16:00,10,5.49,235,2.77,4.7,-6.4,959.6
2026-02-28T06:00,2026-02-28T17:00,11,5.3,242,2.82,4.7,-7.0,959.6
2026-02-28T06:00,2026-02-28T18:00,12,5.0,239,2.8,4.8,-6.5,959.4
2026-02-28T06:00,2026-02-28T19:00,13,4.74,248,2.54,4.4,-6.3,959.5
2026-02-28T06:00,2026-02-28T20:00,14,4.87,251,2.79,4.4,-6.6,959.4
2026-02-28T06:00,2026-02-28T21:00,15,4.54,242,2.42,4.4,-6.8,959.3
2026-02-28T06:00,2026-02-28T22:00,16,4.02,232,1.91,4.0,-6.6,959.1
2026-02-28T06:00,2026-02-28T23:00,17,3.55,238,1.58,3.1,-6.4,959.2
2026-02-28T06:00,2026-03-01T00:00,18,3.16,252,1.82,3.1,-6.1,959.6
2026-02-28T06:00,2026-03-01T01:00,19,3.09,261,2.01,3.4,-6.2,959.8
2026-02-28T06:00,2026-03-01T02:00,20,3.09,261,1.95,3.5,-6.5,960.2
2026-02-28T06:00,2026-03-01T03:00,21,2.83,257,1.74,3.2,-6.0,960.7
2026-02-28T06:00,2026-03-01T04:00,22,2.45,266,1.96,3.9,-5.2,960.9
2026-02-28T06:00,2026-03-01T05:00,23,3.0,270,2.35,4.6,-4.6,960.7
2026-02-28T06:00,2026-03-01T06:00,24,3.2,269,2.5,5.0,-3.8,960.7
2026-02-28T06:00,2026-03-01T07:00,25,3.35,260,2.54,5.1,-3.0,960.7
2026-02-28T06:00,2026-03-01T08:00,26,3.3,256,2.41,5.1,-2.5,960.1
2026-02-28T06:00,2026-03-01T09:00,27,3.19,253,2.18,4.7,-2.0,959.9
2026-02-28T06:00,2026-03-01T10:00,28,2.63,261,1.56,4.3,-2.1,959.8
2026-02-28T06:00,2026-03-01T11:00,29,2.44,289,1.28,3.2,-3.0,959.7
2026-02-28T06:00,2026-03-01T12:00,30,2.37,316,1.03,2.4,-5.2,959.5
2026-02-28T06:00,2026-03-01T13:00,31,2.02,351,0.49,1.7,-7.1,959.3
2026-02-28T06:00,2026-03-01T14:00,32,2.79,33,0.89,1.3,-7.7,958.9
2026-02-28T06:00,2026-03-01T15:00,33,4.82,53,1.9,2.9,-7.6,958.5
2026-02-28T06:00,2026-03-01T16:00,34,6.6,56,2.64,4.2,-6.5,957.8
2026-02-28T06:00,2026-03-01T17:00,35,7.42,63,3.43,5.4,-6.2,956.9
2026-02-28T06:00,2026-03-01T18:00,36,8.74,69,4.59,7.3,-5.8,956.3
2026-02-28T06:00,2026-03-01T19:00,37,8.45,73,4.6,7.8,-5.6,956.0
2026-02-28T06:00,2026-03-01T20:00,38,8.23,74,4.63,7.6,-5.0,955.7
2026-02-28T06:00,2026-03-01T21:00,39,8.6,70,5.12,8.3,-4.2,955.1
2026-02-28T06:00,2026-03-01T22:00,40,8.71,70,5.12,8.7,-4.0,954.4
2026-02-28T06:00,2026-03-01T23:00,41,8.08,72,4.65,8.4,-3.7,954.4
2026-02-28T06:00,2026-03-02T00:00,42,7.06,74,3.94,7.7,-3.6,954.3
2026-02-28T06:00,2026-03-02T01:00,43,6.32,72,3.48,6.5,-3.6,954.1
2026-02-28T06:00,2026-03-02T02:00,44,5.99,71,3.32,5.8,-3.4,954.3
2026-02-28T06:00,2026-03-02T03:00,45,5.23,71,2.86,5.5,-2.4,954.3
2026-02-28T06:00,2026-03-02T04:00,46,4.69,59,2.79,4.9,-0.6,954.3
2026-02-28T06:00,2026-03-02T05:00,47,5.01,63,3.18,6.2,0.8,953.9
2026-02-28T06:00,2026-03-02T06:00,48,5.1,61,3.15,6.3,1.6,953.8
2026-02-28T06:00,2026-03-02T07:00,49,3.6,61,1.91,6.1,2.3,953.8
2026-02-28T06:00,2026-03-02T08:00,50,3.78,64,1.9,4.3,2.4,953.1
2026-02-28T06:00,2026-03-02T09:00,51,3.28,69,1.57,4.0,3.2,953.1
2026-02-28T06:00,2026-03-02T10:00,52,3.12,78,1.55,3.5,3.6,952.9
2026-02-28T06:00,2026-03-02T11:00,53,3.39,74,1.75,3.2,3.4,952.8
2026-02-28T06:00,2026-03-02T12:00,54,4.21,62,1.93,3.3,2.2,952.9
2026-02-28T06:00,2026-03-02T13:00,55,3.91,62,1.55,3.3,1.1,953.5
2026-02-28T06:00,2026-03-02T14:00,56,2.03,74,0.43,2.2,1.5,954.8
2026-02-28T06:00,2026-03-02T15:00,57,2.6,210,1.33,1.8,0.8,955.5
2026-02-28T06:00,2026-03-02T16:00,58,3.29,234,1.44,2.5,0.6,956.0
2026-02-28T06:00,2026-03-02T17:00,59,2.11,211,0.85,2.5,0.9,956.4
2026-02-28T06:00,2026-03-02T18:00,60,0.5,53,0.71,1.1,0.4,956.5
2026-02-28T06:00,2026-03-02T19:00,61,2.36,58,1.83,2.9,-0.1,956.6
2026-02-28T06:00,2026-03-02T20:00,62,2.49,80,1.78,3.1,-0.3,957.0
2026-02-28T06:00,2026-03-02T21:00,63,2.38,112,1.69,3.1,0.4,957.0
2026-02-28T06:00,2026-03-02T22:00,64,1.85,109,1.21,2.7,0.4,956.9
2026-02-28T06:00,2026-03-02T23:00,65,1.98,124,1.36,2.3,0.6,957.0
2026-02-28T06:00,2026-03-03T00:00,66,1.66,164,0.92,2.3,0.9,957.7
2026-02-28T06:00,2026-03-03T01:00,67,1.65,194,0.82,1.6,0.8,958.0
2026-02-28T06:00,2026-03-03T02:00,68,1.98,201,1.1,1.6,1.4,958.4
2026-02-28T06:00,2026-03-03T03:00,69,2.34,200,1.27,2.0,1.8,959.0
2026-02-28T06:00,2026-03-03T04:00,70,2.08,207,0.89,2.0,2.6,959.6
2026-02-28T06:00,2026-03-03T05:00,71,1.2,225,0.36,1.4,3.4,960.0
2026-02-28T12:00,2026-02-28T12:00,0,7.9,237,5.26,,-7.6,960.1
2026-02-28T12:00,2026-02-28T13:00,1,6.59,229,4.24,8.8,-7.5,960.6
2026-02-28T12:00,2026-02-28T14:00,2,6.5,231,4.0,7.6,-7.7,960.8
2026-02-28T12:00,2026-02-28T15:00,3,5.68,233,3.01,6.7,-7.3,960.5
2026-02-28T12:00,2026-02-28T16:00,4,4.9,236,2.66,5.0,-7.1,960.5
2026-02-28T12:00,2026-02-28T17:00,5,5.38,240,3.04,5.0,-7.4,960.5
2026-02-28T12:00,2026-02-28T18:00,6,4.66,240,2.64,5.0,-7.2,960.1
2026-02-28T12:00,2026-02-28T19:00,7,4.12,246,2.31,4.1,-7.2,960.2
2026-02-28T12:00,2026-02-28T20:00,8,3.83,248,2.0,3.6,-7.2,960.0
2026-02-28T12:00,2026-02-28T21:00,9,3.41,248,1.69,3.1,-7.0,959.8
2026-02-28T12:00,2026-02-28T22:00,10,3.05,240,1.61,3.0,-6.8,959.6
2026-02-28T12:00,2026-02-28T23:00,11,2.61,250,1.55,2.8,-6.5,959.8
2026-02-28T12:00,2026-03-01T00:00,12,2.05,257,1.3,2.8,-6.1,960.0
2026-02-28T12:00,2026-03-01T01:00,13,1.66,277,1.3,2.5,-6.3,960.0
2026-02-28T12:00,2026-03-01T02:00,14,1.72,287,1.22,2.5,-6.7,960.3
2026-02-28T12:00,2026-03-01T03:00,15,1.71,285,1.2,2.4,-6.2,960.6
2026-02-28T12:00,2026-03-01T04:00,16,1.66,291,1.2,2.7,-5.6,960.5
2026-02-28T12:00,2026-03-01T05:00,17,1.55,285,1.39,3.1,-4.7,960.5
2026-02-28T12:00,2026-03-01T06:00,18,2.11,284,1.75,3.8,-3.8,960.5
2026-02-28T12:00,2026-03-01T07:00,19,2.5,272,2.0,4.1,-2.9,960.4
2026-02-28T12:00,2026-03-01T08:00,20,2.66,265,2.02,4.2,-2.4,959.8
2026-02-28T12:00,2026-03-01T09:00,21,2.62,257,1.8,4.1,-1.9,959.3
2026-02-28T12:00,2026-03-01T10:00,22,2.59,260,1.52,3.6,-2.1,959.2
2026-02-28T12:00,2026-03-01T11:00,23,2.73,278,1.36,3.1,-3.1,959.2
2026-02-28T12:00,2026-03-01T12:00,24,2.28,296,0.69,2.4,-5.1,959.1
2026-02-28T12:00,2026-03-01T13:00,25,1.35,338,0.22,1.2,-7.0,959.0
2026-02-28T12:00,2026-03-01T14:00,26,2.55,35,0.91,1.2,-7.9,958.5
2026-02-28T12:00,2026-03-01T15:00,27,4.68,49,1.88,2.6,-7.5,958.2
2026-02-28T12:00,2026-03-01T16:00,28,5.9,54,2.16,3.4,-6.3,957.8
2026-02-28T12:00,2026-03-01T17:00,29,6.62,57,2.83,4.5,-5.4,957.2
2026-02-28T12:00,2026-03-01T18:00,30,7.49,63,3.77,6.0,-4.7,956.4
2026-02-28T12:00,2026-03-01T19:00,31,7.7,68,4.16,6.8,-4.4,956.2
2026-02-28T12:00,2026-03-01T20:00,32,7.66,69,4.4,7.1,-4.2,955.5
2026-02-28T12:00,2026-03-01T21:00,33,8.11,67,4.66,7.6,-4.0,955.0
2026-02-28T12:00,2026-03-01T22:00,34,7.51,70,4.24,7.6,-3.8,954.5
2026-02-28T12:00,2026-03-01T23:00,35,6.86,71,3.81,6.9,-3.8,954.5
2026-02-28T12:00,2026-03-02T00:00,36,6.51,72,3.56,6.3,-3.7,954.3
2026-02-28T12:00,2026-03-02T01:00,37,5.83,72,3.18,5.9,-3.6,954.3
2026-02-28T12:00,2026-03-02T02:00,38,5.06,73,2.63,5.2,-3.4,954.6
2026-02-28T12:00,2026-03-02T03:00,39,4.75,68,2.62,4.3,-2.2,954.9
2026-02-28T12:00,2026-03-02T04:00,40,4.94,63,2.76,4.8,-0.6,954.7
2026-02-28T12:00,2026-03-02T05:00,41,5.42,61,3.43,6.2,0.8,954.1
2026-02-28T12:00,2026-03-02T06:00,42,6.33,62,3.74,6.9,1.7,953.7
2026-02-28T12:00,2026-03-02T07:00,43,6.0,60,3.41,6.9,2.0,953.2
2026-02-28T12:00,2026-03-02T08:00,44,5.41,52,3.08,6.4,2.5,952.8
2026-02-28T12:00,2026-03-02T09:00,45,5.51,51,3.11,6.0,2.7,952.7
2026-02-28T12:00,2026-03-02T10:00,46,4.63,57,2.13,5.9,2.3,952.8
2026-02-28T12:00,2026-03-02T11:00,47,3.84,69,1.66,3.9,2.3,952.9
2026-02-28T12:00,2026-03-02T12:00,48,3.05,72,1.39,3.0,1.2,952.9
2026-02-28T12:00,2026-03-02T13:00,49,2.44,75,1.17,2.1,1.0,953.4
2026-02-28T12:00,2026-03-02T14:00,50,1.83,73,0.78,1.6,1.3,954.0
2026-02-28T12:00,2026-03-02T15:00,51,0.52,253,0.16,1.1,1.4,955.2
2026-02-28T12:00,2026-03-02T16:00,52,2.42,243,1.1,1.9,1.0,956.3
2026-02-28T12:00,2026-03-02T17:00,53,1.35,219,0.6,1.8,0.6,956.6
2026-02-28T12:00,2026-03-02T18:00,54,1.27,191,0.35,0.9,0.5,956.7
2026-02-28T12:00,2026-03-02T19:00,55,1.15,108,1.09,1.8,0.4,956.3
2026-02-28T12:00,2026-03-02T20:00,56,2.21,72,1.33,2.2,0.2,956.0
2026-02-28T12:00,2026-03-02T21:00,57,2.74,72,1.25,2.3,0.6,956.1
2026-02-28T12:00,2026-03-02T22:00,58,1.91,85,1.07,2.0,0.2,956.1
2026-02-28T12:00,2026-03-02T23:00,59,1.42,122,0.92,1.3,0.6,956.5
2026-02-28T12:00,2026-03-03T00:00,60,1.4,180,0.85,1.3,0.6,957.3
2026-02-28T12:00,2026-03-03T01:00,61,2.1,205,1.04,1.6,1.3,958.0
2026-02-28T12:00,2026-03-03T02:00,62,2.07,195,1.04,1.6,1.5,958.4
2026-02-28T12:00,2026-03-03T03:00,63,1.54,151,0.6,1.4,2.0,958.9
2026-02-28T12:00,2026-03-03T04:00,64,1.39,111,0.74,1.5,2.3,959.0
2026-02-28T12:00,2026-03-03T05:00,65,1.48,78,0.88,1.7,2.6,959.2
2026-02-28T12:00,2026-03-03T06:00,66,1.38,71,0.82,1.9,3.1,959.3
2026-02-28T12:00,2026-03-03T07:00,67,0.56,100,0.16,1.7,4.0,959.5
2026-02-28T12:00,2026-03-03T08:00,68,1.05,185,0.35,0.8,3.9,959.1
2026-02-28T12:00,2026-03-03T09:00,69,1.61,210,0.83,1.7,4.7,959.0
2026-02-28T12:00,2026-03-03T10:00,70,2.14,213,1.19,2.2,4.7,959.3
2026-02-28T12:00,2026-03-03T11:00,71,3.15,198,1.69,2.7,3.7,959.1
2026-02-28T18:00,2026-02-28T18:00,0,4.28,233,2.32,,-7.2,960.2
2026-02-28T18:00,2026-02-28T19:00,1,4.07,242,2.21,4.0,-7.0,960.3
2026-02-28T18:00,2026-02-28T20:00,2,3.89,257,2.23,4.0,-7.0,960.6
2026-02-28T18:00,2026-02-28T21:00,3,3.89,252,2.07,3.9,-7.0,960.5
2026-02-28T18:00,2026-02-28T22:00,4,3.87,237,2.27,3.8,-6.5,960.2
2026-02-28T18:00,2026-02-28T23:00,5,3.41,238,1.96,3.8,-6.0,960.4
2026-02-28T18:00,2026-03-01T00:00,6,2.57,241,1.66,3.3,-5.7,960.3
2026-02-28T18:00,2026-03-01T01:00,7,2.21,265,1.41,2.9,-5.8,960.4
2026-02-28T18:00,2026-03-01T02:00,8,2.09,281,1.41,2.9,-5.8,960.6
2026-02-28T18:00,2026-03-01T03:00,9,1.66,291,1.14,2.8,-5.9,960.9
2026-02-28T18:00,2026-03-01T04:00,10,1.68,297,1.38,3.1,-5.3,960.8
2026-02-28T18:00,2026-03-01T05:00,11,1.71,291,1.5,3.4,-4.5,960.7
2026-02-28T18:00,2026-03-01T06:00,12,2.2,287,1.8,3.9,-3.8,960.5
2026-02-28T18:00,2026-03-01T07:00,13,2.43,278,1.87,4.1,-3.0,960.3
2026-02-28T18:00,2026-03-01T08:00,14,2.6,269,2.0,4.1,-2.3,959.7
2026-02-28T18:00,2026-03-01T09:00,15,2.72,264,1.86,4.1,-2.0,959.5
2026-02-28T18:00,2026-03-01T10:00,16,2.57,262,1.51,3.7,-2.1,959.5
2026-02-28T18:00,2026-03-01T11:00,17,2.66,275,1.3,3.0,-3.2,959.3
2026-02-28T18:00,2026-03-01T12:00,18,1.95,293,0.56,2.3,-5.1,959.2
2026-02-28T18:00,2026-03-01T13:00,19,1.54,347,0.36,1.0,-6.8,958.8
2026-02-28T18:00,2026-03-01T14:00,20,2.58,32,0.81,1.1,-7.5,958.6
2026-02-28T18:00,2026-03-01T15:00,21,4.29,49,1.64,2.2,-7.6,958.1
2026-02-28T18:00,2026-03-01T16:00,22,5.79,53,2.1,3.2,-6.8,957.5
2026-02-28T18:00,2026-03-01T17:00,23,6.45,56,2.55,4.0,-5.6,957.1
2026-02-28T18:00,2026-03-01T18:00,24,7.02,62,3.3,5.2,-5.1,956.5
2026-02-28T18:00,2026-03-01T19:00,25,7.73,67,4.14,6.6,-4.7,956.0
2026-02-28T18:00,2026-03-01T20:00,26,7.93,67,4.51,7.4,-4.3,955.5
2026-02-28T18:00,2026-03-01T21:00,27,8.13,69,4.67,7.6,-4.1,954.9
2026-02-28T18:00,2026-03-01T22:00,28,7.4,70,4.13,7.6,-3.9,954.4
2026-02-28T18:00,2026-03-01T23:00,29,7.15,71,4.04,6.9,-3.6,954.2
2026-02-28T18:00,2026-03-02T00:00,30,6.36,71,3.44,6.6,-3.7,954.3
2026-02-28T18:00,2026-03-02T01:00,31,5.91,73,3.11,5.7,-3.5,954.3
2026-02-28T18:00,2026-03-02T02:00,32,5.12,71,2.53,5.1,-3.6,954.3
2026-02-28T18:00,2026-03-02T03:00,33,4.8,68,2.62,4.4,-2.2,954.9
2026-02-28T18:00,2026-03-02T04:00,34,4.88,67,2.51,4.4,-0.9,954.6
2026-02-28T18:00,2026-03-02T05:00,35,5.29,68,3.42,6.2,0.8,954.0
2026-02-28T18:00,2026-03-02T06:00,36,6.51,65,3.85,6.9,1.7,953.4
2026-02-28T18:00,2026-03-02T07:00,37,6.2,62,3.66,7.2,2.2,952.7
2026-02-28T18:00,2026-03-02T08:00,38,6.02,48,3.61,7.2,2.8,952.6
2026-02-28T18:00,2026-03-02T09:00,39,5.36,50,3.04,6.9,2.6,952.6
2026-02-28T18:00,2026-03-02T10:00,40,4.09,55,1.98,5.7,2.3,952.8
2026-02-28T18:00,2026-03-02T11:00,41,3.18,66,1.32,3.8,2.1,953.4
2026-02-28T18:00,2026-03-02T12:00,42,1.93,100,0.72,2.2,1.4,953.4
2026-02-28T18:00,2026-03-02T13:00,43,1.71,69,0.61,0.9,0.8,954.2
2026-02-28T18:00,2026-03-02T14:00,44,0.61,171,0.25,0.9,1.3,955.0
2026-02-28T18:00,2026-03-02T15:00,45,2.45,231,1.27,1.9,0.8,955.4
2026-02-28T18:00,2026-03-02T16:00,46,2.02,240,0.92,3.9,1.1,956.2
2026-02-28T18:00,2026-03-02T17:00,47,1.85,218,0.72,1.4,1.0,956.5
2026-02-28T18:00,2026-03-02T18:00,48,0.4,300,0.25,1.0,0.4,956.8
2026-02-28T18:00,2026-03-02T19:00,49,0.81,83,0.67,1.1,0.2,956.9
2026-02-28T18:00,2026-03-02T20:00,50,1.14,151,0.9,1.3,0.4,956.9
2026-02-28T18:00,2026-03-02T21:00,51,2.15,183,1.44,2.3,0.9,956.8
2026-02-28T18:00,2026-03-02T22:00,52,1.88,191,1.0,2.4,1.0,956.5
2026-02-28T18:00,2026-03-02T23:00,53,1.35,202,0.57,1.3,1.3,956.9
2026-02-28T18:00,2026-03-03T00:00,54,1.81,204,0.85,1.1,1.7,957.8
2026-02-28T18:00,2026-03-03T01:00,55,2.27,221,0.89,1.3,1.6,958.3
2026-02-28T18:00,2026-03-03T02:00,56,2.06,229,0.72,1.3,1.4,958.7
2026-02-28T18:00,2026-03-03T03:00,57,0.78,207,0.05,1.0,1.6,959.1
2026-02-28T18:00,2026-03-03T04:00,58,1.25,61,0.81,1.5,1.2,959.2
2026-02-28T18:00,2026-03-03T05:00,59,2.57,63,1.03,2.1,1.6,959.3
2026-02-28T18:00,2026-03-03T06:00,60,2.26,72,0.97,2.2,2.0,959.3
2026-02-28T18:00,2026-03-03T07:00,61,1.77,74,0.86,2.1,2.6,959.3
2026-02-28T18:00,2026-03-03T08:00,62,1.7,66,0.85,2.0,2.9,959.1
2026-02-28T18:00,2026-03-03T09:00,63,0.96,84,0.25,1.9,3.2,958.9
2026-02-28T18:00,2026-03-03T10:00,64,0.76,169,0.15,1.0,4.1,959.0
2026-02-28T18:00,2026-03-03T11:00,65,1.65,180,0.55,0.9,4.2,958.7
2026-02-28T18:00,2026-03-03T12:00,66,0.85,159,0.39,0.9,1.9,957.8
2026-02-28T18:00,2026-03-03T13:00,67,1.46,52,0.57,0.8,0.6,958.0
2026-02-28T18:00,2026-03-03T14:00,68,3.32,59,1.18,1.6,0.3,958.9
2026-02-28T18:00,2026-03-03T15:00,69,4.38,64,1.76,2.3,-0.2,959.3
2026-02-28T18:00,2026-03-03T16:00,70,5.43,68,2.21,3.5,-0.5,958.9
2026-02-28T18:00,2026-03-03T17:00,71,5.72,68,2.33,3.9,-1.1,958.8
