issue_time_utc,issue_time_scada,target_time_scada,target_time_utc,turbine,lead_h,nwp_run_init_utc,nwp_lead_h,run_cycle,issue_kind,p10,p50,p90,outside_test_period,model_version,interval_label
2026-01-31T18:00:00Z,2026-02-01T00:00:00+06:00,2026-02-01T00:00:00+06:00,2026-01-31T18:00:00Z,T1,0,2026-01-31T06:00:00Z,12,6,dayahead,,0.016896,,False,mos-logistic-v0,start
2026-01-31T18:00:00Z,2026-02-01T00:00:00+06:00,2026-02-01T01:00:00+06:00,2026-01-31T19:00:00Z,T1,1,2026-01-31T06:00:00Z,13,6,dayahead,,0.021464,,False,mos-logistic-v0,start
2026-01-31T18:00:00Z,2026-02-01T00:00:00+06:00,2026-02-01T02:00:00+06:00,2026-01-31T20:00:00Z,T1,2,2026-01-31T06:00:00Z,14,6,dayahead,,0.033132,,False,mos-logistic-v0,start
2026-01-31T18:00:00Z,2026-02-01T00:00:00+06:00,2026-02-01T03:00:00+06:00,2026-01-31T21:00:00Z,T1,3,2026-01-31T06:00:00Z,15,6,dayahead,,0.027233,,False,mos-logistic-v0,start
2026-01-31T18:00:00Z,2026-02-01T00:00:00+06:00,2026-02-01T04:00:00+06:00,2026-01-31T22:00:00Z,T1,4,2026-01-31T06:00:00Z,16,6,dayahead,,0.01535,,False,mos-logistic-v0,start
2026-01-31T18:00:00Z,2026-02-01T00:00:00+06:00,2026-02-01T05:00:00+06:00,2026-01-31T23:00:00Z,T1,5,2026-01-31T06:00:00Z,17,6,dayahead,,0.013658,,False,mos-logistic-v0,start
2026-01-31T18:00:00Z,2026-02-01T00:00:00+06:00,2026-02-01T06:00:00+06:00,2026-02-01T00:00:00Z,T1,6,2026-01-31T06:00:00Z,18,6,dayahead,,0.018094,,False,mos-logistic-v0,start
2026-01-31T18:00:00Z,2026-02-01T00:00:00+06:00,2026-02-01T07:00:00+06:00,2026-02-01T01:00:00Z,T1,7,2026-01-31T06:00:00Z,19,6,dayahead,,0.027982,,False,mos-logistic-v0,start
2026-01-31T18:00:00Z,2026-02-01T00:00:00+06:00,2026-02-01T08:00:00+06:00,2026-02-01T02:00:00Z,T1,8,2026-01-31T06:00:00Z,20,6,dayahead,,0.044791,,False,mos-logistic-v0,start
2026-01-31T18:00:00Z,2026-02-01T00:00:00+06:00,2026-02-01T09:00:00+06:00,2026-02-01T03:00:00Z,T1,9,2026-01-31T06:00:00Z,21,6,dayahead,,0.106604,,False,mos-logistic-v0,start
2026-01-31T18:00:00Z,2026-02-01T00:00:00+06:00,2026-02-01T10:00:00+06:00,2026-02-01T04:00:00Z,T1,10,2026-01-31T06:00:00Z,22,6,dayahead,,0.115546,,False,mos-logistic-v0,start
2026-01-31T18:00:00Z,2026-02-01T00:00:00+06:00,2026-02-01T11:00:00+06:00,2026-02-01T05:00:00Z,T1,11,2026-01-31T06:00:00Z,23,6,dayahead,,0.065642,,False,mos-logistic-v0,start
2026-01-31T18:00:00Z,2026-02-01T00:00:00+06:00,2026-02-01T12:00:00+06:00,2026-02-01T06:00:00Z,T1,12,2026-01-31T06:00:00Z,24,6,dayahead,,0.113426,,False,mos-logistic-v0,start
2026-01-31T18:00:00Z,2026-02-01T00:00:00+06:00,2026-02-01T13:00:00+06:00,2026-02-01T07:00:00Z,T1,13,2026-01-31T06:00:00Z,25,6,dayahead,,0.133771,,False,mos-logistic-v0,start
2026-01-31T18:00:00Z,2026-02-01T00:00:00+06:00,2026-02-01T14:00:00+06:00,2026-02-01T08:00:00Z,T1,14,2026-01-31T06:00:00Z,26,6,dayahead,,0.156198,,False,mos-logistic-v0,start
2026-01-31T18:00:00Z,2026-02-01T00:00:00+06:00,2026-02-01T15:00:00+06:00,2026-02-01T09:00:00Z,T1,15,2026-01-31T06:00:00Z,27,6,dayahead,,0.168516,,False,mos-logistic-v0,start
2026-01-31T18:00:00Z,2026-02-01T00:00:00+06:00,2026-02-01T16:00:00+06:00,2026-02-01T10:00:00Z,T1,16,2026-01-31T06:00:00Z,28,6,dayahead,,0.174458,,False,mos-logistic-v0,start
2026-01-31T18:00:00Z,2026-02-01T00:00:00+06:00,2026-02-01T17:00:00+06:00,2026-02-01T11:00:00Z,T1,17,2026-01-31T06:00:00Z,29,6,dayahead,,0.356067,,False,mos-logistic-v0,start
2026-01-31T18:00:00Z,2026-02-01T00:00:00+06:00,2026-02-01T18:00:00+06:00,2026-02-01T12:00:00Z,T1,18,2026-01-31T06:00:00Z,30,6,dayahead,,0.375467,,False,mos-logistic-v0,start
2026-01-31T18:00:00Z,2026-02-01T00:00:00+06:00,2026-02-01T19:00:00+06:00,2026-02-01T13:00:00Z,T1,19,2026-01-31T06:00:00Z,31,6,dayahead,,0.396943,,False,mos-logistic-v0,start
2026-01-31T18:00:00Z,2026-02-01T00:00:00+06:00,2026-02-01T20:00:00+06:00,2026-02-01T14:00:00Z,T1,20,2026-01-31T06:00:00Z,32,6,dayahead,,0.427329,,False,mos-logistic-v0,start
2026-01-31T18:00:00Z,2026-02-01T00:00:00+06:00,2026-02-01T21:00:00+06:00,2026-02-01T15:00:00Z,T1,21,2026-01-31T06:00:00Z,33,6,dayahead,,0.468673,,False,mos-logistic-v0,start
2026-01-31T18:00:00Z,2026-02-01T00:00:00+06:00,2026-02-01T22:00:00+06:00,2026-02-01T16:00:00Z,T1,22,2026-01-31T06:00:00Z,34,6,dayahead,,0.449635,,False,mos-logistic-v0,start
2026-01-31T18:00:00Z,2026-02-01T00:00:00+06:00,2026-02-01T23:00:00+06:00,2026-02-01T17:00:00Z,T1,23,2026-01-31T06:00:00Z,35,6,dayahead,,0.453087,,False,mos-logistic-v0,start
2026-01-31T18:00:00Z,2026-02-01T00:00:00+06:00,2026-02-02T00:00:00+06:00,2026-02-01T18:00:00Z,T1,24,2026-01-31T06:00:00Z,36,6,dayahead,,0.434166,,False,mos-logistic-v0,start
2026-01-31T18:00:00Z,2026-02-01T00:00:00+06:00,2026-02-02T01:00:00+06:00,2026-02-01T19:00:00Z,T1,25,2026-01-31T06:00:00Z,37,6,dayahead,,0.437593,,False,mos-logistic-v0,start
2026-01-31T18:00:00Z,2026-02-01T00:00:00+06:00,2026-02-02T02:00:00+06:00,2026-02-01T20:00:00Z,T1,26,2026-01-31T06:00:00Z,38,6,dayahead,,0.456544,,False,mos-logistic-v0,start
2026-01-31T18:00:00Z,2026-02-01T00:00:00+06:00,2026-02-02T03:00:00+06:00,2026-02-01T21:00:00Z,T1,27,2026-01-31T06:00:00Z,39,6,dayahead,,0.475621,,False,mos-logistic-v0,start
2026-01-31T18:00:00Z,2026-02-01T00:00:00+06:00,2026-02-02T04:00:00+06:00,2026-02-01T22:00:00Z,T1,28,2026-01-31T06:00:00Z,40,6,dayahead,,0.46347,,False,mos-logistic-v0,start
2026-01-31T18:00:00Z,2026-02-01T00:00:00+06:00,2026-02-02T05:00:00+06:00,2026-02-01T23:00:00Z,T1,29,2026-01-31T06:00:00Z,41,6,dayahead,,0.475621,,False,mos-logistic-v0,start
2026-01-31T18:00:00Z,2026-02-01T00:00:00+06:00,2026-02-02T06:00:00+06:00,2026-02-02T00:00:00Z,T1,30,2026-01-31T06:00:00Z,42,6,dayahead,,0.505225,,False,mos-logistic-v0,start
2026-01-31T18:00:00Z,2026-02-01T00:00:00+06:00,2026-02-02T07:00:00+06:00,2026-02-02T01:00:00Z,T1,31,2026-01-31T06:00:00Z,43,6,dayahead,,0.520896,,False,mos-logistic-v0,start
2026-01-31T18:00:00Z,2026-02-01T00:00:00+06:00,2026-02-02T08:00:00+06:00,2026-02-02T02:00:00Z,T1,32,2026-01-31T06:00:00Z,44,6,dayahead,,0.505225,,False,mos-logistic-v0,start
2026-01-31T18:00:00Z,2026-02-01T00:00:00+06:00,2026-02-02T09:00:00+06:00,2026-02-02T03:00:00Z,T1,33,2026-01-31T06:00:00Z,45,6,dayahead,,0.479099,,False,mos-logistic-v0,start
2026-01-31T18:00:00Z,2026-02-01T00:00:00+06:00,2026-02-02T10:00:00+06:00,2026-02-02T04:00:00Z,T1,34,2026-01-31T06:00:00Z,46,6,dayahead,,0.616321,,False,mos-logistic-v0,start
2026-01-31T18:00:00Z,2026-02-01T00:00:00+06:00,2026-02-02T11:00:00+06:00,2026-02-02T05:00:00Z,T1,35,2026-01-31T06:00:00Z,47,6,dayahead,,0.489544,,False,mos-logistic-v0,start
2026-01-31T18:00:00Z,2026-02-01T00:00:00+06:00,2026-02-02T12:00:00+06:00,2026-02-02T06:00:00Z,T1,36,2026-01-31T06:00:00Z,48,6,dayahead,,0.631043,,False,mos-logistic-v0,start
2026-01-31T18:00:00Z,2026-02-01T00:00:00+06:00,2026-02-02T13:00:00+06:00,2026-02-02T07:00:00Z,T1,37,2026-01-31T06:00:00Z,49,6,dayahead,,0.760794,,False,mos-logistic-v0,start
2026-01-31T18:00:00Z,2026-02-01T00:00:00+06:00,2026-02-02T14:00:00+06:00,2026-02-02T08:00:00Z,T1,38,2026-01-31T06:00:00Z,50,6,dayahead,,0.848338,,False,mos-logistic-v0,start
2026-01-31T18:00:00Z,2026-02-01T00:00:00+06:00,2026-02-02T15:00:00+06:00,2026-02-02T09:00:00Z,T1,39,2026-01-31T06:00:00Z,51,6,dayahead,,0.832456,,False,mos-logistic-v0,start
2026-01-31T18:00:00Z,2026-02-01T00:00:00+06:00,2026-02-02T16:00:00+06:00,2026-02-02T10:00:00Z,T1,40,2026-01-31T06:00:00Z,52,6,dayahead,,0.656609,,False,mos-logistic-v0,start
2026-01-31T18:00:00Z,2026-02-01T00:00:00+06:00,2026-02-02T17:00:00+06:00,2026-02-02T11:00:00Z,T1,41,2026-01-31T06:00:00Z,53,6,dayahead,,0.165607,,False,mos-logistic-v0,start
2026-01-31T18:00:00Z,2026-02-01T00:00:00+06:00,2026-02-02T18:00:00+06:00,2026-02-02T12:00:00Z,T1,42,2026-01-31T06:00:00Z,54,6,dayahead,,0.0379,,False,mos-logistic-v0,start
2026-01-31T18:00:00Z,2026-02-01T00:00:00+06:00,2026-02-02T19:00:00+06:00,2026-02-02T13:00:00Z,T1,43,2026-01-31T06:00:00Z,55,6,dayahead,,0.064371,,False,mos-logistic-v0,start
2026-01-31T18:00:00Z,2026-02-01T00:00:00+06:00,2026-02-02T20:00:00+06:00,2026-02-02T14:00:00Z,T1,44,2026-01-31T06:00:00Z,56,6,dayahead,,0.205507,,False,mos-logistic-v0,start
2026-01-31T18:00:00Z,2026-02-01T00:00:00+06:00,2026-02-02T21:00:00+06:00,2026-02-02T15:00:00Z,T1,45,2026-01-31T06:00:00Z,57,6,dayahead,,0.198763,,False,mos-logistic-v0,start
2026-01-31T18:00:00Z,2026-02-01T00:00:00+06:00,2026-02-02T22:00:00+06:00,2026-02-02T16:00:00Z,T1,46,2026-01-31T06:00:00Z,58,6,dayahead,,0.230436,,False,mos-logistic-v0,start
2026-01-31T18:00:00Z,2026-02-01T00:00:00+06:00,2026-02-02T23:00:00+06:00,2026-02-02T17:00:00Z,T1,47,2026-01-31T06:00:00Z,59,6,dayahead,,0.165607,,False,mos-logistic-v0,start
2026-01-31T18:00:00Z,2026-02-01T00:00:00+06:00,2026-02-01T00:00:00+06:00,2026-01-31T18:00:00Z,T2,0,2026-01-31T06:00:00Z,12,6,dayahead,,0.016896,,False,mos-logistic-v0,start
2026-01-31T18:00:00Z,2026-02-01T00:00:00+06:00,2026-02-01T01:00:00+06:00,2026-01-31T19:00:00Z,T2,1,2026-01-31T06:00:00Z,13,6,dayahead,,0.021464,,False,mos-logistic-v0,start
2026-01-31T18:00:00Z,2026-02-01T00:00:00+06:00,2026-02-01T02:00:00+06:00,2026-01-31T20:00:00Z,T2,2,2026-01-31T06:00:00Z,14,6,dayahead,,0.033132,,False,mos-logistic-v0,start
2026-01-31T18:00:00Z,2026-02-01T00:00:00+06:00,2026-02-01T03:00:00+06:00,2026-01-31T21:00:00Z,T2,3,2026-01-31T06:00:00Z,15,6,dayahead,,0.027233,,False,mos-logistic-v0,start
2026-01-31T18:00:00Z,2026-02-01T00:00:00+06:00,2026-02-01T04:00:00+06:00,2026-01-31T22:00:00Z,T2,4,2026-01-31T06:00:00Z,16,6,dayahead,,0.01535,,False,mos-logistic-v0,start
2026-01-31T18:00:00Z,2026-02-01T00:00:00+06:00,2026-02-01T05:00:00+06:00,2026-01-31T23:00:00Z,T2,5,2026-01-31T06:00:00Z,17,6,dayahead,,0.013658,,False,mos-logistic-v0,start
2026-01-31T18:00:00Z,2026-02-01T00:00:00+06:00,2026-02-01T06:00:00+06:00,2026-02-01T00:00:00Z,T2,6,2026-01-31T06:00:00Z,18,6,dayahead,,0.018094,,False,mos-logistic-v0,start
2026-01-31T18:00:00Z,2026-02-01T00:00:00+06:00,2026-02-01T07:00:00+06:00,2026-02-01T01:00:00Z,T2,7,2026-01-31T06:00:00Z,19,6,dayahead,,0.027982,,False,mos-logistic-v0,start
2026-01-31T18:00:00Z,2026-02-01T00:00:00+06:00,2026-02-01T08:00:00+06:00,2026-02-01T02:00:00Z,T2,8,2026-01-31T06:00:00Z,20,6,dayahead,,0.044791,,False,mos-logistic-v0,start
2026-01-31T18:00:00Z,2026-02-01T00:00:00+06:00,2026-02-01T09:00:00+06:00,2026-02-01T03:00:00Z,T2,9,2026-01-31T06:00:00Z,21,6,dayahead,,0.106604,,False,mos-logistic-v0,start
2026-01-31T18:00:00Z,2026-02-01T00:00:00+06:00,2026-02-01T10:00:00+06:00,2026-02-01T04:00:00Z,T2,10,2026-01-31T06:00:00Z,22,6,dayahead,,0.115546,,False,mos-logistic-v0,start
2026-01-31T18:00:00Z,2026-02-01T00:00:00+06:00,2026-02-01T11:00:00+06:00,2026-02-01T05:00:00Z,T2,11,2026-01-31T06:00:00Z,23,6,dayahead,,0.065642,,False,mos-logistic-v0,start
2026-01-31T18:00:00Z,2026-02-01T00:00:00+06:00,2026-02-01T12:00:00+06:00,2026-02-01T06:00:00Z,T2,12,2026-01-31T06:00:00Z,24,6,dayahead,,0.113426,,False,mos-logistic-v0,start
2026-01-31T18:00:00Z,2026-02-01T00:00:00+06:00,2026-02-01T13:00:00+06:00,2026-02-01T07:00:00Z,T2,13,2026-01-31T06:00:00Z,25,6,dayahead,,0.133771,,False,mos-logistic-v0,start
2026-01-31T18:00:00Z,2026-02-01T00:00:00+06:00,2026-02-01T14:00:00+06:00,2026-02-01T08:00:00Z,T2,14,2026-01-31T06:00:00Z,26,6,dayahead,,0.156198,,False,mos-logistic-v0,start
2026-01-31T18:00:00Z,2026-02-01T00:00:00+06:00,2026-02-01T15:00:00+06:00,2026-02-01T09:00:00Z,T2,15,2026-01-31T06:00:00Z,27,6,dayahead,,0.168516,,False,mos-logistic-v0,start
2026-01-31T18:00:00Z,2026-02-01T00:00:00+06:00,2026-02-01T16:00:00+06:00,2026-02-01T10:00:00Z,T2,16,2026-01-31T06:00:00Z,28,6,dayahead,,0.174458,,False,mos-logistic-v0,start
2026-01-31T18:00:00Z,2026-02-01T00:00:00+06:00,2026-02-01T17:00:00+06:00,2026-02-01T11:00:00Z,T2,17,2026-01-31T06:00:00Z,29,6,dayahead,,0.356067,,False,mos-logistic-v0,start
2026-01-31T18:00:00Z,2026-02-01T00:00:00+06:00,2026-02-01T18:00:00+06:00,2026-02-01T12:00:00Z,T2,18,2026-01-31T06:00:00Z,30,6,dayahead,,0.375467,,False,mos-logistic-v0,start
2026-01-31T18:00:00Z,2026-02-01T00:00:00+06:00,2026-02-01T19:00:00+06:00,2026-02-01T13:00:00Z,T2,19,2026-01-31T06:00:00Z,31,6,dayahead,,0.396943,,False,mos-logistic-v0,start
2026-01-31T18:00:00Z,2026-02-01T00:00:00+06:00,2026-02-01T20:00:00+06:00,2026-02-01T14:00:00Z,T2,20,2026-01-31T06:00:00Z,32,6,dayahead,,0.427329,,False,mos-logistic-v0,start
2026-01-31T18:00:00Z,2026-02-01T00:00:00+06:00,2026-02-01T21:00:00+06:00,2026-02-01T15:00:00Z,T2,21,2026-01-31T06:00:00Z,33,6,dayahead,,0.468673,,False,mos-logistic-v0,start
2026-01-31T18:00:00Z,2026-02-01T00:00:00+06:00,2026-02-01T22:00:00+06:00,2026-02-01T16:00:00Z,T2,22,2026-01-31T06:00:00Z,34,6,dayahead,,0.449635,,False,mos-logistic-v0,start
2026-01-31T18:00:00Z,2026-02-01T00:00:00+06:00,2026-02-01T23:00:00+06:00,2026-02-01T17:00:00Z,T2,23,2026-01-31T06:00:00Z,35,6,dayahead,,0.453087,,False,mos-logistic-v0,start
2026-01-31T18:00:00Z,2026-02-01T00:00:00+06:00,2026-02-02T00:00:00+06:00,2026-02-01T18:00:00Z,T2,24,2026-01-31T06:00:00Z,36,6,dayahead,,0.434166,,False,mos-logistic-v0,start
2026-01-31T18:00:00Z,2026-02-01T00:00:00+06:00,2026-02-02T01:00:00+06:00,2026-02-01T19:00:00Z,T2,25,2026-01-31T06:00:00Z,37,6,dayahead,,0.437593,,False,mos-logistic-v0,start
2026-01-31T18:00:00Z,2026-02-01T00:00:00+06:00,2026-02-02T02:00:00+06:00,2026-02-01T20:00:00Z,T2,26,2026-01-31T06:00:00Z,38,6,dayahead,,0.456544,,False,mos-logistic-v0,start
2026-01-31T18:00:00Z,2026-02-01T00:00:00+06:00,2026-02-02T03:00:00+06:00,2026-02-01T21:00:00Z,T2,27,2026-01-31T06:00:00Z,39,6,dayahead,,0.475621,,False,mos-logistic-v0,start
2026-01-31T18:00:00Z,2026-02-01T00:00:00+06:00,2026-02-02T04:00:00+06:00,2026-02-01T22:00:00Z,T2,28,2026-01-31T06:00:00Z,40,6,dayahead,,0.46347,,False,mos-logistic-v0,start
2026-01-31T18:00:00Z,2026-02-01T00:00:00+06:00,2026-02-02T05:00:00+06:00,2026-02-01T23:00:00Z,T2,29,2026-01-31T06:00:00Z,41,6,dayahead,,0.475621,,False,mos-logistic-v0,start
2026-01-31T18:00:00Z,2026-02-01T00:00:00+06:00,2026-02-02T06:00:00+06:00,2026-02-02T00:00:00Z,T2,30,2026-01-31T06:00:00Z,42,6,dayahead,,0.505225,,False,mos-logistic-v0,start
2026-01-31T18:00:00Z,2026-02-01T00:00:00+06:00,2026-02-02T07:00:00+06:00,2026-02-02T01:00:00Z,T2,31,2026-01-31T06:00:00Z,43,6,dayahead,,0.520896,,False,mos-logistic-v0,start
2026-01-31T18:00:00Z,2026-02-01T00:00:00+06:00,2026-02-02T08:00:00+06:00,2026-02-02T02:00:00Z,T2,32,2026-01-31T06:00:00Z,44,6,dayahead,,0.505225,,False,mos-logistic-v0,start
2026-01-31T18:00:00Z,2026-02-01T00:00:00+06:00,2026-02-02T09:00:00+06:00,2026-02-02T03:00:00Z,T2,33,2026-01-31T06:00:00Z,45,6,dayahead,,0.479099,,False,mos-logistic-v0,start
2026-01-31T18:00:00Z,2026-02-01T00:00:00+06:00,2026-02-02T10:00:00+06:00,2026-02-02T04:00:00Z,T2,34,2026-01-31T06:00:00Z,46,6,dayahead,,0.616321,,False,mos-logistic-v0,start
2026-01-31T18:00:00Z,2026-02-01T00:00:00+06:00,2026-02-02T11:00:00+06:00,2026-02-02T05:00:00Z,T2,35,2026-01-31T06:00:00Z,47,6,dayahead,,0.489544,,False,mos-logistic-v0,start
2026-01-31T18:00:00Z,2026-02-01T00:00:00+06:00,2026-02-02T12:00:00+06:00,2026-02-02T06:00:00Z,T2,36,2026-01-31T06:00:00Z,48,6,dayahead,,0.631043,,False,mos-logistic-v0,start
2026-01-31T18:00:00Z,2026-02-01T00:00:00+06:00,2026-02-02T13:00:00+06:00,2026-02-02T07:00:00Z,T2,37,2026-01-31T06:00:00Z,49,6,dayahead,,0.760794,,False,mos-logistic-v0,start
2026-01-31T18:00:00Z,2026-02-01T00:00:00+06:00,2026-02-02T14:00:00+06:00,2026-02-02T08:00:00Z,T2,38,2026-01-31T06:00:00Z,50,6,dayahead,,0.848338,,False,mos-logistic-v0,start
2026-01-31T18:00:00Z,2026-02-01T00:00:00+06:00,2026-02-02T15:00:00+06:00,2026-02-02T09:00:00Z,T2,39,2026-01-31T06:00:00Z,51,6,dayahead,,0.832456,,False,mos-logistic-v0,start
2026-01-31T18:00:00Z,2026-02-01T00:00:00+06:00,2026-02-02T16:00:00+06:00,2026-02-02T10:00:00Z,T2,40,2026-01-31T06:00:00Z,52,6,dayahead,,0.656609,,False,mos-logistic-v0,start
2026-01-31T18:00:00Z,2026-02-01T00:00:00+06:00,2026-02-02T17:00:00+06:00,2026-02-02T11:00:00Z,T2,41,2026-01-31T06:00:00Z,53,6,dayahead,,0.165607,,False,mos-logistic-v0,start
2026-01-31T18:00:00Z,2026-02-01T00:00:00+06:00,2026-02-02T18:00:00+06:00,2026-02-02T12:00:00Z,T2,42,2026-01-31T06:00:00Z,54,6,dayahead,,0.0379,,False,mos-logistic-v0,start
2026-01-31T18:00:00Z,2026-02-01T00:00:00+06:00,2026-02-02T19:00:00+06:00,2026-02-02T13:00:00Z,T2,43,2026-01-31T06:00:00Z,55,6,dayahead,,0.064371,,False,mos-logistic-v0,start
2026-01-31T18:00:00Z,2026-02-01T00:00:00+06:00,2026-02-02T20:00:00+06:00,2026-02-02T14:00:00Z,T2,44,2026-01-31T06:00:00Z,56,6,dayahead,,0.205507,,False,mos-logistic-v0,start
2026-01-31T18:00:00Z,2026-02-01T00:00:00+06:00,2026-02-02T21:00:00+06:00,2026-02-02T15:00:00Z,T2,45,2026-01-31T06:00:00Z,57,6,dayahead,,0.198763,,False,mos-logistic-v0,start
2026-01-31T18:00:00Z,2026-02-01T00:00:00+06:00,2026-02-02T22:00:00+06:00,2026-02-02T16:00:00Z,T2,46,2026-01-31T06:00:00Z,58,6,dayahead,,0.230436,,False,mos-logistic-v0,start
2026-01-31T18:00:00Z,2026-02-01T00:00:00+06:00,2026-02-02T23:00:00+06:00,2026-02-02T17:00:00Z,T2,47,2026-01-31T06:00:00Z,59,6,dayahead,,0.165607,,False,mos-logistic-v0,start
2026-02-01T18:00:00Z,2026-02-02T00:00:00+06:00,2026-02-02T00:00:00+06:00,2026-02-01T18:00:00Z,T1,0,2026-02-01T06:00:00Z,12,6,dayahead,,0.417127,,False,mos-logistic-v0,start
2026-02-01T18:00:00Z,2026-02-02T00:00:00+06:00,2026-02-02T01:00:00+06:00,2026-02-01T19:00:00Z,T1,1,2026-02-01T06:00:00Z,13,6,dayahead,,0.451361,,False,mos-logistic-v0,start
2026-02-01T18:00:00Z,2026-02-02T00:00:00+06:00,2026-02-02T02:00:00+06:00,2026-02-01T20:00:00Z,T1,2,2026-02-01T06:00:00Z,14,6,dayahead,,0.447911,,False,mos-logistic-v0,start
2026-02-01T18:00:00Z,2026-02-02T00:00:00+06:00,2026-02-02T03:00:00+06:00,2026-02-01T21:00:00Z,T1,3,2026-02-01T06:00:00Z,15,6,dayahead,,0.398613,,False,mos-logistic-v0,start
2026-02-01T18:00:00Z,2026-02-02T00:00:00+06:00,2026-02-02T04:00:00+06:00,2026-02-01T22:00:00Z,T1,4,2026-02-01T06:00:00Z,16,6,dayahead,,0.441027,,False,mos-logistic-v0,start
2026-02-01T18:00:00Z,2026-02-02T00:00:00+06:00,2026-02-02T05:00:00+06:00,2026-02-01T23:00:00Z,T1,5,2026-02-01T06:00:00Z,17,6,dayahead,,0.517416,,False,mos-logistic-v0,start
2026-02-01T18:00:00Z,2026-02-02T00:00:00+06:00,2026-02-02T06:00:00+06:00,2026-02-02T00:00:00Z,T1,6,2026-02-01T06:00:00Z,18,6,dayahead,,0.541722,,False,mos-logistic-v0,start
2026-02-01T18:00:00Z,2026-02-02T00:00:00+06:00,2026-02-02T07:00:00+06:00,2026-02-02T01:00:00Z,T1,7,2026-02-01T06:00:00Z,19,6,dayahead,,0.576074,,False,mos-logistic-v0,start
2026-02-01T18:00:00Z,2026-02-02T00:00:00+06:00,2026-02-02T08:00:00+06:00,2026-02-02T02:00:00Z,T1,8,2026-02-01T06:00:00Z,20,6,dayahead,,0.606385,,False,mos-logistic-v0,start
2026-02-01T18:00:00Z,2026-02-02T00:00:00+06:00,2026-02-02T09:00:00+06:00,2026-02-02T03:00:00Z,T1,9,2026-02-01T06:00:00Z,21,6,dayahead,,0.616321,,False,mos-logistic-v0,start
2026-02-01T18:00:00Z,2026-02-02T00:00:00+06:00,2026-02-02T10:00:00+06:00,2026-02-02T04:00:00Z,T1,10,2026-02-01T06:00:00Z,22,6,dayahead,,0.719294,,False,mos-logistic-v0,start
2026-02-01T18:00:00Z,2026-02-02T00:00:00+06:00,2026-02-02T11:00:00+06:00,2026-02-02T05:00:00Z,T1,11,2026-02-01T06:00:00Z,23,6,dayahead,,0.548635,,False,mos-logistic-v0,start
2026-02-01T18:00:00Z,2026-02-02T00:00:00+06:00,2026-02-02T12:00:00+06:00,2026-02-02T06:00:00Z,T1,12,2026-02-01T06:00:00Z,24,6,dayahead,,0.621254,,False,mos-logistic-v0,start
2026-02-01T18:00:00Z,2026-02-02T00:00:00+06:00,2026-02-02T13:00:00+06:00,2026-02-02T07:00:00Z,T1,13,2026-02-01T06:00:00Z,25,6,dayahead,,0.68582,,False,mos-logistic-v0,start
2026-02-01T18:00:00Z,2026-02-02T00:00:00+06:00,2026-02-02T14:00:00+06:00,2026-02-02T08:00:00Z,T1,14,2026-02-01T06:00:00Z,26,6,dayahead,,0.742587,,False,mos-logistic-v0,start
2026-02-01T18:00:00Z,2026-02-02T00:00:00+06:00,2026-02-02T15:00:00+06:00,2026-02-02T09:00:00Z,T1,15,2026-02-01T06:00:00Z,27,6,dayahead,,0.770794,,False,mos-logistic-v0,start
2026-02-01T18:00:00Z,2026-02-02T00:00:00+06:00,2026-02-02T16:00:00+06:00,2026-02-02T10:00:00Z,T1,16,2026-02-01T06:00:00Z,28,6,dayahead,,0.712204,,False,mos-logistic-v0,start
2026-02-01T18:00:00Z,2026-02-02T00:00:00+06:00,2026-02-02T17:00:00+06:00,2026-02-02T11:00:00Z,T1,17,2026-02-01T06:00:00Z,29,6,dayahead,,0.679782,,False,mos-logistic-v0,start
2026-02-01T18:00:00Z,2026-02-02T00:00:00+06:00,2026-02-02T18:00:00+06:00,2026-02-02T12:00:00Z,T1,18,2026-02-01T06:00:00Z,30,6,dayahead,,0.385324,,False,mos-logistic-v0,start
2026-02-01T18:00:00Z,2026-02-02T00:00:00+06:00,2026-02-02T19:00:00+06:00,2026-02-02T13:00:00Z,T1,19,2026-02-01T06:00:00Z,31,6,dayahead,,0.11134,,False,mos-logistic-v0,start
2026-02-01T18:00:00Z,2026-02-02T00:00:00+06:00,2026-02-02T20:00:00+06:00,2026-02-02T14:00:00Z,T1,20,2026-02-01T06:00:00Z,32,6,dayahead,,0.072353,,False,mos-logistic-v0,start
2026-02-01T18:00:00Z,2026-02-02T00:00:00+06:00,2026-02-02T21:00:00+06:00,2026-02-02T15:00:00Z,T1,21,2026-02-01T06:00:00Z,33,6,dayahead,,0.031818,,False,mos-logistic-v0,start
2026-02-01T18:00:00Z,2026-02-02T00:00:00+06:00,2026-02-02T22:00:00+06:00,2026-02-02T16:00:00Z,T1,22,2026-02-01T06:00:00Z,34,6,dayahead,,0.040525,,False,mos-logistic-v0,start
2026-02-01T18:00:00Z,2026-02-02T00:00:00+06:00,2026-02-02T23:00:00+06:00,2026-02-02T17:00:00Z,T1,23,2026-02-01T06:00:00Z,35,6,dayahead,,0.046615,,False,mos-logistic-v0,start
2026-02-01T18:00:00Z,2026-02-02T00:00:00+06:00,2026-02-03T00:00:00+06:00,2026-02-02T18:00:00Z,T1,24,2026-02-01T06:00:00Z,36,6,dayahead,,0.084956,,False,mos-logistic-v0,start
2026-02-01T18:00:00Z,2026-02-02T00:00:00+06:00,2026-02-03T01:00:00+06:00,2026-02-02T19:00:00Z,T1,25,2026-02-01T06:00:00Z,37,6,dayahead,,0.17749,,False,mos-logistic-v0,start
2026-02-01T18:00:00Z,2026-02-02T00:00:00+06:00,2026-02-03T02:00:00+06:00,2026-02-02T20:00:00Z,T1,26,2026-02-01T06:00:00Z,38,6,dayahead,,0.296439,,False,mos-logistic-v0,start
2026-02-01T18:00:00Z,2026-02-02T00:00:00+06:00,2026-02-03T03:00:00+06:00,2026-02-02T21:00:00Z,T1,27,2026-02-01T06:00:00Z,39,6,dayahead,,0.435879,,False,mos-logistic-v0,start
2026-02-01T18:00:00Z,2026-02-02T00:00:00+06:00,2026-02-03T04:00:00+06:00,2026-02-02T22:00:00Z,T1,28,2026-02-01T06:00:00Z,40,6,dayahead,,0.466938,,False,mos-logistic-v0,start
2026-02-01T18:00:00Z,2026-02-02T00:00:00+06:00,2026-02-03T05:00:00+06:00,2026-02-02T23:00:00Z,T1,29,2026-02-01T06:00:00Z,41,6,dayahead,,0.365713,,False,mos-logistic-v0,start
2026-02-01T18:00:00Z,2026-02-02T00:00:00+06:00,2026-02-03T06:00:00+06:00,2026-02-03T00:00:00Z,T1,30,2026-02-01T06:00:00Z,42,6,dayahead,,0.269582,,False,mos-logistic-v0,start
2026-02-01T18:00:00Z,2026-02-02T00:00:00+06:00,2026-02-03T07:00:00+06:00,2026-02-03T01:00:00Z,T1,31,2026-02-01T06:00:00Z,43,6,dayahead,,0.323256,,False,mos-logistic-v0,start
2026-02-01T18:00:00Z,2026-02-02T00:00:00+06:00,2026-02-03T08:00:00+06:00,2026-02-03T02:00:00Z,T1,32,2026-02-01T06:00:00Z,44,6,dayahead,,0.305235,,False,mos-logistic-v0,start
2026-02-01T18:00:00Z,2026-02-02T00:00:00+06:00,2026-02-03T09:00:00+06:00,2026-02-03T03:00:00Z,T1,33,2026-02-01T06:00:00Z,45,6,dayahead,,0.019508,,False,mos-logistic-v0,start
2026-02-01T18:00:00Z,2026-02-02T00:00:00+06:00,2026-02-03T10:00:00+06:00,2026-02-03T04:00:00Z,T1,34,2026-02-01T06:00:00Z,46,6,dayahead,,0.043613,,False,mos-logistic-v0,start
2026-02-01T18:00:00Z,2026-02-02T00:00:00+06:00,2026-02-03T11:00:00+06:00,2026-02-03T05:00:00Z,T1,35,2026-02-01T06:00:00Z,47,6,dayahead,,0.037647,,False,mos-logistic-v0,start
2026-02-01T18:00:00Z,2026-02-02T00:00:00+06:00,2026-02-03T12:00:00+06:00,2026-02-03T06:00:00Z,T1,36,2026-02-01T06:00:00Z,48,6,dayahead,,0.130574,,False,mos-logistic-v0,start
2026-02-01T18:00:00Z,2026-02-02T00:00:00+06:00,2026-02-03T13:00:00+06:00,2026-02-03T07:00:00Z,T1,37,2026-02-01T06:00:00Z,49,6,dayahead,,0.122113,,False,mos-logistic-v0,start
2026-02-01T18:00:00Z,2026-02-02T00:00:00+06:00,2026-02-03T14:00:00+06:00,2026-02-03T08:00:00Z,T1,38,2026-02-01T06:00:00Z,50,6,dayahead,,0.059513,,False,mos-logistic-v0,start
2026-02-01T18:00:00Z,2026-02-02T00:00:00+06:00,2026-02-03T15:00:00+06:00,2026-02-03T09:00:00Z,T1,39,2026-02-01T06:00:00Z,51,6,dayahead,,0.079692,,False,mos-logistic-v0,start
2026-02-01T18:00:00Z,2026-02-02T00:00:00+06:00,2026-02-03T16:00:00+06:00,2026-02-03T10:00:00Z,T1,40,2026-02-01T06:00:00Z,52,6,dayahead,,0.241748,,False,mos-logistic-v0,start
2026-02-01T18:00:00Z,2026-02-02T00:00:00+06:00,2026-02-03T17:00:00+06:00,2026-02-03T11:00:00Z,T1,41,2026-02-01T06:00:00Z,53,6,dayahead,,0.225529,,False,mos-logistic-v0,start
2026-02-01T18:00:00Z,2026-02-02T00:00:00+06:00,2026-02-03T18:00:00+06:00,2026-02-03T12:00:00Z,T1,42,2026-02-01T06:00:00Z,54,6,dayahead,,0.268212,,False,mos-logistic-v0,start
2026-02-01T18:00:00Z,2026-02-02T00:00:00+06:00,2026-02-03T19:00:00+06:00,2026-02-03T13:00:00Z,T1,43,2026-02-01T06:00:00Z,55,6,dayahead,,0.491286,,False,mos-logistic-v0,start
2026-02-01T18:00:00Z,2026-02-02T00:00:00+06:00,2026-02-03T20:00:00+06:00,2026-02-03T14:00:00Z,T1,44,2026-02-01T06:00:00Z,56,6,dayahead,,0.591316,,False,mos-logistic-v0,start
2026-02-01T18:00:00Z,2026-02-02T00:00:00+06:00,2026-02-03T21:00:00+06:00,2026-02-03T15:00:00Z,T1,45,2026-02-01T06:00:00Z,57,6,dayahead,,0.520896,,False,mos-logistic-v0,start
2026-02-01T18:00:00Z,2026-02-02T00:00:00+06:00,2026-02-03T22:00:00+06:00,2026-02-03T16:00:00Z,T1,46,2026-02-01T06:00:00Z,58,6,dayahead,,0.382028,,False,mos-logistic-v0,start
2026-02-01T18:00:00Z,2026-02-02T00:00:00+06:00,2026-02-03T23:00:00+06:00,2026-02-03T17:00:00Z,T1,47,2026-02-01T06:00:00Z,59,6,dayahead,,0.343387,,False,mos-logistic-v0,start
2026-02-01T18:00:00Z,2026-02-02T00:00:00+06:00,2026-02-02T00:00:00+06:00,2026-02-01T18:00:00Z,T2,0,2026-02-01T06:00:00Z,12,6,dayahead,,0.417127,,False,mos-logistic-v0,start
2026-02-01T18:00:00Z,2026-02-02T00:00:00+06:00,2026-02-02T01:00:00+06:00,2026-02-01T19:00:00Z,T2,1,2026-02-01T06:00:00Z,13,6,dayahead,,0.451361,,False,mos-logistic-v0,start
2026-02-01T18:00:00Z,2026-02-02T00:00:00+06:00,2026-02-02T02:00:00+06:00,2026-02-01T20:00:00Z,T2,2,2026-02-01T06:00:00Z,14,6,dayahead,,0.447911,,False,mos-logistic-v0,start
2026-02-01T18:00:00Z,2026-02-02T00:00:00+06:00,2026-02-02T03:00:00+06:00,2026-02-01T21:00:00Z,T2,3,2026-02-01T06:00:00Z,15,6,dayahead,,0.398613,,False,mos-logistic-v0,start
2026-02-01T18:00:00Z,2026-02-02T00:00:00+06:00,2026-02-02T04:00:00+06:00,2026-02-01T22:00:00Z,T2,4,2026-02-01T06:00:00Z,16,6,dayahead,,0.441027,,False,mos-logistic-v0,start
2026-02-01T18:00:00Z,2026-02-02T00:00:00+06:00,2026-02-02T05:00:00+06:00,2026-02-01T23:00:00Z,T2,5,2026-02-01T06:00:00Z,17,6,dayahead,,0.517416,,False,mos-logistic-v0,start
2026-02-01T18:00:00Z,2026-02-02T00:00:00+06:00,2026-02-02T06:00:00+06:00,2026-02-02T00:00:00Z,T2,6,2026-02-01T06:00:00Z,18,6,dayahead,,0.541722,,False,mos-logistic-v0,start
2026-02-01T18:00:00Z,2026-02-02T00:00:00+06:00,2026-02-02T07:00:00+06:00,2026-02-02T01:00:00Z,T2,7,2026-02-01T06:00:00Z,19,6,dayahead,,0.576074,,False,mos-logistic-v0,start
2026-02-01T18:00:00Z,2026-02-02T00:00:00+06:00,2026-02-02T08:00:00+06:00,2026-02-02T02:00:00Z,T2,8,2026-02-01T06:00:00Z,20,6,dayahead,,0.606385,,False,mos-logistic-v0,start
2026-02-01T18:00:00Z,2026-02-02T00:00:00+06:00,2026-02-02T09:00:00+06:00,2026-02-02T03:00:00Z,T2,9,2026-02-01T06:00:00Z,21,6,dayahead,,0.616321,,False,mos-logistic-v0,start
2026-02-01T18:00:00Z,2026-02-02T00:00:00+06:00,2026-02-02T10:00:00+06:00,2026-02-02T04:00:00Z,T2,10,2026-02-01T06:00:00Z,22,6,dayahead,,0.719294,,False,mos-logistic-v0,start
2026-02-01T18:00:00Z,2026-02-02T00:00:00+06:00,2026-02-02T11:00:00+06:00,2026-02-02T05:00:00Z,T2,11,2026-02-01T06:00:00Z,23,6,dayahead,,0.548635,,False,mos-logistic-v0,start
2026-02-01T18:00:00Z,2026-02-02T00:00:00+06:00,2026-02-02T12:00:00+06:00,2026-02-02T06:00:00Z,T2,12,2026-02-01T06:00:00Z,24,6,dayahead,,0.621254,,False,mos-logistic-v0,start
2026-02-01T18:00:00Z,2026-02-02T00:00:00+06:00,2026-02-02T13:00:00+06:00,2026-02-02T07:00:00Z,T2,13,2026-02-01T06:00:00Z,25,6,dayahead,,0.68582,,False,mos-logistic-v0,start
2026-02-01T18:00:00Z,2026-02-02T00:00:00+06:00,2026-02-02T14:00:00+06:00,2026-02-02T08:00:00Z,T2,14,2026-02-01T06:00:00Z,26,6,dayahead,,0.742587,,False,mos-logistic-v0,start
2026-02-01T18:00:00Z,2026-02-02T00:00:00+06:00,2026-02-02T15:00:00+06:00,2026-02-02T09:00:00Z,T2,15,2026-02-01T06:00:00Z,27,6,dayahead,,0.770794,,False,mos-logistic-v0,start
2026-02-01T18:00:00Z,2026-02-02T00:00:00+06:00,2026-02-02T16:00:00+06:00,2026-02-02T10:00:00Z,T2,16,2026-02-01T06:00:00Z,28,6,dayahead,,0.712204,,False,mos-logistic-v0,start
2026-02-01T18:00:00Z,2026-02-02T00:00:00+06:00,2026-02-02T17:00:00+06:00,2026-02-02T11:00:00Z,T2,17,2026-02-01T06:00:00Z,29,6,dayahead,,0.679782,,False,mos-logistic-v0,start
2026-02-01T18:00:00Z,2026-02-02T00:00:00+06:00,2026-02-02T18:00:00+06:00,2026-02-02T12:00:00Z,T2,18,2026-02-01T06:00:00Z,30,6,dayahead,,0.385324,,False,mos-logistic-v0,start
2026-02-01T18:00:00Z,2026-02-02T00:00:00+06:00,2026-02-02T19:00:00+06:00,2026-02-02T13:00:00Z,T2,19,2026-02-01T06:00:00Z,31,6,dayahead,,0.11134,,False,mos-logistic-v0,start
2026-02-01T18:00:00Z,2026-02-02T00:00:00+06:00,2026-02-02T20:00:00+06:00,2026-02-02T14:00:00Z,T2,20,2026-02-01T06:00:00Z,32,6,dayahead,,0.072353,,False,mos-logistic-v0,start
2026-02-01T18:00:00Z,2026-02-02T00:00:00+06:00,2026-02-02T21:00:00+06:00,2026-02-02T15:00:00Z,T2,21,2026-02-01T06:00:00Z,33,6,dayahead,,0.031818,,False,mos-logistic-v0,start
2026-02-01T18:00:00Z,2026-02-02T00:00:00+06:00,2026-02-02T22:00:00+06:00,2026-02-02T16:00:00Z,T2,22,2026-02-01T06:00:00Z,34,6,dayahead,,0.040525,,False,mos-logistic-v0,start
2026-02-01T18:00:00Z,2026-02-02T00:00:00+06:00,2026-02-02T23:00:00+06:00,2026-02-02T17:00:00Z,T2,23,2026-02-01T06:00:00Z,35,6,dayahead,,0.046615,,False,mos-logistic-v0,start
2026-02-01T18:00:00Z,2026-02-02T00:00:00+06:00,2026-02-03T00:00:00+06:00,2026-02-02T18:00:00Z,T2,24,2026-02-01T06:00:00Z,36,6,dayahead,,0.084956,,False,mos-logistic-v0,start
2026-02-01T18:00:00Z,2026-02-02T00:00:00+06:00,2026-02-03T01:00:00+06:00,2026-02-02T19:00:00Z,T2,25,2026-02-01T06:00:00Z,37,6,dayahead,,0.17749,,False,mos-logistic-v0,start
2026-02-01T18:00:00Z,2026-02-02T00:00:00+06:00,2026-02-03T02:00:00+06:00,2026-02-02T20:00:00Z,T2,26,2026-02-01T06:00:00Z,38,6,dayahead,,0.296439,,False,mos-logistic-v0,start
2026-02-01T18:00:00Z,2026-02-02T00:00:00+06:00,2026-02-03T03:00:00+06:00,2026-02-02T21:00:00Z,T2,27,2026-02-01T06:00:00Z,39,6,dayahead,,0.435879,,False,mos-logistic-v0,start
2026-02-01T18:00:00Z,2026-02-02T00:00:00+06:00,2026-02-03T04:00:00+06:00,2026-02-02T22:00:00Z,T2,28,2026-02-01T06:00:00Z,40,6,dayahead,,0.466938,,False,mos-logistic-v0,start
2026-02-01T18:00:00Z,2026-02-02T00:00:00+06:00,2026-02-03T05:00:00+06:00,2026-02-02T23:00:00Z,T2,29,2026-02-01T06:00:00Z,41,6,dayahead,,0.365713,,False,mos-logistic-v0,start
2026-02-01T18:00:00Z,2026-02-02T00:00:00+06:00,2026-02-03T06:00:00+06:00,2026-02-03T00:00:00Z,T2,30,2026-02-01T06:00:00Z,42,6,dayahead,,0.269582,,False,mos-logistic-v0,start
2026-02-01T18:00:00Z,2026-02-02T00:00:00+06:00,2026-02-03T07:00:00+06:00,2026-02-03T01:00:00Z,T2,31,2026-02-01T06:00:00Z,43,6,dayahead,,0.323256,,False,mos-logistic-v0,start
2026-02-01T18:00:00Z,2026-02-02T00:00:00+06:00,2026-02-03T08:00:00+06:00,2026-02-03T02:00:00Z,T2,32,2026-02-01T06:00:00Z,44,6,dayahead,,0.305235,,False,mos-logistic-v0,start
2026-02-01T18:00:00Z,2026-02-02T00:00:00+06:00,2026-02-03T09:00:00+06:00,2026-02-03T03:00:00Z,T2,33,2026-02-01T06:00:00Z,45,6,dayahead,,0.019508,,False,mos-logistic-v0,start
2026-02-01T18:00:00Z,2026-02-02T00:00:00+06:00,2026-02-03T10:00:00+06:00,2026-02-03T04:00:00Z,T2,34,2026-02-01T06:00:00Z,46,6,dayahead,,0.043613,,False,mos-logistic-v0,start
2026-02-01T18:00:00Z,2026-02-02T00:00:00+06:00,2026-02-03T11:00:00+06:00,2026-02-03T05:00:00Z,T2,35,2026-02-01T06:00:00Z,47,6,dayahead,,0.037647,,False,mos-logistic-v0,start
2026-02-01T18:00:00Z,2026-02-02T00:00:00+06:00,2026-02-03T12:00:00+06:00,2026-02-03T06:00:00Z,T2,36,2026-02-01T06:00:00Z,48,6,dayahead,,0.130574,,False,mos-logistic-v0,start
2026-02-01T18:00:00Z,2026-02-02T00:00:00+06:00,2026-02-03T13:00:00+06:00,2026-02-03T07:00:00Z,T2,37,2026-02-01T06:00:00Z,49,6,dayahead,,0.122113,,False,mos-logistic-v0,start
2026-02-01T18:00:00Z,2026-02-02T00:00:00+06:00,2026-02-03T14:00:00+06:00,2026-02-03T08:00:00Z,T2,38,2026-02-01T06:00:00Z,50,6,dayahead,,0.059513,,False,mos-logistic-v0,start
2026-02-01T18:00:00Z,2026-02-02T00:00:00+06:00,2026-02-03T15:00:00+06:00,2026-02-03T09:00:00Z,T2,39,2026-02-01T06:00:00Z,51,6,dayahead,,0.079692,,False,mos-logistic-v0,start
2026-02-01T18:00:00Z,2026-02-02T00:00:00+06:00,2026-02-03T16:00:00+06:00,2026-02-03T10:00:00Z,T2,40,2026-02-01T06:00:00Z,52,6,dayahead,,0.241748,,False,mos-logistic-v0,start
2026-02-01T18:00:00Z,2026-02-02T00:00:00+06:00,2026-02-03T17:00:00+06:00,2026-02-03T11:00:00Z,T2,41,2026-02-01T06:00:00Z,53,6,dayahead,,0.225529,,False,mos-logistic-v0,start
2026-02-01T18:00:00Z,2026-02-02T00:00:00+06:00,2026-02-03T18:00:00+06:00,2026-02-03T12:00:00Z,T2,42,2026-02-01T06:00:00Z,54,6,dayahead,,0.268212,,False,mos-logistic-v0,start
2026-02-01T18:00:00Z,2026-02-02T00:00:00+06:00,2026-02-03T19:00:00+06:00,2026-02-03T13:00:00Z,T2,43,2026-02-01T06:00:00Z,55,6,dayahead,,0.491286,,False,mos-logistic-v0,start
2026-02-01T18:00:00Z,2026-02-02T00:00:00+06:00,2026-02-03T20:00:00+06:00,2026-02-03T14:00:00Z,T2,44,2026-02-01T06:00:00Z,56,6,dayahead,,0.591316,,False,mos-logistic-v0,start
2026-02-01T18:00:00Z,2026-02-02T00:00:00+06:00,2026-02-03T21:00:00+06:00,2026-02-03T15:00:00Z,T2,45,2026-02-01T06:00:00Z,57,6,dayahead,,0.520896,,False,mos-logistic-v0,start
2026-02-01T18:00:00Z,2026-02-02T00:00:00+06:00,2026-02-03T22:00:00+06:00,2026-02-03T16:00:00Z,T2,46,2026-02-01T06:00:00Z,58,6,dayahead,,0.382028,,False,mos-logistic-v0,start
2026-02-01T18:00:00Z,2026-02-02T00:00:00+06:00,2026-02-03T23:00:00+06:00,2026-02-03T17:00:00Z,T2,47,2026-02-01T06:00:00Z,59,6,dayahead,,0.343387,,False,mos-logistic-v0,start
2026-02-02T18:00:00Z,2026-02-03T00:00:00+06:00,2026-02-03T00:00:00+06:00,2026-02-02T18:00:00Z,T1,0,2026-02-02T06:00:00Z,12,6,dayahead,,0.253433,,False,mos-logistic-v0,start
2026-02-02T18:00:00Z,2026-02-03T00:00:00+06:00,2026-02-03T01:00:00+06:00,2026-02-02T19:00:00Z,T1,1,2026-02-02T06:00:00Z,13,6,dayahead,,0.249497,,False,mos-logistic-v0,start
2026-02-02T18:00:00Z,2026-02-03T00:00:00+06:00,2026-02-03T02:00:00+06:00,2026-02-02T20:00:00Z,T1,2,2026-02-02T06:00:00Z,14,6,dayahead,,0.391948,,False,mos-logistic-v0,start
2026-02-02T18:00:00Z,2026-02-03T00:00:00+06:00,2026-02-03T03:00:00+06:00,2026-02-02T21:00:00Z,T1,3,2026-02-02T06:00:00Z,15,6,dayahead,,0.482579,,False,mos-logistic-v0,start
2026-02-02T18:00:00Z,2026-02-03T00:00:00+06:00,2026-02-03T04:00:00+06:00,2026-02-02T22:00:00Z,T1,4,2026-02-02T06:00:00Z,16,6,dayahead,,0.541722,,False,mos-logistic-v0,start
2026-02-02T18:00:00Z,2026-02-03T00:00:00+06:00,2026-02-03T05:00:00+06:00,2026-02-02T23:00:00Z,T1,5,2026-02-02T06:00:00Z,17,6,dayahead,,0.460005,,False,mos-logistic-v0,start
2026-02-02T18:00:00Z,2026-02-03T00:00:00+06:00,2026-02-03T06:00:00+06:00,2026-02-03T00:00:00Z,T1,6,2026-02-02T06:00:00Z,18,6,dayahead,,0.398613,,False,mos-logistic-v0,start
2026-02-02T18:00:00Z,2026-02-03T00:00:00+06:00,2026-02-03T07:00:00+06:00,2026-02-03T01:00:00Z,T1,7,2026-02-02T06:00:00Z,19,6,dayahead,,0.290658,,False,mos-logistic-v0,start
2026-02-02T18:00:00Z,2026-02-03T00:00:00+06:00,2026-02-03T08:00:00+06:00,2026-02-03T02:00:00Z,T1,8,2026-02-02T06:00:00Z,20,6,dayahead,,0.158044,,False,mos-logistic-v0,start
2026-02-02T18:00:00Z,2026-02-03T00:00:00+06:00,2026-02-03T09:00:00+06:00,2026-02-03T03:00:00Z,T1,9,2026-02-02T06:00:00Z,21,6,dayahead,,0.041623,,False,mos-logistic-v0,start
2026-02-02T18:00:00Z,2026-02-03T00:00:00+06:00,2026-02-03T10:00:00+06:00,2026-02-03T04:00:00Z,T1,10,2026-02-02T06:00:00Z,22,6,dayahead,,0.107269,,False,mos-logistic-v0,start
2026-02-02T18:00:00Z,2026-02-03T00:00:00+06:00,2026-02-03T11:00:00+06:00,2026-02-03T05:00:00Z,T1,11,2026-02-02T06:00:00Z,23,6,dayahead,,0.09227,,False,mos-logistic-v0,start
2026-02-02T18:00:00Z,2026-02-03T00:00:00+06:00,2026-02-03T12:00:00+06:00,2026-02-03T06:00:00Z,T1,12,2026-02-02T06:00:00Z,24,6,dayahead,,0.262775,,False,mos-logistic-v0,start
2026-02-02T18:00:00Z,2026-02-03T00:00:00+06:00,2026-02-03T13:00:00+06:00,2026-02-03T07:00:00Z,T1,13,2026-02-02T06:00:00Z,25,6,dayahead,,0.231675,,False,mos-logistic-v0,start
2026-02-02T18:00:00Z,2026-02-03T00:00:00+06:00,2026-02-03T14:00:00+06:00,2026-02-03T08:00:00Z,T1,14,2026-02-02T06:00:00Z,26,6,dayahead,,0.086046,,False,mos-logistic-v0,start
2026-02-02T18:00:00Z,2026-02-03T00:00:00+06:00,2026-02-03T15:00:00+06:00,2026-02-03T09:00:00Z,T1,15,2026-02-02T06:00:00Z,27,6,dayahead,,0.088827,,False,mos-logistic-v0,start
2026-02-02T18:00:00Z,2026-02-03T00:00:00+06:00,2026-02-03T16:00:00+06:00,2026-02-03T10:00:00Z,T1,16,2026-02-02T06:00:00Z,28,6,dayahead,,0.054639,,False,mos-logistic-v0,start
2026-02-02T18:00:00Z,2026-02-03T00:00:00+06:00,2026-02-03T17:00:00+06:00,2026-02-03T11:00:00Z,T1,17,2026-02-02T06:00:00Z,29,6,dayahead,,0.088827,,False,mos-logistic-v0,start
2026-02-02T18:00:00Z,2026-02-03T00:00:00+06:00,2026-02-03T18:00:00+06:00,2026-02-03T12:00:00Z,T1,18,2026-02-02T06:00:00Z,30,6,dayahead,,0.157119,,False,mos-logistic-v0,start
2026-02-02T18:00:00Z,2026-02-03T00:00:00+06:00,2026-02-03T19:00:00+06:00,2026-02-03T13:00:00Z,T1,19,2026-02-02T06:00:00Z,31,6,dayahead,,0.405315,,False,mos-logistic-v0,start
2026-02-02T18:00:00Z,2026-02-03T00:00:00+06:00,2026-02-03T20:00:00+06:00,2026-02-03T14:00:00Z,T1,20,2026-02-02T06:00:00Z,32,6,dayahead,,0.862963,,False,mos-logistic-v0,start
2026-02-02T18:00:00Z,2026-02-03T00:00:00+06:00,2026-02-03T21:00:00+06:00,2026-02-03T15:00:00Z,T1,21,2026-02-02T06:00:00Z,33,6,dayahead,,0.809966,,False,mos-logistic-v0,start
2026-02-02T18:00:00Z,2026-02-03T00:00:00+06:00,2026-02-03T22:00:00+06:00,2026-02-03T16:00:00Z,T1,22,2026-02-02T06:00:00Z,34,6,dayahead,,0.643928,,False,mos-logistic-v0,start
2026-02-02T18:00:00Z,2026-02-03T00:00:00+06:00,2026-02-03T23:00:00+06:00,2026-02-03T17:00:00Z,T1,23,2026-02-02T06:00:00Z,35,6,dayahead,,0.393611,,False,mos-logistic-v0,start
2026-02-02T18:00:00Z,2026-02-03T00:00:00+06:00,2026-02-04T00:00:00+06:00,2026-02-03T18:00:00Z,T1,24,2026-02-02T06:00:00Z,36,6,dayahead,,0.46347,,False,mos-logistic-v0,start
2026-02-02T18:00:00Z,2026-02-03T00:00:00+06:00,2026-02-04T01:00:00+06:00,2026-02-03T19:00:00Z,T1,25,2026-02-02T06:00:00Z,37,6,dayahead,,0.539991,,False,mos-logistic-v0,start
2026-02-02T18:00:00Z,2026-02-03T00:00:00+06:00,2026-02-04T02:00:00+06:00,2026-02-03T20:00:00Z,T1,26,2026-02-02T06:00:00Z,38,6,dayahead,,0.510451,,False,mos-logistic-v0,start
2026-02-02T18:00:00Z,2026-02-03T00:00:00+06:00,2026-02-04T03:00:00+06:00,2026-02-03T21:00:00Z,T1,27,2026-02-02T06:00:00Z,39,6,dayahead,,0.472146,,False,mos-logistic-v0,start
2026-02-02T18:00:00Z,2026-02-03T00:00:00+06:00,2026-02-04T04:00:00+06:00,2026-02-03T22:00:00Z,T1,28,2026-02-02T06:00:00Z,40,6,dayahead,,0.382028,,False,mos-logistic-v0,start
2026-02-02T18:00:00Z,2026-02-03T00:00:00+06:00,2026-02-04T05:00:00+06:00,2026-02-03T23:00:00Z,T1,29,2026-02-02T06:00:00Z,41,6,dayahead,,0.302287,,False,mos-logistic-v0,start
2026-02-02T18:00:00Z,2026-02-03T00:00:00+06:00,2026-02-04T06:00:00+06:00,2026-02-04T00:00:00Z,T1,30,2026-02-02T06:00:00Z,42,6,dayahead,,0.296439,,False,mos-logistic-v0,start
2026-02-02T18:00:00Z,2026-02-03T00:00:00+06:00,2026-02-04T07:00:00+06:00,2026-02-04T01:00:00Z,T1,31,2026-02-02T06:00:00Z,43,6,dayahead,,0.334021,,False,mos-logistic-v0,start
2026-02-02T18:00:00Z,2026-02-03T00:00:00+06:00,2026-02-04T08:00:00+06:00,2026-02-04T02:00:00Z,T1,32,2026-02-02T06:00:00Z,44,6,dayahead,,0.486061,,False,mos-logistic-v0,start
2026-02-02T18:00:00Z,2026-02-03T00:00:00+06:00,2026-02-04T09:00:00+06:00,2026-02-04T03:00:00Z,T1,33,2026-02-02T06:00:00Z,45,6,dayahead,,0.661308,,False,mos-logistic-v0,start
2026-02-02T18:00:00Z,2026-02-03T00:00:00+06:00,2026-02-04T10:00:00+06:00,2026-02-04T04:00:00Z,T1,34,2026-02-02T06:00:00Z,46,6,dayahead,,0.579475,,False,mos-logistic-v0,start
2026-02-02T18:00:00Z,2026-02-03T00:00:00+06:00,2026-02-04T11:00:00+06:00,2026-02-04T05:00:00Z,T1,35,2026-02-02T06:00:00Z,47,6,dayahead,,0.437593,,False,mos-logistic-v0,start
2026-02-02T18:00:00Z,2026-02-03T00:00:00+06:00,2026-02-04T12:00:00+06:00,2026-02-04T06:00:00Z,T1,36,2026-02-02T06:00:00Z,48,6,dayahead,,0.283525,,False,mos-logistic-v0,start
2026-02-02T18:00:00Z,2026-02-03T00:00:00+06:00,2026-02-04T13:00:00+06:00,2026-02-04T07:00:00Z,T1,37,2026-02-02T06:00:00Z,49,6,dayahead,,0.148989,,False,mos-logistic-v0,start
2026-02-02T18:00:00Z,2026-02-03T00:00:00+06:00,2026-02-04T14:00:00+06:00,2026-02-04T08:00:00Z,T1,38,2026-02-02T06:00:00Z,50,6,dayahead,,0.137862,,False,mos-logistic-v0,start
2026-02-02T18:00:00Z,2026-02-03T00:00:00+06:00,2026-02-04T15:00:00+06:00,2026-02-04T09:00:00Z,T1,39,2026-02-02T06:00:00Z,51,6,dayahead,,0.184725,,False,mos-logistic-v0,start
2026-02-02T18:00:00Z,2026-02-03T00:00:00+06:00,2026-02-04T16:00:00+06:00,2026-02-04T10:00:00Z,T1,40,2026-02-02T06:00:00Z,52,6,dayahead,,0.164646,,False,mos-logistic-v0,start
2026-02-02T18:00:00Z,2026-02-03T00:00:00+06:00,2026-02-04T17:00:00+06:00,2026-02-04T11:00:00Z,T1,41,2026-02-02T06:00:00Z,53,6,dayahead,,0.105942,,False,mos-logistic-v0,start
2026-02-02T18:00:00Z,2026-02-03T00:00:00+06:00,2026-02-04T18:00:00+06:00,2026-02-04T12:00:00Z,T1,42,2026-02-02T06:00:00Z,54,6,dayahead,,0.077173,,False,mos-logistic-v0,start
2026-02-02T18:00:00Z,2026-02-03T00:00:00+06:00,2026-02-04T19:00:00+06:00,2026-02-04T13:00:00Z,T1,43,2026-02-02T06:00:00Z,55,6,dayahead,,0.03225,,False,mos-logistic-v0,start
2026-02-02T18:00:00Z,2026-02-03T00:00:00+06:00,2026-02-04T20:00:00+06:00,2026-02-04T14:00:00Z,T1,44,2026-02-02T06:00:00Z,56,6,dayahead,,0.044199,,False,mos-logistic-v0,start
2026-02-02T18:00:00Z,2026-02-03T00:00:00+06:00,2026-02-04T21:00:00+06:00,2026-02-04T15:00:00Z,T1,45,2026-02-02T06:00:00Z,57,6,dayahead,,0.46347,,False,mos-logistic-v0,start
2026-02-02T18:00:00Z,2026-02-03T00:00:00+06:00,2026-02-04T22:00:00+06:00,2026-02-04T16:00:00Z,T1,46,2026-02-02T06:00:00Z,58,6,dayahead,,0.582868,,False,mos-logistic-v0,start
2026-02-02T18:00:00Z,2026-02-03T00:00:00+06:00,2026-02-04T23:00:00+06:00,2026-02-04T17:00:00Z,T1,47,2026-02-02T06:00:00Z,59,6,dayahead,,0.624528,,False,mos-logistic-v0,start
2026-02-02T18:00:00Z,2026-02-03T00:00:00+06:00,2026-02-03T00:00:00+06:00,2026-02-02T18:00:00Z,T2,0,2026-02-02T06:00:00Z,12,6,dayahead,,0.253433,,False,mos-logistic-v0,start
2026-02-02T18:00:00Z,2026-02-03T00:00:00+06:00,2026-02-03T01:00:00+06:00,2026-02-02T19:00:00Z,T2,1,2026-02-02T06:00:00Z,13,6,dayahead,,0.249497,,False,mos-logistic-v0,start
2026-02-02T18:00:00Z,2026-02-03T00:00:00+06:00,2026-02-03T02:00:00+06:00,2026-02-02T20:00:00Z,T2,2,2026-02-02T06:00:00Z,14,6,dayahead,,0.391948,,False,mos-logistic-v0,start
2026-02-02T18:00:00Z,2026-02-03T00:00:00+06:00,2026-02-03T03:00:00+06:00,2026-02-02T21:00:00Z,T2,3,2026-02-02T06:00:00Z,15,6,dayahead,,0.482579,,False,mos-logistic-v0,start
2026-02-02T18:00:00Z,2026-02-03T00:00:00+06:00,2026-02-03T04:00:00+06:00,2026-02-02T22:00:00Z,T2,4,2026-02-02T06:00:00Z,16,6,dayahead,,0.541722,,False,mos-logistic-v0,start
2026-02-02T18:00:00Z,2026-02-03T00:00:00+06:00,2026-02-03T05:00:00+06:00,2026-02-02T23:00:00Z,T2,5,2026-02-02T06:00:00Z,17,6,dayahead,,0.460005,,False,mos-logistic-v0,start
2026-02-02T18:00:00Z,2026-02-03T00:00:00+06:00,2026-02-03T06:00:00+06:00,2026-02-03T00:00:00Z,T2,6,2026-02-02T06:00:00Z,18,6,dayahead,,0.398613,,False,mos-logistic-v0,start
2026-02-02T18:00:00Z,2026-02-03T00:00:00+06:00,2026-02-03T07:00:00+06:00,2026-02-03T01:00:00Z,T2,7,2026-02-02T06:00:00Z,19,6,dayahead,,0.290658,,False,mos-logistic-v0,start
2026-02-02T18:00:00Z,2026-02-03T00:00:00+06:00,2026-02-03T08:00:00+06:00,2026-02-03T02:00:00Z,T2,8,2026-02-02T06:00:00Z,20,6,dayahead,,0.158044,,False,mos-logistic-v0,start
2026-02-02T18:00:00Z,2026-02-03T00:00:00+06:00,2026-02-03T09:00:00+06:00,2026-02-03T03:00:00Z,T2,9,2026-02-02T06:00:00Z,21,6,dayahead,,0.041623,,False,mos-logistic-v0,start
2026-02-02T18:00:00Z,2026-02-03T00:00:00+06:00,2026-02-03T10:00:00+06:00,2026-02-03T04:00:00Z,T2,10,2026-02-02T06:00:00Z,22,6,dayahead,,0.107269,,False,mos-logistic-v0,start
2026-02-02T18:00:00Z,2026-02-03T00:00:00+06:00,2026-02-03T11:00:00+06:00,2026-02-03T05:00:00Z,T2,11,2026-02-02T06:00:00Z,23,6,dayahead,,0.09227,,False,mos-logistic-v0,start
2026-02-02T18:00:00Z,2026-02-03T00:00:00+06:00,2026-02-03T12:00:00+06:00,2026-02-03T06:00:00Z,T2,12,2026-02-02T06:00:00Z,24,6,dayahead,,0.262775,,False,mos-logistic-v0,start
2026-02-02T18:00:00Z,2026-02-03T00:00:00+06:00,2026-02-03T13:00:00+06:00,2026-02-03T07:00:00Z,T2,13,2026-02-02T06:00:00Z,25,6,dayahead,,0.231675,,False,mos-logistic-v0,start
2026-02-02T18:00:00Z,2026-02-03T00:00:00+06:00,2026-02-03T14:00:00+06:00,2026-02-03T08:00:00Z,T2,14,2026-02-02T06:00:00Z,26,6,dayahead,,0.086046,,False,mos-logistic-v0,start
2026-02-02T18:00:00Z,2026-02-03T00:00:00+06:00,2026-02-03T15:00:00+06:00,2026-02-03T09:00:00Z,T2,15,2026-02-02T06:00:00Z,27,6,dayahead,,0.088827,,False,mos-logistic-v0,start
2026-02-02T18:00:00Z,2026-02-03T00:00:00+06:00,2026-02-03T16:00:00+06:00,2026-02-03T10:00:00Z,T2,16,2026-02-02T06:00:00Z,28,6,dayahead,,0.054639,,False,mos-logistic-v0,start
2026-02-02T18:00:00Z,2026-02-03T00:00:00+06:00,2026-02-03T17:00:00+06:00,2026-02-03T11:00:00Z,T2,17,2026-02-02T06:00:00Z,29,6,dayahead,,0.088827,,False,mos-logistic-v0,start
2026-02-02T18:00:00Z,2026-02-03T00:00:00+06:00,2026-02-03T18:00:00+06:00,2026-02-03T12:00:00Z,T2,18,2026-02-02T06:00:00Z,30,6,dayahead,,0.157119,,False,mos-logistic-v0,start
2026-02-02T18:00:00Z,2026-02-03T00:00:00+06:00,2026-02-03T19:00:00+06:00,2026-02-03T13:00:00Z,T2,19,2026-02-02T06:00:00Z,31,6,dayahead,,0.405315,,False,mos-logistic-v0,start
2026-02-02T18:00:00Z,2026-02-03T00:00:00+06:00,2026-02-03T20:00:00+06:00,2026-02-03T14:00:00Z,T2,20,2026-02-02T06:00:00Z,32,6,dayahead,,0.862963,,False,mos-logistic-v0,start
2026-02-02T18:00:00Z,2026-02-03T00:00:00+06:00,2026-02-03T21:00:00+06:00,2026-02-03T15:00:00Z,T2,21,2026-02-02T06:00:00Z,33,6,dayahead,,0.809966,,False,mos-logistic-v0,start
2026-02-02T18:00:00Z,2026-02-03T00:00:00+06:00,2026-02-03T22:00:00+06:00,2026-02-03T16:00:00Z,T2,22,2026-02-02T06:00:00Z,34,6,dayahead,,0.643928,,False,mos-logistic-v0,start
2026-02-02T18:00:00Z,2026-02-03T00:00:00+06:00,2026-02-03T23:00:00+06:00,2026-02-03T17:00:00Z,T2,23,2026-02-02T06:00:00Z,35,6,dayahead,,0.393611,,False,mos-logistic-v0,start
2026-02-02T18:00:00Z,2026-02-03T00:00:00+06:00,2026-02-04T00:00:00+06:00,2026-02-03T18:00:00Z,T2,24,2026-02-02T06:00:00Z,36,6,dayahead,,0.46347,,False,mos-logistic-v0,start
2026-02-02T18:00:00Z,2026-02-03T00:00:00+06:00,2026-02-04T01:00:00+06:00,2026-02-03T19:00:00Z,T2,25,2026-02-02T06:00:00Z,37,6,dayahead,,0.539991,,False,mos-logistic-v0,start
2026-02-02T18:00:00Z,2026-02-03T00:00:00+06:00,2026-02-04T02:00:00+06:00,2026-02-03T20:00:00Z,T2,26,2026-02-02T06:00:00Z,38,6,dayahead,,0.510451,,False,mos-logistic-v0,start
2026-02-02T18:00:00Z,2026-02-03T00:00:00+06:00,2026-02-04T03:00:00+06:00,2026-02-03T21:00:00Z,T2,27,2026-02-02T06:00:00Z,39,6,dayahead,,0.472146,,False,mos-logistic-v0,start
2026-02-02T18:00:00Z,2026-02-03T00:00:00+06:00,2026-02-04T04:00:00+06:00,2026-02-03T22:00:00Z,T2,28,2026-02-02T06:00:00Z,40,6,dayahead,,0.382028,,False,mos-logistic-v0,start
2026-02-02T18:00:00Z,2026-02-03T00:00:00+06:00,2026-02-04T05:00:00+06:00,2026-02-03T23:00:00Z,T2,29,2026-02-02T06:00:00Z,41,6,dayahead,,0.302287,,False,mos-logistic-v0,start
2026-02-02T18:00:00Z,2026-02-03T00:00:00+06:00,2026-02-04T06:00:00+06:00,2026-02-04T00:00:00Z,T2,30,2026-02-02T06:00:00Z,42,6,dayahead,,0.296439,,False,mos-logistic-v0,start
2026-02-02T18:00:00Z,2026-02-03T00:00:00+06:00,2026-02-04T07:00:00+06:00,2026-02-04T01:00:00Z,T2,31,2026-02-02T06:00:00Z,43,6,dayahead,,0.334021,,False,mos-logistic-v0,start
2026-02-02T18:00:00Z,2026-02-03T00:00:00+06:00,2026-02-04T08:00:00+06:00,2026-02-04T02:00:00Z,T2,32,2026-02-02T06:00:00Z,44,6,dayahead,,0.486061,,False,mos-logistic-v0,start
2026-02-02T18:00:00Z,2026-02-03T00:00:00+06:00,2026-02-04T09:00:00+06:00,2026-02-04T03:00:00Z,T2,33,2026-02-02T06:00:00Z,45,6,dayahead,,0.661308,,False,mos-logistic-v0,start
2026-02-02T18:00:00Z,2026-02-03T00:00:00+06:00,2026-02-04T10:00:00+06:00,2026-02-04T04:00:00Z,T2,34,2026-02-02T06:00:00Z,46,6,dayahead,,0.579475,,False,mos-logistic-v0,start
2026-02-02T18:00:00Z,2026-02-03T00:00:00+06:00,2026-02-04T11:00:00+06:00,2026-02-04T05:00:00Z,T2,35,2026-02-02T06:00:00Z,47,6,dayahead,,0.437593,,False,mos-logistic-v0,start
2026-02-02T18:00:00Z,2026-02-03T00:00:00+06:00,2026-02-04T12:00:00+06:00,2026-02-04T06:00:00Z,T2,36,2026-02-02T06:00:00Z,48,6,dayahead,,0.283525,,False,mos-logistic-v0,start
2026-02-02T18:00:00Z,2026-02-03T00:00:00+06:00,2026-02-04T13:00:00+06:00,2026-02-04T07:00:00Z,T2,37,2026-02-02T06:00:00Z,49,6,dayahead,,0.148989,,False,mos-logistic-v0,start
2026-02-02T18:00:00Z,2026-02-03T00:00:00+06:00,2026-02-04T14:00:00+06:00,2026-02-04T08:00:00Z,T2,38,2026-02-02T06:00:00Z,50,6,dayahead,,0.137862,,False,mos-logistic-v0,start
2026-02-02T18:00:00Z,2026-02-03T00:00:00+06:00,2026-02-04T15:00:00+06:00,2026-02-04T09:00:00Z,T2,39,2026-02-02T06:00:00Z,51,6,dayahead,,0.184725,,False,mos-logistic-v0,start
2026-02-02T18:00:00Z,2026-02-03T00:00:00+06:00,2026-02-04T16:00:00+06:00,2026-02-04T10:00:00Z,T2,40,2026-02-02T06:00:00Z,52,6,dayahead,,0.164646,,False,mos-logistic-v0,start
2026-02-02T18:00:00Z,2026-02-03T00:00:00+06:00,2026-02-04T17:00:00+06:00,2026-02-04T11:00:00Z,T2,41,2026-02-02T06:00:00Z,53,6,dayahead,,0.105942,,False,mos-logistic-v0,start
2026-02-02T18:00:00Z,2026-02-03T00:00:00+06:00,2026-02-04T18:00:00+06:00,2026-02-04T12:00:00Z,T2,42,2026-02-02T06:00:00Z,54,6,dayahead,,0.077173,,False,mos-logistic-v0,start
2026-02-02T18:00:00Z,2026-02-03T00:00:00+06:00,2026-02-04T19:00:00+06:00,2026-02-04T13:00:00Z,T2,43,2026-02-02T06:00:00Z,55,6,dayahead,,0.03225,,False,mos-logistic-v0,start
2026-02-02T18:00:00Z,2026-02-03T00:00:00+06:00,2026-02-04T20:00:00+06:00,2026-02-04T14:00:00Z,T2,44,2026-02-02T06:00:00Z,56,6,dayahead,,0.044199,,False,mos-logistic-v0,start
2026-02-02T18:00:00Z,2026-02-03T00:00:00+06:00,2026-02-04T21:00:00+06:00,2026-02-04T15:00:00Z,T2,45,2026-02-02T06:00:00Z,57,6,dayahead,,0.46347,,False,mos-logistic-v0,start
2026-02-02T18:00:00Z,2026-02-03T00:00:00+06:00,2026-02-04T22:00:00+06:00,2026-02-04T16:00:00Z,T2,46,2026-02-02T06:00:00Z,58,6,dayahead,,0.582868,,False,mos-logistic-v0,start
2026-02-02T18:00:00Z,2026-02-03T00:00:00+06:00,2026-02-04T23:00:00+06:00,2026-02-04T17:00:00Z,T2,47,2026-02-02T06:00:00Z,59,6,dayahead,,0.624528,,False,mos-logistic-v0,start
2026-02-03T18:00:00Z,2026-02-04T00:00:00+06:00,2026-02-04T00:00:00+06:00,2026-02-03T18:00:00Z,T1,0,2026-02-03T06:00:00Z,12,6,dayahead,,0.491286,,False,mos-logistic-v0,start
2026-02-03T18:00:00Z,2026-02-04T00:00:00+06:00,2026-02-04T01:00:00+06:00,2026-02-03T19:00:00Z,T1,1,2026-02-03T06:00:00Z,13,6,dayahead,,0.368953,,False,mos-logistic-v0,start
2026-02-03T18:00:00Z,2026-02-04T00:00:00+06:00,2026-02-04T02:00:00+06:00,2026-02-03T20:00:00Z,T1,2,2026-02-03T06:00:00Z,14,6,dayahead,,0.437593,,False,mos-logistic-v0,start
2026-02-03T18:00:00Z,2026-02-04T00:00:00+06:00,2026-02-04T03:00:00+06:00,2026-02-03T21:00:00Z,T1,3,2026-02-03T06:00:00Z,15,6,dayahead,,0.453087,,False,mos-logistic-v0,start
2026-02-03T18:00:00Z,2026-02-04T00:00:00+06:00,2026-02-04T04:00:00+06:00,2026-02-03T22:00:00Z,T1,4,2026-02-03T06:00:00Z,16,6,dayahead,,0.434166,,False,mos-logistic-v0,start
2026-02-03T18:00:00Z,2026-02-04T00:00:00+06:00,2026-02-04T05:00:00+06:00,2026-02-03T23:00:00Z,T1,5,2026-02-03T06:00:00Z,17,6,dayahead,,0.491286,,False,mos-logistic-v0,start
2026-02-03T18:00:00Z,2026-02-04T00:00:00+06:00,2026-02-04T06:00:00+06:00,2026-02-04T00:00:00Z,T1,6,2026-02-03T06:00:00Z,18,6,dayahead,,0.364098,,False,mos-logistic-v0,start
2026-02-03T18:00:00Z,2026-02-04T00:00:00+06:00,2026-02-04T07:00:00+06:00,2026-02-04T01:00:00Z,T1,7,2026-02-03T06:00:00Z,19,6,dayahead,,0.461737,,False,mos-logistic-v0,start
2026-02-03T18:00:00Z,2026-02-04T00:00:00+06:00,2026-02-04T08:00:00+06:00,2026-02-04T02:00:00Z,T1,8,2026-02-03T06:00:00Z,20,6,dayahead,,0.673683,,False,mos-logistic-v0,start
2026-02-03T18:00:00Z,2026-02-04T00:00:00+06:00,2026-02-04T09:00:00+06:00,2026-02-04T03:00:00Z,T1,9,2026-02-03T06:00:00Z,21,6,dayahead,,0.741252,,False,mos-logistic-v0,start
2026-02-03T18:00:00Z,2026-02-04T00:00:00+06:00,2026-02-04T10:00:00+06:00,2026-02-04T04:00:00Z,T1,10,2026-02-03T06:00:00Z,22,6,dayahead,,0.664423,,False,mos-logistic-v0,start
2026-02-03T18:00:00Z,2026-02-04T00:00:00+06:00,2026-02-04T11:00:00+06:00,2026-02-04T05:00:00Z,T1,11,2026-02-03T06:00:00Z,23,6,dayahead,,0.491286,,False,mos-logistic-v0,start
2026-02-03T18:00:00Z,2026-02-04T00:00:00+06:00,2026-02-04T12:00:00+06:00,2026-02-04T06:00:00Z,T1,12,2026-02-03T06:00:00Z,24,6,dayahead,,0.340251,,False,mos-logistic-v0,start
2026-02-03T18:00:00Z,2026-02-04T00:00:00+06:00,2026-02-04T13:00:00+06:00,2026-02-04T07:00:00Z,T1,13,2026-02-03T06:00:00Z,25,6,dayahead,,0.286365,,False,mos-logistic-v0,start
2026-02-03T18:00:00Z,2026-02-04T00:00:00+06:00,2026-02-04T14:00:00+06:00,2026-02-04T08:00:00Z,T1,14,2026-02-03T06:00:00Z,26,6,dayahead,,0.280702,,False,mos-logistic-v0,start
2026-02-03T18:00:00Z,2026-02-04T00:00:00+06:00,2026-02-04T15:00:00+06:00,2026-02-04T09:00:00Z,T1,15,2026-02-03T06:00:00Z,27,6,dayahead,,0.253433,,False,mos-logistic-v0,start
2026-02-03T18:00:00Z,2026-02-04T00:00:00+06:00,2026-02-04T16:00:00+06:00,2026-02-04T10:00:00Z,T1,16,2026-02-03T06:00:00Z,28,6,dayahead,,0.202114,,False,mos-logistic-v0,start
2026-02-03T18:00:00Z,2026-02-04T00:00:00+06:00,2026-02-04T17:00:00+06:00,2026-02-04T11:00:00Z,T1,17,2026-02-03T06:00:00Z,29,6,dayahead,,0.132966,,False,mos-logistic-v0,start
2026-02-03T18:00:00Z,2026-02-04T00:00:00+06:00,2026-02-04T18:00:00+06:00,2026-02-04T12:00:00Z,T1,18,2026-02-03T06:00:00Z,30,6,dayahead,,0.088264,,False,mos-logistic-v0,start
2026-02-03T18:00:00Z,2026-02-04T00:00:00+06:00,2026-02-04T19:00:00+06:00,2026-02-04T13:00:00Z,T1,19,2026-02-03T06:00:00Z,31,6,dayahead,,0.030349,,False,mos-logistic-v0,start
2026-02-03T18:00:00Z,2026-02-04T00:00:00+06:00,2026-02-04T20:00:00+06:00,2026-02-04T14:00:00Z,T1,20,2026-02-03T06:00:00Z,32,6,dayahead,,0.080205,,False,mos-logistic-v0,start
2026-02-03T18:00:00Z,2026-02-04T00:00:00+06:00,2026-02-04T21:00:00+06:00,2026-02-04T15:00:00Z,T1,21,2026-02-03T06:00:00Z,33,6,dayahead,,0.429036,,False,mos-logistic-v0,start
2026-02-03T18:00:00Z,2026-02-04T00:00:00+06:00,2026-02-04T22:00:00+06:00,2026-02-04T16:00:00Z,T1,22,2026-02-03T06:00:00Z,34,6,dayahead,,0.510451,,False,mos-logistic-v0,start
2026-02-03T18:00:00Z,2026-02-04T00:00:00+06:00,2026-02-04T23:00:00+06:00,2026-02-04T17:00:00Z,T1,23,2026-02-03T06:00:00Z,35,6,dayahead,,0.645525,,False,mos-logistic-v0,start
2026-02-03T18:00:00Z,2026-02-04T00:00:00+06:00,2026-02-05T00:00:00+06:00,2026-02-04T18:00:00Z,T1,24,2026-02-03T06:00:00Z,36,6,dayahead,,0.688816,,False,mos-logistic-v0,start
2026-02-03T18:00:00Z,2026-02-04T00:00:00+06:00,2026-02-05T01:00:00+06:00,2026-02-04T19:00:00Z,T1,25,2026-02-03T06:00:00Z,37,6,dayahead,,0.709338,,False,mos-logistic-v0,start
2026-02-03T18:00:00Z,2026-02-04T00:00:00+06:00,2026-02-05T02:00:00+06:00,2026-02-04T20:00:00Z,T1,26,2026-02-03T06:00:00Z,38,6,dayahead,,0.762061,,False,mos-logistic-v0,start
2026-02-03T18:00:00Z,2026-02-04T00:00:00+06:00,2026-02-05T03:00:00+06:00,2026-02-04T21:00:00Z,T1,27,2026-02-03T06:00:00Z,39,6,dayahead,,0.838208,,False,mos-logistic-v0,start
2026-02-03T18:00:00Z,2026-02-04T00:00:00+06:00,2026-02-05T04:00:00+06:00,2026-02-04T22:00:00Z,T1,28,2026-02-03T06:00:00Z,40,6,dayahead,,0.89206,,False,mos-logistic-v0,start
2026-02-03T18:00:00Z,2026-02-04T00:00:00+06:00,2026-02-05T05:00:00+06:00,2026-02-04T23:00:00Z,T1,29,2026-02-03T06:00:00Z,41,6,dayahead,,0.923813,,False,mos-logistic-v0,start
2026-02-03T18:00:00Z,2026-02-04T00:00:00+06:00,2026-02-05T06:00:00+06:00,2026-02-05T00:00:00Z,T1,30,2026-02-03T06:00:00Z,42,6,dayahead,,0.948169,,False,mos-logistic-v0,start
2026-02-03T18:00:00Z,2026-02-04T00:00:00+06:00,2026-02-05T07:00:00+06:00,2026-02-05T01:00:00Z,T1,31,2026-02-03T06:00:00Z,43,6,dayahead,,0.95149,,False,mos-logistic-v0,start
2026-02-03T18:00:00Z,2026-02-04T00:00:00+06:00,2026-02-05T08:00:00+06:00,2026-02-05T02:00:00Z,T1,32,2026-02-03T06:00:00Z,44,6,dayahead,,0.960545,,False,mos-logistic-v0,start
2026-02-03T18:00:00Z,2026-02-04T00:00:00+06:00,2026-02-05T09:00:00+06:00,2026-02-05T03:00:00Z,T1,33,2026-02-03T06:00:00Z,45,6,dayahead,,0.955208,,False,mos-logistic-v0,start
2026-02-03T18:00:00Z,2026-02-04T00:00:00+06:00,2026-02-05T10:00:00+06:00,2026-02-05T04:00:00Z,T1,34,2026-02-03T06:00:00Z,46,6,dayahead,,0.95149,,False,mos-logistic-v0,start
2026-02-03T18:00:00Z,2026-02-04T00:00:00+06:00,2026-02-05T11:00:00+06:00,2026-02-05T05:00:00Z,T1,35,2026-02-03T06:00:00Z,47,6,dayahead,,0.962605,,False,mos-logistic-v0,start
2026-02-03T18:00:00Z,2026-02-04T00:00:00+06:00,2026-02-05T12:00:00+06:00,2026-02-05T06:00:00Z,T1,36,2026-02-03T06:00:00Z,48,6,dayahead,,0.980492,,False,mos-logistic-v0,start
2026-02-03T18:00:00Z,2026-02-04T00:00:00+06:00,2026-02-05T13:00:00+06:00,2026-02-05T07:00:00Z,T1,37,2026-02-03T06:00:00Z,49,6,dayahead,,0.985961,,False,mos-logistic-v0,start
2026-02-03T18:00:00Z,2026-02-04T00:00:00+06:00,2026-02-05T14:00:00+06:00,2026-02-05T08:00:00Z,T1,38,2026-02-03T06:00:00Z,50,6,dayahead,,0.974205,,False,mos-logistic-v0,start
2026-02-03T18:00:00Z,2026-02-04T00:00:00+06:00,2026-02-05T15:00:00+06:00,2026-02-05T09:00:00Z,T1,39,2026-02-03T06:00:00Z,51,6,dayahead,,0.944269,,False,mos-logistic-v0,start
2026-02-03T18:00:00Z,2026-02-04T00:00:00+06:00,2026-02-05T16:00:00+06:00,2026-02-05T10:00:00Z,T1,40,2026-02-03T06:00:00Z,52,6,dayahead,,0.813163,,False,mos-logistic-v0,start
2026-02-03T18:00:00Z,2026-02-04T00:00:00+06:00,2026-02-05T17:00:00+06:00,2026-02-05T11:00:00Z,T1,41,2026-02-03T06:00:00Z,53,6,dayahead,,0.775683,,False,mos-logistic-v0,start
2026-02-03T18:00:00Z,2026-02-04T00:00:00+06:00,2026-02-05T18:00:00+06:00,2026-02-05T12:00:00Z,T1,42,2026-02-03T06:00:00Z,54,6,dayahead,,0.577776,,False,mos-logistic-v0,start
2026-02-03T18:00:00Z,2026-02-04T00:00:00+06:00,2026-02-05T19:00:00+06:00,2026-02-05T13:00:00Z,T1,43,2026-02-03T06:00:00Z,55,6,dayahead,,0.579475,,False,mos-logistic-v0,start
2026-02-03T18:00:00Z,2026-02-04T00:00:00+06:00,2026-02-05T20:00:00+06:00,2026-02-05T14:00:00Z,T1,44,2026-02-03T06:00:00Z,56,6,dayahead,,0.651879,,False,mos-logistic-v0,start
2026-02-03T18:00:00Z,2026-02-04T00:00:00+06:00,2026-02-05T21:00:00+06:00,2026-02-05T15:00:00Z,T1,45,2026-02-03T06:00:00Z,57,6,dayahead,,0.715053,,False,mos-logistic-v0,start
2026-02-03T18:00:00Z,2026-02-04T00:00:00+06:00,2026-02-05T22:00:00+06:00,2026-02-05T16:00:00Z,T1,46,2026-02-03T06:00:00Z,58,6,dayahead,,0.743917,,False,mos-logistic-v0,start
2026-02-03T18:00:00Z,2026-02-04T00:00:00+06:00,2026-02-05T23:00:00+06:00,2026-02-05T17:00:00Z,T1,47,2026-02-03T06:00:00Z,59,6,dayahead,,0.770794,,False,mos-logistic-v0,start
2026-02-03T18:00:00Z,2026-02-04T00:00:00+06:00,2026-02-04T00:00:00+06:00,2026-02-03T18:00:00Z,T2,0,2026-02-03T06:00:00Z,12,6,dayahead,,0.491286,,False,mos-logistic-v0,start
2026-02-03T18:00:00Z,2026-02-04T00:00:00+06:00,2026-02-04T01:00:00+06:00,2026-02-03T19:00:00Z,T2,1,2026-02-03T06:00:00Z,13,6,dayahead,,0.368953,,False,mos-logistic-v0,start
2026-02-03T18:00:00Z,2026-02-04T00:00:00+06:00,2026-02-04T02:00:00+06:00,2026-02-03T20:00:00Z,T2,2,2026-02-03T06:00:00Z,14,6,dayahead,,0.437593,,False,mos-logistic-v0,start
2026-02-03T18:00:00Z,2026-02-04T00:00:00+06:00,2026-02-04T03:00:00+06:00,2026-02-03T21:00:00Z,T2,3,2026-02-03T06:00:00Z,15,6,dayahead,,0.453087,,False,mos-logistic-v0,start
2026-02-03T18:00:00Z,2026-02-04T00:00:00+06:00,2026-02-04T04:00:00+06:00,2026-02-03T22:00:00Z,T2,4,2026-02-03T06:00:00Z,16,6,dayahead,,0.434166,,False,mos-logistic-v0,start
2026-02-03T18:00:00Z,2026-02-04T00:00:00+06:00,2026-02-04T05:00:00+06:00,2026-02-03T23:00:00Z,T2,5,2026-02-03T06:00:00Z,17,6,dayahead,,0.491286,,False,mos-logistic-v0,start
2026-02-03T18:00:00Z,2026-02-04T00:00:00+06:00,2026-02-04T06:00:00+06:00,2026-02-04T00:00:00Z,T2,6,2026-02-03T06:00:00Z,18,6,dayahead,,0.364098,,False,mos-logistic-v0,start
2026-02-03T18:00:00Z,2026-02-04T00:00:00+06:00,2026-02-04T07:00:00+06:00,2026-02-04T01:00:00Z,T2,7,2026-02-03T06:00:00Z,19,6,dayahead,,0.461737,,False,mos-logistic-v0,start
2026-02-03T18:00:00Z,2026-02-04T00:00:00+06:00,2026-02-04T08:00:00+06:00,2026-02-04T02:00:00Z,T2,8,2026-02-03T06:00:00Z,20,6,dayahead,,0.673683,,False,mos-logistic-v0,start
2026-02-03T18:00:00Z,2026-02-04T00:00:00+06:00,2026-02-04T09:00:00+06:00,2026-02-04T03:00:00Z,T2,9,2026-02-03T06:00:00Z,21,6,dayahead,,0.741252,,False,mos-logistic-v0,start
2026-02-03T18:00:00Z,2026-02-04T00:00:00+06:00,2026-02-04T10:00:00+06:00,2026-02-04T04:00:00Z,T2,10,2026-02-03T06:00:00Z,22,6,dayahead,,0.664423,,False,mos-logistic-v0,start
2026-02-03T18:00:00Z,2026-02-04T00:00:00+06:00,2026-02-04T11:00:00+06:00,2026-02-04T05:00:00Z,T2,11,2026-02-03T06:00:00Z,23,6,dayahead,,0.491286,,False,mos-logistic-v0,start
2026-02-03T18:00:00Z,2026-02-04T00:00:00+06:00,2026-02-04T12:00:00+06:00,2026-02-04T06:00:00Z,T2,12,2026-02-03T06:00:00Z,24,6,dayahead,,0.340251,,False,mos-logistic-v0,start
2026-02-03T18:00:00Z,2026-02-04T00:00:00+06:00,2026-02-04T13:00:00+06:00,2026-02-04T07:00:00Z,T2,13,2026-02-03T06:00:00Z,25,6,dayahead,,0.286365,,False,mos-logistic-v0,start
2026-02-03T18:00:00Z,2026-02-04T00:00:00+06:00,2026-02-04T14:00:00+06:00,2026-02-04T08:00:00Z,T2,14,2026-02-03T06:00:00Z,26,6,dayahead,,0.280702,,False,mos-logistic-v0,start
2026-02-03T18:00:00Z,2026-02-04T00:00:00+06:00,2026-02-04T15:00:00+06:00,2026-02-04T09:00:00Z,T2,15,2026-02-03T06:00:00Z,27,6,dayahead,,0.253433,,False,mos-logistic-v0,start
2026-02-03T18:00:00Z,2026-02-04T00:00:00+06:00,2026-02-04T16:00:00+06:00,2026-02-04T10:00:00Z,T2,16,2026-02-03T06:00:00Z,28,6,dayahead,,0.202114,,False,mos-logistic-v0,start
2026-02-03T18:00:00Z,2026-02-04T00:00:00+06:00,2026-02-04T17:00:00+06:00,2026-02-04T11:00:00Z,T2,17,2026-02-03T06:00:00Z,29,6,dayahead,,0.132966,,False,mos-logistic-v0,start
2026-02-03T18:00:00Z,2026-02-04T00:00:00+06:00,2026-02-04T18:00:00+06:00,2026-02-04T12:00:00Z,T2,18,2026-02-03T06:00:00Z,30,6,dayahead,,0.088264,,False,mos-logistic-v0,start
2026-02-03T18:00:00Z,2026-02-04T00:00:00+06:00,2026-02-04T19:00:00+06:00,2026-02-04T13:00:00Z,T2,19,2026-02-03T06:00:00Z,31,6,dayahead,,0.030349,,False,mos-logistic-v0,start
2026-02-03T18:00:00Z,2026-02-04T00:00:00+06:00,2026-02-04T20:00:00+06:00,2026-02-04T14:00:00Z,T2,20,2026-02-03T06:00:00Z,32,6,dayahead,,0.080205,,False,mos-logistic-v0,start
2026-02-03T18:00:00Z,2026-02-04T00:00:00+06:00,2026-02-04T21:00:00+06:00,2026-02-04T15:00:00Z,T2,21,2026-02-03T06:00:00Z,33,6,dayahead,,0.429036,,False,mos-logistic-v0,start
2026-02-03T18:00:00Z,2026-02-04T00:00:00+06:00,2026-02-04T22:00:00+06:00,2026-02-04T16:00:00Z,T2,22,2026-02-03T06:00:00Z,34,6,dayahead,,0.510451,,False,mos-logistic-v0,start
2026-02-03T18:00:00Z,2026-02-04T00:00:00+06:00,2026-02-04T23:00:00+06:00,2026-02-04T17:00:00Z,T2,23,2026-02-03T06:00:00Z,35,6,dayahead,,0.645525,,False,mos-logistic-v0,start
2026-02-03T18:00:00Z,2026-02-04T00:00:00+06:00,2026-02-05T00:00:00+06:00,2026-02-04T18:00:00Z,T2,24,2026-02-03T06:00:00Z,36,6,dayahead,,0.688816,,False,mos-logistic-v0,start
2026-02-03T18:00:00Z,2026-02-04T00:00:00+06:00,2026-02-05T01:00:00+06:00,2026-02-04T19:00:00Z,T2,25,2026-02-03T06:00:00Z,37,6,dayahead,,0.709338,,False,mos-logistic-v0,start
2026-02-03T18:00:00Z,2026-02-04T00:00:00+06:00,2026-02-05T02:00:00+06:00,2026-02-04T20:00:00Z,T2,26,2026-02-03T06:00:00Z,38,6,dayahead,,0.762061,,False,mos-logistic-v0,start
2026-02-03T18:00:00Z,2026-02-04T00:00:00+06:00,2026-02-05T03:00:00+06:00,2026-02-04T21:00:00Z,T2,27,2026-02-03T06:00:00Z,39,6,dayahead,,0.838208,,False,mos-logistic-v0,start
2026-02-03T18:00:00Z,2026-02-04T00:00:00+06:00,2026-02-05T04:00:00+06:00,2026-02-04T22:00:00Z,T2,28,2026-02-03T06:00:00Z,40,6,dayahead,,0.89206,,False,mos-logistic-v0,start
2026-02-03T18:00:00Z,2026-02-04T00:00:00+06:00,2026-02-05T05:00:00+06:00,2026-02-04T23:00:00Z,T2,29,2026-02-03T06:00:00Z,41,6,dayahead,,0.923813,,False,mos-logistic-v0,start
2026-02-03T18:00:00Z,2026-02-04T00:00:00+06:00,2026-02-05T06:00:00+06:00,2026-02-05T00:00:00Z,T2,30,2026-02-03T06:00:00Z,42,6,dayahead,,0.948169,,False,mos-logistic-v0,start
2026-02-03T18:00:00Z,2026-02-04T00:00:00+06:00,2026-02-05T07:00:00+06:00,2026-02-05T01:00:00Z,T2,31,2026-02-03T06:00:00Z,43,6,dayahead,,0.95149,,False,mos-logistic-v0,start
2026-02-03T18:00:00Z,2026-02-04T00:00:00+06:00,2026-02-05T08:00:00+06:00,2026-02-05T02:00:00Z,T2,32,2026-02-03T06:00:00Z,44,6,dayahead,,0.960545,,False,mos-logistic-v0,start
2026-02-03T18:00:00Z,2026-02-04T00:00:00+06:00,2026-02-05T09:00:00+06:00,2026-02-05T03:00:00Z,T2,33,2026-02-03T06:00:00Z,45,6,dayahead,,0.955208,,False,mos-logistic-v0,start
2026-02-03T18:00:00Z,2026-02-04T00:00:00+06:00,2026-02-05T10:00:00+06:00,2026-02-05T04:00:00Z,T2,34,2026-02-03T06:00:00Z,46,6,dayahead,,0.95149,,False,mos-logistic-v0,start
2026-02-03T18:00:00Z,2026-02-04T00:00:00+06:00,2026-02-05T11:00:00+06:00,2026-02-05T05:00:00Z,T2,35,2026-02-03T06:00:00Z,47,6,dayahead,,0.962605,,False,mos-logistic-v0,start
2026-02-03T18:00:00Z,2026-02-04T00:00:00+06:00,2026-02-05T12:00:00+06:00,2026-02-05T06:00:00Z,T2,36,2026-02-03T06:00:00Z,48,6,dayahead,,0.980492,,False,mos-logistic-v0,start
2026-02-03T18:00:00Z,2026-02-04T00:00:00+06:00,2026-02-05T13:00:00+06:00,2026-02-05T07:00:00Z,T2,37,2026-02-03T06:00:00Z,49,6,dayahead,,0.985961,,False,mos-logistic-v0,start
2026-02-03T18:00:00Z,2026-02-04T00:00:00+06:00,2026-02-05T14:00:00+06:00,2026-02-05T08:00:00Z,T2,38,2026-02-03T06:00:00Z,50,6,dayahead,,0.974205,,False,mos-logistic-v0,start
2026-02-03T18:00:00Z,2026-02-04T00:00:00+06:00,2026-02-05T15:00:00+06:00,2026-02-05T09:00:00Z,T2,39,2026-02-03T06:00:00Z,51,6,dayahead,,0.944269,,False,mos-logistic-v0,start
2026-02-03T18:00:00Z,2026-02-04T00:00:00+06:00,2026-02-05T16:00:00+06:00,2026-02-05T10:00:00Z,T2,40,2026-02-03T06:00:00Z,52,6,dayahead,,0.813163,,False,mos-logistic-v0,start
2026-02-03T18:00:00Z,2026-02-04T00:00:00+06:00,2026-02-05T17:00:00+06:00,2026-02-05T11:00:00Z,T2,41,2026-02-03T06:00:00Z,53,6,dayahead,,0.775683,,False,mos-logistic-v0,start
2026-02-03T18:00:00Z,2026-02-04T00:00:00+06:00,2026-02-05T18:00:00+06:00,2026-02-05T12:00:00Z,T2,42,2026-02-03T06:00:00Z,54,6,dayahead,,0.577776,,False,mos-logistic-v0,start
2026-02-03T18:00:00Z,2026-02-04T00:00:00+06:00,2026-02-05T19:00:00+06:00,2026-02-05T13:00:00Z,T2,43,2026-02-03T06:00:00Z,55,6,dayahead,,0.579475,,False,mos-logistic-v0,start
2026-02-03T18:00:00Z,2026-02-04T00:00:00+06:00,2026-02-05T20:00:00+06:00,2026-02-05T14:00:00Z,T2,44,2026-02-03T06:00:00Z,56,6,dayahead,,0.651879,,False,mos-logistic-v0,start
2026-02-03T18:00:00Z,2026-02-04T00:00:00+06:00,2026-02-05T21:00:00+06:00,2026-02-05T15:00:00Z,T2,45,2026-02-03T06:00:00Z,57,6,dayahead,,0.715053,,False,mos-logistic-v0,start
2026-02-03T18:00:00Z,2026-02-04T00:00:00+06:00,2026-02-05T22:00:00+06:00,2026-02-05T16:00:00Z,T2,46,2026-02-03T06:00:00Z,58,6,dayahead,,0.743917,,False,mos-logistic-v0,start
2026-02-03T18:00:00Z,2026-02-04T00:00:00+06:00,2026-02-05T23:00:00+06:00,2026-02-05T17:00:00Z,T2,47,2026-02-03T06:00:00Z,59,6,dayahead,,0.770794,,False,mos-logistic-v0,start
2026-02-04T18:00:00Z,2026-02-05T00:00:00+06:00,2026-02-05T00:00:00+06:00,2026-02-04T18:00:00Z,T1,0,2026-02-04T06:00:00Z,12,6,dayahead,,0.635898,,False,mos-logistic-v0,start
2026-02-04T18:00:00Z,2026-02-05T00:00:00+06:00,2026-02-05T01:00:00+06:00,2026-02-04T19:00:00Z,T1,1,2026-02-04T06:00:00Z,13,6,dayahead,,0.659745,,False,mos-logistic-v0,start
2026-02-04T18:00:00Z,2026-02-05T00:00:00+06:00,2026-02-05T02:00:00+06:00,2026-02-04T20:00:00Z,T1,2,2026-02-04T06:00:00Z,14,6,dayahead,,0.722101,,False,mos-logistic-v0,start
2026-02-04T18:00:00Z,2026-02-05T00:00:00+06:00,2026-02-05T03:00:00+06:00,2026-02-04T21:00:00Z,T1,3,2026-02-04T06:00:00Z,15,6,dayahead,,0.811036,,False,mos-logistic-v0,start
2026-02-04T18:00:00Z,2026-02-05T00:00:00+06:00,2026-02-05T04:00:00+06:00,2026-02-04T22:00:00Z,T1,4,2026-02-04T06:00:00Z,16,6,dayahead,,0.89071,,False,mos-logistic-v0,start
2026-02-04T18:00:00Z,2026-02-05T00:00:00+06:00,2026-02-05T05:00:00+06:00,2026-02-04T23:00:00Z,T1,5,2026-02-04T06:00:00Z,17,6,dayahead,,0.930403,,False,mos-logistic-v0,start
2026-02-04T18:00:00Z,2026-02-05T00:00:00+06:00,2026-02-05T06:00:00+06:00,2026-02-05T00:00:00Z,T1,6,2026-02-04T06:00:00Z,18,6,dayahead,,0.958097,,False,mos-logistic-v0,start
2026-02-04T18:00:00Z,2026-02-05T00:00:00+06:00,2026-02-05T07:00:00+06:00,2026-02-05T01:00:00Z,T1,7,2026-02-04T06:00:00Z,19,6,dayahead,,0.970858,,False,mos-logistic-v0,start
2026-02-04T18:00:00Z,2026-02-05T00:00:00+06:00,2026-02-05T08:00:00+06:00,2026-02-05T02:00:00Z,T1,8,2026-02-04T06:00:00Z,20,6,dayahead,,0.97438,,False,mos-logistic-v0,start
2026-02-04T18:00:00Z,2026-02-05T00:00:00+06:00,2026-02-05T09:00:00+06:00,2026-02-05T03:00:00Z,T1,9,2026-02-04T06:00:00Z,21,6,dayahead,,0.972766,,False,mos-logistic-v0,start
2026-02-04T18:00:00Z,2026-02-05T00:00:00+06:00,2026-02-05T10:00:00+06:00,2026-02-05T04:00:00Z,T1,10,2026-02-04T06:00:00Z,22,6,dayahead,,0.953384,,False,mos-logistic-v0,start
2026-02-04T18:00:00Z,2026-02-05T00:00:00+06:00,2026-02-05T11:00:00+06:00,2026-02-05T05:00:00Z,T1,11,2026-02-04T06:00:00Z,23,6,dayahead,,0.966868,,False,mos-logistic-v0,start
2026-02-04T18:00:00Z,2026-02-05T00:00:00+06:00,2026-02-05T12:00:00+06:00,2026-02-05T06:00:00Z,T1,12,2026-02-04T06:00:00Z,24,6,dayahead,,0.974205,,False,mos-logistic-v0,start
2026-02-04T18:00:00Z,2026-02-05T00:00:00+06:00,2026-02-05T13:00:00+06:00,2026-02-05T07:00:00Z,T1,13,2026-02-04T06:00:00Z,25,6,dayahead,,0.979537,,False,mos-logistic-v0,start
2026-02-04T18:00:00Z,2026-02-05T00:00:00+06:00,2026-02-05T14:00:00+06:00,2026-02-05T08:00:00Z,T1,14,2026-02-04T06:00:00Z,26,6,dayahead,,0.963103,,False,mos-logistic-v0,start
2026-02-04T18:00:00Z,2026-02-05T00:00:00+06:00,2026-02-05T15:00:00+06:00,2026-02-05T09:00:00Z,T1,15,2026-02-04T06:00:00Z,27,6,dayahead,,0.925752,,False,mos-logistic-v0,start
2026-02-04T18:00:00Z,2026-02-05T00:00:00+06:00,2026-02-05T16:00:00+06:00,2026-02-05T10:00:00Z,T1,16,2026-02-04T06:00:00Z,28,6,dayahead,,0.796757,,False,mos-logistic-v0,start
2026-02-04T18:00:00Z,2026-02-05T00:00:00+06:00,2026-02-05T17:00:00+06:00,2026-02-05T11:00:00Z,T1,17,2026-02-04T06:00:00Z,29,6,dayahead,,0.726277,,False,mos-logistic-v0,start
2026-02-04T18:00:00Z,2026-02-05T00:00:00+06:00,2026-02-05T18:00:00+06:00,2026-02-05T12:00:00Z,T1,18,2026-02-04T06:00:00Z,30,6,dayahead,,0.54518,,False,mos-logistic-v0,start
2026-02-04T18:00:00Z,2026-02-05T00:00:00+06:00,2026-02-05T19:00:00+06:00,2026-02-05T13:00:00Z,T1,19,2026-02-04T06:00:00Z,31,6,dayahead,,0.473883,,False,mos-logistic-v0,start
2026-02-04T18:00:00Z,2026-02-05T00:00:00+06:00,2026-02-05T20:00:00+06:00,2026-02-05T14:00:00Z,T1,20,2026-02-04T06:00:00Z,32,6,dayahead,,0.499998,,False,mos-logistic-v0,start
2026-02-04T18:00:00Z,2026-02-05T00:00:00+06:00,2026-02-05T21:00:00+06:00,2026-02-05T15:00:00Z,T1,21,2026-02-04T06:00:00Z,33,6,dayahead,,0.441027,,False,mos-logistic-v0,start
2026-02-04T18:00:00Z,2026-02-05T00:00:00+06:00,2026-02-05T22:00:00+06:00,2026-02-05T16:00:00Z,T1,22,2026-02-04T06:00:00Z,34,6,dayahead,,0.536526,,False,mos-logistic-v0,start
2026-02-04T18:00:00Z,2026-02-05T00:00:00+06:00,2026-02-05T23:00:00+06:00,2026-02-05T17:00:00Z,T1,23,2026-02-04T06:00:00Z,35,6,dayahead,,0.473883,,False,mos-logistic-v0,start
2026-02-04T18:00:00Z,2026-02-05T00:00:00+06:00,2026-02-06T00:00:00+06:00,2026-02-05T18:00:00Z,T1,24,2026-02-04T06:00:00Z,36,6,dayahead,,0.591316,,False,mos-logistic-v0,start
2026-02-04T18:00:00Z,2026-02-05T00:00:00+06:00,2026-02-06T01:00:00+06:00,2026-02-05T19:00:00Z,T1,25,2026-02-04T06:00:00Z,37,6,dayahead,,0.632664,,False,mos-logistic-v0,start
2026-02-04T18:00:00Z,2026-02-05T00:00:00+06:00,2026-02-06T02:00:00+06:00,2026-02-05T20:00:00Z,T1,26,2026-02-04T06:00:00Z,38,6,dayahead,,0.447911,,False,mos-logistic-v0,start
2026-02-04T18:00:00Z,2026-02-05T00:00:00+06:00,2026-02-06T03:00:00+06:00,2026-02-05T21:00:00Z,T1,27,2026-02-04T06:00:00Z,39,6,dayahead,,0.299355,,False,mos-logistic-v0,start
2026-02-04T18:00:00Z,2026-02-05T00:00:00+06:00,2026-02-06T04:00:00+06:00,2026-02-05T22:00:00Z,T1,28,2026-02-04T06:00:00Z,40,6,dayahead,,0.258744,,False,mos-logistic-v0,start
2026-02-04T18:00:00Z,2026-02-05T00:00:00+06:00,2026-02-06T05:00:00+06:00,2026-02-05T23:00:00Z,T1,29,2026-02-04T06:00:00Z,41,6,dayahead,,0.192186,,False,mos-logistic-v0,start
2026-02-04T18:00:00Z,2026-02-05T00:00:00+06:00,2026-02-06T06:00:00+06:00,2026-02-06T00:00:00Z,T1,30,2026-02-04T06:00:00Z,42,6,dayahead,,0.024764,,False,mos-logistic-v0,start
2026-02-04T18:00:00Z,2026-02-05T00:00:00+06:00,2026-02-06T07:00:00+06:00,2026-02-06T01:00:00Z,T1,31,2026-02-04T06:00:00Z,43,6,dayahead,,0.460005,,False,mos-logistic-v0,start
2026-02-04T18:00:00Z,2026-02-05T00:00:00+06:00,2026-02-06T08:00:00+06:00,2026-02-06T02:00:00Z,T1,32,2026-02-04T06:00:00Z,44,6,dayahead,,0.606385,,False,mos-logistic-v0,start
2026-02-04T18:00:00Z,2026-02-05T00:00:00+06:00,2026-02-06T09:00:00+06:00,2026-02-06T03:00:00Z,T1,33,2026-02-04T06:00:00Z,45,6,dayahead,,0.332472,,False,mos-logistic-v0,start
2026-02-04T18:00:00Z,2026-02-05T00:00:00+06:00,2026-02-06T10:00:00+06:00,2026-02-06T04:00:00Z,T1,34,2026-02-04T06:00:00Z,46,6,dayahead,,0.598037,,False,mos-logistic-v0,start
2026-02-04T18:00:00Z,2026-02-05T00:00:00+06:00,2026-02-06T11:00:00+06:00,2026-02-06T05:00:00Z,T1,35,2026-02-04T06:00:00Z,47,6,dayahead,,0.805637,,False,mos-logistic-v0,start
2026-02-04T18:00:00Z,2026-02-05T00:00:00+06:00,2026-02-06T12:00:00+06:00,2026-02-06T06:00:00Z,T1,36,2026-02-04T06:00:00Z,48,6,dayahead,,0.967749,,False,mos-logistic-v0,start
2026-02-04T18:00:00Z,2026-02-05T00:00:00+06:00,2026-02-06T13:00:00+06:00,2026-02-06T07:00:00Z,T1,37,2026-02-04T06:00:00Z,49,6,dayahead,,0.985669,,False,mos-logistic-v0,start
2026-02-04T18:00:00Z,2026-02-05T00:00:00+06:00,2026-02-06T14:00:00+06:00,2026-02-06T08:00:00Z,T1,38,2026-02-04T06:00:00Z,50,6,dayahead,,0.98557,,False,mos-logistic-v0,start
2026-02-04T18:00:00Z,2026-02-05T00:00:00+06:00,2026-02-06T15:00:00+06:00,2026-02-06T09:00:00Z,T1,39,2026-02-04T06:00:00Z,51,6,dayahead,,0.989487,,False,mos-logistic-v0,start
2026-02-04T18:00:00Z,2026-02-05T00:00:00+06:00,2026-02-06T16:00:00+06:00,2026-02-06T10:00:00Z,T1,40,2026-02-04T06:00:00Z,52,6,dayahead,,0.989631,,False,mos-logistic-v0,start
2026-02-04T18:00:00Z,2026-02-05T00:00:00+06:00,2026-02-06T17:00:00+06:00,2026-02-06T11:00:00Z,T1,41,2026-02-04T06:00:00Z,53,6,dayahead,,0.984005,,False,mos-logistic-v0,start
2026-02-04T18:00:00Z,2026-02-05T00:00:00+06:00,2026-02-06T18:00:00+06:00,2026-02-06T12:00:00Z,T1,42,2026-02-04T06:00:00Z,54,6,dayahead,,0.985669,,False,mos-logistic-v0,start
2026-02-04T18:00:00Z,2026-02-05T00:00:00+06:00,2026-02-06T19:00:00+06:00,2026-02-06T13:00:00Z,T1,43,2026-02-04T06:00:00Z,55,6,dayahead,,0.99,,False,mos-logistic-v0,start
2026-02-04T18:00:00Z,2026-02-05T00:00:00+06:00,2026-02-06T20:00:00+06:00,2026-02-06T14:00:00Z,T1,44,2026-02-04T06:00:00Z,56,6,dayahead,,0.99,,False,mos-logistic-v0,start
2026-02-04T18:00:00Z,2026-02-05T00:00:00+06:00,2026-02-06T21:00:00+06:00,2026-02-06T15:00:00Z,T1,45,2026-02-04T06:00:00Z,57,6,dayahead,,0.99,,False,mos-logistic-v0,start
2026-02-04T18:00:00Z,2026-02-05T00:00:00+06:00,2026-02-06T22:00:00+06:00,2026-02-06T16:00:00Z,T1,46,2026-02-04T06:00:00Z,58,6,dayahead,,0.99,,False,mos-logistic-v0,start
2026-02-04T18:00:00Z,2026-02-05T00:00:00+06:00,2026-02-06T23:00:00+06:00,2026-02-06T17:00:00Z,T1,47,2026-02-04T06:00:00Z,59,6,dayahead,,0.954305,,False,mos-logistic-v0,start
2026-02-04T18:00:00Z,2026-02-05T00:00:00+06:00,2026-02-05T00:00:00+06:00,2026-02-04T18:00:00Z,T2,0,2026-02-04T06:00:00Z,12,6,dayahead,,0.635898,,False,mos-logistic-v0,start
2026-02-04T18:00:00Z,2026-02-05T00:00:00+06:00,2026-02-05T01:00:00+06:00,2026-02-04T19:00:00Z,T2,1,2026-02-04T06:00:00Z,13,6,dayahead,,0.659745,,False,mos-logistic-v0,start
2026-02-04T18:00:00Z,2026-02-05T00:00:00+06:00,2026-02-05T02:00:00+06:00,2026-02-04T20:00:00Z,T2,2,2026-02-04T06:00:00Z,14,6,dayahead,,0.722101,,False,mos-logistic-v0,start
2026-02-04T18:00:00Z,2026-02-05T00:00:00+06:00,2026-02-05T03:00:00+06:00,2026-02-04T21:00:00Z,T2,3,2026-02-04T06:00:00Z,15,6,dayahead,,0.811036,,False,mos-logistic-v0,start
2026-02-04T18:00:00Z,2026-02-05T00:00:00+06:00,2026-02-05T04:00:00+06:00,2026-02-04T22:00:00Z,T2,4,2026-02-04T06:00:00Z,16,6,dayahead,,0.89071,,False,mos-logistic-v0,start
2026-02-04T18:00:00Z,2026-02-05T00:00:00+06:00,2026-02-05T05:00:00+06:00,2026-02-04T23:00:00Z,T2,5,2026-02-04T06:00:00Z,17,6,dayahead,,0.930403,,False,mos-logistic-v0,start
2026-02-04T18:00:00Z,2026-02-05T00:00:00+06:00,2026-02-05T06:00:00+06:00,2026-02-05T00:00:00Z,T2,6,2026-02-04T06:00:00Z,18,6,dayahead,,0.958097,,False,mos-logistic-v0,start
2026-02-04T18:00:00Z,2026-02-05T00:00:00+06:00,2026-02-05T07:00:00+06:00,2026-02-05T01:00:00Z,T2,7,2026-02-04T06:00:00Z,19,6,dayahead,,0.970858,,False,mos-logistic-v0,start
2026-02-04T18:00:00Z,2026-02-05T00:00:00+06:00,2026-02-05T08:00:00+06:00,2026-02-05T02:00:00Z,T2,8,2026-02-04T06:00:00Z,20,6,dayahead,,0.97438,,False,mos-logistic-v0,start
2026-02-04T18:00:00Z,2026-02-05T00:00:00+06:00,2026-02-05T09:00:00+06:00,2026-02-05T03:00:00Z,T2,9,2026-02-04T06:00:00Z,21,6,dayahead,,0.972766,,False,mos-logistic-v0,start
2026-02-04T18:00:00Z,2026-02-05T00:00:00+06:00,2026-02-05T10:00:00+06:00,2026-02-05T04:00:00Z,T2,10,2026-02-04T06:00:00Z,22,6,dayahead,,0.953384,,False,mos-logistic-v0,start
2026-02-04T18:00:00Z,2026-02-05T00:00:00+06:00,2026-02-05T11:00:00+06:00,2026-02-05T05:00:00Z,T2,11,2026-02-04T06:00:00Z,23,6,dayahead,,0.966868,,False,mos-logistic-v0,start
2026-02-04T18:00:00Z,2026-02-05T00:00:00+06:00,2026-02-05T12:00:00+06:00,2026-02-05T06:00:00Z,T2,12,2026-02-04T06:00:00Z,24,6,dayahead,,0.974205,,False,mos-logistic-v0,start
2026-02-04T18:00:00Z,2026-02-05T00:00:00+06:00,2026-02-05T13:00:00+06:00,2026-02-05T07:00:00Z,T2,13,2026-02-04T06:00:00Z,25,6,dayahead,,0.979537,,False,mos-logistic-v0,start
2026-02-04T18:00:00Z,2026-02-05T00:00:00+06:00,2026-02-05T14:00:00+06:00,2026-02-05T08:00:00Z,T2,14,2026-02-04T06:00:00Z,26,6,dayahead,,0.963103,,False,mos-logistic-v0,start
2026-02-04T18:00:00Z,2026-02-05T00:00:00+06:00,2026-02-05T15:00:00+06:00,2026-02-05T09:00:00Z,T2,15,2026-02-04T06:00:00Z,27,6,dayahead,,0.925752,,False,mos-logistic-v0,start
2026-02-04T18:00:00Z,2026-02-05T00:00:00+06:00,2026-02-05T16:00:00+06:00,2026-02-05T10:00:00Z,T2,16,2026-02-04T06:00:00Z,28,6,dayahead,,0.796757,,False,mos-logistic-v0,start
2026-02-04T18:00:00Z,2026-02-05T00:00:00+06:00,2026-02-05T17:00:00+06:00,2026-02-05T11:00:00Z,T2,17,2026-02-04T06:00:00Z,29,6,dayahead,,0.726277,,False,mos-logistic-v0,start
2026-02-04T18:00:00Z,2026-02-05T00:00:00+06:00,2026-02-05T18:00:00+06:00,2026-02-05T12:00:00Z,T2,18,2026-02-04T06:00:00Z,30,6,dayahead,,0.54518,,False,mos-logistic-v0,start
2026-02-04T18:00:00Z,2026-02-05T00:00:00+06:00,2026-02-05T19:00:00+06:00,2026-02-05T13:00:00Z,T2,19,2026-02-04T06:00:00Z,31,6,dayahead,,0.473883,,False,mos-logistic-v0,start
2026-02-04T18:00:00Z,2026-02-05T00:00:00+06:00,2026-02-05T20:00:00+06:00,2026-02-05T14:00:00Z,T2,20,2026-02-04T06:00:00Z,32,6,dayahead,,0.499998,,False,mos-logistic-v0,start
2026-02-04T18:00:00Z,2026-02-05T00:00:00+06:00,2026-02-05T21:00:00+06:00,2026-02-05T15:00:00Z,T2,21,2026-02-04T06:00:00Z,33,6,dayahead,,0.441027,,False,mos-logistic-v0,start
2026-02-04T18:00:00Z,2026-02-05T00:00:00+06:00,2026-02-05T22:00:00+06:00,2026-02-05T16:00:00Z,T2,22,2026-02-04T06:00:00Z,34,6,dayahead,,0.536526,,False,mos-logistic-v0,start
2026-02-04T18:00:00Z,2026-02-05T00:00:00+06:00,2026-02-05T23:00:00+06:00,2026-02-05T17:00:00Z,T2,23,2026-02-04T06:00:00Z,35,6,dayahead,,0.473883,,False,mos-logistic-v0,start
2026-02-04T18:00:00Z,2026-02-05T00:00:00+06:00,2026-02-06T00:00:00+06:00,2026-02-05T18:00:00Z,T2,24,2026-02-04T06:00:00Z,36,6,dayahead,,0.591316,,False,mos-logistic-v0,start
2026-02-04T18:00:00Z,2026-02-05T00:00:00+06:00,2026-02-06T01:00:00+06:00,2026-02-05T19:00:00Z,T2,25,2026-02-04T06:00:00Z,37,6,dayahead,,0.632664,,False,mos-logistic-v0,start
2026-02-04T18:00:00Z,2026-02-05T00:00:00+06:00,2026-02-06T02:00:00+06:00,2026-02-05T20:00:00Z,T2,26,2026-02-04T06:00:00Z,38,6,dayahead,,0.447911,,False,mos-logistic-v0,start
2026-02-04T18:00:00Z,2026-02-05T00:00:00+06:00,2026-02-06T03:00:00+06:00,2026-02-05T21:00:00Z,T2,27,2026-02-04T06:00:00Z,39,6,dayahead,,0.299355,,False,mos-logistic-v0,start
2026-02-04T18:00:00Z,2026-02-05T00:00:00+06:00,2026-02-06T04:00:00+06:00,2026-02-05T22:00:00Z,T2,28,2026-02-04T06:00:00Z,40,6,dayahead,,0.258744,,False,mos-logistic-v0,start
2026-02-04T18:00:00Z,2026-02-05T00:00:00+06:00,2026-02-06T05:00:00+06:00,2026-02-05T23:00:00Z,T2,29,2026-02-04T06:00:00Z,41,6,dayahead,,0.192186,,False,mos-logistic-v0,start
2026-02-04T18:00:00Z,2026-02-05T00:00:00+06:00,2026-02-06T06:00:00+06:00,2026-02-06T00:00:00Z,T2,30,2026-02-04T06:00:00Z,42,6,dayahead,,0.024764,,False,mos-logistic-v0,start
2026-02-04T18:00:00Z,2026-02-05T00:00:00+06:00,2026-02-06T07:00:00+06:00,2026-02-06T01:00:00Z,T2,31,2026-02-04T06:00:00Z,43,6,dayahead,,0.460005,,False,mos-logistic-v0,start
2026-02-04T18:00:00Z,2026-02-05T00:00:00+06:00,2026-02-06T08:00:00+06:00,2026-02-06T02:00:00Z,T2,32,2026-02-04T06:00:00Z,44,6,dayahead,,0.606385,,False,mos-logistic-v0,start
2026-02-04T18:00:00Z,2026-02-05T00:00:00+06:00,2026-02-06T09:00:00+06:00,2026-02-06T03:00:00Z,T2,33,2026-02-04T06:00:00Z,45,6,dayahead,,0.332472,,False,mos-logistic-v0,start
2026-02-04T18:00:00Z,2026-02-05T00:00:00+06:00,2026-02-06T10:00:00+06:00,2026-02-06T04:00:00Z,T2,34,2026-02-04T06:00:00Z,46,6,dayahead,,0.598037,,False,mos-logistic-v0,start
2026-02-04T18:00:00Z,2026-02-05T00:00:00+06:00,2026-02-06T11:00:00+06:00,2026-02-06T05:00:00Z,T2,35,2026-02-04T06:00:00Z,47,6,dayahead,,0.805637,,False,mos-logistic-v0,start
2026-02-04T18:00:00Z,2026-02-05T00:00:00+06:00,2026-02-06T12:00:00+06:00,2026-02-06T06:00:00Z,T2,36,2026-02-04T06:00:00Z,48,6,dayahead,,0.967749,,False,mos-logistic-v0,start
2026-02-04T18:00:00Z,2026-02-05T00:00:00+06:00,2026-02-06T13:00:00+06:00,2026-02-06T07:00:00Z,T2,37,2026-02-04T06:00:00Z,49,6,dayahead,,0.985669,,False,mos-logistic-v0,start
2026-02-04T18:00:00Z,2026-02-05T00:00:00+06:00,2026-02-06T14:00:00+06:00,2026-02-06T08:00:00Z,T2,38,2026-02-04T06:00:00Z,50,6,dayahead,,0.98557,,False,mos-logistic-v0,start
2026-02-04T18:00:00Z,2026-02-05T00:00:00+06:00,2026-02-06T15:00:00+06:00,2026-02-06T09:00:00Z,T2,39,2026-02-04T06:00:00Z,51,6,dayahead,,0.989487,,False,mos-logistic-v0,start
2026-02-04T18:00:00Z,2026-02-05T00:00:00+06:00,2026-02-06T16:00:00+06:00,2026-02-06T10:00:00Z,T2,40,2026-02-04T06:00:00Z,52,6,dayahead,,0.989631,,False,mos-logistic-v0,start
2026-02-04T18:00:00Z,2026-02-05T00:00:00+06:00,2026-02-06T17:00:00+06:00,2026-02-06T11:00:00Z,T2,41,2026-02-04T06:00:00Z,53,6,dayahead,,0.984005,,False,mos-logistic-v0,start
2026-02-04T18:00:00Z,2026-02-05T00:00:00+06:00,2026-02-06T18:00:00+06:00,2026-02-06T12:00:00Z,T2,42,2026-02-04T06:00:00Z,54,6,dayahead,,0.985669,,False,mos-logistic-v0,start
2026-02-04T18:00:00Z,2026-02-05T00:00:00+06:00,2026-02-06T19:00:00+06:00,2026-02-06T13:00:00Z,T2,43,2026-02-04T06:00:00Z,55,6,dayahead,,0.99,,False,mos-logistic-v0,start
2026-02-04T18:00:00Z,2026-02-05T00:00:00+06:00,2026-02-06T20:00:00+06:00,2026-02-06T14:00:00Z,T2,44,2026-02-04T06:00:00Z,56,6,dayahead,,0.99,,False,mos-logistic-v0,start
2026-02-04T18:00:00Z,2026-02-05T00:00:00+06:00,2026-02-06T21:00:00+06:00,2026-02-06T15:00:00Z,T2,45,2026-02-04T06:00:00Z,57,6,dayahead,,0.99,,False,mos-logistic-v0,start
2026-02-04T18:00:00Z,2026-02-05T00:00:00+06:00,2026-02-06T22:00:00+06:00,2026-02-06T16:00:00Z,T2,46,2026-02-04T06:00:00Z,58,6,dayahead,,0.99,,False,mos-logistic-v0,start
2026-02-04T18:00:00Z,2026-02-05T00:00:00+06:00,2026-02-06T23:00:00+06:00,2026-02-06T17:00:00Z,T2,47,2026-02-04T06:00:00Z,59,6,dayahead,,0.954305,,False,mos-logistic-v0,start
2026-02-05T18:00:00Z,2026-02-06T00:00:00+06:00,2026-02-06T00:00:00+06:00,2026-02-05T18:00:00Z,T1,0,2026-02-05T06:00:00Z,12,6,dayahead,,0.49477,,False,mos-logistic-v0,start
2026-02-05T18:00:00Z,2026-02-06T00:00:00+06:00,2026-02-06T01:00:00+06:00,2026-02-05T19:00:00Z,T1,1,2026-02-05T06:00:00Z,13,6,dayahead,,0.382028,,False,mos-logistic-v0,start
2026-02-05T18:00:00Z,2026-02-06T00:00:00+06:00,2026-02-06T02:00:00+06:00,2026-02-05T20:00:00Z,T1,2,2026-02-05T06:00:00Z,14,6,dayahead,,0.29354,,False,mos-logistic-v0,start
2026-02-05T18:00:00Z,2026-02-06T00:00:00+06:00,2026-02-06T03:00:00+06:00,2026-02-05T21:00:00Z,T1,3,2026-02-05T06:00:00Z,15,6,dayahead,,0.262775,,False,mos-logistic-v0,start
2026-02-05T18:00:00Z,2026-02-06T00:00:00+06:00,2026-02-06T04:00:00+06:00,2026-02-05T22:00:00Z,T1,4,2026-02-05T06:00:00Z,16,6,dayahead,,0.211256,,False,mos-logistic-v0,start
2026-02-05T18:00:00Z,2026-02-06T00:00:00+06:00,2026-02-06T05:00:00+06:00,2026-02-05T23:00:00Z,T1,5,2026-02-05T06:00:00Z,17,6,dayahead,,0.116978,,False,mos-logistic-v0,start
2026-02-05T18:00:00Z,2026-02-06T00:00:00+06:00,2026-02-06T06:00:00+06:00,2026-02-06T00:00:00Z,T1,6,2026-02-05T06:00:00Z,18,6,dayahead,,0.060298,,False,mos-logistic-v0,start
2026-02-05T18:00:00Z,2026-02-06T00:00:00+06:00,2026-02-06T07:00:00+06:00,2026-02-06T01:00:00Z,T1,7,2026-02-05T06:00:00Z,19,6,dayahead,,0.043324,,False,mos-logistic-v0,start
2026-02-05T18:00:00Z,2026-02-06T00:00:00+06:00,2026-02-06T08:00:00+06:00,2026-02-06T02:00:00Z,T1,8,2026-02-05T06:00:00Z,20,6,dayahead,,0.487802,,False,mos-logistic-v0,start
2026-02-05T18:00:00Z,2026-02-06T00:00:00+06:00,2026-02-06T09:00:00+06:00,2026-02-06T03:00:00Z,T1,9,2026-02-05T06:00:00Z,21,6,dayahead,,0.619612,,False,mos-logistic-v0,start
2026-02-05T18:00:00Z,2026-02-06T00:00:00+06:00,2026-02-06T10:00:00+06:00,2026-02-06T04:00:00Z,T1,10,2026-02-05T06:00:00Z,22,6,dayahead,,0.324783,,False,mos-logistic-v0,start
2026-02-05T18:00:00Z,2026-02-06T00:00:00+06:00,2026-02-06T11:00:00+06:00,2026-02-06T05:00:00Z,T1,11,2026-02-05T06:00:00Z,23,6,dayahead,,0.102686,,False,mos-logistic-v0,start
2026-02-05T18:00:00Z,2026-02-06T00:00:00+06:00,2026-02-06T12:00:00+06:00,2026-02-06T06:00:00Z,T1,12,2026-02-05T06:00:00Z,24,6,dayahead,,0.300819,,False,mos-logistic-v0,start
2026-02-05T18:00:00Z,2026-02-06T00:00:00+06:00,2026-02-06T13:00:00+06:00,2026-02-06T07:00:00Z,T1,13,2026-02-05T06:00:00Z,25,6,dayahead,,0.828531,,False,mos-logistic-v0,start
2026-02-05T18:00:00Z,2026-02-06T00:00:00+06:00,2026-02-06T14:00:00+06:00,2026-02-06T08:00:00Z,T1,14,2026-02-05T06:00:00Z,26,6,dayahead,,0.902951,,False,mos-logistic-v0,start
2026-02-05T18:00:00Z,2026-02-06T00:00:00+06:00,2026-02-06T15:00:00+06:00,2026-02-06T09:00:00Z,T1,15,2026-02-05T06:00:00Z,27,6,dayahead,,0.973853,,False,mos-logistic-v0,start
2026-02-05T18:00:00Z,2026-02-06T00:00:00+06:00,2026-02-06T16:00:00+06:00,2026-02-06T10:00:00Z,T1,16,2026-02-05T06:00:00Z,28,6,dayahead,,0.98785,,False,mos-logistic-v0,start
2026-02-05T18:00:00Z,2026-02-06T00:00:00+06:00,2026-02-06T17:00:00+06:00,2026-02-06T11:00:00Z,T1,17,2026-02-05T06:00:00Z,29,6,dayahead,,0.99,,False,mos-logistic-v0,start
2026-02-05T18:00:00Z,2026-02-06T00:00:00+06:00,2026-02-06T18:00:00+06:00,2026-02-06T12:00:00Z,T1,18,2026-02-05T06:00:00Z,30,6,dayahead,,0.99,,False,mos-logistic-v0,start
2026-02-05T18:00:00Z,2026-02-06T00:00:00+06:00,2026-02-06T19:00:00+06:00,2026-02-06T13:00:00Z,T1,19,2026-02-05T06:00:00Z,31,6,dayahead,,0.99,,False,mos-logistic-v0,start
2026-02-05T18:00:00Z,2026-02-06T00:00:00+06:00,2026-02-06T20:00:00+06:00,2026-02-06T14:00:00Z,T1,20,2026-02-05T06:00:00Z,32,6,dayahead,,0.99,,False,mos-logistic-v0,start
2026-02-05T18:00:00Z,2026-02-06T00:00:00+06:00,2026-02-06T21:00:00+06:00,2026-02-06T15:00:00Z,T1,21,2026-02-05T06:00:00Z,33,6,dayahead,,0.99,,False,mos-logistic-v0,start
2026-02-05T18:00:00Z,2026-02-06T00:00:00+06:00,2026-02-06T22:00:00+06:00,2026-02-06T16:00:00Z,T1,22,2026-02-05T06:00:00Z,34,6,dayahead,,0.986248,,False,mos-logistic-v0,start
2026-02-05T18:00:00Z,2026-02-06T00:00:00+06:00,2026-02-06T23:00:00+06:00,2026-02-06T17:00:00Z,T1,23,2026-02-05T06:00:00Z,35,6,dayahead,,0.974726,,False,mos-logistic-v0,start
2026-02-05T18:00:00Z,2026-02-06T00:00:00+06:00,2026-02-07T00:00:00+06:00,2026-02-06T18:00:00Z,T1,24,2026-02-05T06:00:00Z,36,6,dayahead,,0.94536,,False,mos-logistic-v0,start
2026-02-05T18:00:00Z,2026-02-06T00:00:00+06:00,2026-02-07T01:00:00+06:00,2026-02-06T19:00:00Z,T1,25,2026-02-05T06:00:00Z,37,6,dayahead,,0.832456,,False,mos-logistic-v0,start
2026-02-05T18:00:00Z,2026-02-06T00:00:00+06:00,2026-02-07T02:00:00+06:00,2026-02-06T20:00:00Z,T1,26,2026-02-05T06:00:00Z,38,6,dayahead,,0.622892,,False,mos-logistic-v0,start
2026-02-05T18:00:00Z,2026-02-06T00:00:00+06:00,2026-02-07T03:00:00+06:00,2026-02-06T21:00:00Z,T1,27,2026-02-05T06:00:00Z,39,6,dayahead,,0.401959,,False,mos-logistic-v0,start
2026-02-05T18:00:00Z,2026-02-06T00:00:00+06:00,2026-02-07T04:00:00+06:00,2026-02-06T22:00:00Z,T1,28,2026-02-05T06:00:00Z,40,6,dayahead,,0.227973,,False,mos-logistic-v0,start
2026-02-05T18:00:00Z,2026-02-06T00:00:00+06:00,2026-02-07T05:00:00+06:00,2026-02-06T23:00:00Z,T1,29,2026-02-05T06:00:00Z,41,6,dayahead,,0.187895,,False,mos-logistic-v0,start
2026-02-05T18:00:00Z,2026-02-06T00:00:00+06:00,2026-02-07T06:00:00+06:00,2026-02-07T00:00:00Z,T1,30,2026-02-05T06:00:00Z,42,6,dayahead,,0.204371,,False,mos-logistic-v0,start
2026-02-05T18:00:00Z,2026-02-06T00:00:00+06:00,2026-02-07T07:00:00+06:00,2026-02-07T01:00:00Z,T1,31,2026-02-05T06:00:00Z,43,6,dayahead,,0.134581,,False,mos-logistic-v0,start
2026-02-05T18:00:00Z,2026-02-06T00:00:00+06:00,2026-02-07T08:00:00+06:00,2026-02-07T02:00:00Z,T1,32,2026-02-05T06:00:00Z,44,6,dayahead,,0.04107,,False,mos-logistic-v0,start
2026-02-05T18:00:00Z,2026-02-06T00:00:00+06:00,2026-02-07T09:00:00+06:00,2026-02-07T03:00:00Z,T1,33,2026-02-05T06:00:00Z,45,6,dayahead,,0.016105,,False,mos-logistic-v0,start
2026-02-05T18:00:00Z,2026-02-06T00:00:00+06:00,2026-02-07T10:00:00+06:00,2026-02-07T04:00:00Z,T1,34,2026-02-05T06:00:00Z,46,6,dayahead,,0.028556,,False,mos-logistic-v0,start
2026-02-05T18:00:00Z,2026-02-06T00:00:00+06:00,2026-02-07T11:00:00+06:00,2026-02-07T05:00:00Z,T1,35,2026-02-05T06:00:00Z,47,6,dayahead,,0.052173,,False,mos-logistic-v0,start
2026-02-05T18:00:00Z,2026-02-06T00:00:00+06:00,2026-02-07T12:00:00+06:00,2026-02-07T06:00:00Z,T1,36,2026-02-05T06:00:00Z,48,6,dayahead,,0.105942,,False,mos-logistic-v0,start
2026-02-05T18:00:00Z,2026-02-06T00:00:00+06:00,2026-02-07T13:00:00+06:00,2026-02-07T07:00:00Z,T1,37,2026-02-05T06:00:00Z,49,6,dayahead,,0.195454,,False,mos-logistic-v0,start
2026-02-05T18:00:00Z,2026-02-06T00:00:00+06:00,2026-02-07T14:00:00+06:00,2026-02-07T08:00:00Z,T1,38,2026-02-05T06:00:00Z,50,6,dayahead,,0.275107,,False,mos-logistic-v0,start
2026-02-05T18:00:00Z,2026-02-06T00:00:00+06:00,2026-02-07T15:00:00+06:00,2026-02-07T09:00:00Z,T1,39,2026-02-05T06:00:00Z,51,6,dayahead,,0.25741,,False,mos-logistic-v0,start
2026-02-05T18:00:00Z,2026-02-06T00:00:00+06:00,2026-02-07T16:00:00+06:00,2026-02-07T10:00:00Z,T1,40,2026-02-05T06:00:00Z,52,6,dayahead,,0.171467,,False,mos-logistic-v0,start
2026-02-05T18:00:00Z,2026-02-06T00:00:00+06:00,2026-02-07T17:00:00+06:00,2026-02-07T11:00:00Z,T1,41,2026-02-05T06:00:00Z,53,6,dayahead,,0.098896,,False,mos-logistic-v0,start
2026-02-05T18:00:00Z,2026-02-06T00:00:00+06:00,2026-02-07T18:00:00+06:00,2026-02-07T12:00:00Z,T1,42,2026-02-05T06:00:00Z,54,6,dayahead,,0.018218,,False,mos-logistic-v0,start
2026-02-05T18:00:00Z,2026-02-06T00:00:00+06:00,2026-02-07T19:00:00+06:00,2026-02-07T13:00:00Z,T1,43,2026-02-05T06:00:00Z,55,6,dayahead,,0.432454,,False,mos-logistic-v0,start
2026-02-05T18:00:00Z,2026-02-06T00:00:00+06:00,2026-02-07T20:00:00+06:00,2026-02-07T14:00:00Z,T1,44,2026-02-05T06:00:00Z,56,6,dayahead,,0.68732,,False,mos-logistic-v0,start
2026-02-05T18:00:00Z,2026-02-06T00:00:00+06:00,2026-02-07T21:00:00+06:00,2026-02-07T15:00:00Z,T1,45,2026-02-05T06:00:00Z,57,6,dayahead,,0.751802,,False,mos-logistic-v0,start
2026-02-05T18:00:00Z,2026-02-06T00:00:00+06:00,2026-02-07T22:00:00+06:00,2026-02-07T16:00:00Z,T1,46,2026-02-05T06:00:00Z,58,6,dayahead,,0.68732,,False,mos-logistic-v0,start
2026-02-05T18:00:00Z,2026-02-06T00:00:00+06:00,2026-02-07T23:00:00+06:00,2026-02-07T17:00:00Z,T1,47,2026-02-05T06:00:00Z,59,6,dayahead,,0.730414,,False,mos-logistic-v0,start
2026-02-05T18:00:00Z,2026-02-06T00:00:00+06:00,2026-02-06T00:00:00+06:00,2026-02-05T18:00:00Z,T2,0,2026-02-05T06:00:00Z,12,6,dayahead,,0.49477,,False,mos-logistic-v0,start
2026-02-05T18:00:00Z,2026-02-06T00:00:00+06:00,2026-02-06T01:00:00+06:00,2026-02-05T19:00:00Z,T2,1,2026-02-05T06:00:00Z,13,6,dayahead,,0.382028,,False,mos-logistic-v0,start
2026-02-05T18:00:00Z,2026-02-06T00:00:00+06:00,2026-02-06T02:00:00+06:00,2026-02-05T20:00:00Z,T2,2,2026-02-05T06:00:00Z,14,6,dayahead,,0.29354,,False,mos-logistic-v0,start
2026-02-05T18:00:00Z,2026-02-06T00:00:00+06:00,2026-02-06T03:00:00+06:00,2026-02-05T21:00:00Z,T2,3,2026-02-05T06:00:00Z,15,6,dayahead,,0.262775,,False,mos-logistic-v0,start
2026-02-05T18:00:00Z,2026-02-06T00:00:00+06:00,2026-02-06T04:00:00+06:00,2026-02-05T22:00:00Z,T2,4,2026-02-05T06:00:00Z,16,6,dayahead,,0.211256,,False,mos-logistic-v0,start
2026-02-05T18:00:00Z,2026-02-06T00:00:00+06:00,2026-02-06T05:00:00+06:00,2026-02-05T23:00:00Z,T2,5,2026-02-05T06:00:00Z,17,6,dayahead,,0.116978,,False,mos-logistic-v0,start
2026-02-05T18:00:00Z,2026-02-06T00:00:00+06:00,2026-02-06T06:00:00+06:00,2026-02-06T00:00:00Z,T2,6,2026-02-05T06:00:00Z,18,6,dayahead,,0.060298,,False,mos-logistic-v0,start
2026-02-05T18:00:00Z,2026-02-06T00:00:00+06:00,2026-02-06T07:00:00+06:00,2026-02-06T01:00:00Z,T2,7,2026-02-05T06:00:00Z,19,6,dayahead,,0.043324,,False,mos-logistic-v0,start
2026-02-05T18:00:00Z,2026-02-06T00:00:00+06:00,2026-02-06T08:00:00+06:00,2026-02-06T02:00:00Z,T2,8,2026-02-05T06:00:00Z,20,6,dayahead,,0.487802,,False,mos-logistic-v0,start
2026-02-05T18:00:00Z,2026-02-06T00:00:00+06:00,2026-02-06T09:00:00+06:00,2026-02-06T03:00:00Z,T2,9,2026-02-05T06:00:00Z,21,6,dayahead,,0.619612,,False,mos-logistic-v0,start
2026-02-05T18:00:00Z,2026-02-06T00:00:00+06:00,2026-02-06T10:00:00+06:00,2026-02-06T04:00:00Z,T2,10,2026-02-05T06:00:00Z,22,6,dayahead,,0.324783,,False,mos-logistic-v0,start
2026-02-05T18:00:00Z,2026-02-06T00:00:00+06:00,2026-02-06T11:00:00+06:00,2026-02-06T05:00:00Z,T2,11,2026-02-05T06:00:00Z,23,6,dayahead,,0.102686,,False,mos-logistic-v0,start
2026-02-05T18:00:00Z,2026-02-06T00:00:00+06:00,2026-02-06T12:00:00+06:00,2026-02-06T06:00:00Z,T2,12,2026-02-05T06:00:00Z,24,6,dayahead,,0.300819,,False,mos-logistic-v0,start
2026-02-05T18:00:00Z,2026-02-06T00:00:00+06:00,2026-02-06T13:00:00+06:00,2026-02-06T07:00:00Z,T2,13,2026-02-05T06:00:00Z,25,6,dayahead,,0.828531,,False,mos-logistic-v0,start
2026-02-05T18:00:00Z,2026-02-06T00:00:00+06:00,2026-02-06T14:00:00+06:00,2026-02-06T08:00:00Z,T2,14,2026-02-05T06:00:00Z,26,6,dayahead,,0.902951,,False,mos-logistic-v0,start
2026-02-05T18:00:00Z,2026-02-06T00:00:00+06:00,2026-02-06T15:00:00+06:00,2026-02-06T09:00:00Z,T2,15,2026-02-05T06:00:00Z,27,6,dayahead,,0.973853,,False,mos-logistic-v0,start
2026-02-05T18:00:00Z,2026-02-06T00:00:00+06:00,2026-02-06T16:00:00+06:00,2026-02-06T10:00:00Z,T2,16,2026-02-05T06:00:00Z,28,6,dayahead,,0.98785,,False,mos-logistic-v0,start
2026-02-05T18:00:00Z,2026-02-06T00:00:00+06:00,2026-02-06T17:00:00+06:00,2026-02-06T11:00:00Z,T2,17,2026-02-05T06:00:00Z,29,6,dayahead,,0.99,,False,mos-logistic-v0,start
2026-02-05T18:00:00Z,2026-02-06T00:00:00+06:00,2026-02-06T18:00:00+06:00,2026-02-06T12:00:00Z,T2,18,2026-02-05T06:00:00Z,30,6,dayahead,,0.99,,False,mos-logistic-v0,start
2026-02-05T18:00:00Z,2026-02-06T00:00:00+06:00,2026-02-06T19:00:00+06:00,2026-02-06T13:00:00Z,T2,19,2026-02-05T06:00:00Z,31,6,dayahead,,0.99,,False,mos-logistic-v0,start
2026-02-05T18:00:00Z,2026-02-06T00:00:00+06:00,2026-02-06T20:00:00+06:00,2026-02-06T14:00:00Z,T2,20,2026-02-05T06:00:00Z,32,6,dayahead,,0.99,,False,mos-logistic-v0,start
2026-02-05T18:00:00Z,2026-02-06T00:00:00+06:00,2026-02-06T21:00:00+06:00,2026-02-06T15:00:00Z,T2,21,2026-02-05T06:00:00Z,33,6,dayahead,,0.99,,False,mos-logistic-v0,start
2026-02-05T18:00:00Z,2026-02-06T00:00:00+06:00,2026-02-06T22:00:00+06:00,2026-02-06T16:00:00Z,T2,22,2026-02-05T06:00:00Z,34,6,dayahead,,0.986248,,False,mos-logistic-v0,start
2026-02-05T18:00:00Z,2026-02-06T00:00:00+06:00,2026-02-06T23:00:00+06:00,2026-02-06T17:00:00Z,T2,23,2026-02-05T06:00:00Z,35,6,dayahead,,0.974726,,False,mos-logistic-v0,start
2026-02-05T18:00:00Z,2026-02-06T00:00:00+06:00,2026-02-07T00:00:00+06:00,2026-02-06T18:00:00Z,T2,24,2026-02-05T06:00:00Z,36,6,dayahead,,0.94536,,False,mos-logistic-v0,start
2026-02-05T18:00:00Z,2026-02-06T00:00:00+06:00,2026-02-07T01:00:00+06:00,2026-02-06T19:00:00Z,T2,25,2026-02-05T06:00:00Z,37,6,dayahead,,0.832456,,False,mos-logistic-v0,start
2026-02-05T18:00:00Z,2026-02-06T00:00:00+06:00,2026-02-07T02:00:00+06:00,2026-02-06T20:00:00Z,T2,26,2026-02-05T06:00:00Z,38,6,dayahead,,0.622892,,False,mos-logistic-v0,start
2026-02-05T18:00:00Z,2026-02-06T00:00:00+06:00,2026-02-07T03:00:00+06:00,2026-02-06T21:00:00Z,T2,27,2026-02-05T06:00:00Z,39,6,dayahead,,0.401959,,False,mos-logistic-v0,start
2026-02-05T18:00:00Z,2026-02-06T00:00:00+06:00,2026-02-07T04:00:00+06:00,2026-02-06T22:00:00Z,T2,28,2026-02-05T06:00:00Z,40,6,dayahead,,0.227973,,False,mos-logistic-v0,start
2026-02-05T18:00:00Z,2026-02-06T00:00:00+06:00,2026-02-07T05:00:00+06:00,2026-02-06T23:00:00Z,T2,29,2026-02-05T06:00:00Z,41,6,dayahead,,0.187895,,False,mos-logistic-v0,start
2026-02-05T18:00:00Z,2026-02-06T00:00:00+06:00,2026-02-07T06:00:00+06:00,2026-02-07T00:00:00Z,T2,30,2026-02-05T06:00:00Z,42,6,dayahead,,0.204371,,False,mos-logistic-v0,start
2026-02-05T18:00:00Z,2026-02-06T00:00:00+06:00,2026-02-07T07:00:00+06:00,2026-02-07T01:00:00Z,T2,31,2026-02-05T06:00:00Z,43,6,dayahead,,0.134581,,False,mos-logistic-v0,start
2026-02-05T18:00:00Z,2026-02-06T00:00:00+06:00,2026-02-07T08:00:00+06:00,2026-02-07T02:00:00Z,T2,32,2026-02-05T06:00:00Z,44,6,dayahead,,0.04107,,False,mos-logistic-v0,start
2026-02-05T18:00:00Z,2026-02-06T00:00:00+06:00,2026-02-07T09:00:00+06:00,2026-02-07T03:00:00Z,T2,33,2026-02-05T06:00:00Z,45,6,dayahead,,0.016105,,False,mos-logistic-v0,start
2026-02-05T18:00:00Z,2026-02-06T00:00:00+06:00,2026-02-07T10:00:00+06:00,2026-02-07T04:00:00Z,T2,34,2026-02-05T06:00:00Z,46,6,dayahead,,0.028556,,False,mos-logistic-v0,start
2026-02-05T18:00:00Z,2026-02-06T00:00:00+06:00,2026-02-07T11:00:00+06:00,2026-02-07T05:00:00Z,T2,35,2026-02-05T06:00:00Z,47,6,dayahead,,0.052173,,False,mos-logistic-v0,start
2026-02-05T18:00:00Z,2026-02-06T00:00:00+06:00,2026-02-07T12:00:00+06:00,2026-02-07T06:00:00Z,T2,36,2026-02-05T06:00:00Z,48,6,dayahead,,0.105942,,False,mos-logistic-v0,start
2026-02-05T18:00:00Z,2026-02-06T00:00:00+06:00,2026-02-07T13:00:00+06:00,2026-02-07T07:00:00Z,T2,37,2026-02-05T06:00:00Z,49,6,dayahead,,0.195454,,False,mos-logistic-v0,start
2026-02-05T18:00:00Z,2026-02-06T00:00:00+06:00,2026-02-07T14:00:00+06:00,2026-02-07T08:00:00Z,T2,38,2026-02-05T06:00:00Z,50,6,dayahead,,0.275107,,False,mos-logistic-v0,start
2026-02-05T18:00:00Z,2026-02-06T00:00:00+06:00,2026-02-07T15:00:00+06:00,2026-02-07T09:00:00Z,T2,39,2026-02-05T06:00:00Z,51,6,dayahead,,0.25741,,False,mos-logistic-v0,start
2026-02-05T18:00:00Z,2026-02-06T00:00:00+06:00,2026-02-07T16:00:00+06:00,2026-02-07T10:00:00Z,T2,40,2026-02-05T06:00:00Z,52,6,dayahead,,0.171467,,False,mos-logistic-v0,start
2026-02-05T18:00:00Z,2026-02-06T00:00:00+06:00,2026-02-07T17:00:00+06:00,2026-02-07T11:00:00Z,T2,41,2026-02-05T06:00:00Z,53,6,dayahead,,0.098896,,False,mos-logistic-v0,start
2026-02-05T18:00:00Z,2026-02-06T00:00:00+06:00,2026-02-07T18:00:00+06:00,2026-02-07T12:00:00Z,T2,42,2026-02-05T06:00:00Z,54,6,dayahead,,0.018218,,False,mos-logistic-v0,start
2026-02-05T18:00:00Z,2026-02-06T00:00:00+06:00,2026-02-07T19:00:00+06:00,2026-02-07T13:00:00Z,T2,43,2026-02-05T06:00:00Z,55,6,dayahead,,0.432454,,False,mos-logistic-v0,start
2026-02-05T18:00:00Z,2026-02-06T00:00:00+06:00,2026-02-07T20:00:00+06:00,2026-02-07T14:00:00Z,T2,44,2026-02-05T06:00:00Z,56,6,dayahead,,0.68732,,False,mos-logistic-v0,start
2026-02-05T18:00:00Z,2026-02-06T00:00:00+06:00,2026-02-07T21:00:00+06:00,2026-02-07T15:00:00Z,T2,45,2026-02-05T06:00:00Z,57,6,dayahead,,0.751802,,False,mos-logistic-v0,start
2026-02-05T18:00:00Z,2026-02-06T00:00:00+06:00,2026-02-07T22:00:00+06:00,2026-02-07T16:00:00Z,T2,46,2026-02-05T06:00:00Z,58,6,dayahead,,0.68732,,False,mos-logistic-v0,start
2026-02-05T18:00:00Z,2026-02-06T00:00:00+06:00,2026-02-07T23:00:00+06:00,2026-02-07T17:00:00Z,T2,47,2026-02-05T06:00:00Z,59,6,dayahead,,0.730414,,False,mos-logistic-v0,start
2026-02-06T18:00:00Z,2026-02-07T00:00:00+06:00,2026-02-07T00:00:00+06:00,2026-02-06T18:00:00Z,T1,0,2026-02-06T06:00:00Z,12,6,dayahead,,0.753101,,False,mos-logistic-v0,start
2026-02-06T18:00:00Z,2026-02-07T00:00:00+06:00,2026-02-07T01:00:00+06:00,2026-02-06T19:00:00Z,T1,1,2026-02-06T06:00:00Z,13,6,dayahead,,0.647118,,False,mos-logistic-v0,start
2026-02-06T18:00:00Z,2026-02-07T00:00:00+06:00,2026-02-07T02:00:00+06:00,2026-02-06T20:00:00Z,T1,2,2026-02-06T06:00:00Z,14,6,dayahead,,0.396943,,False,mos-logistic-v0,start
2026-02-06T18:00:00Z,2026-02-07T00:00:00+06:00,2026-02-07T03:00:00+06:00,2026-02-06T21:00:00Z,T1,3,2026-02-06T06:00:00Z,15,6,dayahead,,0.284943,,False,mos-logistic-v0,start
2026-02-06T18:00:00Z,2026-02-07T00:00:00+06:00,2026-02-07T04:00:00+06:00,2026-02-06T22:00:00Z,T1,4,2026-02-06T06:00:00Z,16,6,dayahead,,0.252116,,False,mos-logistic-v0,start
2026-02-06T18:00:00Z,2026-02-07T00:00:00+06:00,2026-02-07T05:00:00+06:00,2026-02-06T23:00:00Z,T1,5,2026-02-06T06:00:00Z,17,6,dayahead,,0.158044,,False,mos-logistic-v0,start
2026-02-06T18:00:00Z,2026-02-07T00:00:00+06:00,2026-02-07T06:00:00+06:00,2026-02-07T00:00:00Z,T1,6,2026-02-06T06:00:00Z,18,6,dayahead,,0.15166,,False,mos-logistic-v0,start
2026-02-06T18:00:00Z,2026-02-07T00:00:00+06:00,2026-02-07T07:00:00+06:00,2026-02-07T01:00:00Z,T1,7,2026-02-06T06:00:00Z,19,6,dayahead,,0.081761,,False,mos-logistic-v0,start
2026-02-06T18:00:00Z,2026-02-07T00:00:00+06:00,2026-02-07T08:00:00+06:00,2026-02-07T02:00:00Z,T1,8,2026-02-06T06:00:00Z,20,6,dayahead,,0.017247,,False,mos-logistic-v0,start
2026-02-06T18:00:00Z,2026-02-07T00:00:00+06:00,2026-02-07T09:00:00+06:00,2026-02-07T03:00:00Z,T1,9,2026-02-06T06:00:00Z,21,6,dayahead,,0.029142,,False,mos-logistic-v0,start
2026-02-06T18:00:00Z,2026-02-07T00:00:00+06:00,2026-02-07T10:00:00+06:00,2026-02-07T04:00:00Z,T1,10,2026-02-06T06:00:00Z,22,6,dayahead,,0.039986,,False,mos-logistic-v0,start
2026-02-06T18:00:00Z,2026-02-07T00:00:00+06:00,2026-02-07T11:00:00+06:00,2026-02-07T05:00:00Z,T1,11,2026-02-06T06:00:00Z,23,6,dayahead,,0.112727,,False,mos-logistic-v0,start
2026-02-06T18:00:00Z,2026-02-07T00:00:00+06:00,2026-02-07T12:00:00+06:00,2026-02-07T06:00:00Z,T1,12,2026-02-06T06:00:00Z,24,6,dayahead,,0.340251,,False,mos-logistic-v0,start
2026-02-06T18:00:00Z,2026-02-07T00:00:00+06:00,2026-02-07T13:00:00+06:00,2026-02-07T07:00:00Z,T1,13,2026-02-06T06:00:00Z,25,6,dayahead,,0.434166,,False,mos-logistic-v0,start
2026-02-06T18:00:00Z,2026-02-07T00:00:00+06:00,2026-02-07T14:00:00+06:00,2026-02-07T08:00:00Z,T1,14,2026-02-06T06:00:00Z,26,6,dayahead,,0.42222,,False,mos-logistic-v0,start
2026-02-06T18:00:00Z,2026-02-07T00:00:00+06:00,2026-02-07T15:00:00+06:00,2026-02-07T09:00:00Z,T1,15,2026-02-06T06:00:00Z,27,6,dayahead,,0.282111,,False,mos-logistic-v0,start
2026-02-06T18:00:00Z,2026-02-07T00:00:00+06:00,2026-02-07T16:00:00+06:00,2026-02-07T10:00:00Z,T1,16,2026-02-06T06:00:00Z,28,6,dayahead,,0.119889,,False,mos-logistic-v0,start
2026-02-06T18:00:00Z,2026-02-07T00:00:00+06:00,2026-02-07T17:00:00+06:00,2026-02-07T11:00:00Z,T1,17,2026-02-06T06:00:00Z,29,6,dayahead,,0.050476,,False,mos-logistic-v0,start
2026-02-06T18:00:00Z,2026-02-07T00:00:00+06:00,2026-02-07T18:00:00+06:00,2026-02-07T12:00:00Z,T1,18,2026-02-06T06:00:00Z,30,6,dayahead,,0.017366,,False,mos-logistic-v0,start
2026-02-06T18:00:00Z,2026-02-07T00:00:00+06:00,2026-02-07T19:00:00+06:00,2026-02-07T13:00:00Z,T1,19,2026-02-06T06:00:00Z,31,6,dayahead,,0.340251,,False,mos-logistic-v0,start
2026-02-06T18:00:00Z,2026-02-07T00:00:00+06:00,2026-02-07T20:00:00+06:00,2026-02-07T14:00:00Z,T1,20,2026-02-06T06:00:00Z,32,6,dayahead,,0.569251,,False,mos-logistic-v0,start
2026-02-06T18:00:00Z,2026-02-07T00:00:00+06:00,2026-02-07T21:00:00+06:00,2026-02-07T15:00:00Z,T1,21,2026-02-06T06:00:00Z,33,6,dayahead,,0.659745,,False,mos-logistic-v0,start
2026-02-06T18:00:00Z,2026-02-07T00:00:00+06:00,2026-02-07T22:00:00+06:00,2026-02-07T16:00:00Z,T1,22,2026-02-06T06:00:00Z,34,6,dayahead,,0.827538,,False,mos-logistic-v0,start
2026-02-06T18:00:00Z,2026-02-07T00:00:00+06:00,2026-02-07T23:00:00+06:00,2026-02-07T17:00:00Z,T1,23,2026-02-06T06:00:00Z,35,6,dayahead,,0.913953,,False,mos-logistic-v0,start
2026-02-06T18:00:00Z,2026-02-07T00:00:00+06:00,2026-02-08T00:00:00+06:00,2026-02-07T18:00:00Z,T1,24,2026-02-06T06:00:00Z,36,6,dayahead,,0.942784,,False,mos-logistic-v0,start
2026-02-06T18:00:00Z,2026-02-07T00:00:00+06:00,2026-02-08T01:00:00+06:00,2026-02-07T19:00:00Z,T1,25,2026-02-06T06:00:00Z,37,6,dayahead,,0.954305,,False,mos-logistic-v0,start
2026-02-06T18:00:00Z,2026-02-07T00:00:00+06:00,2026-02-08T02:00:00+06:00,2026-02-07T20:00:00Z,T1,26,2026-02-06T06:00:00Z,38,6,dayahead,,0.933497,,False,mos-logistic-v0,start
2026-02-06T18:00:00Z,2026-02-07T00:00:00+06:00,2026-02-08T03:00:00+06:00,2026-02-07T21:00:00Z,T1,27,2026-02-06T06:00:00Z,39,6,dayahead,,0.902951,,False,mos-logistic-v0,start
2026-02-06T18:00:00Z,2026-02-07T00:00:00+06:00,2026-02-08T04:00:00+06:00,2026-02-07T22:00:00Z,T1,28,2026-02-06T06:00:00Z,40,6,dayahead,,0.85709,,False,mos-logistic-v0,start
2026-02-06T18:00:00Z,2026-02-07T00:00:00+06:00,2026-02-08T05:00:00+06:00,2026-02-07T23:00:00Z,T1,29,2026-02-06T06:00:00Z,41,6,dayahead,,0.775683,,False,mos-logistic-v0,start
2026-02-06T18:00:00Z,2026-02-07T00:00:00+06:00,2026-02-08T06:00:00+06:00,2026-02-08T00:00:00Z,T1,30,2026-02-06T06:00:00Z,42,6,dayahead,,0.730414,,False,mos-logistic-v0,start
2026-02-06T18:00:00Z,2026-02-07T00:00:00+06:00,2026-02-08T07:00:00+06:00,2026-02-08T01:00:00Z,T1,31,2026-02-06T06:00:00Z,43,6,dayahead,,0.659745,,False,mos-logistic-v0,start
2026-02-06T18:00:00Z,2026-02-07T00:00:00+06:00,2026-02-08T08:00:00+06:00,2026-02-08T02:00:00Z,T1,32,2026-02-06T06:00:00Z,44,6,dayahead,,0.531322,,False,mos-logistic-v0,start
2026-02-06T18:00:00Z,2026-02-07T00:00:00+06:00,2026-02-08T09:00:00+06:00,2026-02-08T03:00:00Z,T1,33,2026-02-06T06:00:00Z,45,6,dayahead,,0.296439,,False,mos-logistic-v0,start
2026-02-06T18:00:00Z,2026-02-07T00:00:00+06:00,2026-02-08T10:00:00+06:00,2026-02-08T04:00:00Z,T1,34,2026-02-06T06:00:00Z,46,6,dayahead,,0.167542,,False,mos-logistic-v0,start
2026-02-06T18:00:00Z,2026-02-07T00:00:00+06:00,2026-02-08T11:00:00+06:00,2026-02-08T05:00:00Z,T1,35,2026-02-06T06:00:00Z,47,6,dayahead,,0.090534,,False,mos-logistic-v0,start
2026-02-06T18:00:00Z,2026-02-07T00:00:00+06:00,2026-02-08T12:00:00+06:00,2026-02-08T06:00:00Z,T1,36,2026-02-06T06:00:00Z,48,6,dayahead,,0.03867,,False,mos-logistic-v0,start
2026-02-06T18:00:00Z,2026-02-07T00:00:00+06:00,2026-02-08T13:00:00+06:00,2026-02-08T07:00:00Z,T1,37,2026-02-06T06:00:00Z,49,6,dayahead,,0.020186,,False,mos-logistic-v0,start
2026-02-06T18:00:00Z,2026-02-07T00:00:00+06:00,2026-02-08T14:00:00+06:00,2026-02-08T08:00:00Z,T1,38,2026-02-06T06:00:00Z,50,6,dayahead,,0.033581,,False,mos-logistic-v0,start
2026-02-06T18:00:00Z,2026-02-07T00:00:00+06:00,2026-02-08T15:00:00+06:00,2026-02-08T09:00:00Z,T1,39,2026-02-06T06:00:00Z,51,6,dayahead,,0.162737,,False,mos-logistic-v0,start
2026-02-06T18:00:00Z,2026-02-07T00:00:00+06:00,2026-02-08T16:00:00+06:00,2026-02-08T10:00:00Z,T1,40,2026-02-06T06:00:00Z,52,6,dayahead,,0.591316,,False,mos-logistic-v0,start
2026-02-06T18:00:00Z,2026-02-07T00:00:00+06:00,2026-02-08T17:00:00+06:00,2026-02-08T11:00:00Z,T1,41,2026-02-06T06:00:00Z,53,6,dayahead,,0.89206,,False,mos-logistic-v0,start
2026-02-06T18:00:00Z,2026-02-07T00:00:00+06:00,2026-02-08T18:00:00+06:00,2026-02-08T12:00:00Z,T1,42,2026-02-06T06:00:00Z,54,6,dayahead,,0.949188,,False,mos-logistic-v0,start
2026-02-06T18:00:00Z,2026-02-07T00:00:00+06:00,2026-02-08T19:00:00+06:00,2026-02-08T13:00:00Z,T1,43,2026-02-06T06:00:00Z,55,6,dayahead,,0.959474,,False,mos-logistic-v0,start
2026-02-06T18:00:00Z,2026-02-07T00:00:00+06:00,2026-02-08T20:00:00+06:00,2026-02-08T14:00:00Z,T1,44,2026-02-06T06:00:00Z,56,6,dayahead,,0.978681,,False,mos-logistic-v0,start
2026-02-06T18:00:00Z,2026-02-07T00:00:00+06:00,2026-02-08T21:00:00+06:00,2026-02-08T15:00:00Z,T1,45,2026-02-06T06:00:00Z,57,6,dayahead,,0.979676,,False,mos-logistic-v0,start
2026-02-06T18:00:00Z,2026-02-07T00:00:00+06:00,2026-02-08T22:00:00+06:00,2026-02-08T16:00:00Z,T1,46,2026-02-06T06:00:00Z,58,6,dayahead,,0.982029,,False,mos-logistic-v0,start
2026-02-06T18:00:00Z,2026-02-07T00:00:00+06:00,2026-02-08T23:00:00+06:00,2026-02-08T17:00:00Z,T1,47,2026-02-06T06:00:00Z,59,6,dayahead,,0.979396,,False,mos-logistic-v0,start
2026-02-06T18:00:00Z,2026-02-07T00:00:00+06:00,2026-02-07T00:00:00+06:00,2026-02-06T18:00:00Z,T2,0,2026-02-06T06:00:00Z,12,6,dayahead,,0.753101,,False,mos-logistic-v0,start
2026-02-06T18:00:00Z,2026-02-07T00:00:00+06:00,2026-02-07T01:00:00+06:00,2026-02-06T19:00:00Z,T2,1,2026-02-06T06:00:00Z,13,6,dayahead,,0.647118,,False,mos-logistic-v0,start
2026-02-06T18:00:00Z,2026-02-07T00:00:00+06:00,2026-02-07T02:00:00+06:00,2026-02-06T20:00:00Z,T2,2,2026-02-06T06:00:00Z,14,6,dayahead,,0.396943,,False,mos-logistic-v0,start
2026-02-06T18:00:00Z,2026-02-07T00:00:00+06:00,2026-02-07T03:00:00+06:00,2026-02-06T21:00:00Z,T2,3,2026-02-06T06:00:00Z,15,6,dayahead,,0.284943,,False,mos-logistic-v0,start
2026-02-06T18:00:00Z,2026-02-07T00:00:00+06:00,2026-02-07T04:00:00+06:00,2026-02-06T22:00:00Z,T2,4,2026-02-06T06:00:00Z,16,6,dayahead,,0.252116,,False,mos-logistic-v0,start
2026-02-06T18:00:00Z,2026-02-07T00:00:00+06:00,2026-02-07T05:00:00+06:00,2026-02-06T23:00:00Z,T2,5,2026-02-06T06:00:00Z,17,6,dayahead,,0.158044,,False,mos-logistic-v0,start
2026-02-06T18:00:00Z,2026-02-07T00:00:00+06:00,2026-02-07T06:00:00+06:00,2026-02-07T00:00:00Z,T2,6,2026-02-06T06:00:00Z,18,6,dayahead,,0.15166,,False,mos-logistic-v0,start
2026-02-06T18:00:00Z,2026-02-07T00:00:00+06:00,2026-02-07T07:00:00+06:00,2026-02-07T01:00:00Z,T2,7,2026-02-06T06:00:00Z,19,6,dayahead,,0.081761,,False,mos-logistic-v0,start
2026-02-06T18:00:00Z,2026-02-07T00:00:00+06:00,2026-02-07T08:00:00+06:00,2026-02-07T02:00:00Z,T2,8,2026-02-06T06:00:00Z,20,6,dayahead,,0.017247,,False,mos-logistic-v0,start
2026-02-06T18:00:00Z,2026-02-07T00:00:00+06:00,2026-02-07T09:00:00+06:00,2026-02-07T03:00:00Z,T2,9,2026-02-06T06:00:00Z,21,6,dayahead,,0.029142,,False,mos-logistic-v0,start
2026-02-06T18:00:00Z,2026-02-07T00:00:00+06:00,2026-02-07T10:00:00+06:00,2026-02-07T04:00:00Z,T2,10,2026-02-06T06:00:00Z,22,6,dayahead,,0.039986,,False,mos-logistic-v0,start
2026-02-06T18:00:00Z,2026-02-07T00:00:00+06:00,2026-02-07T11:00:00+06:00,2026-02-07T05:00:00Z,T2,11,2026-02-06T06:00:00Z,23,6,dayahead,,0.112727,,False,mos-logistic-v0,start
2026-02-06T18:00:00Z,2026-02-07T00:00:00+06:00,2026-02-07T12:00:00+06:00,2026-02-07T06:00:00Z,T2,12,2026-02-06T06:00:00Z,24,6,dayahead,,0.340251,,False,mos-logistic-v0,start
2026-02-06T18:00:00Z,2026-02-07T00:00:00+06:00,2026-02-07T13:00:00+06:00,2026-02-07T07:00:00Z,T2,13,2026-02-06T06:00:00Z,25,6,dayahead,,0.434166,,False,mos-logistic-v0,start
2026-02-06T18:00:00Z,2026-02-07T00:00:00+06:00,2026-02-07T14:00:00+06:00,2026-02-07T08:00:00Z,T2,14,2026-02-06T06:00:00Z,26,6,dayahead,,0.42222,,False,mos-logistic-v0,start
2026-02-06T18:00:00Z,2026-02-07T00:00:00+06:00,2026-02-07T15:00:00+06:00,2026-02-07T09:00:00Z,T2,15,2026-02-06T06:00:00Z,27,6,dayahead,,0.282111,,False,mos-logistic-v0,start
2026-02-06T18:00:00Z,2026-02-07T00:00:00+06:00,2026-02-07T16:00:00+06:00,2026-02-07T10:00:00Z,T2,16,2026-02-06T06:00:00Z,28,6,dayahead,,0.119889,,False,mos-logistic-v0,start
2026-02-06T18:00:00Z,2026-02-07T00:00:00+06:00,2026-02-07T17:00:00+06:00,2026-02-07T11:00:00Z,T2,17,2026-02-06T06:00:00Z,29,6,dayahead,,0.050476,,False,mos-logistic-v0,start
2026-02-06T18:00:00Z,2026-02-07T00:00:00+06:00,2026-02-07T18:00:00+06:00,2026-02-07T12:00:00Z,T2,18,2026-02-06T06:00:00Z,30,6,dayahead,,0.017366,,False,mos-logistic-v0,start
2026-02-06T18:00:00Z,2026-02-07T00:00:00+06:00,2026-02-07T19:00:00+06:00,2026-02-07T13:00:00Z,T2,19,2026-02-06T06:00:00Z,31,6,dayahead,,0.340251,,False,mos-logistic-v0,start
2026-02-06T18:00:00Z,2026-02-07T00:00:00+06:00,2026-02-07T20:00:00+06:00,2026-02-07T14:00:00Z,T2,20,2026-02-06T06:00:00Z,32,6,dayahead,,0.569251,,False,mos-logistic-v0,start
2026-02-06T18:00:00Z,2026-02-07T00:00:00+06:00,2026-02-07T21:00:00+06:00,2026-02-07T15:00:00Z,T2,21,2026-02-06T06:00:00Z,33,6,dayahead,,0.659745,,False,mos-logistic-v0,start
2026-02-06T18:00:00Z,2026-02-07T00:00:00+06:00,2026-02-07T22:00:00+06:00,2026-02-07T16:00:00Z,T2,22,2026-02-06T06:00:00Z,34,6,dayahead,,0.827538,,False,mos-logistic-v0,start
2026-02-06T18:00:00Z,2026-02-07T00:00:00+06:00,2026-02-07T23:00:00+06:00,2026-02-07T17:00:00Z,T2,23,2026-02-06T06:00:00Z,35,6,dayahead,,0.913953,,False,mos-logistic-v0,start
2026-02-06T18:00:00Z,2026-02-07T00:00:00+06:00,2026-02-08T00:00:00+06:00,2026-02-07T18:00:00Z,T2,24,2026-02-06T06:00:00Z,36,6,dayahead,,0.942784,,False,mos-logistic-v0,start
2026-02-06T18:00:00Z,2026-02-07T00:00:00+06:00,2026-02-08T01:00:00+06:00,2026-02-07T19:00:00Z,T2,25,2026-02-06T06:00:00Z,37,6,dayahead,,0.954305,,False,mos-logistic-v0,start
2026-02-06T18:00:00Z,2026-02-07T00:00:00+06:00,2026-02-08T02:00:00+06:00,2026-02-07T20:00:00Z,T2,26,2026-02-06T06:00:00Z,38,6,dayahead,,0.933497,,False,mos-logistic-v0,start
2026-02-06T18:00:00Z,2026-02-07T00:00:00+06:00,2026-02-08T03:00:00+06:00,2026-02-07T21:00:00Z,T2,27,2026-02-06T06:00:00Z,39,6,dayahead,,0.902951,,False,mos-logistic-v0,start
2026-02-06T18:00:00Z,2026-02-07T00:00:00+06:00,2026-02-08T04:00:00+06:00,2026-02-07T22:00:00Z,T2,28,2026-02-06T06:00:00Z,40,6,dayahead,,0.85709,,False,mos-logistic-v0,start
2026-02-06T18:00:00Z,2026-02-07T00:00:00+06:00,2026-02-08T05:00:00+06:00,2026-02-07T23:00:00Z,T2,29,2026-02-06T06:00:00Z,41,6,dayahead,,0.775683,,False,mos-logistic-v0,start
2026-02-06T18:00:00Z,2026-02-07T00:00:00+06:00,2026-02-08T06:00:00+06:00,2026-02-08T00:00:00Z,T2,30,2026-02-06T06:00:00Z,42,6,dayahead,,0.730414,,False,mos-logistic-v0,start
2026-02-06T18:00:00Z,2026-02-07T00:00:00+06:00,2026-02-08T07:00:00+06:00,2026-02-08T01:00:00Z,T2,31,2026-02-06T06:00:00Z,43,6,dayahead,,0.659745,,False,mos-logistic-v0,start
2026-02-06T18:00:00Z,2026-02-07T00:00:00+06:00,2026-02-08T08:00:00+06:00,2026-02-08T02:00:00Z,T2,32,2026-02-06T06:00:00Z,44,6,dayahead,,0.531322,,False,mos-logistic-v0,start
2026-02-06T18:00:00Z,2026-02-07T00:00:00+06:00,2026-02-08T09:00:00+06:00,2026-02-08T03:00:00Z,T2,33,2026-02-06T06:00:00Z,45,6,dayahead,,0.296439,,False,mos-logistic-v0,start
2026-02-06T18:00:00Z,2026-02-07T00:00:00+06:00,2026-02-08T10:00:00+06:00,2026-02-08T04:00:00Z,T2,34,2026-02-06T06:00:00Z,46,6,dayahead,,0.167542,,False,mos-logistic-v0,start
2026-02-06T18:00:00Z,2026-02-07T00:00:00+06:00,2026-02-08T11:00:00+06:00,2026-02-08T05:00:00Z,T2,35,2026-02-06T06:00:00Z,47,6,dayahead,,0.090534,,False,mos-logistic-v0,start
2026-02-06T18:00:00Z,2026-02-07T00:00:00+06:00,2026-02-08T12:00:00+06:00,2026-02-08T06:00:00Z,T2,36,2026-02-06T06:00:00Z,48,6,dayahead,,0.03867,,False,mos-logistic-v0,start
2026-02-06T18:00:00Z,2026-02-07T00:00:00+06:00,2026-02-08T13:00:00+06:00,2026-02-08T07:00:00Z,T2,37,2026-02-06T06:00:00Z,49,6,dayahead,,0.020186,,False,mos-logistic-v0,start
2026-02-06T18:00:00Z,2026-02-07T00:00:00+06:00,2026-02-08T14:00:00+06:00,2026-02-08T08:00:00Z,T2,38,2026-02-06T06:00:00Z,50,6,dayahead,,0.033581,,False,mos-logistic-v0,start
2026-02-06T18:00:00Z,2026-02-07T00:00:00+06:00,2026-02-08T15:00:00+06:00,2026-02-08T09:00:00Z,T2,39,2026-02-06T06:00:00Z,51,6,dayahead,,0.162737,,False,mos-logistic-v0,start
2026-02-06T18:00:00Z,2026-02-07T00:00:00+06:00,2026-02-08T16:00:00+06:00,2026-02-08T10:00:00Z,T2,40,2026-02-06T06:00:00Z,52,6,dayahead,,0.591316,,False,mos-logistic-v0,start
2026-02-06T18:00:00Z,2026-02-07T00:00:00+06:00,2026-02-08T17:00:00+06:00,2026-02-08T11:00:00Z,T2,41,2026-02-06T06:00:00Z,53,6,dayahead,,0.89206,,False,mos-logistic-v0,start
2026-02-06T18:00:00Z,2026-02-07T00:00:00+06:00,2026-02-08T18:00:00+06:00,2026-02-08T12:00:00Z,T2,42,2026-02-06T06:00:00Z,54,6,dayahead,,0.949188,,False,mos-logistic-v0,start
2026-02-06T18:00:00Z,2026-02-07T00:00:00+06:00,2026-02-08T19:00:00+06:00,2026-02-08T13:00:00Z,T2,43,2026-02-06T06:00:00Z,55,6,dayahead,,0.959474,,False,mos-logistic-v0,start
2026-02-06T18:00:00Z,2026-02-07T00:00:00+06:00,2026-02-08T20:00:00+06:00,2026-02-08T14:00:00Z,T2,44,2026-02-06T06:00:00Z,56,6,dayahead,,0.978681,,False,mos-logistic-v0,start
2026-02-06T18:00:00Z,2026-02-07T00:00:00+06:00,2026-02-08T21:00:00+06:00,2026-02-08T15:00:00Z,T2,45,2026-02-06T06:00:00Z,57,6,dayahead,,0.979676,,False,mos-logistic-v0,start
2026-02-06T18:00:00Z,2026-02-07T00:00:00+06:00,2026-02-08T22:00:00+06:00,2026-02-08T16:00:00Z,T2,46,2026-02-06T06:00:00Z,58,6,dayahead,,0.982029,,False,mos-logistic-v0,start
2026-02-06T18:00:00Z,2026-02-07T00:00:00+06:00,2026-02-08T23:00:00+06:00,2026-02-08T17:00:00Z,T2,47,2026-02-06T06:00:00Z,59,6,dayahead,,0.979396,,False,mos-logistic-v0,start
2026-02-07T18:00:00Z,2026-02-08T00:00:00+06:00,2026-02-08T00:00:00+06:00,2026-02-07T18:00:00Z,T1,0,2026-02-07T06:00:00Z,12,6,dayahead,,0.921827,,False,mos-logistic-v0,start
2026-02-07T18:00:00Z,2026-02-08T00:00:00+06:00,2026-02-08T01:00:00+06:00,2026-02-07T19:00:00Z,T1,1,2026-02-07T06:00:00Z,13,6,dayahead,,0.94643,,False,mos-logistic-v0,start
2026-02-07T18:00:00Z,2026-02-08T00:00:00+06:00,2026-02-08T02:00:00+06:00,2026-02-07T20:00:00Z,T1,2,2026-02-07T06:00:00Z,14,6,dayahead,,0.924302,,False,mos-logistic-v0,start
2026-02-07T18:00:00Z,2026-02-08T00:00:00+06:00,2026-02-08T03:00:00+06:00,2026-02-07T21:00:00Z,T1,3,2026-02-07T06:00:00Z,15,6,dayahead,,0.887271,,False,mos-logistic-v0,start
2026-02-07T18:00:00Z,2026-02-08T00:00:00+06:00,2026-02-08T04:00:00+06:00,2026-02-07T22:00:00Z,T1,4,2026-02-07T06:00:00Z,16,6,dayahead,,0.82554,,False,mos-logistic-v0,start
2026-02-07T18:00:00Z,2026-02-08T00:00:00+06:00,2026-02-08T05:00:00+06:00,2026-02-07T23:00:00Z,T1,5,2026-02-07T06:00:00Z,17,6,dayahead,,0.733151,,False,mos-logistic-v0,start
2026-02-07T18:00:00Z,2026-02-08T00:00:00+06:00,2026-02-08T06:00:00+06:00,2026-02-08T00:00:00Z,T1,6,2026-02-07T06:00:00Z,18,6,dayahead,,0.734512,,False,mos-logistic-v0,start
2026-02-07T18:00:00Z,2026-02-08T00:00:00+06:00,2026-02-08T07:00:00+06:00,2026-02-08T01:00:00Z,T1,7,2026-02-07T06:00:00Z,19,6,dayahead,,0.699177,,False,mos-logistic-v0,start
2026-02-07T18:00:00Z,2026-02-08T00:00:00+06:00,2026-02-08T08:00:00+06:00,2026-02-08T02:00:00Z,T1,8,2026-02-07T06:00:00Z,20,6,dayahead,,0.52785,,False,mos-logistic-v0,start
2026-02-07T18:00:00Z,2026-02-08T00:00:00+06:00,2026-02-08T09:00:00+06:00,2026-02-08T03:00:00Z,T1,9,2026-02-07T06:00:00Z,21,6,dayahead,,0.300819,,False,mos-logistic-v0,start
2026-02-07T18:00:00Z,2026-02-08T00:00:00+06:00,2026-02-08T10:00:00+06:00,2026-02-08T04:00:00Z,T1,10,2026-02-07T06:00:00Z,22,6,dayahead,,0.125134,,False,mos-logistic-v0,start
2026-02-07T18:00:00Z,2026-02-08T00:00:00+06:00,2026-02-08T11:00:00+06:00,2026-02-08T05:00:00Z,T1,11,2026-02-07T06:00:00Z,23,6,dayahead,,0.072353,,False,mos-logistic-v0,start
2026-02-07T18:00:00Z,2026-02-08T00:00:00+06:00,2026-02-08T12:00:00+06:00,2026-02-08T06:00:00Z,T1,12,2026-02-07T06:00:00Z,24,6,dayahead,,0.045392,,False,mos-logistic-v0,start
2026-02-07T18:00:00Z,2026-02-08T00:00:00+06:00,2026-02-08T13:00:00+06:00,2026-02-08T07:00:00Z,T1,13,2026-02-07T06:00:00Z,25,6,dayahead,,0.022822,,False,mos-logistic-v0,start
2026-02-07T18:00:00Z,2026-02-08T00:00:00+06:00,2026-02-08T14:00:00+06:00,2026-02-08T08:00:00Z,T1,14,2026-02-07T06:00:00Z,26,6,dayahead,,0.016896,,False,mos-logistic-v0,start
2026-02-07T18:00:00Z,2026-02-08T00:00:00+06:00,2026-02-08T15:00:00+06:00,2026-02-08T09:00:00Z,T1,15,2026-02-07T06:00:00Z,27,6,dayahead,,0.074727,,False,mos-logistic-v0,start
2026-02-07T18:00:00Z,2026-02-08T00:00:00+06:00,2026-02-08T16:00:00+06:00,2026-02-08T10:00:00Z,T1,16,2026-02-07T06:00:00Z,28,6,dayahead,,0.391948,,False,mos-logistic-v0,start
2026-02-07T18:00:00Z,2026-02-08T00:00:00+06:00,2026-02-08T17:00:00+06:00,2026-02-08T11:00:00Z,T1,17,2026-02-07T06:00:00Z,29,6,dayahead,,0.802342,,False,mos-logistic-v0,start
2026-02-07T18:00:00Z,2026-02-08T00:00:00+06:00,2026-02-08T18:00:00+06:00,2026-02-08T12:00:00Z,T1,18,2026-02-07T06:00:00Z,30,6,dayahead,,0.921323,,False,mos-logistic-v0,start
2026-02-07T18:00:00Z,2026-02-08T00:00:00+06:00,2026-02-08T19:00:00+06:00,2026-02-08T13:00:00Z,T1,19,2026-02-07T06:00:00Z,31,6,dayahead,,0.940094,,False,mos-logistic-v0,start
2026-02-07T18:00:00Z,2026-02-08T00:00:00+06:00,2026-02-08T20:00:00+06:00,2026-02-08T14:00:00Z,T1,20,2026-02-07T06:00:00Z,32,6,dayahead,,0.958929,,False,mos-logistic-v0,start
2026-02-07T18:00:00Z,2026-02-08T00:00:00+06:00,2026-02-08T21:00:00+06:00,2026-02-08T15:00:00Z,T1,21,2026-02-07T06:00:00Z,33,6,dayahead,,0.975067,,False,mos-logistic-v0,start
2026-02-07T18:00:00Z,2026-02-08T00:00:00+06:00,2026-02-08T22:00:00+06:00,2026-02-08T16:00:00Z,T1,22,2026-02-07T06:00:00Z,34,6,dayahead,,0.976547,,False,mos-logistic-v0,start
2026-02-07T18:00:00Z,2026-02-08T00:00:00+06:00,2026-02-08T23:00:00+06:00,2026-02-08T17:00:00Z,T1,23,2026-02-07T06:00:00Z,35,6,dayahead,,0.982515,,False,mos-logistic-v0,start
2026-02-07T18:00:00Z,2026-02-08T00:00:00+06:00,2026-02-09T00:00:00+06:00,2026-02-08T18:00:00Z,T1,24,2026-02-07T06:00:00Z,36,6,dayahead,,0.980358,,False,mos-logistic-v0,start
2026-02-07T18:00:00Z,2026-02-08T00:00:00+06:00,2026-02-09T01:00:00+06:00,2026-02-08T19:00:00Z,T1,25,2026-02-07T06:00:00Z,37,6,dayahead,,0.978535,,False,mos-logistic-v0,start
2026-02-07T18:00:00Z,2026-02-08T00:00:00+06:00,2026-02-09T02:00:00+06:00,2026-02-08T20:00:00Z,T1,26,2026-02-07T06:00:00Z,38,6,dayahead,,0.977639,,False,mos-logistic-v0,start
2026-02-07T18:00:00Z,2026-02-08T00:00:00+06:00,2026-02-09T03:00:00+06:00,2026-02-08T21:00:00Z,T1,27,2026-02-07T06:00:00Z,39,6,dayahead,,0.977486,,False,mos-logistic-v0,start
2026-02-07T18:00:00Z,2026-02-08T00:00:00+06:00,2026-02-09T04:00:00+06:00,2026-02-08T22:00:00Z,T1,28,2026-02-07T06:00:00Z,40,6,dayahead,,0.973495,,False,mos-logistic-v0,start
2026-02-07T18:00:00Z,2026-02-08T00:00:00+06:00,2026-02-09T05:00:00+06:00,2026-02-08T23:00:00Z,T1,29,2026-02-07T06:00:00Z,41,6,dayahead,,0.976387,,False,mos-logistic-v0,start
2026-02-07T18:00:00Z,2026-02-08T00:00:00+06:00,2026-02-09T06:00:00+06:00,2026-02-09T00:00:00Z,T1,30,2026-02-07T06:00:00Z,42,6,dayahead,,0.964081,,False,mos-logistic-v0,start
2026-02-07T18:00:00Z,2026-02-08T00:00:00+06:00,2026-02-09T07:00:00+06:00,2026-02-09T01:00:00Z,T1,31,2026-02-07T06:00:00Z,43,6,dayahead,,0.941645,,False,mos-logistic-v0,start
2026-02-07T18:00:00Z,2026-02-08T00:00:00+06:00,2026-02-09T08:00:00+06:00,2026-02-09T02:00:00Z,T1,32,2026-02-07T06:00:00Z,44,6,dayahead,,0.929037,,False,mos-logistic-v0,start
2026-02-07T18:00:00Z,2026-02-08T00:00:00+06:00,2026-02-09T09:00:00+06:00,2026-02-09T03:00:00Z,T1,33,2026-02-07T06:00:00Z,45,6,dayahead,,0.916654,,False,mos-logistic-v0,start
2026-02-07T18:00:00Z,2026-02-08T00:00:00+06:00,2026-02-09T10:00:00+06:00,2026-02-09T04:00:00Z,T1,34,2026-02-07T06:00:00Z,46,6,dayahead,,0.888658,,False,mos-logistic-v0,start
2026-02-07T18:00:00Z,2026-02-08T00:00:00+06:00,2026-02-09T11:00:00+06:00,2026-02-09T05:00:00Z,T1,35,2026-02-07T06:00:00Z,47,6,dayahead,,0.856234,,False,mos-logistic-v0,start
2026-02-07T18:00:00Z,2026-02-08T00:00:00+06:00,2026-02-09T12:00:00+06:00,2026-02-09T06:00:00Z,T1,36,2026-02-07T06:00:00Z,48,6,dayahead,,0.88302,,False,mos-logistic-v0,start
2026-02-07T18:00:00Z,2026-02-08T00:00:00+06:00,2026-02-09T13:00:00+06:00,2026-02-09T07:00:00Z,T1,37,2026-02-07T06:00:00Z,49,6,dayahead,,0.89537,,False,mos-logistic-v0,start
2026-02-07T18:00:00Z,2026-02-08T00:00:00+06:00,2026-02-09T14:00:00+06:00,2026-02-09T08:00:00Z,T1,38,2026-02-07T06:00:00Z,50,6,dayahead,,0.866226,,False,mos-logistic-v0,start
2026-02-07T18:00:00Z,2026-02-08T00:00:00+06:00,2026-02-09T15:00:00+06:00,2026-02-09T09:00:00Z,T1,39,2026-02-07T06:00:00Z,51,6,dayahead,,0.899853,,False,mos-logistic-v0,start
2026-02-07T18:00:00Z,2026-02-08T00:00:00+06:00,2026-02-09T16:00:00+06:00,2026-02-09T10:00:00Z,T1,40,2026-02-07T06:00:00Z,52,6,dayahead,,0.916654,,False,mos-logistic-v0,start
2026-02-07T18:00:00Z,2026-02-08T00:00:00+06:00,2026-02-09T17:00:00+06:00,2026-02-09T11:00:00Z,T1,41,2026-02-07T06:00:00Z,53,6,dayahead,,0.902951,,False,mos-logistic-v0,start
2026-02-07T18:00:00Z,2026-02-08T00:00:00+06:00,2026-02-09T18:00:00+06:00,2026-02-09T12:00:00Z,T1,42,2026-02-07T06:00:00Z,54,6,dayahead,,0.89537,,False,mos-logistic-v0,start
2026-02-07T18:00:00Z,2026-02-08T00:00:00+06:00,2026-02-09T19:00:00+06:00,2026-02-09T13:00:00Z,T1,43,2026-02-07T06:00:00Z,55,6,dayahead,,0.850123,,False,mos-logistic-v0,start
2026-02-07T18:00:00Z,2026-02-08T00:00:00+06:00,2026-02-09T20:00:00+06:00,2026-02-09T14:00:00Z,T1,44,2026-02-07T06:00:00Z,56,6,dayahead,,0.754395,,False,mos-logistic-v0,start
2026-02-07T18:00:00Z,2026-02-08T00:00:00+06:00,2026-02-09T21:00:00+06:00,2026-02-09T15:00:00Z,T1,45,2026-02-07T06:00:00Z,57,6,dayahead,,0.552084,,False,mos-logistic-v0,start
2026-02-07T18:00:00Z,2026-02-08T00:00:00+06:00,2026-02-09T22:00:00+06:00,2026-02-09T16:00:00Z,T1,46,2026-02-07T06:00:00Z,58,6,dayahead,,0.305235,,False,mos-logistic-v0,start
2026-02-07T18:00:00Z,2026-02-08T00:00:00+06:00,2026-02-09T23:00:00+06:00,2026-02-09T17:00:00Z,T1,47,2026-02-07T06:00:00Z,59,6,dayahead,,0.011984,,False,mos-logistic-v0,start
2026-02-07T18:00:00Z,2026-02-08T00:00:00+06:00,2026-02-08T00:00:00+06:00,2026-02-07T18:00:00Z,T2,0,2026-02-07T06:00:00Z,12,6,dayahead,,0.921827,,False,mos-logistic-v0,start
2026-02-07T18:00:00Z,2026-02-08T00:00:00+06:00,2026-02-08T01:00:00+06:00,2026-02-07T19:00:00Z,T2,1,2026-02-07T06:00:00Z,13,6,dayahead,,0.94643,,False,mos-logistic-v0,start
2026-02-07T18:00:00Z,2026-02-08T00:00:00+06:00,2026-02-08T02:00:00+06:00,2026-02-07T20:00:00Z,T2,2,2026-02-07T06:00:00Z,14,6,dayahead,,0.924302,,False,mos-logistic-v0,start
2026-02-07T18:00:00Z,2026-02-08T00:00:00+06:00,2026-02-08T03:00:00+06:00,2026-02-07T21:00:00Z,T2,3,2026-02-07T06:00:00Z,15,6,dayahead,,0.887271,,False,mos-logistic-v0,start
2026-02-07T18:00:00Z,2026-02-08T00:00:00+06:00,2026-02-08T04:00:00+06:00,2026-02-07T22:00:00Z,T2,4,2026-02-07T06:00:00Z,16,6,dayahead,,0.82554,,False,mos-logistic-v0,start
2026-02-07T18:00:00Z,2026-02-08T00:00:00+06:00,2026-02-08T05:00:00+06:00,2026-02-07T23:00:00Z,T2,5,2026-02-07T06:00:00Z,17,6,dayahead,,0.733151,,False,mos-logistic-v0,start
2026-02-07T18:00:00Z,2026-02-08T00:00:00+06:00,2026-02-08T06:00:00+06:00,2026-02-08T00:00:00Z,T2,6,2026-02-07T06:00:00Z,18,6,dayahead,,0.734512,,False,mos-logistic-v0,start
2026-02-07T18:00:00Z,2026-02-08T00:00:00+06:00,2026-02-08T07:00:00+06:00,2026-02-08T01:00:00Z,T2,7,2026-02-07T06:00:00Z,19,6,dayahead,,0.699177,,False,mos-logistic-v0,start
2026-02-07T18:00:00Z,2026-02-08T00:00:00+06:00,2026-02-08T08:00:00+06:00,2026-02-08T02:00:00Z,T2,8,2026-02-07T06:00:00Z,20,6,dayahead,,0.52785,,False,mos-logistic-v0,start
2026-02-07T18:00:00Z,2026-02-08T00:00:00+06:00,2026-02-08T09:00:00+06:00,2026-02-08T03:00:00Z,T2,9,2026-02-07T06:00:00Z,21,6,dayahead,,0.300819,,False,mos-logistic-v0,start
2026-02-07T18:00:00Z,2026-02-08T00:00:00+06:00,2026-02-08T10:00:00+06:00,2026-02-08T04:00:00Z,T2,10,2026-02-07T06:00:00Z,22,6,dayahead,,0.125134,,False,mos-logistic-v0,start
2026-02-07T18:00:00Z,2026-02-08T00:00:00+06:00,2026-02-08T11:00:00+06:00,2026-02-08T05:00:00Z,T2,11,2026-02-07T06:00:00Z,23,6,dayahead,,0.072353,,False,mos-logistic-v0,start
2026-02-07T18:00:00Z,2026-02-08T00:00:00+06:00,2026-02-08T12:00:00+06:00,2026-02-08T06:00:00Z,T2,12,2026-02-07T06:00:00Z,24,6,dayahead,,0.045392,,False,mos-logistic-v0,start
2026-02-07T18:00:00Z,2026-02-08T00:00:00+06:00,2026-02-08T13:00:00+06:00,2026-02-08T07:00:00Z,T2,13,2026-02-07T06:00:00Z,25,6,dayahead,,0.022822,,False,mos-logistic-v0,start
2026-02-07T18:00:00Z,2026-02-08T00:00:00+06:00,2026-02-08T14:00:00+06:00,2026-02-08T08:00:00Z,T2,14,2026-02-07T06:00:00Z,26,6,dayahead,,0.016896,,False,mos-logistic-v0,start
2026-02-07T18:00:00Z,2026-02-08T00:00:00+06:00,2026-02-08T15:00:00+06:00,2026-02-08T09:00:00Z,T2,15,2026-02-07T06:00:00Z,27,6,dayahead,,0.074727,,False,mos-logistic-v0,start
2026-02-07T18:00:00Z,2026-02-08T00:00:00+06:00,2026-02-08T16:00:00+06:00,2026-02-08T10:00:00Z,T2,16,2026-02-07T06:00:00Z,28,6,dayahead,,0.391948,,False,mos-logistic-v0,start
2026-02-07T18:00:00Z,2026-02-08T00:00:00+06:00,2026-02-08T17:00:00+06:00,2026-02-08T11:00:00Z,T2,17,2026-02-07T06:00:00Z,29,6,dayahead,,0.802342,,False,mos-logistic-v0,start
2026-02-07T18:00:00Z,2026-02-08T00:00:00+06:00,2026-02-08T18:00:00+06:00,2026-02-08T12:00:00Z,T2,18,2026-02-07T06:00:00Z,30,6,dayahead,,0.921323,,False,mos-logistic-v0,start
2026-02-07T18:00:00Z,2026-02-08T00:00:00+06:00,2026-02-08T19:00:00+06:00,2026-02-08T13:00:00Z,T2,19,2026-02-07T06:00:00Z,31,6,dayahead,,0.940094,,False,mos-logistic-v0,start
2026-02-07T18:00:00Z,2026-02-08T00:00:00+06:00,2026-02-08T20:00:00+06:00,2026-02-08T14:00:00Z,T2,20,2026-02-07T06:00:00Z,32,6,dayahead,,0.958929,,False,mos-logistic-v0,start
2026-02-07T18:00:00Z,2026-02-08T00:00:00+06:00,2026-02-08T21:00:00+06:00,2026-02-08T15:00:00Z,T2,21,2026-02-07T06:00:00Z,33,6,dayahead,,0.975067,,False,mos-logistic-v0,start
2026-02-07T18:00:00Z,2026-02-08T00:00:00+06:00,2026-02-08T22:00:00+06:00,2026-02-08T16:00:00Z,T2,22,2026-02-07T06:00:00Z,34,6,dayahead,,0.976547,,False,mos-logistic-v0,start
2026-02-07T18:00:00Z,2026-02-08T00:00:00+06:00,2026-02-08T23:00:00+06:00,2026-02-08T17:00:00Z,T2,23,2026-02-07T06:00:00Z,35,6,dayahead,,0.982515,,False,mos-logistic-v0,start
2026-02-07T18:00:00Z,2026-02-08T00:00:00+06:00,2026-02-09T00:00:00+06:00,2026-02-08T18:00:00Z,T2,24,2026-02-07T06:00:00Z,36,6,dayahead,,0.980358,,False,mos-logistic-v0,start
2026-02-07T18:00:00Z,2026-02-08T00:00:00+06:00,2026-02-09T01:00:00+06:00,2026-02-08T19:00:00Z,T2,25,2026-02-07T06:00:00Z,37,6,dayahead,,0.978535,,False,mos-logistic-v0,start
2026-02-07T18:00:00Z,2026-02-08T00:00:00+06:00,2026-02-09T02:00:00+06:00,2026-02-08T20:00:00Z,T2,26,2026-02-07T06:00:00Z,38,6,dayahead,,0.977639,,False,mos-logistic-v0,start
2026-02-07T18:00:00Z,2026-02-08T00:00:00+06:00,2026-02-09T03:00:00+06:00,2026-02-08T21:00:00Z,T2,27,2026-02-07T06:00:00Z,39,6,dayahead,,0.977486,,False,mos-logistic-v0,start
2026-02-07T18:00:00Z,2026-02-08T00:00:00+06:00,2026-02-09T04:00:00+06:00,2026-02-08T22:00:00Z,T2,28,2026-02-07T06:00:00Z,40,6,dayahead,,0.973495,,False,mos-logistic-v0,start
2026-02-07T18:00:00Z,2026-02-08T00:00:00+06:00,2026-02-09T05:00:00+06:00,2026-02-08T23:00:00Z,T2,29,2026-02-07T06:00:00Z,41,6,dayahead,,0.976387,,False,mos-logistic-v0,start
2026-02-07T18:00:00Z,2026-02-08T00:00:00+06:00,2026-02-09T06:00:00+06:00,2026-02-09T00:00:00Z,T2,30,2026-02-07T06:00:00Z,42,6,dayahead,,0.964081,,False,mos-logistic-v0,start
2026-02-07T18:00:00Z,2026-02-08T00:00:00+06:00,2026-02-09T07:00:00+06:00,2026-02-09T01:00:00Z,T2,31,2026-02-07T06:00:00Z,43,6,dayahead,,0.941645,,False,mos-logistic-v0,start
2026-02-07T18:00:00Z,2026-02-08T00:00:00+06:00,2026-02-09T08:00:00+06:00,2026-02-09T02:00:00Z,T2,32,2026-02-07T06:00:00Z,44,6,dayahead,,0.929037,,False,mos-logistic-v0,start
2026-02-07T18:00:00Z,2026-02-08T00:00:00+06:00,2026-02-09T09:00:00+06:00,2026-02-09T03:00:00Z,T2,33,2026-02-07T06:00:00Z,45,6,dayahead,,0.916654,,False,mos-logistic-v0,start
2026-02-07T18:00:00Z,2026-02-08T00:00:00+06:00,2026-02-09T10:00:00+06:00,2026-02-09T04:00:00Z,T2,34,2026-02-07T06:00:00Z,46,6,dayahead,,0.888658,,False,mos-logistic-v0,start
2026-02-07T18:00:00Z,2026-02-08T00:00:00+06:00,2026-02-09T11:00:00+06:00,2026-02-09T05:00:00Z,T2,35,2026-02-07T06:00:00Z,47,6,dayahead,,0.856234,,False,mos-logistic-v0,start
2026-02-07T18:00:00Z,2026-02-08T00:00:00+06:00,2026-02-09T12:00:00+06:00,2026-02-09T06:00:00Z,T2,36,2026-02-07T06:00:00Z,48,6,dayahead,,0.88302,,False,mos-logistic-v0,start
2026-02-07T18:00:00Z,2026-02-08T00:00:00+06:00,2026-02-09T13:00:00+06:00,2026-02-09T07:00:00Z,T2,37,2026-02-07T06:00:00Z,49,6,dayahead,,0.89537,,False,mos-logistic-v0,start
2026-02-07T18:00:00Z,2026-02-08T00:00:00+06:00,2026-02-09T14:00:00+06:00,2026-02-09T08:00:00Z,T2,38,2026-02-07T06:00:00Z,50,6,dayahead,,0.866226,,False,mos-logistic-v0,start
2026-02-07T18:00:00Z,2026-02-08T00:00:00+06:00,2026-02-09T15:00:00+06:00,2026-02-09T09:00:00Z,T2,39,2026-02-07T06:00:00Z,51,6,dayahead,,0.899853,,False,mos-logistic-v0,start
2026-02-07T18:00:00Z,2026-02-08T00:00:00+06:00,2026-02-09T16:00:00+06:00,2026-02-09T10:00:00Z,T2,40,2026-02-07T06:00:00Z,52,6,dayahead,,0.916654,,False,mos-logistic-v0,start
2026-02-07T18:00:00Z,2026-02-08T00:00:00+06:00,2026-02-09T17:00:00+06:00,2026-02-09T11:00:00Z,T2,41,2026-02-07T06:00:00Z,53,6,dayahead,,0.902951,,False,mos-logistic-v0,start
2026-02-07T18:00:00Z,2026-02-08T00:00:00+06:00,2026-02-09T18:00:00+06:00,2026-02-09T12:00:00Z,T2,42,2026-02-07T06:00:00Z,54,6,dayahead,,0.89537,,False,mos-logistic-v0,start
2026-02-07T18:00:00Z,2026-02-08T00:00:00+06:00,2026-02-09T19:00:00+06:00,2026-02-09T13:00:00Z,T2,43,2026-02-07T06:00:00Z,55,6,dayahead,,0.850123,,False,mos-logistic-v0,start
2026-02-07T18:00:00Z,2026-02-08T00:00:00+06:00,2026-02-09T20:00:00+06:00,2026-02-09T14:00:00Z,T2,44,2026-02-07T06:00:00Z,56,6,dayahead,,0.754395,,False,mos-logistic-v0,start
2026-02-07T18:00:00Z,2026-02-08T00:00:00+06:00,2026-02-09T21:00:00+06:00,2026-02-09T15:00:00Z,T2,45,2026-02-07T06:00:00Z,57,6,dayahead,,0.552084,,False,mos-logistic-v0,start
2026-02-07T18:00:00Z,2026-02-08T00:00:00+06:00,2026-02-09T22:00:00+06:00,2026-02-09T16:00:00Z,T2,46,2026-02-07T06:00:00Z,58,6,dayahead,,0.305235,,False,mos-logistic-v0,start
2026-02-07T18:00:00Z,2026-02-08T00:00:00+06:00,2026-02-09T23:00:00+06:00,2026-02-09T17:00:00Z,T2,47,2026-02-07T06:00:00Z,59,6,dayahead,,0.011984,,False,mos-logistic-v0,start
2026-02-08T18:00:00Z,2026-02-09T00:00:00+06:00,2026-02-09T00:00:00+06:00,2026-02-08T18:00:00Z,T1,0,2026-02-08T06:00:00Z,12,6,dayahead,,0.984223,,False,mos-logistic-v0,start
2026-02-08T18:00:00Z,2026-02-09T00:00:00+06:00,2026-02-09T01:00:00+06:00,2026-02-08T19:00:00Z,T1,1,2026-02-08T06:00:00Z,13,6,dayahead,,0.974553,,False,mos-logistic-v0,start
2026-02-08T18:00:00Z,2026-02-09T00:00:00+06:00,2026-02-09T02:00:00+06:00,2026-02-08T20:00:00Z,T1,2,2026-02-08T06:00:00Z,14,6,dayahead,,0.981148,,False,mos-logistic-v0,start
2026-02-08T18:00:00Z,2026-02-09T00:00:00+06:00,2026-02-09T03:00:00+06:00,2026-02-08T21:00:00Z,T1,3,2026-02-08T06:00:00Z,15,6,dayahead,,0.974205,,False,mos-logistic-v0,start
2026-02-08T18:00:00Z,2026-02-09T00:00:00+06:00,2026-02-09T04:00:00+06:00,2026-02-08T22:00:00Z,T1,4,2026-02-08T06:00:00Z,16,6,dayahead,,0.976547,,False,mos-logistic-v0,start
2026-02-08T18:00:00Z,2026-02-09T00:00:00+06:00,2026-02-09T05:00:00+06:00,2026-02-08T23:00:00Z,T1,5,2026-02-08T06:00:00Z,17,6,dayahead,,0.966644,,False,mos-logistic-v0,start
2026-02-08T18:00:00Z,2026-02-09T00:00:00+06:00,2026-02-09T06:00:00+06:00,2026-02-09T00:00:00Z,T1,6,2026-02-08T06:00:00Z,18,6,dayahead,,0.942784,,False,mos-logistic-v0,start
2026-02-08T18:00:00Z,2026-02-09T00:00:00+06:00,2026-02-09T07:00:00+06:00,2026-02-09T01:00:00Z,T1,7,2026-02-08T06:00:00Z,19,6,dayahead,,0.920816,,False,mos-logistic-v0,start
2026-02-08T18:00:00Z,2026-02-09T00:00:00+06:00,2026-02-09T08:00:00+06:00,2026-02-09T02:00:00Z,T1,8,2026-02-08T06:00:00Z,20,6,dayahead,,0.909465,,False,mos-logistic-v0,start
2026-02-08T18:00:00Z,2026-02-09T00:00:00+06:00,2026-02-09T09:00:00+06:00,2026-02-09T03:00:00Z,T1,9,2026-02-08T06:00:00Z,21,6,dayahead,,0.901722,,False,mos-logistic-v0,start
2026-02-08T18:00:00Z,2026-02-09T00:00:00+06:00,2026-02-09T10:00:00+06:00,2026-02-09T04:00:00Z,T1,10,2026-02-08T06:00:00Z,22,6,dayahead,,0.927646,,False,mos-logistic-v0,start
2026-02-08T18:00:00Z,2026-02-09T00:00:00+06:00,2026-02-09T11:00:00+06:00,2026-02-09T05:00:00Z,T1,11,2026-02-08T06:00:00Z,23,6,dayahead,,0.89206,,False,mos-logistic-v0,start
2026-02-08T18:00:00Z,2026-02-09T00:00:00+06:00,2026-02-09T12:00:00+06:00,2026-02-09T06:00:00Z,T1,12,2026-02-08T06:00:00Z,24,6,dayahead,,0.91285,,False,mos-logistic-v0,start
2026-02-08T18:00:00Z,2026-02-09T00:00:00+06:00,2026-02-09T13:00:00+06:00,2026-02-09T07:00:00Z,T1,13,2026-02-08T06:00:00Z,25,6,dayahead,,0.923321,,False,mos-logistic-v0,start
2026-02-08T18:00:00Z,2026-02-09T00:00:00+06:00,2026-02-09T14:00:00+06:00,2026-02-09T08:00:00Z,T1,14,2026-02-08T06:00:00Z,26,6,dayahead,,0.894057,,False,mos-logistic-v0,start
2026-02-08T18:00:00Z,2026-02-09T00:00:00+06:00,2026-02-09T15:00:00+06:00,2026-02-09T09:00:00Z,T1,15,2026-02-08T06:00:00Z,27,6,dayahead,,0.917185,,False,mos-logistic-v0,start
2026-02-08T18:00:00Z,2026-02-09T00:00:00+06:00,2026-02-09T16:00:00+06:00,2026-02-09T10:00:00Z,T1,16,2026-02-08T06:00:00Z,28,6,dayahead,,0.863785,,False,mos-logistic-v0,start
2026-02-08T18:00:00Z,2026-02-09T00:00:00+06:00,2026-02-09T17:00:00+06:00,2026-02-09T11:00:00Z,T1,17,2026-02-08T06:00:00Z,29,6,dayahead,,0.874864,,False,mos-logistic-v0,start
2026-02-08T18:00:00Z,2026-02-09T00:00:00+06:00,2026-02-09T18:00:00+06:00,2026-02-09T12:00:00Z,T1,18,2026-02-08T06:00:00Z,30,6,dayahead,,0.800122,,False,mos-logistic-v0,start
2026-02-08T18:00:00Z,2026-02-09T00:00:00+06:00,2026-02-09T19:00:00+06:00,2026-02-09T13:00:00Z,T1,19,2026-02-08T06:00:00Z,31,6,dayahead,,0.587943,,False,mos-logistic-v0,start
2026-02-08T18:00:00Z,2026-02-09T00:00:00+06:00,2026-02-09T20:00:00+06:00,2026-02-09T14:00:00Z,T1,20,2026-02-08T06:00:00Z,32,6,dayahead,,0.362485,,False,mos-logistic-v0,start
2026-02-08T18:00:00Z,2026-02-09T00:00:00+06:00,2026-02-09T21:00:00+06:00,2026-02-09T15:00:00Z,T1,21,2026-02-08T06:00:00Z,33,6,dayahead,,0.083879,,False,mos-logistic-v0,start
2026-02-08T18:00:00Z,2026-02-09T00:00:00+06:00,2026-02-09T22:00:00+06:00,2026-02-09T16:00:00Z,T1,22,2026-02-08T06:00:00Z,34,6,dayahead,,0.016439,,False,mos-logistic-v0,start
2026-02-08T18:00:00Z,2026-02-09T00:00:00+06:00,2026-02-09T23:00:00+06:00,2026-02-09T17:00:00Z,T1,23,2026-02-08T06:00:00Z,35,6,dayahead,,0.041902,,False,mos-logistic-v0,start
2026-02-08T18:00:00Z,2026-02-09T00:00:00+06:00,2026-02-10T00:00:00+06:00,2026-02-09T18:00:00Z,T1,24,2026-02-08T06:00:00Z,36,6,dayahead,,0.086046,,False,mos-logistic-v0,start
2026-02-08T18:00:00Z,2026-02-09T00:00:00+06:00,2026-02-10T01:00:00+06:00,2026-02-09T19:00:00Z,T1,25,2026-02-08T06:00:00Z,37,6,dayahead,,0.122113,,False,mos-logistic-v0,start
2026-02-08T18:00:00Z,2026-02-09T00:00:00+06:00,2026-02-10T02:00:00+06:00,2026-02-09T20:00:00Z,T1,26,2026-02-08T06:00:00Z,38,6,dayahead,,0.071423,,False,mos-logistic-v0,start
2026-02-08T18:00:00Z,2026-02-09T00:00:00+06:00,2026-02-10T03:00:00+06:00,2026-02-09T21:00:00Z,T1,27,2026-02-08T06:00:00Z,39,6,dayahead,,0.071887,,False,mos-logistic-v0,start
2026-02-08T18:00:00Z,2026-02-09T00:00:00+06:00,2026-02-10T04:00:00+06:00,2026-02-09T22:00:00Z,T1,28,2026-02-08T06:00:00Z,40,6,dayahead,,0.075697,,False,mos-logistic-v0,start
2026-02-08T18:00:00Z,2026-02-09T00:00:00+06:00,2026-02-10T05:00:00+06:00,2026-02-09T23:00:00Z,T1,29,2026-02-08T06:00:00Z,41,6,dayahead,,0.100775,,False,mos-logistic-v0,start
2026-02-08T18:00:00Z,2026-02-09T00:00:00+06:00,2026-02-10T06:00:00+06:00,2026-02-10T00:00:00Z,T1,30,2026-02-08T06:00:00Z,42,6,dayahead,,0.180563,,False,mos-logistic-v0,start
2026-02-08T18:00:00Z,2026-02-09T00:00:00+06:00,2026-02-10T07:00:00+06:00,2026-02-10T01:00:00Z,T1,31,2026-02-08T06:00:00Z,43,6,dayahead,,0.335573,,False,mos-logistic-v0,start
2026-02-08T18:00:00Z,2026-02-09T00:00:00+06:00,2026-02-10T08:00:00+06:00,2026-02-10T02:00:00Z,T1,32,2026-02-08T06:00:00Z,44,6,dayahead,,0.312676,,False,mos-logistic-v0,start
2026-02-08T18:00:00Z,2026-02-09T00:00:00+06:00,2026-02-10T09:00:00+06:00,2026-02-10T03:00:00Z,T1,33,2026-02-08T06:00:00Z,45,6,dayahead,,0.035439,,False,mos-logistic-v0,start
2026-02-08T18:00:00Z,2026-02-09T00:00:00+06:00,2026-02-10T10:00:00+06:00,2026-02-10T04:00:00Z,T1,34,2026-02-08T06:00:00Z,46,6,dayahead,,0.395276,,False,mos-logistic-v0,start
2026-02-08T18:00:00Z,2026-02-09T00:00:00+06:00,2026-02-10T11:00:00+06:00,2026-02-10T05:00:00Z,T1,35,2026-02-08T06:00:00Z,47,6,dayahead,,0.227973,,False,mos-logistic-v0,start
2026-02-08T18:00:00Z,2026-02-09T00:00:00+06:00,2026-02-10T12:00:00+06:00,2026-02-10T06:00:00Z,T1,36,2026-02-08T06:00:00Z,48,6,dayahead,,0.080205,,False,mos-logistic-v0,start
2026-02-08T18:00:00Z,2026-02-09T00:00:00+06:00,2026-02-10T13:00:00+06:00,2026-02-10T07:00:00Z,T1,37,2026-02-08T06:00:00Z,49,6,dayahead,,0.254754,,False,mos-logistic-v0,start
2026-02-08T18:00:00Z,2026-02-09T00:00:00+06:00,2026-02-10T14:00:00+06:00,2026-02-10T08:00:00Z,T1,38,2026-02-08T06:00:00Z,50,6,dayahead,,0.643928,,False,mos-logistic-v0,start
2026-02-08T18:00:00Z,2026-02-09T00:00:00+06:00,2026-02-10T15:00:00+06:00,2026-02-10T09:00:00Z,T1,39,2026-02-08T06:00:00Z,51,6,dayahead,,0.244313,,False,mos-logistic-v0,start
2026-02-08T18:00:00Z,2026-02-09T00:00:00+06:00,2026-02-10T16:00:00+06:00,2026-02-10T10:00:00Z,T1,40,2026-02-08T06:00:00Z,52,6,dayahead,,0.25608,,False,mos-logistic-v0,start
2026-02-08T18:00:00Z,2026-02-09T00:00:00+06:00,2026-02-10T17:00:00+06:00,2026-02-10T11:00:00Z,T1,41,2026-02-08T06:00:00Z,53,6,dayahead,,0.352878,,False,mos-logistic-v0,start
2026-02-08T18:00:00Z,2026-02-09T00:00:00+06:00,2026-02-10T18:00:00+06:00,2026-02-10T12:00:00Z,T1,42,2026-02-08T06:00:00Z,54,6,dayahead,,0.357667,,False,mos-logistic-v0,start
2026-02-08T18:00:00Z,2026-02-09T00:00:00+06:00,2026-02-10T19:00:00+06:00,2026-02-10T13:00:00Z,T1,43,2026-02-08T06:00:00Z,55,6,dayahead,,0.249497,,False,mos-logistic-v0,start
2026-02-08T18:00:00Z,2026-02-09T00:00:00+06:00,2026-02-10T20:00:00+06:00,2026-02-10T14:00:00Z,T1,44,2026-02-08T06:00:00Z,56,6,dayahead,,0.470409,,False,mos-logistic-v0,start
2026-02-08T18:00:00Z,2026-02-09T00:00:00+06:00,2026-02-10T21:00:00+06:00,2026-02-10T15:00:00Z,T1,45,2026-02-08T06:00:00Z,57,6,dayahead,,0.875625,,False,mos-logistic-v0,start
2026-02-08T18:00:00Z,2026-02-09T00:00:00+06:00,2026-02-10T22:00:00+06:00,2026-02-10T16:00:00Z,T1,46,2026-02-08T06:00:00Z,58,6,dayahead,,0.904768,,False,mos-logistic-v0,start
2026-02-08T18:00:00Z,2026-02-09T00:00:00+06:00,2026-02-10T23:00:00+06:00,2026-02-10T17:00:00Z,T1,47,2026-02-08T06:00:00Z,59,6,dayahead,,0.937695,,False,mos-logistic-v0,start
2026-02-08T18:00:00Z,2026-02-09T00:00:00+06:00,2026-02-09T00:00:00+06:00,2026-02-08T18:00:00Z,T2,0,2026-02-08T06:00:00Z,12,6,dayahead,,0.984223,,False,mos-logistic-v0,start
2026-02-08T18:00:00Z,2026-02-09T00:00:00+06:00,2026-02-09T01:00:00+06:00,2026-02-08T19:00:00Z,T2,1,2026-02-08T06:00:00Z,13,6,dayahead,,0.974553,,False,mos-logistic-v0,start
2026-02-08T18:00:00Z,2026-02-09T00:00:00+06:00,2026-02-09T02:00:00+06:00,2026-02-08T20:00:00Z,T2,2,2026-02-08T06:00:00Z,14,6,dayahead,,0.981148,,False,mos-logistic-v0,start
2026-02-08T18:00:00Z,2026-02-09T00:00:00+06:00,2026-02-09T03:00:00+06:00,2026-02-08T21:00:00Z,T2,3,2026-02-08T06:00:00Z,15,6,dayahead,,0.974205,,False,mos-logistic-v0,start
2026-02-08T18:00:00Z,2026-02-09T00:00:00+06:00,2026-02-09T04:00:00+06:00,2026-02-08T22:00:00Z,T2,4,2026-02-08T06:00:00Z,16,6,dayahead,,0.976547,,False,mos-logistic-v0,start
2026-02-08T18:00:00Z,2026-02-09T00:00:00+06:00,2026-02-09T05:00:00+06:00,2026-02-08T23:00:00Z,T2,5,2026-02-08T06:00:00Z,17,6,dayahead,,0.966644,,False,mos-logistic-v0,start
2026-02-08T18:00:00Z,2026-02-09T00:00:00+06:00,2026-02-09T06:00:00+06:00,2026-02-09T00:00:00Z,T2,6,2026-02-08T06:00:00Z,18,6,dayahead,,0.942784,,False,mos-logistic-v0,start
2026-02-08T18:00:00Z,2026-02-09T00:00:00+06:00,2026-02-09T07:00:00+06:00,2026-02-09T01:00:00Z,T2,7,2026-02-08T06:00:00Z,19,6,dayahead,,0.920816,,False,mos-logistic-v0,start
2026-02-08T18:00:00Z,2026-02-09T00:00:00+06:00,2026-02-09T08:00:00+06:00,2026-02-09T02:00:00Z,T2,8,2026-02-08T06:00:00Z,20,6,dayahead,,0.909465,,False,mos-logistic-v0,start
2026-02-08T18:00:00Z,2026-02-09T00:00:00+06:00,2026-02-09T09:00:00+06:00,2026-02-09T03:00:00Z,T2,9,2026-02-08T06:00:00Z,21,6,dayahead,,0.901722,,False,mos-logistic-v0,start
2026-02-08T18:00:00Z,2026-02-09T00:00:00+06:00,2026-02-09T10:00:00+06:00,2026-02-09T04:00:00Z,T2,10,2026-02-08T06:00:00Z,22,6,dayahead,,0.927646,,False,mos-logistic-v0,start
2026-02-08T18:00:00Z,2026-02-09T00:00:00+06:00,2026-02-09T11:00:00+06:00,2026-02-09T05:00:00Z,T2,11,2026-02-08T06:00:00Z,23,6,dayahead,,0.89206,,False,mos-logistic-v0,start
2026-02-08T18:00:00Z,2026-02-09T00:00:00+06:00,2026-02-09T12:00:00+06:00,2026-02-09T06:00:00Z,T2,12,2026-02-08T06:00:00Z,24,6,dayahead,,0.91285,,False,mos-logistic-v0,start
2026-02-08T18:00:00Z,2026-02-09T00:00:00+06:00,2026-02-09T13:00:00+06:00,2026-02-09T07:00:00Z,T2,13,2026-02-08T06:00:00Z,25,6,dayahead,,0.923321,,False,mos-logistic-v0,start
2026-02-08T18:00:00Z,2026-02-09T00:00:00+06:00,2026-02-09T14:00:00+06:00,2026-02-09T08:00:00Z,T2,14,2026-02-08T06:00:00Z,26,6,dayahead,,0.894057,,False,mos-logistic-v0,start
2026-02-08T18:00:00Z,2026-02-09T00:00:00+06:00,2026-02-09T15:00:00+06:00,2026-02-09T09:00:00Z,T2,15,2026-02-08T06:00:00Z,27,6,dayahead,,0.917185,,False,mos-logistic-v0,start
2026-02-08T18:00:00Z,2026-02-09T00:00:00+06:00,2026-02-09T16:00:00+06:00,2026-02-09T10:00:00Z,T2,16,2026-02-08T06:00:00Z,28,6,dayahead,,0.863785,,False,mos-logistic-v0,start
2026-02-08T18:00:00Z,2026-02-09T00:00:00+06:00,2026-02-09T17:00:00+06:00,2026-02-09T11:00:00Z,T2,17,2026-02-08T06:00:00Z,29,6,dayahead,,0.874864,,False,mos-logistic-v0,start
2026-02-08T18:00:00Z,2026-02-09T00:00:00+06:00,2026-02-09T18:00:00+06:00,2026-02-09T12:00:00Z,T2,18,2026-02-08T06:00:00Z,30,6,dayahead,,0.800122,,False,mos-logistic-v0,start
2026-02-08T18:00:00Z,2026-02-09T00:00:00+06:00,2026-02-09T19:00:00+06:00,2026-02-09T13:00:00Z,T2,19,2026-02-08T06:00:00Z,31,6,dayahead,,0.587943,,False,mos-logistic-v0,start
2026-02-08T18:00:00Z,2026-02-09T00:00:00+06:00,2026-02-09T20:00:00+06:00,2026-02-09T14:00:00Z,T2,20,2026-02-08T06:00:00Z,32,6,dayahead,,0.362485,,False,mos-logistic-v0,start
2026-02-08T18:00:00Z,2026-02-09T00:00:00+06:00,2026-02-09T21:00:00+06:00,2026-02-09T15:00:00Z,T2,21,2026-02-08T06:00:00Z,33,6,dayahead,,0.083879,,False,mos-logistic-v0,start
2026-02-08T18:00:00Z,2026-02-09T00:00:00+06:00,2026-02-09T22:00:00+06:00,2026-02-09T16:00:00Z,T2,22,2026-02-08T06:00:00Z,34,6,dayahead,,0.016439,,False,mos-logistic-v0,start
2026-02-08T18:00:00Z,2026-02-09T00:00:00+06:00,2026-02-09T23:00:00+06:00,2026-02-09T17:00:00Z,T2,23,2026-02-08T06:00:00Z,35,6,dayahead,,0.041902,,False,mos-logistic-v0,start
2026-02-08T18:00:00Z,2026-02-09T00:00:00+06:00,2026-02-10T00:00:00+06:00,2026-02-09T18:00:00Z,T2,24,2026-02-08T06:00:00Z,36,6,dayahead,,0.086046,,False,mos-logistic-v0,start
2026-02-08T18:00:00Z,2026-02-09T00:00:00+06:00,2026-02-10T01:00:00+06:00,2026-02-09T19:00:00Z,T2,25,2026-02-08T06:00:00Z,37,6,dayahead,,0.122113,,False,mos-logistic-v0,start
2026-02-08T18:00:00Z,2026-02-09T00:00:00+06:00,2026-02-10T02:00:00+06:00,2026-02-09T20:00:00Z,T2,26,2026-02-08T06:00:00Z,38,6,dayahead,,0.071423,,False,mos-logistic-v0,start
2026-02-08T18:00:00Z,2026-02-09T00:00:00+06:00,2026-02-10T03:00:00+06:00,2026-02-09T21:00:00Z,T2,27,2026-02-08T06:00:00Z,39,6,dayahead,,0.071887,,False,mos-logistic-v0,start
2026-02-08T18:00:00Z,2026-02-09T00:00:00+06:00,2026-02-10T04:00:00+06:00,2026-02-09T22:00:00Z,T2,28,2026-02-08T06:00:00Z,40,6,dayahead,,0.075697,,False,mos-logistic-v0,start
2026-02-08T18:00:00Z,2026-02-09T00:00:00+06:00,2026-02-10T05:00:00+06:00,2026-02-09T23:00:00Z,T2,29,2026-02-08T06:00:00Z,41,6,dayahead,,0.100775,,False,mos-logistic-v0,start
2026-02-08T18:00:00Z,2026-02-09T00:00:00+06:00,2026-02-10T06:00:00+06:00,2026-02-10T00:00:00Z,T2,30,2026-02-08T06:00:00Z,42,6,dayahead,,0.180563,,False,mos-logistic-v0,start
2026-02-08T18:00:00Z,2026-02-09T00:00:00+06:00,2026-02-10T07:00:00+06:00,2026-02-10T01:00:00Z,T2,31,2026-02-08T06:00:00Z,43,6,dayahead,,0.335573,,False,mos-logistic-v0,start
2026-02-08T18:00:00Z,2026-02-09T00:00:00+06:00,2026-02-10T08:00:00+06:00,2026-02-10T02:00:00Z,T2,32,2026-02-08T06:00:00Z,44,6,dayahead,,0.312676,,False,mos-logistic-v0,start
2026-02-08T18:00:00Z,2026-02-09T00:00:00+06:00,2026-02-10T09:00:00+06:00,2026-02-10T03:00:00Z,T2,33,2026-02-08T06:00:00Z,45,6,dayahead,,0.035439,,False,mos-logistic-v0,start
2026-02-08T18:00:00Z,2026-02-09T00:00:00+06:00,2026-02-10T10:00:00+06:00,2026-02-10T04:00:00Z,T2,34,2026-02-08T06:00:00Z,46,6,dayahead,,0.395276,,False,mos-logistic-v0,start
2026-02-08T18:00:00Z,2026-02-09T00:00:00+06:00,2026-02-10T11:00:00+06:00,2026-02-10T05:00:00Z,T2,35,2026-02-08T06:00:00Z,47,6,dayahead,,0.227973,,False,mos-logistic-v0,start
2026-02-08T18:00:00Z,2026-02-09T00:00:00+06:00,2026-02-10T12:00:00+06:00,2026-02-10T06:00:00Z,T2,36,2026-02-08T06:00:00Z,48,6,dayahead,,0.080205,,False,mos-logistic-v0,start
2026-02-08T18:00:00Z,2026-02-09T00:00:00+06:00,2026-02-10T13:00:00+06:00,2026-02-10T07:00:00Z,T2,37,2026-02-08T06:00:00Z,49,6,dayahead,,0.254754,,False,mos-logistic-v0,start
2026-02-08T18:00:00Z,2026-02-09T00:00:00+06:00,2026-02-10T14:00:00+06:00,2026-02-10T08:00:00Z,T2,38,2026-02-08T06:00:00Z,50,6,dayahead,,0.643928,,False,mos-logistic-v0,start
2026-02-08T18:00:00Z,2026-02-09T00:00:00+06:00,2026-02-10T15:00:00+06:00,2026-02-10T09:00:00Z,T2,39,2026-02-08T06:00:00Z,51,6,dayahead,,0.244313,,False,mos-logistic-v0,start
2026-02-08T18:00:00Z,2026-02-09T00:00:00+06:00,2026-02-10T16:00:00+06:00,2026-02-10T10:00:00Z,T2,40,2026-02-08T06:00:00Z,52,6,dayahead,,0.25608,,False,mos-logistic-v0,start
2026-02-08T18:00:00Z,2026-02-09T00:00:00+06:00,2026-02-10T17:00:00+06:00,2026-02-10T11:00:00Z,T2,41,2026-02-08T06:00:00Z,53,6,dayahead,,0.352878,,False,mos-logistic-v0,start
2026-02-08T18:00:00Z,2026-02-09T00:00:00+06:00,2026-02-10T18:00:00+06:00,2026-02-10T12:00:00Z,T2,42,2026-02-08T06:00:00Z,54,6,dayahead,,0.357667,,False,mos-logistic-v0,start
2026-02-08T18:00:00Z,2026-02-09T00:00:00+06:00,2026-02-10T19:00:00+06:00,2026-02-10T13:00:00Z,T2,43,2026-02-08T06:00:00Z,55,6,dayahead,,0.249497,,False,mos-logistic-v0,start
2026-02-08T18:00:00Z,2026-02-09T00:00:00+06:00,2026-02-10T20:00:00+06:00,2026-02-10T14:00:00Z,T2,44,2026-02-08T06:00:00Z,56,6,dayahead,,0.470409,,False,mos-logistic-v0,start
2026-02-08T18:00:00Z,2026-02-09T00:00:00+06:00,2026-02-10T21:00:00+06:00,2026-02-10T15:00:00Z,T2,45,2026-02-08T06:00:00Z,57,6,dayahead,,0.875625,,False,mos-logistic-v0,start
2026-02-08T18:00:00Z,2026-02-09T00:00:00+06:00,2026-02-10T22:00:00+06:00,2026-02-10T16:00:00Z,T2,46,2026-02-08T06:00:00Z,58,6,dayahead,,0.904768,,False,mos-logistic-v0,start
2026-02-08T18:00:00Z,2026-02-09T00:00:00+06:00,2026-02-10T23:00:00+06:00,2026-02-10T17:00:00Z,T2,47,2026-02-08T06:00:00Z,59,6,dayahead,,0.937695,,False,mos-logistic-v0,start
2026-02-09T18:00:00Z,2026-02-10T00:00:00+06:00,2026-02-10T00:00:00+06:00,2026-02-09T18:00:00Z,T1,0,2026-02-09T06:00:00Z,12,6,dayahead,,0.016439,,False,mos-logistic-v0,start
2026-02-09T18:00:00Z,2026-02-10T00:00:00+06:00,2026-02-10T01:00:00+06:00,2026-02-09T19:00:00Z,T1,1,2026-02-09T06:00:00Z,13,6,dayahead,,0.034036,,False,mos-logistic-v0,start
2026-02-09T18:00:00Z,2026-02-10T00:00:00+06:00,2026-02-10T02:00:00+06:00,2026-02-09T20:00:00Z,T1,2,2026-02-09T06:00:00Z,14,6,dayahead,,0.112032,,False,mos-logistic-v0,start
2026-02-09T18:00:00Z,2026-02-10T00:00:00+06:00,2026-02-10T03:00:00+06:00,2026-02-09T21:00:00Z,T1,3,2026-02-09T06:00:00Z,15,6,dayahead,,0.122113,,False,mos-logistic-v0,start
2026-02-09T18:00:00Z,2026-02-10T00:00:00+06:00,2026-02-10T04:00:00+06:00,2026-02-09T22:00:00Z,T1,4,2026-02-09T06:00:00Z,16,6,dayahead,,0.184725,,False,mos-logistic-v0,start
2026-02-09T18:00:00Z,2026-02-10T00:00:00+06:00,2026-02-10T05:00:00+06:00,2026-02-09T23:00:00Z,T1,5,2026-02-09T06:00:00Z,17,6,dayahead,,0.100775,,False,mos-logistic-v0,start
2026-02-09T18:00:00Z,2026-02-10T00:00:00+06:00,2026-02-10T06:00:00+06:00,2026-02-10T00:00:00Z,T1,6,2026-02-09T06:00:00Z,18,6,dayahead,,0.086046,,False,mos-logistic-v0,start
2026-02-09T18:00:00Z,2026-02-10T00:00:00+06:00,2026-02-10T07:00:00+06:00,2026-02-10T01:00:00Z,T1,7,2026-02-09T06:00:00Z,19,6,dayahead,,0.059124,,False,mos-logistic-v0,start
2026-02-09T18:00:00Z,2026-02-10T00:00:00+06:00,2026-02-10T08:00:00+06:00,2026-02-10T02:00:00Z,T1,8,2026-02-09T06:00:00Z,20,6,dayahead,,0.230436,,False,mos-logistic-v0,start
2026-02-09T18:00:00Z,2026-02-10T00:00:00+06:00,2026-02-10T09:00:00+06:00,2026-02-10T03:00:00Z,T1,9,2026-02-09T06:00:00Z,21,6,dayahead,,0.656609,,False,mos-logistic-v0,start
2026-02-09T18:00:00Z,2026-02-10T00:00:00+06:00,2026-02-10T10:00:00+06:00,2026-02-10T04:00:00Z,T1,10,2026-02-09T06:00:00Z,22,6,dayahead,,0.624528,,False,mos-logistic-v0,start
2026-02-09T18:00:00Z,2026-02-10T00:00:00+06:00,2026-02-10T11:00:00+06:00,2026-02-10T05:00:00Z,T1,11,2026-02-09T06:00:00Z,23,6,dayahead,,0.292097,,False,mos-logistic-v0,start
2026-02-09T18:00:00Z,2026-02-10T00:00:00+06:00,2026-02-10T12:00:00+06:00,2026-02-10T06:00:00Z,T1,12,2026-02-09T06:00:00Z,24,6,dayahead,,0.093444,,False,mos-logistic-v0,start
2026-02-09T18:00:00Z,2026-02-10T00:00:00+06:00,2026-02-10T13:00:00+06:00,2026-02-10T07:00:00Z,T1,13,2026-02-09T06:00:00Z,25,6,dayahead,,0.098896,,False,mos-logistic-v0,start
2026-02-09T18:00:00Z,2026-02-10T00:00:00+06:00,2026-02-10T14:00:00+06:00,2026-02-10T08:00:00Z,T1,14,2026-02-09T06:00:00Z,26,6,dayahead,,0.253433,,False,mos-logistic-v0,start
2026-02-09T18:00:00Z,2026-02-10T00:00:00+06:00,2026-02-10T15:00:00+06:00,2026-02-10T09:00:00Z,T1,15,2026-02-09T06:00:00Z,27,6,dayahead,,0.405315,,False,mos-logistic-v0,start
2026-02-09T18:00:00Z,2026-02-10T00:00:00+06:00,2026-02-10T16:00:00+06:00,2026-02-10T10:00:00Z,T1,16,2026-02-09T06:00:00Z,28,6,dayahead,,0.378742,,False,mos-logistic-v0,start
2026-02-09T18:00:00Z,2026-02-10T00:00:00+06:00,2026-02-10T17:00:00+06:00,2026-02-10T11:00:00Z,T1,17,2026-02-09T06:00:00Z,29,6,dayahead,,0.391948,,False,mos-logistic-v0,start
2026-02-09T18:00:00Z,2026-02-10T00:00:00+06:00,2026-02-10T18:00:00+06:00,2026-02-10T12:00:00Z,T1,18,2026-02-09T06:00:00Z,30,6,dayahead,,0.50871,,False,mos-logistic-v0,start
2026-02-09T18:00:00Z,2026-02-10T00:00:00+06:00,2026-02-10T19:00:00+06:00,2026-02-10T13:00:00Z,T1,19,2026-02-09T06:00:00Z,31,6,dayahead,,0.223104,,False,mos-logistic-v0,start
2026-02-09T18:00:00Z,2026-02-10T00:00:00+06:00,2026-02-10T20:00:00+06:00,2026-02-10T14:00:00Z,T1,20,2026-02-09T06:00:00Z,32,6,dayahead,,0.091688,,False,mos-logistic-v0,start
2026-02-09T18:00:00Z,2026-02-10T00:00:00+06:00,2026-02-10T21:00:00+06:00,2026-02-10T15:00:00Z,T1,21,2026-02-09T06:00:00Z,33,6,dayahead,,0.482579,,False,mos-logistic-v0,start
2026-02-09T18:00:00Z,2026-02-10T00:00:00+06:00,2026-02-10T22:00:00+06:00,2026-02-10T16:00:00Z,T1,22,2026-02-09T06:00:00Z,34,6,dayahead,,0.782876,,False,mos-logistic-v0,start
2026-02-09T18:00:00Z,2026-02-10T00:00:00+06:00,2026-02-10T23:00:00+06:00,2026-02-10T17:00:00Z,T1,23,2026-02-09T06:00:00Z,35,6,dayahead,,0.90048,,False,mos-logistic-v0,start
2026-02-09T18:00:00Z,2026-02-10T00:00:00+06:00,2026-02-11T00:00:00+06:00,2026-02-10T18:00:00Z,T1,24,2026-02-09T06:00:00Z,36,6,dayahead,,0.953384,,False,mos-logistic-v0,start
2026-02-09T18:00:00Z,2026-02-10T00:00:00+06:00,2026-02-11T01:00:00+06:00,2026-02-10T19:00:00Z,T1,25,2026-02-09T06:00:00Z,37,6,dayahead,,0.952129,,False,mos-logistic-v0,start
2026-02-09T18:00:00Z,2026-02-10T00:00:00+06:00,2026-02-11T02:00:00+06:00,2026-02-10T20:00:00Z,T1,26,2026-02-09T06:00:00Z,38,6,dayahead,,0.896021,,False,mos-logistic-v0,start
2026-02-09T18:00:00Z,2026-02-10T00:00:00+06:00,2026-02-11T03:00:00+06:00,2026-02-10T21:00:00Z,T1,27,2026-02-09T06:00:00Z,39,6,dayahead,,0.737221,,False,mos-logistic-v0,start
2026-02-09T18:00:00Z,2026-02-10T00:00:00+06:00,2026-02-11T04:00:00+06:00,2026-02-10T22:00:00Z,T1,28,2026-02-09T06:00:00Z,40,6,dayahead,,0.675213,,False,mos-logistic-v0,start
2026-02-09T18:00:00Z,2026-02-10T00:00:00+06:00,2026-02-11T05:00:00+06:00,2026-02-10T23:00:00Z,T1,29,2026-02-09T06:00:00Z,41,6,dayahead,,0.441027,,False,mos-logistic-v0,start
2026-02-09T18:00:00Z,2026-02-10T00:00:00+06:00,2026-02-11T06:00:00+06:00,2026-02-11T00:00:00Z,T1,30,2026-02-09T06:00:00Z,42,6,dayahead,,0.309688,,False,mos-logistic-v0,start
2026-02-09T18:00:00Z,2026-02-10T00:00:00+06:00,2026-02-11T07:00:00+06:00,2026-02-11T01:00:00Z,T1,31,2026-02-09T06:00:00Z,43,6,dayahead,,0.040525,,False,mos-logistic-v0,start
2026-02-09T18:00:00Z,2026-02-10T00:00:00+06:00,2026-02-11T08:00:00+06:00,2026-02-11T02:00:00Z,T1,32,2026-02-09T06:00:00Z,44,6,dayahead,,0.037395,,False,mos-logistic-v0,start
2026-02-09T18:00:00Z,2026-02-10T00:00:00+06:00,2026-02-11T09:00:00+06:00,2026-02-11T03:00:00Z,T1,33,2026-02-09T06:00:00Z,45,6,dayahead,,0.087149,,False,mos-logistic-v0,start
2026-02-09T18:00:00Z,2026-02-10T00:00:00+06:00,2026-02-11T10:00:00+06:00,2026-02-11T04:00:00Z,T1,34,2026-02-09T06:00:00Z,46,6,dayahead,,0.065642,,False,mos-logistic-v0,start
2026-02-09T18:00:00Z,2026-02-10T00:00:00+06:00,2026-02-11T11:00:00+06:00,2026-02-11T05:00:00Z,T1,35,2026-02-09T06:00:00Z,47,6,dayahead,,0.265484,,False,mos-logistic-v0,start
2026-02-09T18:00:00Z,2026-02-10T00:00:00+06:00,2026-02-11T12:00:00+06:00,2026-02-11T06:00:00Z,T1,36,2026-02-09T06:00:00Z,48,6,dayahead,,0.180563,,False,mos-logistic-v0,start
2026-02-09T18:00:00Z,2026-02-10T00:00:00+06:00,2026-02-11T13:00:00+06:00,2026-02-11T07:00:00Z,T1,37,2026-02-09T06:00:00Z,49,6,dayahead,,0.157119,,False,mos-logistic-v0,start
2026-02-09T18:00:00Z,2026-02-10T00:00:00+06:00,2026-02-11T14:00:00+06:00,2026-02-11T08:00:00Z,T1,38,2026-02-09T06:00:00Z,50,6,dayahead,,0.023613,,False,mos-logistic-v0,start
2026-02-09T18:00:00Z,2026-02-10T00:00:00+06:00,2026-02-11T15:00:00+06:00,2026-02-11T09:00:00Z,T1,39,2026-02-09T06:00:00Z,51,6,dayahead,,0.68732,,False,mos-logistic-v0,start
2026-02-09T18:00:00Z,2026-02-10T00:00:00+06:00,2026-02-11T16:00:00+06:00,2026-02-11T10:00:00Z,T1,40,2026-02-09T06:00:00Z,52,6,dayahead,,0.981276,,False,mos-logistic-v0,start
2026-02-09T18:00:00Z,2026-02-10T00:00:00+06:00,2026-02-11T17:00:00+06:00,2026-02-11T11:00:00Z,T1,41,2026-02-09T06:00:00Z,53,6,dayahead,,0.986529,,False,mos-logistic-v0,start
2026-02-09T18:00:00Z,2026-02-10T00:00:00+06:00,2026-02-11T18:00:00+06:00,2026-02-11T12:00:00Z,T1,42,2026-02-09T06:00:00Z,54,6,dayahead,,0.99,,False,mos-logistic-v0,start
2026-02-09T18:00:00Z,2026-02-10T00:00:00+06:00,2026-02-11T19:00:00+06:00,2026-02-11T13:00:00Z,T1,43,2026-02-09T06:00:00Z,55,6,dayahead,,0.962855,,False,mos-logistic-v0,start
2026-02-09T18:00:00Z,2026-02-10T00:00:00+06:00,2026-02-11T20:00:00+06:00,2026-02-11T14:00:00Z,T1,44,2026-02-09T06:00:00Z,56,6,dayahead,,0.940094,,False,mos-logistic-v0,start
2026-02-09T18:00:00Z,2026-02-10T00:00:00+06:00,2026-02-11T21:00:00+06:00,2026-02-11T15:00:00Z,T1,45,2026-02-09T06:00:00Z,57,6,dayahead,,0.955505,,False,mos-logistic-v0,start
2026-02-09T18:00:00Z,2026-02-10T00:00:00+06:00,2026-02-11T22:00:00+06:00,2026-02-11T16:00:00Z,T1,46,2026-02-09T06:00:00Z,58,6,dayahead,,0.896669,,False,mos-logistic-v0,start
2026-02-09T18:00:00Z,2026-02-10T00:00:00+06:00,2026-02-11T23:00:00+06:00,2026-02-11T17:00:00Z,T1,47,2026-02-09T06:00:00Z,59,6,dayahead,,0.854509,,False,mos-logistic-v0,start
2026-02-09T18:00:00Z,2026-02-10T00:00:00+06:00,2026-02-10T00:00:00+06:00,2026-02-09T18:00:00Z,T2,0,2026-02-09T06:00:00Z,12,6,dayahead,,0.016439,,False,mos-logistic-v0,start
2026-02-09T18:00:00Z,2026-02-10T00:00:00+06:00,2026-02-10T01:00:00+06:00,2026-02-09T19:00:00Z,T2,1,2026-02-09T06:00:00Z,13,6,dayahead,,0.034036,,False,mos-logistic-v0,start
2026-02-09T18:00:00Z,2026-02-10T00:00:00+06:00,2026-02-10T02:00:00+06:00,2026-02-09T20:00:00Z,T2,2,2026-02-09T06:00:00Z,14,6,dayahead,,0.112032,,False,mos-logistic-v0,start
2026-02-09T18:00:00Z,2026-02-10T00:00:00+06:00,2026-02-10T03:00:00+06:00,2026-02-09T21:00:00Z,T2,3,2026-02-09T06:00:00Z,15,6,dayahead,,0.122113,,False,mos-logistic-v0,start
2026-02-09T18:00:00Z,2026-02-10T00:00:00+06:00,2026-02-10T04:00:00+06:00,2026-02-09T22:00:00Z,T2,4,2026-02-09T06:00:00Z,16,6,dayahead,,0.184725,,False,mos-logistic-v0,start
2026-02-09T18:00:00Z,2026-02-10T00:00:00+06:00,2026-02-10T05:00:00+06:00,2026-02-09T23:00:00Z,T2,5,2026-02-09T06:00:00Z,17,6,dayahead,,0.100775,,False,mos-logistic-v0,start
2026-02-09T18:00:00Z,2026-02-10T00:00:00+06:00,2026-02-10T06:00:00+06:00,2026-02-10T00:00:00Z,T2,6,2026-02-09T06:00:00Z,18,6,dayahead,,0.086046,,False,mos-logistic-v0,start
2026-02-09T18:00:00Z,2026-02-10T00:00:00+06:00,2026-02-10T07:00:00+06:00,2026-02-10T01:00:00Z,T2,7,2026-02-09T06:00:00Z,19,6,dayahead,,0.059124,,False,mos-logistic-v0,start
2026-02-09T18:00:00Z,2026-02-10T00:00:00+06:00,2026-02-10T08:00:00+06:00,2026-02-10T02:00:00Z,T2,8,2026-02-09T06:00:00Z,20,6,dayahead,,0.230436,,False,mos-logistic-v0,start
2026-02-09T18:00:00Z,2026-02-10T00:00:00+06:00,2026-02-10T09:00:00+06:00,2026-02-10T03:00:00Z,T2,9,2026-02-09T06:00:00Z,21,6,dayahead,,0.656609,,False,mos-logistic-v0,start
2026-02-09T18:00:00Z,2026-02-10T00:00:00+06:00,2026-02-10T10:00:00+06:00,2026-02-10T04:00:00Z,T2,10,2026-02-09T06:00:00Z,22,6,dayahead,,0.624528,,False,mos-logistic-v0,start
2026-02-09T18:00:00Z,2026-02-10T00:00:00+06:00,2026-02-10T11:00:00+06:00,2026-02-10T05:00:00Z,T2,11,2026-02-09T06:00:00Z,23,6,dayahead,,0.292097,,False,mos-logistic-v0,start
2026-02-09T18:00:00Z,2026-02-10T00:00:00+06:00,2026-02-10T12:00:00+06:00,2026-02-10T06:00:00Z,T2,12,2026-02-09T06:00:00Z,24,6,dayahead,,0.093444,,False,mos-logistic-v0,start
2026-02-09T18:00:00Z,2026-02-10T00:00:00+06:00,2026-02-10T13:00:00+06:00,2026-02-10T07:00:00Z,T2,13,2026-02-09T06:00:00Z,25,6,dayahead,,0.098896,,False,mos-logistic-v0,start
2026-02-09T18:00:00Z,2026-02-10T00:00:00+06:00,2026-02-10T14:00:00+06:00,2026-02-10T08:00:00Z,T2,14,2026-02-09T06:00:00Z,26,6,dayahead,,0.253433,,False,mos-logistic-v0,start
2026-02-09T18:00:00Z,2026-02-10T00:00:00+06:00,2026-02-10T15:00:00+06:00,2026-02-10T09:00:00Z,T2,15,2026-02-09T06:00:00Z,27,6,dayahead,,0.405315,,False,mos-logistic-v0,start
2026-02-09T18:00:00Z,2026-02-10T00:00:00+06:00,2026-02-10T16:00:00+06:00,2026-02-10T10:00:00Z,T2,16,2026-02-09T06:00:00Z,28,6,dayahead,,0.378742,,False,mos-logistic-v0,start
2026-02-09T18:00:00Z,2026-02-10T00:00:00+06:00,2026-02-10T17:00:00+06:00,2026-02-10T11:00:00Z,T2,17,2026-02-09T06:00:00Z,29,6,dayahead,,0.391948,,False,mos-logistic-v0,start
2026-02-09T18:00:00Z,2026-02-10T00:00:00+06:00,2026-02-10T18:00:00+06:00,2026-02-10T12:00:00Z,T2,18,2026-02-09T06:00:00Z,30,6,dayahead,,0.50871,,False,mos-logistic-v0,start
2026-02-09T18:00:00Z,2026-02-10T00:00:00+06:00,2026-02-10T19:00:00+06:00,2026-02-10T13:00:00Z,T2,19,2026-02-09T06:00:00Z,31,6,dayahead,,0.223104,,False,mos-logistic-v0,start
2026-02-09T18:00:00Z,2026-02-10T00:00:00+06:00,2026-02-10T20:00:00+06:00,2026-02-10T14:00:00Z,T2,20,2026-02-09T06:00:00Z,32,6,dayahead,,0.091688,,False,mos-logistic-v0,start
2026-02-09T18:00:00Z,2026-02-10T00:00:00+06:00,2026-02-10T21:00:00+06:00,2026-02-10T15:00:00Z,T2,21,2026-02-09T06:00:00Z,33,6,dayahead,,0.482579,,False,mos-logistic-v0,start
2026-02-09T18:00:00Z,2026-02-10T00:00:00+06:00,2026-02-10T22:00:00+06:00,2026-02-10T16:00:00Z,T2,22,2026-02-09T06:00:00Z,34,6,dayahead,,0.782876,,False,mos-logistic-v0,start
2026-02-09T18:00:00Z,2026-02-10T00:00:00+06:00,2026-02-10T23:00:00+06:00,2026-02-10T17:00:00Z,T2,23,2026-02-09T06:00:00Z,35,6,dayahead,,0.90048,,False,mos-logistic-v0,start
2026-02-09T18:00:00Z,2026-02-10T00:00:00+06:00,2026-02-11T00:00:00+06:00,2026-02-10T18:00:00Z,T2,24,2026-02-09T06:00:00Z,36,6,dayahead,,0.953384,,False,mos-logistic-v0,start
2026-02-09T18:00:00Z,2026-02-10T00:00:00+06:00,2026-02-11T01:00:00+06:00,2026-02-10T19:00:00Z,T2,25,2026-02-09T06:00:00Z,37,6,dayahead,,0.952129,,False,mos-logistic-v0,start
2026-02-09T18:00:00Z,2026-02-10T00:00:00+06:00,2026-02-11T02:00:00+06:00,2026-02-10T20:00:00Z,T2,26,2026-02-09T06:00:00Z,38,6,dayahead,,0.896021,,False,mos-logistic-v0,start
2026-02-09T18:00:00Z,2026-02-10T00:00:00+06:00,2026-02-11T03:00:00+06:00,2026-02-10T21:00:00Z,T2,27,2026-02-09T06:00:00Z,39,6,dayahead,,0.737221,,False,mos-logistic-v0,start
2026-02-09T18:00:00Z,2026-02-10T00:00:00+06:00,2026-02-11T04:00:00+06:00,2026-02-10T22:00:00Z,T2,28,2026-02-09T06:00:00Z,40,6,dayahead,,0.675213,,False,mos-logistic-v0,start
2026-02-09T18:00:00Z,2026-02-10T00:00:00+06:00,2026-02-11T05:00:00+06:00,2026-02-10T23:00:00Z,T2,29,2026-02-09T06:00:00Z,41,6,dayahead,,0.441027,,False,mos-logistic-v0,start
2026-02-09T18:00:00Z,2026-02-10T00:00:00+06:00,2026-02-11T06:00:00+06:00,2026-02-11T00:00:00Z,T2,30,2026-02-09T06:00:00Z,42,6,dayahead,,0.309688,,False,mos-logistic-v0,start
2026-02-09T18:00:00Z,2026-02-10T00:00:00+06:00,2026-02-11T07:00:00+06:00,2026-02-11T01:00:00Z,T2,31,2026-02-09T06:00:00Z,43,6,dayahead,,0.040525,,False,mos-logistic-v0,start
2026-02-09T18:00:00Z,2026-02-10T00:00:00+06:00,2026-02-11T08:00:00+06:00,2026-02-11T02:00:00Z,T2,32,2026-02-09T06:00:00Z,44,6,dayahead,,0.037395,,False,mos-logistic-v0,start
2026-02-09T18:00:00Z,2026-02-10T00:00:00+06:00,2026-02-11T09:00:00+06:00,2026-02-11T03:00:00Z,T2,33,2026-02-09T06:00:00Z,45,6,dayahead,,0.087149,,False,mos-logistic-v0,start
2026-02-09T18:00:00Z,2026-02-10T00:00:00+06:00,2026-02-11T10:00:00+06:00,2026-02-11T04:00:00Z,T2,34,2026-02-09T06:00:00Z,46,6,dayahead,,0.065642,,False,mos-logistic-v0,start
2026-02-09T18:00:00Z,2026-02-10T00:00:00+06:00,2026-02-11T11:00:00+06:00,2026-02-11T05:00:00Z,T2,35,2026-02-09T06:00:00Z,47,6,dayahead,,0.265484,,False,mos-logistic-v0,start
2026-02-09T18:00:00Z,2026-02-10T00:00:00+06:00,2026-02-11T12:00:00+06:00,2026-02-11T06:00:00Z,T2,36,2026-02-09T06:00:00Z,48,6,dayahead,,0.180563,,False,mos-logistic-v0,start
2026-02-09T18:00:00Z,2026-02-10T00:00:00+06:00,2026-02-11T13:00:00+06:00,2026-02-11T07:00:00Z,T2,37,2026-02-09T06:00:00Z,49,6,dayahead,,0.157119,,False,mos-logistic-v0,start
2026-02-09T18:00:00Z,2026-02-10T00:00:00+06:00,2026-02-11T14:00:00+06:00,2026-02-11T08:00:00Z,T2,38,2026-02-09T06:00:00Z,50,6,dayahead,,0.023613,,False,mos-logistic-v0,start
2026-02-09T18:00:00Z,2026-02-10T00:00:00+06:00,2026-02-11T15:00:00+06:00,2026-02-11T09:00:00Z,T2,39,2026-02-09T06:00:00Z,51,6,dayahead,,0.68732,,False,mos-logistic-v0,start
2026-02-09T18:00:00Z,2026-02-10T00:00:00+06:00,2026-02-11T16:00:00+06:00,2026-02-11T10:00:00Z,T2,40,2026-02-09T06:00:00Z,52,6,dayahead,,0.981276,,False,mos-logistic-v0,start
2026-02-09T18:00:00Z,2026-02-10T00:00:00+06:00,2026-02-11T17:00:00+06:00,2026-02-11T11:00:00Z,T2,41,2026-02-09T06:00:00Z,53,6,dayahead,,0.986529,,False,mos-logistic-v0,start
2026-02-09T18:00:00Z,2026-02-10T00:00:00+06:00,2026-02-11T18:00:00+06:00,2026-02-11T12:00:00Z,T2,42,2026-02-09T06:00:00Z,54,6,dayahead,,0.99,,False,mos-logistic-v0,start
2026-02-09T18:00:00Z,2026-02-10T00:00:00+06:00,2026-02-11T19:00:00+06:00,2026-02-11T13:00:00Z,T2,43,2026-02-09T06:00:00Z,55,6,dayahead,,0.962855,,False,mos-logistic-v0,start
2026-02-09T18:00:00Z,2026-02-10T00:00:00+06:00,2026-02-11T20:00:00+06:00,2026-02-11T14:00:00Z,T2,44,2026-02-09T06:00:00Z,56,6,dayahead,,0.940094,,False,mos-logistic-v0,start
2026-02-09T18:00:00Z,2026-02-10T00:00:00+06:00,2026-02-11T21:00:00+06:00,2026-02-11T15:00:00Z,T2,45,2026-02-09T06:00:00Z,57,6,dayahead,,0.955505,,False,mos-logistic-v0,start
2026-02-09T18:00:00Z,2026-02-10T00:00:00+06:00,2026-02-11T22:00:00+06:00,2026-02-11T16:00:00Z,T2,46,2026-02-09T06:00:00Z,58,6,dayahead,,0.896669,,False,mos-logistic-v0,start
2026-02-09T18:00:00Z,2026-02-10T00:00:00+06:00,2026-02-11T23:00:00+06:00,2026-02-11T17:00:00Z,T2,47,2026-02-09T06:00:00Z,59,6,dayahead,,0.854509,,False,mos-logistic-v0,start
2026-02-10T18:00:00Z,2026-02-11T00:00:00+06:00,2026-02-11T00:00:00+06:00,2026-02-10T18:00:00Z,T1,0,2026-02-10T06:00:00Z,12,6,dayahead,,0.983895,,False,mos-logistic-v0,start
2026-02-10T18:00:00Z,2026-02-11T00:00:00+06:00,2026-02-11T01:00:00+06:00,2026-02-10T19:00:00Z,T1,1,2026-02-10T06:00:00Z,13,6,dayahead,,0.982274,,False,mos-logistic-v0,start
2026-02-10T18:00:00Z,2026-02-11T00:00:00+06:00,2026-02-11T02:00:00+06:00,2026-02-10T20:00:00Z,T1,2,2026-02-10T06:00:00Z,14,6,dayahead,,0.899853,,False,mos-logistic-v0,start
2026-02-10T18:00:00Z,2026-02-11T00:00:00+06:00,2026-02-11T03:00:00+06:00,2026-02-10T21:00:00Z,T1,3,2026-02-10T06:00:00Z,15,6,dayahead,,0.634283,,False,mos-logistic-v0,start
2026-02-10T18:00:00Z,2026-02-11T00:00:00+06:00,2026-02-11T04:00:00+06:00,2026-02-10T22:00:00Z,T1,4,2026-02-10T06:00:00Z,16,6,dayahead,,0.496513,,False,mos-logistic-v0,start
2026-02-10T18:00:00Z,2026-02-11T00:00:00+06:00,2026-02-11T05:00:00+06:00,2026-02-10T23:00:00Z,T1,5,2026-02-10T06:00:00Z,17,6,dayahead,,0.25608,,False,mos-logistic-v0,start
2026-02-10T18:00:00Z,2026-02-11T00:00:00+06:00,2026-02-11T06:00:00+06:00,2026-02-11T00:00:00Z,T1,6,2026-02-10T06:00:00Z,18,6,dayahead,,0.084956,,False,mos-logistic-v0,start
2026-02-10T18:00:00Z,2026-02-11T00:00:00+06:00,2026-02-11T07:00:00+06:00,2026-02-11T01:00:00Z,T1,7,2026-02-10T06:00:00Z,19,6,dayahead,,0.054281,,False,mos-logistic-v0,start
2026-02-10T18:00:00Z,2026-02-11T00:00:00+06:00,2026-02-11T08:00:00+06:00,2026-02-11T02:00:00Z,T1,8,2026-02-10T06:00:00Z,20,6,dayahead,,0.066071,,False,mos-logistic-v0,start
2026-02-10T18:00:00Z,2026-02-11T00:00:00+06:00,2026-02-11T09:00:00+06:00,2026-02-11T03:00:00Z,T1,9,2026-02-10T06:00:00Z,21,6,dayahead,,0.487802,,False,mos-logistic-v0,start
2026-02-10T18:00:00Z,2026-02-11T00:00:00+06:00,2026-02-11T10:00:00+06:00,2026-02-11T04:00:00Z,T1,10,2026-02-10T06:00:00Z,22,6,dayahead,,0.054639,,False,mos-logistic-v0,start
2026-02-10T18:00:00Z,2026-02-11T00:00:00+06:00,2026-02-11T11:00:00+06:00,2026-02-11T05:00:00Z,T1,11,2026-02-10T06:00:00Z,23,6,dayahead,,0.082814,,False,mos-logistic-v0,start
2026-02-10T18:00:00Z,2026-02-11T00:00:00+06:00,2026-02-11T12:00:00+06:00,2026-02-11T06:00:00Z,T1,12,2026-02-10T06:00:00Z,24,6,dayahead,,0.078172,,False,mos-logistic-v0,start
2026-02-10T18:00:00Z,2026-02-11T00:00:00+06:00,2026-02-11T13:00:00+06:00,2026-02-11T07:00:00Z,T1,13,2026-02-10T06:00:00Z,25,6,dayahead,,0.069596,,False,mos-logistic-v0,start
2026-02-10T18:00:00Z,2026-02-11T00:00:00+06:00,2026-02-11T14:00:00+06:00,2026-02-11T08:00:00Z,T1,14,2026-02-10T06:00:00Z,26,6,dayahead,,0.049484,,False,mos-logistic-v0,start
2026-02-10T18:00:00Z,2026-02-11T00:00:00+06:00,2026-02-11T15:00:00+06:00,2026-02-11T09:00:00Z,T1,15,2026-02-10T06:00:00Z,27,6,dayahead,,0.55725,,False,mos-logistic-v0,start
2026-02-10T18:00:00Z,2026-02-11T00:00:00+06:00,2026-02-11T16:00:00+06:00,2026-02-11T10:00:00Z,T1,16,2026-02-10T06:00:00Z,28,6,dayahead,,0.927646,,False,mos-logistic-v0,start
2026-02-10T18:00:00Z,2026-02-11T00:00:00+06:00,2026-02-11T17:00:00+06:00,2026-02-11T11:00:00Z,T1,17,2026-02-10T06:00:00Z,29,6,dayahead,,0.982634,,False,mos-logistic-v0,start
2026-02-10T18:00:00Z,2026-02-11T00:00:00+06:00,2026-02-11T18:00:00+06:00,2026-02-11T12:00:00Z,T1,18,2026-02-10T06:00:00Z,30,6,dayahead,,0.977486,,False,mos-logistic-v0,start
2026-02-10T18:00:00Z,2026-02-11T00:00:00+06:00,2026-02-11T19:00:00+06:00,2026-02-11T13:00:00Z,T1,19,2026-02-10T06:00:00Z,31,6,dayahead,,0.97403,,False,mos-logistic-v0,start
2026-02-10T18:00:00Z,2026-02-11T00:00:00+06:00,2026-02-11T20:00:00+06:00,2026-02-11T14:00:00Z,T1,20,2026-02-10T06:00:00Z,32,6,dayahead,,0.970461,,False,mos-logistic-v0,start
2026-02-10T18:00:00Z,2026-02-11T00:00:00+06:00,2026-02-11T21:00:00+06:00,2026-02-11T15:00:00Z,T1,21,2026-02-10T06:00:00Z,33,6,dayahead,,0.937695,,False,mos-logistic-v0,start
2026-02-10T18:00:00Z,2026-02-11T00:00:00+06:00,2026-02-11T22:00:00+06:00,2026-02-11T16:00:00Z,T1,22,2026-02-10T06:00:00Z,34,6,dayahead,,0.759524,,False,mos-logistic-v0,start
2026-02-10T18:00:00Z,2026-02-11T00:00:00+06:00,2026-02-11T23:00:00+06:00,2026-02-11T17:00:00Z,T1,23,2026-02-10T06:00:00Z,35,6,dayahead,,0.743917,,False,mos-logistic-v0,start
2026-02-10T18:00:00Z,2026-02-11T00:00:00+06:00,2026-02-12T00:00:00+06:00,2026-02-11T18:00:00Z,T1,24,2026-02-10T06:00:00Z,36,6,dayahead,,0.793349,,False,mos-logistic-v0,start
2026-02-10T18:00:00Z,2026-02-11T00:00:00+06:00,2026-02-12T01:00:00+06:00,2026-02-11T19:00:00Z,T1,25,2026-02-10T06:00:00Z,37,6,dayahead,,0.746564,,False,mos-logistic-v0,start
2026-02-10T18:00:00Z,2026-02-11T00:00:00+06:00,2026-02-12T02:00:00+06:00,2026-02-11T20:00:00Z,T1,26,2026-02-10T06:00:00Z,38,6,dayahead,,0.60472,,False,mos-logistic-v0,start
2026-02-10T18:00:00Z,2026-02-11T00:00:00+06:00,2026-02-12T03:00:00+06:00,2026-02-11T21:00:00Z,T1,27,2026-02-10T06:00:00Z,39,6,dayahead,,0.539991,,False,mos-logistic-v0,start
2026-02-10T18:00:00Z,2026-02-11T00:00:00+06:00,2026-02-12T04:00:00+06:00,2026-02-11T22:00:00Z,T1,28,2026-02-10T06:00:00Z,40,6,dayahead,,0.475621,,False,mos-logistic-v0,start
2026-02-10T18:00:00Z,2026-02-11T00:00:00+06:00,2026-02-12T05:00:00+06:00,2026-02-11T23:00:00Z,T1,29,2026-02-10T06:00:00Z,41,6,dayahead,,0.373834,,False,mos-logistic-v0,start
2026-02-10T18:00:00Z,2026-02-11T00:00:00+06:00,2026-02-12T06:00:00+06:00,2026-02-12T00:00:00Z,T1,30,2026-02-10T06:00:00Z,42,6,dayahead,,0.300819,,False,mos-logistic-v0,start
2026-02-10T18:00:00Z,2026-02-11T00:00:00+06:00,2026-02-12T07:00:00+06:00,2026-02-12T01:00:00Z,T1,31,2026-02-10T06:00:00Z,43,6,dayahead,,0.16179,,False,mos-logistic-v0,start
2026-02-10T18:00:00Z,2026-02-11T00:00:00+06:00,2026-02-12T08:00:00+06:00,2026-02-12T02:00:00Z,T1,32,2026-02-10T06:00:00Z,44,6,dayahead,,0.09766,,False,mos-logistic-v0,start
2026-02-10T18:00:00Z,2026-02-11T00:00:00+06:00,2026-02-12T09:00:00+06:00,2026-02-12T03:00:00Z,T1,33,2026-02-10T06:00:00Z,45,6,dayahead,,0.04787,,False,mos-logistic-v0,start
2026-02-10T18:00:00Z,2026-02-11T00:00:00+06:00,2026-02-12T10:00:00+06:00,2026-02-12T04:00:00Z,T1,34,2026-02-10T06:00:00Z,46,6,dayahead,,0.032033,,False,mos-logistic-v0,start
2026-02-10T18:00:00Z,2026-02-11T00:00:00+06:00,2026-02-12T11:00:00+06:00,2026-02-12T05:00:00Z,T1,35,2026-02-10T06:00:00Z,47,6,dayahead,,0.039455,,False,mos-logistic-v0,start
2026-02-10T18:00:00Z,2026-02-11T00:00:00+06:00,2026-02-12T12:00:00+06:00,2026-02-12T06:00:00Z,T1,36,2026-02-10T06:00:00Z,48,6,dayahead,,0.061093,,False,mos-logistic-v0,start
2026-02-10T18:00:00Z,2026-02-11T00:00:00+06:00,2026-02-12T13:00:00+06:00,2026-02-12T07:00:00Z,T1,37,2026-02-10T06:00:00Z,49,6,dayahead,,0.029539,,False,mos-logistic-v0,start
2026-02-10T18:00:00Z,2026-02-11T00:00:00+06:00,2026-02-12T14:00:00+06:00,2026-02-12T08:00:00Z,T1,38,2026-02-10T06:00:00Z,50,6,dayahead,,0.023936,,False,mos-logistic-v0,start
2026-02-10T18:00:00Z,2026-02-11T00:00:00+06:00,2026-02-12T15:00:00+06:00,2026-02-12T09:00:00Z,T1,39,2026-02-10T06:00:00Z,51,6,dayahead,,0.033132,,False,mos-logistic-v0,start
2026-02-10T18:00:00Z,2026-02-11T00:00:00+06:00,2026-02-12T16:00:00+06:00,2026-02-12T10:00:00Z,T1,40,2026-02-10T06:00:00Z,52,6,dayahead,,0.052867,,False,mos-logistic-v0,start
2026-02-10T18:00:00Z,2026-02-11T00:00:00+06:00,2026-02-12T17:00:00+06:00,2026-02-12T11:00:00Z,T1,41,2026-02-10T06:00:00Z,53,6,dayahead,,0.078172,,False,mos-logistic-v0,start
2026-02-10T18:00:00Z,2026-02-11T00:00:00+06:00,2026-02-12T18:00:00+06:00,2026-02-12T12:00:00Z,T1,42,2026-02-10T06:00:00Z,54,6,dayahead,,0.098276,,False,mos-logistic-v0,start
2026-02-10T18:00:00Z,2026-02-11T00:00:00+06:00,2026-02-12T19:00:00+06:00,2026-02-12T13:00:00Z,T1,43,2026-02-10T06:00:00Z,55,6,dayahead,,0.119156,,False,mos-logistic-v0,start
2026-02-10T18:00:00Z,2026-02-11T00:00:00+06:00,2026-02-12T20:00:00+06:00,2026-02-12T14:00:00Z,T1,44,2026-02-10T06:00:00Z,56,6,dayahead,,0.076186,,False,mos-logistic-v0,start
2026-02-10T18:00:00Z,2026-02-11T00:00:00+06:00,2026-02-12T21:00:00+06:00,2026-02-12T15:00:00Z,T1,45,2026-02-10T06:00:00Z,57,6,dayahead,,0.103977,,False,mos-logistic-v0,start
2026-02-10T18:00:00Z,2026-02-11T00:00:00+06:00,2026-02-12T22:00:00+06:00,2026-02-12T16:00:00Z,T1,46,2026-02-10T06:00:00Z,58,6,dayahead,,0.11134,,False,mos-logistic-v0,start
2026-02-10T18:00:00Z,2026-02-11T00:00:00+06:00,2026-02-12T23:00:00+06:00,2026-02-12T17:00:00Z,T1,47,2026-02-10T06:00:00Z,59,6,dayahead,,0.061494,,False,mos-logistic-v0,start
2026-02-10T18:00:00Z,2026-02-11T00:00:00+06:00,2026-02-11T00:00:00+06:00,2026-02-10T18:00:00Z,T2,0,2026-02-10T06:00:00Z,12,6,dayahead,,0.983895,,False,mos-logistic-v0,start
2026-02-10T18:00:00Z,2026-02-11T00:00:00+06:00,2026-02-11T01:00:00+06:00,2026-02-10T19:00:00Z,T2,1,2026-02-10T06:00:00Z,13,6,dayahead,,0.982274,,False,mos-logistic-v0,start
2026-02-10T18:00:00Z,2026-02-11T00:00:00+06:00,2026-02-11T02:00:00+06:00,2026-02-10T20:00:00Z,T2,2,2026-02-10T06:00:00Z,14,6,dayahead,,0.899853,,False,mos-logistic-v0,start
2026-02-10T18:00:00Z,2026-02-11T00:00:00+06:00,2026-02-11T03:00:00+06:00,2026-02-10T21:00:00Z,T2,3,2026-02-10T06:00:00Z,15,6,dayahead,,0.634283,,False,mos-logistic-v0,start
2026-02-10T18:00:00Z,2026-02-11T00:00:00+06:00,2026-02-11T04:00:00+06:00,2026-02-10T22:00:00Z,T2,4,2026-02-10T06:00:00Z,16,6,dayahead,,0.496513,,False,mos-logistic-v0,start
2026-02-10T18:00:00Z,2026-02-11T00:00:00+06:00,2026-02-11T05:00:00+06:00,2026-02-10T23:00:00Z,T2,5,2026-02-10T06:00:00Z,17,6,dayahead,,0.25608,,False,mos-logistic-v0,start
2026-02-10T18:00:00Z,2026-02-11T00:00:00+06:00,2026-02-11T06:00:00+06:00,2026-02-11T00:00:00Z,T2,6,2026-02-10T06:00:00Z,18,6,dayahead,,0.084956,,False,mos-logistic-v0,start
2026-02-10T18:00:00Z,2026-02-11T00:00:00+06:00,2026-02-11T07:00:00+06:00,2026-02-11T01:00:00Z,T2,7,2026-02-10T06:00:00Z,19,6,dayahead,,0.054281,,False,mos-logistic-v0,start
2026-02-10T18:00:00Z,2026-02-11T00:00:00+06:00,2026-02-11T08:00:00+06:00,2026-02-11T02:00:00Z,T2,8,2026-02-10T06:00:00Z,20,6,dayahead,,0.066071,,False,mos-logistic-v0,start
2026-02-10T18:00:00Z,2026-02-11T00:00:00+06:00,2026-02-11T09:00:00+06:00,2026-02-11T03:00:00Z,T2,9,2026-02-10T06:00:00Z,21,6,dayahead,,0.487802,,False,mos-logistic-v0,start
2026-02-10T18:00:00Z,2026-02-11T00:00:00+06:00,2026-02-11T10:00:00+06:00,2026-02-11T04:00:00Z,T2,10,2026-02-10T06:00:00Z,22,6,dayahead,,0.054639,,False,mos-logistic-v0,start
2026-02-10T18:00:00Z,2026-02-11T00:00:00+06:00,2026-02-11T11:00:00+06:00,2026-02-11T05:00:00Z,T2,11,2026-02-10T06:00:00Z,23,6,dayahead,,0.082814,,False,mos-logistic-v0,start
2026-02-10T18:00:00Z,2026-02-11T00:00:00+06:00,2026-02-11T12:00:00+06:00,2026-02-11T06:00:00Z,T2,12,2026-02-10T06:00:00Z,24,6,dayahead,,0.078172,,False,mos-logistic-v0,start
2026-02-10T18:00:00Z,2026-02-11T00:00:00+06:00,2026-02-11T13:00:00+06:00,2026-02-11T07:00:00Z,T2,13,2026-02-10T06:00:00Z,25,6,dayahead,,0.069596,,False,mos-logistic-v0,start
2026-02-10T18:00:00Z,2026-02-11T00:00:00+06:00,2026-02-11T14:00:00+06:00,2026-02-11T08:00:00Z,T2,14,2026-02-10T06:00:00Z,26,6,dayahead,,0.049484,,False,mos-logistic-v0,start
2026-02-10T18:00:00Z,2026-02-11T00:00:00+06:00,2026-02-11T15:00:00+06:00,2026-02-11T09:00:00Z,T2,15,2026-02-10T06:00:00Z,27,6,dayahead,,0.55725,,False,mos-logistic-v0,start
2026-02-10T18:00:00Z,2026-02-11T00:00:00+06:00,2026-02-11T16:00:00+06:00,2026-02-11T10:00:00Z,T2,16,2026-02-10T06:00:00Z,28,6,dayahead,,0.927646,,False,mos-logistic-v0,start
2026-02-10T18:00:00Z,2026-02-11T00:00:00+06:00,2026-02-11T17:00:00+06:00,2026-02-11T11:00:00Z,T2,17,2026-02-10T06:00:00Z,29,6,dayahead,,0.982634,,False,mos-logistic-v0,start
2026-02-10T18:00:00Z,2026-02-11T00:00:00+06:00,2026-02-11T18:00:00+06:00,2026-02-11T12:00:00Z,T2,18,2026-02-10T06:00:00Z,30,6,dayahead,,0.977486,,False,mos-logistic-v0,start
2026-02-10T18:00:00Z,2026-02-11T00:00:00+06:00,2026-02-11T19:00:00+06:00,2026-02-11T13:00:00Z,T2,19,2026-02-10T06:00:00Z,31,6,dayahead,,0.97403,,False,mos-logistic-v0,start
2026-02-10T18:00:00Z,2026-02-11T00:00:00+06:00,2026-02-11T20:00:00+06:00,2026-02-11T14:00:00Z,T2,20,2026-02-10T06:00:00Z,32,6,dayahead,,0.970461,,False,mos-logistic-v0,start
2026-02-10T18:00:00Z,2026-02-11T00:00:00+06:00,2026-02-11T21:00:00+06:00,2026-02-11T15:00:00Z,T2,21,2026-02-10T06:00:00Z,33,6,dayahead,,0.937695,,False,mos-logistic-v0,start
2026-02-10T18:00:00Z,2026-02-11T00:00:00+06:00,2026-02-11T22:00:00+06:00,2026-02-11T16:00:00Z,T2,22,2026-02-10T06:00:00Z,34,6,dayahead,,0.759524,,False,mos-logistic-v0,start
2026-02-10T18:00:00Z,2026-02-11T00:00:00+06:00,2026-02-11T23:00:00+06:00,2026-02-11T17:00:00Z,T2,23,2026-02-10T06:00:00Z,35,6,dayahead,,0.743917,,False,mos-logistic-v0,start
2026-02-10T18:00:00Z,2026-02-11T00:00:00+06:00,2026-02-12T00:00:00+06:00,2026-02-11T18:00:00Z,T2,24,2026-02-10T06:00:00Z,36,6,dayahead,,0.793349,,False,mos-logistic-v0,start
2026-02-10T18:00:00Z,2026-02-11T00:00:00+06:00,2026-02-12T01:00:00+06:00,2026-02-11T19:00:00Z,T2,25,2026-02-10T06:00:00Z,37,6,dayahead,,0.746564,,False,mos-logistic-v0,start
2026-02-10T18:00:00Z,2026-02-11T00:00:00+06:00,2026-02-12T02:00:00+06:00,2026-02-11T20:00:00Z,T2,26,2026-02-10T06:00:00Z,38,6,dayahead,,0.60472,,False,mos-logistic-v0,start
2026-02-10T18:00:00Z,2026-02-11T00:00:00+06:00,2026-02-12T03:00:00+06:00,2026-02-11T21:00:00Z,T2,27,2026-02-10T06:00:00Z,39,6,dayahead,,0.539991,,False,mos-logistic-v0,start
2026-02-10T18:00:00Z,2026-02-11T00:00:00+06:00,2026-02-12T04:00:00+06:00,2026-02-11T22:00:00Z,T2,28,2026-02-10T06:00:00Z,40,6,dayahead,,0.475621,,False,mos-logistic-v0,start
2026-02-10T18:00:00Z,2026-02-11T00:00:00+06:00,2026-02-12T05:00:00+06:00,2026-02-11T23:00:00Z,T2,29,2026-02-10T06:00:00Z,41,6,dayahead,,0.373834,,False,mos-logistic-v0,start
2026-02-10T18:00:00Z,2026-02-11T00:00:00+06:00,2026-02-12T06:00:00+06:00,2026-02-12T00:00:00Z,T2,30,2026-02-10T06:00:00Z,42,6,dayahead,,0.300819,,False,mos-logistic-v0,start
2026-02-10T18:00:00Z,2026-02-11T00:00:00+06:00,2026-02-12T07:00:00+06:00,2026-02-12T01:00:00Z,T2,31,2026-02-10T06:00:00Z,43,6,dayahead,,0.16179,,False,mos-logistic-v0,start
2026-02-10T18:00:00Z,2026-02-11T00:00:00+06:00,2026-02-12T08:00:00+06:00,2026-02-12T02:00:00Z,T2,32,2026-02-10T06:00:00Z,44,6,dayahead,,0.09766,,False,mos-logistic-v0,start
2026-02-10T18:00:00Z,2026-02-11T00:00:00+06:00,2026-02-12T09:00:00+06:00,2026-02-12T03:00:00Z,T2,33,2026-02-10T06:00:00Z,45,6,dayahead,,0.04787,,False,mos-logistic-v0,start
2026-02-10T18:00:00Z,2026-02-11T00:00:00+06:00,2026-02-12T10:00:00+06:00,2026-02-12T04:00:00Z,T2,34,2026-02-10T06:00:00Z,46,6,dayahead,,0.032033,,False,mos-logistic-v0,start
2026-02-10T18:00:00Z,2026-02-11T00:00:00+06:00,2026-02-12T11:00:00+06:00,2026-02-12T05:00:00Z,T2,35,2026-02-10T06:00:00Z,47,6,dayahead,,0.039455,,False,mos-logistic-v0,start
2026-02-10T18:00:00Z,2026-02-11T00:00:00+06:00,2026-02-12T12:00:00+06:00,2026-02-12T06:00:00Z,T2,36,2026-02-10T06:00:00Z,48,6,dayahead,,0.061093,,False,mos-logistic-v0,start
2026-02-10T18:00:00Z,2026-02-11T00:00:00+06:00,2026-02-12T13:00:00+06:00,2026-02-12T07:00:00Z,T2,37,2026-02-10T06:00:00Z,49,6,dayahead,,0.029539,,False,mos-logistic-v0,start
2026-02-10T18:00:00Z,2026-02-11T00:00:00+06:00,2026-02-12T14:00:00+06:00,2026-02-12T08:00:00Z,T2,38,2026-02-10T06:00:00Z,50,6,dayahead,,0.023936,,False,mos-logistic-v0,start
2026-02-10T18:00:00Z,2026-02-11T00:00:00+06:00,2026-02-12T15:00:00+06:00,2026-02-12T09:00:00Z,T2,39,2026-02-10T06:00:00Z,51,6,dayahead,,0.033132,,False,mos-logistic-v0,start
2026-02-10T18:00:00Z,2026-02-11T00:00:00+06:00,2026-02-12T16:00:00+06:00,2026-02-12T10:00:00Z,T2,40,2026-02-10T06:00:00Z,52,6,dayahead,,0.052867,,False,mos-logistic-v0,start
2026-02-10T18:00:00Z,2026-02-11T00:00:00+06:00,2026-02-12T17:00:00+06:00,2026-02-12T11:00:00Z,T2,41,2026-02-10T06:00:00Z,53,6,dayahead,,0.078172,,False,mos-logistic-v0,start
2026-02-10T18:00:00Z,2026-02-11T00:00:00+06:00,2026-02-12T18:00:00+06:00,2026-02-12T12:00:00Z,T2,42,2026-02-10T06:00:00Z,54,6,dayahead,,0.098276,,False,mos-logistic-v0,start
2026-02-10T18:00:00Z,2026-02-11T00:00:00+06:00,2026-02-12T19:00:00+06:00,2026-02-12T13:00:00Z,T2,43,2026-02-10T06:00:00Z,55,6,dayahead,,0.119156,,False,mos-logistic-v0,start
2026-02-10T18:00:00Z,2026-02-11T00:00:00+06:00,2026-02-12T20:00:00+06:00,2026-02-12T14:00:00Z,T2,44,2026-02-10T06:00:00Z,56,6,dayahead,,0.076186,,False,mos-logistic-v0,start
2026-02-10T18:00:00Z,2026-02-11T00:00:00+06:00,2026-02-12T21:00:00+06:00,2026-02-12T15:00:00Z,T2,45,2026-02-10T06:00:00Z,57,6,dayahead,,0.103977,,False,mos-logistic-v0,start
2026-02-10T18:00:00Z,2026-02-11T00:00:00+06:00,2026-02-12T22:00:00+06:00,2026-02-12T16:00:00Z,T2,46,2026-02-10T06:00:00Z,58,6,dayahead,,0.11134,,False,mos-logistic-v0,start
2026-02-10T18:00:00Z,2026-02-11T00:00:00+06:00,2026-02-12T23:00:00+06:00,2026-02-12T17:00:00Z,T2,47,2026-02-10T06:00:00Z,59,6,dayahead,,0.061494,,False,mos-logistic-v0,start
2026-02-11T18:00:00Z,2026-02-12T00:00:00+06:00,2026-02-12T00:00:00+06:00,2026-02-11T18:00:00Z,T1,0,2026-02-11T06:00:00Z,12,6,dayahead,,0.853641,,False,mos-logistic-v0,start
2026-02-11T18:00:00Z,2026-02-12T00:00:00+06:00,2026-02-12T01:00:00+06:00,2026-02-11T19:00:00Z,T1,1,2026-02-11T06:00:00Z,13,6,dayahead,,0.703557,,False,mos-logistic-v0,start
2026-02-11T18:00:00Z,2026-02-12T00:00:00+06:00,2026-02-12T02:00:00+06:00,2026-02-11T20:00:00Z,T1,2,2026-02-11T06:00:00Z,14,6,dayahead,,0.589631,,False,mos-logistic-v0,start
2026-02-11T18:00:00Z,2026-02-12T00:00:00+06:00,2026-02-12T03:00:00+06:00,2026-02-11T21:00:00Z,T1,3,2026-02-11T06:00:00Z,15,6,dayahead,,0.456544,,False,mos-logistic-v0,start
2026-02-11T18:00:00Z,2026-02-12T00:00:00+06:00,2026-02-12T04:00:00+06:00,2026-02-11T22:00:00Z,T1,4,2026-02-11T06:00:00Z,16,6,dayahead,,0.372204,,False,mos-logistic-v0,start
2026-02-11T18:00:00Z,2026-02-12T00:00:00+06:00,2026-02-12T05:00:00+06:00,2026-02-11T23:00:00Z,T1,5,2026-02-11T06:00:00Z,17,6,dayahead,,0.356067,,False,mos-logistic-v0,start
2026-02-11T18:00:00Z,2026-02-12T00:00:00+06:00,2026-02-12T06:00:00+06:00,2026-02-12T00:00:00Z,T1,6,2026-02-11T06:00:00Z,18,6,dayahead,,0.160847,,False,mos-logistic-v0,start
2026-02-11T18:00:00Z,2026-02-12T00:00:00+06:00,2026-02-12T07:00:00+06:00,2026-02-12T01:00:00Z,T1,7,2026-02-11T06:00:00Z,19,6,dayahead,,0.049484,,False,mos-logistic-v0,start
2026-02-11T18:00:00Z,2026-02-12T00:00:00+06:00,2026-02-12T08:00:00+06:00,2026-02-12T02:00:00Z,T1,8,2026-02-11T06:00:00Z,20,6,dayahead,,0.066936,,False,mos-logistic-v0,start
2026-02-11T18:00:00Z,2026-02-12T00:00:00+06:00,2026-02-12T09:00:00+06:00,2026-02-12T03:00:00Z,T1,9,2026-02-11T06:00:00Z,21,6,dayahead,,0.068254,,False,mos-logistic-v0,start
2026-02-11T18:00:00Z,2026-02-12T00:00:00+06:00,2026-02-12T10:00:00+06:00,2026-02-12T04:00:00Z,T1,10,2026-02-11T06:00:00Z,22,6,dayahead,,0.044494,,False,mos-logistic-v0,start
2026-02-11T18:00:00Z,2026-02-12T00:00:00+06:00,2026-02-12T11:00:00+06:00,2026-02-12T05:00:00Z,T1,11,2026-02-11T06:00:00Z,23,6,dayahead,,0.059513,,False,mos-logistic-v0,start
2026-02-11T18:00:00Z,2026-02-12T00:00:00+06:00,2026-02-12T12:00:00+06:00,2026-02-12T06:00:00Z,T1,12,2026-02-11T06:00:00Z,24,6,dayahead,,0.037145,,False,mos-logistic-v0,start
2026-02-11T18:00:00Z,2026-02-12T00:00:00+06:00,2026-02-12T13:00:00+06:00,2026-02-12T07:00:00Z,T1,13,2026-02-11T06:00:00Z,25,6,dayahead,,0.066936,,False,mos-logistic-v0,start
2026-02-11T18:00:00Z,2026-02-12T00:00:00+06:00,2026-02-12T14:00:00+06:00,2026-02-12T08:00:00Z,T1,14,2026-02-11T06:00:00Z,26,6,dayahead,,0.068254,,False,mos-logistic-v0,start
2026-02-11T18:00:00Z,2026-02-12T00:00:00+06:00,2026-02-12T15:00:00+06:00,2026-02-12T09:00:00Z,T1,15,2026-02-11T06:00:00Z,27,6,dayahead,,0.042465,,False,mos-logistic-v0,start
2026-02-11T18:00:00Z,2026-02-12T00:00:00+06:00,2026-02-12T16:00:00+06:00,2026-02-12T10:00:00Z,T1,16,2026-02-11T06:00:00Z,28,6,dayahead,,0.026147,,False,mos-logistic-v0,start
2026-02-11T18:00:00Z,2026-02-12T00:00:00+06:00,2026-02-12T17:00:00+06:00,2026-02-12T11:00:00Z,T1,17,2026-02-11T06:00:00Z,29,6,dayahead,,0.035201,,False,mos-logistic-v0,start
2026-02-11T18:00:00Z,2026-02-12T00:00:00+06:00,2026-02-12T18:00:00+06:00,2026-02-12T12:00:00Z,T1,18,2026-02-11T06:00:00Z,30,6,dayahead,,0.199875,,False,mos-logistic-v0,start
2026-02-11T18:00:00Z,2026-02-12T00:00:00+06:00,2026-02-12T19:00:00+06:00,2026-02-12T13:00:00Z,T1,19,2026-02-11T06:00:00Z,31,6,dayahead,,0.299355,,False,mos-logistic-v0,start
2026-02-11T18:00:00Z,2026-02-12T00:00:00+06:00,2026-02-12T20:00:00+06:00,2026-02-12T14:00:00Z,T1,20,2026-02-11T06:00:00Z,32,6,dayahead,,0.258744,,False,mos-logistic-v0,start
2026-02-11T18:00:00Z,2026-02-12T00:00:00+06:00,2026-02-12T21:00:00+06:00,2026-02-12T15:00:00Z,T1,21,2026-02-11T06:00:00Z,33,6,dayahead,,0.264128,,False,mos-logistic-v0,start
2026-02-11T18:00:00Z,2026-02-12T00:00:00+06:00,2026-02-12T22:00:00+06:00,2026-02-12T16:00:00Z,T1,22,2026-02-11T06:00:00Z,34,6,dayahead,,0.126668,,False,mos-logistic-v0,start
2026-02-11T18:00:00Z,2026-02-12T00:00:00+06:00,2026-02-12T23:00:00+06:00,2026-02-12T17:00:00Z,T1,23,2026-02-11T06:00:00Z,35,6,dayahead,,0.089392,,False,mos-logistic-v0,start
2026-02-11T18:00:00Z,2026-02-12T00:00:00+06:00,2026-02-13T00:00:00+06:00,2026-02-12T18:00:00Z,T1,24,2026-02-11T06:00:00Z,36,6,dayahead,,0.0379,,False,mos-logistic-v0,start
2026-02-11T18:00:00Z,2026-02-12T00:00:00+06:00,2026-02-13T01:00:00+06:00,2026-02-12T19:00:00Z,T1,25,2026-02-11T06:00:00Z,37,6,dayahead,,0.078172,,False,mos-logistic-v0,start
2026-02-11T18:00:00Z,2026-02-12T00:00:00+06:00,2026-02-13T02:00:00+06:00,2026-02-12T20:00:00Z,T1,26,2026-02-11T06:00:00Z,38,6,dayahead,,0.064371,,False,mos-logistic-v0,start
2026-02-11T18:00:00Z,2026-02-12T00:00:00+06:00,2026-02-13T03:00:00+06:00,2026-02-12T21:00:00Z,T1,27,2026-02-11T06:00:00Z,39,6,dayahead,,0.025274,,False,mos-logistic-v0,start
2026-02-11T18:00:00Z,2026-02-12T00:00:00+06:00,2026-02-13T04:00:00+06:00,2026-02-12T22:00:00Z,T1,28,2026-02-11T06:00:00Z,40,6,dayahead,,0.023936,,False,mos-logistic-v0,start
2026-02-11T18:00:00Z,2026-02-12T00:00:00+06:00,2026-02-13T05:00:00+06:00,2026-02-12T23:00:00Z,T1,29,2026-02-11T06:00:00Z,41,6,dayahead,,0.043324,,False,mos-logistic-v0,start
2026-02-11T18:00:00Z,2026-02-12T00:00:00+06:00,2026-02-13T06:00:00+06:00,2026-02-13T00:00:00Z,T1,30,2026-02-11T06:00:00Z,42,6,dayahead,,0.069146,,False,mos-logistic-v0,start
2026-02-11T18:00:00Z,2026-02-12T00:00:00+06:00,2026-02-13T07:00:00+06:00,2026-02-13T01:00:00Z,T1,31,2026-02-11T06:00:00Z,43,6,dayahead,,0.11134,,False,mos-logistic-v0,start
2026-02-11T18:00:00Z,2026-02-12T00:00:00+06:00,2026-02-13T08:00:00+06:00,2026-02-13T02:00:00Z,T1,32,2026-02-11T06:00:00Z,44,6,dayahead,,0.127441,,False,mos-logistic-v0,start
2026-02-11T18:00:00Z,2026-02-12T00:00:00+06:00,2026-02-13T09:00:00+06:00,2026-02-13T03:00:00Z,T1,33,2026-02-11T06:00:00Z,45,6,dayahead,,0.077671,,False,mos-logistic-v0,start
2026-02-11T18:00:00Z,2026-02-12T00:00:00+06:00,2026-02-13T10:00:00+06:00,2026-02-13T04:00:00Z,T1,34,2026-02-11T06:00:00Z,46,6,dayahead,,0.054281,,False,mos-logistic-v0,start
2026-02-11T18:00:00Z,2026-02-12T00:00:00+06:00,2026-02-13T11:00:00+06:00,2026-02-13T05:00:00Z,T1,35,2026-02-11T06:00:00Z,47,6,dayahead,,0.05684,,False,mos-logistic-v0,start
2026-02-11T18:00:00Z,2026-02-12T00:00:00+06:00,2026-02-13T12:00:00+06:00,2026-02-13T06:00:00Z,T1,36,2026-02-11T06:00:00Z,48,6,dayahead,,0.05573,,False,mos-logistic-v0,start
2026-02-11T18:00:00Z,2026-02-12T00:00:00+06:00,2026-02-13T13:00:00+06:00,2026-02-13T07:00:00Z,T1,37,2026-02-11T06:00:00Z,49,6,dayahead,,0.022058,,False,mos-logistic-v0,start
2026-02-11T18:00:00Z,2026-02-12T00:00:00+06:00,2026-02-13T14:00:00+06:00,2026-02-13T08:00:00Z,T1,38,2026-02-11T06:00:00Z,50,6,dayahead,,0.039191,,False,mos-logistic-v0,start
2026-02-11T18:00:00Z,2026-02-12T00:00:00+06:00,2026-02-13T15:00:00+06:00,2026-02-13T09:00:00Z,T1,39,2026-02-11T06:00:00Z,51,6,dayahead,,0.039191,,False,mos-logistic-v0,start
2026-02-11T18:00:00Z,2026-02-12T00:00:00+06:00,2026-02-13T16:00:00+06:00,2026-02-13T10:00:00Z,T1,40,2026-02-11T06:00:00Z,52,6,dayahead,,0.024264,,False,mos-logistic-v0,start
2026-02-11T18:00:00Z,2026-02-12T00:00:00+06:00,2026-02-13T17:00:00+06:00,2026-02-13T11:00:00Z,T1,41,2026-02-11T06:00:00Z,53,6,dayahead,,0.048832,,False,mos-logistic-v0,start
2026-02-11T18:00:00Z,2026-02-12T00:00:00+06:00,2026-02-13T18:00:00+06:00,2026-02-13T12:00:00Z,T1,42,2026-02-11T06:00:00Z,54,6,dayahead,,0.067373,,False,mos-logistic-v0,start
2026-02-11T18:00:00Z,2026-02-12T00:00:00+06:00,2026-02-13T19:00:00+06:00,2026-02-13T13:00:00Z,T1,43,2026-02-11T06:00:00Z,55,6,dayahead,,0.123616,,False,mos-logistic-v0,start
2026-02-11T18:00:00Z,2026-02-12T00:00:00+06:00,2026-02-13T20:00:00+06:00,2026-02-13T14:00:00Z,T1,44,2026-02-11T06:00:00Z,56,6,dayahead,,0.224314,,False,mos-logistic-v0,start
2026-02-11T18:00:00Z,2026-02-12T00:00:00+06:00,2026-02-13T21:00:00+06:00,2026-02-13T15:00:00Z,T1,45,2026-02-11T06:00:00Z,57,6,dayahead,,0.348117,,False,mos-logistic-v0,start
2026-02-11T18:00:00Z,2026-02-12T00:00:00+06:00,2026-02-13T22:00:00+06:00,2026-02-13T16:00:00Z,T1,46,2026-02-11T06:00:00Z,58,6,dayahead,,0.456544,,False,mos-logistic-v0,start
2026-02-11T18:00:00Z,2026-02-12T00:00:00+06:00,2026-02-13T23:00:00+06:00,2026-02-13T17:00:00Z,T1,47,2026-02-11T06:00:00Z,59,6,dayahead,,0.548635,,False,mos-logistic-v0,start
2026-02-11T18:00:00Z,2026-02-12T00:00:00+06:00,2026-02-12T00:00:00+06:00,2026-02-11T18:00:00Z,T2,0,2026-02-11T06:00:00Z,12,6,dayahead,,0.853641,,False,mos-logistic-v0,start
2026-02-11T18:00:00Z,2026-02-12T00:00:00+06:00,2026-02-12T01:00:00+06:00,2026-02-11T19:00:00Z,T2,1,2026-02-11T06:00:00Z,13,6,dayahead,,0.703557,,False,mos-logistic-v0,start
2026-02-11T18:00:00Z,2026-02-12T00:00:00+06:00,2026-02-12T02:00:00+06:00,2026-02-11T20:00:00Z,T2,2,2026-02-11T06:00:00Z,14,6,dayahead,,0.589631,,False,mos-logistic-v0,start
2026-02-11T18:00:00Z,2026-02-12T00:00:00+06:00,2026-02-12T03:00:00+06:00,2026-02-11T21:00:00Z,T2,3,2026-02-11T06:00:00Z,15,6,dayahead,,0.456544,,False,mos-logistic-v0,start
2026-02-11T18:00:00Z,2026-02-12T00:00:00+06:00,2026-02-12T04:00:00+06:00,2026-02-11T22:00:00Z,T2,4,2026-02-11T06:00:00Z,16,6,dayahead,,0.372204,,False,mos-logistic-v0,start
2026-02-11T18:00:00Z,2026-02-12T00:00:00+06:00,2026-02-12T05:00:00+06:00,2026-02-11T23:00:00Z,T2,5,2026-02-11T06:00:00Z,17,6,dayahead,,0.356067,,False,mos-logistic-v0,start
2026-02-11T18:00:00Z,2026-02-12T00:00:00+06:00,2026-02-12T06:00:00+06:00,2026-02-12T00:00:00Z,T2,6,2026-02-11T06:00:00Z,18,6,dayahead,,0.160847,,False,mos-logistic-v0,start
2026-02-11T18:00:00Z,2026-02-12T00:00:00+06:00,2026-02-12T07:00:00+06:00,2026-02-12T01:00:00Z,T2,7,2026-02-11T06:00:00Z,19,6,dayahead,,0.049484,,False,mos-logistic-v0,start
2026-02-11T18:00:00Z,2026-02-12T00:00:00+06:00,2026-02-12T08:00:00+06:00,2026-02-12T02:00:00Z,T2,8,2026-02-11T06:00:00Z,20,6,dayahead,,0.066936,,False,mos-logistic-v0,start
2026-02-11T18:00:00Z,2026-02-12T00:00:00+06:00,2026-02-12T09:00:00+06:00,2026-02-12T03:00:00Z,T2,9,2026-02-11T06:00:00Z,21,6,dayahead,,0.068254,,False,mos-logistic-v0,start
2026-02-11T18:00:00Z,2026-02-12T00:00:00+06:00,2026-02-12T10:00:00+06:00,2026-02-12T04:00:00Z,T2,10,2026-02-11T06:00:00Z,22,6,dayahead,,0.044494,,False,mos-logistic-v0,start
2026-02-11T18:00:00Z,2026-02-12T00:00:00+06:00,2026-02-12T11:00:00+06:00,2026-02-12T05:00:00Z,T2,11,2026-02-11T06:00:00Z,23,6,dayahead,,0.059513,,False,mos-logistic-v0,start
2026-02-11T18:00:00Z,2026-02-12T00:00:00+06:00,2026-02-12T12:00:00+06:00,2026-02-12T06:00:00Z,T2,12,2026-02-11T06:00:00Z,24,6,dayahead,,0.037145,,False,mos-logistic-v0,start
2026-02-11T18:00:00Z,2026-02-12T00:00:00+06:00,2026-02-12T13:00:00+06:00,2026-02-12T07:00:00Z,T2,13,2026-02-11T06:00:00Z,25,6,dayahead,,0.066936,,False,mos-logistic-v0,start
2026-02-11T18:00:00Z,2026-02-12T00:00:00+06:00,2026-02-12T14:00:00+06:00,2026-02-12T08:00:00Z,T2,14,2026-02-11T06:00:00Z,26,6,dayahead,,0.068254,,False,mos-logistic-v0,start
2026-02-11T18:00:00Z,2026-02-12T00:00:00+06:00,2026-02-12T15:00:00+06:00,2026-02-12T09:00:00Z,T2,15,2026-02-11T06:00:00Z,27,6,dayahead,,0.042465,,False,mos-logistic-v0,start
2026-02-11T18:00:00Z,2026-02-12T00:00:00+06:00,2026-02-12T16:00:00+06:00,2026-02-12T10:00:00Z,T2,16,2026-02-11T06:00:00Z,28,6,dayahead,,0.026147,,False,mos-logistic-v0,start
2026-02-11T18:00:00Z,2026-02-12T00:00:00+06:00,2026-02-12T17:00:00+06:00,2026-02-12T11:00:00Z,T2,17,2026-02-11T06:00:00Z,29,6,dayahead,,0.035201,,False,mos-logistic-v0,start
2026-02-11T18:00:00Z,2026-02-12T00:00:00+06:00,2026-02-12T18:00:00+06:00,2026-02-12T12:00:00Z,T2,18,2026-02-11T06:00:00Z,30,6,dayahead,,0.199875,,False,mos-logistic-v0,start
2026-02-11T18:00:00Z,2026-02-12T00:00:00+06:00,2026-02-12T19:00:00+06:00,2026-02-12T13:00:00Z,T2,19,2026-02-11T06:00:00Z,31,6,dayahead,,0.299355,,False,mos-logistic-v0,start
2026-02-11T18:00:00Z,2026-02-12T00:00:00+06:00,2026-02-12T20:00:00+06:00,2026-02-12T14:00:00Z,T2,20,2026-02-11T06:00:00Z,32,6,dayahead,,0.258744,,False,mos-logistic-v0,start
2026-02-11T18:00:00Z,2026-02-12T00:00:00+06:00,2026-02-12T21:00:00+06:00,2026-02-12T15:00:00Z,T2,21,2026-02-11T06:00:00Z,33,6,dayahead,,0.264128,,False,mos-logistic-v0,start
2026-02-11T18:00:00Z,2026-02-12T00:00:00+06:00,2026-02-12T22:00:00+06:00,2026-02-12T16:00:00Z,T2,22,2026-02-11T06:00:00Z,34,6,dayahead,,0.126668,,False,mos-logistic-v0,start
2026-02-11T18:00:00Z,2026-02-12T00:00:00+06:00,2026-02-12T23:00:00+06:00,2026-02-12T17:00:00Z,T2,23,2026-02-11T06:00:00Z,35,6,dayahead,,0.089392,,False,mos-logistic-v0,start
2026-02-11T18:00:00Z,2026-02-12T00:00:00+06:00,2026-02-13T00:00:00+06:00,2026-02-12T18:00:00Z,T2,24,2026-02-11T06:00:00Z,36,6,dayahead,,0.0379,,False,mos-logistic-v0,start
2026-02-11T18:00:00Z,2026-02-12T00:00:00+06:00,2026-02-13T01:00:00+06:00,2026-02-12T19:00:00Z,T2,25,2026-02-11T06:00:00Z,37,6,dayahead,,0.078172,,False,mos-logistic-v0,start
2026-02-11T18:00:00Z,2026-02-12T00:00:00+06:00,2026-02-13T02:00:00+06:00,2026-02-12T20:00:00Z,T2,26,2026-02-11T06:00:00Z,38,6,dayahead,,0.064371,,False,mos-logistic-v0,start
2026-02-11T18:00:00Z,2026-02-12T00:00:00+06:00,2026-02-13T03:00:00+06:00,2026-02-12T21:00:00Z,T2,27,2026-02-11T06:00:00Z,39,6,dayahead,,0.025274,,False,mos-logistic-v0,start
2026-02-11T18:00:00Z,2026-02-12T00:00:00+06:00,2026-02-13T04:00:00+06:00,2026-02-12T22:00:00Z,T2,28,2026-02-11T06:00:00Z,40,6,dayahead,,0.023936,,False,mos-logistic-v0,start
2026-02-11T18:00:00Z,2026-02-12T00:00:00+06:00,2026-02-13T05:00:00+06:00,2026-02-12T23:00:00Z,T2,29,2026-02-11T06:00:00Z,41,6,dayahead,,0.043324,,False,mos-logistic-v0,start
2026-02-11T18:00:00Z,2026-02-12T00:00:00+06:00,2026-02-13T06:00:00+06:00,2026-02-13T00:00:00Z,T2,30,2026-02-11T06:00:00Z,42,6,dayahead,,0.069146,,False,mos-logistic-v0,start
2026-02-11T18:00:00Z,2026-02-12T00:00:00+06:00,2026-02-13T07:00:00+06:00,2026-02-13T01:00:00Z,T2,31,2026-02-11T06:00:00Z,43,6,dayahead,,0.11134,,False,mos-logistic-v0,start
2026-02-11T18:00:00Z,2026-02-12T00:00:00+06:00,2026-02-13T08:00:00+06:00,2026-02-13T02:00:00Z,T2,32,2026-02-11T06:00:00Z,44,6,dayahead,,0.127441,,False,mos-logistic-v0,start
2026-02-11T18:00:00Z,2026-02-12T00:00:00+06:00,2026-02-13T09:00:00+06:00,2026-02-13T03:00:00Z,T2,33,2026-02-11T06:00:00Z,45,6,dayahead,,0.077671,,False,mos-logistic-v0,start
2026-02-11T18:00:00Z,2026-02-12T00:00:00+06:00,2026-02-13T10:00:00+06:00,2026-02-13T04:00:00Z,T2,34,2026-02-11T06:00:00Z,46,6,dayahead,,0.054281,,False,mos-logistic-v0,start
2026-02-11T18:00:00Z,2026-02-12T00:00:00+06:00,2026-02-13T11:00:00+06:00,2026-02-13T05:00:00Z,T2,35,2026-02-11T06:00:00Z,47,6,dayahead,,0.05684,,False,mos-logistic-v0,start
2026-02-11T18:00:00Z,2026-02-12T00:00:00+06:00,2026-02-13T12:00:00+06:00,2026-02-13T06:00:00Z,T2,36,2026-02-11T06:00:00Z,48,6,dayahead,,0.05573,,False,mos-logistic-v0,start
2026-02-11T18:00:00Z,2026-02-12T00:00:00+06:00,2026-02-13T13:00:00+06:00,2026-02-13T07:00:00Z,T2,37,2026-02-11T06:00:00Z,49,6,dayahead,,0.022058,,False,mos-logistic-v0,start
2026-02-11T18:00:00Z,2026-02-12T00:00:00+06:00,2026-02-13T14:00:00+06:00,2026-02-13T08:00:00Z,T2,38,2026-02-11T06:00:00Z,50,6,dayahead,,0.039191,,False,mos-logistic-v0,start
2026-02-11T18:00:00Z,2026-02-12T00:00:00+06:00,2026-02-13T15:00:00+06:00,2026-02-13T09:00:00Z,T2,39,2026-02-11T06:00:00Z,51,6,dayahead,,0.039191,,False,mos-logistic-v0,start
2026-02-11T18:00:00Z,2026-02-12T00:00:00+06:00,2026-02-13T16:00:00+06:00,2026-02-13T10:00:00Z,T2,40,2026-02-11T06:00:00Z,52,6,dayahead,,0.024264,,False,mos-logistic-v0,start
2026-02-11T18:00:00Z,2026-02-12T00:00:00+06:00,2026-02-13T17:00:00+06:00,2026-02-13T11:00:00Z,T2,41,2026-02-11T06:00:00Z,53,6,dayahead,,0.048832,,False,mos-logistic-v0,start
2026-02-11T18:00:00Z,2026-02-12T00:00:00+06:00,2026-02-13T18:00:00+06:00,2026-02-13T12:00:00Z,T2,42,2026-02-11T06:00:00Z,54,6,dayahead,,0.067373,,False,mos-logistic-v0,start
2026-02-11T18:00:00Z,2026-02-12T00:00:00+06:00,2026-02-13T19:00:00+06:00,2026-02-13T13:00:00Z,T2,43,2026-02-11T06:00:00Z,55,6,dayahead,,0.123616,,False,mos-logistic-v0,start
2026-02-11T18:00:00Z,2026-02-12T00:00:00+06:00,2026-02-13T20:00:00+06:00,2026-02-13T14:00:00Z,T2,44,2026-02-11T06:00:00Z,56,6,dayahead,,0.224314,,False,mos-logistic-v0,start
2026-02-11T18:00:00Z,2026-02-12T00:00:00+06:00,2026-02-13T21:00:00+06:00,2026-02-13T15:00:00Z,T2,45,2026-02-11T06:00:00Z,57,6,dayahead,,0.348117,,False,mos-logistic-v0,start
2026-02-11T18:00:00Z,2026-02-12T00:00:00+06:00,2026-02-13T22:00:00+06:00,2026-02-13T16:00:00Z,T2,46,2026-02-11T06:00:00Z,58,6,dayahead,,0.456544,,False,mos-logistic-v0,start
2026-02-11T18:00:00Z,2026-02-12T00:00:00+06:00,2026-02-13T23:00:00+06:00,2026-02-13T17:00:00Z,T2,47,2026-02-11T06:00:00Z,59,6,dayahead,,0.548635,,False,mos-logistic-v0,start
2026-02-12T18:00:00Z,2026-02-13T00:00:00+06:00,2026-02-13T00:00:00+06:00,2026-02-12T18:00:00Z,T1,0,2026-02-12T06:00:00Z,12,6,dayahead,,0.048189,,False,mos-logistic-v0,start
2026-02-12T18:00:00Z,2026-02-13T00:00:00+06:00,2026-02-13T01:00:00+06:00,2026-02-12T19:00:00Z,T1,1,2026-02-12T06:00:00Z,13,6,dayahead,,0.023613,,False,mos-logistic-v0,start
2026-02-12T18:00:00Z,2026-02-13T00:00:00+06:00,2026-02-13T02:00:00+06:00,2026-02-12T20:00:00Z,T1,2,2026-02-12T06:00:00Z,14,6,dayahead,,0.023135,,False,mos-logistic-v0,start
2026-02-12T18:00:00Z,2026-02-13T00:00:00+06:00,2026-02-13T03:00:00+06:00,2026-02-12T21:00:00Z,T1,3,2026-02-12T06:00:00Z,15,6,dayahead,,0.023293,,False,mos-logistic-v0,start
2026-02-12T18:00:00Z,2026-02-13T00:00:00+06:00,2026-02-13T04:00:00+06:00,2026-02-12T22:00:00Z,T1,4,2026-02-12T06:00:00Z,16,6,dayahead,,0.015995,,False,mos-logistic-v0,start
2026-02-12T18:00:00Z,2026-02-13T00:00:00+06:00,2026-02-13T05:00:00+06:00,2026-02-12T23:00:00Z,T1,5,2026-02-12T06:00:00Z,17,6,dayahead,,0.026866,,False,mos-logistic-v0,start
2026-02-12T18:00:00Z,2026-02-13T00:00:00+06:00,2026-02-13T06:00:00+06:00,2026-02-13T00:00:00Z,T1,6,2026-02-12T06:00:00Z,18,6,dayahead,,0.035439,,False,mos-logistic-v0,start
2026-02-12T18:00:00Z,2026-02-13T00:00:00+06:00,2026-02-13T07:00:00+06:00,2026-02-13T01:00:00Z,T1,7,2026-02-12T06:00:00Z,19,6,dayahead,,0.047553,,False,mos-logistic-v0,start
2026-02-12T18:00:00Z,2026-02-13T00:00:00+06:00,2026-02-13T08:00:00+06:00,2026-02-13T02:00:00Z,T1,8,2026-02-12T06:00:00Z,20,6,dayahead,,0.045695,,False,mos-logistic-v0,start
2026-02-12T18:00:00Z,2026-02-13T00:00:00+06:00,2026-02-13T09:00:00+06:00,2026-02-13T03:00:00Z,T1,9,2026-02-12T06:00:00Z,21,6,dayahead,,0.03616,,False,mos-logistic-v0,start
2026-02-12T18:00:00Z,2026-02-13T00:00:00+06:00,2026-02-13T10:00:00+06:00,2026-02-13T04:00:00Z,T1,10,2026-02-12T06:00:00Z,22,6,dayahead,,0.023774,,False,mos-logistic-v0,start
2026-02-12T18:00:00Z,2026-02-13T00:00:00+06:00,2026-02-13T11:00:00+06:00,2026-02-13T05:00:00Z,T1,11,2026-02-12T06:00:00Z,23,6,dayahead,,0.022667,,False,mos-logistic-v0,start
2026-02-12T18:00:00Z,2026-02-13T00:00:00+06:00,2026-02-13T12:00:00+06:00,2026-02-13T06:00:00Z,T1,12,2026-02-12T06:00:00Z,24,6,dayahead,,0.028945,,False,mos-logistic-v0,start
2026-02-12T18:00:00Z,2026-02-13T00:00:00+06:00,2026-02-13T13:00:00+06:00,2026-02-13T07:00:00Z,T1,13,2026-02-12T06:00:00Z,25,6,dayahead,,0.0379,,False,mos-logistic-v0,start
2026-02-12T18:00:00Z,2026-02-13T00:00:00+06:00,2026-02-13T14:00:00+06:00,2026-02-13T08:00:00Z,T1,14,2026-02-12T06:00:00Z,26,6,dayahead,,0.101408,,False,mos-logistic-v0,start
2026-02-12T18:00:00Z,2026-02-13T00:00:00+06:00,2026-02-13T15:00:00+06:00,2026-02-13T09:00:00Z,T1,15,2026-02-12T06:00:00Z,27,6,dayahead,,0.089961,,False,mos-logistic-v0,start
2026-02-12T18:00:00Z,2026-02-13T00:00:00+06:00,2026-02-13T16:00:00+06:00,2026-02-13T10:00:00Z,T1,16,2026-02-12T06:00:00Z,28,6,dayahead,,0.074247,,False,mos-logistic-v0,start
2026-02-12T18:00:00Z,2026-02-13T00:00:00+06:00,2026-02-13T17:00:00+06:00,2026-02-13T11:00:00Z,T1,17,2026-02-12T06:00:00Z,29,6,dayahead,,0.077173,,False,mos-logistic-v0,start
2026-02-12T18:00:00Z,2026-02-13T00:00:00+06:00,2026-02-13T18:00:00+06:00,2026-02-13T12:00:00Z,T1,18,2026-02-12T06:00:00Z,30,6,dayahead,,0.102045,,False,mos-logistic-v0,start
2026-02-12T18:00:00Z,2026-02-13T00:00:00+06:00,2026-02-13T19:00:00+06:00,2026-02-13T13:00:00Z,T1,19,2026-02-12T06:00:00Z,31,6,dayahead,,0.173456,,False,mos-logistic-v0,start
2026-02-12T18:00:00Z,2026-02-13T00:00:00+06:00,2026-02-13T20:00:00+06:00,2026-02-13T14:00:00Z,T1,20,2026-02-12T06:00:00Z,32,6,dayahead,,0.292097,,False,mos-logistic-v0,start
2026-02-12T18:00:00Z,2026-02-13T00:00:00+06:00,2026-02-13T21:00:00+06:00,2026-02-13T15:00:00Z,T1,21,2026-02-12T06:00:00Z,33,6,dayahead,,0.335573,,False,mos-logistic-v0,start
2026-02-12T18:00:00Z,2026-02-13T00:00:00+06:00,2026-02-13T22:00:00+06:00,2026-02-13T16:00:00Z,T1,22,2026-02-12T06:00:00Z,34,6,dayahead,,0.498255,,False,mos-logistic-v0,start
2026-02-12T18:00:00Z,2026-02-13T00:00:00+06:00,2026-02-13T23:00:00+06:00,2026-02-13T17:00:00Z,T1,23,2026-02-12T06:00:00Z,35,6,dayahead,,0.486061,,False,mos-logistic-v0,start
2026-02-12T18:00:00Z,2026-02-13T00:00:00+06:00,2026-02-14T00:00:00+06:00,2026-02-13T18:00:00Z,T1,24,2026-02-12T06:00:00Z,36,6,dayahead,,0.46347,,False,mos-logistic-v0,start
2026-02-12T18:00:00Z,2026-02-13T00:00:00+06:00,2026-02-14T01:00:00+06:00,2026-02-13T19:00:00Z,T1,25,2026-02-12T06:00:00Z,37,6,dayahead,,0.552084,,False,mos-logistic-v0,start
2026-02-12T18:00:00Z,2026-02-13T00:00:00+06:00,2026-02-14T02:00:00+06:00,2026-02-13T20:00:00Z,T1,26,2026-02-12T06:00:00Z,38,6,dayahead,,0.697709,,False,mos-logistic-v0,start
2026-02-12T18:00:00Z,2026-02-13T00:00:00+06:00,2026-02-14T03:00:00+06:00,2026-02-13T21:00:00Z,T1,27,2026-02-12T06:00:00Z,39,6,dayahead,,0.648708,,False,mos-logistic-v0,start
2026-02-12T18:00:00Z,2026-02-13T00:00:00+06:00,2026-02-14T04:00:00+06:00,2026-02-13T22:00:00Z,T1,28,2026-02-12T06:00:00Z,40,6,dayahead,,0.650295,,False,mos-logistic-v0,start
2026-02-12T18:00:00Z,2026-02-13T00:00:00+06:00,2026-02-14T05:00:00+06:00,2026-02-13T23:00:00Z,T1,29,2026-02-12T06:00:00Z,41,6,dayahead,,0.558969,,False,mos-logistic-v0,start
2026-02-12T18:00:00Z,2026-02-13T00:00:00+06:00,2026-02-14T06:00:00+06:00,2026-02-14T00:00:00Z,T1,30,2026-02-12T06:00:00Z,42,6,dayahead,,0.529586,,False,mos-logistic-v0,start
2026-02-12T18:00:00Z,2026-02-13T00:00:00+06:00,2026-02-14T07:00:00+06:00,2026-02-14T01:00:00Z,T1,31,2026-02-12T06:00:00Z,43,6,dayahead,,0.236675,,False,mos-logistic-v0,start
2026-02-12T18:00:00Z,2026-02-13T00:00:00+06:00,2026-02-14T08:00:00+06:00,2026-02-14T02:00:00Z,T1,32,2026-02-12T06:00:00Z,44,6,dayahead,,0.071423,,False,mos-logistic-v0,start
2026-02-12T18:00:00Z,2026-02-13T00:00:00+06:00,2026-02-14T09:00:00+06:00,2026-02-14T03:00:00Z,T1,33,2026-02-12T06:00:00Z,45,6,dayahead,,0.058354,,False,mos-logistic-v0,start
2026-02-12T18:00:00Z,2026-02-13T00:00:00+06:00,2026-02-14T10:00:00+06:00,2026-02-14T04:00:00Z,T1,34,2026-02-12T06:00:00Z,46,6,dayahead,,0.021759,,False,mos-logistic-v0,start
2026-02-12T18:00:00Z,2026-02-13T00:00:00+06:00,2026-02-14T11:00:00+06:00,2026-02-14T05:00:00Z,T1,35,2026-02-12T06:00:00Z,47,6,dayahead,,0.020603,,False,mos-logistic-v0,start
2026-02-12T18:00:00Z,2026-02-13T00:00:00+06:00,2026-02-14T12:00:00+06:00,2026-02-14T06:00:00Z,T1,36,2026-02-12T06:00:00Z,48,6,dayahead,,0.023293,,False,mos-logistic-v0,start
2026-02-12T18:00:00Z,2026-02-13T00:00:00+06:00,2026-02-14T13:00:00+06:00,2026-02-14T07:00:00Z,T1,37,2026-02-12T06:00:00Z,49,6,dayahead,,0.030144,,False,mos-logistic-v0,start
2026-02-12T18:00:00Z,2026-02-13T00:00:00+06:00,2026-02-14T14:00:00+06:00,2026-02-14T08:00:00Z,T1,38,2026-02-12T06:00:00Z,50,6,dayahead,,0.083344,,False,mos-logistic-v0,start
2026-02-12T18:00:00Z,2026-02-13T00:00:00+06:00,2026-02-14T15:00:00+06:00,2026-02-14T09:00:00Z,T1,39,2026-02-12T06:00:00Z,51,6,dayahead,,0.126668,,False,mos-logistic-v0,start
2026-02-12T18:00:00Z,2026-02-13T00:00:00+06:00,2026-02-14T16:00:00+06:00,2026-02-14T10:00:00Z,T1,40,2026-02-12T06:00:00Z,52,6,dayahead,,0.093444,,False,mos-logistic-v0,start
2026-02-12T18:00:00Z,2026-02-13T00:00:00+06:00,2026-02-14T17:00:00+06:00,2026-02-14T11:00:00Z,T1,41,2026-02-12T06:00:00Z,53,6,dayahead,,0.110653,,False,mos-logistic-v0,start
2026-02-12T18:00:00Z,2026-02-13T00:00:00+06:00,2026-02-14T18:00:00+06:00,2026-02-14T12:00:00Z,T1,42,2026-02-12T06:00:00Z,54,6,dayahead,,0.17851,,False,mos-logistic-v0,start
2026-02-12T18:00:00Z,2026-02-13T00:00:00+06:00,2026-02-14T19:00:00+06:00,2026-02-14T13:00:00Z,T1,43,2026-02-12T06:00:00Z,55,6,dayahead,,0.236675,,False,mos-logistic-v0,start
2026-02-12T18:00:00Z,2026-02-13T00:00:00+06:00,2026-02-14T20:00:00+06:00,2026-02-14T14:00:00Z,T1,44,2026-02-12T06:00:00Z,56,6,dayahead,,0.191107,,False,mos-logistic-v0,start
2026-02-12T18:00:00Z,2026-02-13T00:00:00+06:00,2026-02-14T21:00:00+06:00,2026-02-14T15:00:00Z,T1,45,2026-02-12T06:00:00Z,57,6,dayahead,,0.188961,,False,mos-logistic-v0,start
2026-02-12T18:00:00Z,2026-02-13T00:00:00+06:00,2026-02-14T22:00:00+06:00,2026-02-14T16:00:00Z,T1,46,2026-02-12T06:00:00Z,58,6,dayahead,,0.277896,,False,mos-logistic-v0,start
2026-02-12T18:00:00Z,2026-02-13T00:00:00+06:00,2026-02-14T23:00:00+06:00,2026-02-14T17:00:00Z,T1,47,2026-02-12T06:00:00Z,59,6,dayahead,,0.244313,,False,mos-logistic-v0,start
2026-02-12T18:00:00Z,2026-02-13T00:00:00+06:00,2026-02-13T00:00:00+06:00,2026-02-12T18:00:00Z,T2,0,2026-02-12T06:00:00Z,12,6,dayahead,,0.048189,,False,mos-logistic-v0,start
2026-02-12T18:00:00Z,2026-02-13T00:00:00+06:00,2026-02-13T01:00:00+06:00,2026-02-12T19:00:00Z,T2,1,2026-02-12T06:00:00Z,13,6,dayahead,,0.023613,,False,mos-logistic-v0,start
2026-02-12T18:00:00Z,2026-02-13T00:00:00+06:00,2026-02-13T02:00:00+06:00,2026-02-12T20:00:00Z,T2,2,2026-02-12T06:00:00Z,14,6,dayahead,,0.023135,,False,mos-logistic-v0,start
2026-02-12T18:00:00Z,2026-02-13T00:00:00+06:00,2026-02-13T03:00:00+06:00,2026-02-12T21:00:00Z,T2,3,2026-02-12T06:00:00Z,15,6,dayahead,,0.023293,,False,mos-logistic-v0,start
2026-02-12T18:00:00Z,2026-02-13T00:00:00+06:00,2026-02-13T04:00:00+06:00,2026-02-12T22:00:00Z,T2,4,2026-02-12T06:00:00Z,16,6,dayahead,,0.015995,,False,mos-logistic-v0,start
2026-02-12T18:00:00Z,2026-02-13T00:00:00+06:00,2026-02-13T05:00:00+06:00,2026-02-12T23:00:00Z,T2,5,2026-02-12T06:00:00Z,17,6,dayahead,,0.026866,,False,mos-logistic-v0,start
2026-02-12T18:00:00Z,2026-02-13T00:00:00+06:00,2026-02-13T06:00:00+06:00,2026-02-13T00:00:00Z,T2,6,2026-02-12T06:00:00Z,18,6,dayahead,,0.035439,,False,mos-logistic-v0,start
2026-02-12T18:00:00Z,2026-02-13T00:00:00+06:00,2026-02-13T07:00:00+06:00,2026-02-13T01:00:00Z,T2,7,2026-02-12T06:00:00Z,19,6,dayahead,,0.047553,,False,mos-logistic-v0,start
2026-02-12T18:00:00Z,2026-02-13T00:00:00+06:00,2026-02-13T08:00:00+06:00,2026-02-13T02:00:00Z,T2,8,2026-02-12T06:00:00Z,20,6,dayahead,,0.045695,,False,mos-logistic-v0,start
2026-02-12T18:00:00Z,2026-02-13T00:00:00+06:00,2026-02-13T09:00:00+06:00,2026-02-13T03:00:00Z,T2,9,2026-02-12T06:00:00Z,21,6,dayahead,,0.03616,,False,mos-logistic-v0,start
2026-02-12T18:00:00Z,2026-02-13T00:00:00+06:00,2026-02-13T10:00:00+06:00,2026-02-13T04:00:00Z,T2,10,2026-02-12T06:00:00Z,22,6,dayahead,,0.023774,,False,mos-logistic-v0,start
2026-02-12T18:00:00Z,2026-02-13T00:00:00+06:00,2026-02-13T11:00:00+06:00,2026-02-13T05:00:00Z,T2,11,2026-02-12T06:00:00Z,23,6,dayahead,,0.022667,,False,mos-logistic-v0,start
2026-02-12T18:00:00Z,2026-02-13T00:00:00+06:00,2026-02-13T12:00:00+06:00,2026-02-13T06:00:00Z,T2,12,2026-02-12T06:00:00Z,24,6,dayahead,,0.028945,,False,mos-logistic-v0,start
2026-02-12T18:00:00Z,2026-02-13T00:00:00+06:00,2026-02-13T13:00:00+06:00,2026-02-13T07:00:00Z,T2,13,2026-02-12T06:00:00Z,25,6,dayahead,,0.0379,,False,mos-logistic-v0,start
2026-02-12T18:00:00Z,2026-02-13T00:00:00+06:00,2026-02-13T14:00:00+06:00,2026-02-13T08:00:00Z,T2,14,2026-02-12T06:00:00Z,26,6,dayahead,,0.101408,,False,mos-logistic-v0,start
2026-02-12T18:00:00Z,2026-02-13T00:00:00+06:00,2026-02-13T15:00:00+06:00,2026-02-13T09:00:00Z,T2,15,2026-02-12T06:00:00Z,27,6,dayahead,,0.089961,,False,mos-logistic-v0,start
2026-02-12T18:00:00Z,2026-02-13T00:00:00+06:00,2026-02-13T16:00:00+06:00,2026-02-13T10:00:00Z,T2,16,2026-02-12T06:00:00Z,28,6,dayahead,,0.074247,,False,mos-logistic-v0,start
2026-02-12T18:00:00Z,2026-02-13T00:00:00+06:00,2026-02-13T17:00:00+06:00,2026-02-13T11:00:00Z,T2,17,2026-02-12T06:00:00Z,29,6,dayahead,,0.077173,,False,mos-logistic-v0,start
2026-02-12T18:00:00Z,2026-02-13T00:00:00+06:00,2026-02-13T18:00:00+06:00,2026-02-13T12:00:00Z,T2,18,2026-02-12T06:00:00Z,30,6,dayahead,,0.102045,,False,mos-logistic-v0,start
2026-02-12T18:00:00Z,2026-02-13T00:00:00+06:00,2026-02-13T19:00:00+06:00,2026-02-13T13:00:00Z,T2,19,2026-02-12T06:00:00Z,31,6,dayahead,,0.173456,,False,mos-logistic-v0,start
2026-02-12T18:00:00Z,2026-02-13T00:00:00+06:00,2026-02-13T20:00:00+06:00,2026-02-13T14:00:00Z,T2,20,2026-02-12T06:00:00Z,32,6,dayahead,,0.292097,,False,mos-logistic-v0,start
2026-02-12T18:00:00Z,2026-02-13T00:00:00+06:00,2026-02-13T21:00:00+06:00,2026-02-13T15:00:00Z,T2,21,2026-02-12T06:00:00Z,33,6,dayahead,,0.335573,,False,mos-logistic-v0,start
2026-02-12T18:00:00Z,2026-02-13T00:00:00+06:00,2026-02-13T22:00:00+06:00,2026-02-13T16:00:00Z,T2,22,2026-02-12T06:00:00Z,34,6,dayahead,,0.498255,,False,mos-logistic-v0,start
2026-02-12T18:00:00Z,2026-02-13T00:00:00+06:00,2026-02-13T23:00:00+06:00,2026-02-13T17:00:00Z,T2,23,2026-02-12T06:00:00Z,35,6,dayahead,,0.486061,,False,mos-logistic-v0,start
2026-02-12T18:00:00Z,2026-02-13T00:00:00+06:00,2026-02-14T00:00:00+06:00,2026-02-13T18:00:00Z,T2,24,2026-02-12T06:00:00Z,36,6,dayahead,,0.46347,,False,mos-logistic-v0,start
2026-02-12T18:00:00Z,2026-02-13T00:00:00+06:00,2026-02-14T01:00:00+06:00,2026-02-13T19:00:00Z,T2,25,2026-02-12T06:00:00Z,37,6,dayahead,,0.552084,,False,mos-logistic-v0,start
2026-02-12T18:00:00Z,2026-02-13T00:00:00+06:00,2026-02-14T02:00:00+06:00,2026-02-13T20:00:00Z,T2,26,2026-02-12T06:00:00Z,38,6,dayahead,,0.697709,,False,mos-logistic-v0,start
2026-02-12T18:00:00Z,2026-02-13T00:00:00+06:00,2026-02-14T03:00:00+06:00,2026-02-13T21:00:00Z,T2,27,2026-02-12T06:00:00Z,39,6,dayahead,,0.648708,,False,mos-logistic-v0,start
2026-02-12T18:00:00Z,2026-02-13T00:00:00+06:00,2026-02-14T04:00:00+06:00,2026-02-13T22:00:00Z,T2,28,2026-02-12T06:00:00Z,40,6,dayahead,,0.650295,,False,mos-logistic-v0,start
2026-02-12T18:00:00Z,2026-02-13T00:00:00+06:00,2026-02-14T05:00:00+06:00,2026-02-13T23:00:00Z,T2,29,2026-02-12T06:00:00Z,41,6,dayahead,,0.558969,,False,mos-logistic-v0,start
2026-02-12T18:00:00Z,2026-02-13T00:00:00+06:00,2026-02-14T06:00:00+06:00,2026-02-14T00:00:00Z,T2,30,2026-02-12T06:00:00Z,42,6,dayahead,,0.529586,,False,mos-logistic-v0,start
2026-02-12T18:00:00Z,2026-02-13T00:00:00+06:00,2026-02-14T07:00:00+06:00,2026-02-14T01:00:00Z,T2,31,2026-02-12T06:00:00Z,43,6,dayahead,,0.236675,,False,mos-logistic-v0,start
2026-02-12T18:00:00Z,2026-02-13T00:00:00+06:00,2026-02-14T08:00:00+06:00,2026-02-14T02:00:00Z,T2,32,2026-02-12T06:00:00Z,44,6,dayahead,,0.071423,,False,mos-logistic-v0,start
2026-02-12T18:00:00Z,2026-02-13T00:00:00+06:00,2026-02-14T09:00:00+06:00,2026-02-14T03:00:00Z,T2,33,2026-02-12T06:00:00Z,45,6,dayahead,,0.058354,,False,mos-logistic-v0,start
2026-02-12T18:00:00Z,2026-02-13T00:00:00+06:00,2026-02-14T10:00:00+06:00,2026-02-14T04:00:00Z,T2,34,2026-02-12T06:00:00Z,46,6,dayahead,,0.021759,,False,mos-logistic-v0,start
2026-02-12T18:00:00Z,2026-02-13T00:00:00+06:00,2026-02-14T11:00:00+06:00,2026-02-14T05:00:00Z,T2,35,2026-02-12T06:00:00Z,47,6,dayahead,,0.020603,,False,mos-logistic-v0,start
2026-02-12T18:00:00Z,2026-02-13T00:00:00+06:00,2026-02-14T12:00:00+06:00,2026-02-14T06:00:00Z,T2,36,2026-02-12T06:00:00Z,48,6,dayahead,,0.023293,,False,mos-logistic-v0,start
2026-02-12T18:00:00Z,2026-02-13T00:00:00+06:00,2026-02-14T13:00:00+06:00,2026-02-14T07:00:00Z,T2,37,2026-02-12T06:00:00Z,49,6,dayahead,,0.030144,,False,mos-logistic-v0,start
2026-02-12T18:00:00Z,2026-02-13T00:00:00+06:00,2026-02-14T14:00:00+06:00,2026-02-14T08:00:00Z,T2,38,2026-02-12T06:00:00Z,50,6,dayahead,,0.083344,,False,mos-logistic-v0,start
2026-02-12T18:00:00Z,2026-02-13T00:00:00+06:00,2026-02-14T15:00:00+06:00,2026-02-14T09:00:00Z,T2,39,2026-02-12T06:00:00Z,51,6,dayahead,,0.126668,,False,mos-logistic-v0,start
2026-02-12T18:00:00Z,2026-02-13T00:00:00+06:00,2026-02-14T16:00:00+06:00,2026-02-14T10:00:00Z,T2,40,2026-02-12T06:00:00Z,52,6,dayahead,,0.093444,,False,mos-logistic-v0,start
2026-02-12T18:00:00Z,2026-02-13T00:00:00+06:00,2026-02-14T17:00:00+06:00,2026-02-14T11:00:00Z,T2,41,2026-02-12T06:00:00Z,53,6,dayahead,,0.110653,,False,mos-logistic-v0,start
2026-02-12T18:00:00Z,2026-02-13T00:00:00+06:00,2026-02-14T18:00:00+06:00,2026-02-14T12:00:00Z,T2,42,2026-02-12T06:00:00Z,54,6,dayahead,,0.17851,,False,mos-logistic-v0,start
2026-02-12T18:00:00Z,2026-02-13T00:00:00+06:00,2026-02-14T19:00:00+06:00,2026-02-14T13:00:00Z,T2,43,2026-02-12T06:00:00Z,55,6,dayahead,,0.236675,,False,mos-logistic-v0,start
2026-02-12T18:00:00Z,2026-02-13T00:00:00+06:00,2026-02-14T20:00:00+06:00,2026-02-14T14:00:00Z,T2,44,2026-02-12T06:00:00Z,56,6,dayahead,,0.191107,,False,mos-logistic-v0,start
2026-02-12T18:00:00Z,2026-02-13T00:00:00+06:00,2026-02-14T21:00:00+06:00,2026-02-14T15:00:00Z,T2,45,2026-02-12T06:00:00Z,57,6,dayahead,,0.188961,,False,mos-logistic-v0,start
2026-02-12T18:00:00Z,2026-02-13T00:00:00+06:00,2026-02-14T22:00:00+06:00,2026-02-14T16:00:00Z,T2,46,2026-02-12T06:00:00Z,58,6,dayahead,,0.277896,,False,mos-logistic-v0,start
2026-02-12T18:00:00Z,2026-02-13T00:00:00+06:00,2026-02-14T23:00:00+06:00,2026-02-14T17:00:00Z,T2,47,2026-02-12T06:00:00Z,59,6,dayahead,,0.244313,,False,mos-logistic-v0,start
2026-02-13T18:00:00Z,2026-02-14T00:00:00+06:00,2026-02-14T00:00:00+06:00,2026-02-13T18:00:00Z,T1,0,2026-02-13T06:00:00Z,12,6,dayahead,,0.703557,,False,mos-logistic-v0,start
2026-02-13T18:00:00Z,2026-02-14T00:00:00+06:00,2026-02-14T01:00:00+06:00,2026-02-13T19:00:00Z,T1,1,2026-02-13T06:00:00Z,13,6,dayahead,,0.7505,,False,mos-logistic-v0,start
2026-02-13T18:00:00Z,2026-02-14T00:00:00+06:00,2026-02-14T02:00:00+06:00,2026-02-13T20:00:00Z,T1,2,2026-02-13T06:00:00Z,14,6,dayahead,,0.764579,,False,mos-logistic-v0,start
2026-02-13T18:00:00Z,2026-02-14T00:00:00+06:00,2026-02-14T03:00:00+06:00,2026-02-13T21:00:00Z,T1,3,2026-02-13T06:00:00Z,15,6,dayahead,,0.691796,,False,mos-logistic-v0,start
2026-02-13T18:00:00Z,2026-02-14T00:00:00+06:00,2026-02-14T04:00:00+06:00,2026-02-13T22:00:00Z,T1,4,2026-02-13T06:00:00Z,16,6,dayahead,,0.611365,,False,mos-logistic-v0,start
2026-02-13T18:00:00Z,2026-02-14T00:00:00+06:00,2026-02-14T05:00:00+06:00,2026-02-13T23:00:00Z,T1,5,2026-02-13T06:00:00Z,17,6,dayahead,,0.461737,,False,mos-logistic-v0,start
2026-02-13T18:00:00Z,2026-02-14T00:00:00+06:00,2026-02-14T06:00:00+06:00,2026-02-14T00:00:00Z,T1,6,2026-02-13T06:00:00Z,18,6,dayahead,,0.346537,,False,mos-logistic-v0,start
2026-02-13T18:00:00Z,2026-02-14T00:00:00+06:00,2026-02-14T07:00:00+06:00,2026-02-14T01:00:00Z,T1,7,2026-02-13T06:00:00Z,19,6,dayahead,,0.193271,,False,mos-logistic-v0,start
2026-02-13T18:00:00Z,2026-02-14T00:00:00+06:00,2026-02-14T08:00:00+06:00,2026-02-14T02:00:00Z,T1,8,2026-02-13T06:00:00Z,20,6,dayahead,,0.092856,,False,mos-logistic-v0,start
2026-02-13T18:00:00Z,2026-02-14T00:00:00+06:00,2026-02-14T09:00:00+06:00,2026-02-14T03:00:00Z,T1,9,2026-02-13T06:00:00Z,21,6,dayahead,,0.1177,,False,mos-logistic-v0,start
2026-02-13T18:00:00Z,2026-02-14T00:00:00+06:00,2026-02-14T10:00:00+06:00,2026-02-14T04:00:00Z,T1,10,2026-02-13T06:00:00Z,22,6,dayahead,,0.125134,,False,mos-logistic-v0,start
2026-02-13T18:00:00Z,2026-02-14T00:00:00+06:00,2026-02-14T11:00:00+06:00,2026-02-14T05:00:00Z,T1,11,2026-02-13T06:00:00Z,23,6,dayahead,,0.065216,,False,mos-logistic-v0,start
2026-02-13T18:00:00Z,2026-02-14T00:00:00+06:00,2026-02-14T12:00:00+06:00,2026-02-14T06:00:00Z,T1,12,2026-02-13T06:00:00Z,24,6,dayahead,,0.039986,,False,mos-logistic-v0,start
2026-02-13T18:00:00Z,2026-02-14T00:00:00+06:00,2026-02-14T13:00:00+06:00,2026-02-14T07:00:00Z,T1,13,2026-02-13T06:00:00Z,25,6,dayahead,,0.028172,,False,mos-logistic-v0,start
2026-02-13T18:00:00Z,2026-02-14T00:00:00+06:00,2026-02-14T14:00:00+06:00,2026-02-14T08:00:00Z,T1,14,2026-02-13T06:00:00Z,26,6,dayahead,,0.026685,,False,mos-logistic-v0,start
2026-02-13T18:00:00Z,2026-02-14T00:00:00+06:00,2026-02-14T15:00:00+06:00,2026-02-14T09:00:00Z,T1,15,2026-02-13T06:00:00Z,27,6,dayahead,,0.086046,,False,mos-logistic-v0,start
2026-02-13T18:00:00Z,2026-02-14T00:00:00+06:00,2026-02-14T16:00:00+06:00,2026-02-14T10:00:00Z,T1,16,2026-02-13T06:00:00Z,28,6,dayahead,,0.019112,,False,mos-logistic-v0,start
2026-02-13T18:00:00Z,2026-02-14T00:00:00+06:00,2026-02-14T17:00:00+06:00,2026-02-14T11:00:00Z,T1,17,2026-02-13T06:00:00Z,29,6,dayahead,,0.020186,,False,mos-logistic-v0,start
2026-02-13T18:00:00Z,2026-02-14T00:00:00+06:00,2026-02-14T18:00:00+06:00,2026-02-14T12:00:00Z,T1,18,2026-02-13T06:00:00Z,30,6,dayahead,,0.063952,,False,mos-logistic-v0,start
2026-02-13T18:00:00Z,2026-02-14T00:00:00+06:00,2026-02-14T19:00:00+06:00,2026-02-14T13:00:00Z,T1,19,2026-02-13T06:00:00Z,31,6,dayahead,,0.088827,,False,mos-logistic-v0,start
2026-02-13T18:00:00Z,2026-02-14T00:00:00+06:00,2026-02-14T20:00:00+06:00,2026-02-14T14:00:00Z,T1,20,2026-02-13T06:00:00Z,32,6,dayahead,,0.091109,,False,mos-logistic-v0,start
2026-02-13T18:00:00Z,2026-02-14T00:00:00+06:00,2026-02-14T21:00:00+06:00,2026-02-14T15:00:00Z,T1,21,2026-02-13T06:00:00Z,33,6,dayahead,,0.066071,,False,mos-logistic-v0,start
2026-02-13T18:00:00Z,2026-02-14T00:00:00+06:00,2026-02-14T22:00:00+06:00,2026-02-14T16:00:00Z,T1,22,2026-02-13T06:00:00Z,34,6,dayahead,,0.248194,,False,mos-logistic-v0,start
2026-02-13T18:00:00Z,2026-02-14T00:00:00+06:00,2026-02-14T23:00:00+06:00,2026-02-14T17:00:00Z,T1,23,2026-02-13T06:00:00Z,35,6,dayahead,,0.100145,,False,mos-logistic-v0,start
2026-02-13T18:00:00Z,2026-02-14T00:00:00+06:00,2026-02-15T00:00:00+06:00,2026-02-14T18:00:00Z,T1,24,2026-02-13T06:00:00Z,36,6,dayahead,,0.036896,,False,mos-logistic-v0,start
2026-02-13T18:00:00Z,2026-02-14T00:00:00+06:00,2026-02-15T01:00:00+06:00,2026-02-14T19:00:00Z,T1,25,2026-02-13T06:00:00Z,37,6,dayahead,,0.017726,,False,mos-logistic-v0,start
2026-02-13T18:00:00Z,2026-02-14T00:00:00+06:00,2026-02-15T02:00:00+06:00,2026-02-14T20:00:00Z,T1,26,2026-02-13T06:00:00Z,38,6,dayahead,,0.018852,,False,mos-logistic-v0,start
2026-02-13T18:00:00Z,2026-02-14T00:00:00+06:00,2026-02-15T03:00:00+06:00,2026-02-14T21:00:00Z,T1,27,2026-02-13T06:00:00Z,39,6,dayahead,,0.019641,,False,mos-logistic-v0,start
2026-02-13T18:00:00Z,2026-02-14T00:00:00+06:00,2026-02-15T04:00:00+06:00,2026-02-14T22:00:00Z,T1,28,2026-02-13T06:00:00Z,40,6,dayahead,,0.019776,,False,mos-logistic-v0,start
2026-02-13T18:00:00Z,2026-02-14T00:00:00+06:00,2026-02-15T05:00:00+06:00,2026-02-14T23:00:00Z,T1,29,2026-02-13T06:00:00Z,41,6,dayahead,,0.039191,,False,mos-logistic-v0,start
2026-02-13T18:00:00Z,2026-02-14T00:00:00+06:00,2026-02-15T06:00:00+06:00,2026-02-15T00:00:00Z,T1,30,2026-02-13T06:00:00Z,42,6,dayahead,,0.073294,,False,mos-logistic-v0,start
2026-02-13T18:00:00Z,2026-02-14T00:00:00+06:00,2026-02-15T07:00:00+06:00,2026-02-15T01:00:00Z,T1,31,2026-02-13T06:00:00Z,43,6,dayahead,,0.128999,,False,mos-logistic-v0,start
2026-02-13T18:00:00Z,2026-02-14T00:00:00+06:00,2026-02-15T08:00:00+06:00,2026-02-15T02:00:00Z,T1,32,2026-02-13T06:00:00Z,44,6,dayahead,,0.314176,,False,mos-logistic-v0,start
2026-02-13T18:00:00Z,2026-02-14T00:00:00+06:00,2026-02-15T09:00:00+06:00,2026-02-15T03:00:00Z,T1,33,2026-02-13T06:00:00Z,45,6,dayahead,,0.480839,,False,mos-logistic-v0,start
2026-02-13T18:00:00Z,2026-02-14T00:00:00+06:00,2026-02-15T10:00:00+06:00,2026-02-15T04:00:00Z,T1,34,2026-02-13T06:00:00Z,46,6,dayahead,,0.470409,,False,mos-logistic-v0,start
2026-02-13T18:00:00Z,2026-02-14T00:00:00+06:00,2026-02-15T11:00:00+06:00,2026-02-15T05:00:00Z,T1,35,2026-02-13T06:00:00Z,47,6,dayahead,,0.727661,,False,mos-logistic-v0,start
2026-02-13T18:00:00Z,2026-02-14T00:00:00+06:00,2026-02-15T12:00:00+06:00,2026-02-15T06:00:00Z,T1,36,2026-02-13T06:00:00Z,48,6,dayahead,,0.82554,,False,mos-logistic-v0,start
2026-02-13T18:00:00Z,2026-02-14T00:00:00+06:00,2026-02-15T13:00:00+06:00,2026-02-15T07:00:00Z,T1,37,2026-02-13T06:00:00Z,49,6,dayahead,,0.894715,,False,mos-logistic-v0,start
2026-02-13T18:00:00Z,2026-02-14T00:00:00+06:00,2026-02-15T14:00:00+06:00,2026-02-15T08:00:00Z,T1,38,2026-02-13T06:00:00Z,50,6,dayahead,,0.909465,,False,mos-logistic-v0,start
2026-02-13T18:00:00Z,2026-02-14T00:00:00+06:00,2026-02-15T15:00:00+06:00,2026-02-15T09:00:00Z,T1,39,2026-02-13T06:00:00Z,51,6,dayahead,,0.892729,,False,mos-logistic-v0,start
2026-02-13T18:00:00Z,2026-02-14T00:00:00+06:00,2026-02-15T16:00:00+06:00,2026-02-15T10:00:00Z,T1,40,2026-02-13T06:00:00Z,52,6,dayahead,,0.821488,,False,mos-logistic-v0,start
2026-02-13T18:00:00Z,2026-02-14T00:00:00+06:00,2026-02-15T17:00:00+06:00,2026-02-15T11:00:00Z,T1,41,2026-02-13T06:00:00Z,53,6,dayahead,,0.745243,,False,mos-logistic-v0,start
2026-02-13T18:00:00Z,2026-02-14T00:00:00+06:00,2026-02-15T18:00:00+06:00,2026-02-15T12:00:00Z,T1,42,2026-02-13T06:00:00Z,54,6,dayahead,,0.699177,,False,mos-logistic-v0,start
2026-02-13T18:00:00Z,2026-02-14T00:00:00+06:00,2026-02-15T19:00:00+06:00,2026-02-15T13:00:00Z,T1,43,2026-02-13T06:00:00Z,55,6,dayahead,,0.679782,,False,mos-logistic-v0,start
2026-02-13T18:00:00Z,2026-02-14T00:00:00+06:00,2026-02-15T20:00:00+06:00,2026-02-15T14:00:00Z,T1,44,2026-02-13T06:00:00Z,56,6,dayahead,,0.688816,,False,mos-logistic-v0,start
2026-02-13T18:00:00Z,2026-02-14T00:00:00+06:00,2026-02-15T21:00:00+06:00,2026-02-15T15:00:00Z,T1,45,2026-02-13T06:00:00Z,57,6,dayahead,,0.727661,,False,mos-logistic-v0,start
2026-02-13T18:00:00Z,2026-02-14T00:00:00+06:00,2026-02-15T22:00:00+06:00,2026-02-15T16:00:00Z,T1,46,2026-02-13T06:00:00Z,58,6,dayahead,,0.700641,,False,mos-logistic-v0,start
2026-02-13T18:00:00Z,2026-02-14T00:00:00+06:00,2026-02-15T23:00:00+06:00,2026-02-15T17:00:00Z,T1,47,2026-02-13T06:00:00Z,59,6,dayahead,,0.647118,,False,mos-logistic-v0,start
2026-02-13T18:00:00Z,2026-02-14T00:00:00+06:00,2026-02-14T00:00:00+06:00,2026-02-13T18:00:00Z,T2,0,2026-02-13T06:00:00Z,12,6,dayahead,,0.703557,,False,mos-logistic-v0,start
2026-02-13T18:00:00Z,2026-02-14T00:00:00+06:00,2026-02-14T01:00:00+06:00,2026-02-13T19:00:00Z,T2,1,2026-02-13T06:00:00Z,13,6,dayahead,,0.7505,,False,mos-logistic-v0,start
2026-02-13T18:00:00Z,2026-02-14T00:00:00+06:00,2026-02-14T02:00:00+06:00,2026-02-13T20:00:00Z,T2,2,2026-02-13T06:00:00Z,14,6,dayahead,,0.764579,,False,mos-logistic-v0,start
2026-02-13T18:00:00Z,2026-02-14T00:00:00+06:00,2026-02-14T03:00:00+06:00,2026-02-13T21:00:00Z,T2,3,2026-02-13T06:00:00Z,15,6,dayahead,,0.691796,,False,mos-logistic-v0,start
2026-02-13T18:00:00Z,2026-02-14T00:00:00+06:00,2026-02-14T04:00:00+06:00,2026-02-13T22:00:00Z,T2,4,2026-02-13T06:00:00Z,16,6,dayahead,,0.611365,,False,mos-logistic-v0,start
2026-02-13T18:00:00Z,2026-02-14T00:00:00+06:00,2026-02-14T05:00:00+06:00,2026-02-13T23:00:00Z,T2,5,2026-02-13T06:00:00Z,17,6,dayahead,,0.461737,,False,mos-logistic-v0,start
2026-02-13T18:00:00Z,2026-02-14T00:00:00+06:00,2026-02-14T06:00:00+06:00,2026-02-14T00:00:00Z,T2,6,2026-02-13T06:00:00Z,18,6,dayahead,,0.346537,,False,mos-logistic-v0,start
2026-02-13T18:00:00Z,2026-02-14T00:00:00+06:00,2026-02-14T07:00:00+06:00,2026-02-14T01:00:00Z,T2,7,2026-02-13T06:00:00Z,19,6,dayahead,,0.193271,,False,mos-logistic-v0,start
2026-02-13T18:00:00Z,2026-02-14T00:00:00+06:00,2026-02-14T08:00:00+06:00,2026-02-14T02:00:00Z,T2,8,2026-02-13T06:00:00Z,20,6,dayahead,,0.092856,,False,mos-logistic-v0,start
2026-02-13T18:00:00Z,2026-02-14T00:00:00+06:00,2026-02-14T09:00:00+06:00,2026-02-14T03:00:00Z,T2,9,2026-02-13T06:00:00Z,21,6,dayahead,,0.1177,,False,mos-logistic-v0,start
2026-02-13T18:00:00Z,2026-02-14T00:00:00+06:00,2026-02-14T10:00:00+06:00,2026-02-14T04:00:00Z,T2,10,2026-02-13T06:00:00Z,22,6,dayahead,,0.125134,,False,mos-logistic-v0,start
2026-02-13T18:00:00Z,2026-02-14T00:00:00+06:00,2026-02-14T11:00:00+06:00,2026-02-14T05:00:00Z,T2,11,2026-02-13T06:00:00Z,23,6,dayahead,,0.065216,,False,mos-logistic-v0,start
2026-02-13T18:00:00Z,2026-02-14T00:00:00+06:00,2026-02-14T12:00:00+06:00,2026-02-14T06:00:00Z,T2,12,2026-02-13T06:00:00Z,24,6,dayahead,,0.039986,,False,mos-logistic-v0,start
2026-02-13T18:00:00Z,2026-02-14T00:00:00+06:00,2026-02-14T13:00:00+06:00,2026-02-14T07:00:00Z,T2,13,2026-02-13T06:00:00Z,25,6,dayahead,,0.028172,,False,mos-logistic-v0,start
2026-02-13T18:00:00Z,2026-02-14T00:00:00+06:00,2026-02-14T14:00:00+06:00,2026-02-14T08:00:00Z,T2,14,2026-02-13T06:00:00Z,26,6,dayahead,,0.026685,,False,mos-logistic-v0,start
2026-02-13T18:00:00Z,2026-02-14T00:00:00+06:00,2026-02-14T15:00:00+06:00,2026-02-14T09:00:00Z,T2,15,2026-02-13T06:00:00Z,27,6,dayahead,,0.086046,,False,mos-logistic-v0,start
2026-02-13T18:00:00Z,2026-02-14T00:00:00+06:00,2026-02-14T16:00:00+06:00,2026-02-14T10:00:00Z,T2,16,2026-02-13T06:00:00Z,28,6,dayahead,,0.019112,,False,mos-logistic-v0,start
2026-02-13T18:00:00Z,2026-02-14T00:00:00+06:00,2026-02-14T17:00:00+06:00,2026-02-14T11:00:00Z,T2,17,2026-02-13T06:00:00Z,29,6,dayahead,,0.020186,,False,mos-logistic-v0,start
2026-02-13T18:00:00Z,2026-02-14T00:00:00+06:00,2026-02-14T18:00:00+06:00,2026-02-14T12:00:00Z,T2,18,2026-02-13T06:00:00Z,30,6,dayahead,,0.063952,,False,mos-logistic-v0,start
2026-02-13T18:00:00Z,2026-02-14T00:00:00+06:00,2026-02-14T19:00:00+06:00,2026-02-14T13:00:00Z,T2,19,2026-02-13T06:00:00Z,31,6,dayahead,,0.088827,,False,mos-logistic-v0,start
2026-02-13T18:00:00Z,2026-02-14T00:00:00+06:00,2026-02-14T20:00:00+06:00,2026-02-14T14:00:00Z,T2,20,2026-02-13T06:00:00Z,32,6,dayahead,,0.091109,,False,mos-logistic-v0,start
2026-02-13T18:00:00Z,2026-02-14T00:00:00+06:00,2026-02-14T21:00:00+06:00,2026-02-14T15:00:00Z,T2,21,2026-02-13T06:00:00Z,33,6,dayahead,,0.066071,,False,mos-logistic-v0,start
2026-02-13T18:00:00Z,2026-02-14T00:00:00+06:00,2026-02-14T22:00:00+06:00,2026-02-14T16:00:00Z,T2,22,2026-02-13T06:00:00Z,34,6,dayahead,,0.248194,,False,mos-logistic-v0,start
2026-02-13T18:00:00Z,2026-02-14T00:00:00+06:00,2026-02-14T23:00:00+06:00,2026-02-14T17:00:00Z,T2,23,2026-02-13T06:00:00Z,35,6,dayahead,,0.100145,,False,mos-logistic-v0,start
2026-02-13T18:00:00Z,2026-02-14T00:00:00+06:00,2026-02-15T00:00:00+06:00,2026-02-14T18:00:00Z,T2,24,2026-02-13T06:00:00Z,36,6,dayahead,,0.036896,,False,mos-logistic-v0,start
2026-02-13T18:00:00Z,2026-02-14T00:00:00+06:00,2026-02-15T01:00:00+06:00,2026-02-14T19:00:00Z,T2,25,2026-02-13T06:00:00Z,37,6,dayahead,,0.017726,,False,mos-logistic-v0,start
2026-02-13T18:00:00Z,2026-02-14T00:00:00+06:00,2026-02-15T02:00:00+06:00,2026-02-14T20:00:00Z,T2,26,2026-02-13T06:00:00Z,38,6,dayahead,,0.018852,,False,mos-logistic-v0,start
2026-02-13T18:00:00Z,2026-02-14T00:00:00+06:00,2026-02-15T03:00:00+06:00,2026-02-14T21:00:00Z,T2,27,2026-02-13T06:00:00Z,39,6,dayahead,,0.019641,,False,mos-logistic-v0,start
2026-02-13T18:00:00Z,2026-02-14T00:00:00+06:00,2026-02-15T04:00:00+06:00,2026-02-14T22:00:00Z,T2,28,2026-02-13T06:00:00Z,40,6,dayahead,,0.019776,,False,mos-logistic-v0,start
2026-02-13T18:00:00Z,2026-02-14T00:00:00+06:00,2026-02-15T05:00:00+06:00,2026-02-14T23:00:00Z,T2,29,2026-02-13T06:00:00Z,41,6,dayahead,,0.039191,,False,mos-logistic-v0,start
2026-02-13T18:00:00Z,2026-02-14T00:00:00+06:00,2026-02-15T06:00:00+06:00,2026-02-15T00:00:00Z,T2,30,2026-02-13T06:00:00Z,42,6,dayahead,,0.073294,,False,mos-logistic-v0,start
2026-02-13T18:00:00Z,2026-02-14T00:00:00+06:00,2026-02-15T07:00:00+06:00,2026-02-15T01:00:00Z,T2,31,2026-02-13T06:00:00Z,43,6,dayahead,,0.128999,,False,mos-logistic-v0,start
2026-02-13T18:00:00Z,2026-02-14T00:00:00+06:00,2026-02-15T08:00:00+06:00,2026-02-15T02:00:00Z,T2,32,2026-02-13T06:00:00Z,44,6,dayahead,,0.314176,,False,mos-logistic-v0,start
2026-02-13T18:00:00Z,2026-02-14T00:00:00+06:00,2026-02-15T09:00:00+06:00,2026-02-15T03:00:00Z,T2,33,2026-02-13T06:00:00Z,45,6,dayahead,,0.480839,,False,mos-logistic-v0,start
2026-02-13T18:00:00Z,2026-02-14T00:00:00+06:00,2026-02-15T10:00:00+06:00,2026-02-15T04:00:00Z,T2,34,2026-02-13T06:00:00Z,46,6,dayahead,,0.470409,,False,mos-logistic-v0,start
2026-02-13T18:00:00Z,2026-02-14T00:00:00+06:00,2026-02-15T11:00:00+06:00,2026-02-15T05:00:00Z,T2,35,2026-02-13T06:00:00Z,47,6,dayahead,,0.727661,,False,mos-logistic-v0,start
2026-02-13T18:00:00Z,2026-02-14T00:00:00+06:00,2026-02-15T12:00:00+06:00,2026-02-15T06:00:00Z,T2,36,2026-02-13T06:00:00Z,48,6,dayahead,,0.82554,,False,mos-logistic-v0,start
2026-02-13T18:00:00Z,2026-02-14T00:00:00+06:00,2026-02-15T13:00:00+06:00,2026-02-15T07:00:00Z,T2,37,2026-02-13T06:00:00Z,49,6,dayahead,,0.894715,,False,mos-logistic-v0,start
2026-02-13T18:00:00Z,2026-02-14T00:00:00+06:00,2026-02-15T14:00:00+06:00,2026-02-15T08:00:00Z,T2,38,2026-02-13T06:00:00Z,50,6,dayahead,,0.909465,,False,mos-logistic-v0,start
2026-02-13T18:00:00Z,2026-02-14T00:00:00+06:00,2026-02-15T15:00:00+06:00,2026-02-15T09:00:00Z,T2,39,2026-02-13T06:00:00Z,51,6,dayahead,,0.892729,,False,mos-logistic-v0,start
2026-02-13T18:00:00Z,2026-02-14T00:00:00+06:00,2026-02-15T16:00:00+06:00,2026-02-15T10:00:00Z,T2,40,2026-02-13T06:00:00Z,52,6,dayahead,,0.821488,,False,mos-logistic-v0,start
2026-02-13T18:00:00Z,2026-02-14T00:00:00+06:00,2026-02-15T17:00:00+06:00,2026-02-15T11:00:00Z,T2,41,2026-02-13T06:00:00Z,53,6,dayahead,,0.745243,,False,mos-logistic-v0,start
2026-02-13T18:00:00Z,2026-02-14T00:00:00+06:00,2026-02-15T18:00:00+06:00,2026-02-15T12:00:00Z,T2,42,2026-02-13T06:00:00Z,54,6,dayahead,,0.699177,,False,mos-logistic-v0,start
2026-02-13T18:00:00Z,2026-02-14T00:00:00+06:00,2026-02-15T19:00:00+06:00,2026-02-15T13:00:00Z,T2,43,2026-02-13T06:00:00Z,55,6,dayahead,,0.679782,,False,mos-logistic-v0,start
2026-02-13T18:00:00Z,2026-02-14T00:00:00+06:00,2026-02-15T20:00:00+06:00,2026-02-15T14:00:00Z,T2,44,2026-02-13T06:00:00Z,56,6,dayahead,,0.688816,,False,mos-logistic-v0,start
2026-02-13T18:00:00Z,2026-02-14T00:00:00+06:00,2026-02-15T21:00:00+06:00,2026-02-15T15:00:00Z,T2,45,2026-02-13T06:00:00Z,57,6,dayahead,,0.727661,,False,mos-logistic-v0,start
2026-02-13T18:00:00Z,2026-02-14T00:00:00+06:00,2026-02-15T22:00:00+06:00,2026-02-15T16:00:00Z,T2,46,2026-02-13T06:00:00Z,58,6,dayahead,,0.700641,,False,mos-logistic-v0,start
2026-02-13T18:00:00Z,2026-02-14T00:00:00+06:00,2026-02-15T23:00:00+06:00,2026-02-15T17:00:00Z,T2,47,2026-02-13T06:00:00Z,59,6,dayahead,,0.647118,,False,mos-logistic-v0,start
2026-02-14T18:00:00Z,2026-02-15T00:00:00+06:00,2026-02-15T00:00:00+06:00,2026-02-14T18:00:00Z,T1,0,2026-02-14T06:00:00Z,12,6,dayahead,,0.017129,,False,mos-logistic-v0,start
2026-02-14T18:00:00Z,2026-02-15T00:00:00+06:00,2026-02-15T01:00:00+06:00,2026-02-14T19:00:00Z,T1,1,2026-02-14T06:00:00Z,13,6,dayahead,,0.044199,,False,mos-logistic-v0,start
2026-02-14T18:00:00Z,2026-02-15T00:00:00+06:00,2026-02-15T02:00:00+06:00,2026-02-14T20:00:00Z,T1,2,2026-02-14T06:00:00Z,14,6,dayahead,,0.049484,,False,mos-logistic-v0,start
2026-02-14T18:00:00Z,2026-02-15T00:00:00+06:00,2026-02-15T03:00:00+06:00,2026-02-14T21:00:00Z,T1,3,2026-02-14T06:00:00Z,15,6,dayahead,,0.034036,,False,mos-logistic-v0,start
2026-02-14T18:00:00Z,2026-02-15T00:00:00+06:00,2026-02-15T04:00:00+06:00,2026-02-14T22:00:00Z,T1,4,2026-02-14T06:00:00Z,16,6,dayahead,,0.017129,,False,mos-logistic-v0,start
2026-02-14T18:00:00Z,2026-02-15T00:00:00+06:00,2026-02-15T05:00:00+06:00,2026-02-14T23:00:00Z,T1,5,2026-02-14T06:00:00Z,17,6,dayahead,,0.037395,,False,mos-logistic-v0,start
2026-02-14T18:00:00Z,2026-02-15T00:00:00+06:00,2026-02-15T06:00:00+06:00,2026-02-15T00:00:00Z,T1,6,2026-02-14T06:00:00Z,18,6,dayahead,,0.098896,,False,mos-logistic-v0,start
2026-02-14T18:00:00Z,2026-02-15T00:00:00+06:00,2026-02-15T07:00:00+06:00,2026-02-15T01:00:00Z,T1,7,2026-02-14T06:00:00Z,19,6,dayahead,,0.305235,,False,mos-logistic-v0,start
2026-02-14T18:00:00Z,2026-02-15T00:00:00+06:00,2026-02-15T08:00:00+06:00,2026-02-15T02:00:00Z,T1,8,2026-02-14T06:00:00Z,20,6,dayahead,,0.405315,,False,mos-logistic-v0,start
2026-02-14T18:00:00Z,2026-02-15T00:00:00+06:00,2026-02-15T09:00:00+06:00,2026-02-15T03:00:00Z,T1,9,2026-02-14T06:00:00Z,21,6,dayahead,,0.552084,,False,mos-logistic-v0,start
2026-02-14T18:00:00Z,2026-02-15T00:00:00+06:00,2026-02-15T10:00:00+06:00,2026-02-15T04:00:00Z,T1,10,2026-02-14T06:00:00Z,22,6,dayahead,,0.645525,,False,mos-logistic-v0,start
2026-02-14T18:00:00Z,2026-02-15T00:00:00+06:00,2026-02-15T11:00:00+06:00,2026-02-15T05:00:00Z,T1,11,2026-02-14T06:00:00Z,23,6,dayahead,,0.737221,,False,mos-logistic-v0,start
2026-02-14T18:00:00Z,2026-02-15T00:00:00+06:00,2026-02-15T12:00:00+06:00,2026-02-15T06:00:00Z,T1,12,2026-02-14T06:00:00Z,24,6,dayahead,,0.811036,,False,mos-logistic-v0,start
2026-02-14T18:00:00Z,2026-02-15T00:00:00+06:00,2026-02-15T13:00:00+06:00,2026-02-15T07:00:00Z,T1,13,2026-02-14T06:00:00Z,25,6,dayahead,,0.904165,,False,mos-logistic-v0,start
2026-02-14T18:00:00Z,2026-02-15T00:00:00+06:00,2026-02-15T14:00:00+06:00,2026-02-15T08:00:00Z,T1,14,2026-02-14T06:00:00Z,26,6,dayahead,,0.899223,,False,mos-logistic-v0,start
2026-02-14T18:00:00Z,2026-02-15T00:00:00+06:00,2026-02-15T15:00:00+06:00,2026-02-15T09:00:00Z,T1,15,2026-02-14T06:00:00Z,27,6,dayahead,,0.839151,,False,mos-logistic-v0,start
2026-02-14T18:00:00Z,2026-02-15T00:00:00+06:00,2026-02-15T16:00:00+06:00,2026-02-15T10:00:00Z,T1,16,2026-02-14T06:00:00Z,28,6,dayahead,,0.772023,,False,mos-logistic-v0,start
2026-02-14T18:00:00Z,2026-02-15T00:00:00+06:00,2026-02-15T17:00:00+06:00,2026-02-15T11:00:00Z,T1,17,2026-02-14T06:00:00Z,29,6,dayahead,,0.756968,,False,mos-logistic-v0,start
2026-02-14T18:00:00Z,2026-02-15T00:00:00+06:00,2026-02-15T18:00:00+06:00,2026-02-15T12:00:00Z,T1,18,2026-02-14T06:00:00Z,30,6,dayahead,,0.768322,,False,mos-logistic-v0,start
2026-02-14T18:00:00Z,2026-02-15T00:00:00+06:00,2026-02-15T19:00:00+06:00,2026-02-15T13:00:00Z,T1,19,2026-02-14T06:00:00Z,31,6,dayahead,,0.73857,,False,mos-logistic-v0,start
2026-02-14T18:00:00Z,2026-02-15T00:00:00+06:00,2026-02-15T20:00:00+06:00,2026-02-15T14:00:00Z,T1,20,2026-02-14T06:00:00Z,32,6,dayahead,,0.735869,,False,mos-logistic-v0,start
2026-02-14T18:00:00Z,2026-02-15T00:00:00+06:00,2026-02-15T21:00:00+06:00,2026-02-15T15:00:00Z,T1,21,2026-02-14T06:00:00Z,33,6,dayahead,,0.723497,,False,mos-logistic-v0,start
2026-02-14T18:00:00Z,2026-02-15T00:00:00+06:00,2026-02-15T22:00:00+06:00,2026-02-15T16:00:00Z,T1,22,2026-02-14T06:00:00Z,34,6,dayahead,,0.645525,,False,mos-logistic-v0,start
2026-02-14T18:00:00Z,2026-02-15T00:00:00+06:00,2026-02-15T23:00:00+06:00,2026-02-15T17:00:00Z,T1,23,2026-02-14T06:00:00Z,35,6,dayahead,,0.520896,,False,mos-logistic-v0,start
2026-02-14T18:00:00Z,2026-02-15T00:00:00+06:00,2026-02-16T00:00:00+06:00,2026-02-15T18:00:00Z,T1,24,2026-02-14T06:00:00Z,36,6,dayahead,,0.479099,,False,mos-logistic-v0,start
2026-02-14T18:00:00Z,2026-02-15T00:00:00+06:00,2026-02-16T01:00:00+06:00,2026-02-15T19:00:00Z,T1,25,2026-02-14T06:00:00Z,37,6,dayahead,,0.555529,,False,mos-logistic-v0,start
2026-02-14T18:00:00Z,2026-02-15T00:00:00+06:00,2026-02-16T02:00:00+06:00,2026-02-15T20:00:00Z,T1,26,2026-02-14T06:00:00Z,38,6,dayahead,,0.606385,,False,mos-logistic-v0,start
2026-02-14T18:00:00Z,2026-02-15T00:00:00+06:00,2026-02-16T03:00:00+06:00,2026-02-15T21:00:00Z,T1,27,2026-02-14T06:00:00Z,39,6,dayahead,,0.594681,,False,mos-logistic-v0,start
2026-02-14T18:00:00Z,2026-02-15T00:00:00+06:00,2026-02-16T04:00:00+06:00,2026-02-15T22:00:00Z,T1,28,2026-02-14T06:00:00Z,40,6,dayahead,,0.385324,,False,mos-logistic-v0,start
2026-02-14T18:00:00Z,2026-02-15T00:00:00+06:00,2026-02-16T05:00:00+06:00,2026-02-15T23:00:00Z,T1,29,2026-02-14T06:00:00Z,41,6,dayahead,,0.354471,,False,mos-logistic-v0,start
2026-02-14T18:00:00Z,2026-02-15T00:00:00+06:00,2026-02-16T06:00:00+06:00,2026-02-16T00:00:00Z,T1,30,2026-02-14T06:00:00Z,42,6,dayahead,,0.320214,,False,mos-logistic-v0,start
2026-02-14T18:00:00Z,2026-02-15T00:00:00+06:00,2026-02-16T07:00:00+06:00,2026-02-16T01:00:00Z,T1,31,2026-02-14T06:00:00Z,43,6,dayahead,,0.3082,,False,mos-logistic-v0,start
2026-02-14T18:00:00Z,2026-02-15T00:00:00+06:00,2026-02-16T08:00:00+06:00,2026-02-16T02:00:00Z,T1,32,2026-02-14T06:00:00Z,44,6,dayahead,,0.496513,,False,mos-logistic-v0,start
2026-02-14T18:00:00Z,2026-02-15T00:00:00+06:00,2026-02-16T09:00:00+06:00,2026-02-16T03:00:00Z,T1,33,2026-02-14T06:00:00Z,45,6,dayahead,,0.510451,,False,mos-logistic-v0,start
2026-02-14T18:00:00Z,2026-02-15T00:00:00+06:00,2026-02-16T10:00:00+06:00,2026-02-16T04:00:00Z,T1,34,2026-02-14T06:00:00Z,46,6,dayahead,,0.49477,,False,mos-logistic-v0,start
2026-02-14T18:00:00Z,2026-02-15T00:00:00+06:00,2026-02-16T11:00:00+06:00,2026-02-16T05:00:00Z,T1,35,2026-02-14T06:00:00Z,47,6,dayahead,,0.447911,,False,mos-logistic-v0,start
2026-02-14T18:00:00Z,2026-02-15T00:00:00+06:00,2026-02-16T12:00:00+06:00,2026-02-16T06:00:00Z,T1,36,2026-02-14T06:00:00Z,48,6,dayahead,,0.434166,,False,mos-logistic-v0,start
2026-02-14T18:00:00Z,2026-02-15T00:00:00+06:00,2026-02-16T13:00:00+06:00,2026-02-16T07:00:00Z,T1,37,2026-02-14T06:00:00Z,49,6,dayahead,,0.348117,,False,mos-logistic-v0,start
2026-02-14T18:00:00Z,2026-02-15T00:00:00+06:00,2026-02-16T14:00:00+06:00,2026-02-16T08:00:00Z,T1,38,2026-02-14T06:00:00Z,50,6,dayahead,,0.214761,,False,mos-logistic-v0,start
2026-02-14T18:00:00Z,2026-02-15T00:00:00+06:00,2026-02-16T15:00:00+06:00,2026-02-16T09:00:00Z,T1,39,2026-02-14T06:00:00Z,51,6,dayahead,,0.305235,,False,mos-logistic-v0,start
2026-02-14T18:00:00Z,2026-02-15T00:00:00+06:00,2026-02-16T16:00:00+06:00,2026-02-16T10:00:00Z,T1,40,2026-02-14T06:00:00Z,52,6,dayahead,,0.292097,,False,mos-logistic-v0,start
2026-02-14T18:00:00Z,2026-02-15T00:00:00+06:00,2026-02-16T17:00:00+06:00,2026-02-16T11:00:00Z,T1,41,2026-02-14T06:00:00Z,53,6,dayahead,,0.430744,,False,mos-logistic-v0,start
2026-02-14T18:00:00Z,2026-02-15T00:00:00+06:00,2026-02-16T18:00:00+06:00,2026-02-16T12:00:00Z,T1,42,2026-02-14T06:00:00Z,54,6,dayahead,,0.432454,,False,mos-logistic-v0,start
2026-02-14T18:00:00Z,2026-02-15T00:00:00+06:00,2026-02-16T19:00:00+06:00,2026-02-16T13:00:00Z,T1,43,2026-02-14T06:00:00Z,55,6,dayahead,,0.370577,,False,mos-logistic-v0,start
2026-02-14T18:00:00Z,2026-02-15T00:00:00+06:00,2026-02-16T20:00:00+06:00,2026-02-16T14:00:00Z,T1,44,2026-02-14T06:00:00Z,56,6,dayahead,,0.365713,,False,mos-logistic-v0,start
2026-02-14T18:00:00Z,2026-02-15T00:00:00+06:00,2026-02-16T21:00:00+06:00,2026-02-16T15:00:00Z,T1,45,2026-02-14T06:00:00Z,57,6,dayahead,,0.506967,,False,mos-logistic-v0,start
2026-02-14T18:00:00Z,2026-02-15T00:00:00+06:00,2026-02-16T22:00:00+06:00,2026-02-16T16:00:00Z,T1,46,2026-02-14T06:00:00Z,58,6,dayahead,,0.617968,,False,mos-logistic-v0,start
2026-02-14T18:00:00Z,2026-02-15T00:00:00+06:00,2026-02-16T23:00:00+06:00,2026-02-16T17:00:00Z,T1,47,2026-02-14T06:00:00Z,59,6,dayahead,,0.653459,,False,mos-logistic-v0,start
2026-02-14T18:00:00Z,2026-02-15T00:00:00+06:00,2026-02-15T00:00:00+06:00,2026-02-14T18:00:00Z,T2,0,2026-02-14T06:00:00Z,12,6,dayahead,,0.017129,,False,mos-logistic-v0,start
2026-02-14T18:00:00Z,2026-02-15T00:00:00+06:00,2026-02-15T01:00:00+06:00,2026-02-14T19:00:00Z,T2,1,2026-02-14T06:00:00Z,13,6,dayahead,,0.044199,,False,mos-logistic-v0,start
2026-02-14T18:00:00Z,2026-02-15T00:00:00+06:00,2026-02-15T02:00:00+06:00,2026-02-14T20:00:00Z,T2,2,2026-02-14T06:00:00Z,14,6,dayahead,,0.049484,,False,mos-logistic-v0,start
2026-02-14T18:00:00Z,2026-02-15T00:00:00+06:00,2026-02-15T03:00:00+06:00,2026-02-14T21:00:00Z,T2,3,2026-02-14T06:00:00Z,15,6,dayahead,,0.034036,,False,mos-logistic-v0,start
2026-02-14T18:00:00Z,2026-02-15T00:00:00+06:00,2026-02-15T04:00:00+06:00,2026-02-14T22:00:00Z,T2,4,2026-02-14T06:00:00Z,16,6,dayahead,,0.017129,,False,mos-logistic-v0,start
2026-02-14T18:00:00Z,2026-02-15T00:00:00+06:00,2026-02-15T05:00:00+06:00,2026-02-14T23:00:00Z,T2,5,2026-02-14T06:00:00Z,17,6,dayahead,,0.037395,,False,mos-logistic-v0,start
2026-02-14T18:00:00Z,2026-02-15T00:00:00+06:00,2026-02-15T06:00:00+06:00,2026-02-15T00:00:00Z,T2,6,2026-02-14T06:00:00Z,18,6,dayahead,,0.098896,,False,mos-logistic-v0,start
2026-02-14T18:00:00Z,2026-02-15T00:00:00+06:00,2026-02-15T07:00:00+06:00,2026-02-15T01:00:00Z,T2,7,2026-02-14T06:00:00Z,19,6,dayahead,,0.305235,,False,mos-logistic-v0,start
2026-02-14T18:00:00Z,2026-02-15T00:00:00+06:00,2026-02-15T08:00:00+06:00,2026-02-15T02:00:00Z,T2,8,2026-02-14T06:00:00Z,20,6,dayahead,,0.405315,,False,mos-logistic-v0,start
2026-02-14T18:00:00Z,2026-02-15T00:00:00+06:00,2026-02-15T09:00:00+06:00,2026-02-15T03:00:00Z,T2,9,2026-02-14T06:00:00Z,21,6,dayahead,,0.552084,,False,mos-logistic-v0,start
2026-02-14T18:00:00Z,2026-02-15T00:00:00+06:00,2026-02-15T10:00:00+06:00,2026-02-15T04:00:00Z,T2,10,2026-02-14T06:00:00Z,22,6,dayahead,,0.645525,,False,mos-logistic-v0,start
2026-02-14T18:00:00Z,2026-02-15T00:00:00+06:00,2026-02-15T11:00:00+06:00,2026-02-15T05:00:00Z,T2,11,2026-02-14T06:00:00Z,23,6,dayahead,,0.737221,,False,mos-logistic-v0,start
2026-02-14T18:00:00Z,2026-02-15T00:00:00+06:00,2026-02-15T12:00:00+06:00,2026-02-15T06:00:00Z,T2,12,2026-02-14T06:00:00Z,24,6,dayahead,,0.811036,,False,mos-logistic-v0,start
2026-02-14T18:00:00Z,2026-02-15T00:00:00+06:00,2026-02-15T13:00:00+06:00,2026-02-15T07:00:00Z,T2,13,2026-02-14T06:00:00Z,25,6,dayahead,,0.904165,,False,mos-logistic-v0,start
2026-02-14T18:00:00Z,2026-02-15T00:00:00+06:00,2026-02-15T14:00:00+06:00,2026-02-15T08:00:00Z,T2,14,2026-02-14T06:00:00Z,26,6,dayahead,,0.899223,,False,mos-logistic-v0,start
2026-02-14T18:00:00Z,2026-02-15T00:00:00+06:00,2026-02-15T15:00:00+06:00,2026-02-15T09:00:00Z,T2,15,2026-02-14T06:00:00Z,27,6,dayahead,,0.839151,,False,mos-logistic-v0,start
2026-02-14T18:00:00Z,2026-02-15T00:00:00+06:00,2026-02-15T16:00:00+06:00,2026-02-15T10:00:00Z,T2,16,2026-02-14T06:00:00Z,28,6,dayahead,,0.772023,,False,mos-logistic-v0,start
2026-02-14T18:00:00Z,2026-02-15T00:00:00+06:00,2026-02-15T17:00:00+06:00,2026-02-15T11:00:00Z,T2,17,2026-02-14T06:00:00Z,29,6,dayahead,,0.756968,,False,mos-logistic-v0,start
2026-02-14T18:00:00Z,2026-02-15T00:00:00+06:00,2026-02-15T18:00:00+06:00,2026-02-15T12:00:00Z,T2,18,2026-02-14T06:00:00Z,30,6,dayahead,,0.768322,,False,mos-logistic-v0,start
2026-02-14T18:00:00Z,2026-02-15T00:00:00+06:00,2026-02-15T19:00:00+06:00,2026-02-15T13:00:00Z,T2,19,2026-02-14T06:00:00Z,31,6,dayahead,,0.73857,,False,mos-logistic-v0,start
2026-02-14T18:00:00Z,2026-02-15T00:00:00+06:00,2026-02-15T20:00:00+06:00,2026-02-15T14:00:00Z,T2,20,2026-02-14T06:00:00Z,32,6,dayahead,,0.735869,,False,mos-logistic-v0,start
2026-02-14T18:00:00Z,2026-02-15T00:00:00+06:00,2026-02-15T21:00:00+06:00,2026-02-15T15:00:00Z,T2,21,2026-02-14T06:00:00Z,33,6,dayahead,,0.723497,,False,mos-logistic-v0,start
2026-02-14T18:00:00Z,2026-02-15T00:00:00+06:00,2026-02-15T22:00:00+06:00,2026-02-15T16:00:00Z,T2,22,2026-02-14T06:00:00Z,34,6,dayahead,,0.645525,,False,mos-logistic-v0,start
2026-02-14T18:00:00Z,2026-02-15T00:00:00+06:00,2026-02-15T23:00:00+06:00,2026-02-15T17:00:00Z,T2,23,2026-02-14T06:00:00Z,35,6,dayahead,,0.520896,,False,mos-logistic-v0,start
2026-02-14T18:00:00Z,2026-02-15T00:00:00+06:00,2026-02-16T00:00:00+06:00,2026-02-15T18:00:00Z,T2,24,2026-02-14T06:00:00Z,36,6,dayahead,,0.479099,,False,mos-logistic-v0,start
2026-02-14T18:00:00Z,2026-02-15T00:00:00+06:00,2026-02-16T01:00:00+06:00,2026-02-15T19:00:00Z,T2,25,2026-02-14T06:00:00Z,37,6,dayahead,,0.555529,,False,mos-logistic-v0,start
2026-02-14T18:00:00Z,2026-02-15T00:00:00+06:00,2026-02-16T02:00:00+06:00,2026-02-15T20:00:00Z,T2,26,2026-02-14T06:00:00Z,38,6,dayahead,,0.606385,,False,mos-logistic-v0,start
2026-02-14T18:00:00Z,2026-02-15T00:00:00+06:00,2026-02-16T03:00:00+06:00,2026-02-15T21:00:00Z,T2,27,2026-02-14T06:00:00Z,39,6,dayahead,,0.594681,,False,mos-logistic-v0,start
2026-02-14T18:00:00Z,2026-02-15T00:00:00+06:00,2026-02-16T04:00:00+06:00,2026-02-15T22:00:00Z,T2,28,2026-02-14T06:00:00Z,40,6,dayahead,,0.385324,,False,mos-logistic-v0,start
2026-02-14T18:00:00Z,2026-02-15T00:00:00+06:00,2026-02-16T05:00:00+06:00,2026-02-15T23:00:00Z,T2,29,2026-02-14T06:00:00Z,41,6,dayahead,,0.354471,,False,mos-logistic-v0,start
2026-02-14T18:00:00Z,2026-02-15T00:00:00+06:00,2026-02-16T06:00:00+06:00,2026-02-16T00:00:00Z,T2,30,2026-02-14T06:00:00Z,42,6,dayahead,,0.320214,,False,mos-logistic-v0,start
2026-02-14T18:00:00Z,2026-02-15T00:00:00+06:00,2026-02-16T07:00:00+06:00,2026-02-16T01:00:00Z,T2,31,2026-02-14T06:00:00Z,43,6,dayahead,,0.3082,,False,mos-logistic-v0,start
2026-02-14T18:00:00Z,2026-02-15T00:00:00+06:00,2026-02-16T08:00:00+06:00,2026-02-16T02:00:00Z,T2,32,2026-02-14T06:00:00Z,44,6,dayahead,,0.496513,,False,mos-logistic-v0,start
2026-02-14T18:00:00Z,2026-02-15T00:00:00+06:00,2026-02-16T09:00:00+06:00,2026-02-16T03:00:00Z,T2,33,2026-02-14T06:00:00Z,45,6,dayahead,,0.510451,,False,mos-logistic-v0,start
2026-02-14T18:00:00Z,2026-02-15T00:00:00+06:00,2026-02-16T10:00:00+06:00,2026-02-16T04:00:00Z,T2,34,2026-02-14T06:00:00Z,46,6,dayahead,,0.49477,,False,mos-logistic-v0,start
2026-02-14T18:00:00Z,2026-02-15T00:00:00+06:00,2026-02-16T11:00:00+06:00,2026-02-16T05:00:00Z,T2,35,2026-02-14T06:00:00Z,47,6,dayahead,,0.447911,,False,mos-logistic-v0,start
2026-02-14T18:00:00Z,2026-02-15T00:00:00+06:00,2026-02-16T12:00:00+06:00,2026-02-16T06:00:00Z,T2,36,2026-02-14T06:00:00Z,48,6,dayahead,,0.434166,,False,mos-logistic-v0,start
2026-02-14T18:00:00Z,2026-02-15T00:00:00+06:00,2026-02-16T13:00:00+06:00,2026-02-16T07:00:00Z,T2,37,2026-02-14T06:00:00Z,49,6,dayahead,,0.348117,,False,mos-logistic-v0,start
2026-02-14T18:00:00Z,2026-02-15T00:00:00+06:00,2026-02-16T14:00:00+06:00,2026-02-16T08:00:00Z,T2,38,2026-02-14T06:00:00Z,50,6,dayahead,,0.214761,,False,mos-logistic-v0,start
2026-02-14T18:00:00Z,2026-02-15T00:00:00+06:00,2026-02-16T15:00:00+06:00,2026-02-16T09:00:00Z,T2,39,2026-02-14T06:00:00Z,51,6,dayahead,,0.305235,,False,mos-logistic-v0,start
2026-02-14T18:00:00Z,2026-02-15T00:00:00+06:00,2026-02-16T16:00:00+06:00,2026-02-16T10:00:00Z,T2,40,2026-02-14T06:00:00Z,52,6,dayahead,,0.292097,,False,mos-logistic-v0,start
2026-02-14T18:00:00Z,2026-02-15T00:00:00+06:00,2026-02-16T17:00:00+06:00,2026-02-16T11:00:00Z,T2,41,2026-02-14T06:00:00Z,53,6,dayahead,,0.430744,,False,mos-logistic-v0,start
2026-02-14T18:00:00Z,2026-02-15T00:00:00+06:00,2026-02-16T18:00:00+06:00,2026-02-16T12:00:00Z,T2,42,2026-02-14T06:00:00Z,54,6,dayahead,,0.432454,,False,mos-logistic-v0,start
2026-02-14T18:00:00Z,2026-02-15T00:00:00+06:00,2026-02-16T19:00:00+06:00,2026-02-16T13:00:00Z,T2,43,2026-02-14T06:00:00Z,55,6,dayahead,,0.370577,,False,mos-logistic-v0,start
2026-02-14T18:00:00Z,2026-02-15T00:00:00+06:00,2026-02-16T20:00:00+06:00,2026-02-16T14:00:00Z,T2,44,2026-02-14T06:00:00Z,56,6,dayahead,,0.365713,,False,mos-logistic-v0,start
2026-02-14T18:00:00Z,2026-02-15T00:00:00+06:00,2026-02-16T21:00:00+06:00,2026-02-16T15:00:00Z,T2,45,2026-02-14T06:00:00Z,57,6,dayahead,,0.506967,,False,mos-logistic-v0,start
2026-02-14T18:00:00Z,2026-02-15T00:00:00+06:00,2026-02-16T22:00:00+06:00,2026-02-16T16:00:00Z,T2,46,2026-02-14T06:00:00Z,58,6,dayahead,,0.617968,,False,mos-logistic-v0,start
2026-02-14T18:00:00Z,2026-02-15T00:00:00+06:00,2026-02-16T23:00:00+06:00,2026-02-16T17:00:00Z,T2,47,2026-02-14T06:00:00Z,59,6,dayahead,,0.653459,,False,mos-logistic-v0,start
2026-02-15T18:00:00Z,2026-02-16T00:00:00+06:00,2026-02-16T00:00:00+06:00,2026-02-15T18:00:00Z,T1,0,2026-02-15T06:00:00Z,12,6,dayahead,,0.214761,,False,mos-logistic-v0,start
2026-02-15T18:00:00Z,2026-02-16T00:00:00+06:00,2026-02-16T01:00:00+06:00,2026-02-15T19:00:00Z,T1,1,2026-02-15T06:00:00Z,13,6,dayahead,,0.275107,,False,mos-logistic-v0,start
2026-02-15T18:00:00Z,2026-02-16T00:00:00+06:00,2026-02-16T02:00:00+06:00,2026-02-15T20:00:00Z,T1,2,2026-02-15T06:00:00Z,14,6,dayahead,,0.423921,,False,mos-logistic-v0,start
2026-02-15T18:00:00Z,2026-02-16T00:00:00+06:00,2026-02-16T03:00:00+06:00,2026-02-15T21:00:00Z,T1,3,2026-02-15T06:00:00Z,15,6,dayahead,,0.548635,,False,mos-logistic-v0,start
2026-02-15T18:00:00Z,2026-02-16T00:00:00+06:00,2026-02-16T04:00:00+06:00,2026-02-15T22:00:00Z,T1,4,2026-02-15T06:00:00Z,16,6,dayahead,,0.577776,,False,mos-logistic-v0,start
2026-02-15T18:00:00Z,2026-02-16T00:00:00+06:00,2026-02-16T05:00:00+06:00,2026-02-15T23:00:00Z,T1,5,2026-02-15T06:00:00Z,17,6,dayahead,,0.76956,,False,mos-logistic-v0,start
2026-02-15T18:00:00Z,2026-02-16T00:00:00+06:00,2026-02-16T06:00:00+06:00,2026-02-16T00:00:00Z,T1,6,2026-02-15T06:00:00Z,18,6,dayahead,,0.658178,,False,mos-logistic-v0,start
2026-02-15T18:00:00Z,2026-02-16T00:00:00+06:00,2026-02-16T07:00:00+06:00,2026-02-16T01:00:00Z,T1,7,2026-02-15T06:00:00Z,19,6,dayahead,,0.54518,,False,mos-logistic-v0,start
2026-02-15T18:00:00Z,2026-02-16T00:00:00+06:00,2026-02-16T08:00:00+06:00,2026-02-16T02:00:00Z,T1,8,2026-02-15T06:00:00Z,20,6,dayahead,,0.538259,,False,mos-logistic-v0,start
2026-02-15T18:00:00Z,2026-02-16T00:00:00+06:00,2026-02-16T09:00:00+06:00,2026-02-16T03:00:00Z,T1,9,2026-02-15T06:00:00Z,21,6,dayahead,,0.534792,,False,mos-logistic-v0,start
2026-02-15T18:00:00Z,2026-02-16T00:00:00+06:00,2026-02-16T10:00:00+06:00,2026-02-16T04:00:00Z,T1,10,2026-02-15T06:00:00Z,22,6,dayahead,,0.745243,,False,mos-logistic-v0,start
2026-02-15T18:00:00Z,2026-02-16T00:00:00+06:00,2026-02-16T11:00:00+06:00,2026-02-16T05:00:00Z,T1,11,2026-02-15T06:00:00Z,23,6,dayahead,,0.482579,,False,mos-logistic-v0,start
2026-02-15T18:00:00Z,2026-02-16T00:00:00+06:00,2026-02-16T12:00:00+06:00,2026-02-16T06:00:00Z,T1,12,2026-02-15T06:00:00Z,24,6,dayahead,,0.591316,,False,mos-logistic-v0,start
2026-02-15T18:00:00Z,2026-02-16T00:00:00+06:00,2026-02-16T13:00:00+06:00,2026-02-16T07:00:00Z,T1,13,2026-02-15T06:00:00Z,25,6,dayahead,,0.675213,,False,mos-logistic-v0,start
2026-02-15T18:00:00Z,2026-02-16T00:00:00+06:00,2026-02-16T14:00:00+06:00,2026-02-16T08:00:00Z,T1,14,2026-02-15T06:00:00Z,26,6,dayahead,,0.616321,,False,mos-logistic-v0,start
2026-02-15T18:00:00Z,2026-02-16T00:00:00+06:00,2026-02-16T15:00:00+06:00,2026-02-16T09:00:00Z,T1,15,2026-02-15T06:00:00Z,27,6,dayahead,,0.517416,,False,mos-logistic-v0,start
2026-02-15T18:00:00Z,2026-02-16T00:00:00+06:00,2026-02-16T16:00:00+06:00,2026-02-16T10:00:00Z,T1,16,2026-02-15T06:00:00Z,28,6,dayahead,,0.329385,,False,mos-logistic-v0,start
2026-02-15T18:00:00Z,2026-02-16T00:00:00+06:00,2026-02-16T17:00:00+06:00,2026-02-16T11:00:00Z,T1,17,2026-02-15T06:00:00Z,29,6,dayahead,,0.290658,,False,mos-logistic-v0,start
2026-02-15T18:00:00Z,2026-02-16T00:00:00+06:00,2026-02-16T18:00:00+06:00,2026-02-16T12:00:00Z,T1,18,2026-02-15T06:00:00Z,30,6,dayahead,,0.297895,,False,mos-logistic-v0,start
2026-02-15T18:00:00Z,2026-02-16T00:00:00+06:00,2026-02-16T19:00:00+06:00,2026-02-16T13:00:00Z,T1,19,2026-02-15T06:00:00Z,31,6,dayahead,,0.245602,,False,mos-logistic-v0,start
2026-02-15T18:00:00Z,2026-02-16T00:00:00+06:00,2026-02-16T20:00:00+06:00,2026-02-16T14:00:00Z,T1,20,2026-02-15T06:00:00Z,32,6,dayahead,,0.383674,,False,mos-logistic-v0,start
2026-02-15T18:00:00Z,2026-02-16T00:00:00+06:00,2026-02-16T21:00:00+06:00,2026-02-16T15:00:00Z,T1,21,2026-02-15T06:00:00Z,33,6,dayahead,,0.444466,,False,mos-logistic-v0,start
2026-02-15T18:00:00Z,2026-02-16T00:00:00+06:00,2026-02-16T22:00:00+06:00,2026-02-16T16:00:00Z,T1,22,2026-02-15T06:00:00Z,34,6,dayahead,,0.460005,,False,mos-logistic-v0,start
2026-02-15T18:00:00Z,2026-02-16T00:00:00+06:00,2026-02-16T23:00:00+06:00,2026-02-16T17:00:00Z,T1,23,2026-02-15T06:00:00Z,35,6,dayahead,,0.395276,,False,mos-logistic-v0,start
2026-02-15T18:00:00Z,2026-02-16T00:00:00+06:00,2026-02-17T00:00:00+06:00,2026-02-16T18:00:00Z,T1,24,2026-02-15T06:00:00Z,36,6,dayahead,,0.362485,,False,mos-logistic-v0,start
2026-02-15T18:00:00Z,2026-02-16T00:00:00+06:00,2026-02-17T01:00:00+06:00,2026-02-16T19:00:00Z,T1,25,2026-02-15T06:00:00Z,37,6,dayahead,,0.449635,,False,mos-logistic-v0,start
2026-02-15T18:00:00Z,2026-02-16T00:00:00+06:00,2026-02-17T02:00:00+06:00,2026-02-16T20:00:00Z,T1,26,2026-02-15T06:00:00Z,38,6,dayahead,,0.417127,,False,mos-logistic-v0,start
2026-02-15T18:00:00Z,2026-02-16T00:00:00+06:00,2026-02-17T03:00:00+06:00,2026-02-16T21:00:00Z,T1,27,2026-02-15T06:00:00Z,39,6,dayahead,,0.415434,,False,mos-logistic-v0,start
2026-02-15T18:00:00Z,2026-02-16T00:00:00+06:00,2026-02-17T04:00:00+06:00,2026-02-16T22:00:00Z,T1,28,2026-02-15T06:00:00Z,40,6,dayahead,,0.368953,,False,mos-logistic-v0,start
2026-02-15T18:00:00Z,2026-02-16T00:00:00+06:00,2026-02-17T05:00:00+06:00,2026-02-16T23:00:00Z,T1,29,2026-02-15T06:00:00Z,41,6,dayahead,,0.186834,,False,mos-logistic-v0,start
2026-02-15T18:00:00Z,2026-02-16T00:00:00+06:00,2026-02-17T06:00:00+06:00,2026-02-17T00:00:00Z,T1,30,2026-02-15T06:00:00Z,42,6,dayahead,,0.073294,,False,mos-logistic-v0,start
2026-02-15T18:00:00Z,2026-02-16T00:00:00+06:00,2026-02-17T07:00:00+06:00,2026-02-17T01:00:00Z,T1,31,2026-02-15T06:00:00Z,43,6,dayahead,,0.048189,,False,mos-logistic-v0,start
2026-02-15T18:00:00Z,2026-02-16T00:00:00+06:00,2026-02-17T08:00:00+06:00,2026-02-17T02:00:00Z,T1,32,2026-02-15T06:00:00Z,44,6,dayahead,,0.075697,,False,mos-logistic-v0,start
2026-02-15T18:00:00Z,2026-02-16T00:00:00+06:00,2026-02-17T09:00:00+06:00,2026-02-17T03:00:00Z,T1,33,2026-02-15T06:00:00Z,45,6,dayahead,,0.102045,,False,mos-logistic-v0,start
2026-02-15T18:00:00Z,2026-02-16T00:00:00+06:00,2026-02-17T10:00:00+06:00,2026-02-17T04:00:00Z,T1,34,2026-02-15T06:00:00Z,46,6,dayahead,,0.150765,,False,mos-logistic-v0,start
2026-02-15T18:00:00Z,2026-02-16T00:00:00+06:00,2026-02-17T11:00:00+06:00,2026-02-17T05:00:00Z,T1,35,2026-02-15T06:00:00Z,47,6,dayahead,,0.239202,,False,mos-logistic-v0,start
2026-02-15T18:00:00Z,2026-02-16T00:00:00+06:00,2026-02-17T12:00:00+06:00,2026-02-17T06:00:00Z,T1,36,2026-02-15T06:00:00Z,48,6,dayahead,,0.125134,,False,mos-logistic-v0,start
2026-02-15T18:00:00Z,2026-02-16T00:00:00+06:00,2026-02-17T13:00:00+06:00,2026-02-17T07:00:00Z,T1,37,2026-02-15T06:00:00Z,49,6,dayahead,,0.197655,,False,mos-logistic-v0,start
2026-02-15T18:00:00Z,2026-02-16T00:00:00+06:00,2026-02-17T14:00:00+06:00,2026-02-17T08:00:00Z,T1,38,2026-02-15T06:00:00Z,50,6,dayahead,,0.129784,,False,mos-logistic-v0,start
2026-02-15T18:00:00Z,2026-02-16T00:00:00+06:00,2026-02-17T15:00:00+06:00,2026-02-17T09:00:00Z,T1,39,2026-02-15T06:00:00Z,51,6,dayahead,,0.231675,,False,mos-logistic-v0,start
2026-02-15T18:00:00Z,2026-02-16T00:00:00+06:00,2026-02-17T16:00:00+06:00,2026-02-17T10:00:00Z,T1,40,2026-02-15T06:00:00Z,52,6,dayahead,,0.317187,,False,mos-logistic-v0,start
2026-02-15T18:00:00Z,2026-02-16T00:00:00+06:00,2026-02-17T17:00:00+06:00,2026-02-17T11:00:00Z,T1,41,2026-02-15T06:00:00Z,53,6,dayahead,,0.340251,,False,mos-logistic-v0,start
2026-02-15T18:00:00Z,2026-02-16T00:00:00+06:00,2026-02-17T18:00:00+06:00,2026-02-17T12:00:00Z,T1,42,2026-02-15T06:00:00Z,54,6,dayahead,,0.46347,,False,mos-logistic-v0,start
2026-02-15T18:00:00Z,2026-02-16T00:00:00+06:00,2026-02-17T19:00:00+06:00,2026-02-17T13:00:00Z,T1,43,2026-02-15T06:00:00Z,55,6,dayahead,,0.647118,,False,mos-logistic-v0,start
2026-02-15T18:00:00Z,2026-02-16T00:00:00+06:00,2026-02-17T20:00:00+06:00,2026-02-17T14:00:00Z,T1,44,2026-02-15T06:00:00Z,56,6,dayahead,,0.694761,,False,mos-logistic-v0,start
2026-02-15T18:00:00Z,2026-02-16T00:00:00+06:00,2026-02-17T21:00:00+06:00,2026-02-17T15:00:00Z,T1,45,2026-02-15T06:00:00Z,57,6,dayahead,,0.749192,,False,mos-logistic-v0,start
2026-02-15T18:00:00Z,2026-02-16T00:00:00+06:00,2026-02-17T22:00:00+06:00,2026-02-17T16:00:00Z,T1,46,2026-02-15T06:00:00Z,58,6,dayahead,,0.741252,,False,mos-logistic-v0,start
2026-02-15T18:00:00Z,2026-02-16T00:00:00+06:00,2026-02-17T23:00:00+06:00,2026-02-17T17:00:00Z,T1,47,2026-02-15T06:00:00Z,59,6,dayahead,,0.694761,,False,mos-logistic-v0,start
2026-02-15T18:00:00Z,2026-02-16T00:00:00+06:00,2026-02-16T00:00:00+06:00,2026-02-15T18:00:00Z,T2,0,2026-02-15T06:00:00Z,12,6,dayahead,,0.214761,,False,mos-logistic-v0,start
2026-02-15T18:00:00Z,2026-02-16T00:00:00+06:00,2026-02-16T01:00:00+06:00,2026-02-15T19:00:00Z,T2,1,2026-02-15T06:00:00Z,13,6,dayahead,,0.275107,,False,mos-logistic-v0,start
2026-02-15T18:00:00Z,2026-02-16T00:00:00+06:00,2026-02-16T02:00:00+06:00,2026-02-15T20:00:00Z,T2,2,2026-02-15T06:00:00Z,14,6,dayahead,,0.423921,,False,mos-logistic-v0,start
2026-02-15T18:00:00Z,2026-02-16T00:00:00+06:00,2026-02-16T03:00:00+06:00,2026-02-15T21:00:00Z,T2,3,2026-02-15T06:00:00Z,15,6,dayahead,,0.548635,,False,mos-logistic-v0,start
2026-02-15T18:00:00Z,2026-02-16T00:00:00+06:00,2026-02-16T04:00:00+06:00,2026-02-15T22:00:00Z,T2,4,2026-02-15T06:00:00Z,16,6,dayahead,,0.577776,,False,mos-logistic-v0,start
2026-02-15T18:00:00Z,2026-02-16T00:00:00+06:00,2026-02-16T05:00:00+06:00,2026-02-15T23:00:00Z,T2,5,2026-02-15T06:00:00Z,17,6,dayahead,,0.76956,,False,mos-logistic-v0,start
2026-02-15T18:00:00Z,2026-02-16T00:00:00+06:00,2026-02-16T06:00:00+06:00,2026-02-16T00:00:00Z,T2,6,2026-02-15T06:00:00Z,18,6,dayahead,,0.658178,,False,mos-logistic-v0,start
2026-02-15T18:00:00Z,2026-02-16T00:00:00+06:00,2026-02-16T07:00:00+06:00,2026-02-16T01:00:00Z,T2,7,2026-02-15T06:00:00Z,19,6,dayahead,,0.54518,,False,mos-logistic-v0,start
2026-02-15T18:00:00Z,2026-02-16T00:00:00+06:00,2026-02-16T08:00:00+06:00,2026-02-16T02:00:00Z,T2,8,2026-02-15T06:00:00Z,20,6,dayahead,,0.538259,,False,mos-logistic-v0,start
2026-02-15T18:00:00Z,2026-02-16T00:00:00+06:00,2026-02-16T09:00:00+06:00,2026-02-16T03:00:00Z,T2,9,2026-02-15T06:00:00Z,21,6,dayahead,,0.534792,,False,mos-logistic-v0,start
2026-02-15T18:00:00Z,2026-02-16T00:00:00+06:00,2026-02-16T10:00:00+06:00,2026-02-16T04:00:00Z,T2,10,2026-02-15T06:00:00Z,22,6,dayahead,,0.745243,,False,mos-logistic-v0,start
2026-02-15T18:00:00Z,2026-02-16T00:00:00+06:00,2026-02-16T11:00:00+06:00,2026-02-16T05:00:00Z,T2,11,2026-02-15T06:00:00Z,23,6,dayahead,,0.482579,,False,mos-logistic-v0,start
2026-02-15T18:00:00Z,2026-02-16T00:00:00+06:00,2026-02-16T12:00:00+06:00,2026-02-16T06:00:00Z,T2,12,2026-02-15T06:00:00Z,24,6,dayahead,,0.591316,,False,mos-logistic-v0,start
2026-02-15T18:00:00Z,2026-02-16T00:00:00+06:00,2026-02-16T13:00:00+06:00,2026-02-16T07:00:00Z,T2,13,2026-02-15T06:00:00Z,25,6,dayahead,,0.675213,,False,mos-logistic-v0,start
2026-02-15T18:00:00Z,2026-02-16T00:00:00+06:00,2026-02-16T14:00:00+06:00,2026-02-16T08:00:00Z,T2,14,2026-02-15T06:00:00Z,26,6,dayahead,,0.616321,,False,mos-logistic-v0,start
2026-02-15T18:00:00Z,2026-02-16T00:00:00+06:00,2026-02-16T15:00:00+06:00,2026-02-16T09:00:00Z,T2,15,2026-02-15T06:00:00Z,27,6,dayahead,,0.517416,,False,mos-logistic-v0,start
2026-02-15T18:00:00Z,2026-02-16T00:00:00+06:00,2026-02-16T16:00:00+06:00,2026-02-16T10:00:00Z,T2,16,2026-02-15T06:00:00Z,28,6,dayahead,,0.329385,,False,mos-logistic-v0,start
2026-02-15T18:00:00Z,2026-02-16T00:00:00+06:00,2026-02-16T17:00:00+06:00,2026-02-16T11:00:00Z,T2,17,2026-02-15T06:00:00Z,29,6,dayahead,,0.290658,,False,mos-logistic-v0,start
2026-02-15T18:00:00Z,2026-02-16T00:00:00+06:00,2026-02-16T18:00:00+06:00,2026-02-16T12:00:00Z,T2,18,2026-02-15T06:00:00Z,30,6,dayahead,,0.297895,,False,mos-logistic-v0,start
2026-02-15T18:00:00Z,2026-02-16T00:00:00+06:00,2026-02-16T19:00:00+06:00,2026-02-16T13:00:00Z,T2,19,2026-02-15T06:00:00Z,31,6,dayahead,,0.245602,,False,mos-logistic-v0,start
2026-02-15T18:00:00Z,2026-02-16T00:00:00+06:00,2026-02-16T20:00:00+06:00,2026-02-16T14:00:00Z,T2,20,2026-02-15T06:00:00Z,32,6,dayahead,,0.383674,,False,mos-logistic-v0,start
2026-02-15T18:00:00Z,2026-02-16T00:00:00+06:00,2026-02-16T21:00:00+06:00,2026-02-16T15:00:00Z,T2,21,2026-02-15T06:00:00Z,33,6,dayahead,,0.444466,,False,mos-logistic-v0,start
2026-02-15T18:00:00Z,2026-02-16T00:00:00+06:00,2026-02-16T22:00:00+06:00,2026-02-16T16:00:00Z,T2,22,2026-02-15T06:00:00Z,34,6,dayahead,,0.460005,,False,mos-logistic-v0,start
2026-02-15T18:00:00Z,2026-02-16T00:00:00+06:00,2026-02-16T23:00:00+06:00,2026-02-16T17:00:00Z,T2,23,2026-02-15T06:00:00Z,35,6,dayahead,,0.395276,,False,mos-logistic-v0,start
2026-02-15T18:00:00Z,2026-02-16T00:00:00+06:00,2026-02-17T00:00:00+06:00,2026-02-16T18:00:00Z,T2,24,2026-02-15T06:00:00Z,36,6,dayahead,,0.362485,,False,mos-logistic-v0,start
2026-02-15T18:00:00Z,2026-02-16T00:00:00+06:00,2026-02-17T01:00:00+06:00,2026-02-16T19:00:00Z,T2,25,2026-02-15T06:00:00Z,37,6,dayahead,,0.449635,,False,mos-logistic-v0,start
2026-02-15T18:00:00Z,2026-02-16T00:00:00+06:00,2026-02-17T02:00:00+06:00,2026-02-16T20:00:00Z,T2,26,2026-02-15T06:00:00Z,38,6,dayahead,,0.417127,,False,mos-logistic-v0,start
2026-02-15T18:00:00Z,2026-02-16T00:00:00+06:00,2026-02-17T03:00:00+06:00,2026-02-16T21:00:00Z,T2,27,2026-02-15T06:00:00Z,39,6,dayahead,,0.415434,,False,mos-logistic-v0,start
2026-02-15T18:00:00Z,2026-02-16T00:00:00+06:00,2026-02-17T04:00:00+06:00,2026-02-16T22:00:00Z,T2,28,2026-02-15T06:00:00Z,40,6,dayahead,,0.368953,,False,mos-logistic-v0,start
2026-02-15T18:00:00Z,2026-02-16T00:00:00+06:00,2026-02-17T05:00:00+06:00,2026-02-16T23:00:00Z,T2,29,2026-02-15T06:00:00Z,41,6,dayahead,,0.186834,,False,mos-logistic-v0,start
2026-02-15T18:00:00Z,2026-02-16T00:00:00+06:00,2026-02-17T06:00:00+06:00,2026-02-17T00:00:00Z,T2,30,2026-02-15T06:00:00Z,42,6,dayahead,,0.073294,,False,mos-logistic-v0,start
2026-02-15T18:00:00Z,2026-02-16T00:00:00+06:00,2026-02-17T07:00:00+06:00,2026-02-17T01:00:00Z,T2,31,2026-02-15T06:00:00Z,43,6,dayahead,,0.048189,,False,mos-logistic-v0,start
2026-02-15T18:00:00Z,2026-02-16T00:00:00+06:00,2026-02-17T08:00:00+06:00,2026-02-17T02:00:00Z,T2,32,2026-02-15T06:00:00Z,44,6,dayahead,,0.075697,,False,mos-logistic-v0,start
2026-02-15T18:00:00Z,2026-02-16T00:00:00+06:00,2026-02-17T09:00:00+06:00,2026-02-17T03:00:00Z,T2,33,2026-02-15T06:00:00Z,45,6,dayahead,,0.102045,,False,mos-logistic-v0,start
2026-02-15T18:00:00Z,2026-02-16T00:00:00+06:00,2026-02-17T10:00:00+06:00,2026-02-17T04:00:00Z,T2,34,2026-02-15T06:00:00Z,46,6,dayahead,,0.150765,,False,mos-logistic-v0,start
2026-02-15T18:00:00Z,2026-02-16T00:00:00+06:00,2026-02-17T11:00:00+06:00,2026-02-17T05:00:00Z,T2,35,2026-02-15T06:00:00Z,47,6,dayahead,,0.239202,,False,mos-logistic-v0,start
2026-02-15T18:00:00Z,2026-02-16T00:00:00+06:00,2026-02-17T12:00:00+06:00,2026-02-17T06:00:00Z,T2,36,2026-02-15T06:00:00Z,48,6,dayahead,,0.125134,,False,mos-logistic-v0,start
2026-02-15T18:00:00Z,2026-02-16T00:00:00+06:00,2026-02-17T13:00:00+06:00,2026-02-17T07:00:00Z,T2,37,2026-02-15T06:00:00Z,49,6,dayahead,,0.197655,,False,mos-logistic-v0,start
2026-02-15T18:00:00Z,2026-02-16T00:00:00+06:00,2026-02-17T14:00:00+06:00,2026-02-17T08:00:00Z,T2,38,2026-02-15T06:00:00Z,50,6,dayahead,,0.129784,,False,mos-logistic-v0,start
2026-02-15T18:00:00Z,2026-02-16T00:00:00+06:00,2026-02-17T15:00:00+06:00,2026-02-17T09:00:00Z,T2,39,2026-02-15T06:00:00Z,51,6,dayahead,,0.231675,,False,mos-logistic-v0,start
2026-02-15T18:00:00Z,2026-02-16T00:00:00+06:00,2026-02-17T16:00:00+06:00,2026-02-17T10:00:00Z,T2,40,2026-02-15T06:00:00Z,52,6,dayahead,,0.317187,,False,mos-logistic-v0,start
2026-02-15T18:00:00Z,2026-02-16T00:00:00+06:00,2026-02-17T17:00:00+06:00,2026-02-17T11:00:00Z,T2,41,2026-02-15T06:00:00Z,53,6,dayahead,,0.340251,,False,mos-logistic-v0,start
2026-02-15T18:00:00Z,2026-02-16T00:00:00+06:00,2026-02-17T18:00:00+06:00,2026-02-17T12:00:00Z,T2,42,2026-02-15T06:00:00Z,54,6,dayahead,,0.46347,,False,mos-logistic-v0,start
2026-02-15T18:00:00Z,2026-02-16T00:00:00+06:00,2026-02-17T19:00:00+06:00,2026-02-17T13:00:00Z,T2,43,2026-02-15T06:00:00Z,55,6,dayahead,,0.647118,,False,mos-logistic-v0,start
2026-02-15T18:00:00Z,2026-02-16T00:00:00+06:00,2026-02-17T20:00:00+06:00,2026-02-17T14:00:00Z,T2,44,2026-02-15T06:00:00Z,56,6,dayahead,,0.694761,,False,mos-logistic-v0,start
2026-02-15T18:00:00Z,2026-02-16T00:00:00+06:00,2026-02-17T21:00:00+06:00,2026-02-17T15:00:00Z,T2,45,2026-02-15T06:00:00Z,57,6,dayahead,,0.749192,,False,mos-logistic-v0,start
2026-02-15T18:00:00Z,2026-02-16T00:00:00+06:00,2026-02-17T22:00:00+06:00,2026-02-17T16:00:00Z,T2,46,2026-02-15T06:00:00Z,58,6,dayahead,,0.741252,,False,mos-logistic-v0,start
2026-02-15T18:00:00Z,2026-02-16T00:00:00+06:00,2026-02-17T23:00:00+06:00,2026-02-17T17:00:00Z,T2,47,2026-02-15T06:00:00Z,59,6,dayahead,,0.694761,,False,mos-logistic-v0,start
2026-02-16T18:00:00Z,2026-02-17T00:00:00+06:00,2026-02-17T00:00:00+06:00,2026-02-16T18:00:00Z,T1,0,2026-02-16T06:00:00Z,12,6,dayahead,,0.447911,,False,mos-logistic-v0,start
2026-02-16T18:00:00Z,2026-02-17T00:00:00+06:00,2026-02-17T01:00:00+06:00,2026-02-16T19:00:00Z,T1,1,2026-02-16T06:00:00Z,13,6,dayahead,,0.351288,,False,mos-logistic-v0,start
2026-02-16T18:00:00Z,2026-02-17T00:00:00+06:00,2026-02-17T02:00:00+06:00,2026-02-16T20:00:00Z,T1,2,2026-02-16T06:00:00Z,14,6,dayahead,,0.362485,,False,mos-logistic-v0,start
2026-02-16T18:00:00Z,2026-02-17T00:00:00+06:00,2026-02-17T03:00:00+06:00,2026-02-16T21:00:00Z,T1,3,2026-02-16T06:00:00Z,15,6,dayahead,,0.362485,,False,mos-logistic-v0,start
2026-02-16T18:00:00Z,2026-02-17T00:00:00+06:00,2026-02-17T04:00:00+06:00,2026-02-16T22:00:00Z,T1,4,2026-02-16T06:00:00Z,16,6,dayahead,,0.323256,,False,mos-logistic-v0,start
2026-02-16T18:00:00Z,2026-02-17T00:00:00+06:00,2026-02-17T05:00:00+06:00,2026-02-16T23:00:00Z,T1,5,2026-02-16T06:00:00Z,17,6,dayahead,,0.218308,,False,mos-logistic-v0,start
2026-02-16T18:00:00Z,2026-02-17T00:00:00+06:00,2026-02-17T06:00:00+06:00,2026-02-17T00:00:00Z,T1,6,2026-02-16T06:00:00Z,18,6,dayahead,,0.211256,,False,mos-logistic-v0,start
2026-02-16T18:00:00Z,2026-02-17T00:00:00+06:00,2026-02-17T07:00:00+06:00,2026-02-17T01:00:00Z,T1,7,2026-02-16T06:00:00Z,19,6,dayahead,,0.128999,,False,mos-logistic-v0,start
2026-02-16T18:00:00Z,2026-02-17T00:00:00+06:00,2026-02-17T08:00:00+06:00,2026-02-17T02:00:00Z,T1,8,2026-02-16T06:00:00Z,20,6,dayahead,,0.150765,,False,mos-logistic-v0,start
2026-02-16T18:00:00Z,2026-02-17T00:00:00+06:00,2026-02-17T09:00:00+06:00,2026-02-17T03:00:00Z,T1,9,2026-02-16T06:00:00Z,21,6,dayahead,,0.083879,,False,mos-logistic-v0,start
2026-02-16T18:00:00Z,2026-02-17T00:00:00+06:00,2026-02-17T10:00:00+06:00,2026-02-17T04:00:00Z,T1,10,2026-02-16T06:00:00Z,22,6,dayahead,,0.051149,,False,mos-logistic-v0,start
2026-02-16T18:00:00Z,2026-02-17T00:00:00+06:00,2026-02-17T11:00:00+06:00,2026-02-17T05:00:00Z,T1,11,2026-02-16T06:00:00Z,23,6,dayahead,,0.087149,,False,mos-logistic-v0,start
2026-02-16T18:00:00Z,2026-02-17T00:00:00+06:00,2026-02-17T12:00:00+06:00,2026-02-17T06:00:00Z,T1,12,2026-02-16T06:00:00Z,24,6,dayahead,,0.190031,,False,mos-logistic-v0,start
2026-02-16T18:00:00Z,2026-02-17T00:00:00+06:00,2026-02-17T13:00:00+06:00,2026-02-17T07:00:00Z,T1,13,2026-02-16T06:00:00Z,25,6,dayahead,,0.264128,,False,mos-logistic-v0,start
2026-02-16T18:00:00Z,2026-02-17T00:00:00+06:00,2026-02-17T14:00:00+06:00,2026-02-17T08:00:00Z,T1,14,2026-02-16T06:00:00Z,26,6,dayahead,,0.241748,,False,mos-logistic-v0,start
2026-02-16T18:00:00Z,2026-02-17T00:00:00+06:00,2026-02-17T15:00:00+06:00,2026-02-17T09:00:00Z,T1,15,2026-02-16T06:00:00Z,27,6,dayahead,,0.266846,,False,mos-logistic-v0,start
2026-02-16T18:00:00Z,2026-02-17T00:00:00+06:00,2026-02-17T16:00:00+06:00,2026-02-17T10:00:00Z,T1,16,2026-02-16T06:00:00Z,28,6,dayahead,,0.275107,,False,mos-logistic-v0,start
2026-02-16T18:00:00Z,2026-02-17T00:00:00+06:00,2026-02-17T17:00:00+06:00,2026-02-17T11:00:00Z,T1,17,2026-02-16T06:00:00Z,29,6,dayahead,,0.244313,,False,mos-logistic-v0,start
2026-02-16T18:00:00Z,2026-02-17T00:00:00+06:00,2026-02-17T18:00:00+06:00,2026-02-17T12:00:00Z,T1,18,2026-02-16T06:00:00Z,30,6,dayahead,,0.406996,,False,mos-logistic-v0,start
2026-02-16T18:00:00Z,2026-02-17T00:00:00+06:00,2026-02-17T19:00:00+06:00,2026-02-17T13:00:00Z,T1,19,2026-02-16T06:00:00Z,31,6,dayahead,,0.506967,,False,mos-logistic-v0,start
2026-02-16T18:00:00Z,2026-02-17T00:00:00+06:00,2026-02-17T20:00:00+06:00,2026-02-17T14:00:00Z,T1,20,2026-02-16T06:00:00Z,32,6,dayahead,,0.606385,,False,mos-logistic-v0,start
2026-02-16T18:00:00Z,2026-02-17T00:00:00+06:00,2026-02-17T21:00:00+06:00,2026-02-17T15:00:00Z,T1,21,2026-02-16T06:00:00Z,33,6,dayahead,,0.72904,,False,mos-logistic-v0,start
2026-02-16T18:00:00Z,2026-02-17T00:00:00+06:00,2026-02-17T22:00:00+06:00,2026-02-17T16:00:00Z,T1,22,2026-02-16T06:00:00Z,34,6,dayahead,,0.68582,,False,mos-logistic-v0,start
2026-02-16T18:00:00Z,2026-02-17T00:00:00+06:00,2026-02-17T23:00:00+06:00,2026-02-17T17:00:00Z,T1,23,2026-02-16T06:00:00Z,35,6,dayahead,,0.562402,,False,mos-logistic-v0,start
2026-02-16T18:00:00Z,2026-02-17T00:00:00+06:00,2026-02-18T00:00:00+06:00,2026-02-17T18:00:00Z,T1,24,2026-02-16T06:00:00Z,36,6,dayahead,,0.688816,,False,mos-logistic-v0,start
2026-02-16T18:00:00Z,2026-02-17T00:00:00+06:00,2026-02-18T01:00:00+06:00,2026-02-17T19:00:00Z,T1,25,2026-02-16T06:00:00Z,37,6,dayahead,,0.765831,,False,mos-logistic-v0,start
2026-02-16T18:00:00Z,2026-02-17T00:00:00+06:00,2026-02-18T02:00:00+06:00,2026-02-17T20:00:00Z,T1,26,2026-02-16T06:00:00Z,38,6,dayahead,,0.722101,,False,mos-logistic-v0,start
2026-02-16T18:00:00Z,2026-02-17T00:00:00+06:00,2026-02-18T03:00:00+06:00,2026-02-17T21:00:00Z,T1,27,2026-02-16T06:00:00Z,39,6,dayahead,,0.59636,,False,mos-logistic-v0,start
2026-02-16T18:00:00Z,2026-02-17T00:00:00+06:00,2026-02-18T04:00:00+06:00,2026-02-17T22:00:00Z,T1,28,2026-02-16T06:00:00Z,40,6,dayahead,,0.655035,,False,mos-logistic-v0,start
2026-02-16T18:00:00Z,2026-02-17T00:00:00+06:00,2026-02-18T05:00:00+06:00,2026-02-17T23:00:00Z,T1,29,2026-02-16T06:00:00Z,41,6,dayahead,,0.731785,,False,mos-logistic-v0,start
2026-02-16T18:00:00Z,2026-02-17T00:00:00+06:00,2026-02-18T06:00:00+06:00,2026-02-18T00:00:00Z,T1,30,2026-02-16T06:00:00Z,42,6,dayahead,,0.678263,,False,mos-logistic-v0,start
2026-02-16T18:00:00Z,2026-02-17T00:00:00+06:00,2026-02-18T07:00:00+06:00,2026-02-18T01:00:00Z,T1,31,2026-02-16T06:00:00Z,43,6,dayahead,,0.702101,,False,mos-logistic-v0,start
2026-02-16T18:00:00Z,2026-02-17T00:00:00+06:00,2026-02-18T08:00:00+06:00,2026-02-18T02:00:00Z,T1,32,2026-02-16T06:00:00Z,44,6,dayahead,,0.797883,,False,mos-logistic-v0,start
2026-02-16T18:00:00Z,2026-02-17T00:00:00+06:00,2026-02-18T09:00:00+06:00,2026-02-18T03:00:00Z,T1,33,2026-02-16T06:00:00Z,45,6,dayahead,,0.655035,,False,mos-logistic-v0,start
2026-02-16T18:00:00Z,2026-02-17T00:00:00+06:00,2026-02-18T10:00:00+06:00,2026-02-18T04:00:00Z,T1,34,2026-02-16T06:00:00Z,46,6,dayahead,,0.656609,,False,mos-logistic-v0,start
2026-02-16T18:00:00Z,2026-02-17T00:00:00+06:00,2026-02-18T11:00:00+06:00,2026-02-18T05:00:00Z,T1,35,2026-02-16T06:00:00Z,47,6,dayahead,,0.764579,,False,mos-logistic-v0,start
2026-02-16T18:00:00Z,2026-02-17T00:00:00+06:00,2026-02-18T12:00:00+06:00,2026-02-18T06:00:00Z,T1,36,2026-02-16T06:00:00Z,48,6,dayahead,,0.826541,,False,mos-logistic-v0,start
2026-02-16T18:00:00Z,2026-02-17T00:00:00+06:00,2026-02-18T13:00:00+06:00,2026-02-18T07:00:00Z,T1,37,2026-02-16T06:00:00Z,49,6,dayahead,,0.868631,,False,mos-logistic-v0,start
2026-02-16T18:00:00Z,2026-02-17T00:00:00+06:00,2026-02-18T14:00:00+06:00,2026-02-18T08:00:00Z,T1,38,2026-02-16T06:00:00Z,50,6,dayahead,,0.948169,,False,mos-logistic-v0,start
2026-02-16T18:00:00Z,2026-02-17T00:00:00+06:00,2026-02-18T15:00:00+06:00,2026-02-18T09:00:00Z,T1,39,2026-02-16T06:00:00Z,51,6,dayahead,,0.964561,,False,mos-logistic-v0,start
2026-02-16T18:00:00Z,2026-02-17T00:00:00+06:00,2026-02-18T16:00:00+06:00,2026-02-18T10:00:00Z,T1,40,2026-02-16T06:00:00Z,52,6,dayahead,,0.929495,,False,mos-logistic-v0,start
2026-02-16T18:00:00Z,2026-02-17T00:00:00+06:00,2026-02-18T17:00:00+06:00,2026-02-18T11:00:00Z,T1,41,2026-02-16T06:00:00Z,53,6,dayahead,,0.899853,,False,mos-logistic-v0,start
2026-02-16T18:00:00Z,2026-02-17T00:00:00+06:00,2026-02-18T18:00:00+06:00,2026-02-18T12:00:00Z,T1,42,2026-02-16T06:00:00Z,54,6,dayahead,,0.845628,,False,mos-logistic-v0,start
2026-02-16T18:00:00Z,2026-02-17T00:00:00+06:00,2026-02-18T19:00:00+06:00,2026-02-18T13:00:00Z,T1,43,2026-02-16T06:00:00Z,55,6,dayahead,,0.694761,,False,mos-logistic-v0,start
2026-02-16T18:00:00Z,2026-02-17T00:00:00+06:00,2026-02-18T20:00:00+06:00,2026-02-18T14:00:00Z,T1,44,2026-02-16T06:00:00Z,56,6,dayahead,,0.629419,,False,mos-logistic-v0,start
2026-02-16T18:00:00Z,2026-02-17T00:00:00+06:00,2026-02-18T21:00:00+06:00,2026-02-18T15:00:00Z,T1,45,2026-02-16T06:00:00Z,57,6,dayahead,,0.650295,,False,mos-logistic-v0,start
2026-02-16T18:00:00Z,2026-02-17T00:00:00+06:00,2026-02-18T22:00:00+06:00,2026-02-18T16:00:00Z,T1,46,2026-02-16T06:00:00Z,58,6,dayahead,,0.661308,,False,mos-logistic-v0,start
2026-02-16T18:00:00Z,2026-02-17T00:00:00+06:00,2026-02-18T23:00:00+06:00,2026-02-18T17:00:00Z,T1,47,2026-02-16T06:00:00Z,59,6,dayahead,,0.55036,,False,mos-logistic-v0,start
2026-02-16T18:00:00Z,2026-02-17T00:00:00+06:00,2026-02-17T00:00:00+06:00,2026-02-16T18:00:00Z,T2,0,2026-02-16T06:00:00Z,12,6,dayahead,,0.447911,,False,mos-logistic-v0,start
2026-02-16T18:00:00Z,2026-02-17T00:00:00+06:00,2026-02-17T01:00:00+06:00,2026-02-16T19:00:00Z,T2,1,2026-02-16T06:00:00Z,13,6,dayahead,,0.351288,,False,mos-logistic-v0,start
2026-02-16T18:00:00Z,2026-02-17T00:00:00+06:00,2026-02-17T02:00:00+06:00,2026-02-16T20:00:00Z,T2,2,2026-02-16T06:00:00Z,14,6,dayahead,,0.362485,,False,mos-logistic-v0,start
2026-02-16T18:00:00Z,2026-02-17T00:00:00+06:00,2026-02-17T03:00:00+06:00,2026-02-16T21:00:00Z,T2,3,2026-02-16T06:00:00Z,15,6,dayahead,,0.362485,,False,mos-logistic-v0,start
2026-02-16T18:00:00Z,2026-02-17T00:00:00+06:00,2026-02-17T04:00:00+06:00,2026-02-16T22:00:00Z,T2,4,2026-02-16T06:00:00Z,16,6,dayahead,,0.323256,,False,mos-logistic-v0,start
2026-02-16T18:00:00Z,2026-02-17T00:00:00+06:00,2026-02-17T05:00:00+06:00,2026-02-16T23:00:00Z,T2,5,2026-02-16T06:00:00Z,17,6,dayahead,,0.218308,,False,mos-logistic-v0,start
2026-02-16T18:00:00Z,2026-02-17T00:00:00+06:00,2026-02-17T06:00:00+06:00,2026-02-17T00:00:00Z,T2,6,2026-02-16T06:00:00Z,18,6,dayahead,,0.211256,,False,mos-logistic-v0,start
2026-02-16T18:00:00Z,2026-02-17T00:00:00+06:00,2026-02-17T07:00:00+06:00,2026-02-17T01:00:00Z,T2,7,2026-02-16T06:00:00Z,19,6,dayahead,,0.128999,,False,mos-logistic-v0,start
2026-02-16T18:00:00Z,2026-02-17T00:00:00+06:00,2026-02-17T08:00:00+06:00,2026-02-17T02:00:00Z,T2,8,2026-02-16T06:00:00Z,20,6,dayahead,,0.150765,,False,mos-logistic-v0,start
2026-02-16T18:00:00Z,2026-02-17T00:00:00+06:00,2026-02-17T09:00:00+06:00,2026-02-17T03:00:00Z,T2,9,2026-02-16T06:00:00Z,21,6,dayahead,,0.083879,,False,mos-logistic-v0,start
2026-02-16T18:00:00Z,2026-02-17T00:00:00+06:00,2026-02-17T10:00:00+06:00,2026-02-17T04:00:00Z,T2,10,2026-02-16T06:00:00Z,22,6,dayahead,,0.051149,,False,mos-logistic-v0,start
2026-02-16T18:00:00Z,2026-02-17T00:00:00+06:00,2026-02-17T11:00:00+06:00,2026-02-17T05:00:00Z,T2,11,2026-02-16T06:00:00Z,23,6,dayahead,,0.087149,,False,mos-logistic-v0,start
2026-02-16T18:00:00Z,2026-02-17T00:00:00+06:00,2026-02-17T12:00:00+06:00,2026-02-17T06:00:00Z,T2,12,2026-02-16T06:00:00Z,24,6,dayahead,,0.190031,,False,mos-logistic-v0,start
2026-02-16T18:00:00Z,2026-02-17T00:00:00+06:00,2026-02-17T13:00:00+06:00,2026-02-17T07:00:00Z,T2,13,2026-02-16T06:00:00Z,25,6,dayahead,,0.264128,,False,mos-logistic-v0,start
2026-02-16T18:00:00Z,2026-02-17T00:00:00+06:00,2026-02-17T14:00:00+06:00,2026-02-17T08:00:00Z,T2,14,2026-02-16T06:00:00Z,26,6,dayahead,,0.241748,,False,mos-logistic-v0,start
2026-02-16T18:00:00Z,2026-02-17T00:00:00+06:00,2026-02-17T15:00:00+06:00,2026-02-17T09:00:00Z,T2,15,2026-02-16T06:00:00Z,27,6,dayahead,,0.266846,,False,mos-logistic-v0,start
2026-02-16T18:00:00Z,2026-02-17T00:00:00+06:00,2026-02-17T16:00:00+06:00,2026-02-17T10:00:00Z,T2,16,2026-02-16T06:00:00Z,28,6,dayahead,,0.275107,,False,mos-logistic-v0,start
2026-02-16T18:00:00Z,2026-02-17T00:00:00+06:00,2026-02-17T17:00:00+06:00,2026-02-17T11:00:00Z,T2,17,2026-02-16T06:00:00Z,29,6,dayahead,,0.244313,,False,mos-logistic-v0,start
2026-02-16T18:00:00Z,2026-02-17T00:00:00+06:00,2026-02-17T18:00:00+06:00,2026-02-17T12:00:00Z,T2,18,2026-02-16T06:00:00Z,30,6,dayahead,,0.406996,,False,mos-logistic-v0,start
2026-02-16T18:00:00Z,2026-02-17T00:00:00+06:00,2026-02-17T19:00:00+06:00,2026-02-17T13:00:00Z,T2,19,2026-02-16T06:00:00Z,31,6,dayahead,,0.506967,,False,mos-logistic-v0,start
2026-02-16T18:00:00Z,2026-02-17T00:00:00+06:00,2026-02-17T20:00:00+06:00,2026-02-17T14:00:00Z,T2,20,2026-02-16T06:00:00Z,32,6,dayahead,,0.606385,,False,mos-logistic-v0,start
2026-02-16T18:00:00Z,2026-02-17T00:00:00+06:00,2026-02-17T21:00:00+06:00,2026-02-17T15:00:00Z,T2,21,2026-02-16T06:00:00Z,33,6,dayahead,,0.72904,,False,mos-logistic-v0,start
2026-02-16T18:00:00Z,2026-02-17T00:00:00+06:00,2026-02-17T22:00:00+06:00,2026-02-17T16:00:00Z,T2,22,2026-02-16T06:00:00Z,34,6,dayahead,,0.68582,,False,mos-logistic-v0,start
2026-02-16T18:00:00Z,2026-02-17T00:00:00+06:00,2026-02-17T23:00:00+06:00,2026-02-17T17:00:00Z,T2,23,2026-02-16T06:00:00Z,35,6,dayahead,,0.562402,,False,mos-logistic-v0,start
2026-02-16T18:00:00Z,2026-02-17T00:00:00+06:00,2026-02-18T00:00:00+06:00,2026-02-17T18:00:00Z,T2,24,2026-02-16T06:00:00Z,36,6,dayahead,,0.688816,,False,mos-logistic-v0,start
2026-02-16T18:00:00Z,2026-02-17T00:00:00+06:00,2026-02-18T01:00:00+06:00,2026-02-17T19:00:00Z,T2,25,2026-02-16T06:00:00Z,37,6,dayahead,,0.765831,,False,mos-logistic-v0,start
2026-02-16T18:00:00Z,2026-02-17T00:00:00+06:00,2026-02-18T02:00:00+06:00,2026-02-17T20:00:00Z,T2,26,2026-02-16T06:00:00Z,38,6,dayahead,,0.722101,,False,mos-logistic-v0,start
2026-02-16T18:00:00Z,2026-02-17T00:00:00+06:00,2026-02-18T03:00:00+06:00,2026-02-17T21:00:00Z,T2,27,2026-02-16T06:00:00Z,39,6,dayahead,,0.59636,,False,mos-logistic-v0,start
2026-02-16T18:00:00Z,2026-02-17T00:00:00+06:00,2026-02-18T04:00:00+06:00,2026-02-17T22:00:00Z,T2,28,2026-02-16T06:00:00Z,40,6,dayahead,,0.655035,,False,mos-logistic-v0,start
2026-02-16T18:00:00Z,2026-02-17T00:00:00+06:00,2026-02-18T05:00:00+06:00,2026-02-17T23:00:00Z,T2,29,2026-02-16T06:00:00Z,41,6,dayahead,,0.731785,,False,mos-logistic-v0,start
2026-02-16T18:00:00Z,2026-02-17T00:00:00+06:00,2026-02-18T06:00:00+06:00,2026-02-18T00:00:00Z,T2,30,2026-02-16T06:00:00Z,42,6,dayahead,,0.678263,,False,mos-logistic-v0,start
2026-02-16T18:00:00Z,2026-02-17T00:00:00+06:00,2026-02-18T07:00:00+06:00,2026-02-18T01:00:00Z,T2,31,2026-02-16T06:00:00Z,43,6,dayahead,,0.702101,,False,mos-logistic-v0,start
2026-02-16T18:00:00Z,2026-02-17T00:00:00+06:00,2026-02-18T08:00:00+06:00,2026-02-18T02:00:00Z,T2,32,2026-02-16T06:00:00Z,44,6,dayahead,,0.797883,,False,mos-logistic-v0,start
2026-02-16T18:00:00Z,2026-02-17T00:00:00+06:00,2026-02-18T09:00:00+06:00,2026-02-18T03:00:00Z,T2,33,2026-02-16T06:00:00Z,45,6,dayahead,,0.655035,,False,mos-logistic-v0,start
2026-02-16T18:00:00Z,2026-02-17T00:00:00+06:00,2026-02-18T10:00:00+06:00,2026-02-18T04:00:00Z,T2,34,2026-02-16T06:00:00Z,46,6,dayahead,,0.656609,,False,mos-logistic-v0,start
2026-02-16T18:00:00Z,2026-02-17T00:00:00+06:00,2026-02-18T11:00:00+06:00,2026-02-18T05:00:00Z,T2,35,2026-02-16T06:00:00Z,47,6,dayahead,,0.764579,,False,mos-logistic-v0,start
2026-02-16T18:00:00Z,2026-02-17T00:00:00+06:00,2026-02-18T12:00:00+06:00,2026-02-18T06:00:00Z,T2,36,2026-02-16T06:00:00Z,48,6,dayahead,,0.826541,,False,mos-logistic-v0,start
2026-02-16T18:00:00Z,2026-02-17T00:00:00+06:00,2026-02-18T13:00:00+06:00,2026-02-18T07:00:00Z,T2,37,2026-02-16T06:00:00Z,49,6,dayahead,,0.868631,,False,mos-logistic-v0,start
2026-02-16T18:00:00Z,2026-02-17T00:00:00+06:00,2026-02-18T14:00:00+06:00,2026-02-18T08:00:00Z,T2,38,2026-02-16T06:00:00Z,50,6,dayahead,,0.948169,,False,mos-logistic-v0,start
2026-02-16T18:00:00Z,2026-02-17T00:00:00+06:00,2026-02-18T15:00:00+06:00,2026-02-18T09:00:00Z,T2,39,2026-02-16T06:00:00Z,51,6,dayahead,,0.964561,,False,mos-logistic-v0,start
2026-02-16T18:00:00Z,2026-02-17T00:00:00+06:00,2026-02-18T16:00:00+06:00,2026-02-18T10:00:00Z,T2,40,2026-02-16T06:00:00Z,52,6,dayahead,,0.929495,,False,mos-logistic-v0,start
2026-02-16T18:00:00Z,2026-02-17T00:00:00+06:00,2026-02-18T17:00:00+06:00,2026-02-18T11:00:00Z,T2,41,2026-02-16T06:00:00Z,53,6,dayahead,,0.899853,,False,mos-logistic-v0,start
2026-02-16T18:00:00Z,2026-02-17T00:00:00+06:00,2026-02-18T18:00:00+06:00,2026-02-18T12:00:00Z,T2,42,2026-02-16T06:00:00Z,54,6,dayahead,,0.845628,,False,mos-logistic-v0,start
2026-02-16T18:00:00Z,2026-02-17T00:00:00+06:00,2026-02-18T19:00:00+06:00,2026-02-18T13:00:00Z,T2,43,2026-02-16T06:00:00Z,55,6,dayahead,,0.694761,,False,mos-logistic-v0,start
2026-02-16T18:00:00Z,2026-02-17T00:00:00+06:00,2026-02-18T20:00:00+06:00,2026-02-18T14:00:00Z,T2,44,2026-02-16T06:00:00Z,56,6,dayahead,,0.629419,,False,mos-logistic-v0,start
2026-02-16T18:00:00Z,2026-02-17T00:00:00+06:00,2026-02-18T21:00:00+06:00,2026-02-18T15:00:00Z,T2,45,2026-02-16T06:00:00Z,57,6,dayahead,,0.650295,,False,mos-logistic-v0,start
2026-02-16T18:00:00Z,2026-02-17T00:00:00+06:00,2026-02-18T22:00:00+06:00,2026-02-18T16:00:00Z,T2,46,2026-02-16T06:00:00Z,58,6,dayahead,,0.661308,,False,mos-logistic-v0,start
2026-02-16T18:00:00Z,2026-02-17T00:00:00+06:00,2026-02-18T23:00:00+06:00,2026-02-18T17:00:00Z,T2,47,2026-02-16T06:00:00Z,59,6,dayahead,,0.55036,,False,mos-logistic-v0,start
2026-02-17T18:00:00Z,2026-02-18T00:00:00+06:00,2026-02-18T00:00:00+06:00,2026-02-17T18:00:00Z,T1,0,2026-02-17T06:00:00Z,12,6,dayahead,,0.621254,,False,mos-logistic-v0,start
2026-02-17T18:00:00Z,2026-02-18T00:00:00+06:00,2026-02-18T01:00:00+06:00,2026-02-17T19:00:00Z,T1,1,2026-02-17T06:00:00Z,13,6,dayahead,,0.656609,,False,mos-logistic-v0,start
2026-02-17T18:00:00Z,2026-02-18T00:00:00+06:00,2026-02-18T02:00:00+06:00,2026-02-17T20:00:00Z,T1,2,2026-02-17T06:00:00Z,14,6,dayahead,,0.648708,,False,mos-logistic-v0,start
2026-02-17T18:00:00Z,2026-02-18T00:00:00+06:00,2026-02-18T03:00:00+06:00,2026-02-17T21:00:00Z,T1,3,2026-02-17T06:00:00Z,15,6,dayahead,,0.608047,,False,mos-logistic-v0,start
2026-02-17T18:00:00Z,2026-02-18T00:00:00+06:00,2026-02-18T04:00:00+06:00,2026-02-17T22:00:00Z,T1,4,2026-02-17T06:00:00Z,16,6,dayahead,,0.631043,,False,mos-logistic-v0,start
2026-02-17T18:00:00Z,2026-02-18T00:00:00+06:00,2026-02-18T05:00:00+06:00,2026-02-17T23:00:00Z,T1,5,2026-02-17T06:00:00Z,17,6,dayahead,,0.63912,,False,mos-logistic-v0,start
2026-02-17T18:00:00Z,2026-02-18T00:00:00+06:00,2026-02-18T06:00:00+06:00,2026-02-18T00:00:00Z,T1,6,2026-02-17T06:00:00Z,18,6,dayahead,,0.651879,,False,mos-logistic-v0,start
2026-02-17T18:00:00Z,2026-02-18T00:00:00+06:00,2026-02-18T07:00:00+06:00,2026-02-18T01:00:00Z,T1,7,2026-02-17T06:00:00Z,19,6,dayahead,,0.48432,,False,mos-logistic-v0,start
2026-02-17T18:00:00Z,2026-02-18T00:00:00+06:00,2026-02-18T08:00:00+06:00,2026-02-18T02:00:00Z,T1,8,2026-02-17T06:00:00Z,20,6,dayahead,,0.690308,,False,mos-logistic-v0,start
2026-02-17T18:00:00Z,2026-02-18T00:00:00+06:00,2026-02-18T09:00:00+06:00,2026-02-18T03:00:00Z,T1,9,2026-02-17T06:00:00Z,21,6,dayahead,,0.699177,,False,mos-logistic-v0,start
2026-02-17T18:00:00Z,2026-02-18T00:00:00+06:00,2026-02-18T10:00:00+06:00,2026-02-18T04:00:00Z,T1,10,2026-02-17T06:00:00Z,22,6,dayahead,,0.799005,,False,mos-logistic-v0,start
2026-02-17T18:00:00Z,2026-02-18T00:00:00+06:00,2026-02-18T11:00:00+06:00,2026-02-18T05:00:00Z,T1,11,2026-02-17T06:00:00Z,23,6,dayahead,,0.85709,,False,mos-logistic-v0,start
2026-02-17T18:00:00Z,2026-02-18T00:00:00+06:00,2026-02-18T12:00:00+06:00,2026-02-18T06:00:00Z,T1,12,2026-02-17T06:00:00Z,24,6,dayahead,,0.967531,,False,mos-logistic-v0,start
2026-02-17T18:00:00Z,2026-02-18T00:00:00+06:00,2026-02-18T13:00:00+06:00,2026-02-18T07:00:00Z,T1,13,2026-02-17T06:00:00Z,25,6,dayahead,,0.923321,,False,mos-logistic-v0,start
2026-02-17T18:00:00Z,2026-02-18T00:00:00+06:00,2026-02-18T14:00:00+06:00,2026-02-18T08:00:00Z,T1,14,2026-02-17T06:00:00Z,26,6,dayahead,,0.922328,,False,mos-logistic-v0,start
2026-02-17T18:00:00Z,2026-02-18T00:00:00+06:00,2026-02-18T15:00:00+06:00,2026-02-18T09:00:00Z,T1,15,2026-02-17T06:00:00Z,27,6,dayahead,,0.915583,,False,mos-logistic-v0,start
2026-02-17T18:00:00Z,2026-02-18T00:00:00+06:00,2026-02-18T16:00:00+06:00,2026-02-18T10:00:00Z,T1,16,2026-02-17T06:00:00Z,28,6,dayahead,,0.869424,,False,mos-logistic-v0,start
2026-02-17T18:00:00Z,2026-02-18T00:00:00+06:00,2026-02-18T17:00:00+06:00,2026-02-18T11:00:00Z,T1,17,2026-02-17T06:00:00Z,29,6,dayahead,,0.922328,,False,mos-logistic-v0,start
2026-02-17T18:00:00Z,2026-02-18T00:00:00+06:00,2026-02-18T18:00:00+06:00,2026-02-18T12:00:00Z,T1,18,2026-02-17T06:00:00Z,30,6,dayahead,,0.921827,,False,mos-logistic-v0,start
2026-02-17T18:00:00Z,2026-02-18T00:00:00+06:00,2026-02-18T19:00:00+06:00,2026-02-18T13:00:00Z,T1,19,2026-02-17T06:00:00Z,31,6,dayahead,,0.658178,,False,mos-logistic-v0,start
2026-02-17T18:00:00Z,2026-02-18T00:00:00+06:00,2026-02-18T20:00:00+06:00,2026-02-18T14:00:00Z,T1,20,2026-02-17T06:00:00Z,32,6,dayahead,,0.635898,,False,mos-logistic-v0,start
2026-02-17T18:00:00Z,2026-02-18T00:00:00+06:00,2026-02-18T21:00:00+06:00,2026-02-18T15:00:00Z,T1,21,2026-02-17T06:00:00Z,33,6,dayahead,,0.475621,,False,mos-logistic-v0,start
2026-02-17T18:00:00Z,2026-02-18T00:00:00+06:00,2026-02-18T22:00:00+06:00,2026-02-18T16:00:00Z,T1,22,2026-02-17T06:00:00Z,34,6,dayahead,,0.50174,,False,mos-logistic-v0,start
2026-02-17T18:00:00Z,2026-02-18T00:00:00+06:00,2026-02-18T23:00:00+06:00,2026-02-18T17:00:00Z,T1,23,2026-02-17T06:00:00Z,35,6,dayahead,,0.427329,,False,mos-logistic-v0,start
2026-02-17T18:00:00Z,2026-02-18T00:00:00+06:00,2026-02-19T00:00:00+06:00,2026-02-18T18:00:00Z,T1,24,2026-02-17T06:00:00Z,36,6,dayahead,,0.434166,,False,mos-logistic-v0,start
2026-02-17T18:00:00Z,2026-02-18T00:00:00+06:00,2026-02-19T01:00:00+06:00,2026-02-18T19:00:00Z,T1,25,2026-02-17T06:00:00Z,37,6,dayahead,,0.442746,,False,mos-logistic-v0,start
2026-02-17T18:00:00Z,2026-02-18T00:00:00+06:00,2026-02-19T02:00:00+06:00,2026-02-18T20:00:00Z,T1,26,2026-02-17T06:00:00Z,38,6,dayahead,,0.327847,,False,mos-logistic-v0,start
2026-02-17T18:00:00Z,2026-02-18T00:00:00+06:00,2026-02-19T03:00:00+06:00,2026-02-18T21:00:00Z,T1,27,2026-02-17T06:00:00Z,39,6,dayahead,,0.306716,,False,mos-logistic-v0,start
2026-02-17T18:00:00Z,2026-02-18T00:00:00+06:00,2026-02-19T04:00:00+06:00,2026-02-18T22:00:00Z,T1,28,2026-02-17T06:00:00Z,40,6,dayahead,,0.244313,,False,mos-logistic-v0,start
2026-02-17T18:00:00Z,2026-02-18T00:00:00+06:00,2026-02-19T05:00:00+06:00,2026-02-18T23:00:00Z,T1,29,2026-02-17T06:00:00Z,41,6,dayahead,,0.243028,,False,mos-logistic-v0,start
2026-02-17T18:00:00Z,2026-02-18T00:00:00+06:00,2026-02-19T06:00:00+06:00,2026-02-19T00:00:00Z,T1,30,2026-02-17T06:00:00Z,42,6,dayahead,,0.31118,,False,mos-logistic-v0,start
2026-02-17T18:00:00Z,2026-02-18T00:00:00+06:00,2026-02-19T07:00:00+06:00,2026-02-19T01:00:00Z,T1,31,2026-02-17T06:00:00Z,43,6,dayahead,,0.35927,,False,mos-logistic-v0,start
2026-02-17T18:00:00Z,2026-02-18T00:00:00+06:00,2026-02-19T08:00:00+06:00,2026-02-19T02:00:00Z,T1,32,2026-02-17T06:00:00Z,44,6,dayahead,,0.380383,,False,mos-logistic-v0,start
2026-02-17T18:00:00Z,2026-02-18T00:00:00+06:00,2026-02-19T09:00:00+06:00,2026-02-19T03:00:00Z,T1,33,2026-02-17T06:00:00Z,45,6,dayahead,,0.357667,,False,mos-logistic-v0,start
2026-02-17T18:00:00Z,2026-02-18T00:00:00+06:00,2026-02-19T10:00:00+06:00,2026-02-19T04:00:00Z,T1,34,2026-02-17T06:00:00Z,46,6,dayahead,,0.447911,,False,mos-logistic-v0,start
2026-02-17T18:00:00Z,2026-02-18T00:00:00+06:00,2026-02-19T11:00:00+06:00,2026-02-19T05:00:00Z,T1,35,2026-02-17T06:00:00Z,47,6,dayahead,,0.302287,,False,mos-logistic-v0,start
2026-02-17T18:00:00Z,2026-02-18T00:00:00+06:00,2026-02-19T12:00:00+06:00,2026-02-19T06:00:00Z,T1,36,2026-02-17T06:00:00Z,48,6,dayahead,,0.377103,,False,mos-logistic-v0,start
2026-02-17T18:00:00Z,2026-02-18T00:00:00+06:00,2026-02-19T13:00:00+06:00,2026-02-19T07:00:00Z,T1,37,2026-02-17T06:00:00Z,49,6,dayahead,,0.227973,,False,mos-logistic-v0,start
2026-02-17T18:00:00Z,2026-02-18T00:00:00+06:00,2026-02-19T14:00:00+06:00,2026-02-19T08:00:00Z,T1,38,2026-02-17T06:00:00Z,50,6,dayahead,,0.187895,,False,mos-logistic-v0,start
2026-02-17T18:00:00Z,2026-02-18T00:00:00+06:00,2026-02-19T15:00:00+06:00,2026-02-19T09:00:00Z,T1,39,2026-02-17T06:00:00Z,51,6,dayahead,,0.193271,,False,mos-logistic-v0,start
2026-02-17T18:00:00Z,2026-02-18T00:00:00+06:00,2026-02-19T16:00:00+06:00,2026-02-19T10:00:00Z,T1,40,2026-02-17T06:00:00Z,52,6,dayahead,,0.128999,,False,mos-logistic-v0,start
2026-02-17T18:00:00Z,2026-02-18T00:00:00+06:00,2026-02-19T17:00:00+06:00,2026-02-19T11:00:00Z,T1,41,2026-02-17T06:00:00Z,53,6,dayahead,,0.158974,,False,mos-logistic-v0,start
2026-02-17T18:00:00Z,2026-02-18T00:00:00+06:00,2026-02-19T18:00:00+06:00,2026-02-19T12:00:00Z,T1,42,2026-02-17T06:00:00Z,54,6,dayahead,,0.09227,,False,mos-logistic-v0,start
2026-02-17T18:00:00Z,2026-02-18T00:00:00+06:00,2026-02-19T19:00:00+06:00,2026-02-19T13:00:00Z,T1,43,2026-02-17T06:00:00Z,55,6,dayahead,,0.105283,,False,mos-logistic-v0,start
2026-02-17T18:00:00Z,2026-02-18T00:00:00+06:00,2026-02-19T20:00:00+06:00,2026-02-19T14:00:00Z,T1,44,2026-02-17T06:00:00Z,56,6,dayahead,,0.045999,,False,mos-logistic-v0,start
2026-02-17T18:00:00Z,2026-02-18T00:00:00+06:00,2026-02-19T21:00:00+06:00,2026-02-19T15:00:00Z,T1,45,2026-02-17T06:00:00Z,57,6,dayahead,,0.059513,,False,mos-logistic-v0,start
2026-02-17T18:00:00Z,2026-02-18T00:00:00+06:00,2026-02-19T22:00:00+06:00,2026-02-19T16:00:00Z,T1,46,2026-02-17T06:00:00Z,58,6,dayahead,,0.10333,,False,mos-logistic-v0,start
2026-02-17T18:00:00Z,2026-02-18T00:00:00+06:00,2026-02-19T23:00:00+06:00,2026-02-19T17:00:00Z,T1,47,2026-02-17T06:00:00Z,59,6,dayahead,,0.252116,,False,mos-logistic-v0,start
2026-02-17T18:00:00Z,2026-02-18T00:00:00+06:00,2026-02-18T00:00:00+06:00,2026-02-17T18:00:00Z,T2,0,2026-02-17T06:00:00Z,12,6,dayahead,,0.621254,,False,mos-logistic-v0,start
2026-02-17T18:00:00Z,2026-02-18T00:00:00+06:00,2026-02-18T01:00:00+06:00,2026-02-17T19:00:00Z,T2,1,2026-02-17T06:00:00Z,13,6,dayahead,,0.656609,,False,mos-logistic-v0,start
2026-02-17T18:00:00Z,2026-02-18T00:00:00+06:00,2026-02-18T02:00:00+06:00,2026-02-17T20:00:00Z,T2,2,2026-02-17T06:00:00Z,14,6,dayahead,,0.648708,,False,mos-logistic-v0,start
2026-02-17T18:00:00Z,2026-02-18T00:00:00+06:00,2026-02-18T03:00:00+06:00,2026-02-17T21:00:00Z,T2,3,2026-02-17T06:00:00Z,15,6,dayahead,,0.608047,,False,mos-logistic-v0,start
2026-02-17T18:00:00Z,2026-02-18T00:00:00+06:00,2026-02-18T04:00:00+06:00,2026-02-17T22:00:00Z,T2,4,2026-02-17T06:00:00Z,16,6,dayahead,,0.631043,,False,mos-logistic-v0,start
2026-02-17T18:00:00Z,2026-02-18T00:00:00+06:00,2026-02-18T05:00:00+06:00,2026-02-17T23:00:00Z,T2,5,2026-02-17T06:00:00Z,17,6,dayahead,,0.63912,,False,mos-logistic-v0,start
2026-02-17T18:00:00Z,2026-02-18T00:00:00+06:00,2026-02-18T06:00:00+06:00,2026-02-18T00:00:00Z,T2,6,2026-02-17T06:00:00Z,18,6,dayahead,,0.651879,,False,mos-logistic-v0,start
2026-02-17T18:00:00Z,2026-02-18T00:00:00+06:00,2026-02-18T07:00:00+06:00,2026-02-18T01:00:00Z,T2,7,2026-02-17T06:00:00Z,19,6,dayahead,,0.48432,,False,mos-logistic-v0,start
2026-02-17T18:00:00Z,2026-02-18T00:00:00+06:00,2026-02-18T08:00:00+06:00,2026-02-18T02:00:00Z,T2,8,2026-02-17T06:00:00Z,20,6,dayahead,,0.690308,,False,mos-logistic-v0,start
2026-02-17T18:00:00Z,2026-02-18T00:00:00+06:00,2026-02-18T09:00:00+06:00,2026-02-18T03:00:00Z,T2,9,2026-02-17T06:00:00Z,21,6,dayahead,,0.699177,,False,mos-logistic-v0,start
2026-02-17T18:00:00Z,2026-02-18T00:00:00+06:00,2026-02-18T10:00:00+06:00,2026-02-18T04:00:00Z,T2,10,2026-02-17T06:00:00Z,22,6,dayahead,,0.799005,,False,mos-logistic-v0,start
2026-02-17T18:00:00Z,2026-02-18T00:00:00+06:00,2026-02-18T11:00:00+06:00,2026-02-18T05:00:00Z,T2,11,2026-02-17T06:00:00Z,23,6,dayahead,,0.85709,,False,mos-logistic-v0,start
2026-02-17T18:00:00Z,2026-02-18T00:00:00+06:00,2026-02-18T12:00:00+06:00,2026-02-18T06:00:00Z,T2,12,2026-02-17T06:00:00Z,24,6,dayahead,,0.967531,,False,mos-logistic-v0,start
2026-02-17T18:00:00Z,2026-02-18T00:00:00+06:00,2026-02-18T13:00:00+06:00,2026-02-18T07:00:00Z,T2,13,2026-02-17T06:00:00Z,25,6,dayahead,,0.923321,,False,mos-logistic-v0,start
2026-02-17T18:00:00Z,2026-02-18T00:00:00+06:00,2026-02-18T14:00:00+06:00,2026-02-18T08:00:00Z,T2,14,2026-02-17T06:00:00Z,26,6,dayahead,,0.922328,,False,mos-logistic-v0,start
2026-02-17T18:00:00Z,2026-02-18T00:00:00+06:00,2026-02-18T15:00:00+06:00,2026-02-18T09:00:00Z,T2,15,2026-02-17T06:00:00Z,27,6,dayahead,,0.915583,,False,mos-logistic-v0,start
2026-02-17T18:00:00Z,2026-02-18T00:00:00+06:00,2026-02-18T16:00:00+06:00,2026-02-18T10:00:00Z,T2,16,2026-02-17T06:00:00Z,28,6,dayahead,,0.869424,,False,mos-logistic-v0,start
2026-02-17T18:00:00Z,2026-02-18T00:00:00+06:00,2026-02-18T17:00:00+06:00,2026-02-18T11:00:00Z,T2,17,2026-02-17T06:00:00Z,29,6,dayahead,,0.922328,,False,mos-logistic-v0,start
2026-02-17T18:00:00Z,2026-02-18T00:00:00+06:00,2026-02-18T18:00:00+06:00,2026-02-18T12:00:00Z,T2,18,2026-02-17T06:00:00Z,30,6,dayahead,,0.921827,,False,mos-logistic-v0,start
2026-02-17T18:00:00Z,2026-02-18T00:00:00+06:00,2026-02-18T19:00:00+06:00,2026-02-18T13:00:00Z,T2,19,2026-02-17T06:00:00Z,31,6,dayahead,,0.658178,,False,mos-logistic-v0,start
2026-02-17T18:00:00Z,2026-02-18T00:00:00+06:00,2026-02-18T20:00:00+06:00,2026-02-18T14:00:00Z,T2,20,2026-02-17T06:00:00Z,32,6,dayahead,,0.635898,,False,mos-logistic-v0,start
2026-02-17T18:00:00Z,2026-02-18T00:00:00+06:00,2026-02-18T21:00:00+06:00,2026-02-18T15:00:00Z,T2,21,2026-02-17T06:00:00Z,33,6,dayahead,,0.475621,,False,mos-logistic-v0,start
2026-02-17T18:00:00Z,2026-02-18T00:00:00+06:00,2026-02-18T22:00:00+06:00,2026-02-18T16:00:00Z,T2,22,2026-02-17T06:00:00Z,34,6,dayahead,,0.50174,,False,mos-logistic-v0,start
2026-02-17T18:00:00Z,2026-02-18T00:00:00+06:00,2026-02-18T23:00:00+06:00,2026-02-18T17:00:00Z,T2,23,2026-02-17T06:00:00Z,35,6,dayahead,,0.427329,,False,mos-logistic-v0,start
2026-02-17T18:00:00Z,2026-02-18T00:00:00+06:00,2026-02-19T00:00:00+06:00,2026-02-18T18:00:00Z,T2,24,2026-02-17T06:00:00Z,36,6,dayahead,,0.434166,,False,mos-logistic-v0,start
2026-02-17T18:00:00Z,2026-02-18T00:00:00+06:00,2026-02-19T01:00:00+06:00,2026-02-18T19:00:00Z,T2,25,2026-02-17T06:00:00Z,37,6,dayahead,,0.442746,,False,mos-logistic-v0,start
2026-02-17T18:00:00Z,2026-02-18T00:00:00+06:00,2026-02-19T02:00:00+06:00,2026-02-18T20:00:00Z,T2,26,2026-02-17T06:00:00Z,38,6,dayahead,,0.327847,,False,mos-logistic-v0,start
2026-02-17T18:00:00Z,2026-02-18T00:00:00+06:00,2026-02-19T03:00:00+06:00,2026-02-18T21:00:00Z,T2,27,2026-02-17T06:00:00Z,39,6,dayahead,,0.306716,,False,mos-logistic-v0,start
2026-02-17T18:00:00Z,2026-02-18T00:00:00+06:00,2026-02-19T04:00:00+06:00,2026-02-18T22:00:00Z,T2,28,2026-02-17T06:00:00Z,40,6,dayahead,,0.244313,,False,mos-logistic-v0,start
2026-02-17T18:00:00Z,2026-02-18T00:00:00+06:00,2026-02-19T05:00:00+06:00,2026-02-18T23:00:00Z,T2,29,2026-02-17T06:00:00Z,41,6,dayahead,,0.243028,,False,mos-logistic-v0,start
2026-02-17T18:00:00Z,2026-02-18T00:00:00+06:00,2026-02-19T06:00:00+06:00,2026-02-19T00:00:00Z,T2,30,2026-02-17T06:00:00Z,42,6,dayahead,,0.31118,,False,mos-logistic-v0,start
2026-02-17T18:00:00Z,2026-02-18T00:00:00+06:00,2026-02-19T07:00:00+06:00,2026-02-19T01:00:00Z,T2,31,2026-02-17T06:00:00Z,43,6,dayahead,,0.35927,,False,mos-logistic-v0,start
2026-02-17T18:00:00Z,2026-02-18T00:00:00+06:00,2026-02-19T08:00:00+06:00,2026-02-19T02:00:00Z,T2,32,2026-02-17T06:00:00Z,44,6,dayahead,,0.380383,,False,mos-logistic-v0,start
2026-02-17T18:00:00Z,2026-02-18T00:00:00+06:00,2026-02-19T09:00:00+06:00,2026-02-19T03:00:00Z,T2,33,2026-02-17T06:00:00Z,45,6,dayahead,,0.357667,,False,mos-logistic-v0,start
2026-02-17T18:00:00Z,2026-02-18T00:00:00+06:00,2026-02-19T10:00:00+06:00,2026-02-19T04:00:00Z,T2,34,2026-02-17T06:00:00Z,46,6,dayahead,,0.447911,,False,mos-logistic-v0,start
2026-02-17T18:00:00Z,2026-02-18T00:00:00+06:00,2026-02-19T11:00:00+06:00,2026-02-19T05:00:00Z,T2,35,2026-02-17T06:00:00Z,47,6,dayahead,,0.302287,,False,mos-logistic-v0,start
2026-02-17T18:00:00Z,2026-02-18T00:00:00+06:00,2026-02-19T12:00:00+06:00,2026-02-19T06:00:00Z,T2,36,2026-02-17T06:00:00Z,48,6,dayahead,,0.377103,,False,mos-logistic-v0,start
2026-02-17T18:00:00Z,2026-02-18T00:00:00+06:00,2026-02-19T13:00:00+06:00,2026-02-19T07:00:00Z,T2,37,2026-02-17T06:00:00Z,49,6,dayahead,,0.227973,,False,mos-logistic-v0,start
2026-02-17T18:00:00Z,2026-02-18T00:00:00+06:00,2026-02-19T14:00:00+06:00,2026-02-19T08:00:00Z,T2,38,2026-02-17T06:00:00Z,50,6,dayahead,,0.187895,,False,mos-logistic-v0,start
2026-02-17T18:00:00Z,2026-02-18T00:00:00+06:00,2026-02-19T15:00:00+06:00,2026-02-19T09:00:00Z,T2,39,2026-02-17T06:00:00Z,51,6,dayahead,,0.193271,,False,mos-logistic-v0,start
2026-02-17T18:00:00Z,2026-02-18T00:00:00+06:00,2026-02-19T16:00:00+06:00,2026-02-19T10:00:00Z,T2,40,2026-02-17T06:00:00Z,52,6,dayahead,,0.128999,,False,mos-logistic-v0,start
2026-02-17T18:00:00Z,2026-02-18T00:00:00+06:00,2026-02-19T17:00:00+06:00,2026-02-19T11:00:00Z,T2,41,2026-02-17T06:00:00Z,53,6,dayahead,,0.158974,,False,mos-logistic-v0,start
2026-02-17T18:00:00Z,2026-02-18T00:00:00+06:00,2026-02-19T18:00:00+06:00,2026-02-19T12:00:00Z,T2,42,2026-02-17T06:00:00Z,54,6,dayahead,,0.09227,,False,mos-logistic-v0,start
2026-02-17T18:00:00Z,2026-02-18T00:00:00+06:00,2026-02-19T19:00:00+06:00,2026-02-19T13:00:00Z,T2,43,2026-02-17T06:00:00Z,55,6,dayahead,,0.105283,,False,mos-logistic-v0,start
2026-02-17T18:00:00Z,2026-02-18T00:00:00+06:00,2026-02-19T20:00:00+06:00,2026-02-19T14:00:00Z,T2,44,2026-02-17T06:00:00Z,56,6,dayahead,,0.045999,,False,mos-logistic-v0,start
2026-02-17T18:00:00Z,2026-02-18T00:00:00+06:00,2026-02-19T21:00:00+06:00,2026-02-19T15:00:00Z,T2,45,2026-02-17T06:00:00Z,57,6,dayahead,,0.059513,,False,mos-logistic-v0,start
2026-02-17T18:00:00Z,2026-02-18T00:00:00+06:00,2026-02-19T22:00:00+06:00,2026-02-19T16:00:00Z,T2,46,2026-02-17T06:00:00Z,58,6,dayahead,,0.10333,,False,mos-logistic-v0,start
2026-02-17T18:00:00Z,2026-02-18T00:00:00+06:00,2026-02-19T23:00:00+06:00,2026-02-19T17:00:00Z,T2,47,2026-02-17T06:00:00Z,59,6,dayahead,,0.252116,,False,mos-logistic-v0,start
2026-02-18T18:00:00Z,2026-02-19T00:00:00+06:00,2026-02-19T00:00:00+06:00,2026-02-18T18:00:00Z,T1,0,2026-02-18T06:00:00Z,12,6,dayahead,,0.400285,,False,mos-logistic-v0,start
2026-02-18T18:00:00Z,2026-02-19T00:00:00+06:00,2026-02-19T01:00:00+06:00,2026-02-18T19:00:00Z,T1,1,2026-02-18T06:00:00Z,13,6,dayahead,,0.329385,,False,mos-logistic-v0,start
2026-02-18T18:00:00Z,2026-02-19T00:00:00+06:00,2026-02-19T02:00:00+06:00,2026-02-18T20:00:00Z,T1,2,2026-02-18T06:00:00Z,14,6,dayahead,,0.248194,,False,mos-logistic-v0,start
2026-02-18T18:00:00Z,2026-02-19T00:00:00+06:00,2026-02-19T03:00:00+06:00,2026-02-18T21:00:00Z,T1,3,2026-02-18T06:00:00Z,15,6,dayahead,,0.213588,,False,mos-logistic-v0,start
2026-02-18T18:00:00Z,2026-02-19T00:00:00+06:00,2026-02-19T04:00:00+06:00,2026-02-18T22:00:00Z,T1,4,2026-02-18T06:00:00Z,16,6,dayahead,,0.231675,,False,mos-logistic-v0,start
2026-02-18T18:00:00Z,2026-02-19T00:00:00+06:00,2026-02-19T05:00:00+06:00,2026-02-18T23:00:00Z,T1,5,2026-02-18T06:00:00Z,17,6,dayahead,,0.309688,,False,mos-logistic-v0,start
2026-02-18T18:00:00Z,2026-02-19T00:00:00+06:00,2026-02-19T06:00:00+06:00,2026-02-19T00:00:00Z,T1,6,2026-02-18T06:00:00Z,18,6,dayahead,,0.289223,,False,mos-logistic-v0,start
2026-02-18T18:00:00Z,2026-02-19T00:00:00+06:00,2026-02-19T07:00:00+06:00,2026-02-19T01:00:00Z,T1,7,2026-02-18T06:00:00Z,19,6,dayahead,,0.221898,,False,mos-logistic-v0,start
2026-02-18T18:00:00Z,2026-02-19T00:00:00+06:00,2026-02-19T08:00:00+06:00,2026-02-19T02:00:00Z,T1,8,2026-02-18T06:00:00Z,20,6,dayahead,,0.221898,,False,mos-logistic-v0,start
2026-02-18T18:00:00Z,2026-02-19T00:00:00+06:00,2026-02-19T09:00:00+06:00,2026-02-19T03:00:00Z,T1,9,2026-02-18T06:00:00Z,21,6,dayahead,,0.19436,,False,mos-logistic-v0,start
2026-02-18T18:00:00Z,2026-02-19T00:00:00+06:00,2026-02-19T10:00:00+06:00,2026-02-19T04:00:00Z,T1,10,2026-02-18T06:00:00Z,22,6,dayahead,,0.240473,,False,mos-logistic-v0,start
2026-02-18T18:00:00Z,2026-02-19T00:00:00+06:00,2026-02-19T11:00:00+06:00,2026-02-19T05:00:00Z,T1,11,2026-02-18T06:00:00Z,23,6,dayahead,,0.323256,,False,mos-logistic-v0,start
2026-02-18T18:00:00Z,2026-02-19T00:00:00+06:00,2026-02-19T12:00:00+06:00,2026-02-19T06:00:00Z,T1,12,2026-02-18T06:00:00Z,24,6,dayahead,,0.211256,,False,mos-logistic-v0,start
2026-02-18T18:00:00Z,2026-02-19T00:00:00+06:00,2026-02-19T13:00:00+06:00,2026-02-19T07:00:00Z,T1,13,2026-02-18T06:00:00Z,25,6,dayahead,,0.243028,,False,mos-logistic-v0,start
2026-02-18T18:00:00Z,2026-02-19T00:00:00+06:00,2026-02-19T14:00:00+06:00,2026-02-19T08:00:00Z,T1,14,2026-02-18T06:00:00Z,26,6,dayahead,,0.231675,,False,mos-logistic-v0,start
2026-02-18T18:00:00Z,2026-02-19T00:00:00+06:00,2026-02-19T15:00:00+06:00,2026-02-19T09:00:00Z,T1,15,2026-02-18T06:00:00Z,27,6,dayahead,,0.208942,,False,mos-logistic-v0,start
2026-02-18T18:00:00Z,2026-02-19T00:00:00+06:00,2026-02-19T16:00:00+06:00,2026-02-19T10:00:00Z,T1,16,2026-02-18T06:00:00Z,28,6,dayahead,,0.155282,,False,mos-logistic-v0,start
2026-02-18T18:00:00Z,2026-02-19T00:00:00+06:00,2026-02-19T17:00:00+06:00,2026-02-19T11:00:00Z,T1,17,2026-02-18T06:00:00Z,29,6,dayahead,,0.059513,,False,mos-logistic-v0,start
2026-02-18T18:00:00Z,2026-02-19T00:00:00+06:00,2026-02-19T18:00:00+06:00,2026-02-19T12:00:00Z,T1,18,2026-02-18T06:00:00Z,30,6,dayahead,,0.059905,,False,mos-logistic-v0,start
2026-02-18T18:00:00Z,2026-02-19T00:00:00+06:00,2026-02-19T19:00:00+06:00,2026-02-19T13:00:00Z,T1,19,2026-02-18T06:00:00Z,31,6,dayahead,,0.027418,,False,mos-logistic-v0,start
2026-02-18T18:00:00Z,2026-02-19T00:00:00+06:00,2026-02-19T20:00:00+06:00,2026-02-19T14:00:00Z,T1,20,2026-02-18T06:00:00Z,32,6,dayahead,,0.041623,,False,mos-logistic-v0,start
2026-02-18T18:00:00Z,2026-02-19T00:00:00+06:00,2026-02-19T21:00:00+06:00,2026-02-19T15:00:00Z,T1,21,2026-02-18T06:00:00Z,33,6,dayahead,,0.195454,,False,mos-logistic-v0,start
2026-02-18T18:00:00Z,2026-02-19T00:00:00+06:00,2026-02-19T22:00:00+06:00,2026-02-19T16:00:00Z,T1,22,2026-02-18T06:00:00Z,34,6,dayahead,,0.42222,,False,mos-logistic-v0,start
2026-02-18T18:00:00Z,2026-02-19T00:00:00+06:00,2026-02-19T23:00:00+06:00,2026-02-19T17:00:00Z,T1,23,2026-02-18T06:00:00Z,35,6,dayahead,,0.609707,,False,mos-logistic-v0,start
2026-02-18T18:00:00Z,2026-02-19T00:00:00+06:00,2026-02-20T00:00:00+06:00,2026-02-19T18:00:00Z,T1,24,2026-02-18T06:00:00Z,36,6,dayahead,,0.611365,,False,mos-logistic-v0,start
2026-02-18T18:00:00Z,2026-02-19T00:00:00+06:00,2026-02-20T01:00:00+06:00,2026-02-19T19:00:00Z,T1,25,2026-02-18T06:00:00Z,37,6,dayahead,,0.498255,,False,mos-logistic-v0,start
2026-02-18T18:00:00Z,2026-02-19T00:00:00+06:00,2026-02-20T02:00:00+06:00,2026-02-19T20:00:00Z,T1,26,2026-02-18T06:00:00Z,38,6,dayahead,,0.658178,,False,mos-logistic-v0,start
2026-02-18T18:00:00Z,2026-02-19T00:00:00+06:00,2026-02-20T03:00:00+06:00,2026-02-19T21:00:00Z,T1,27,2026-02-18T06:00:00Z,39,6,dayahead,,0.622892,,False,mos-logistic-v0,start
2026-02-18T18:00:00Z,2026-02-19T00:00:00+06:00,2026-02-20T04:00:00+06:00,2026-02-19T22:00:00Z,T1,28,2026-02-18T06:00:00Z,40,6,dayahead,,0.59636,,False,mos-logistic-v0,start
2026-02-18T18:00:00Z,2026-02-19T00:00:00+06:00,2026-02-20T05:00:00+06:00,2026-02-19T23:00:00Z,T1,29,2026-02-18T06:00:00Z,41,6,dayahead,,0.653459,,False,mos-logistic-v0,start
2026-02-18T18:00:00Z,2026-02-19T00:00:00+06:00,2026-02-20T06:00:00+06:00,2026-02-20T00:00:00Z,T1,30,2026-02-18T06:00:00Z,42,6,dayahead,,0.731785,,False,mos-logistic-v0,start
2026-02-18T18:00:00Z,2026-02-19T00:00:00+06:00,2026-02-20T07:00:00+06:00,2026-02-20T01:00:00Z,T1,31,2026-02-18T06:00:00Z,43,6,dayahead,,0.731785,,False,mos-logistic-v0,start
2026-02-18T18:00:00Z,2026-02-19T00:00:00+06:00,2026-02-20T08:00:00+06:00,2026-02-20T02:00:00Z,T1,32,2026-02-18T06:00:00Z,44,6,dayahead,,0.662867,,False,mos-logistic-v0,start
2026-02-18T18:00:00Z,2026-02-19T00:00:00+06:00,2026-02-20T09:00:00+06:00,2026-02-20T03:00:00Z,T1,33,2026-02-18T06:00:00Z,45,6,dayahead,,0.603053,,False,mos-logistic-v0,start
2026-02-18T18:00:00Z,2026-02-19T00:00:00+06:00,2026-02-20T10:00:00+06:00,2026-02-20T04:00:00Z,T1,34,2026-02-18T06:00:00Z,46,6,dayahead,,0.364098,,False,mos-logistic-v0,start
2026-02-18T18:00:00Z,2026-02-19T00:00:00+06:00,2026-02-20T11:00:00+06:00,2026-02-20T05:00:00Z,T1,35,2026-02-18T06:00:00Z,47,6,dayahead,,0.223104,,False,mos-logistic-v0,start
2026-02-18T18:00:00Z,2026-02-19T00:00:00+06:00,2026-02-20T12:00:00+06:00,2026-02-20T06:00:00Z,T1,36,2026-02-18T06:00:00Z,48,6,dayahead,,0.175464,,False,mos-logistic-v0,start
2026-02-18T18:00:00Z,2026-02-19T00:00:00+06:00,2026-02-20T13:00:00+06:00,2026-02-20T07:00:00Z,T1,37,2026-02-18T06:00:00Z,49,6,dayahead,,0.087705,,False,mos-logistic-v0,start
2026-02-18T18:00:00Z,2026-02-19T00:00:00+06:00,2026-02-20T14:00:00+06:00,2026-02-20T08:00:00Z,T1,38,2026-02-18T06:00:00Z,50,6,dayahead,,0.061898,,False,mos-logistic-v0,start
2026-02-18T18:00:00Z,2026-02-19T00:00:00+06:00,2026-02-20T15:00:00+06:00,2026-02-20T09:00:00Z,T1,39,2026-02-18T06:00:00Z,51,6,dayahead,,0.044791,,False,mos-logistic-v0,start
2026-02-18T18:00:00Z,2026-02-19T00:00:00+06:00,2026-02-20T16:00:00+06:00,2026-02-20T10:00:00Z,T1,40,2026-02-18T06:00:00Z,52,6,dayahead,,0.028172,,False,mos-logistic-v0,start
2026-02-18T18:00:00Z,2026-02-19T00:00:00+06:00,2026-02-20T17:00:00+06:00,2026-02-20T11:00:00Z,T1,41,2026-02-18T06:00:00Z,53,6,dayahead,,0.03972,,False,mos-logistic-v0,start
2026-02-18T18:00:00Z,2026-02-19T00:00:00+06:00,2026-02-20T18:00:00+06:00,2026-02-20T12:00:00Z,T1,42,2026-02-18T06:00:00Z,54,6,dayahead,,0.175464,,False,mos-logistic-v0,start
2026-02-18T18:00:00Z,2026-02-19T00:00:00+06:00,2026-02-20T19:00:00+06:00,2026-02-20T13:00:00Z,T1,43,2026-02-18T06:00:00Z,55,6,dayahead,,0.582868,,False,mos-logistic-v0,start
2026-02-18T18:00:00Z,2026-02-19T00:00:00+06:00,2026-02-20T20:00:00+06:00,2026-02-20T14:00:00Z,T1,44,2026-02-18T06:00:00Z,56,6,dayahead,,0.624528,,False,mos-logistic-v0,start
2026-02-18T18:00:00Z,2026-02-19T00:00:00+06:00,2026-02-20T21:00:00+06:00,2026-02-20T15:00:00Z,T1,45,2026-02-18T06:00:00Z,57,6,dayahead,,0.73857,,False,mos-logistic-v0,start
2026-02-18T18:00:00Z,2026-02-19T00:00:00+06:00,2026-02-20T22:00:00+06:00,2026-02-20T16:00:00Z,T1,46,2026-02-18T06:00:00Z,58,6,dayahead,,0.795626,,False,mos-logistic-v0,start
2026-02-18T18:00:00Z,2026-02-19T00:00:00+06:00,2026-02-20T23:00:00+06:00,2026-02-20T17:00:00Z,T1,47,2026-02-18T06:00:00Z,59,6,dayahead,,0.762061,,False,mos-logistic-v0,start
2026-02-18T18:00:00Z,2026-02-19T00:00:00+06:00,2026-02-19T00:00:00+06:00,2026-02-18T18:00:00Z,T2,0,2026-02-18T06:00:00Z,12,6,dayahead,,0.400285,,False,mos-logistic-v0,start
2026-02-18T18:00:00Z,2026-02-19T00:00:00+06:00,2026-02-19T01:00:00+06:00,2026-02-18T19:00:00Z,T2,1,2026-02-18T06:00:00Z,13,6,dayahead,,0.329385,,False,mos-logistic-v0,start
2026-02-18T18:00:00Z,2026-02-19T00:00:00+06:00,2026-02-19T02:00:00+06:00,2026-02-18T20:00:00Z,T2,2,2026-02-18T06:00:00Z,14,6,dayahead,,0.248194,,False,mos-logistic-v0,start
2026-02-18T18:00:00Z,2026-02-19T00:00:00+06:00,2026-02-19T03:00:00+06:00,2026-02-18T21:00:00Z,T2,3,2026-02-18T06:00:00Z,15,6,dayahead,,0.213588,,False,mos-logistic-v0,start
2026-02-18T18:00:00Z,2026-02-19T00:00:00+06:00,2026-02-19T04:00:00+06:00,2026-02-18T22:00:00Z,T2,4,2026-02-18T06:00:00Z,16,6,dayahead,,0.231675,,False,mos-logistic-v0,start
2026-02-18T18:00:00Z,2026-02-19T00:00:00+06:00,2026-02-19T05:00:00+06:00,2026-02-18T23:00:00Z,T2,5,2026-02-18T06:00:00Z,17,6,dayahead,,0.309688,,False,mos-logistic-v0,start
2026-02-18T18:00:00Z,2026-02-19T00:00:00+06:00,2026-02-19T06:00:00+06:00,2026-02-19T00:00:00Z,T2,6,2026-02-18T06:00:00Z,18,6,dayahead,,0.289223,,False,mos-logistic-v0,start
2026-02-18T18:00:00Z,2026-02-19T00:00:00+06:00,2026-02-19T07:00:00+06:00,2026-02-19T01:00:00Z,T2,7,2026-02-18T06:00:00Z,19,6,dayahead,,0.221898,,False,mos-logistic-v0,start
2026-02-18T18:00:00Z,2026-02-19T00:00:00+06:00,2026-02-19T08:00:00+06:00,2026-02-19T02:00:00Z,T2,8,2026-02-18T06:00:00Z,20,6,dayahead,,0.221898,,False,mos-logistic-v0,start
2026-02-18T18:00:00Z,2026-02-19T00:00:00+06:00,2026-02-19T09:00:00+06:00,2026-02-19T03:00:00Z,T2,9,2026-02-18T06:00:00Z,21,6,dayahead,,0.19436,,False,mos-logistic-v0,start
2026-02-18T18:00:00Z,2026-02-19T00:00:00+06:00,2026-02-19T10:00:00+06:00,2026-02-19T04:00:00Z,T2,10,2026-02-18T06:00:00Z,22,6,dayahead,,0.240473,,False,mos-logistic-v0,start
2026-02-18T18:00:00Z,2026-02-19T00:00:00+06:00,2026-02-19T11:00:00+06:00,2026-02-19T05:00:00Z,T2,11,2026-02-18T06:00:00Z,23,6,dayahead,,0.323256,,False,mos-logistic-v0,start
2026-02-18T18:00:00Z,2026-02-19T00:00:00+06:00,2026-02-19T12:00:00+06:00,2026-02-19T06:00:00Z,T2,12,2026-02-18T06:00:00Z,24,6,dayahead,,0.211256,,False,mos-logistic-v0,start
2026-02-18T18:00:00Z,2026-02-19T00:00:00+06:00,2026-02-19T13:00:00+06:00,2026-02-19T07:00:00Z,T2,13,2026-02-18T06:00:00Z,25,6,dayahead,,0.243028,,False,mos-logistic-v0,start
2026-02-18T18:00:00Z,2026-02-19T00:00:00+06:00,2026-02-19T14:00:00+06:00,2026-02-19T08:00:00Z,T2,14,2026-02-18T06:00:00Z,26,6,dayahead,,0.231675,,False,mos-logistic-v0,start
2026-02-18T18:00:00Z,2026-02-19T00:00:00+06:00,2026-02-19T15:00:00+06:00,2026-02-19T09:00:00Z,T2,15,2026-02-18T06:00:00Z,27,6,dayahead,,0.208942,,False,mos-logistic-v0,start
2026-02-18T18:00:00Z,2026-02-19T00:00:00+06:00,2026-02-19T16:00:00+06:00,2026-02-19T10:00:00Z,T2,16,2026-02-18T06:00:00Z,28,6,dayahead,,0.155282,,False,mos-logistic-v0,start
2026-02-18T18:00:00Z,2026-02-19T00:00:00+06:00,2026-02-19T17:00:00+06:00,2026-02-19T11:00:00Z,T2,17,2026-02-18T06:00:00Z,29,6,dayahead,,0.059513,,False,mos-logistic-v0,start
2026-02-18T18:00:00Z,2026-02-19T00:00:00+06:00,2026-02-19T18:00:00+06:00,2026-02-19T12:00:00Z,T2,18,2026-02-18T06:00:00Z,30,6,dayahead,,0.059905,,False,mos-logistic-v0,start
2026-02-18T18:00:00Z,2026-02-19T00:00:00+06:00,2026-02-19T19:00:00+06:00,2026-02-19T13:00:00Z,T2,19,2026-02-18T06:00:00Z,31,6,dayahead,,0.027418,,False,mos-logistic-v0,start
2026-02-18T18:00:00Z,2026-02-19T00:00:00+06:00,2026-02-19T20:00:00+06:00,2026-02-19T14:00:00Z,T2,20,2026-02-18T06:00:00Z,32,6,dayahead,,0.041623,,False,mos-logistic-v0,start
2026-02-18T18:00:00Z,2026-02-19T00:00:00+06:00,2026-02-19T21:00:00+06:00,2026-02-19T15:00:00Z,T2,21,2026-02-18T06:00:00Z,33,6,dayahead,,0.195454,,False,mos-logistic-v0,start
2026-02-18T18:00:00Z,2026-02-19T00:00:00+06:00,2026-02-19T22:00:00+06:00,2026-02-19T16:00:00Z,T2,22,2026-02-18T06:00:00Z,34,6,dayahead,,0.42222,,False,mos-logistic-v0,start
2026-02-18T18:00:00Z,2026-02-19T00:00:00+06:00,2026-02-19T23:00:00+06:00,2026-02-19T17:00:00Z,T2,23,2026-02-18T06:00:00Z,35,6,dayahead,,0.609707,,False,mos-logistic-v0,start
2026-02-18T18:00:00Z,2026-02-19T00:00:00+06:00,2026-02-20T00:00:00+06:00,2026-02-19T18:00:00Z,T2,24,2026-02-18T06:00:00Z,36,6,dayahead,,0.611365,,False,mos-logistic-v0,start
2026-02-18T18:00:00Z,2026-02-19T00:00:00+06:00,2026-02-20T01:00:00+06:00,2026-02-19T19:00:00Z,T2,25,2026-02-18T06:00:00Z,37,6,dayahead,,0.498255,,False,mos-logistic-v0,start
2026-02-18T18:00:00Z,2026-02-19T00:00:00+06:00,2026-02-20T02:00:00+06:00,2026-02-19T20:00:00Z,T2,26,2026-02-18T06:00:00Z,38,6,dayahead,,0.658178,,False,mos-logistic-v0,start
2026-02-18T18:00:00Z,2026-02-19T00:00:00+06:00,2026-02-20T03:00:00+06:00,2026-02-19T21:00:00Z,T2,27,2026-02-18T06:00:00Z,39,6,dayahead,,0.622892,,False,mos-logistic-v0,start
2026-02-18T18:00:00Z,2026-02-19T00:00:00+06:00,2026-02-20T04:00:00+06:00,2026-02-19T22:00:00Z,T2,28,2026-02-18T06:00:00Z,40,6,dayahead,,0.59636,,False,mos-logistic-v0,start
2026-02-18T18:00:00Z,2026-02-19T00:00:00+06:00,2026-02-20T05:00:00+06:00,2026-02-19T23:00:00Z,T2,29,2026-02-18T06:00:00Z,41,6,dayahead,,0.653459,,False,mos-logistic-v0,start
2026-02-18T18:00:00Z,2026-02-19T00:00:00+06:00,2026-02-20T06:00:00+06:00,2026-02-20T00:00:00Z,T2,30,2026-02-18T06:00:00Z,42,6,dayahead,,0.731785,,False,mos-logistic-v0,start
2026-02-18T18:00:00Z,2026-02-19T00:00:00+06:00,2026-02-20T07:00:00+06:00,2026-02-20T01:00:00Z,T2,31,2026-02-18T06:00:00Z,43,6,dayahead,,0.731785,,False,mos-logistic-v0,start
2026-02-18T18:00:00Z,2026-02-19T00:00:00+06:00,2026-02-20T08:00:00+06:00,2026-02-20T02:00:00Z,T2,32,2026-02-18T06:00:00Z,44,6,dayahead,,0.662867,,False,mos-logistic-v0,start
2026-02-18T18:00:00Z,2026-02-19T00:00:00+06:00,2026-02-20T09:00:00+06:00,2026-02-20T03:00:00Z,T2,33,2026-02-18T06:00:00Z,45,6,dayahead,,0.603053,,False,mos-logistic-v0,start
2026-02-18T18:00:00Z,2026-02-19T00:00:00+06:00,2026-02-20T10:00:00+06:00,2026-02-20T04:00:00Z,T2,34,2026-02-18T06:00:00Z,46,6,dayahead,,0.364098,,False,mos-logistic-v0,start
2026-02-18T18:00:00Z,2026-02-19T00:00:00+06:00,2026-02-20T11:00:00+06:00,2026-02-20T05:00:00Z,T2,35,2026-02-18T06:00:00Z,47,6,dayahead,,0.223104,,False,mos-logistic-v0,start
2026-02-18T18:00:00Z,2026-02-19T00:00:00+06:00,2026-02-20T12:00:00+06:00,2026-02-20T06:00:00Z,T2,36,2026-02-18T06:00:00Z,48,6,dayahead,,0.175464,,False,mos-logistic-v0,start
2026-02-18T18:00:00Z,2026-02-19T00:00:00+06:00,2026-02-20T13:00:00+06:00,2026-02-20T07:00:00Z,T2,37,2026-02-18T06:00:00Z,49,6,dayahead,,0.087705,,False,mos-logistic-v0,start
2026-02-18T18:00:00Z,2026-02-19T00:00:00+06:00,2026-02-20T14:00:00+06:00,2026-02-20T08:00:00Z,T2,38,2026-02-18T06:00:00Z,50,6,dayahead,,0.061898,,False,mos-logistic-v0,start
2026-02-18T18:00:00Z,2026-02-19T00:00:00+06:00,2026-02-20T15:00:00+06:00,2026-02-20T09:00:00Z,T2,39,2026-02-18T06:00:00Z,51,6,dayahead,,0.044791,,False,mos-logistic-v0,start
2026-02-18T18:00:00Z,2026-02-19T00:00:00+06:00,2026-02-20T16:00:00+06:00,2026-02-20T10:00:00Z,T2,40,2026-02-18T06:00:00Z,52,6,dayahead,,0.028172,,False,mos-logistic-v0,start
2026-02-18T18:00:00Z,2026-02-19T00:00:00+06:00,2026-02-20T17:00:00+06:00,2026-02-20T11:00:00Z,T2,41,2026-02-18T06:00:00Z,53,6,dayahead,,0.03972,,False,mos-logistic-v0,start
2026-02-18T18:00:00Z,2026-02-19T00:00:00+06:00,2026-02-20T18:00:00+06:00,2026-02-20T12:00:00Z,T2,42,2026-02-18T06:00:00Z,54,6,dayahead,,0.175464,,False,mos-logistic-v0,start
2026-02-18T18:00:00Z,2026-02-19T00:00:00+06:00,2026-02-20T19:00:00+06:00,2026-02-20T13:00:00Z,T2,43,2026-02-18T06:00:00Z,55,6,dayahead,,0.582868,,False,mos-logistic-v0,start
2026-02-18T18:00:00Z,2026-02-19T00:00:00+06:00,2026-02-20T20:00:00+06:00,2026-02-20T14:00:00Z,T2,44,2026-02-18T06:00:00Z,56,6,dayahead,,0.624528,,False,mos-logistic-v0,start
2026-02-18T18:00:00Z,2026-02-19T00:00:00+06:00,2026-02-20T21:00:00+06:00,2026-02-20T15:00:00Z,T2,45,2026-02-18T06:00:00Z,57,6,dayahead,,0.73857,,False,mos-logistic-v0,start
2026-02-18T18:00:00Z,2026-02-19T00:00:00+06:00,2026-02-20T22:00:00+06:00,2026-02-20T16:00:00Z,T2,46,2026-02-18T06:00:00Z,58,6,dayahead,,0.795626,,False,mos-logistic-v0,start
2026-02-18T18:00:00Z,2026-02-19T00:00:00+06:00,2026-02-20T23:00:00+06:00,2026-02-20T17:00:00Z,T2,47,2026-02-18T06:00:00Z,59,6,dayahead,,0.762061,,False,mos-logistic-v0,start
2026-02-19T18:00:00Z,2026-02-20T00:00:00+06:00,2026-02-20T00:00:00+06:00,2026-02-19T18:00:00Z,T1,0,2026-02-19T06:00:00Z,12,6,dayahead,,0.225529,,False,mos-logistic-v0,start
2026-02-19T18:00:00Z,2026-02-20T00:00:00+06:00,2026-02-20T01:00:00+06:00,2026-02-19T19:00:00Z,T1,1,2026-02-19T06:00:00Z,13,6,dayahead,,0.413742,,False,mos-logistic-v0,start
2026-02-19T18:00:00Z,2026-02-20T00:00:00+06:00,2026-02-20T02:00:00+06:00,2026-02-19T20:00:00Z,T1,2,2026-02-19T06:00:00Z,14,6,dayahead,,0.472146,,False,mos-logistic-v0,start
2026-02-19T18:00:00Z,2026-02-20T00:00:00+06:00,2026-02-20T03:00:00+06:00,2026-02-19T21:00:00Z,T1,3,2026-02-19T06:00:00Z,15,6,dayahead,,0.489544,,False,mos-logistic-v0,start
2026-02-19T18:00:00Z,2026-02-20T00:00:00+06:00,2026-02-20T04:00:00+06:00,2026-02-19T22:00:00Z,T1,4,2026-02-19T06:00:00Z,16,6,dayahead,,0.520896,,False,mos-logistic-v0,start
2026-02-19T18:00:00Z,2026-02-20T00:00:00+06:00,2026-02-20T05:00:00+06:00,2026-02-19T23:00:00Z,T1,5,2026-02-19T06:00:00Z,17,6,dayahead,,0.60472,,False,mos-logistic-v0,start
2026-02-19T18:00:00Z,2026-02-20T00:00:00+06:00,2026-02-20T06:00:00+06:00,2026-02-20T00:00:00Z,T1,6,2026-02-19T06:00:00Z,18,6,dayahead,,0.67674,,False,mos-logistic-v0,start
2026-02-19T18:00:00Z,2026-02-20T00:00:00+06:00,2026-02-20T07:00:00+06:00,2026-02-20T01:00:00Z,T1,7,2026-02-19T06:00:00Z,19,6,dayahead,,0.63912,,False,mos-logistic-v0,start
2026-02-19T18:00:00Z,2026-02-20T00:00:00+06:00,2026-02-20T08:00:00+06:00,2026-02-20T02:00:00Z,T1,8,2026-02-19T06:00:00Z,20,6,dayahead,,0.709338,,False,mos-logistic-v0,start
2026-02-19T18:00:00Z,2026-02-20T00:00:00+06:00,2026-02-20T09:00:00+06:00,2026-02-20T03:00:00Z,T1,9,2026-02-19T06:00:00Z,21,6,dayahead,,0.659745,,False,mos-logistic-v0,start
2026-02-19T18:00:00Z,2026-02-20T00:00:00+06:00,2026-02-20T10:00:00+06:00,2026-02-20T04:00:00Z,T1,10,2026-02-19T06:00:00Z,22,6,dayahead,,0.346537,,False,mos-logistic-v0,start
2026-02-19T18:00:00Z,2026-02-20T00:00:00+06:00,2026-02-20T11:00:00+06:00,2026-02-20T05:00:00Z,T1,11,2026-02-19T06:00:00Z,23,6,dayahead,,0.253433,,False,mos-logistic-v0,start
2026-02-19T18:00:00Z,2026-02-20T00:00:00+06:00,2026-02-20T12:00:00+06:00,2026-02-20T06:00:00Z,T1,12,2026-02-19T06:00:00Z,24,6,dayahead,,0.303759,,False,mos-logistic-v0,start
2026-02-19T18:00:00Z,2026-02-20T00:00:00+06:00,2026-02-20T13:00:00+06:00,2026-02-20T07:00:00Z,T1,13,2026-02-19T06:00:00Z,25,6,dayahead,,0.224314,,False,mos-logistic-v0,start
2026-02-19T18:00:00Z,2026-02-20T00:00:00+06:00,2026-02-20T14:00:00+06:00,2026-02-20T08:00:00Z,T1,14,2026-02-19T06:00:00Z,26,6,dayahead,,0.158044,,False,mos-logistic-v0,start
2026-02-19T18:00:00Z,2026-02-20T00:00:00+06:00,2026-02-20T15:00:00+06:00,2026-02-20T09:00:00Z,T1,15,2026-02-19T06:00:00Z,27,6,dayahead,,0.109969,,False,mos-logistic-v0,start
2026-02-19T18:00:00Z,2026-02-20T00:00:00+06:00,2026-02-20T16:00:00+06:00,2026-02-20T10:00:00Z,T1,16,2026-02-19T06:00:00Z,28,6,dayahead,,0.082814,,False,mos-logistic-v0,start
2026-02-19T18:00:00Z,2026-02-20T00:00:00+06:00,2026-02-20T17:00:00+06:00,2026-02-20T11:00:00Z,T1,17,2026-02-19T06:00:00Z,29,6,dayahead,,0.052867,,False,mos-logistic-v0,start
2026-02-19T18:00:00Z,2026-02-20T00:00:00+06:00,2026-02-20T18:00:00+06:00,2026-02-20T12:00:00Z,T1,18,2026-02-19T06:00:00Z,30,6,dayahead,,0.050476,,False,mos-logistic-v0,start
2026-02-19T18:00:00Z,2026-02-20T00:00:00+06:00,2026-02-20T19:00:00+06:00,2026-02-20T13:00:00Z,T1,19,2026-02-19T06:00:00Z,31,6,dayahead,,0.019776,,False,mos-logistic-v0,start
2026-02-19T18:00:00Z,2026-02-20T00:00:00+06:00,2026-02-20T20:00:00+06:00,2026-02-20T14:00:00Z,T1,20,2026-02-19T06:00:00Z,32,6,dayahead,,0.066936,,False,mos-logistic-v0,start
2026-02-19T18:00:00Z,2026-02-20T00:00:00+06:00,2026-02-20T21:00:00+06:00,2026-02-20T15:00:00Z,T1,21,2026-02-19T06:00:00Z,33,6,dayahead,,0.312676,,False,mos-logistic-v0,start
2026-02-19T18:00:00Z,2026-02-20T00:00:00+06:00,2026-02-20T22:00:00+06:00,2026-02-20T16:00:00Z,T1,22,2026-02-19T06:00:00Z,34,6,dayahead,,0.412052,,False,mos-logistic-v0,start
2026-02-19T18:00:00Z,2026-02-20T00:00:00+06:00,2026-02-20T23:00:00+06:00,2026-02-20T17:00:00Z,T1,23,2026-02-19T06:00:00Z,35,6,dayahead,,0.594681,,False,mos-logistic-v0,start
2026-02-19T18:00:00Z,2026-02-20T00:00:00+06:00,2026-02-21T00:00:00+06:00,2026-02-20T18:00:00Z,T1,24,2026-02-19T06:00:00Z,36,6,dayahead,,0.670611,,False,mos-logistic-v0,start
2026-02-19T18:00:00Z,2026-02-20T00:00:00+06:00,2026-02-21T01:00:00+06:00,2026-02-20T19:00:00Z,T1,25,2026-02-19T06:00:00Z,37,6,dayahead,,0.791055,,False,mos-logistic-v0,start
2026-02-19T18:00:00Z,2026-02-20T00:00:00+06:00,2026-02-21T02:00:00+06:00,2026-02-20T20:00:00Z,T1,26,2026-02-19T06:00:00Z,38,6,dayahead,,0.799005,,False,mos-logistic-v0,start
2026-02-19T18:00:00Z,2026-02-20T00:00:00+06:00,2026-02-21T03:00:00+06:00,2026-02-20T21:00:00Z,T1,27,2026-02-19T06:00:00Z,39,6,dayahead,,0.715053,,False,mos-logistic-v0,start
2026-02-19T18:00:00Z,2026-02-20T00:00:00+06:00,2026-02-21T04:00:00+06:00,2026-02-20T22:00:00Z,T1,28,2026-02-19T06:00:00Z,40,6,dayahead,,0.582868,,False,mos-logistic-v0,start
2026-02-19T18:00:00Z,2026-02-20T00:00:00+06:00,2026-02-21T05:00:00+06:00,2026-02-20T23:00:00Z,T1,29,2026-02-19T06:00:00Z,41,6,dayahead,,0.479099,,False,mos-logistic-v0,start
2026-02-19T18:00:00Z,2026-02-20T00:00:00+06:00,2026-02-21T06:00:00+06:00,2026-02-21T00:00:00Z,T1,30,2026-02-19T06:00:00Z,42,6,dayahead,,0.303759,,False,mos-logistic-v0,start
2026-02-19T18:00:00Z,2026-02-20T00:00:00+06:00,2026-02-21T07:00:00+06:00,2026-02-21T01:00:00Z,T1,31,2026-02-19T06:00:00Z,43,6,dayahead,,0.164646,,False,mos-logistic-v0,start
2026-02-19T18:00:00Z,2026-02-20T00:00:00+06:00,2026-02-21T08:00:00+06:00,2026-02-21T02:00:00Z,T1,32,2026-02-19T06:00:00Z,44,6,dayahead,,0.284943,,False,mos-logistic-v0,start
2026-02-19T18:00:00Z,2026-02-20T00:00:00+06:00,2026-02-21T09:00:00+06:00,2026-02-21T03:00:00Z,T1,33,2026-02-19T06:00:00Z,45,6,dayahead,,0.236675,,False,mos-logistic-v0,start
2026-02-19T18:00:00Z,2026-02-20T00:00:00+06:00,2026-02-21T10:00:00+06:00,2026-02-21T04:00:00Z,T1,34,2026-02-19T06:00:00Z,46,6,dayahead,,0.102686,,False,mos-logistic-v0,start
2026-02-19T18:00:00Z,2026-02-20T00:00:00+06:00,2026-02-21T11:00:00+06:00,2026-02-21T05:00:00Z,T1,35,2026-02-19T06:00:00Z,47,6,dayahead,,0.0379,,False,mos-logistic-v0,start
2026-02-19T18:00:00Z,2026-02-20T00:00:00+06:00,2026-02-21T12:00:00+06:00,2026-02-21T06:00:00Z,T1,36,2026-02-19T06:00:00Z,48,6,dayahead,,0.971444,,False,mos-logistic-v0,start
2026-02-19T18:00:00Z,2026-02-20T00:00:00+06:00,2026-02-21T13:00:00+06:00,2026-02-21T07:00:00Z,T1,37,2026-02-19T06:00:00Z,49,6,dayahead,,0.980625,,False,mos-logistic-v0,start
2026-02-19T18:00:00Z,2026-02-20T00:00:00+06:00,2026-02-21T14:00:00+06:00,2026-02-21T08:00:00Z,T1,38,2026-02-19T06:00:00Z,50,6,dayahead,,0.974205,,False,mos-logistic-v0,start
2026-02-19T18:00:00Z,2026-02-20T00:00:00+06:00,2026-02-21T15:00:00+06:00,2026-02-21T09:00:00Z,T1,39,2026-02-19T06:00:00Z,51,6,dayahead,,0.827538,,False,mos-logistic-v0,start
2026-02-19T18:00:00Z,2026-02-20T00:00:00+06:00,2026-02-21T16:00:00+06:00,2026-02-21T10:00:00Z,T1,40,2026-02-19T06:00:00Z,52,6,dayahead,,0.593,,False,mos-logistic-v0,start
2026-02-19T18:00:00Z,2026-02-20T00:00:00+06:00,2026-02-21T17:00:00+06:00,2026-02-21T11:00:00Z,T1,41,2026-02-19T06:00:00Z,53,6,dayahead,,0.236675,,False,mos-logistic-v0,start
2026-02-19T18:00:00Z,2026-02-20T00:00:00+06:00,2026-02-21T18:00:00+06:00,2026-02-21T12:00:00Z,T1,42,2026-02-19T06:00:00Z,54,6,dayahead,,0.195454,,False,mos-logistic-v0,start
2026-02-19T18:00:00Z,2026-02-20T00:00:00+06:00,2026-02-21T19:00:00+06:00,2026-02-21T13:00:00Z,T1,43,2026-02-19T06:00:00Z,55,6,dayahead,,0.390288,,False,mos-logistic-v0,start
2026-02-19T18:00:00Z,2026-02-20T00:00:00+06:00,2026-02-21T20:00:00+06:00,2026-02-21T14:00:00Z,T1,44,2026-02-19T06:00:00Z,56,6,dayahead,,0.593,,False,mos-logistic-v0,start
2026-02-19T18:00:00Z,2026-02-20T00:00:00+06:00,2026-02-21T21:00:00+06:00,2026-02-21T15:00:00Z,T1,45,2026-02-19T06:00:00Z,57,6,dayahead,,0.96133,,False,mos-logistic-v0,start
2026-02-19T18:00:00Z,2026-02-20T00:00:00+06:00,2026-02-21T22:00:00+06:00,2026-02-21T16:00:00Z,T1,46,2026-02-19T06:00:00Z,58,6,dayahead,,0.99,,False,mos-logistic-v0,start
2026-02-19T18:00:00Z,2026-02-20T00:00:00+06:00,2026-02-21T23:00:00+06:00,2026-02-21T17:00:00Z,T1,47,2026-02-19T06:00:00Z,59,6,dayahead,,0.962353,,False,mos-logistic-v0,start
2026-02-19T18:00:00Z,2026-02-20T00:00:00+06:00,2026-02-20T00:00:00+06:00,2026-02-19T18:00:00Z,T2,0,2026-02-19T06:00:00Z,12,6,dayahead,,0.225529,,False,mos-logistic-v0,start
2026-02-19T18:00:00Z,2026-02-20T00:00:00+06:00,2026-02-20T01:00:00+06:00,2026-02-19T19:00:00Z,T2,1,2026-02-19T06:00:00Z,13,6,dayahead,,0.413742,,False,mos-logistic-v0,start
2026-02-19T18:00:00Z,2026-02-20T00:00:00+06:00,2026-02-20T02:00:00+06:00,2026-02-19T20:00:00Z,T2,2,2026-02-19T06:00:00Z,14,6,dayahead,,0.472146,,False,mos-logistic-v0,start
2026-02-19T18:00:00Z,2026-02-20T00:00:00+06:00,2026-02-20T03:00:00+06:00,2026-02-19T21:00:00Z,T2,3,2026-02-19T06:00:00Z,15,6,dayahead,,0.489544,,False,mos-logistic-v0,start
2026-02-19T18:00:00Z,2026-02-20T00:00:00+06:00,2026-02-20T04:00:00+06:00,2026-02-19T22:00:00Z,T2,4,2026-02-19T06:00:00Z,16,6,dayahead,,0.520896,,False,mos-logistic-v0,start
2026-02-19T18:00:00Z,2026-02-20T00:00:00+06:00,2026-02-20T05:00:00+06:00,2026-02-19T23:00:00Z,T2,5,2026-02-19T06:00:00Z,17,6,dayahead,,0.60472,,False,mos-logistic-v0,start
2026-02-19T18:00:00Z,2026-02-20T00:00:00+06:00,2026-02-20T06:00:00+06:00,2026-02-20T00:00:00Z,T2,6,2026-02-19T06:00:00Z,18,6,dayahead,,0.67674,,False,mos-logistic-v0,start
2026-02-19T18:00:00Z,2026-02-20T00:00:00+06:00,2026-02-20T07:00:00+06:00,2026-02-20T01:00:00Z,T2,7,2026-02-19T06:00:00Z,19,6,dayahead,,0.63912,,False,mos-logistic-v0,start
2026-02-19T18:00:00Z,2026-02-20T00:00:00+06:00,2026-02-20T08:00:00+06:00,2026-02-20T02:00:00Z,T2,8,2026-02-19T06:00:00Z,20,6,dayahead,,0.709338,,False,mos-logistic-v0,start
2026-02-19T18:00:00Z,2026-02-20T00:00:00+06:00,2026-02-20T09:00:00+06:00,2026-02-20T03:00:00Z,T2,9,2026-02-19T06:00:00Z,21,6,dayahead,,0.659745,,False,mos-logistic-v0,start
2026-02-19T18:00:00Z,2026-02-20T00:00:00+06:00,2026-02-20T10:00:00+06:00,2026-02-20T04:00:00Z,T2,10,2026-02-19T06:00:00Z,22,6,dayahead,,0.346537,,False,mos-logistic-v0,start
2026-02-19T18:00:00Z,2026-02-20T00:00:00+06:00,2026-02-20T11:00:00+06:00,2026-02-20T05:00:00Z,T2,11,2026-02-19T06:00:00Z,23,6,dayahead,,0.253433,,False,mos-logistic-v0,start
2026-02-19T18:00:00Z,2026-02-20T00:00:00+06:00,2026-02-20T12:00:00+06:00,2026-02-20T06:00:00Z,T2,12,2026-02-19T06:00:00Z,24,6,dayahead,,0.303759,,False,mos-logistic-v0,start
2026-02-19T18:00:00Z,2026-02-20T00:00:00+06:00,2026-02-20T13:00:00+06:00,2026-02-20T07:00:00Z,T2,13,2026-02-19T06:00:00Z,25,6,dayahead,,0.224314,,False,mos-logistic-v0,start
2026-02-19T18:00:00Z,2026-02-20T00:00:00+06:00,2026-02-20T14:00:00+06:00,2026-02-20T08:00:00Z,T2,14,2026-02-19T06:00:00Z,26,6,dayahead,,0.158044,,False,mos-logistic-v0,start
2026-02-19T18:00:00Z,2026-02-20T00:00:00+06:00,2026-02-20T15:00:00+06:00,2026-02-20T09:00:00Z,T2,15,2026-02-19T06:00:00Z,27,6,dayahead,,0.109969,,False,mos-logistic-v0,start
2026-02-19T18:00:00Z,2026-02-20T00:00:00+06:00,2026-02-20T16:00:00+06:00,2026-02-20T10:00:00Z,T2,16,2026-02-19T06:00:00Z,28,6,dayahead,,0.082814,,False,mos-logistic-v0,start
2026-02-19T18:00:00Z,2026-02-20T00:00:00+06:00,2026-02-20T17:00:00+06:00,2026-02-20T11:00:00Z,T2,17,2026-02-19T06:00:00Z,29,6,dayahead,,0.052867,,False,mos-logistic-v0,start
2026-02-19T18:00:00Z,2026-02-20T00:00:00+06:00,2026-02-20T18:00:00+06:00,2026-02-20T12:00:00Z,T2,18,2026-02-19T06:00:00Z,30,6,dayahead,,0.050476,,False,mos-logistic-v0,start
2026-02-19T18:00:00Z,2026-02-20T00:00:00+06:00,2026-02-20T19:00:00+06:00,2026-02-20T13:00:00Z,T2,19,2026-02-19T06:00:00Z,31,6,dayahead,,0.019776,,False,mos-logistic-v0,start
2026-02-19T18:00:00Z,2026-02-20T00:00:00+06:00,2026-02-20T20:00:00+06:00,2026-02-20T14:00:00Z,T2,20,2026-02-19T06:00:00Z,32,6,dayahead,,0.066936,,False,mos-logistic-v0,start
2026-02-19T18:00:00Z,2026-02-20T00:00:00+06:00,2026-02-20T21:00:00+06:00,2026-02-20T15:00:00Z,T2,21,2026-02-19T06:00:00Z,33,6,dayahead,,0.312676,,False,mos-logistic-v0,start
2026-02-19T18:00:00Z,2026-02-20T00:00:00+06:00,2026-02-20T22:00:00+06:00,2026-02-20T16:00:00Z,T2,22,2026-02-19T06:00:00Z,34,6,dayahead,,0.412052,,False,mos-logistic-v0,start
2026-02-19T18:00:00Z,2026-02-20T00:00:00+06:00,2026-02-20T23:00:00+06:00,2026-02-20T17:00:00Z,T2,23,2026-02-19T06:00:00Z,35,6,dayahead,,0.594681,,False,mos-logistic-v0,start
2026-02-19T18:00:00Z,2026-02-20T00:00:00+06:00,2026-02-21T00:00:00+06:00,2026-02-20T18:00:00Z,T2,24,2026-02-19T06:00:00Z,36,6,dayahead,,0.670611,,False,mos-logistic-v0,start
2026-02-19T18:00:00Z,2026-02-20T00:00:00+06:00,2026-02-21T01:00:00+06:00,2026-02-20T19:00:00Z,T2,25,2026-02-19T06:00:00Z,37,6,dayahead,,0.791055,,False,mos-logistic-v0,start
2026-02-19T18:00:00Z,2026-02-20T00:00:00+06:00,2026-02-21T02:00:00+06:00,2026-02-20T20:00:00Z,T2,26,2026-02-19T06:00:00Z,38,6,dayahead,,0.799005,,False,mos-logistic-v0,start
2026-02-19T18:00:00Z,2026-02-20T00:00:00+06:00,2026-02-21T03:00:00+06:00,2026-02-20T21:00:00Z,T2,27,2026-02-19T06:00:00Z,39,6,dayahead,,0.715053,,False,mos-logistic-v0,start
2026-02-19T18:00:00Z,2026-02-20T00:00:00+06:00,2026-02-21T04:00:00+06:00,2026-02-20T22:00:00Z,T2,28,2026-02-19T06:00:00Z,40,6,dayahead,,0.582868,,False,mos-logistic-v0,start
2026-02-19T18:00:00Z,2026-02-20T00:00:00+06:00,2026-02-21T05:00:00+06:00,2026-02-20T23:00:00Z,T2,29,2026-02-19T06:00:00Z,41,6,dayahead,,0.479099,,False,mos-logistic-v0,start
2026-02-19T18:00:00Z,2026-02-20T00:00:00+06:00,2026-02-21T06:00:00+06:00,2026-02-21T00:00:00Z,T2,30,2026-02-19T06:00:00Z,42,6,dayahead,,0.303759,,False,mos-logistic-v0,start
2026-02-19T18:00:00Z,2026-02-20T00:00:00+06:00,2026-02-21T07:00:00+06:00,2026-02-21T01:00:00Z,T2,31,2026-02-19T06:00:00Z,43,6,dayahead,,0.164646,,False,mos-logistic-v0,start
2026-02-19T18:00:00Z,2026-02-20T00:00:00+06:00,2026-02-21T08:00:00+06:00,2026-02-21T02:00:00Z,T2,32,2026-02-19T06:00:00Z,44,6,dayahead,,0.284943,,False,mos-logistic-v0,start
2026-02-19T18:00:00Z,2026-02-20T00:00:00+06:00,2026-02-21T09:00:00+06:00,2026-02-21T03:00:00Z,T2,33,2026-02-19T06:00:00Z,45,6,dayahead,,0.236675,,False,mos-logistic-v0,start
2026-02-19T18:00:00Z,2026-02-20T00:00:00+06:00,2026-02-21T10:00:00+06:00,2026-02-21T04:00:00Z,T2,34,2026-02-19T06:00:00Z,46,6,dayahead,,0.102686,,False,mos-logistic-v0,start
2026-02-19T18:00:00Z,2026-02-20T00:00:00+06:00,2026-02-21T11:00:00+06:00,2026-02-21T05:00:00Z,T2,35,2026-02-19T06:00:00Z,47,6,dayahead,,0.0379,,False,mos-logistic-v0,start
2026-02-19T18:00:00Z,2026-02-20T00:00:00+06:00,2026-02-21T12:00:00+06:00,2026-02-21T06:00:00Z,T2,36,2026-02-19T06:00:00Z,48,6,dayahead,,0.971444,,False,mos-logistic-v0,start
2026-02-19T18:00:00Z,2026-02-20T00:00:00+06:00,2026-02-21T13:00:00+06:00,2026-02-21T07:00:00Z,T2,37,2026-02-19T06:00:00Z,49,6,dayahead,,0.980625,,False,mos-logistic-v0,start
2026-02-19T18:00:00Z,2026-02-20T00:00:00+06:00,2026-02-21T14:00:00+06:00,2026-02-21T08:00:00Z,T2,38,2026-02-19T06:00:00Z,50,6,dayahead,,0.974205,,False,mos-logistic-v0,start
2026-02-19T18:00:00Z,2026-02-20T00:00:00+06:00,2026-02-21T15:00:00+06:00,2026-02-21T09:00:00Z,T2,39,2026-02-19T06:00:00Z,51,6,dayahead,,0.827538,,False,mos-logistic-v0,start
2026-02-19T18:00:00Z,2026-02-20T00:00:00+06:00,2026-02-21T16:00:00+06:00,2026-02-21T10:00:00Z,T2,40,2026-02-19T06:00:00Z,52,6,dayahead,,0.593,,False,mos-logistic-v0,start
2026-02-19T18:00:00Z,2026-02-20T00:00:00+06:00,2026-02-21T17:00:00+06:00,2026-02-21T11:00:00Z,T2,41,2026-02-19T06:00:00Z,53,6,dayahead,,0.236675,,False,mos-logistic-v0,start
2026-02-19T18:00:00Z,2026-02-20T00:00:00+06:00,2026-02-21T18:00:00+06:00,2026-02-21T12:00:00Z,T2,42,2026-02-19T06:00:00Z,54,6,dayahead,,0.195454,,False,mos-logistic-v0,start
2026-02-19T18:00:00Z,2026-02-20T00:00:00+06:00,2026-02-21T19:00:00+06:00,2026-02-21T13:00:00Z,T2,43,2026-02-19T06:00:00Z,55,6,dayahead,,0.390288,,False,mos-logistic-v0,start
2026-02-19T18:00:00Z,2026-02-20T00:00:00+06:00,2026-02-21T20:00:00+06:00,2026-02-21T14:00:00Z,T2,44,2026-02-19T06:00:00Z,56,6,dayahead,,0.593,,False,mos-logistic-v0,start
2026-02-19T18:00:00Z,2026-02-20T00:00:00+06:00,2026-02-21T21:00:00+06:00,2026-02-21T15:00:00Z,T2,45,2026-02-19T06:00:00Z,57,6,dayahead,,0.96133,,False,mos-logistic-v0,start
2026-02-19T18:00:00Z,2026-02-20T00:00:00+06:00,2026-02-21T22:00:00+06:00,2026-02-21T16:00:00Z,T2,46,2026-02-19T06:00:00Z,58,6,dayahead,,0.99,,False,mos-logistic-v0,start
2026-02-19T18:00:00Z,2026-02-20T00:00:00+06:00,2026-02-21T23:00:00+06:00,2026-02-21T17:00:00Z,T2,47,2026-02-19T06:00:00Z,59,6,dayahead,,0.962353,,False,mos-logistic-v0,start
2026-02-20T18:00:00Z,2026-02-21T00:00:00+06:00,2026-02-21T00:00:00+06:00,2026-02-20T18:00:00Z,T1,0,2026-02-20T06:00:00Z,12,6,dayahead,,0.756968,,False,mos-logistic-v0,start
2026-02-20T18:00:00Z,2026-02-21T00:00:00+06:00,2026-02-21T01:00:00+06:00,2026-02-20T19:00:00Z,T1,1,2026-02-20T06:00:00Z,13,6,dayahead,,0.796757,,False,mos-logistic-v0,start
2026-02-20T18:00:00Z,2026-02-21T00:00:00+06:00,2026-02-21T02:00:00+06:00,2026-02-20T20:00:00Z,T1,2,2026-02-20T06:00:00Z,14,6,dayahead,,0.792204,,False,mos-logistic-v0,start
2026-02-20T18:00:00Z,2026-02-21T00:00:00+06:00,2026-02-21T03:00:00+06:00,2026-02-20T21:00:00Z,T1,3,2026-02-20T06:00:00Z,15,6,dayahead,,0.694761,,False,mos-logistic-v0,start
2026-02-20T18:00:00Z,2026-02-21T00:00:00+06:00,2026-02-21T04:00:00+06:00,2026-02-20T22:00:00Z,T1,4,2026-02-20T06:00:00Z,16,6,dayahead,,0.614672,,False,mos-logistic-v0,start
2026-02-20T18:00:00Z,2026-02-21T00:00:00+06:00,2026-02-21T05:00:00+06:00,2026-02-20T23:00:00Z,T1,5,2026-02-20T06:00:00Z,17,6,dayahead,,0.572666,,False,mos-logistic-v0,start
2026-02-20T18:00:00Z,2026-02-21T00:00:00+06:00,2026-02-21T06:00:00+06:00,2026-02-21T00:00:00Z,T1,6,2026-02-20T06:00:00Z,18,6,dayahead,,0.470409,,False,mos-logistic-v0,start
2026-02-20T18:00:00Z,2026-02-21T00:00:00+06:00,2026-02-21T07:00:00+06:00,2026-02-21T01:00:00Z,T1,7,2026-02-20T06:00:00Z,19,6,dayahead,,0.368953,,False,mos-logistic-v0,start
2026-02-20T18:00:00Z,2026-02-21T00:00:00+06:00,2026-02-21T08:00:00+06:00,2026-02-21T02:00:00Z,T1,8,2026-02-20T06:00:00Z,20,6,dayahead,,0.300819,,False,mos-logistic-v0,start
2026-02-20T18:00:00Z,2026-02-21T00:00:00+06:00,2026-02-21T09:00:00+06:00,2026-02-21T03:00:00Z,T1,9,2026-02-20T06:00:00Z,21,6,dayahead,,0.25608,,False,mos-logistic-v0,start
2026-02-20T18:00:00Z,2026-02-21T00:00:00+06:00,2026-02-21T10:00:00+06:00,2026-02-21T04:00:00Z,T1,10,2026-02-20T06:00:00Z,22,6,dayahead,,0.041902,,False,mos-logistic-v0,start
2026-02-20T18:00:00Z,2026-02-21T00:00:00+06:00,2026-02-21T11:00:00+06:00,2026-02-21T05:00:00Z,T1,11,2026-02-20T06:00:00Z,23,6,dayahead,,0.377103,,False,mos-logistic-v0,start
2026-02-20T18:00:00Z,2026-02-21T00:00:00+06:00,2026-02-21T12:00:00+06:00,2026-02-21T06:00:00Z,T1,12,2026-02-20T06:00:00Z,24,6,dayahead,,0.963839,,False,mos-logistic-v0,start
2026-02-20T18:00:00Z,2026-02-21T00:00:00+06:00,2026-02-21T13:00:00+06:00,2026-02-21T07:00:00Z,T1,13,2026-02-20T06:00:00Z,25,6,dayahead,,0.969651,,False,mos-logistic-v0,start
2026-02-20T18:00:00Z,2026-02-21T00:00:00+06:00,2026-02-21T14:00:00+06:00,2026-02-21T08:00:00Z,T1,14,2026-02-20T06:00:00Z,26,6,dayahead,,0.989414,,False,mos-logistic-v0,start
2026-02-20T18:00:00Z,2026-02-21T00:00:00+06:00,2026-02-21T15:00:00+06:00,2026-02-21T09:00:00Z,T1,15,2026-02-20T06:00:00Z,27,6,dayahead,,0.982987,,False,mos-logistic-v0,start
2026-02-20T18:00:00Z,2026-02-21T00:00:00+06:00,2026-02-21T16:00:00+06:00,2026-02-21T10:00:00Z,T1,16,2026-02-20T06:00:00Z,28,6,dayahead,,0.876382,,False,mos-logistic-v0,start
2026-02-20T18:00:00Z,2026-02-21T00:00:00+06:00,2026-02-21T17:00:00+06:00,2026-02-21T11:00:00Z,T1,17,2026-02-20T06:00:00Z,29,6,dayahead,,0.653459,,False,mos-logistic-v0,start
2026-02-20T18:00:00Z,2026-02-21T00:00:00+06:00,2026-02-21T18:00:00+06:00,2026-02-21T12:00:00Z,T1,18,2026-02-20T06:00:00Z,30,6,dayahead,,0.458274,,False,mos-logistic-v0,start
2026-02-20T18:00:00Z,2026-02-21T00:00:00+06:00,2026-02-21T19:00:00+06:00,2026-02-21T13:00:00Z,T1,19,2026-02-20T06:00:00Z,31,6,dayahead,,0.17851,,False,mos-logistic-v0,start
2026-02-20T18:00:00Z,2026-02-21T00:00:00+06:00,2026-02-21T20:00:00+06:00,2026-02-21T14:00:00Z,T1,20,2026-02-20T06:00:00Z,32,6,dayahead,,0.133771,,False,mos-logistic-v0,start
2026-02-20T18:00:00Z,2026-02-21T00:00:00+06:00,2026-02-21T21:00:00+06:00,2026-02-21T15:00:00Z,T1,21,2026-02-20T06:00:00Z,33,6,dayahead,,0.270957,,False,mos-logistic-v0,start
2026-02-20T18:00:00Z,2026-02-21T00:00:00+06:00,2026-02-21T22:00:00+06:00,2026-02-21T16:00:00Z,T1,22,2026-02-20T06:00:00Z,34,6,dayahead,,0.627792,,False,mos-logistic-v0,start
2026-02-20T18:00:00Z,2026-02-21T00:00:00+06:00,2026-02-21T23:00:00+06:00,2026-02-21T17:00:00Z,T1,23,2026-02-20T06:00:00Z,35,6,dayahead,,0.804543,,False,mos-logistic-v0,start
2026-02-20T18:00:00Z,2026-02-21T00:00:00+06:00,2026-02-22T00:00:00+06:00,2026-02-21T18:00:00Z,T1,24,2026-02-20T06:00:00Z,36,6,dayahead,,0.691796,,False,mos-logistic-v0,start
2026-02-20T18:00:00Z,2026-02-21T00:00:00+06:00,2026-02-22T01:00:00+06:00,2026-02-21T19:00:00Z,T1,25,2026-02-20T06:00:00Z,37,6,dayahead,,0.651879,,False,mos-logistic-v0,start
2026-02-20T18:00:00Z,2026-02-21T00:00:00+06:00,2026-02-22T02:00:00+06:00,2026-02-21T20:00:00Z,T1,26,2026-02-20T06:00:00Z,38,6,dayahead,,0.707899,,False,mos-logistic-v0,start
2026-02-20T18:00:00Z,2026-02-21T00:00:00+06:00,2026-02-22T03:00:00+06:00,2026-02-21T21:00:00Z,T1,27,2026-02-20T06:00:00Z,39,6,dayahead,,0.534792,,False,mos-logistic-v0,start
2026-02-20T18:00:00Z,2026-02-21T00:00:00+06:00,2026-02-22T04:00:00+06:00,2026-02-21T22:00:00Z,T1,28,2026-02-20T06:00:00Z,40,6,dayahead,,0.264128,,False,mos-logistic-v0,start
2026-02-20T18:00:00Z,2026-02-21T00:00:00+06:00,2026-02-22T05:00:00+06:00,2026-02-21T23:00:00Z,T1,29,2026-02-20T06:00:00Z,41,6,dayahead,,0.05183,,False,mos-logistic-v0,start
2026-02-20T18:00:00Z,2026-02-21T00:00:00+06:00,2026-02-22T06:00:00+06:00,2026-02-22T00:00:00Z,T1,30,2026-02-20T06:00:00Z,42,6,dayahead,,0.031604,,False,mos-logistic-v0,start
2026-02-20T18:00:00Z,2026-02-21T00:00:00+06:00,2026-02-22T07:00:00+06:00,2026-02-22T01:00:00Z,T1,31,2026-02-20T06:00:00Z,43,6,dayahead,,0.021173,,False,mos-logistic-v0,start
2026-02-20T18:00:00Z,2026-02-21T00:00:00+06:00,2026-02-22T08:00:00+06:00,2026-02-22T02:00:00Z,T1,32,2026-02-20T06:00:00Z,44,6,dayahead,,0.012662,,False,mos-logistic-v0,start
2026-02-20T18:00:00Z,2026-02-21T00:00:00+06:00,2026-02-22T09:00:00+06:00,2026-02-22T03:00:00Z,T1,33,2026-02-20T06:00:00Z,45,6,dayahead,,0.021908,,False,mos-logistic-v0,start
2026-02-20T18:00:00Z,2026-02-21T00:00:00+06:00,2026-02-22T10:00:00+06:00,2026-02-22T04:00:00Z,T1,34,2026-02-20T06:00:00Z,46,6,dayahead,,0.038411,,False,mos-logistic-v0,start
2026-02-20T18:00:00Z,2026-02-21T00:00:00+06:00,2026-02-22T11:00:00+06:00,2026-02-22T05:00:00Z,T1,35,2026-02-20T06:00:00Z,47,6,dayahead,,0.073769,,False,mos-logistic-v0,start
2026-02-20T18:00:00Z,2026-02-21T00:00:00+06:00,2026-02-22T12:00:00+06:00,2026-02-22T06:00:00Z,T1,36,2026-02-20T06:00:00Z,48,6,dayahead,,0.230436,,False,mos-logistic-v0,start
2026-02-20T18:00:00Z,2026-02-21T00:00:00+06:00,2026-02-22T13:00:00+06:00,2026-02-22T07:00:00Z,T1,37,2026-02-20T06:00:00Z,49,6,dayahead,,0.55036,,False,mos-logistic-v0,start
2026-02-20T18:00:00Z,2026-02-21T00:00:00+06:00,2026-02-22T14:00:00+06:00,2026-02-22T08:00:00Z,T1,38,2026-02-20T06:00:00Z,50,6,dayahead,,0.7207,,False,mos-logistic-v0,start
2026-02-20T18:00:00Z,2026-02-21T00:00:00+06:00,2026-02-22T15:00:00+06:00,2026-02-22T09:00:00Z,T1,39,2026-02-20T06:00:00Z,51,6,dayahead,,0.774468,,False,mos-logistic-v0,start
2026-02-20T18:00:00Z,2026-02-21T00:00:00+06:00,2026-02-22T16:00:00+06:00,2026-02-22T10:00:00Z,T1,40,2026-02-20T06:00:00Z,52,6,dayahead,,0.772023,,False,mos-logistic-v0,start
2026-02-20T18:00:00Z,2026-02-21T00:00:00+06:00,2026-02-22T17:00:00+06:00,2026-02-22T11:00:00Z,T1,41,2026-02-20T06:00:00Z,53,6,dayahead,,0.717885,,False,mos-logistic-v0,start
2026-02-20T18:00:00Z,2026-02-21T00:00:00+06:00,2026-02-22T18:00:00+06:00,2026-02-22T12:00:00Z,T1,42,2026-02-20T06:00:00Z,54,6,dayahead,,0.702101,,False,mos-logistic-v0,start
2026-02-20T18:00:00Z,2026-02-21T00:00:00+06:00,2026-02-22T19:00:00+06:00,2026-02-22T13:00:00Z,T1,43,2026-02-20T06:00:00Z,55,6,dayahead,,0.432454,,False,mos-logistic-v0,start
2026-02-20T18:00:00Z,2026-02-21T00:00:00+06:00,2026-02-22T20:00:00+06:00,2026-02-22T14:00:00Z,T1,44,2026-02-20T06:00:00Z,56,6,dayahead,,0.223104,,False,mos-logistic-v0,start
2026-02-20T18:00:00Z,2026-02-21T00:00:00+06:00,2026-02-22T21:00:00+06:00,2026-02-22T15:00:00Z,T1,45,2026-02-20T06:00:00Z,57,6,dayahead,,0.167542,,False,mos-logistic-v0,start
2026-02-20T18:00:00Z,2026-02-21T00:00:00+06:00,2026-02-22T22:00:00+06:00,2026-02-22T16:00:00Z,T1,46,2026-02-20T06:00:00Z,58,6,dayahead,,0.156198,,False,mos-logistic-v0,start
2026-02-20T18:00:00Z,2026-02-21T00:00:00+06:00,2026-02-22T23:00:00+06:00,2026-02-22T17:00:00Z,T1,47,2026-02-20T06:00:00Z,59,6,dayahead,,0.192186,,False,mos-logistic-v0,start
2026-02-20T18:00:00Z,2026-02-21T00:00:00+06:00,2026-02-21T00:00:00+06:00,2026-02-20T18:00:00Z,T2,0,2026-02-20T06:00:00Z,12,6,dayahead,,0.756968,,False,mos-logistic-v0,start
2026-02-20T18:00:00Z,2026-02-21T00:00:00+06:00,2026-02-21T01:00:00+06:00,2026-02-20T19:00:00Z,T2,1,2026-02-20T06:00:00Z,13,6,dayahead,,0.796757,,False,mos-logistic-v0,start
2026-02-20T18:00:00Z,2026-02-21T00:00:00+06:00,2026-02-21T02:00:00+06:00,2026-02-20T20:00:00Z,T2,2,2026-02-20T06:00:00Z,14,6,dayahead,,0.792204,,False,mos-logistic-v0,start
2026-02-20T18:00:00Z,2026-02-21T00:00:00+06:00,2026-02-21T03:00:00+06:00,2026-02-20T21:00:00Z,T2,3,2026-02-20T06:00:00Z,15,6,dayahead,,0.694761,,False,mos-logistic-v0,start
2026-02-20T18:00:00Z,2026-02-21T00:00:00+06:00,2026-02-21T04:00:00+06:00,2026-02-20T22:00:00Z,T2,4,2026-02-20T06:00:00Z,16,6,dayahead,,0.614672,,False,mos-logistic-v0,start
2026-02-20T18:00:00Z,2026-02-21T00:00:00+06:00,2026-02-21T05:00:00+06:00,2026-02-20T23:00:00Z,T2,5,2026-02-20T06:00:00Z,17,6,dayahead,,0.572666,,False,mos-logistic-v0,start
2026-02-20T18:00:00Z,2026-02-21T00:00:00+06:00,2026-02-21T06:00:00+06:00,2026-02-21T00:00:00Z,T2,6,2026-02-20T06:00:00Z,18,6,dayahead,,0.470409,,False,mos-logistic-v0,start
2026-02-20T18:00:00Z,2026-02-21T00:00:00+06:00,2026-02-21T07:00:00+06:00,2026-02-21T01:00:00Z,T2,7,2026-02-20T06:00:00Z,19,6,dayahead,,0.368953,,False,mos-logistic-v0,start
2026-02-20T18:00:00Z,2026-02-21T00:00:00+06:00,2026-02-21T08:00:00+06:00,2026-02-21T02:00:00Z,T2,8,2026-02-20T06:00:00Z,20,6,dayahead,,0.300819,,False,mos-logistic-v0,start
2026-02-20T18:00:00Z,2026-02-21T00:00:00+06:00,2026-02-21T09:00:00+06:00,2026-02-21T03:00:00Z,T2,9,2026-02-20T06:00:00Z,21,6,dayahead,,0.25608,,False,mos-logistic-v0,start
2026-02-20T18:00:00Z,2026-02-21T00:00:00+06:00,2026-02-21T10:00:00+06:00,2026-02-21T04:00:00Z,T2,10,2026-02-20T06:00:00Z,22,6,dayahead,,0.041902,,False,mos-logistic-v0,start
2026-02-20T18:00:00Z,2026-02-21T00:00:00+06:00,2026-02-21T11:00:00+06:00,2026-02-21T05:00:00Z,T2,11,2026-02-20T06:00:00Z,23,6,dayahead,,0.377103,,False,mos-logistic-v0,start
2026-02-20T18:00:00Z,2026-02-21T00:00:00+06:00,2026-02-21T12:00:00+06:00,2026-02-21T06:00:00Z,T2,12,2026-02-20T06:00:00Z,24,6,dayahead,,0.963839,,False,mos-logistic-v0,start
2026-02-20T18:00:00Z,2026-02-21T00:00:00+06:00,2026-02-21T13:00:00+06:00,2026-02-21T07:00:00Z,T2,13,2026-02-20T06:00:00Z,25,6,dayahead,,0.969651,,False,mos-logistic-v0,start
2026-02-20T18:00:00Z,2026-02-21T00:00:00+06:00,2026-02-21T14:00:00+06:00,2026-02-21T08:00:00Z,T2,14,2026-02-20T06:00:00Z,26,6,dayahead,,0.989414,,False,mos-logistic-v0,start
2026-02-20T18:00:00Z,2026-02-21T00:00:00+06:00,2026-02-21T15:00:00+06:00,2026-02-21T09:00:00Z,T2,15,2026-02-20T06:00:00Z,27,6,dayahead,,0.982987,,False,mos-logistic-v0,start
2026-02-20T18:00:00Z,2026-02-21T00:00:00+06:00,2026-02-21T16:00:00+06:00,2026-02-21T10:00:00Z,T2,16,2026-02-20T06:00:00Z,28,6,dayahead,,0.876382,,False,mos-logistic-v0,start
2026-02-20T18:00:00Z,2026-02-21T00:00:00+06:00,2026-02-21T17:00:00+06:00,2026-02-21T11:00:00Z,T2,17,2026-02-20T06:00:00Z,29,6,dayahead,,0.653459,,False,mos-logistic-v0,start
2026-02-20T18:00:00Z,2026-02-21T00:00:00+06:00,2026-02-21T18:00:00+06:00,2026-02-21T12:00:00Z,T2,18,2026-02-20T06:00:00Z,30,6,dayahead,,0.458274,,False,mos-logistic-v0,start
2026-02-20T18:00:00Z,2026-02-21T00:00:00+06:00,2026-02-21T19:00:00+06:00,2026-02-21T13:00:00Z,T2,19,2026-02-20T06:00:00Z,31,6,dayahead,,0.17851,,False,mos-logistic-v0,start
2026-02-20T18:00:00Z,2026-02-21T00:00:00+06:00,2026-02-21T20:00:00+06:00,2026-02-21T14:00:00Z,T2,20,2026-02-20T06:00:00Z,32,6,dayahead,,0.133771,,False,mos-logistic-v0,start
2026-02-20T18:00:00Z,2026-02-21T00:00:00+06:00,2026-02-21T21:00:00+06:00,2026-02-21T15:00:00Z,T2,21,2026-02-20T06:00:00Z,33,6,dayahead,,0.270957,,False,mos-logistic-v0,start
2026-02-20T18:00:00Z,2026-02-21T00:00:00+06:00,2026-02-21T22:00:00+06:00,2026-02-21T16:00:00Z,T2,22,2026-02-20T06:00:00Z,34,6,dayahead,,0.627792,,False,mos-logistic-v0,start
2026-02-20T18:00:00Z,2026-02-21T00:00:00+06:00,2026-02-21T23:00:00+06:00,2026-02-21T17:00:00Z,T2,23,2026-02-20T06:00:00Z,35,6,dayahead,,0.804543,,False,mos-logistic-v0,start
2026-02-20T18:00:00Z,2026-02-21T00:00:00+06:00,2026-02-22T00:00:00+06:00,2026-02-21T18:00:00Z,T2,24,2026-02-20T06:00:00Z,36,6,dayahead,,0.691796,,False,mos-logistic-v0,start
2026-02-20T18:00:00Z,2026-02-21T00:00:00+06:00,2026-02-22T01:00:00+06:00,2026-02-21T19:00:00Z,T2,25,2026-02-20T06:00:00Z,37,6,dayahead,,0.651879,,False,mos-logistic-v0,start
2026-02-20T18:00:00Z,2026-02-21T00:00:00+06:00,2026-02-22T02:00:00+06:00,2026-02-21T20:00:00Z,T2,26,2026-02-20T06:00:00Z,38,6,dayahead,,0.707899,,False,mos-logistic-v0,start
2026-02-20T18:00:00Z,2026-02-21T00:00:00+06:00,2026-02-22T03:00:00+06:00,2026-02-21T21:00:00Z,T2,27,2026-02-20T06:00:00Z,39,6,dayahead,,0.534792,,False,mos-logistic-v0,start
2026-02-20T18:00:00Z,2026-02-21T00:00:00+06:00,2026-02-22T04:00:00+06:00,2026-02-21T22:00:00Z,T2,28,2026-02-20T06:00:00Z,40,6,dayahead,,0.264128,,False,mos-logistic-v0,start
2026-02-20T18:00:00Z,2026-02-21T00:00:00+06:00,2026-02-22T05:00:00+06:00,2026-02-21T23:00:00Z,T2,29,2026-02-20T06:00:00Z,41,6,dayahead,,0.05183,,False,mos-logistic-v0,start
2026-02-20T18:00:00Z,2026-02-21T00:00:00+06:00,2026-02-22T06:00:00+06:00,2026-02-22T00:00:00Z,T2,30,2026-02-20T06:00:00Z,42,6,dayahead,,0.031604,,False,mos-logistic-v0,start
2026-02-20T18:00:00Z,2026-02-21T00:00:00+06:00,2026-02-22T07:00:00+06:00,2026-02-22T01:00:00Z,T2,31,2026-02-20T06:00:00Z,43,6,dayahead,,0.021173,,False,mos-logistic-v0,start
2026-02-20T18:00:00Z,2026-02-21T00:00:00+06:00,2026-02-22T08:00:00+06:00,2026-02-22T02:00:00Z,T2,32,2026-02-20T06:00:00Z,44,6,dayahead,,0.012662,,False,mos-logistic-v0,start
2026-02-20T18:00:00Z,2026-02-21T00:00:00+06:00,2026-02-22T09:00:00+06:00,2026-02-22T03:00:00Z,T2,33,2026-02-20T06:00:00Z,45,6,dayahead,,0.021908,,False,mos-logistic-v0,start
2026-02-20T18:00:00Z,2026-02-21T00:00:00+06:00,2026-02-22T10:00:00+06:00,2026-02-22T04:00:00Z,T2,34,2026-02-20T06:00:00Z,46,6,dayahead,,0.038411,,False,mos-logistic-v0,start
2026-02-20T18:00:00Z,2026-02-21T00:00:00+06:00,2026-02-22T11:00:00+06:00,2026-02-22T05:00:00Z,T2,35,2026-02-20T06:00:00Z,47,6,dayahead,,0.073769,,False,mos-logistic-v0,start
2026-02-20T18:00:00Z,2026-02-21T00:00:00+06:00,2026-02-22T12:00:00+06:00,2026-02-22T06:00:00Z,T2,36,2026-02-20T06:00:00Z,48,6,dayahead,,0.230436,,False,mos-logistic-v0,start
2026-02-20T18:00:00Z,2026-02-21T00:00:00+06:00,2026-02-22T13:00:00+06:00,2026-02-22T07:00:00Z,T2,37,2026-02-20T06:00:00Z,49,6,dayahead,,0.55036,,False,mos-logistic-v0,start
2026-02-20T18:00:00Z,2026-02-21T00:00:00+06:00,2026-02-22T14:00:00+06:00,2026-02-22T08:00:00Z,T2,38,2026-02-20T06:00:00Z,50,6,dayahead,,0.7207,,False,mos-logistic-v0,start
2026-02-20T18:00:00Z,2026-02-21T00:00:00+06:00,2026-02-22T15:00:00+06:00,2026-02-22T09:00:00Z,T2,39,2026-02-20T06:00:00Z,51,6,dayahead,,0.774468,,False,mos-logistic-v0,start
2026-02-20T18:00:00Z,2026-02-21T00:00:00+06:00,2026-02-22T16:00:00+06:00,2026-02-22T10:00:00Z,T2,40,2026-02-20T06:00:00Z,52,6,dayahead,,0.772023,,False,mos-logistic-v0,start
2026-02-20T18:00:00Z,2026-02-21T00:00:00+06:00,2026-02-22T17:00:00+06:00,2026-02-22T11:00:00Z,T2,41,2026-02-20T06:00:00Z,53,6,dayahead,,0.717885,,False,mos-logistic-v0,start
2026-02-20T18:00:00Z,2026-02-21T00:00:00+06:00,2026-02-22T18:00:00+06:00,2026-02-22T12:00:00Z,T2,42,2026-02-20T06:00:00Z,54,6,dayahead,,0.702101,,False,mos-logistic-v0,start
2026-02-20T18:00:00Z,2026-02-21T00:00:00+06:00,2026-02-22T19:00:00+06:00,2026-02-22T13:00:00Z,T2,43,2026-02-20T06:00:00Z,55,6,dayahead,,0.432454,,False,mos-logistic-v0,start
2026-02-20T18:00:00Z,2026-02-21T00:00:00+06:00,2026-02-22T20:00:00+06:00,2026-02-22T14:00:00Z,T2,44,2026-02-20T06:00:00Z,56,6,dayahead,,0.223104,,False,mos-logistic-v0,start
2026-02-20T18:00:00Z,2026-02-21T00:00:00+06:00,2026-02-22T21:00:00+06:00,2026-02-22T15:00:00Z,T2,45,2026-02-20T06:00:00Z,57,6,dayahead,,0.167542,,False,mos-logistic-v0,start
2026-02-20T18:00:00Z,2026-02-21T00:00:00+06:00,2026-02-22T22:00:00+06:00,2026-02-22T16:00:00Z,T2,46,2026-02-20T06:00:00Z,58,6,dayahead,,0.156198,,False,mos-logistic-v0,start
2026-02-20T18:00:00Z,2026-02-21T00:00:00+06:00,2026-02-22T23:00:00+06:00,2026-02-22T17:00:00Z,T2,47,2026-02-20T06:00:00Z,59,6,dayahead,,0.192186,,False,mos-logistic-v0,start
2026-02-21T18:00:00Z,2026-02-22T00:00:00+06:00,2026-02-22T00:00:00+06:00,2026-02-21T18:00:00Z,T1,0,2026-02-21T06:00:00Z,12,6,dayahead,,0.080205,,False,mos-logistic-v0,start
2026-02-21T18:00:00Z,2026-02-22T00:00:00+06:00,2026-02-22T01:00:00+06:00,2026-02-21T19:00:00Z,T1,1,2026-02-21T06:00:00Z,13,6,dayahead,,0.063123,,False,mos-logistic-v0,start
2026-02-21T18:00:00Z,2026-02-22T00:00:00+06:00,2026-02-22T02:00:00+06:00,2026-02-21T20:00:00Z,T1,2,2026-02-21T06:00:00Z,14,6,dayahead,,0.059124,,False,mos-logistic-v0,start
2026-02-21T18:00:00Z,2026-02-22T00:00:00+06:00,2026-02-22T03:00:00+06:00,2026-02-21T21:00:00Z,T1,3,2026-02-21T06:00:00Z,15,6,dayahead,,0.048509,,False,mos-logistic-v0,start
2026-02-21T18:00:00Z,2026-02-22T00:00:00+06:00,2026-02-22T04:00:00+06:00,2026-02-21T22:00:00Z,T1,4,2026-02-21T06:00:00Z,16,6,dayahead,,0.026504,,False,mos-logistic-v0,start
2026-02-21T18:00:00Z,2026-02-22T00:00:00+06:00,2026-02-22T05:00:00+06:00,2026-02-21T23:00:00Z,T1,5,2026-02-21T06:00:00Z,17,6,dayahead,,0.024596,,False,mos-logistic-v0,start
2026-02-21T18:00:00Z,2026-02-22T00:00:00+06:00,2026-02-22T06:00:00+06:00,2026-02-22T00:00:00Z,T1,6,2026-02-21T06:00:00Z,18,6,dayahead,,0.016781,,False,mos-logistic-v0,start
2026-02-21T18:00:00Z,2026-02-22T00:00:00+06:00,2026-02-22T07:00:00+06:00,2026-02-22T01:00:00Z,T1,7,2026-02-21T06:00:00Z,19,6,dayahead,,0.026866,,False,mos-logistic-v0,start
2026-02-21T18:00:00Z,2026-02-22T00:00:00+06:00,2026-02-22T08:00:00+06:00,2026-02-22T02:00:00Z,T1,8,2026-02-21T06:00:00Z,20,6,dayahead,,0.046615,,False,mos-logistic-v0,start
2026-02-21T18:00:00Z,2026-02-22T00:00:00+06:00,2026-02-22T09:00:00+06:00,2026-02-22T03:00:00Z,T1,9,2026-02-21T06:00:00Z,21,6,dayahead,,0.112727,,False,mos-logistic-v0,start
2026-02-21T18:00:00Z,2026-02-22T00:00:00+06:00,2026-02-22T10:00:00+06:00,2026-02-22T04:00:00Z,T1,10,2026-02-21T06:00:00Z,22,6,dayahead,,0.264128,,False,mos-logistic-v0,start
2026-02-21T18:00:00Z,2026-02-22T00:00:00+06:00,2026-02-22T11:00:00+06:00,2026-02-22T05:00:00Z,T1,11,2026-02-21T06:00:00Z,23,6,dayahead,,0.486061,,False,mos-logistic-v0,start
2026-02-21T18:00:00Z,2026-02-22T00:00:00+06:00,2026-02-22T12:00:00+06:00,2026-02-22T06:00:00Z,T1,12,2026-02-21T06:00:00Z,24,6,dayahead,,0.758248,,False,mos-logistic-v0,start
2026-02-21T18:00:00Z,2026-02-22T00:00:00+06:00,2026-02-22T13:00:00+06:00,2026-02-22T07:00:00Z,T1,13,2026-02-21T06:00:00Z,25,6,dayahead,,0.868631,,False,mos-logistic-v0,start
2026-02-21T18:00:00Z,2026-02-22T00:00:00+06:00,2026-02-22T14:00:00+06:00,2026-02-22T08:00:00Z,T1,14,2026-02-21T06:00:00Z,26,6,dayahead,,0.862963,,False,mos-logistic-v0,start
2026-02-21T18:00:00Z,2026-02-22T00:00:00+06:00,2026-02-22T15:00:00+06:00,2026-02-22T09:00:00Z,T1,15,2026-02-21T06:00:00Z,27,6,dayahead,,0.791055,,False,mos-logistic-v0,start
2026-02-21T18:00:00Z,2026-02-22T00:00:00+06:00,2026-02-22T16:00:00+06:00,2026-02-22T10:00:00Z,T1,16,2026-02-21T06:00:00Z,28,6,dayahead,,0.741252,,False,mos-logistic-v0,start
2026-02-21T18:00:00Z,2026-02-22T00:00:00+06:00,2026-02-22T17:00:00+06:00,2026-02-22T11:00:00Z,T1,17,2026-02-21T06:00:00Z,29,6,dayahead,,0.688816,,False,mos-logistic-v0,start
2026-02-21T18:00:00Z,2026-02-22T00:00:00+06:00,2026-02-22T18:00:00+06:00,2026-02-22T12:00:00Z,T1,18,2026-02-21T06:00:00Z,30,6,dayahead,,0.661308,,False,mos-logistic-v0,start
2026-02-21T18:00:00Z,2026-02-22T00:00:00+06:00,2026-02-22T19:00:00+06:00,2026-02-22T13:00:00Z,T1,19,2026-02-21T06:00:00Z,31,6,dayahead,,0.42222,,False,mos-logistic-v0,start
2026-02-21T18:00:00Z,2026-02-22T00:00:00+06:00,2026-02-22T20:00:00+06:00,2026-02-22T14:00:00Z,T1,20,2026-02-21T06:00:00Z,32,6,dayahead,,0.169495,,False,mos-logistic-v0,start
2026-02-21T18:00:00Z,2026-02-22T00:00:00+06:00,2026-02-22T21:00:00+06:00,2026-02-22T15:00:00Z,T1,21,2026-02-21T06:00:00Z,33,6,dayahead,,0.113426,,False,mos-logistic-v0,start
2026-02-21T18:00:00Z,2026-02-22T00:00:00+06:00,2026-02-22T22:00:00+06:00,2026-02-22T16:00:00Z,T1,22,2026-02-21T06:00:00Z,34,6,dayahead,,0.065216,,False,mos-logistic-v0,start
2026-02-21T18:00:00Z,2026-02-22T00:00:00+06:00,2026-02-22T23:00:00+06:00,2026-02-22T17:00:00Z,T1,23,2026-02-21T06:00:00Z,35,6,dayahead,,0.049813,,False,mos-logistic-v0,start
2026-02-21T18:00:00Z,2026-02-22T00:00:00+06:00,2026-02-23T00:00:00+06:00,2026-02-22T18:00:00Z,T1,24,2026-02-21T06:00:00Z,36,6,dayahead,,0.029539,,False,mos-logistic-v0,start
2026-02-21T18:00:00Z,2026-02-22T00:00:00+06:00,2026-02-23T01:00:00+06:00,2026-02-22T19:00:00Z,T1,25,2026-02-21T06:00:00Z,37,6,dayahead,,0.042465,,False,mos-logistic-v0,start
2026-02-21T18:00:00Z,2026-02-22T00:00:00+06:00,2026-02-23T02:00:00+06:00,2026-02-22T20:00:00Z,T1,26,2026-02-21T06:00:00Z,38,6,dayahead,,0.036896,,False,mos-logistic-v0,start
2026-02-21T18:00:00Z,2026-02-22T00:00:00+06:00,2026-02-23T03:00:00+06:00,2026-02-22T21:00:00Z,T1,27,2026-02-21T06:00:00Z,39,6,dayahead,,0.020463,,False,mos-logistic-v0,start
2026-02-21T18:00:00Z,2026-02-22T00:00:00+06:00,2026-02-23T04:00:00+06:00,2026-02-22T22:00:00Z,T1,28,2026-02-21T06:00:00Z,40,6,dayahead,,0.020048,,False,mos-logistic-v0,start
2026-02-21T18:00:00Z,2026-02-22T00:00:00+06:00,2026-02-23T05:00:00+06:00,2026-02-22T23:00:00Z,T1,29,2026-02-21T06:00:00Z,41,6,dayahead,,0.017012,,False,mos-logistic-v0,start
2026-02-21T18:00:00Z,2026-02-22T00:00:00+06:00,2026-02-23T06:00:00+06:00,2026-02-23T00:00:00Z,T1,30,2026-02-21T06:00:00Z,42,6,dayahead,,0.028945,,False,mos-logistic-v0,start
2026-02-21T18:00:00Z,2026-02-22T00:00:00+06:00,2026-02-23T07:00:00+06:00,2026-02-23T01:00:00Z,T1,31,2026-02-21T06:00:00Z,43,6,dayahead,,0.055001,,False,mos-logistic-v0,start
2026-02-21T18:00:00Z,2026-02-22T00:00:00+06:00,2026-02-23T08:00:00+06:00,2026-02-23T02:00:00Z,T1,32,2026-02-21T06:00:00Z,44,6,dayahead,,0.097048,,False,mos-logistic-v0,start
2026-02-21T18:00:00Z,2026-02-22T00:00:00+06:00,2026-02-23T09:00:00+06:00,2026-02-23T03:00:00Z,T1,33,2026-02-21T06:00:00Z,45,6,dayahead,,0.109288,,False,mos-logistic-v0,start
2026-02-21T18:00:00Z,2026-02-22T00:00:00+06:00,2026-02-23T10:00:00+06:00,2026-02-23T04:00:00Z,T1,34,2026-02-21T06:00:00Z,46,6,dayahead,,0.09766,,False,mos-logistic-v0,start
2026-02-21T18:00:00Z,2026-02-22T00:00:00+06:00,2026-02-23T11:00:00+06:00,2026-02-23T05:00:00Z,T1,35,2026-02-21T06:00:00Z,47,6,dayahead,,0.118426,,False,mos-logistic-v0,start
2026-02-21T18:00:00Z,2026-02-22T00:00:00+06:00,2026-02-23T12:00:00+06:00,2026-02-23T06:00:00Z,T1,36,2026-02-21T06:00:00Z,48,6,dayahead,,0.246896,,False,mos-logistic-v0,start
2026-02-21T18:00:00Z,2026-02-22T00:00:00+06:00,2026-02-23T13:00:00+06:00,2026-02-23T07:00:00Z,T1,37,2026-02-21T06:00:00Z,49,6,dayahead,,0.46347,,False,mos-logistic-v0,start
2026-02-21T18:00:00Z,2026-02-22T00:00:00+06:00,2026-02-23T14:00:00+06:00,2026-02-23T08:00:00Z,T1,38,2026-02-21T06:00:00Z,50,6,dayahead,,0.531322,,False,mos-logistic-v0,start
2026-02-21T18:00:00Z,2026-02-22T00:00:00+06:00,2026-02-23T15:00:00+06:00,2026-02-23T09:00:00Z,T1,39,2026-02-21T06:00:00Z,51,6,dayahead,,0.706456,,False,mos-logistic-v0,start
2026-02-21T18:00:00Z,2026-02-22T00:00:00+06:00,2026-02-23T16:00:00+06:00,2026-02-23T10:00:00Z,T1,40,2026-02-21T06:00:00Z,52,6,dayahead,,0.845628,,False,mos-logistic-v0,start
2026-02-21T18:00:00Z,2026-02-22T00:00:00+06:00,2026-02-23T17:00:00+06:00,2026-02-23T11:00:00Z,T1,41,2026-02-21T06:00:00Z,53,6,dayahead,,0.877885,,False,mos-logistic-v0,start
2026-02-21T18:00:00Z,2026-02-22T00:00:00+06:00,2026-02-23T18:00:00+06:00,2026-02-23T12:00:00Z,T1,42,2026-02-21T06:00:00Z,54,6,dayahead,,0.909465,,False,mos-logistic-v0,start
2026-02-21T18:00:00Z,2026-02-22T00:00:00+06:00,2026-02-23T19:00:00+06:00,2026-02-23T13:00:00Z,T1,43,2026-02-21T06:00:00Z,55,6,dayahead,,0.942407,,False,mos-logistic-v0,start
2026-02-21T18:00:00Z,2026-02-22T00:00:00+06:00,2026-02-23T20:00:00+06:00,2026-02-23T14:00:00Z,T1,44,2026-02-21T06:00:00Z,56,6,dayahead,,0.943901,,False,mos-logistic-v0,start
2026-02-21T18:00:00Z,2026-02-22T00:00:00+06:00,2026-02-23T21:00:00+06:00,2026-02-23T15:00:00Z,T1,45,2026-02-21T06:00:00Z,57,6,dayahead,,0.944998,,False,mos-logistic-v0,start
2026-02-21T18:00:00Z,2026-02-22T00:00:00+06:00,2026-02-23T22:00:00+06:00,2026-02-23T16:00:00Z,T1,46,2026-02-21T06:00:00Z,58,6,dayahead,,0.940486,,False,mos-logistic-v0,start
2026-02-21T18:00:00Z,2026-02-22T00:00:00+06:00,2026-02-23T23:00:00+06:00,2026-02-23T17:00:00Z,T1,47,2026-02-21T06:00:00Z,59,6,dayahead,,0.939304,,False,mos-logistic-v0,start
2026-02-21T18:00:00Z,2026-02-22T00:00:00+06:00,2026-02-22T00:00:00+06:00,2026-02-21T18:00:00Z,T2,0,2026-02-21T06:00:00Z,12,6,dayahead,,0.080205,,False,mos-logistic-v0,start
2026-02-21T18:00:00Z,2026-02-22T00:00:00+06:00,2026-02-22T01:00:00+06:00,2026-02-21T19:00:00Z,T2,1,2026-02-21T06:00:00Z,13,6,dayahead,,0.063123,,False,mos-logistic-v0,start
2026-02-21T18:00:00Z,2026-02-22T00:00:00+06:00,2026-02-22T02:00:00+06:00,2026-02-21T20:00:00Z,T2,2,2026-02-21T06:00:00Z,14,6,dayahead,,0.059124,,False,mos-logistic-v0,start
2026-02-21T18:00:00Z,2026-02-22T00:00:00+06:00,2026-02-22T03:00:00+06:00,2026-02-21T21:00:00Z,T2,3,2026-02-21T06:00:00Z,15,6,dayahead,,0.048509,,False,mos-logistic-v0,start
2026-02-21T18:00:00Z,2026-02-22T00:00:00+06:00,2026-02-22T04:00:00+06:00,2026-02-21T22:00:00Z,T2,4,2026-02-21T06:00:00Z,16,6,dayahead,,0.026504,,False,mos-logistic-v0,start
2026-02-21T18:00:00Z,2026-02-22T00:00:00+06:00,2026-02-22T05:00:00+06:00,2026-02-21T23:00:00Z,T2,5,2026-02-21T06:00:00Z,17,6,dayahead,,0.024596,,False,mos-logistic-v0,start
2026-02-21T18:00:00Z,2026-02-22T00:00:00+06:00,2026-02-22T06:00:00+06:00,2026-02-22T00:00:00Z,T2,6,2026-02-21T06:00:00Z,18,6,dayahead,,0.016781,,False,mos-logistic-v0,start
2026-02-21T18:00:00Z,2026-02-22T00:00:00+06:00,2026-02-22T07:00:00+06:00,2026-02-22T01:00:00Z,T2,7,2026-02-21T06:00:00Z,19,6,dayahead,,0.026866,,False,mos-logistic-v0,start
2026-02-21T18:00:00Z,2026-02-22T00:00:00+06:00,2026-02-22T08:00:00+06:00,2026-02-22T02:00:00Z,T2,8,2026-02-21T06:00:00Z,20,6,dayahead,,0.046615,,False,mos-logistic-v0,start
2026-02-21T18:00:00Z,2026-02-22T00:00:00+06:00,2026-02-22T09:00:00+06:00,2026-02-22T03:00:00Z,T2,9,2026-02-21T06:00:00Z,21,6,dayahead,,0.112727,,False,mos-logistic-v0,start
2026-02-21T18:00:00Z,2026-02-22T00:00:00+06:00,2026-02-22T10:00:00+06:00,2026-02-22T04:00:00Z,T2,10,2026-02-21T06:00:00Z,22,6,dayahead,,0.264128,,False,mos-logistic-v0,start
2026-02-21T18:00:00Z,2026-02-22T00:00:00+06:00,2026-02-22T11:00:00+06:00,2026-02-22T05:00:00Z,T2,11,2026-02-21T06:00:00Z,23,6,dayahead,,0.486061,,False,mos-logistic-v0,start
2026-02-21T18:00:00Z,2026-02-22T00:00:00+06:00,2026-02-22T12:00:00+06:00,2026-02-22T06:00:00Z,T2,12,2026-02-21T06:00:00Z,24,6,dayahead,,0.758248,,False,mos-logistic-v0,start
2026-02-21T18:00:00Z,2026-02-22T00:00:00+06:00,2026-02-22T13:00:00+06:00,2026-02-22T07:00:00Z,T2,13,2026-02-21T06:00:00Z,25,6,dayahead,,0.868631,,False,mos-logistic-v0,start
2026-02-21T18:00:00Z,2026-02-22T00:00:00+06:00,2026-02-22T14:00:00+06:00,2026-02-22T08:00:00Z,T2,14,2026-02-21T06:00:00Z,26,6,dayahead,,0.862963,,False,mos-logistic-v0,start
2026-02-21T18:00:00Z,2026-02-22T00:00:00+06:00,2026-02-22T15:00:00+06:00,2026-02-22T09:00:00Z,T2,15,2026-02-21T06:00:00Z,27,6,dayahead,,0.791055,,False,mos-logistic-v0,start
2026-02-21T18:00:00Z,2026-02-22T00:00:00+06:00,2026-02-22T16:00:00+06:00,2026-02-22T10:00:00Z,T2,16,2026-02-21T06:00:00Z,28,6,dayahead,,0.741252,,False,mos-logistic-v0,start
2026-02-21T18:00:00Z,2026-02-22T00:00:00+06:00,2026-02-22T17:00:00+06:00,2026-02-22T11:00:00Z,T2,17,2026-02-21T06:00:00Z,29,6,dayahead,,0.688816,,False,mos-logistic-v0,start
2026-02-21T18:00:00Z,2026-02-22T00:00:00+06:00,2026-02-22T18:00:00+06:00,2026-02-22T12:00:00Z,T2,18,2026-02-21T06:00:00Z,30,6,dayahead,,0.661308,,False,mos-logistic-v0,start
2026-02-21T18:00:00Z,2026-02-22T00:00:00+06:00,2026-02-22T19:00:00+06:00,2026-02-22T13:00:00Z,T2,19,2026-02-21T06:00:00Z,31,6,dayahead,,0.42222,,False,mos-logistic-v0,start
2026-02-21T18:00:00Z,2026-02-22T00:00:00+06:00,2026-02-22T20:00:00+06:00,2026-02-22T14:00:00Z,T2,20,2026-02-21T06:00:00Z,32,6,dayahead,,0.169495,,False,mos-logistic-v0,start
2026-02-21T18:00:00Z,2026-02-22T00:00:00+06:00,2026-02-22T21:00:00+06:00,2026-02-22T15:00:00Z,T2,21,2026-02-21T06:00:00Z,33,6,dayahead,,0.113426,,False,mos-logistic-v0,start
2026-02-21T18:00:00Z,2026-02-22T00:00:00+06:00,2026-02-22T22:00:00+06:00,2026-02-22T16:00:00Z,T2,22,2026-02-21T06:00:00Z,34,6,dayahead,,0.065216,,False,mos-logistic-v0,start
2026-02-21T18:00:00Z,2026-02-22T00:00:00+06:00,2026-02-22T23:00:00+06:00,2026-02-22T17:00:00Z,T2,23,2026-02-21T06:00:00Z,35,6,dayahead,,0.049813,,False,mos-logistic-v0,start
2026-02-21T18:00:00Z,2026-02-22T00:00:00+06:00,2026-02-23T00:00:00+06:00,2026-02-22T18:00:00Z,T2,24,2026-02-21T06:00:00Z,36,6,dayahead,,0.029539,,False,mos-logistic-v0,start
2026-02-21T18:00:00Z,2026-02-22T00:00:00+06:00,2026-02-23T01:00:00+06:00,2026-02-22T19:00:00Z,T2,25,2026-02-21T06:00:00Z,37,6,dayahead,,0.042465,,False,mos-logistic-v0,start
2026-02-21T18:00:00Z,2026-02-22T00:00:00+06:00,2026-02-23T02:00:00+06:00,2026-02-22T20:00:00Z,T2,26,2026-02-21T06:00:00Z,38,6,dayahead,,0.036896,,False,mos-logistic-v0,start
2026-02-21T18:00:00Z,2026-02-22T00:00:00+06:00,2026-02-23T03:00:00+06:00,2026-02-22T21:00:00Z,T2,27,2026-02-21T06:00:00Z,39,6,dayahead,,0.020463,,False,mos-logistic-v0,start
2026-02-21T18:00:00Z,2026-02-22T00:00:00+06:00,2026-02-23T04:00:00+06:00,2026-02-22T22:00:00Z,T2,28,2026-02-21T06:00:00Z,40,6,dayahead,,0.020048,,False,mos-logistic-v0,start
2026-02-21T18:00:00Z,2026-02-22T00:00:00+06:00,2026-02-23T05:00:00+06:00,2026-02-22T23:00:00Z,T2,29,2026-02-21T06:00:00Z,41,6,dayahead,,0.017012,,False,mos-logistic-v0,start
2026-02-21T18:00:00Z,2026-02-22T00:00:00+06:00,2026-02-23T06:00:00+06:00,2026-02-23T00:00:00Z,T2,30,2026-02-21T06:00:00Z,42,6,dayahead,,0.028945,,False,mos-logistic-v0,start
2026-02-21T18:00:00Z,2026-02-22T00:00:00+06:00,2026-02-23T07:00:00+06:00,2026-02-23T01:00:00Z,T2,31,2026-02-21T06:00:00Z,43,6,dayahead,,0.055001,,False,mos-logistic-v0,start
2026-02-21T18:00:00Z,2026-02-22T00:00:00+06:00,2026-02-23T08:00:00+06:00,2026-02-23T02:00:00Z,T2,32,2026-02-21T06:00:00Z,44,6,dayahead,,0.097048,,False,mos-logistic-v0,start
2026-02-21T18:00:00Z,2026-02-22T00:00:00+06:00,2026-02-23T09:00:00+06:00,2026-02-23T03:00:00Z,T2,33,2026-02-21T06:00:00Z,45,6,dayahead,,0.109288,,False,mos-logistic-v0,start
2026-02-21T18:00:00Z,2026-02-22T00:00:00+06:00,2026-02-23T10:00:00+06:00,2026-02-23T04:00:00Z,T2,34,2026-02-21T06:00:00Z,46,6,dayahead,,0.09766,,False,mos-logistic-v0,start
2026-02-21T18:00:00Z,2026-02-22T00:00:00+06:00,2026-02-23T11:00:00+06:00,2026-02-23T05:00:00Z,T2,35,2026-02-21T06:00:00Z,47,6,dayahead,,0.118426,,False,mos-logistic-v0,start
2026-02-21T18:00:00Z,2026-02-22T00:00:00+06:00,2026-02-23T12:00:00+06:00,2026-02-23T06:00:00Z,T2,36,2026-02-21T06:00:00Z,48,6,dayahead,,0.246896,,False,mos-logistic-v0,start
2026-02-21T18:00:00Z,2026-02-22T00:00:00+06:00,2026-02-23T13:00:00+06:00,2026-02-23T07:00:00Z,T2,37,2026-02-21T06:00:00Z,49,6,dayahead,,0.46347,,False,mos-logistic-v0,start
2026-02-21T18:00:00Z,2026-02-22T00:00:00+06:00,2026-02-23T14:00:00+06:00,2026-02-23T08:00:00Z,T2,38,2026-02-21T06:00:00Z,50,6,dayahead,,0.531322,,False,mos-logistic-v0,start
2026-02-21T18:00:00Z,2026-02-22T00:00:00+06:00,2026-02-23T15:00:00+06:00,2026-02-23T09:00:00Z,T2,39,2026-02-21T06:00:00Z,51,6,dayahead,,0.706456,,False,mos-logistic-v0,start
2026-02-21T18:00:00Z,2026-02-22T00:00:00+06:00,2026-02-23T16:00:00+06:00,2026-02-23T10:00:00Z,T2,40,2026-02-21T06:00:00Z,52,6,dayahead,,0.845628,,False,mos-logistic-v0,start
2026-02-21T18:00:00Z,2026-02-22T00:00:00+06:00,2026-02-23T17:00:00+06:00,2026-02-23T11:00:00Z,T2,41,2026-02-21T06:00:00Z,53,6,dayahead,,0.877885,,False,mos-logistic-v0,start
2026-02-21T18:00:00Z,2026-02-22T00:00:00+06:00,2026-02-23T18:00:00+06:00,2026-02-23T12:00:00Z,T2,42,2026-02-21T06:00:00Z,54,6,dayahead,,0.909465,,False,mos-logistic-v0,start
2026-02-21T18:00:00Z,2026-02-22T00:00:00+06:00,2026-02-23T19:00:00+06:00,2026-02-23T13:00:00Z,T2,43,2026-02-21T06:00:00Z,55,6,dayahead,,0.942407,,False,mos-logistic-v0,start
2026-02-21T18:00:00Z,2026-02-22T00:00:00+06:00,2026-02-23T20:00:00+06:00,2026-02-23T14:00:00Z,T2,44,2026-02-21T06:00:00Z,56,6,dayahead,,0.943901,,False,mos-logistic-v0,start
2026-02-21T18:00:00Z,2026-02-22T00:00:00+06:00,2026-02-23T21:00:00+06:00,2026-02-23T15:00:00Z,T2,45,2026-02-21T06:00:00Z,57,6,dayahead,,0.944998,,False,mos-logistic-v0,start
2026-02-21T18:00:00Z,2026-02-22T00:00:00+06:00,2026-02-23T22:00:00+06:00,2026-02-23T16:00:00Z,T2,46,2026-02-21T06:00:00Z,58,6,dayahead,,0.940486,,False,mos-logistic-v0,start
2026-02-21T18:00:00Z,2026-02-22T00:00:00+06:00,2026-02-23T23:00:00+06:00,2026-02-23T17:00:00Z,T2,47,2026-02-21T06:00:00Z,59,6,dayahead,,0.939304,,False,mos-logistic-v0,start
2026-02-22T18:00:00Z,2026-02-23T00:00:00+06:00,2026-02-23T00:00:00+06:00,2026-02-22T18:00:00Z,T1,0,2026-02-22T06:00:00Z,12,6,dayahead,,0.039986,,False,mos-logistic-v0,start
2026-02-22T18:00:00Z,2026-02-23T00:00:00+06:00,2026-02-23T01:00:00+06:00,2026-02-22T19:00:00Z,T1,1,2026-02-22T06:00:00Z,13,6,dayahead,,0.063123,,False,mos-logistic-v0,start
2026-02-22T18:00:00Z,2026-02-23T00:00:00+06:00,2026-02-23T02:00:00+06:00,2026-02-22T20:00:00Z,T1,2,2026-02-22T06:00:00Z,14,6,dayahead,,0.029941,,False,mos-logistic-v0,start
2026-02-22T18:00:00Z,2026-02-23T00:00:00+06:00,2026-02-23T03:00:00+06:00,2026-02-22T21:00:00Z,T1,3,2026-02-22T06:00:00Z,15,6,dayahead,,0.014629,,False,mos-logistic-v0,start
2026-02-22T18:00:00Z,2026-02-23T00:00:00+06:00,2026-02-23T04:00:00+06:00,2026-02-22T22:00:00Z,T1,4,2026-02-22T06:00:00Z,16,6,dayahead,,0.014135,,False,mos-logistic-v0,start
2026-02-22T18:00:00Z,2026-02-23T00:00:00+06:00,2026-02-23T05:00:00+06:00,2026-02-22T23:00:00Z,T1,5,2026-02-22T06:00:00Z,17,6,dayahead,,0.013942,,False,mos-logistic-v0,start
2026-02-22T18:00:00Z,2026-02-23T00:00:00+06:00,2026-02-23T06:00:00+06:00,2026-02-23T00:00:00Z,T1,6,2026-02-22T06:00:00Z,18,6,dayahead,,0.03225,,False,mos-logistic-v0,start
2026-02-22T18:00:00Z,2026-02-23T00:00:00+06:00,2026-02-23T07:00:00+06:00,2026-02-23T01:00:00Z,T1,7,2026-02-22T06:00:00Z,19,6,dayahead,,0.102045,,False,mos-logistic-v0,start
2026-02-22T18:00:00Z,2026-02-23T00:00:00+06:00,2026-02-23T08:00:00+06:00,2026-02-23T02:00:00Z,T1,8,2026-02-22T06:00:00Z,20,6,dayahead,,0.21242,,False,mos-logistic-v0,start
2026-02-22T18:00:00Z,2026-02-23T00:00:00+06:00,2026-02-23T09:00:00+06:00,2026-02-23T03:00:00Z,T1,9,2026-02-22T06:00:00Z,21,6,dayahead,,0.227973,,False,mos-logistic-v0,start
2026-02-22T18:00:00Z,2026-02-23T00:00:00+06:00,2026-02-23T10:00:00+06:00,2026-02-23T04:00:00Z,T1,10,2026-02-22T06:00:00Z,22,6,dayahead,,0.218308,,False,mos-logistic-v0,start
2026-02-22T18:00:00Z,2026-02-23T00:00:00+06:00,2026-02-23T11:00:00+06:00,2026-02-23T05:00:00Z,T1,11,2026-02-22T06:00:00Z,23,6,dayahead,,0.184725,,False,mos-logistic-v0,start
2026-02-22T18:00:00Z,2026-02-23T00:00:00+06:00,2026-02-23T12:00:00+06:00,2026-02-23T06:00:00Z,T1,12,2026-02-22T06:00:00Z,24,6,dayahead,,0.205507,,False,mos-logistic-v0,start
2026-02-22T18:00:00Z,2026-02-23T00:00:00+06:00,2026-02-23T13:00:00+06:00,2026-02-23T07:00:00Z,T1,13,2026-02-22T06:00:00Z,25,6,dayahead,,0.17851,,False,mos-logistic-v0,start
2026-02-22T18:00:00Z,2026-02-23T00:00:00+06:00,2026-02-23T14:00:00+06:00,2026-02-23T08:00:00Z,T1,14,2026-02-22T06:00:00Z,26,6,dayahead,,0.265484,,False,mos-logistic-v0,start
2026-02-22T18:00:00Z,2026-02-23T00:00:00+06:00,2026-02-23T15:00:00+06:00,2026-02-23T09:00:00Z,T1,15,2026-02-22T06:00:00Z,27,6,dayahead,,0.48432,,False,mos-logistic-v0,start
2026-02-22T18:00:00Z,2026-02-23T00:00:00+06:00,2026-02-23T16:00:00+06:00,2026-02-23T10:00:00Z,T1,16,2026-02-22T06:00:00Z,28,6,dayahead,,0.510451,,False,mos-logistic-v0,start
2026-02-22T18:00:00Z,2026-02-23T00:00:00+06:00,2026-02-23T17:00:00+06:00,2026-02-23T11:00:00Z,T1,17,2026-02-22T06:00:00Z,29,6,dayahead,,0.796757,,False,mos-logistic-v0,start
2026-02-22T18:00:00Z,2026-02-23T00:00:00+06:00,2026-02-23T18:00:00+06:00,2026-02-23T12:00:00Z,T1,18,2026-02-22T06:00:00Z,30,6,dayahead,,0.893395,,False,mos-logistic-v0,start
2026-02-22T18:00:00Z,2026-02-23T00:00:00+06:00,2026-02-23T19:00:00+06:00,2026-02-23T13:00:00Z,T1,19,2026-02-22T06:00:00Z,31,6,dayahead,,0.953693,,False,mos-logistic-v0,start
2026-02-22T18:00:00Z,2026-02-23T00:00:00+06:00,2026-02-23T20:00:00+06:00,2026-02-23T14:00:00Z,T1,20,2026-02-22T06:00:00Z,32,6,dayahead,,0.953073,,False,mos-logistic-v0,start
2026-02-22T18:00:00Z,2026-02-23T00:00:00+06:00,2026-02-23T21:00:00+06:00,2026-02-23T15:00:00Z,T1,21,2026-02-22T06:00:00Z,33,6,dayahead,,0.953073,,False,mos-logistic-v0,start
2026-02-22T18:00:00Z,2026-02-23T00:00:00+06:00,2026-02-23T22:00:00+06:00,2026-02-23T16:00:00Z,T1,22,2026-02-22T06:00:00Z,34,6,dayahead,,0.943901,,False,mos-logistic-v0,start
2026-02-22T18:00:00Z,2026-02-23T00:00:00+06:00,2026-02-23T23:00:00+06:00,2026-02-23T17:00:00Z,T1,23,2026-02-22T06:00:00Z,35,6,dayahead,,0.962605,,False,mos-logistic-v0,start
2026-02-22T18:00:00Z,2026-02-23T00:00:00+06:00,2026-02-24T00:00:00+06:00,2026-02-23T18:00:00Z,T1,24,2026-02-22T06:00:00Z,36,6,dayahead,,0.936876,,False,mos-logistic-v0,start
2026-02-22T18:00:00Z,2026-02-23T00:00:00+06:00,2026-02-24T01:00:00+06:00,2026-02-23T19:00:00Z,T1,25,2026-02-22T06:00:00Z,37,6,dayahead,,0.905962,,False,mos-logistic-v0,start
2026-02-22T18:00:00Z,2026-02-23T00:00:00+06:00,2026-02-24T02:00:00+06:00,2026-02-23T20:00:00Z,T1,26,2026-02-22T06:00:00Z,38,6,dayahead,,0.880842,,False,mos-logistic-v0,start
2026-02-22T18:00:00Z,2026-02-23T00:00:00+06:00,2026-02-24T03:00:00+06:00,2026-02-23T21:00:00Z,T1,27,2026-02-22T06:00:00Z,39,6,dayahead,,0.785236,,False,mos-logistic-v0,start
2026-02-22T18:00:00Z,2026-02-23T00:00:00+06:00,2026-02-24T04:00:00+06:00,2026-02-23T22:00:00Z,T1,28,2026-02-22T06:00:00Z,40,6,dayahead,,0.788741,,False,mos-logistic-v0,start
2026-02-22T18:00:00Z,2026-02-23T00:00:00+06:00,2026-02-24T05:00:00+06:00,2026-02-23T23:00:00Z,T1,29,2026-02-22T06:00:00Z,41,6,dayahead,,0.826541,,False,mos-logistic-v0,start
2026-02-22T18:00:00Z,2026-02-23T00:00:00+06:00,2026-02-24T06:00:00+06:00,2026-02-24T00:00:00Z,T1,30,2026-02-22T06:00:00Z,42,6,dayahead,,0.834391,,False,mos-logistic-v0,start
2026-02-22T18:00:00Z,2026-02-23T00:00:00+06:00,2026-02-24T07:00:00+06:00,2026-02-24T01:00:00Z,T1,31,2026-02-22T06:00:00Z,43,6,dayahead,,0.848338,,False,mos-logistic-v0,start
2026-02-22T18:00:00Z,2026-02-23T00:00:00+06:00,2026-02-24T08:00:00+06:00,2026-02-24T02:00:00Z,T1,32,2026-02-22T06:00:00Z,44,6,dayahead,,0.786409,,False,mos-logistic-v0,start
2026-02-22T18:00:00Z,2026-02-23T00:00:00+06:00,2026-02-24T09:00:00+06:00,2026-02-24T03:00:00Z,T1,33,2026-02-22T06:00:00Z,45,6,dayahead,,0.679782,,False,mos-logistic-v0,start
2026-02-22T18:00:00Z,2026-02-23T00:00:00+06:00,2026-02-24T10:00:00+06:00,2026-02-24T04:00:00Z,T1,34,2026-02-22T06:00:00Z,46,6,dayahead,,0.684316,,False,mos-logistic-v0,start
2026-02-22T18:00:00Z,2026-02-23T00:00:00+06:00,2026-02-24T11:00:00+06:00,2026-02-24T05:00:00Z,T1,35,2026-02-22T06:00:00Z,47,6,dayahead,,0.647118,,False,mos-logistic-v0,start
2026-02-22T18:00:00Z,2026-02-23T00:00:00+06:00,2026-02-24T12:00:00+06:00,2026-02-24T06:00:00Z,T1,36,2026-02-22T06:00:00Z,48,6,dayahead,,0.603053,,False,mos-logistic-v0,start
2026-02-22T18:00:00Z,2026-02-23T00:00:00+06:00,2026-02-24T13:00:00+06:00,2026-02-24T07:00:00Z,T1,37,2026-02-22T06:00:00Z,49,6,dayahead,,0.539991,,False,mos-logistic-v0,start
2026-02-22T18:00:00Z,2026-02-23T00:00:00+06:00,2026-02-24T14:00:00+06:00,2026-02-24T08:00:00Z,T1,38,2026-02-22T06:00:00Z,50,6,dayahead,,0.446188,,False,mos-logistic-v0,start
2026-02-22T18:00:00Z,2026-02-23T00:00:00+06:00,2026-02-24T15:00:00+06:00,2026-02-24T09:00:00Z,T1,39,2026-02-22T06:00:00Z,51,6,dayahead,,0.357667,,False,mos-logistic-v0,start
2026-02-22T18:00:00Z,2026-02-23T00:00:00+06:00,2026-02-24T16:00:00+06:00,2026-02-24T10:00:00Z,T1,40,2026-02-22T06:00:00Z,52,6,dayahead,,0.248194,,False,mos-logistic-v0,start
2026-02-22T18:00:00Z,2026-02-23T00:00:00+06:00,2026-02-24T17:00:00+06:00,2026-02-24T11:00:00Z,T1,41,2026-02-22T06:00:00Z,53,6,dayahead,,0.195454,,False,mos-logistic-v0,start
2026-02-22T18:00:00Z,2026-02-23T00:00:00+06:00,2026-02-24T18:00:00+06:00,2026-02-24T12:00:00Z,T1,42,2026-02-22T06:00:00Z,54,6,dayahead,,0.122862,,False,mos-logistic-v0,start
2026-02-22T18:00:00Z,2026-02-23T00:00:00+06:00,2026-02-24T19:00:00+06:00,2026-02-24T13:00:00Z,T1,43,2026-02-22T06:00:00Z,55,6,dayahead,,0.078675,,False,mos-logistic-v0,start
2026-02-22T18:00:00Z,2026-02-23T00:00:00+06:00,2026-02-24T20:00:00+06:00,2026-02-24T14:00:00Z,T1,44,2026-02-22T06:00:00Z,56,6,dayahead,,0.040797,,False,mos-logistic-v0,start
2026-02-22T18:00:00Z,2026-02-23T00:00:00+06:00,2026-02-24T21:00:00+06:00,2026-02-24T15:00:00Z,T1,45,2026-02-22T06:00:00Z,57,6,dayahead,,0.022513,,False,mos-logistic-v0,start
2026-02-22T18:00:00Z,2026-02-23T00:00:00+06:00,2026-02-24T22:00:00+06:00,2026-02-24T16:00:00Z,T1,46,2026-02-22T06:00:00Z,58,6,dayahead,,0.056468,,False,mos-logistic-v0,start
2026-02-22T18:00:00Z,2026-02-23T00:00:00+06:00,2026-02-24T23:00:00+06:00,2026-02-24T17:00:00Z,T1,47,2026-02-22T06:00:00Z,59,6,dayahead,,0.078675,,False,mos-logistic-v0,start
2026-02-22T18:00:00Z,2026-02-23T00:00:00+06:00,2026-02-23T00:00:00+06:00,2026-02-22T18:00:00Z,T2,0,2026-02-22T06:00:00Z,12,6,dayahead,,0.039986,,False,mos-logistic-v0,start
2026-02-22T18:00:00Z,2026-02-23T00:00:00+06:00,2026-02-23T01:00:00+06:00,2026-02-22T19:00:00Z,T2,1,2026-02-22T06:00:00Z,13,6,dayahead,,0.063123,,False,mos-logistic-v0,start
2026-02-22T18:00:00Z,2026-02-23T00:00:00+06:00,2026-02-23T02:00:00+06:00,2026-02-22T20:00:00Z,T2,2,2026-02-22T06:00:00Z,14,6,dayahead,,0.029941,,False,mos-logistic-v0,start
2026-02-22T18:00:00Z,2026-02-23T00:00:00+06:00,2026-02-23T03:00:00+06:00,2026-02-22T21:00:00Z,T2,3,2026-02-22T06:00:00Z,15,6,dayahead,,0.014629,,False,mos-logistic-v0,start
2026-02-22T18:00:00Z,2026-02-23T00:00:00+06:00,2026-02-23T04:00:00+06:00,2026-02-22T22:00:00Z,T2,4,2026-02-22T06:00:00Z,16,6,dayahead,,0.014135,,False,mos-logistic-v0,start
2026-02-22T18:00:00Z,2026-02-23T00:00:00+06:00,2026-02-23T05:00:00+06:00,2026-02-22T23:00:00Z,T2,5,2026-02-22T06:00:00Z,17,6,dayahead,,0.013942,,False,mos-logistic-v0,start
2026-02-22T18:00:00Z,2026-02-23T00:00:00+06:00,2026-02-23T06:00:00+06:00,2026-02-23T00:00:00Z,T2,6,2026-02-22T06:00:00Z,18,6,dayahead,,0.03225,,False,mos-logistic-v0,start
2026-02-22T18:00:00Z,2026-02-23T00:00:00+06:00,2026-02-23T07:00:00+06:00,2026-02-23T01:00:00Z,T2,7,2026-02-22T06:00:00Z,19,6,dayahead,,0.102045,,False,mos-logistic-v0,start
2026-02-22T18:00:00Z,2026-02-23T00:00:00+06:00,2026-02-23T08:00:00+06:00,2026-02-23T02:00:00Z,T2,8,2026-02-22T06:00:00Z,20,6,dayahead,,0.21242,,False,mos-logistic-v0,start
2026-02-22T18:00:00Z,2026-02-23T00:00:00+06:00,2026-02-23T09:00:00+06:00,2026-02-23T03:00:00Z,T2,9,2026-02-22T06:00:00Z,21,6,dayahead,,0.227973,,False,mos-logistic-v0,start
2026-02-22T18:00:00Z,2026-02-23T00:00:00+06:00,2026-02-23T10:00:00+06:00,2026-02-23T04:00:00Z,T2,10,2026-02-22T06:00:00Z,22,6,dayahead,,0.218308,,False,mos-logistic-v0,start
2026-02-22T18:00:00Z,2026-02-23T00:00:00+06:00,2026-02-23T11:00:00+06:00,2026-02-23T05:00:00Z,T2,11,2026-02-22T06:00:00Z,23,6,dayahead,,0.184725,,False,mos-logistic-v0,start
2026-02-22T18:00:00Z,2026-02-23T00:00:00+06:00,2026-02-23T12:00:00+06:00,2026-02-23T06:00:00Z,T2,12,2026-02-22T06:00:00Z,24,6,dayahead,,0.205507,,False,mos-logistic-v0,start
2026-02-22T18:00:00Z,2026-02-23T00:00:00+06:00,2026-02-23T13:00:00+06:00,2026-02-23T07:00:00Z,T2,13,2026-02-22T06:00:00Z,25,6,dayahead,,0.17851,,False,mos-logistic-v0,start
2026-02-22T18:00:00Z,2026-02-23T00:00:00+06:00,2026-02-23T14:00:00+06:00,2026-02-23T08:00:00Z,T2,14,2026-02-22T06:00:00Z,26,6,dayahead,,0.265484,,False,mos-logistic-v0,start
2026-02-22T18:00:00Z,2026-02-23T00:00:00+06:00,2026-02-23T15:00:00+06:00,2026-02-23T09:00:00Z,T2,15,2026-02-22T06:00:00Z,27,6,dayahead,,0.48432,,False,mos-logistic-v0,start
2026-02-22T18:00:00Z,2026-02-23T00:00:00+06:00,2026-02-23T16:00:00+06:00,2026-02-23T10:00:00Z,T2,16,2026-02-22T06:00:00Z,28,6,dayahead,,0.510451,,False,mos-logistic-v0,start
2026-02-22T18:00:00Z,2026-02-23T00:00:00+06:00,2026-02-23T17:00:00+06:00,2026-02-23T11:00:00Z,T2,17,2026-02-22T06:00:00Z,29,6,dayahead,,0.796757,,False,mos-logistic-v0,start
2026-02-22T18:00:00Z,2026-02-23T00:00:00+06:00,2026-02-23T18:00:00+06:00,2026-02-23T12:00:00Z,T2,18,2026-02-22T06:00:00Z,30,6,dayahead,,0.893395,,False,mos-logistic-v0,start
2026-02-22T18:00:00Z,2026-02-23T00:00:00+06:00,2026-02-23T19:00:00+06:00,2026-02-23T13:00:00Z,T2,19,2026-02-22T06:00:00Z,31,6,dayahead,,0.953693,,False,mos-logistic-v0,start
2026-02-22T18:00:00Z,2026-02-23T00:00:00+06:00,2026-02-23T20:00:00+06:00,2026-02-23T14:00:00Z,T2,20,2026-02-22T06:00:00Z,32,6,dayahead,,0.953073,,False,mos-logistic-v0,start
2026-02-22T18:00:00Z,2026-02-23T00:00:00+06:00,2026-02-23T21:00:00+06:00,2026-02-23T15:00:00Z,T2,21,2026-02-22T06:00:00Z,33,6,dayahead,,0.953073,,False,mos-logistic-v0,start
2026-02-22T18:00:00Z,2026-02-23T00:00:00+06:00,2026-02-23T22:00:00+06:00,2026-02-23T16:00:00Z,T2,22,2026-02-22T06:00:00Z,34,6,dayahead,,0.943901,,False,mos-logistic-v0,start
2026-02-22T18:00:00Z,2026-02-23T00:00:00+06:00,2026-02-23T23:00:00+06:00,2026-02-23T17:00:00Z,T2,23,2026-02-22T06:00:00Z,35,6,dayahead,,0.962605,,False,mos-logistic-v0,start
2026-02-22T18:00:00Z,2026-02-23T00:00:00+06:00,2026-02-24T00:00:00+06:00,2026-02-23T18:00:00Z,T2,24,2026-02-22T06:00:00Z,36,6,dayahead,,0.936876,,False,mos-logistic-v0,start
2026-02-22T18:00:00Z,2026-02-23T00:00:00+06:00,2026-02-24T01:00:00+06:00,2026-02-23T19:00:00Z,T2,25,2026-02-22T06:00:00Z,37,6,dayahead,,0.905962,,False,mos-logistic-v0,start
2026-02-22T18:00:00Z,2026-02-23T00:00:00+06:00,2026-02-24T02:00:00+06:00,2026-02-23T20:00:00Z,T2,26,2026-02-22T06:00:00Z,38,6,dayahead,,0.880842,,False,mos-logistic-v0,start
2026-02-22T18:00:00Z,2026-02-23T00:00:00+06:00,2026-02-24T03:00:00+06:00,2026-02-23T21:00:00Z,T2,27,2026-02-22T06:00:00Z,39,6,dayahead,,0.785236,,False,mos-logistic-v0,start
2026-02-22T18:00:00Z,2026-02-23T00:00:00+06:00,2026-02-24T04:00:00+06:00,2026-02-23T22:00:00Z,T2,28,2026-02-22T06:00:00Z,40,6,dayahead,,0.788741,,False,mos-logistic-v0,start
2026-02-22T18:00:00Z,2026-02-23T00:00:00+06:00,2026-02-24T05:00:00+06:00,2026-02-23T23:00:00Z,T2,29,2026-02-22T06:00:00Z,41,6,dayahead,,0.826541,,False,mos-logistic-v0,start
2026-02-22T18:00:00Z,2026-02-23T00:00:00+06:00,2026-02-24T06:00:00+06:00,2026-02-24T00:00:00Z,T2,30,2026-02-22T06:00:00Z,42,6,dayahead,,0.834391,,False,mos-logistic-v0,start
2026-02-22T18:00:00Z,2026-02-23T00:00:00+06:00,2026-02-24T07:00:00+06:00,2026-02-24T01:00:00Z,T2,31,2026-02-22T06:00:00Z,43,6,dayahead,,0.848338,,False,mos-logistic-v0,start
2026-02-22T18:00:00Z,2026-02-23T00:00:00+06:00,2026-02-24T08:00:00+06:00,2026-02-24T02:00:00Z,T2,32,2026-02-22T06:00:00Z,44,6,dayahead,,0.786409,,False,mos-logistic-v0,start
2026-02-22T18:00:00Z,2026-02-23T00:00:00+06:00,2026-02-24T09:00:00+06:00,2026-02-24T03:00:00Z,T2,33,2026-02-22T06:00:00Z,45,6,dayahead,,0.679782,,False,mos-logistic-v0,start
2026-02-22T18:00:00Z,2026-02-23T00:00:00+06:00,2026-02-24T10:00:00+06:00,2026-02-24T04:00:00Z,T2,34,2026-02-22T06:00:00Z,46,6,dayahead,,0.684316,,False,mos-logistic-v0,start
2026-02-22T18:00:00Z,2026-02-23T00:00:00+06:00,2026-02-24T11:00:00+06:00,2026-02-24T05:00:00Z,T2,35,2026-02-22T06:00:00Z,47,6,dayahead,,0.647118,,False,mos-logistic-v0,start
2026-02-22T18:00:00Z,2026-02-23T00:00:00+06:00,2026-02-24T12:00:00+06:00,2026-02-24T06:00:00Z,T2,36,2026-02-22T06:00:00Z,48,6,dayahead,,0.603053,,False,mos-logistic-v0,start
2026-02-22T18:00:00Z,2026-02-23T00:00:00+06:00,2026-02-24T13:00:00+06:00,2026-02-24T07:00:00Z,T2,37,2026-02-22T06:00:00Z,49,6,dayahead,,0.539991,,False,mos-logistic-v0,start
2026-02-22T18:00:00Z,2026-02-23T00:00:00+06:00,2026-02-24T14:00:00+06:00,2026-02-24T08:00:00Z,T2,38,2026-02-22T06:00:00Z,50,6,dayahead,,0.446188,,False,mos-logistic-v0,start
2026-02-22T18:00:00Z,2026-02-23T00:00:00+06:00,2026-02-24T15:00:00+06:00,2026-02-24T09:00:00Z,T2,39,2026-02-22T06:00:00Z,51,6,dayahead,,0.357667,,False,mos-logistic-v0,start
2026-02-22T18:00:00Z,2026-02-23T00:00:00+06:00,2026-02-24T16:00:00+06:00,2026-02-24T10:00:00Z,T2,40,2026-02-22T06:00:00Z,52,6,dayahead,,0.248194,,False,mos-logistic-v0,start
2026-02-22T18:00:00Z,2026-02-23T00:00:00+06:00,2026-02-24T17:00:00+06:00,2026-02-24T11:00:00Z,T2,41,2026-02-22T06:00:00Z,53,6,dayahead,,0.195454,,False,mos-logistic-v0,start
2026-02-22T18:00:00Z,2026-02-23T00:00:00+06:00,2026-02-24T18:00:00+06:00,2026-02-24T12:00:00Z,T2,42,2026-02-22T06:00:00Z,54,6,dayahead,,0.122862,,False,mos-logistic-v0,start
2026-02-22T18:00:00Z,2026-02-23T00:00:00+06:00,2026-02-24T19:00:00+06:00,2026-02-24T13:00:00Z,T2,43,2026-02-22T06:00:00Z,55,6,dayahead,,0.078675,,False,mos-logistic-v0,start
2026-02-22T18:00:00Z,2026-02-23T00:00:00+06:00,2026-02-24T20:00:00+06:00,2026-02-24T14:00:00Z,T2,44,2026-02-22T06:00:00Z,56,6,dayahead,,0.040797,,False,mos-logistic-v0,start
2026-02-22T18:00:00Z,2026-02-23T00:00:00+06:00,2026-02-24T21:00:00+06:00,2026-02-24T15:00:00Z,T2,45,2026-02-22T06:00:00Z,57,6,dayahead,,0.022513,,False,mos-logistic-v0,start
2026-02-22T18:00:00Z,2026-02-23T00:00:00+06:00,2026-02-24T22:00:00+06:00,2026-02-24T16:00:00Z,T2,46,2026-02-22T06:00:00Z,58,6,dayahead,,0.056468,,False,mos-logistic-v0,start
2026-02-22T18:00:00Z,2026-02-23T00:00:00+06:00,2026-02-24T23:00:00+06:00,2026-02-24T17:00:00Z,T2,47,2026-02-22T06:00:00Z,59,6,dayahead,,0.078675,,False,mos-logistic-v0,start
2026-02-23T18:00:00Z,2026-02-24T00:00:00+06:00,2026-02-24T00:00:00+06:00,2026-02-23T18:00:00Z,T1,0,2026-02-23T06:00:00Z,12,6,dayahead,,0.917713,,False,mos-logistic-v0,start
2026-02-23T18:00:00Z,2026-02-24T00:00:00+06:00,2026-02-24T01:00:00+06:00,2026-02-23T19:00:00Z,T1,1,2026-02-23T06:00:00Z,13,6,dayahead,,0.894057,,False,mos-logistic-v0,start
2026-02-23T18:00:00Z,2026-02-24T00:00:00+06:00,2026-02-24T02:00:00+06:00,2026-02-23T20:00:00Z,T1,2,2026-02-23T06:00:00Z,14,6,dayahead,,0.82554,,False,mos-logistic-v0,start
2026-02-23T18:00:00Z,2026-02-24T00:00:00+06:00,2026-02-24T03:00:00+06:00,2026-02-23T21:00:00Z,T1,3,2026-02-23T06:00:00Z,15,6,dayahead,,0.763322,,False,mos-logistic-v0,start
2026-02-23T18:00:00Z,2026-02-24T00:00:00+06:00,2026-02-24T04:00:00+06:00,2026-02-23T22:00:00Z,T1,4,2026-02-23T06:00:00Z,16,6,dayahead,,0.702101,,False,mos-logistic-v0,start
2026-02-23T18:00:00Z,2026-02-24T00:00:00+06:00,2026-02-24T05:00:00+06:00,2026-02-23T23:00:00Z,T1,5,2026-02-23T06:00:00Z,17,6,dayahead,,0.739913,,False,mos-logistic-v0,start
2026-02-23T18:00:00Z,2026-02-24T00:00:00+06:00,2026-02-24T06:00:00+06:00,2026-02-24T00:00:00Z,T1,6,2026-02-23T06:00:00Z,18,6,dayahead,,0.727661,,False,mos-logistic-v0,start
2026-02-23T18:00:00Z,2026-02-24T00:00:00+06:00,2026-02-24T07:00:00+06:00,2026-02-24T01:00:00Z,T1,7,2026-02-23T06:00:00Z,19,6,dayahead,,0.702101,,False,mos-logistic-v0,start
2026-02-23T18:00:00Z,2026-02-24T00:00:00+06:00,2026-02-24T08:00:00+06:00,2026-02-24T02:00:00Z,T1,8,2026-02-23T06:00:00Z,20,6,dayahead,,0.643928,,False,mos-logistic-v0,start
2026-02-23T18:00:00Z,2026-02-24T00:00:00+06:00,2026-02-24T09:00:00+06:00,2026-02-24T03:00:00Z,T1,9,2026-02-23T06:00:00Z,21,6,dayahead,,0.50174,,False,mos-logistic-v0,start
2026-02-23T18:00:00Z,2026-02-24T00:00:00+06:00,2026-02-24T10:00:00+06:00,2026-02-24T04:00:00Z,T1,10,2026-02-23T06:00:00Z,22,6,dayahead,,0.444466,,False,mos-logistic-v0,start
2026-02-23T18:00:00Z,2026-02-24T00:00:00+06:00,2026-02-24T11:00:00+06:00,2026-02-24T05:00:00Z,T1,11,2026-02-23T06:00:00Z,23,6,dayahead,,0.367331,,False,mos-logistic-v0,start
2026-02-23T18:00:00Z,2026-02-24T00:00:00+06:00,2026-02-24T12:00:00+06:00,2026-02-24T06:00:00Z,T1,12,2026-02-23T06:00:00Z,24,6,dayahead,,0.382028,,False,mos-logistic-v0,start
2026-02-23T18:00:00Z,2026-02-24T00:00:00+06:00,2026-02-24T13:00:00+06:00,2026-02-24T07:00:00Z,T1,13,2026-02-23T06:00:00Z,25,6,dayahead,,0.432454,,False,mos-logistic-v0,start
2026-02-23T18:00:00Z,2026-02-24T00:00:00+06:00,2026-02-24T14:00:00+06:00,2026-02-24T08:00:00Z,T1,14,2026-02-23T06:00:00Z,26,6,dayahead,,0.432454,,False,mos-logistic-v0,start
2026-02-23T18:00:00Z,2026-02-24T00:00:00+06:00,2026-02-24T15:00:00+06:00,2026-02-24T09:00:00Z,T1,15,2026-02-23T06:00:00Z,27,6,dayahead,,0.410365,,False,mos-logistic-v0,start
2026-02-23T18:00:00Z,2026-02-24T00:00:00+06:00,2026-02-24T16:00:00+06:00,2026-02-24T10:00:00Z,T1,16,2026-02-23T06:00:00Z,28,6,dayahead,,0.368953,,False,mos-logistic-v0,start
2026-02-23T18:00:00Z,2026-02-24T00:00:00+06:00,2026-02-24T17:00:00+06:00,2026-02-24T11:00:00Z,T1,17,2026-02-23T06:00:00Z,29,6,dayahead,,0.260083,,False,mos-logistic-v0,start
2026-02-23T18:00:00Z,2026-02-24T00:00:00+06:00,2026-02-24T18:00:00+06:00,2026-02-24T12:00:00Z,T1,18,2026-02-23T06:00:00Z,30,6,dayahead,,0.183678,,False,mos-logistic-v0,start
2026-02-23T18:00:00Z,2026-02-24T00:00:00+06:00,2026-02-24T19:00:00+06:00,2026-02-24T13:00:00Z,T1,19,2026-02-23T06:00:00Z,31,6,dayahead,,0.168516,,False,mos-logistic-v0,start
2026-02-23T18:00:00Z,2026-02-24T00:00:00+06:00,2026-02-24T20:00:00+06:00,2026-02-24T14:00:00Z,T1,20,2026-02-23T06:00:00Z,32,6,dayahead,,0.159908,,False,mos-logistic-v0,start
2026-02-23T18:00:00Z,2026-02-24T00:00:00+06:00,2026-02-24T21:00:00+06:00,2026-02-24T15:00:00Z,T1,21,2026-02-23T06:00:00Z,33,6,dayahead,,0.142908,,False,mos-logistic-v0,start
2026-02-23T18:00:00Z,2026-02-24T00:00:00+06:00,2026-02-24T22:00:00+06:00,2026-02-24T16:00:00Z,T1,22,2026-02-23T06:00:00Z,34,6,dayahead,,0.060694,,False,mos-logistic-v0,start
2026-02-23T18:00:00Z,2026-02-24T00:00:00+06:00,2026-02-24T23:00:00+06:00,2026-02-24T17:00:00Z,T1,23,2026-02-23T06:00:00Z,35,6,dayahead,,0.027605,,False,mos-logistic-v0,start
2026-02-23T18:00:00Z,2026-02-24T00:00:00+06:00,2026-02-25T00:00:00+06:00,2026-02-24T18:00:00Z,T1,24,2026-02-23T06:00:00Z,36,6,dayahead,,0.068699,,False,mos-logistic-v0,start
2026-02-23T18:00:00Z,2026-02-24T00:00:00+06:00,2026-02-25T01:00:00+06:00,2026-02-24T19:00:00Z,T1,25,2026-02-23T06:00:00Z,37,6,dayahead,,0.05183,,False,mos-logistic-v0,start
2026-02-23T18:00:00Z,2026-02-24T00:00:00+06:00,2026-02-25T02:00:00+06:00,2026-02-24T20:00:00Z,T1,26,2026-02-23T06:00:00Z,38,6,dayahead,,0.104628,,False,mos-logistic-v0,start
2026-02-23T18:00:00Z,2026-02-24T00:00:00+06:00,2026-02-25T03:00:00+06:00,2026-02-24T21:00:00Z,T1,27,2026-02-23T06:00:00Z,39,6,dayahead,,0.172459,,False,mos-logistic-v0,start
2026-02-23T18:00:00Z,2026-02-24T00:00:00+06:00,2026-02-25T04:00:00+06:00,2026-02-24T22:00:00Z,T1,28,2026-02-23T06:00:00Z,40,6,dayahead,,0.241748,,False,mos-logistic-v0,start
2026-02-23T18:00:00Z,2026-02-24T00:00:00+06:00,2026-02-25T05:00:00+06:00,2026-02-24T23:00:00Z,T1,29,2026-02-23T06:00:00Z,41,6,dayahead,,0.31118,,False,mos-logistic-v0,start
2026-02-23T18:00:00Z,2026-02-24T00:00:00+06:00,2026-02-25T06:00:00+06:00,2026-02-25T00:00:00Z,T1,30,2026-02-23T06:00:00Z,42,6,dayahead,,0.408679,,False,mos-logistic-v0,start
2026-02-23T18:00:00Z,2026-02-24T00:00:00+06:00,2026-02-25T07:00:00+06:00,2026-02-25T01:00:00Z,T1,31,2026-02-23T06:00:00Z,43,6,dayahead,,0.360876,,False,mos-logistic-v0,start
2026-02-23T18:00:00Z,2026-02-24T00:00:00+06:00,2026-02-25T08:00:00+06:00,2026-02-25T02:00:00Z,T1,32,2026-02-23T06:00:00Z,44,6,dayahead,,0.435879,,False,mos-logistic-v0,start
2026-02-23T18:00:00Z,2026-02-24T00:00:00+06:00,2026-02-25T09:00:00+06:00,2026-02-25T03:00:00Z,T1,33,2026-02-23T06:00:00Z,45,6,dayahead,,0.475621,,False,mos-logistic-v0,start
2026-02-23T18:00:00Z,2026-02-24T00:00:00+06:00,2026-02-25T10:00:00+06:00,2026-02-25T04:00:00Z,T1,34,2026-02-23T06:00:00Z,46,6,dayahead,,0.482579,,False,mos-logistic-v0,start
2026-02-23T18:00:00Z,2026-02-24T00:00:00+06:00,2026-02-25T11:00:00+06:00,2026-02-25T05:00:00Z,T1,35,2026-02-23T06:00:00Z,47,6,dayahead,,0.54518,,False,mos-logistic-v0,start
2026-02-23T18:00:00Z,2026-02-24T00:00:00+06:00,2026-02-25T12:00:00+06:00,2026-02-25T06:00:00Z,T1,36,2026-02-23T06:00:00Z,48,6,dayahead,,0.546908,,False,mos-logistic-v0,start
2026-02-23T18:00:00Z,2026-02-24T00:00:00+06:00,2026-02-25T13:00:00+06:00,2026-02-25T07:00:00Z,T1,37,2026-02-23T06:00:00Z,49,6,dayahead,,0.562402,,False,mos-logistic-v0,start
2026-02-23T18:00:00Z,2026-02-24T00:00:00+06:00,2026-02-25T14:00:00+06:00,2026-02-25T08:00:00Z,T1,38,2026-02-23T06:00:00Z,50,6,dayahead,,0.482579,,False,mos-logistic-v0,start
2026-02-23T18:00:00Z,2026-02-24T00:00:00+06:00,2026-02-25T15:00:00+06:00,2026-02-25T09:00:00Z,T1,39,2026-02-23T06:00:00Z,51,6,dayahead,,0.395276,,False,mos-logistic-v0,start
2026-02-23T18:00:00Z,2026-02-24T00:00:00+06:00,2026-02-25T16:00:00+06:00,2026-02-25T10:00:00Z,T1,40,2026-02-23T06:00:00Z,52,6,dayahead,,0.299355,,False,mos-logistic-v0,start
2026-02-23T18:00:00Z,2026-02-24T00:00:00+06:00,2026-02-25T17:00:00+06:00,2026-02-25T11:00:00Z,T1,41,2026-02-23T06:00:00Z,53,6,dayahead,,0.314176,,False,mos-logistic-v0,start
2026-02-23T18:00:00Z,2026-02-24T00:00:00+06:00,2026-02-25T18:00:00+06:00,2026-02-25T12:00:00Z,T1,42,2026-02-23T06:00:00Z,54,6,dayahead,,0.3082,,False,mos-logistic-v0,start
2026-02-23T18:00:00Z,2026-02-24T00:00:00+06:00,2026-02-25T19:00:00+06:00,2026-02-25T13:00:00Z,T1,43,2026-02-23T06:00:00Z,55,6,dayahead,,0.250804,,False,mos-logistic-v0,start
2026-02-23T18:00:00Z,2026-02-24T00:00:00+06:00,2026-02-25T20:00:00+06:00,2026-02-25T14:00:00Z,T1,44,2026-02-23T06:00:00Z,56,6,dayahead,,0.337129,,False,mos-logistic-v0,start
2026-02-23T18:00:00Z,2026-02-24T00:00:00+06:00,2026-02-25T21:00:00+06:00,2026-02-25T15:00:00Z,T1,45,2026-02-23T06:00:00Z,57,6,dayahead,,0.398613,,False,mos-logistic-v0,start
2026-02-23T18:00:00Z,2026-02-24T00:00:00+06:00,2026-02-25T22:00:00+06:00,2026-02-25T16:00:00Z,T1,46,2026-02-23T06:00:00Z,58,6,dayahead,,0.406996,,False,mos-logistic-v0,start
2026-02-23T18:00:00Z,2026-02-24T00:00:00+06:00,2026-02-25T23:00:00+06:00,2026-02-25T17:00:00Z,T1,47,2026-02-23T06:00:00Z,59,6,dayahead,,0.48432,,False,mos-logistic-v0,start
2026-02-23T18:00:00Z,2026-02-24T00:00:00+06:00,2026-02-24T00:00:00+06:00,2026-02-23T18:00:00Z,T2,0,2026-02-23T06:00:00Z,12,6,dayahead,,0.917713,,False,mos-logistic-v0,start
2026-02-23T18:00:00Z,2026-02-24T00:00:00+06:00,2026-02-24T01:00:00+06:00,2026-02-23T19:00:00Z,T2,1,2026-02-23T06:00:00Z,13,6,dayahead,,0.894057,,False,mos-logistic-v0,start
2026-02-23T18:00:00Z,2026-02-24T00:00:00+06:00,2026-02-24T02:00:00+06:00,2026-02-23T20:00:00Z,T2,2,2026-02-23T06:00:00Z,14,6,dayahead,,0.82554,,False,mos-logistic-v0,start
2026-02-23T18:00:00Z,2026-02-24T00:00:00+06:00,2026-02-24T03:00:00+06:00,2026-02-23T21:00:00Z,T2,3,2026-02-23T06:00:00Z,15,6,dayahead,,0.763322,,False,mos-logistic-v0,start
2026-02-23T18:00:00Z,2026-02-24T00:00:00+06:00,2026-02-24T04:00:00+06:00,2026-02-23T22:00:00Z,T2,4,2026-02-23T06:00:00Z,16,6,dayahead,,0.702101,,False,mos-logistic-v0,start
2026-02-23T18:00:00Z,2026-02-24T00:00:00+06:00,2026-02-24T05:00:00+06:00,2026-02-23T23:00:00Z,T2,5,2026-02-23T06:00:00Z,17,6,dayahead,,0.739913,,False,mos-logistic-v0,start
2026-02-23T18:00:00Z,2026-02-24T00:00:00+06:00,2026-02-24T06:00:00+06:00,2026-02-24T00:00:00Z,T2,6,2026-02-23T06:00:00Z,18,6,dayahead,,0.727661,,False,mos-logistic-v0,start
2026-02-23T18:00:00Z,2026-02-24T00:00:00+06:00,2026-02-24T07:00:00+06:00,2026-02-24T01:00:00Z,T2,7,2026-02-23T06:00:00Z,19,6,dayahead,,0.702101,,False,mos-logistic-v0,start
2026-02-23T18:00:00Z,2026-02-24T00:00:00+06:00,2026-02-24T08:00:00+06:00,2026-02-24T02:00:00Z,T2,8,2026-02-23T06:00:00Z,20,6,dayahead,,0.643928,,False,mos-logistic-v0,start
2026-02-23T18:00:00Z,2026-02-24T00:00:00+06:00,2026-02-24T09:00:00+06:00,2026-02-24T03:00:00Z,T2,9,2026-02-23T06:00:00Z,21,6,dayahead,,0.50174,,False,mos-logistic-v0,start
2026-02-23T18:00:00Z,2026-02-24T00:00:00+06:00,2026-02-24T10:00:00+06:00,2026-02-24T04:00:00Z,T2,10,2026-02-23T06:00:00Z,22,6,dayahead,,0.444466,,False,mos-logistic-v0,start
2026-02-23T18:00:00Z,2026-02-24T00:00:00+06:00,2026-02-24T11:00:00+06:00,2026-02-24T05:00:00Z,T2,11,2026-02-23T06:00:00Z,23,6,dayahead,,0.367331,,False,mos-logistic-v0,start
2026-02-23T18:00:00Z,2026-02-24T00:00:00+06:00,2026-02-24T12:00:00+06:00,2026-02-24T06:00:00Z,T2,12,2026-02-23T06:00:00Z,24,6,dayahead,,0.382028,,False,mos-logistic-v0,start
2026-02-23T18:00:00Z,2026-02-24T00:00:00+06:00,2026-02-24T13:00:00+06:00,2026-02-24T07:00:00Z,T2,13,2026-02-23T06:00:00Z,25,6,dayahead,,0.432454,,False,mos-logistic-v0,start
2026-02-23T18:00:00Z,2026-02-24T00:00:00+06:00,2026-02-24T14:00:00+06:00,2026-02-24T08:00:00Z,T2,14,2026-02-23T06:00:00Z,26,6,dayahead,,0.432454,,False,mos-logistic-v0,start
2026-02-23T18:00:00Z,2026-02-24T00:00:00+06:00,2026-02-24T15:00:00+06:00,2026-02-24T09:00:00Z,T2,15,2026-02-23T06:00:00Z,27,6,dayahead,,0.410365,,False,mos-logistic-v0,start
2026-02-23T18:00:00Z,2026-02-24T00:00:00+06:00,2026-02-24T16:00:00+06:00,2026-02-24T10:00:00Z,T2,16,2026-02-23T06:00:00Z,28,6,dayahead,,0.368953,,False,mos-logistic-v0,start
2026-02-23T18:00:00Z,2026-02-24T00:00:00+06:00,2026-02-24T17:00:00+06:00,2026-02-24T11:00:00Z,T2,17,2026-02-23T06:00:00Z,29,6,dayahead,,0.260083,,False,mos-logistic-v0,start
2026-02-23T18:00:00Z,2026-02-24T00:00:00+06:00,2026-02-24T18:00:00+06:00,2026-02-24T12:00:00Z,T2,18,2026-02-23T06:00:00Z,30,6,dayahead,,0.183678,,False,mos-logistic-v0,start
2026-02-23T18:00:00Z,2026-02-24T00:00:00+06:00,2026-02-24T19:00:00+06:00,2026-02-24T13:00:00Z,T2,19,2026-02-23T06:00:00Z,31,6,dayahead,,0.168516,,False,mos-logistic-v0,start
2026-02-23T18:00:00Z,2026-02-24T00:00:00+06:00,2026-02-24T20:00:00+06:00,2026-02-24T14:00:00Z,T2,20,2026-02-23T06:00:00Z,32,6,dayahead,,0.159908,,False,mos-logistic-v0,start
2026-02-23T18:00:00Z,2026-02-24T00:00:00+06:00,2026-02-24T21:00:00+06:00,2026-02-24T15:00:00Z,T2,21,2026-02-23T06:00:00Z,33,6,dayahead,,0.142908,,False,mos-logistic-v0,start
2026-02-23T18:00:00Z,2026-02-24T00:00:00+06:00,2026-02-24T22:00:00+06:00,2026-02-24T16:00:00Z,T2,22,2026-02-23T06:00:00Z,34,6,dayahead,,0.060694,,False,mos-logistic-v0,start
2026-02-23T18:00:00Z,2026-02-24T00:00:00+06:00,2026-02-24T23:00:00+06:00,2026-02-24T17:00:00Z,T2,23,2026-02-23T06:00:00Z,35,6,dayahead,,0.027605,,False,mos-logistic-v0,start
2026-02-23T18:00:00Z,2026-02-24T00:00:00+06:00,2026-02-25T00:00:00+06:00,2026-02-24T18:00:00Z,T2,24,2026-02-23T06:00:00Z,36,6,dayahead,,0.068699,,False,mos-logistic-v0,start
2026-02-23T18:00:00Z,2026-02-24T00:00:00+06:00,2026-02-25T01:00:00+06:00,2026-02-24T19:00:00Z,T2,25,2026-02-23T06:00:00Z,37,6,dayahead,,0.05183,,False,mos-logistic-v0,start
2026-02-23T18:00:00Z,2026-02-24T00:00:00+06:00,2026-02-25T02:00:00+06:00,2026-02-24T20:00:00Z,T2,26,2026-02-23T06:00:00Z,38,6,dayahead,,0.104628,,False,mos-logistic-v0,start
2026-02-23T18:00:00Z,2026-02-24T00:00:00+06:00,2026-02-25T03:00:00+06:00,2026-02-24T21:00:00Z,T2,27,2026-02-23T06:00:00Z,39,6,dayahead,,0.172459,,False,mos-logistic-v0,start
2026-02-23T18:00:00Z,2026-02-24T00:00:00+06:00,2026-02-25T04:00:00+06:00,2026-02-24T22:00:00Z,T2,28,2026-02-23T06:00:00Z,40,6,dayahead,,0.241748,,False,mos-logistic-v0,start
2026-02-23T18:00:00Z,2026-02-24T00:00:00+06:00,2026-02-25T05:00:00+06:00,2026-02-24T23:00:00Z,T2,29,2026-02-23T06:00:00Z,41,6,dayahead,,0.31118,,False,mos-logistic-v0,start
2026-02-23T18:00:00Z,2026-02-24T00:00:00+06:00,2026-02-25T06:00:00+06:00,2026-02-25T00:00:00Z,T2,30,2026-02-23T06:00:00Z,42,6,dayahead,,0.408679,,False,mos-logistic-v0,start
2026-02-23T18:00:00Z,2026-02-24T00:00:00+06:00,2026-02-25T07:00:00+06:00,2026-02-25T01:00:00Z,T2,31,2026-02-23T06:00:00Z,43,6,dayahead,,0.360876,,False,mos-logistic-v0,start
2026-02-23T18:00:00Z,2026-02-24T00:00:00+06:00,2026-02-25T08:00:00+06:00,2026-02-25T02:00:00Z,T2,32,2026-02-23T06:00:00Z,44,6,dayahead,,0.435879,,False,mos-logistic-v0,start
2026-02-23T18:00:00Z,2026-02-24T00:00:00+06:00,2026-02-25T09:00:00+06:00,2026-02-25T03:00:00Z,T2,33,2026-02-23T06:00:00Z,45,6,dayahead,,0.475621,,False,mos-logistic-v0,start
2026-02-23T18:00:00Z,2026-02-24T00:00:00+06:00,2026-02-25T10:00:00+06:00,2026-02-25T04:00:00Z,T2,34,2026-02-23T06:00:00Z,46,6,dayahead,,0.482579,,False,mos-logistic-v0,start
2026-02-23T18:00:00Z,2026-02-24T00:00:00+06:00,2026-02-25T11:00:00+06:00,2026-02-25T05:00:00Z,T2,35,2026-02-23T06:00:00Z,47,6,dayahead,,0.54518,,False,mos-logistic-v0,start
2026-02-23T18:00:00Z,2026-02-24T00:00:00+06:00,2026-02-25T12:00:00+06:00,2026-02-25T06:00:00Z,T2,36,2026-02-23T06:00:00Z,48,6,dayahead,,0.546908,,False,mos-logistic-v0,start
2026-02-23T18:00:00Z,2026-02-24T00:00:00+06:00,2026-02-25T13:00:00+06:00,2026-02-25T07:00:00Z,T2,37,2026-02-23T06:00:00Z,49,6,dayahead,,0.562402,,False,mos-logistic-v0,start
2026-02-23T18:00:00Z,2026-02-24T00:00:00+06:00,2026-02-25T14:00:00+06:00,2026-02-25T08:00:00Z,T2,38,2026-02-23T06:00:00Z,50,6,dayahead,,0.482579,,False,mos-logistic-v0,start
2026-02-23T18:00:00Z,2026-02-24T00:00:00+06:00,2026-02-25T15:00:00+06:00,2026-02-25T09:00:00Z,T2,39,2026-02-23T06:00:00Z,51,6,dayahead,,0.395276,,False,mos-logistic-v0,start
2026-02-23T18:00:00Z,2026-02-24T00:00:00+06:00,2026-02-25T16:00:00+06:00,2026-02-25T10:00:00Z,T2,40,2026-02-23T06:00:00Z,52,6,dayahead,,0.299355,,False,mos-logistic-v0,start
2026-02-23T18:00:00Z,2026-02-24T00:00:00+06:00,2026-02-25T17:00:00+06:00,2026-02-25T11:00:00Z,T2,41,2026-02-23T06:00:00Z,53,6,dayahead,,0.314176,,False,mos-logistic-v0,start
2026-02-23T18:00:00Z,2026-02-24T00:00:00+06:00,2026-02-25T18:00:00+06:00,2026-02-25T12:00:00Z,T2,42,2026-02-23T06:00:00Z,54,6,dayahead,,0.3082,,False,mos-logistic-v0,start
2026-02-23T18:00:00Z,2026-02-24T00:00:00+06:00,2026-02-25T19:00:00+06:00,2026-02-25T13:00:00Z,T2,43,2026-02-23T06:00:00Z,55,6,dayahead,,0.250804,,False,mos-logistic-v0,start
2026-02-23T18:00:00Z,2026-02-24T00:00:00+06:00,2026-02-25T20:00:00+06:00,2026-02-25T14:00:00Z,T2,44,2026-02-23T06:00:00Z,56,6,dayahead,,0.337129,,False,mos-logistic-v0,start
2026-02-23T18:00:00Z,2026-02-24T00:00:00+06:00,2026-02-25T21:00:00+06:00,2026-02-25T15:00:00Z,T2,45,2026-02-23T06:00:00Z,57,6,dayahead,,0.398613,,False,mos-logistic-v0,start
2026-02-23T18:00:00Z,2026-02-24T00:00:00+06:00,2026-02-25T22:00:00+06:00,2026-02-25T16:00:00Z,T2,46,2026-02-23T06:00:00Z,58,6,dayahead,,0.406996,,False,mos-logistic-v0,start
2026-02-23T18:00:00Z,2026-02-24T00:00:00+06:00,2026-02-25T23:00:00+06:00,2026-02-25T17:00:00Z,T2,47,2026-02-23T06:00:00Z,59,6,dayahead,,0.48432,,False,mos-logistic-v0,start
2026-02-24T18:00:00Z,2026-02-25T00:00:00+06:00,2026-02-25T00:00:00+06:00,2026-02-24T18:00:00Z,T1,0,2026-02-24T06:00:00Z,12,6,dayahead,,0.03867,,False,mos-logistic-v0,start
2026-02-24T18:00:00Z,2026-02-25T00:00:00+06:00,2026-02-25T01:00:00+06:00,2026-02-24T19:00:00Z,T1,1,2026-02-24T06:00:00Z,13,6,dayahead,,0.062712,,False,mos-logistic-v0,start
2026-02-24T18:00:00Z,2026-02-25T00:00:00+06:00,2026-02-25T02:00:00+06:00,2026-02-24T20:00:00Z,T1,2,2026-02-24T06:00:00Z,14,6,dayahead,,0.045392,,False,mos-logistic-v0,start
2026-02-24T18:00:00Z,2026-02-25T00:00:00+06:00,2026-02-25T03:00:00+06:00,2026-02-24T21:00:00Z,T1,3,2026-02-24T06:00:00Z,15,6,dayahead,,0.023293,,False,mos-logistic-v0,start
2026-02-24T18:00:00Z,2026-02-25T00:00:00+06:00,2026-02-25T04:00:00+06:00,2026-02-24T22:00:00Z,T1,4,2026-02-24T06:00:00Z,16,6,dayahead,,0.02562,,False,mos-logistic-v0,start
2026-02-24T18:00:00Z,2026-02-25T00:00:00+06:00,2026-02-25T05:00:00+06:00,2026-02-24T23:00:00Z,T1,5,2026-02-24T06:00:00Z,17,6,dayahead,,0.041623,,False,mos-logistic-v0,start
2026-02-24T18:00:00Z,2026-02-25T00:00:00+06:00,2026-02-25T06:00:00+06:00,2026-02-25T00:00:00Z,T1,6,2026-02-24T06:00:00Z,18,6,dayahead,,0.047553,,False,mos-logistic-v0,start
2026-02-24T18:00:00Z,2026-02-25T00:00:00+06:00,2026-02-25T07:00:00+06:00,2026-02-25T01:00:00Z,T1,7,2026-02-24T06:00:00Z,19,6,dayahead,,0.034266,,False,mos-logistic-v0,start
2026-02-24T18:00:00Z,2026-02-25T00:00:00+06:00,2026-02-25T08:00:00+06:00,2026-02-25T02:00:00Z,T1,8,2026-02-24T06:00:00Z,20,6,dayahead,,0.044791,,False,mos-logistic-v0,start
2026-02-24T18:00:00Z,2026-02-25T00:00:00+06:00,2026-02-25T09:00:00+06:00,2026-02-25T03:00:00Z,T1,9,2026-02-24T06:00:00Z,21,6,dayahead,,0.043324,,False,mos-logistic-v0,start
2026-02-24T18:00:00Z,2026-02-25T00:00:00+06:00,2026-02-25T10:00:00+06:00,2026-02-25T04:00:00Z,T1,10,2026-02-24T06:00:00Z,22,6,dayahead,,0.048189,,False,mos-logistic-v0,start
2026-02-24T18:00:00Z,2026-02-25T00:00:00+06:00,2026-02-25T11:00:00+06:00,2026-02-25T05:00:00Z,T1,11,2026-02-24T06:00:00Z,23,6,dayahead,,0.031818,,False,mos-logistic-v0,start
2026-02-24T18:00:00Z,2026-02-25T00:00:00+06:00,2026-02-25T12:00:00+06:00,2026-02-25T06:00:00Z,T1,12,2026-02-24T06:00:00Z,24,6,dayahead,,0.044494,,False,mos-logistic-v0,start
2026-02-24T18:00:00Z,2026-02-25T00:00:00+06:00,2026-02-25T13:00:00+06:00,2026-02-25T07:00:00Z,T1,13,2026-02-24T06:00:00Z,25,6,dayahead,,0.040255,,False,mos-logistic-v0,start
2026-02-24T18:00:00Z,2026-02-25T00:00:00+06:00,2026-02-25T14:00:00+06:00,2026-02-25T08:00:00Z,T1,14,2026-02-24T06:00:00Z,26,6,dayahead,,0.044791,,False,mos-logistic-v0,start
2026-02-24T18:00:00Z,2026-02-25T00:00:00+06:00,2026-02-25T15:00:00+06:00,2026-02-25T09:00:00Z,T1,15,2026-02-24T06:00:00Z,27,6,dayahead,,0.03893,,False,mos-logistic-v0,start
2026-02-24T18:00:00Z,2026-02-25T00:00:00+06:00,2026-02-25T16:00:00+06:00,2026-02-25T10:00:00Z,T1,16,2026-02-24T06:00:00Z,28,6,dayahead,,0.03118,,False,mos-logistic-v0,start
2026-02-24T18:00:00Z,2026-02-25T00:00:00+06:00,2026-02-25T17:00:00+06:00,2026-02-25T11:00:00Z,T1,17,2026-02-24T06:00:00Z,29,6,dayahead,,0.035201,,False,mos-logistic-v0,start
2026-02-24T18:00:00Z,2026-02-25T00:00:00+06:00,2026-02-25T18:00:00+06:00,2026-02-25T12:00:00Z,T1,18,2026-02-24T06:00:00Z,30,6,dayahead,,0.04107,,False,mos-logistic-v0,start
2026-02-24T18:00:00Z,2026-02-25T00:00:00+06:00,2026-02-25T19:00:00+06:00,2026-02-25T13:00:00Z,T1,19,2026-02-24T06:00:00Z,31,6,dayahead,,0.034731,,False,mos-logistic-v0,start
2026-02-24T18:00:00Z,2026-02-25T00:00:00+06:00,2026-02-25T20:00:00+06:00,2026-02-25T14:00:00Z,T1,20,2026-02-24T06:00:00Z,32,6,dayahead,,0.018218,,False,mos-logistic-v0,start
2026-02-24T18:00:00Z,2026-02-25T00:00:00+06:00,2026-02-25T21:00:00+06:00,2026-02-25T15:00:00Z,T1,21,2026-02-24T06:00:00Z,33,6,dayahead,,0.046615,,False,mos-logistic-v0,start
2026-02-24T18:00:00Z,2026-02-25T00:00:00+06:00,2026-02-25T22:00:00+06:00,2026-02-25T16:00:00Z,T1,22,2026-02-24T06:00:00Z,34,6,dayahead,,0.126668,,False,mos-logistic-v0,start
2026-02-24T18:00:00Z,2026-02-25T00:00:00+06:00,2026-02-25T23:00:00+06:00,2026-02-25T17:00:00Z,T1,23,2026-02-24T06:00:00Z,35,6,dayahead,,0.265484,,False,mos-logistic-v0,start
2026-02-24T18:00:00Z,2026-02-25T00:00:00+06:00,2026-02-26T00:00:00+06:00,2026-02-25T18:00:00Z,T1,24,2026-02-24T06:00:00Z,36,6,dayahead,,0.47736,,False,mos-logistic-v0,start
2026-02-24T18:00:00Z,2026-02-25T00:00:00+06:00,2026-02-26T01:00:00+06:00,2026-02-25T19:00:00Z,T1,25,2026-02-24T06:00:00Z,37,6,dayahead,,0.576074,,False,mos-logistic-v0,start
2026-02-24T18:00:00Z,2026-02-25T00:00:00+06:00,2026-02-26T02:00:00+06:00,2026-02-25T20:00:00Z,T1,26,2026-02-24T06:00:00Z,38,6,dayahead,,0.684316,,False,mos-logistic-v0,start
2026-02-24T18:00:00Z,2026-02-25T00:00:00+06:00,2026-02-26T03:00:00+06:00,2026-02-25T21:00:00Z,T1,27,2026-02-24T06:00:00Z,39,6,dayahead,,0.643928,,False,mos-logistic-v0,start
2026-02-24T18:00:00Z,2026-02-25T00:00:00+06:00,2026-02-26T04:00:00+06:00,2026-02-25T22:00:00Z,T1,28,2026-02-24T06:00:00Z,40,6,dayahead,,0.444466,,False,mos-logistic-v0,start
2026-02-24T18:00:00Z,2026-02-25T00:00:00+06:00,2026-02-26T05:00:00+06:00,2026-02-25T23:00:00Z,T1,29,2026-02-24T06:00:00Z,41,6,dayahead,,0.458274,,False,mos-logistic-v0,start
2026-02-24T18:00:00Z,2026-02-25T00:00:00+06:00,2026-02-26T06:00:00+06:00,2026-02-26T00:00:00Z,T1,30,2026-02-24T06:00:00Z,42,6,dayahead,,0.334021,,False,mos-logistic-v0,start
2026-02-24T18:00:00Z,2026-02-25T00:00:00+06:00,2026-02-26T07:00:00+06:00,2026-02-26T01:00:00Z,T1,31,2026-02-24T06:00:00Z,43,6,dayahead,,0.577776,,False,mos-logistic-v0,start
2026-02-24T18:00:00Z,2026-02-25T00:00:00+06:00,2026-02-26T08:00:00+06:00,2026-02-26T02:00:00Z,T1,32,2026-02-24T06:00:00Z,44,6,dayahead,,0.609707,,False,mos-logistic-v0,start
2026-02-24T18:00:00Z,2026-02-25T00:00:00+06:00,2026-02-26T09:00:00+06:00,2026-02-26T03:00:00Z,T1,33,2026-02-24T06:00:00Z,45,6,dayahead,,0.200992,,False,mos-logistic-v0,start
2026-02-24T18:00:00Z,2026-02-25T00:00:00+06:00,2026-02-26T10:00:00+06:00,2026-02-26T04:00:00Z,T1,34,2026-02-24T06:00:00Z,46,6,dayahead,,0.052173,,False,mos-logistic-v0,start
2026-02-24T18:00:00Z,2026-02-25T00:00:00+06:00,2026-02-26T11:00:00+06:00,2026-02-26T05:00:00Z,T1,35,2026-02-24T06:00:00Z,47,6,dayahead,,0.510451,,False,mos-logistic-v0,start
2026-02-24T18:00:00Z,2026-02-25T00:00:00+06:00,2026-02-26T12:00:00+06:00,2026-02-26T06:00:00Z,T1,36,2026-02-24T06:00:00Z,48,6,dayahead,,0.599711,,False,mos-logistic-v0,start
2026-02-24T18:00:00Z,2026-02-25T00:00:00+06:00,2026-02-26T13:00:00+06:00,2026-02-26T07:00:00Z,T1,37,2026-02-24T06:00:00Z,49,6,dayahead,,0.344961,,False,mos-logistic-v0,start
2026-02-24T18:00:00Z,2026-02-25T00:00:00+06:00,2026-02-26T14:00:00+06:00,2026-02-26T08:00:00Z,T1,38,2026-02-24T06:00:00Z,50,6,dayahead,,0.332472,,False,mos-logistic-v0,start
2026-02-24T18:00:00Z,2026-02-25T00:00:00+06:00,2026-02-26T15:00:00+06:00,2026-02-26T09:00:00Z,T1,39,2026-02-24T06:00:00Z,51,6,dayahead,,0.187895,,False,mos-logistic-v0,start
2026-02-24T18:00:00Z,2026-02-25T00:00:00+06:00,2026-02-26T16:00:00+06:00,2026-02-26T10:00:00Z,T1,40,2026-02-24T06:00:00Z,52,6,dayahead,,0.190031,,False,mos-logistic-v0,start
2026-02-24T18:00:00Z,2026-02-25T00:00:00+06:00,2026-02-26T17:00:00+06:00,2026-02-26T11:00:00Z,T1,41,2026-02-24T06:00:00Z,53,6,dayahead,,0.140366,,False,mos-logistic-v0,start
2026-02-24T18:00:00Z,2026-02-25T00:00:00+06:00,2026-02-26T18:00:00+06:00,2026-02-26T12:00:00Z,T1,42,2026-02-24T06:00:00Z,54,6,dayahead,,0.635898,,False,mos-logistic-v0,start
2026-02-24T18:00:00Z,2026-02-25T00:00:00+06:00,2026-02-26T19:00:00+06:00,2026-02-26T13:00:00Z,T1,43,2026-02-24T06:00:00Z,55,6,dayahead,,0.81632,,False,mos-logistic-v0,start
2026-02-24T18:00:00Z,2026-02-25T00:00:00+06:00,2026-02-26T20:00:00+06:00,2026-02-26T14:00:00Z,T1,44,2026-02-24T06:00:00Z,56,6,dayahead,,0.599711,,False,mos-logistic-v0,start
2026-02-24T18:00:00Z,2026-02-25T00:00:00+06:00,2026-02-26T21:00:00+06:00,2026-02-26T15:00:00Z,T1,45,2026-02-24T06:00:00Z,57,6,dayahead,,0.593,,False,mos-logistic-v0,start
2026-02-24T18:00:00Z,2026-02-25T00:00:00+06:00,2026-02-26T22:00:00+06:00,2026-02-26T16:00:00Z,T1,46,2026-02-24T06:00:00Z,58,6,dayahead,,0.832456,,False,mos-logistic-v0,start
2026-02-24T18:00:00Z,2026-02-25T00:00:00+06:00,2026-02-26T23:00:00+06:00,2026-02-26T17:00:00Z,T1,47,2026-02-24T06:00:00Z,59,6,dayahead,,0.690308,,False,mos-logistic-v0,start
2026-02-24T18:00:00Z,2026-02-25T00:00:00+06:00,2026-02-25T00:00:00+06:00,2026-02-24T18:00:00Z,T2,0,2026-02-24T06:00:00Z,12,6,dayahead,,0.03867,,False,mos-logistic-v0,start
2026-02-24T18:00:00Z,2026-02-25T00:00:00+06:00,2026-02-25T01:00:00+06:00,2026-02-24T19:00:00Z,T2,1,2026-02-24T06:00:00Z,13,6,dayahead,,0.062712,,False,mos-logistic-v0,start
2026-02-24T18:00:00Z,2026-02-25T00:00:00+06:00,2026-02-25T02:00:00+06:00,2026-02-24T20:00:00Z,T2,2,2026-02-24T06:00:00Z,14,6,dayahead,,0.045392,,False,mos-logistic-v0,start
2026-02-24T18:00:00Z,2026-02-25T00:00:00+06:00,2026-02-25T03:00:00+06:00,2026-02-24T21:00:00Z,T2,3,2026-02-24T06:00:00Z,15,6,dayahead,,0.023293,,False,mos-logistic-v0,start
2026-02-24T18:00:00Z,2026-02-25T00:00:00+06:00,2026-02-25T04:00:00+06:00,2026-02-24T22:00:00Z,T2,4,2026-02-24T06:00:00Z,16,6,dayahead,,0.02562,,False,mos-logistic-v0,start
2026-02-24T18:00:00Z,2026-02-25T00:00:00+06:00,2026-02-25T05:00:00+06:00,2026-02-24T23:00:00Z,T2,5,2026-02-24T06:00:00Z,17,6,dayahead,,0.041623,,False,mos-logistic-v0,start
2026-02-24T18:00:00Z,2026-02-25T00:00:00+06:00,2026-02-25T06:00:00+06:00,2026-02-25T00:00:00Z,T2,6,2026-02-24T06:00:00Z,18,6,dayahead,,0.047553,,False,mos-logistic-v0,start
2026-02-24T18:00:00Z,2026-02-25T00:00:00+06:00,2026-02-25T07:00:00+06:00,2026-02-25T01:00:00Z,T2,7,2026-02-24T06:00:00Z,19,6,dayahead,,0.034266,,False,mos-logistic-v0,start
2026-02-24T18:00:00Z,2026-02-25T00:00:00+06:00,2026-02-25T08:00:00+06:00,2026-02-25T02:00:00Z,T2,8,2026-02-24T06:00:00Z,20,6,dayahead,,0.044791,,False,mos-logistic-v0,start
2026-02-24T18:00:00Z,2026-02-25T00:00:00+06:00,2026-02-25T09:00:00+06:00,2026-02-25T03:00:00Z,T2,9,2026-02-24T06:00:00Z,21,6,dayahead,,0.043324,,False,mos-logistic-v0,start
2026-02-24T18:00:00Z,2026-02-25T00:00:00+06:00,2026-02-25T10:00:00+06:00,2026-02-25T04:00:00Z,T2,10,2026-02-24T06:00:00Z,22,6,dayahead,,0.048189,,False,mos-logistic-v0,start
2026-02-24T18:00:00Z,2026-02-25T00:00:00+06:00,2026-02-25T11:00:00+06:00,2026-02-25T05:00:00Z,T2,11,2026-02-24T06:00:00Z,23,6,dayahead,,0.031818,,False,mos-logistic-v0,start
2026-02-24T18:00:00Z,2026-02-25T00:00:00+06:00,2026-02-25T12:00:00+06:00,2026-02-25T06:00:00Z,T2,12,2026-02-24T06:00:00Z,24,6,dayahead,,0.044494,,False,mos-logistic-v0,start
2026-02-24T18:00:00Z,2026-02-25T00:00:00+06:00,2026-02-25T13:00:00+06:00,2026-02-25T07:00:00Z,T2,13,2026-02-24T06:00:00Z,25,6,dayahead,,0.040255,,False,mos-logistic-v0,start
2026-02-24T18:00:00Z,2026-02-25T00:00:00+06:00,2026-02-25T14:00:00+06:00,2026-02-25T08:00:00Z,T2,14,2026-02-24T06:00:00Z,26,6,dayahead,,0.044791,,False,mos-logistic-v0,start
2026-02-24T18:00:00Z,2026-02-25T00:00:00+06:00,2026-02-25T15:00:00+06:00,2026-02-25T09:00:00Z,T2,15,2026-02-24T06:00:00Z,27,6,dayahead,,0.03893,,False,mos-logistic-v0,start
2026-02-24T18:00:00Z,2026-02-25T00:00:00+06:00,2026-02-25T16:00:00+06:00,2026-02-25T10:00:00Z,T2,16,2026-02-24T06:00:00Z,28,6,dayahead,,0.03118,,False,mos-logistic-v0,start
2026-02-24T18:00:00Z,2026-02-25T00:00:00+06:00,2026-02-25T17:00:00+06:00,2026-02-25T11:00:00Z,T2,17,2026-02-24T06:00:00Z,29,6,dayahead,,0.035201,,False,mos-logistic-v0,start
2026-02-24T18:00:00Z,2026-02-25T00:00:00+06:00,2026-02-25T18:00:00+06:00,2026-02-25T12:00:00Z,T2,18,2026-02-24T06:00:00Z,30,6,dayahead,,0.04107,,False,mos-logistic-v0,start
2026-02-24T18:00:00Z,2026-02-25T00:00:00+06:00,2026-02-25T19:00:00+06:00,2026-02-25T13:00:00Z,T2,19,2026-02-24T06:00:00Z,31,6,dayahead,,0.034731,,False,mos-logistic-v0,start
2026-02-24T18:00:00Z,2026-02-25T00:00:00+06:00,2026-02-25T20:00:00+06:00,2026-02-25T14:00:00Z,T2,20,2026-02-24T06:00:00Z,32,6,dayahead,,0.018218,,False,mos-logistic-v0,start
2026-02-24T18:00:00Z,2026-02-25T00:00:00+06:00,2026-02-25T21:00:00+06:00,2026-02-25T15:00:00Z,T2,21,2026-02-24T06:00:00Z,33,6,dayahead,,0.046615,,False,mos-logistic-v0,start
2026-02-24T18:00:00Z,2026-02-25T00:00:00+06:00,2026-02-25T22:00:00+06:00,2026-02-25T16:00:00Z,T2,22,2026-02-24T06:00:00Z,34,6,dayahead,,0.126668,,False,mos-logistic-v0,start
2026-02-24T18:00:00Z,2026-02-25T00:00:00+06:00,2026-02-25T23:00:00+06:00,2026-02-25T17:00:00Z,T2,23,2026-02-24T06:00:00Z,35,6,dayahead,,0.265484,,False,mos-logistic-v0,start
2026-02-24T18:00:00Z,2026-02-25T00:00:00+06:00,2026-02-26T00:00:00+06:00,2026-02-25T18:00:00Z,T2,24,2026-02-24T06:00:00Z,36,6,dayahead,,0.47736,,False,mos-logistic-v0,start
2026-02-24T18:00:00Z,2026-02-25T00:00:00+06:00,2026-02-26T01:00:00+06:00,2026-02-25T19:00:00Z,T2,25,2026-02-24T06:00:00Z,37,6,dayahead,,0.576074,,False,mos-logistic-v0,start
2026-02-24T18:00:00Z,2026-02-25T00:00:00+06:00,2026-02-26T02:00:00+06:00,2026-02-25T20:00:00Z,T2,26,2026-02-24T06:00:00Z,38,6,dayahead,,0.684316,,False,mos-logistic-v0,start
2026-02-24T18:00:00Z,2026-02-25T00:00:00+06:00,2026-02-26T03:00:00+06:00,2026-02-25T21:00:00Z,T2,27,2026-02-24T06:00:00Z,39,6,dayahead,,0.643928,,False,mos-logistic-v0,start
2026-02-24T18:00:00Z,2026-02-25T00:00:00+06:00,2026-02-26T04:00:00+06:00,2026-02-25T22:00:00Z,T2,28,2026-02-24T06:00:00Z,40,6,dayahead,,0.444466,,False,mos-logistic-v0,start
2026-02-24T18:00:00Z,2026-02-25T00:00:00+06:00,2026-02-26T05:00:00+06:00,2026-02-25T23:00:00Z,T2,29,2026-02-24T06:00:00Z,41,6,dayahead,,0.458274,,False,mos-logistic-v0,start
2026-02-24T18:00:00Z,2026-02-25T00:00:00+06:00,2026-02-26T06:00:00+06:00,2026-02-26T00:00:00Z,T2,30,2026-02-24T06:00:00Z,42,6,dayahead,,0.334021,,False,mos-logistic-v0,start
2026-02-24T18:00:00Z,2026-02-25T00:00:00+06:00,2026-02-26T07:00:00+06:00,2026-02-26T01:00:00Z,T2,31,2026-02-24T06:00:00Z,43,6,dayahead,,0.577776,,False,mos-logistic-v0,start
2026-02-24T18:00:00Z,2026-02-25T00:00:00+06:00,2026-02-26T08:00:00+06:00,2026-02-26T02:00:00Z,T2,32,2026-02-24T06:00:00Z,44,6,dayahead,,0.609707,,False,mos-logistic-v0,start
2026-02-24T18:00:00Z,2026-02-25T00:00:00+06:00,2026-02-26T09:00:00+06:00,2026-02-26T03:00:00Z,T2,33,2026-02-24T06:00:00Z,45,6,dayahead,,0.200992,,False,mos-logistic-v0,start
2026-02-24T18:00:00Z,2026-02-25T00:00:00+06:00,2026-02-26T10:00:00+06:00,2026-02-26T04:00:00Z,T2,34,2026-02-24T06:00:00Z,46,6,dayahead,,0.052173,,False,mos-logistic-v0,start
2026-02-24T18:00:00Z,2026-02-25T00:00:00+06:00,2026-02-26T11:00:00+06:00,2026-02-26T05:00:00Z,T2,35,2026-02-24T06:00:00Z,47,6,dayahead,,0.510451,,False,mos-logistic-v0,start
2026-02-24T18:00:00Z,2026-02-25T00:00:00+06:00,2026-02-26T12:00:00+06:00,2026-02-26T06:00:00Z,T2,36,2026-02-24T06:00:00Z,48,6,dayahead,,0.599711,,False,mos-logistic-v0,start
2026-02-24T18:00:00Z,2026-02-25T00:00:00+06:00,2026-02-26T13:00:00+06:00,2026-02-26T07:00:00Z,T2,37,2026-02-24T06:00:00Z,49,6,dayahead,,0.344961,,False,mos-logistic-v0,start
2026-02-24T18:00:00Z,2026-02-25T00:00:00+06:00,2026-02-26T14:00:00+06:00,2026-02-26T08:00:00Z,T2,38,2026-02-24T06:00:00Z,50,6,dayahead,,0.332472,,False,mos-logistic-v0,start
2026-02-24T18:00:00Z,2026-02-25T00:00:00+06:00,2026-02-26T15:00:00+06:00,2026-02-26T09:00:00Z,T2,39,2026-02-24T06:00:00Z,51,6,dayahead,,0.187895,,False,mos-logistic-v0,start
2026-02-24T18:00:00Z,2026-02-25T00:00:00+06:00,2026-02-26T16:00:00+06:00,2026-02-26T10:00:00Z,T2,40,2026-02-24T06:00:00Z,52,6,dayahead,,0.190031,,False,mos-logistic-v0,start
2026-02-24T18:00:00Z,2026-02-25T00:00:00+06:00,2026-02-26T17:00:00+06:00,2026-02-26T11:00:00Z,T2,41,2026-02-24T06:00:00Z,53,6,dayahead,,0.140366,,False,mos-logistic-v0,start
2026-02-24T18:00:00Z,2026-02-25T00:00:00+06:00,2026-02-26T18:00:00+06:00,2026-02-26T12:00:00Z,T2,42,2026-02-24T06:00:00Z,54,6,dayahead,,0.635898,,False,mos-logistic-v0,start
2026-02-24T18:00:00Z,2026-02-25T00:00:00+06:00,2026-02-26T19:00:00+06:00,2026-02-26T13:00:00Z,T2,43,2026-02-24T06:00:00Z,55,6,dayahead,,0.81632,,False,mos-logistic-v0,start
2026-02-24T18:00:00Z,2026-02-25T00:00:00+06:00,2026-02-26T20:00:00+06:00,2026-02-26T14:00:00Z,T2,44,2026-02-24T06:00:00Z,56,6,dayahead,,0.599711,,False,mos-logistic-v0,start
2026-02-24T18:00:00Z,2026-02-25T00:00:00+06:00,2026-02-26T21:00:00+06:00,2026-02-26T15:00:00Z,T2,45,2026-02-24T06:00:00Z,57,6,dayahead,,0.593,,False,mos-logistic-v0,start
2026-02-24T18:00:00Z,2026-02-25T00:00:00+06:00,2026-02-26T22:00:00+06:00,2026-02-26T16:00:00Z,T2,46,2026-02-24T06:00:00Z,58,6,dayahead,,0.832456,,False,mos-logistic-v0,start
2026-02-24T18:00:00Z,2026-02-25T00:00:00+06:00,2026-02-26T23:00:00+06:00,2026-02-26T17:00:00Z,T2,47,2026-02-24T06:00:00Z,59,6,dayahead,,0.690308,,False,mos-logistic-v0,start
2026-02-25T18:00:00Z,2026-02-26T00:00:00+06:00,2026-02-26T00:00:00+06:00,2026-02-25T18:00:00Z,T1,0,2026-02-25T06:00:00Z,12,6,dayahead,,0.598037,,False,mos-logistic-v0,start
2026-02-25T18:00:00Z,2026-02-26T00:00:00+06:00,2026-02-26T01:00:00+06:00,2026-02-25T19:00:00Z,T1,1,2026-02-25T06:00:00Z,13,6,dayahead,,0.781688,,False,mos-logistic-v0,start
2026-02-25T18:00:00Z,2026-02-26T00:00:00+06:00,2026-02-26T02:00:00+06:00,2026-02-25T20:00:00Z,T1,2,2026-02-25T06:00:00Z,14,6,dayahead,,0.793349,,False,mos-logistic-v0,start
2026-02-25T18:00:00Z,2026-02-26T00:00:00+06:00,2026-02-26T03:00:00+06:00,2026-02-25T21:00:00Z,T1,3,2026-02-25T06:00:00Z,15,6,dayahead,,0.762061,,False,mos-logistic-v0,start
2026-02-25T18:00:00Z,2026-02-26T00:00:00+06:00,2026-02-26T04:00:00+06:00,2026-02-25T22:00:00Z,T1,4,2026-02-25T06:00:00Z,16,6,dayahead,,0.57096,,False,mos-logistic-v0,start
2026-02-25T18:00:00Z,2026-02-26T00:00:00+06:00,2026-02-26T05:00:00+06:00,2026-02-25T23:00:00Z,T1,5,2026-02-25T06:00:00Z,17,6,dayahead,,0.449635,,False,mos-logistic-v0,start
2026-02-25T18:00:00Z,2026-02-26T00:00:00+06:00,2026-02-26T06:00:00+06:00,2026-02-26T00:00:00Z,T1,6,2026-02-25T06:00:00Z,18,6,dayahead,,0.396943,,False,mos-logistic-v0,start
2026-02-25T18:00:00Z,2026-02-26T00:00:00+06:00,2026-02-26T07:00:00+06:00,2026-02-26T01:00:00Z,T1,7,2026-02-25T06:00:00Z,19,6,dayahead,,0.454815,,False,mos-logistic-v0,start
2026-02-25T18:00:00Z,2026-02-26T00:00:00+06:00,2026-02-26T08:00:00+06:00,2026-02-26T02:00:00Z,T1,8,2026-02-25T06:00:00Z,20,6,dayahead,,0.380383,,False,mos-logistic-v0,start
2026-02-25T18:00:00Z,2026-02-26T00:00:00+06:00,2026-02-26T09:00:00+06:00,2026-02-26T03:00:00Z,T1,9,2026-02-25T06:00:00Z,21,6,dayahead,,0.522635,,False,mos-logistic-v0,start
2026-02-25T18:00:00Z,2026-02-26T00:00:00+06:00,2026-02-26T10:00:00+06:00,2026-02-26T04:00:00Z,T1,10,2026-02-25T06:00:00Z,22,6,dayahead,,0.418823,,False,mos-logistic-v0,start
2026-02-25T18:00:00Z,2026-02-26T00:00:00+06:00,2026-02-26T11:00:00+06:00,2026-02-26T05:00:00Z,T1,11,2026-02-25T06:00:00Z,23,6,dayahead,,0.081761,,False,mos-logistic-v0,start
2026-02-25T18:00:00Z,2026-02-26T00:00:00+06:00,2026-02-26T12:00:00+06:00,2026-02-26T06:00:00Z,T1,12,2026-02-25T06:00:00Z,24,6,dayahead,,0.883738,,False,mos-logistic-v0,start
2026-02-25T18:00:00Z,2026-02-26T00:00:00+06:00,2026-02-26T13:00:00+06:00,2026-02-26T07:00:00Z,T1,13,2026-02-25T06:00:00Z,25,6,dayahead,,0.634283,,False,mos-logistic-v0,start
2026-02-25T18:00:00Z,2026-02-26T00:00:00+06:00,2026-02-26T14:00:00+06:00,2026-02-26T08:00:00Z,T1,14,2026-02-25T06:00:00Z,26,6,dayahead,,0.1177,,False,mos-logistic-v0,start
2026-02-25T18:00:00Z,2026-02-26T00:00:00+06:00,2026-02-26T15:00:00+06:00,2026-02-26T09:00:00Z,T1,15,2026-02-25T06:00:00Z,27,6,dayahead,,0.192186,,False,mos-logistic-v0,start
2026-02-25T18:00:00Z,2026-02-26T00:00:00+06:00,2026-02-26T16:00:00+06:00,2026-02-26T10:00:00Z,T1,16,2026-02-25T06:00:00Z,28,6,dayahead,,0.309688,,False,mos-logistic-v0,start
2026-02-25T18:00:00Z,2026-02-26T00:00:00+06:00,2026-02-26T17:00:00+06:00,2026-02-26T11:00:00Z,T1,17,2026-02-25T06:00:00Z,29,6,dayahead,,0.405315,,False,mos-logistic-v0,start
2026-02-25T18:00:00Z,2026-02-26T00:00:00+06:00,2026-02-26T18:00:00+06:00,2026-02-26T12:00:00Z,T1,18,2026-02-25T06:00:00Z,30,6,dayahead,,0.616321,,False,mos-logistic-v0,start
2026-02-25T18:00:00Z,2026-02-26T00:00:00+06:00,2026-02-26T19:00:00+06:00,2026-02-26T13:00:00Z,T1,19,2026-02-25T06:00:00Z,31,6,dayahead,,0.726277,,False,mos-logistic-v0,start
2026-02-25T18:00:00Z,2026-02-26T00:00:00+06:00,2026-02-26T20:00:00+06:00,2026-02-26T14:00:00Z,T1,20,2026-02-25T06:00:00Z,32,6,dayahead,,0.699177,,False,mos-logistic-v0,start
2026-02-25T18:00:00Z,2026-02-26T00:00:00+06:00,2026-02-26T21:00:00+06:00,2026-02-26T15:00:00Z,T1,21,2026-02-25T06:00:00Z,33,6,dayahead,,0.655035,,False,mos-logistic-v0,start
2026-02-25T18:00:00Z,2026-02-26T00:00:00+06:00,2026-02-26T22:00:00+06:00,2026-02-26T16:00:00Z,T1,22,2026-02-25T06:00:00Z,34,6,dayahead,,0.631043,,False,mos-logistic-v0,start
2026-02-25T18:00:00Z,2026-02-26T00:00:00+06:00,2026-02-26T23:00:00+06:00,2026-02-26T17:00:00Z,T1,23,2026-02-25T06:00:00Z,35,6,dayahead,,0.678263,,False,mos-logistic-v0,start
2026-02-25T18:00:00Z,2026-02-26T00:00:00+06:00,2026-02-27T00:00:00+06:00,2026-02-26T18:00:00Z,T1,24,2026-02-25T06:00:00Z,36,6,dayahead,,0.776893,,False,mos-logistic-v0,start
2026-02-25T18:00:00Z,2026-02-26T00:00:00+06:00,2026-02-27T01:00:00+06:00,2026-02-26T19:00:00Z,T1,25,2026-02-25T06:00:00Z,37,6,dayahead,,0.822508,,False,mos-logistic-v0,start
2026-02-25T18:00:00Z,2026-02-26T00:00:00+06:00,2026-02-27T02:00:00+06:00,2026-02-26T20:00:00Z,T1,26,2026-02-25T06:00:00Z,38,6,dayahead,,0.852768,,False,mos-logistic-v0,start
2026-02-25T18:00:00Z,2026-02-26T00:00:00+06:00,2026-02-27T03:00:00+06:00,2026-02-26T21:00:00Z,T1,27,2026-02-25T06:00:00Z,39,6,dayahead,,0.881572,,False,mos-logistic-v0,start
2026-02-25T18:00:00Z,2026-02-26T00:00:00+06:00,2026-02-27T04:00:00+06:00,2026-02-26T22:00:00Z,T1,28,2026-02-25T06:00:00Z,40,6,dayahead,,0.776893,,False,mos-logistic-v0,start
2026-02-25T18:00:00Z,2026-02-26T00:00:00+06:00,2026-02-27T05:00:00+06:00,2026-02-26T23:00:00Z,T1,29,2026-02-25T06:00:00Z,41,6,dayahead,,0.609707,,False,mos-logistic-v0,start
2026-02-25T18:00:00Z,2026-02-26T00:00:00+06:00,2026-02-27T06:00:00+06:00,2026-02-27T00:00:00Z,T1,30,2026-02-25T06:00:00Z,42,6,dayahead,,0.548635,,False,mos-logistic-v0,start
2026-02-25T18:00:00Z,2026-02-26T00:00:00+06:00,2026-02-27T07:00:00+06:00,2026-02-27T01:00:00Z,T1,31,2026-02-25T06:00:00Z,43,6,dayahead,,0.555529,,False,mos-logistic-v0,start
2026-02-25T18:00:00Z,2026-02-26T00:00:00+06:00,2026-02-27T08:00:00+06:00,2026-02-27T02:00:00Z,T1,32,2026-02-25T06:00:00Z,44,6,dayahead,,0.517416,,False,mos-logistic-v0,start
2026-02-25T18:00:00Z,2026-02-26T00:00:00+06:00,2026-02-27T09:00:00+06:00,2026-02-27T03:00:00Z,T1,33,2026-02-25T06:00:00Z,45,6,dayahead,,0.456544,,False,mos-logistic-v0,start
2026-02-25T18:00:00Z,2026-02-26T00:00:00+06:00,2026-02-27T10:00:00+06:00,2026-02-27T04:00:00Z,T1,34,2026-02-25T06:00:00Z,46,6,dayahead,,0.284943,,False,mos-logistic-v0,start
2026-02-25T18:00:00Z,2026-02-26T00:00:00+06:00,2026-02-27T11:00:00+06:00,2026-02-27T05:00:00Z,T1,35,2026-02-25T06:00:00Z,47,6,dayahead,,0.217121,,False,mos-logistic-v0,start
2026-02-25T18:00:00Z,2026-02-26T00:00:00+06:00,2026-02-27T12:00:00+06:00,2026-02-27T06:00:00Z,T1,36,2026-02-25T06:00:00Z,48,6,dayahead,,0.166572,,False,mos-logistic-v0,start
2026-02-25T18:00:00Z,2026-02-26T00:00:00+06:00,2026-02-27T13:00:00+06:00,2026-02-27T07:00:00Z,T1,37,2026-02-25T06:00:00Z,49,6,dayahead,,0.289223,,False,mos-logistic-v0,start
2026-02-25T18:00:00Z,2026-02-26T00:00:00+06:00,2026-02-27T14:00:00+06:00,2026-02-27T08:00:00Z,T1,38,2026-02-25T06:00:00Z,50,6,dayahead,,0.372204,,False,mos-logistic-v0,start
2026-02-25T18:00:00Z,2026-02-26T00:00:00+06:00,2026-02-27T15:00:00+06:00,2026-02-27T09:00:00Z,T1,39,2026-02-25T06:00:00Z,51,6,dayahead,,0.427329,,False,mos-logistic-v0,start
2026-02-25T18:00:00Z,2026-02-26T00:00:00+06:00,2026-02-27T16:00:00+06:00,2026-02-27T10:00:00Z,T1,40,2026-02-25T06:00:00Z,52,6,dayahead,,0.594681,,False,mos-logistic-v0,start
2026-02-25T18:00:00Z,2026-02-26T00:00:00+06:00,2026-02-27T17:00:00+06:00,2026-02-27T11:00:00Z,T1,41,2026-02-25T06:00:00Z,53,6,dayahead,,0.737221,,False,mos-logistic-v0,start
2026-02-25T18:00:00Z,2026-02-26T00:00:00+06:00,2026-02-27T18:00:00+06:00,2026-02-27T12:00:00Z,T1,42,2026-02-25T06:00:00Z,54,6,dayahead,,0.694761,,False,mos-logistic-v0,start
2026-02-25T18:00:00Z,2026-02-26T00:00:00+06:00,2026-02-27T19:00:00+06:00,2026-02-27T13:00:00Z,T1,43,2026-02-25T06:00:00Z,55,6,dayahead,,0.710773,,False,mos-logistic-v0,start
2026-02-25T18:00:00Z,2026-02-26T00:00:00+06:00,2026-02-27T20:00:00+06:00,2026-02-27T14:00:00Z,T1,44,2026-02-25T06:00:00Z,56,6,dayahead,,0.763322,,False,mos-logistic-v0,start
2026-02-25T18:00:00Z,2026-02-26T00:00:00+06:00,2026-02-27T21:00:00+06:00,2026-02-27T15:00:00Z,T1,45,2026-02-25T06:00:00Z,57,6,dayahead,,0.754395,,False,mos-logistic-v0,start
2026-02-25T18:00:00Z,2026-02-26T00:00:00+06:00,2026-02-27T22:00:00+06:00,2026-02-27T16:00:00Z,T1,46,2026-02-25T06:00:00Z,58,6,dayahead,,0.594681,,False,mos-logistic-v0,start
2026-02-25T18:00:00Z,2026-02-26T00:00:00+06:00,2026-02-27T23:00:00+06:00,2026-02-27T17:00:00Z,T1,47,2026-02-25T06:00:00Z,59,6,dayahead,,0.520896,,False,mos-logistic-v0,start
2026-02-25T18:00:00Z,2026-02-26T00:00:00+06:00,2026-02-26T00:00:00+06:00,2026-02-25T18:00:00Z,T2,0,2026-02-25T06:00:00Z,12,6,dayahead,,0.598037,,False,mos-logistic-v0,start
2026-02-25T18:00:00Z,2026-02-26T00:00:00+06:00,2026-02-26T01:00:00+06:00,2026-02-25T19:00:00Z,T2,1,2026-02-25T06:00:00Z,13,6,dayahead,,0.781688,,False,mos-logistic-v0,start
2026-02-25T18:00:00Z,2026-02-26T00:00:00+06:00,2026-02-26T02:00:00+06:00,2026-02-25T20:00:00Z,T2,2,2026-02-25T06:00:00Z,14,6,dayahead,,0.793349,,False,mos-logistic-v0,start
2026-02-25T18:00:00Z,2026-02-26T00:00:00+06:00,2026-02-26T03:00:00+06:00,2026-02-25T21:00:00Z,T2,3,2026-02-25T06:00:00Z,15,6,dayahead,,0.762061,,False,mos-logistic-v0,start
2026-02-25T18:00:00Z,2026-02-26T00:00:00+06:00,2026-02-26T04:00:00+06:00,2026-02-25T22:00:00Z,T2,4,2026-02-25T06:00:00Z,16,6,dayahead,,0.57096,,False,mos-logistic-v0,start
2026-02-25T18:00:00Z,2026-02-26T00:00:00+06:00,2026-02-26T05:00:00+06:00,2026-02-25T23:00:00Z,T2,5,2026-02-25T06:00:00Z,17,6,dayahead,,0.449635,,False,mos-logistic-v0,start
2026-02-25T18:00:00Z,2026-02-26T00:00:00+06:00,2026-02-26T06:00:00+06:00,2026-02-26T00:00:00Z,T2,6,2026-02-25T06:00:00Z,18,6,dayahead,,0.396943,,False,mos-logistic-v0,start
2026-02-25T18:00:00Z,2026-02-26T00:00:00+06:00,2026-02-26T07:00:00+06:00,2026-02-26T01:00:00Z,T2,7,2026-02-25T06:00:00Z,19,6,dayahead,,0.454815,,False,mos-logistic-v0,start
2026-02-25T18:00:00Z,2026-02-26T00:00:00+06:00,2026-02-26T08:00:00+06:00,2026-02-26T02:00:00Z,T2,8,2026-02-25T06:00:00Z,20,6,dayahead,,0.380383,,False,mos-logistic-v0,start
2026-02-25T18:00:00Z,2026-02-26T00:00:00+06:00,2026-02-26T09:00:00+06:00,2026-02-26T03:00:00Z,T2,9,2026-02-25T06:00:00Z,21,6,dayahead,,0.522635,,False,mos-logistic-v0,start
2026-02-25T18:00:00Z,2026-02-26T00:00:00+06:00,2026-02-26T10:00:00+06:00,2026-02-26T04:00:00Z,T2,10,2026-02-25T06:00:00Z,22,6,dayahead,,0.418823,,False,mos-logistic-v0,start
2026-02-25T18:00:00Z,2026-02-26T00:00:00+06:00,2026-02-26T11:00:00+06:00,2026-02-26T05:00:00Z,T2,11,2026-02-25T06:00:00Z,23,6,dayahead,,0.081761,,False,mos-logistic-v0,start
2026-02-25T18:00:00Z,2026-02-26T00:00:00+06:00,2026-02-26T12:00:00+06:00,2026-02-26T06:00:00Z,T2,12,2026-02-25T06:00:00Z,24,6,dayahead,,0.883738,,False,mos-logistic-v0,start
2026-02-25T18:00:00Z,2026-02-26T00:00:00+06:00,2026-02-26T13:00:00+06:00,2026-02-26T07:00:00Z,T2,13,2026-02-25T06:00:00Z,25,6,dayahead,,0.634283,,False,mos-logistic-v0,start
2026-02-25T18:00:00Z,2026-02-26T00:00:00+06:00,2026-02-26T14:00:00+06:00,2026-02-26T08:00:00Z,T2,14,2026-02-25T06:00:00Z,26,6,dayahead,,0.1177,,False,mos-logistic-v0,start
2026-02-25T18:00:00Z,2026-02-26T00:00:00+06:00,2026-02-26T15:00:00+06:00,2026-02-26T09:00:00Z,T2,15,2026-02-25T06:00:00Z,27,6,dayahead,,0.192186,,False,mos-logistic-v0,start
2026-02-25T18:00:00Z,2026-02-26T00:00:00+06:00,2026-02-26T16:00:00+06:00,2026-02-26T10:00:00Z,T2,16,2026-02-25T06:00:00Z,28,6,dayahead,,0.309688,,False,mos-logistic-v0,start
2026-02-25T18:00:00Z,2026-02-26T00:00:00+06:00,2026-02-26T17:00:00+06:00,2026-02-26T11:00:00Z,T2,17,2026-02-25T06:00:00Z,29,6,dayahead,,0.405315,,False,mos-logistic-v0,start
2026-02-25T18:00:00Z,2026-02-26T00:00:00+06:00,2026-02-26T18:00:00+06:00,2026-02-26T12:00:00Z,T2,18,2026-02-25T06:00:00Z,30,6,dayahead,,0.616321,,False,mos-logistic-v0,start
2026-02-25T18:00:00Z,2026-02-26T00:00:00+06:00,2026-02-26T19:00:00+06:00,2026-02-26T13:00:00Z,T2,19,2026-02-25T06:00:00Z,31,6,dayahead,,0.726277,,False,mos-logistic-v0,start
2026-02-25T18:00:00Z,2026-02-26T00:00:00+06:00,2026-02-26T20:00:00+06:00,2026-02-26T14:00:00Z,T2,20,2026-02-25T06:00:00Z,32,6,dayahead,,0.699177,,False,mos-logistic-v0,start
2026-02-25T18:00:00Z,2026-02-26T00:00:00+06:00,2026-02-26T21:00:00+06:00,2026-02-26T15:00:00Z,T2,21,2026-02-25T06:00:00Z,33,6,dayahead,,0.655035,,False,mos-logistic-v0,start
2026-02-25T18:00:00Z,2026-02-26T00:00:00+06:00,2026-02-26T22:00:00+06:00,2026-02-26T16:00:00Z,T2,22,2026-02-25T06:00:00Z,34,6,dayahead,,0.631043,,False,mos-logistic-v0,start
2026-02-25T18:00:00Z,2026-02-26T00:00:00+06:00,2026-02-26T23:00:00+06:00,2026-02-26T17:00:00Z,T2,23,2026-02-25T06:00:00Z,35,6,dayahead,,0.678263,,False,mos-logistic-v0,start
2026-02-25T18:00:00Z,2026-02-26T00:00:00+06:00,2026-02-27T00:00:00+06:00,2026-02-26T18:00:00Z,T2,24,2026-02-25T06:00:00Z,36,6,dayahead,,0.776893,,False,mos-logistic-v0,start
2026-02-25T18:00:00Z,2026-02-26T00:00:00+06:00,2026-02-27T01:00:00+06:00,2026-02-26T19:00:00Z,T2,25,2026-02-25T06:00:00Z,37,6,dayahead,,0.822508,,False,mos-logistic-v0,start
2026-02-25T18:00:00Z,2026-02-26T00:00:00+06:00,2026-02-27T02:00:00+06:00,2026-02-26T20:00:00Z,T2,26,2026-02-25T06:00:00Z,38,6,dayahead,,0.852768,,False,mos-logistic-v0,start
2026-02-25T18:00:00Z,2026-02-26T00:00:00+06:00,2026-02-27T03:00:00+06:00,2026-02-26T21:00:00Z,T2,27,2026-02-25T06:00:00Z,39,6,dayahead,,0.881572,,False,mos-logistic-v0,start
2026-02-25T18:00:00Z,2026-02-26T00:00:00+06:00,2026-02-27T04:00:00+06:00,2026-02-26T22:00:00Z,T2,28,2026-02-25T06:00:00Z,40,6,dayahead,,0.776893,,False,mos-logistic-v0,start
2026-02-25T18:00:00Z,2026-02-26T00:00:00+06:00,2026-02-27T05:00:00+06:00,2026-02-26T23:00:00Z,T2,29,2026-02-25T06:00:00Z,41,6,dayahead,,0.609707,,False,mos-logistic-v0,start
2026-02-25T18:00:00Z,2026-02-26T00:00:00+06:00,2026-02-27T06:00:00+06:00,2026-02-27T00:00:00Z,T2,30,2026-02-25T06:00:00Z,42,6,dayahead,,0.548635,,False,mos-logistic-v0,start
2026-02-25T18:00:00Z,2026-02-26T00:00:00+06:00,2026-02-27T07:00:00+06:00,2026-02-27T01:00:00Z,T2,31,2026-02-25T06:00:00Z,43,6,dayahead,,0.555529,,False,mos-logistic-v0,start
2026-02-25T18:00:00Z,2026-02-26T00:00:00+06:00,2026-02-27T08:00:00+06:00,2026-02-27T02:00:00Z,T2,32,2026-02-25T06:00:00Z,44,6,dayahead,,0.517416,,False,mos-logistic-v0,start
2026-02-25T18:00:00Z,2026-02-26T00:00:00+06:00,2026-02-27T09:00:00+06:00,2026-02-27T03:00:00Z,T2,33,2026-02-25T06:00:00Z,45,6,dayahead,,0.456544,,False,mos-logistic-v0,start
2026-02-25T18:00:00Z,2026-02-26T00:00:00+06:00,2026-02-27T10:00:00+06:00,2026-02-27T04:00:00Z,T2,34,2026-02-25T06:00:00Z,46,6,dayahead,,0.284943,,False,mos-logistic-v0,start
2026-02-25T18:00:00Z,2026-02-26T00:00:00+06:00,2026-02-27T11:00:00+06:00,2026-02-27T05:00:00Z,T2,35,2026-02-25T06:00:00Z,47,6,dayahead,,0.217121,,False,mos-logistic-v0,start
2026-02-25T18:00:00Z,2026-02-26T00:00:00+06:00,2026-02-27T12:00:00+06:00,2026-02-27T06:00:00Z,T2,36,2026-02-25T06:00:00Z,48,6,dayahead,,0.166572,,False,mos-logistic-v0,start
2026-02-25T18:00:00Z,2026-02-26T00:00:00+06:00,2026-02-27T13:00:00+06:00,2026-02-27T07:00:00Z,T2,37,2026-02-25T06:00:00Z,49,6,dayahead,,0.289223,,False,mos-logistic-v0,start
2026-02-25T18:00:00Z,2026-02-26T00:00:00+06:00,2026-02-27T14:00:00+06:00,2026-02-27T08:00:00Z,T2,38,2026-02-25T06:00:00Z,50,6,dayahead,,0.372204,,False,mos-logistic-v0,start
2026-02-25T18:00:00Z,2026-02-26T00:00:00+06:00,2026-02-27T15:00:00+06:00,2026-02-27T09:00:00Z,T2,39,2026-02-25T06:00:00Z,51,6,dayahead,,0.427329,,False,mos-logistic-v0,start
2026-02-25T18:00:00Z,2026-02-26T00:00:00+06:00,2026-02-27T16:00:00+06:00,2026-02-27T10:00:00Z,T2,40,2026-02-25T06:00:00Z,52,6,dayahead,,0.594681,,False,mos-logistic-v0,start
2026-02-25T18:00:00Z,2026-02-26T00:00:00+06:00,2026-02-27T17:00:00+06:00,2026-02-27T11:00:00Z,T2,41,2026-02-25T06:00:00Z,53,6,dayahead,,0.737221,,False,mos-logistic-v0,start
2026-02-25T18:00:00Z,2026-02-26T00:00:00+06:00,2026-02-27T18:00:00+06:00,2026-02-27T12:00:00Z,T2,42,2026-02-25T06:00:00Z,54,6,dayahead,,0.694761,,False,mos-logistic-v0,start
2026-02-25T18:00:00Z,2026-02-26T00:00:00+06:00,2026-02-27T19:00:00+06:00,2026-02-27T13:00:00Z,T2,43,2026-02-25T06:00:00Z,55,6,dayahead,,0.710773,,False,mos-logistic-v0,start
2026-02-25T18:00:00Z,2026-02-26T00:00:00+06:00,2026-02-27T20:00:00+06:00,2026-02-27T14:00:00Z,T2,44,2026-02-25T06:00:00Z,56,6,dayahead,,0.763322,,False,mos-logistic-v0,start
2026-02-25T18:00:00Z,2026-02-26T00:00:00+06:00,2026-02-27T21:00:00+06:00,2026-02-27T15:00:00Z,T2,45,2026-02-25T06:00:00Z,57,6,dayahead,,0.754395,,False,mos-logistic-v0,start
2026-02-25T18:00:00Z,2026-02-26T00:00:00+06:00,2026-02-27T22:00:00+06:00,2026-02-27T16:00:00Z,T2,46,2026-02-25T06:00:00Z,58,6,dayahead,,0.594681,,False,mos-logistic-v0,start
2026-02-25T18:00:00Z,2026-02-26T00:00:00+06:00,2026-02-27T23:00:00+06:00,2026-02-27T17:00:00Z,T2,47,2026-02-25T06:00:00Z,59,6,dayahead,,0.520896,,False,mos-logistic-v0,start
2026-02-26T18:00:00Z,2026-02-27T00:00:00+06:00,2026-02-27T00:00:00+06:00,2026-02-26T18:00:00Z,T1,0,2026-02-26T06:00:00Z,12,6,dayahead,,0.682809,,False,mos-logistic-v0,start
2026-02-26T18:00:00Z,2026-02-27T00:00:00+06:00,2026-02-27T01:00:00+06:00,2026-02-26T19:00:00Z,T1,1,2026-02-26T06:00:00Z,13,6,dayahead,,0.408679,,False,mos-logistic-v0,start
2026-02-26T18:00:00Z,2026-02-27T00:00:00+06:00,2026-02-27T02:00:00+06:00,2026-02-26T20:00:00Z,T1,2,2026-02-26T06:00:00Z,14,6,dayahead,,0.314176,,False,mos-logistic-v0,start
2026-02-26T18:00:00Z,2026-02-27T00:00:00+06:00,2026-02-27T03:00:00+06:00,2026-02-26T21:00:00Z,T1,3,2026-02-26T06:00:00Z,15,6,dayahead,,0.505225,,False,mos-logistic-v0,start
2026-02-26T18:00:00Z,2026-02-27T00:00:00+06:00,2026-02-27T04:00:00+06:00,2026-02-26T22:00:00Z,T1,4,2026-02-26T06:00:00Z,16,6,dayahead,,0.541722,,False,mos-logistic-v0,start
2026-02-26T18:00:00Z,2026-02-27T00:00:00+06:00,2026-02-27T05:00:00+06:00,2026-02-26T23:00:00Z,T1,5,2026-02-26T06:00:00Z,17,6,dayahead,,0.429036,,False,mos-logistic-v0,start
2026-02-26T18:00:00Z,2026-02-27T00:00:00+06:00,2026-02-27T06:00:00+06:00,2026-02-27T00:00:00Z,T1,6,2026-02-26T06:00:00Z,18,6,dayahead,,0.383674,,False,mos-logistic-v0,start
2026-02-26T18:00:00Z,2026-02-27T00:00:00+06:00,2026-02-27T07:00:00+06:00,2026-02-27T01:00:00Z,T1,7,2026-02-26T06:00:00Z,19,6,dayahead,,0.396943,,False,mos-logistic-v0,start
2026-02-26T18:00:00Z,2026-02-27T00:00:00+06:00,2026-02-27T08:00:00+06:00,2026-02-27T02:00:00Z,T1,8,2026-02-26T06:00:00Z,20,6,dayahead,,0.398613,,False,mos-logistic-v0,start
2026-02-26T18:00:00Z,2026-02-27T00:00:00+06:00,2026-02-27T09:00:00+06:00,2026-02-27T03:00:00Z,T1,9,2026-02-26T06:00:00Z,21,6,dayahead,,0.265484,,False,mos-logistic-v0,start
2026-02-26T18:00:00Z,2026-02-27T00:00:00+06:00,2026-02-27T10:00:00+06:00,2026-02-27T04:00:00Z,T1,10,2026-02-26T06:00:00Z,22,6,dayahead,,0.197655,,False,mos-logistic-v0,start
2026-02-26T18:00:00Z,2026-02-27T00:00:00+06:00,2026-02-27T11:00:00+06:00,2026-02-27T05:00:00Z,T1,11,2026-02-26T06:00:00Z,23,6,dayahead,,0.138692,,False,mos-logistic-v0,start
2026-02-26T18:00:00Z,2026-02-27T00:00:00+06:00,2026-02-27T12:00:00+06:00,2026-02-27T06:00:00Z,T1,12,2026-02-26T06:00:00Z,24,6,dayahead,,0.217121,,False,mos-logistic-v0,start
2026-02-26T18:00:00Z,2026-02-27T00:00:00+06:00,2026-02-27T13:00:00+06:00,2026-02-27T07:00:00Z,T1,13,2026-02-26T06:00:00Z,25,6,dayahead,,0.168516,,False,mos-logistic-v0,start
2026-02-26T18:00:00Z,2026-02-27T00:00:00+06:00,2026-02-27T14:00:00+06:00,2026-02-27T08:00:00Z,T1,14,2026-02-26T06:00:00Z,26,6,dayahead,,0.231675,,False,mos-logistic-v0,start
2026-02-26T18:00:00Z,2026-02-27T00:00:00+06:00,2026-02-27T15:00:00+06:00,2026-02-27T09:00:00Z,T1,15,2026-02-26T06:00:00Z,27,6,dayahead,,0.395276,,False,mos-logistic-v0,start
2026-02-26T18:00:00Z,2026-02-27T00:00:00+06:00,2026-02-27T16:00:00+06:00,2026-02-27T10:00:00Z,T1,16,2026-02-26T06:00:00Z,28,6,dayahead,,0.472146,,False,mos-logistic-v0,start
2026-02-26T18:00:00Z,2026-02-27T00:00:00+06:00,2026-02-27T17:00:00+06:00,2026-02-27T11:00:00Z,T1,17,2026-02-26T06:00:00Z,29,6,dayahead,,0.536526,,False,mos-logistic-v0,start
2026-02-26T18:00:00Z,2026-02-27T00:00:00+06:00,2026-02-27T18:00:00+06:00,2026-02-27T12:00:00Z,T1,18,2026-02-26T06:00:00Z,30,6,dayahead,,0.601383,,False,mos-logistic-v0,start
2026-02-26T18:00:00Z,2026-02-27T00:00:00+06:00,2026-02-27T19:00:00+06:00,2026-02-27T13:00:00Z,T1,19,2026-02-26T06:00:00Z,31,6,dayahead,,0.591316,,False,mos-logistic-v0,start
2026-02-26T18:00:00Z,2026-02-27T00:00:00+06:00,2026-02-27T20:00:00+06:00,2026-02-27T14:00:00Z,T1,20,2026-02-26T06:00:00Z,32,6,dayahead,,0.591316,,False,mos-logistic-v0,start
2026-02-26T18:00:00Z,2026-02-27T00:00:00+06:00,2026-02-27T21:00:00+06:00,2026-02-27T15:00:00Z,T1,21,2026-02-26T06:00:00Z,33,6,dayahead,,0.591316,,False,mos-logistic-v0,start
2026-02-26T18:00:00Z,2026-02-27T00:00:00+06:00,2026-02-27T22:00:00+06:00,2026-02-27T16:00:00Z,T1,22,2026-02-26T06:00:00Z,34,6,dayahead,,0.522635,,False,mos-logistic-v0,start
2026-02-26T18:00:00Z,2026-02-27T00:00:00+06:00,2026-02-27T23:00:00+06:00,2026-02-27T17:00:00Z,T1,23,2026-02-26T06:00:00Z,35,6,dayahead,,0.587943,,False,mos-logistic-v0,start
2026-02-26T18:00:00Z,2026-02-27T00:00:00+06:00,2026-02-28T00:00:00+06:00,2026-02-27T18:00:00Z,T1,24,2026-02-26T06:00:00Z,36,6,dayahead,,0.622892,,False,mos-logistic-v0,start
2026-02-26T18:00:00Z,2026-02-27T00:00:00+06:00,2026-02-28T01:00:00+06:00,2026-02-27T19:00:00Z,T1,25,2026-02-26T06:00:00Z,37,6,dayahead,,0.598037,,False,mos-logistic-v0,start
2026-02-26T18:00:00Z,2026-02-27T00:00:00+06:00,2026-02-28T02:00:00+06:00,2026-02-27T20:00:00Z,T1,26,2026-02-26T06:00:00Z,38,6,dayahead,,0.499998,,False,mos-logistic-v0,start
2026-02-26T18:00:00Z,2026-02-27T00:00:00+06:00,2026-02-28T03:00:00+06:00,2026-02-27T21:00:00Z,T1,27,2026-02-26T06:00:00Z,39,6,dayahead,,0.441027,,False,mos-logistic-v0,start
2026-02-26T18:00:00Z,2026-02-27T00:00:00+06:00,2026-02-28T04:00:00+06:00,2026-02-27T22:00:00Z,T1,28,2026-02-26T06:00:00Z,40,6,dayahead,,0.482579,,False,mos-logistic-v0,start
2026-02-26T18:00:00Z,2026-02-27T00:00:00+06:00,2026-02-28T05:00:00+06:00,2026-02-27T23:00:00Z,T1,29,2026-02-26T06:00:00Z,41,6,dayahead,,0.515675,,False,mos-logistic-v0,start
2026-02-26T18:00:00Z,2026-02-27T00:00:00+06:00,2026-02-28T06:00:00+06:00,2026-02-28T00:00:00Z,T1,30,2026-02-26T06:00:00Z,42,6,dayahead,,0.498255,,False,mos-logistic-v0,start
2026-02-26T18:00:00Z,2026-02-27T00:00:00+06:00,2026-02-28T07:00:00+06:00,2026-02-28T01:00:00Z,T1,31,2026-02-26T06:00:00Z,43,6,dayahead,,0.594681,,False,mos-logistic-v0,start
2026-02-26T18:00:00Z,2026-02-27T00:00:00+06:00,2026-02-28T08:00:00+06:00,2026-02-28T02:00:00Z,T1,32,2026-02-26T06:00:00Z,44,6,dayahead,,0.703557,,False,mos-logistic-v0,start
2026-02-26T18:00:00Z,2026-02-27T00:00:00+06:00,2026-02-28T09:00:00+06:00,2026-02-28T03:00:00Z,T1,33,2026-02-26T06:00:00Z,45,6,dayahead,,0.670611,,False,mos-logistic-v0,start
2026-02-26T18:00:00Z,2026-02-27T00:00:00+06:00,2026-02-28T10:00:00+06:00,2026-02-28T04:00:00Z,T1,34,2026-02-26T06:00:00Z,46,6,dayahead,,0.616321,,False,mos-logistic-v0,start
2026-02-26T18:00:00Z,2026-02-27T00:00:00+06:00,2026-02-28T11:00:00+06:00,2026-02-28T05:00:00Z,T1,35,2026-02-26T06:00:00Z,47,6,dayahead,,0.694761,,False,mos-logistic-v0,start
2026-02-26T18:00:00Z,2026-02-27T00:00:00+06:00,2026-02-28T12:00:00+06:00,2026-02-28T06:00:00Z,T1,36,2026-02-26T06:00:00Z,48,6,dayahead,,0.72904,,False,mos-logistic-v0,start
2026-02-26T18:00:00Z,2026-02-27T00:00:00+06:00,2026-02-28T13:00:00+06:00,2026-02-28T07:00:00Z,T1,37,2026-02-26T06:00:00Z,49,6,dayahead,,0.702101,,False,mos-logistic-v0,start
2026-02-26T18:00:00Z,2026-02-27T00:00:00+06:00,2026-02-28T14:00:00+06:00,2026-02-28T08:00:00Z,T1,38,2026-02-26T06:00:00Z,50,6,dayahead,,0.690308,,False,mos-logistic-v0,start
2026-02-26T18:00:00Z,2026-02-27T00:00:00+06:00,2026-02-28T15:00:00+06:00,2026-02-28T09:00:00Z,T1,39,2026-02-26T06:00:00Z,51,6,dayahead,,0.68732,,False,mos-logistic-v0,start
2026-02-26T18:00:00Z,2026-02-27T00:00:00+06:00,2026-02-28T16:00:00+06:00,2026-02-28T10:00:00Z,T1,40,2026-02-26T06:00:00Z,52,6,dayahead,,0.624528,,False,mos-logistic-v0,start
2026-02-26T18:00:00Z,2026-02-27T00:00:00+06:00,2026-02-28T17:00:00+06:00,2026-02-28T11:00:00Z,T1,41,2026-02-26T06:00:00Z,53,6,dayahead,,0.593,,False,mos-logistic-v0,start
2026-02-26T18:00:00Z,2026-02-27T00:00:00+06:00,2026-02-28T18:00:00+06:00,2026-02-28T12:00:00Z,T1,42,2026-02-26T06:00:00Z,54,6,dayahead,,0.616321,,False,mos-logistic-v0,start
2026-02-26T18:00:00Z,2026-02-27T00:00:00+06:00,2026-02-28T19:00:00+06:00,2026-02-28T13:00:00Z,T1,43,2026-02-26T06:00:00Z,55,6,dayahead,,0.606385,,False,mos-logistic-v0,start
2026-02-26T18:00:00Z,2026-02-27T00:00:00+06:00,2026-02-28T20:00:00+06:00,2026-02-28T14:00:00Z,T1,44,2026-02-26T06:00:00Z,56,6,dayahead,,0.50174,,False,mos-logistic-v0,start
2026-02-26T18:00:00Z,2026-02-27T00:00:00+06:00,2026-02-28T21:00:00+06:00,2026-02-28T15:00:00Z,T1,45,2026-02-26T06:00:00Z,57,6,dayahead,,0.430744,,False,mos-logistic-v0,start
2026-02-26T18:00:00Z,2026-02-27T00:00:00+06:00,2026-02-28T22:00:00+06:00,2026-02-28T16:00:00Z,T1,46,2026-02-26T06:00:00Z,58,6,dayahead,,0.312676,,False,mos-logistic-v0,start
2026-02-26T18:00:00Z,2026-02-27T00:00:00+06:00,2026-02-28T23:00:00+06:00,2026-02-28T17:00:00Z,T1,47,2026-02-26T06:00:00Z,59,6,dayahead,,0.260083,,False,mos-logistic-v0,start
2026-02-26T18:00:00Z,2026-02-27T00:00:00+06:00,2026-02-27T00:00:00+06:00,2026-02-26T18:00:00Z,T2,0,2026-02-26T06:00:00Z,12,6,dayahead,,0.682809,,False,mos-logistic-v0,start
2026-02-26T18:00:00Z,2026-02-27T00:00:00+06:00,2026-02-27T01:00:00+06:00,2026-02-26T19:00:00Z,T2,1,2026-02-26T06:00:00Z,13,6,dayahead,,0.408679,,False,mos-logistic-v0,start
2026-02-26T18:00:00Z,2026-02-27T00:00:00+06:00,2026-02-27T02:00:00+06:00,2026-02-26T20:00:00Z,T2,2,2026-02-26T06:00:00Z,14,6,dayahead,,0.314176,,False,mos-logistic-v0,start
2026-02-26T18:00:00Z,2026-02-27T00:00:00+06:00,2026-02-27T03:00:00+06:00,2026-02-26T21:00:00Z,T2,3,2026-02-26T06:00:00Z,15,6,dayahead,,0.505225,,False,mos-logistic-v0,start
2026-02-26T18:00:00Z,2026-02-27T00:00:00+06:00,2026-02-27T04:00:00+06:00,2026-02-26T22:00:00Z,T2,4,2026-02-26T06:00:00Z,16,6,dayahead,,0.541722,,False,mos-logistic-v0,start
2026-02-26T18:00:00Z,2026-02-27T00:00:00+06:00,2026-02-27T05:00:00+06:00,2026-02-26T23:00:00Z,T2,5,2026-02-26T06:00:00Z,17,6,dayahead,,0.429036,,False,mos-logistic-v0,start
2026-02-26T18:00:00Z,2026-02-27T00:00:00+06:00,2026-02-27T06:00:00+06:00,2026-02-27T00:00:00Z,T2,6,2026-02-26T06:00:00Z,18,6,dayahead,,0.383674,,False,mos-logistic-v0,start
2026-02-26T18:00:00Z,2026-02-27T00:00:00+06:00,2026-02-27T07:00:00+06:00,2026-02-27T01:00:00Z,T2,7,2026-02-26T06:00:00Z,19,6,dayahead,,0.396943,,False,mos-logistic-v0,start
2026-02-26T18:00:00Z,2026-02-27T00:00:00+06:00,2026-02-27T08:00:00+06:00,2026-02-27T02:00:00Z,T2,8,2026-02-26T06:00:00Z,20,6,dayahead,,0.398613,,False,mos-logistic-v0,start
2026-02-26T18:00:00Z,2026-02-27T00:00:00+06:00,2026-02-27T09:00:00+06:00,2026-02-27T03:00:00Z,T2,9,2026-02-26T06:00:00Z,21,6,dayahead,,0.265484,,False,mos-logistic-v0,start
2026-02-26T18:00:00Z,2026-02-27T00:00:00+06:00,2026-02-27T10:00:00+06:00,2026-02-27T04:00:00Z,T2,10,2026-02-26T06:00:00Z,22,6,dayahead,,0.197655,,False,mos-logistic-v0,start
2026-02-26T18:00:00Z,2026-02-27T00:00:00+06:00,2026-02-27T11:00:00+06:00,2026-02-27T05:00:00Z,T2,11,2026-02-26T06:00:00Z,23,6,dayahead,,0.138692,,False,mos-logistic-v0,start
2026-02-26T18:00:00Z,2026-02-27T00:00:00+06:00,2026-02-27T12:00:00+06:00,2026-02-27T06:00:00Z,T2,12,2026-02-26T06:00:00Z,24,6,dayahead,,0.217121,,False,mos-logistic-v0,start
2026-02-26T18:00:00Z,2026-02-27T00:00:00+06:00,2026-02-27T13:00:00+06:00,2026-02-27T07:00:00Z,T2,13,2026-02-26T06:00:00Z,25,6,dayahead,,0.168516,,False,mos-logistic-v0,start
2026-02-26T18:00:00Z,2026-02-27T00:00:00+06:00,2026-02-27T14:00:00+06:00,2026-02-27T08:00:00Z,T2,14,2026-02-26T06:00:00Z,26,6,dayahead,,0.231675,,False,mos-logistic-v0,start
2026-02-26T18:00:00Z,2026-02-27T00:00:00+06:00,2026-02-27T15:00:00+06:00,2026-02-27T09:00:00Z,T2,15,2026-02-26T06:00:00Z,27,6,dayahead,,0.395276,,False,mos-logistic-v0,start
2026-02-26T18:00:00Z,2026-02-27T00:00:00+06:00,2026-02-27T16:00:00+06:00,2026-02-27T10:00:00Z,T2,16,2026-02-26T06:00:00Z,28,6,dayahead,,0.472146,,False,mos-logistic-v0,start
2026-02-26T18:00:00Z,2026-02-27T00:00:00+06:00,2026-02-27T17:00:00+06:00,2026-02-27T11:00:00Z,T2,17,2026-02-26T06:00:00Z,29,6,dayahead,,0.536526,,False,mos-logistic-v0,start
2026-02-26T18:00:00Z,2026-02-27T00:00:00+06:00,2026-02-27T18:00:00+06:00,2026-02-27T12:00:00Z,T2,18,2026-02-26T06:00:00Z,30,6,dayahead,,0.601383,,False,mos-logistic-v0,start
2026-02-26T18:00:00Z,2026-02-27T00:00:00+06:00,2026-02-27T19:00:00+06:00,2026-02-27T13:00:00Z,T2,19,2026-02-26T06:00:00Z,31,6,dayahead,,0.591316,,False,mos-logistic-v0,start
2026-02-26T18:00:00Z,2026-02-27T00:00:00+06:00,2026-02-27T20:00:00+06:00,2026-02-27T14:00:00Z,T2,20,2026-02-26T06:00:00Z,32,6,dayahead,,0.591316,,False,mos-logistic-v0,start
2026-02-26T18:00:00Z,2026-02-27T00:00:00+06:00,2026-02-27T21:00:00+06:00,2026-02-27T15:00:00Z,T2,21,2026-02-26T06:00:00Z,33,6,dayahead,,0.591316,,False,mos-logistic-v0,start
2026-02-26T18:00:00Z,2026-02-27T00:00:00+06:00,2026-02-27T22:00:00+06:00,2026-02-27T16:00:00Z,T2,22,2026-02-26T06:00:00Z,34,6,dayahead,,0.522635,,False,mos-logistic-v0,start
2026-02-26T18:00:00Z,2026-02-27T00:00:00+06:00,2026-02-27T23:00:00+06:00,2026-02-27T17:00:00Z,T2,23,2026-02-26T06:00:00Z,35,6,dayahead,,0.587943,,False,mos-logistic-v0,start
2026-02-26T18:00:00Z,2026-02-27T00:00:00+06:00,2026-02-28T00:00:00+06:00,2026-02-27T18:00:00Z,T2,24,2026-02-26T06:00:00Z,36,6,dayahead,,0.622892,,False,mos-logistic-v0,start
2026-02-26T18:00:00Z,2026-02-27T00:00:00+06:00,2026-02-28T01:00:00+06:00,2026-02-27T19:00:00Z,T2,25,2026-02-26T06:00:00Z,37,6,dayahead,,0.598037,,False,mos-logistic-v0,start
2026-02-26T18:00:00Z,2026-02-27T00:00:00+06:00,2026-02-28T02:00:00+06:00,2026-02-27T20:00:00Z,T2,26,2026-02-26T06:00:00Z,38,6,dayahead,,0.499998,,False,mos-logistic-v0,start
2026-02-26T18:00:00Z,2026-02-27T00:00:00+06:00,2026-02-28T03:00:00+06:00,2026-02-27T21:00:00Z,T2,27,2026-02-26T06:00:00Z,39,6,dayahead,,0.441027,,False,mos-logistic-v0,start
2026-02-26T18:00:00Z,2026-02-27T00:00:00+06:00,2026-02-28T04:00:00+06:00,2026-02-27T22:00:00Z,T2,28,2026-02-26T06:00:00Z,40,6,dayahead,,0.482579,,False,mos-logistic-v0,start
2026-02-26T18:00:00Z,2026-02-27T00:00:00+06:00,2026-02-28T05:00:00+06:00,2026-02-27T23:00:00Z,T2,29,2026-02-26T06:00:00Z,41,6,dayahead,,0.515675,,False,mos-logistic-v0,start
2026-02-26T18:00:00Z,2026-02-27T00:00:00+06:00,2026-02-28T06:00:00+06:00,2026-02-28T00:00:00Z,T2,30,2026-02-26T06:00:00Z,42,6,dayahead,,0.498255,,False,mos-logistic-v0,start
2026-02-26T18:00:00Z,2026-02-27T00:00:00+06:00,2026-02-28T07:00:00+06:00,2026-02-28T01:00:00Z,T2,31,2026-02-26T06:00:00Z,43,6,dayahead,,0.594681,,False,mos-logistic-v0,start
2026-02-26T18:00:00Z,2026-02-27T00:00:00+06:00,2026-02-28T08:00:00+06:00,2026-02-28T02:00:00Z,T2,32,2026-02-26T06:00:00Z,44,6,dayahead,,0.703557,,False,mos-logistic-v0,start
2026-02-26T18:00:00Z,2026-02-27T00:00:00+06:00,2026-02-28T09:00:00+06:00,2026-02-28T03:00:00Z,T2,33,2026-02-26T06:00:00Z,45,6,dayahead,,0.670611,,False,mos-logistic-v0,start
2026-02-26T18:00:00Z,2026-02-27T00:00:00+06:00,2026-02-28T10:00:00+06:00,2026-02-28T04:00:00Z,T2,34,2026-02-26T06:00:00Z,46,6,dayahead,,0.616321,,False,mos-logistic-v0,start
2026-02-26T18:00:00Z,2026-02-27T00:00:00+06:00,2026-02-28T11:00:00+06:00,2026-02-28T05:00:00Z,T2,35,2026-02-26T06:00:00Z,47,6,dayahead,,0.694761,,False,mos-logistic-v0,start
2026-02-26T18:00:00Z,2026-02-27T00:00:00+06:00,2026-02-28T12:00:00+06:00,2026-02-28T06:00:00Z,T2,36,2026-02-26T06:00:00Z,48,6,dayahead,,0.72904,,False,mos-logistic-v0,start
2026-02-26T18:00:00Z,2026-02-27T00:00:00+06:00,2026-02-28T13:00:00+06:00,2026-02-28T07:00:00Z,T2,37,2026-02-26T06:00:00Z,49,6,dayahead,,0.702101,,False,mos-logistic-v0,start
2026-02-26T18:00:00Z,2026-02-27T00:00:00+06:00,2026-02-28T14:00:00+06:00,2026-02-28T08:00:00Z,T2,38,2026-02-26T06:00:00Z,50,6,dayahead,,0.690308,,False,mos-logistic-v0,start
2026-02-26T18:00:00Z,2026-02-27T00:00:00+06:00,2026-02-28T15:00:00+06:00,2026-02-28T09:00:00Z,T2,39,2026-02-26T06:00:00Z,51,6,dayahead,,0.68732,,False,mos-logistic-v0,start
2026-02-26T18:00:00Z,2026-02-27T00:00:00+06:00,2026-02-28T16:00:00+06:00,2026-02-28T10:00:00Z,T2,40,2026-02-26T06:00:00Z,52,6,dayahead,,0.624528,,False,mos-logistic-v0,start
2026-02-26T18:00:00Z,2026-02-27T00:00:00+06:00,2026-02-28T17:00:00+06:00,2026-02-28T11:00:00Z,T2,41,2026-02-26T06:00:00Z,53,6,dayahead,,0.593,,False,mos-logistic-v0,start
2026-02-26T18:00:00Z,2026-02-27T00:00:00+06:00,2026-02-28T18:00:00+06:00,2026-02-28T12:00:00Z,T2,42,2026-02-26T06:00:00Z,54,6,dayahead,,0.616321,,False,mos-logistic-v0,start
2026-02-26T18:00:00Z,2026-02-27T00:00:00+06:00,2026-02-28T19:00:00+06:00,2026-02-28T13:00:00Z,T2,43,2026-02-26T06:00:00Z,55,6,dayahead,,0.606385,,False,mos-logistic-v0,start
2026-02-26T18:00:00Z,2026-02-27T00:00:00+06:00,2026-02-28T20:00:00+06:00,2026-02-28T14:00:00Z,T2,44,2026-02-26T06:00:00Z,56,6,dayahead,,0.50174,,False,mos-logistic-v0,start
2026-02-26T18:00:00Z,2026-02-27T00:00:00+06:00,2026-02-28T21:00:00+06:00,2026-02-28T15:00:00Z,T2,45,2026-02-26T06:00:00Z,57,6,dayahead,,0.430744,,False,mos-logistic-v0,start
2026-02-26T18:00:00Z,2026-02-27T00:00:00+06:00,2026-02-28T22:00:00+06:00,2026-02-28T16:00:00Z,T2,46,2026-02-26T06:00:00Z,58,6,dayahead,,0.312676,,False,mos-logistic-v0,start
2026-02-26T18:00:00Z,2026-02-27T00:00:00+06:00,2026-02-28T23:00:00+06:00,2026-02-28T17:00:00Z,T2,47,2026-02-26T06:00:00Z,59,6,dayahead,,0.260083,,False,mos-logistic-v0,start
2026-02-27T18:00:00Z,2026-02-28T00:00:00+06:00,2026-02-28T00:00:00+06:00,2026-02-27T18:00:00Z,T1,0,2026-02-27T06:00:00Z,12,6,dayahead,,0.59636,,False,mos-logistic-v0,start
2026-02-27T18:00:00Z,2026-02-28T00:00:00+06:00,2026-02-28T01:00:00+06:00,2026-02-27T19:00:00Z,T1,1,2026-02-27T06:00:00Z,13,6,dayahead,,0.536526,,False,mos-logistic-v0,start
2026-02-27T18:00:00Z,2026-02-28T00:00:00+06:00,2026-02-28T02:00:00+06:00,2026-02-27T20:00:00Z,T1,2,2026-02-27T06:00:00Z,14,6,dayahead,,0.513934,,False,mos-logistic-v0,start
2026-02-27T18:00:00Z,2026-02-28T00:00:00+06:00,2026-02-28T03:00:00+06:00,2026-02-27T21:00:00Z,T1,3,2026-02-27T06:00:00Z,15,6,dayahead,,0.526112,,False,mos-logistic-v0,start
2026-02-27T18:00:00Z,2026-02-28T00:00:00+06:00,2026-02-28T04:00:00+06:00,2026-02-27T22:00:00Z,T1,4,2026-02-27T06:00:00Z,16,6,dayahead,,0.46347,,False,mos-logistic-v0,start
2026-02-27T18:00:00Z,2026-02-28T00:00:00+06:00,2026-02-28T05:00:00+06:00,2026-02-27T23:00:00Z,T1,5,2026-02-27T06:00:00Z,17,6,dayahead,,0.360876,,False,mos-logistic-v0,start
2026-02-27T18:00:00Z,2026-02-28T00:00:00+06:00,2026-02-28T06:00:00+06:00,2026-02-28T00:00:00Z,T1,6,2026-02-27T06:00:00Z,18,6,dayahead,,0.50174,,False,mos-logistic-v0,start
2026-02-27T18:00:00Z,2026-02-28T00:00:00+06:00,2026-02-28T07:00:00+06:00,2026-02-28T01:00:00Z,T1,7,2026-02-27T06:00:00Z,19,6,dayahead,,0.50871,,False,mos-logistic-v0,start
2026-02-27T18:00:00Z,2026-02-28T00:00:00+06:00,2026-02-28T08:00:00+06:00,2026-02-28T02:00:00Z,T1,8,2026-02-27T06:00:00Z,20,6,dayahead,,0.617968,,False,mos-logistic-v0,start
2026-02-27T18:00:00Z,2026-02-28T00:00:00+06:00,2026-02-28T09:00:00+06:00,2026-02-28T03:00:00Z,T1,9,2026-02-27T06:00:00Z,21,6,dayahead,,0.648708,,False,mos-logistic-v0,start
2026-02-27T18:00:00Z,2026-02-28T00:00:00+06:00,2026-02-28T10:00:00+06:00,2026-02-28T04:00:00Z,T1,10,2026-02-27T06:00:00Z,22,6,dayahead,,0.61302,,False,mos-logistic-v0,start
2026-02-27T18:00:00Z,2026-02-28T00:00:00+06:00,2026-02-28T11:00:00+06:00,2026-02-28T05:00:00Z,T1,11,2026-02-27T06:00:00Z,23,6,dayahead,,0.758248,,False,mos-logistic-v0,start
2026-02-27T18:00:00Z,2026-02-28T00:00:00+06:00,2026-02-28T12:00:00+06:00,2026-02-28T06:00:00Z,T1,12,2026-02-27T06:00:00Z,24,6,dayahead,,0.626161,,False,mos-logistic-v0,start
2026-02-27T18:00:00Z,2026-02-28T00:00:00+06:00,2026-02-28T13:00:00+06:00,2026-02-28T07:00:00Z,T1,13,2026-02-27T06:00:00Z,25,6,dayahead,,0.700641,,False,mos-logistic-v0,start
2026-02-27T18:00:00Z,2026-02-28T00:00:00+06:00,2026-02-28T14:00:00+06:00,2026-02-28T08:00:00Z,T1,14,2026-02-27T06:00:00Z,26,6,dayahead,,0.710773,,False,mos-logistic-v0,start
2026-02-27T18:00:00Z,2026-02-28T00:00:00+06:00,2026-02-28T15:00:00+06:00,2026-02-28T09:00:00Z,T1,15,2026-02-27T06:00:00Z,27,6,dayahead,,0.653459,,False,mos-logistic-v0,start
2026-02-27T18:00:00Z,2026-02-28T00:00:00+06:00,2026-02-28T16:00:00+06:00,2026-02-28T10:00:00Z,T1,16,2026-02-27T06:00:00Z,28,6,dayahead,,0.624528,,False,mos-logistic-v0,start
2026-02-27T18:00:00Z,2026-02-28T00:00:00+06:00,2026-02-28T17:00:00+06:00,2026-02-28T11:00:00Z,T1,17,2026-02-27T06:00:00Z,29,6,dayahead,,0.564117,,False,mos-logistic-v0,start
2026-02-27T18:00:00Z,2026-02-28T00:00:00+06:00,2026-02-28T18:00:00+06:00,2026-02-28T12:00:00Z,T1,18,2026-02-27T06:00:00Z,30,6,dayahead,,0.468673,,False,mos-logistic-v0,start
2026-02-27T18:00:00Z,2026-02-28T00:00:00+06:00,2026-02-28T19:00:00+06:00,2026-02-28T13:00:00Z,T1,19,2026-02-27T06:00:00Z,31,6,dayahead,,0.454815,,False,mos-logistic-v0,start
2026-02-27T18:00:00Z,2026-02-28T00:00:00+06:00,2026-02-28T20:00:00+06:00,2026-02-28T14:00:00Z,T1,20,2026-02-27T06:00:00Z,32,6,dayahead,,0.372204,,False,mos-logistic-v0,start
2026-02-27T18:00:00Z,2026-02-28T00:00:00+06:00,2026-02-28T21:00:00+06:00,2026-02-28T15:00:00Z,T1,21,2026-02-27T06:00:00Z,33,6,dayahead,,0.260083,,False,mos-logistic-v0,start
2026-02-27T18:00:00Z,2026-02-28T00:00:00+06:00,2026-02-28T22:00:00+06:00,2026-02-28T16:00:00Z,T1,22,2026-02-27T06:00:00Z,34,6,dayahead,,0.225529,,False,mos-logistic-v0,start
2026-02-27T18:00:00Z,2026-02-28T00:00:00+06:00,2026-02-28T23:00:00+06:00,2026-02-28T17:00:00Z,T1,23,2026-02-27T06:00:00Z,35,6,dayahead,,0.135395,,False,mos-logistic-v0,start
2026-02-27T18:00:00Z,2026-02-28T00:00:00+06:00,2026-03-01T00:00:00+06:00,2026-02-28T18:00:00Z,T1,24,2026-02-27T06:00:00Z,36,6,dayahead,,0.091688,,True,mos-logistic-v0,start
2026-02-27T18:00:00Z,2026-02-28T00:00:00+06:00,2026-03-01T01:00:00+06:00,2026-02-28T19:00:00Z,T1,25,2026-02-27T06:00:00Z,37,6,dayahead,,0.062304,,True,mos-logistic-v0,start
2026-02-27T18:00:00Z,2026-02-28T00:00:00+06:00,2026-03-01T02:00:00+06:00,2026-02-28T20:00:00Z,T1,26,2026-02-27T06:00:00Z,38,6,dayahead,,0.052173,,True,mos-logistic-v0,start
2026-02-27T18:00:00Z,2026-02-28T00:00:00+06:00,2026-03-01T03:00:00+06:00,2026-02-28T21:00:00Z,T1,27,2026-02-27T06:00:00Z,39,6,dayahead,,0.042183,,True,mos-logistic-v0,start
2026-02-27T18:00:00Z,2026-02-28T00:00:00+06:00,2026-03-01T04:00:00+06:00,2026-02-28T22:00:00Z,T1,28,2026-02-27T06:00:00Z,40,6,dayahead,,0.0379,,True,mos-logistic-v0,start
2026-02-27T18:00:00Z,2026-02-28T00:00:00+06:00,2026-03-01T05:00:00+06:00,2026-02-28T23:00:00Z,T1,29,2026-02-27T06:00:00Z,41,6,dayahead,,0.038155,,True,mos-logistic-v0,start
2026-02-27T18:00:00Z,2026-02-28T00:00:00+06:00,2026-03-01T06:00:00+06:00,2026-03-01T00:00:00Z,T1,30,2026-02-27T06:00:00Z,42,6,dayahead,,0.029941,,True,mos-logistic-v0,start
2026-02-27T18:00:00Z,2026-02-28T00:00:00+06:00,2026-03-01T07:00:00+06:00,2026-03-01T01:00:00Z,T1,31,2026-02-27T06:00:00Z,43,6,dayahead,,0.035439,,True,mos-logistic-v0,start
2026-02-27T18:00:00Z,2026-02-28T00:00:00+06:00,2026-03-01T08:00:00+06:00,2026-03-01T02:00:00Z,T1,32,2026-02-27T06:00:00Z,44,6,dayahead,,0.035439,,True,mos-logistic-v0,start
2026-02-27T18:00:00Z,2026-02-28T00:00:00+06:00,2026-03-01T09:00:00+06:00,2026-03-01T03:00:00Z,T1,33,2026-02-27T06:00:00Z,45,6,dayahead,,0.024429,,True,mos-logistic-v0,start
2026-02-27T18:00:00Z,2026-02-28T00:00:00+06:00,2026-03-01T10:00:00+06:00,2026-03-01T04:00:00Z,T1,34,2026-02-27T06:00:00Z,46,6,dayahead,,0.024429,,True,mos-logistic-v0,start
2026-02-27T18:00:00Z,2026-02-28T00:00:00+06:00,2026-03-01T11:00:00+06:00,2026-03-01T05:00:00Z,T1,35,2026-02-27T06:00:00Z,47,6,dayahead,,0.033808,,True,mos-logistic-v0,start
2026-02-27T18:00:00Z,2026-02-28T00:00:00+06:00,2026-03-01T12:00:00+06:00,2026-03-01T06:00:00Z,T1,36,2026-02-27T06:00:00Z,48,6,dayahead,,0.041623,,True,mos-logistic-v0,start
2026-02-27T18:00:00Z,2026-02-28T00:00:00+06:00,2026-03-01T13:00:00+06:00,2026-03-01T07:00:00Z,T1,37,2026-02-27T06:00:00Z,49,6,dayahead,,0.047239,,True,mos-logistic-v0,start
2026-02-27T18:00:00Z,2026-02-28T00:00:00+06:00,2026-03-01T14:00:00+06:00,2026-03-01T08:00:00Z,T1,38,2026-02-27T06:00:00Z,50,6,dayahead,,0.046926,,True,mos-logistic-v0,start
2026-02-27T18:00:00Z,2026-02-28T00:00:00+06:00,2026-03-01T15:00:00+06:00,2026-03-01T09:00:00Z,T1,39,2026-02-27T06:00:00Z,51,6,dayahead,,0.043324,,True,mos-logistic-v0,start
2026-02-27T18:00:00Z,2026-02-28T00:00:00+06:00,2026-03-01T16:00:00+06:00,2026-03-01T10:00:00Z,T1,40,2026-02-27T06:00:00Z,52,6,dayahead,,0.046926,,True,mos-logistic-v0,start
2026-02-27T18:00:00Z,2026-02-28T00:00:00+06:00,2026-03-01T17:00:00+06:00,2026-03-01T11:00:00Z,T1,41,2026-02-27T06:00:00Z,53,6,dayahead,,0.062304,,True,mos-logistic-v0,start
2026-02-27T18:00:00Z,2026-02-28T00:00:00+06:00,2026-03-01T18:00:00+06:00,2026-03-01T12:00:00Z,T1,42,2026-02-27T06:00:00Z,54,6,dayahead,,0.034036,,True,mos-logistic-v0,start
2026-02-27T18:00:00Z,2026-02-28T00:00:00+06:00,2026-03-01T19:00:00+06:00,2026-03-01T13:00:00Z,T1,43,2026-02-27T06:00:00Z,55,6,dayahead,,0.025274,,True,mos-logistic-v0,start
2026-02-27T18:00:00Z,2026-02-28T00:00:00+06:00,2026-03-01T20:00:00+06:00,2026-03-01T14:00:00Z,T1,44,2026-02-27T06:00:00Z,56,6,dayahead,,0.061898,,True,mos-logistic-v0,start
2026-02-27T18:00:00Z,2026-02-28T00:00:00+06:00,2026-03-01T21:00:00+06:00,2026-03-01T15:00:00Z,T1,45,2026-02-27T06:00:00Z,57,6,dayahead,,0.174458,,True,mos-logistic-v0,start
2026-02-27T18:00:00Z,2026-02-28T00:00:00+06:00,2026-03-01T22:00:00+06:00,2026-03-01T16:00:00Z,T1,46,2026-02-27T06:00:00Z,58,6,dayahead,,0.447911,,True,mos-logistic-v0,start
2026-02-27T18:00:00Z,2026-02-28T00:00:00+06:00,2026-03-01T23:00:00+06:00,2026-03-01T17:00:00Z,T1,47,2026-02-27T06:00:00Z,59,6,dayahead,,0.667524,,True,mos-logistic-v0,start
2026-02-27T18:00:00Z,2026-02-28T00:00:00+06:00,2026-02-28T00:00:00+06:00,2026-02-27T18:00:00Z,T2,0,2026-02-27T06:00:00Z,12,6,dayahead,,0.59636,,False,mos-logistic-v0,start
2026-02-27T18:00:00Z,2026-02-28T00:00:00+06:00,2026-02-28T01:00:00+06:00,2026-02-27T19:00:00Z,T2,1,2026-02-27T06:00:00Z,13,6,dayahead,,0.536526,,False,mos-logistic-v0,start
2026-02-27T18:00:00Z,2026-02-28T00:00:00+06:00,2026-02-28T02:00:00+06:00,2026-02-27T20:00:00Z,T2,2,2026-02-27T06:00:00Z,14,6,dayahead,,0.513934,,False,mos-logistic-v0,start
2026-02-27T18:00:00Z,2026-02-28T00:00:00+06:00,2026-02-28T03:00:00+06:00,2026-02-27T21:00:00Z,T2,3,2026-02-27T06:00:00Z,15,6,dayahead,,0.526112,,False,mos-logistic-v0,start
2026-02-27T18:00:00Z,2026-02-28T00:00:00+06:00,2026-02-28T04:00:00+06:00,2026-02-27T22:00:00Z,T2,4,2026-02-27T06:00:00Z,16,6,dayahead,,0.46347,,False,mos-logistic-v0,start
2026-02-27T18:00:00Z,2026-02-28T00:00:00+06:00,2026-02-28T05:00:00+06:00,2026-02-27T23:00:00Z,T2,5,2026-02-27T06:00:00Z,17,6,dayahead,,0.360876,,False,mos-logistic-v0,start
2026-02-27T18:00:00Z,2026-02-28T00:00:00+06:00,2026-02-28T06:00:00+06:00,2026-02-28T00:00:00Z,T2,6,2026-02-27T06:00:00Z,18,6,dayahead,,0.50174,,False,mos-logistic-v0,start
2026-02-27T18:00:00Z,2026-02-28T00:00:00+06:00,2026-02-28T07:00:00+06:00,2026-02-28T01:00:00Z,T2,7,2026-02-27T06:00:00Z,19,6,dayahead,,0.50871,,False,mos-logistic-v0,start
2026-02-27T18:00:00Z,2026-02-28T00:00:00+06:00,2026-02-28T08:00:00+06:00,2026-02-28T02:00:00Z,T2,8,2026-02-27T06:00:00Z,20,6,dayahead,,0.617968,,False,mos-logistic-v0,start
2026-02-27T18:00:00Z,2026-02-28T00:00:00+06:00,2026-02-28T09:00:00+06:00,2026-02-28T03:00:00Z,T2,9,2026-02-27T06:00:00Z,21,6,dayahead,,0.648708,,False,mos-logistic-v0,start
2026-02-27T18:00:00Z,2026-02-28T00:00:00+06:00,2026-02-28T10:00:00+06:00,2026-02-28T04:00:00Z,T2,10,2026-02-27T06:00:00Z,22,6,dayahead,,0.61302,,False,mos-logistic-v0,start
2026-02-27T18:00:00Z,2026-02-28T00:00:00+06:00,2026-02-28T11:00:00+06:00,2026-02-28T05:00:00Z,T2,11,2026-02-27T06:00:00Z,23,6,dayahead,,0.758248,,False,mos-logistic-v0,start
2026-02-27T18:00:00Z,2026-02-28T00:00:00+06:00,2026-02-28T12:00:00+06:00,2026-02-28T06:00:00Z,T2,12,2026-02-27T06:00:00Z,24,6,dayahead,,0.626161,,False,mos-logistic-v0,start
2026-02-27T18:00:00Z,2026-02-28T00:00:00+06:00,2026-02-28T13:00:00+06:00,2026-02-28T07:00:00Z,T2,13,2026-02-27T06:00:00Z,25,6,dayahead,,0.700641,,False,mos-logistic-v0,start
2026-02-27T18:00:00Z,2026-02-28T00:00:00+06:00,2026-02-28T14:00:00+06:00,2026-02-28T08:00:00Z,T2,14,2026-02-27T06:00:00Z,26,6,dayahead,,0.710773,,False,mos-logistic-v0,start
2026-02-27T18:00:00Z,2026-02-28T00:00:00+06:00,2026-02-28T15:00:00+06:00,2026-02-28T09:00:00Z,T2,15,2026-02-27T06:00:00Z,27,6,dayahead,,0.653459,,False,mos-logistic-v0,start
2026-02-27T18:00:00Z,2026-02-28T00:00:00+06:00,2026-02-28T16:00:00+06:00,2026-02-28T10:00:00Z,T2,16,2026-02-27T06:00:00Z,28,6,dayahead,,0.624528,,False,mos-logistic-v0,start
2026-02-27T18:00:00Z,2026-02-28T00:00:00+06:00,2026-02-28T17:00:00+06:00,2026-02-28T11:00:00Z,T2,17,2026-02-27T06:00:00Z,29,6,dayahead,,0.564117,,False,mos-logistic-v0,start
2026-02-27T18:00:00Z,2026-02-28T00:00:00+06:00,2026-02-28T18:00:00+06:00,2026-02-28T12:00:00Z,T2,18,2026-02-27T06:00:00Z,30,6,dayahead,,0.468673,,False,mos-logistic-v0,start
2026-02-27T18:00:00Z,2026-02-28T00:00:00+06:00,2026-02-28T19:00:00+06:00,2026-02-28T13:00:00Z,T2,19,2026-02-27T06:00:00Z,31,6,dayahead,,0.454815,,False,mos-logistic-v0,start
2026-02-27T18:00:00Z,2026-02-28T00:00:00+06:00,2026-02-28T20:00:00+06:00,2026-02-28T14:00:00Z,T2,20,2026-02-27T06:00:00Z,32,6,dayahead,,0.372204,,False,mos-logistic-v0,start
2026-02-27T18:00:00Z,2026-02-28T00:00:00+06:00,2026-02-28T21:00:00+06:00,2026-02-28T15:00:00Z,T2,21,2026-02-27T06:00:00Z,33,6,dayahead,,0.260083,,False,mos-logistic-v0,start
2026-02-27T18:00:00Z,2026-02-28T00:00:00+06:00,2026-02-28T22:00:00+06:00,2026-02-28T16:00:00Z,T2,22,2026-02-27T06:00:00Z,34,6,dayahead,,0.225529,,False,mos-logistic-v0,start
2026-02-27T18:00:00Z,2026-02-28T00:00:00+06:00,2026-02-28T23:00:00+06:00,2026-02-28T17:00:00Z,T2,23,2026-02-27T06:00:00Z,35,6,dayahead,,0.135395,,False,mos-logistic-v0,start
2026-02-27T18:00:00Z,2026-02-28T00:00:00+06:00,2026-03-01T00:00:00+06:00,2026-02-28T18:00:00Z,T2,24,2026-02-27T06:00:00Z,36,6,dayahead,,0.091688,,True,mos-logistic-v0,start
2026-02-27T18:00:00Z,2026-02-28T00:00:00+06:00,2026-03-01T01:00:00+06:00,2026-02-28T19:00:00Z,T2,25,2026-02-27T06:00:00Z,37,6,dayahead,,0.062304,,True,mos-logistic-v0,start
2026-02-27T18:00:00Z,2026-02-28T00:00:00+06:00,2026-03-01T02:00:00+06:00,2026-02-28T20:00:00Z,T2,26,2026-02-27T06:00:00Z,38,6,dayahead,,0.052173,,True,mos-logistic-v0,start
2026-02-27T18:00:00Z,2026-02-28T00:00:00+06:00,2026-03-01T03:00:00+06:00,2026-02-28T21:00:00Z,T2,27,2026-02-27T06:00:00Z,39,6,dayahead,,0.042183,,True,mos-logistic-v0,start
2026-02-27T18:00:00Z,2026-02-28T00:00:00+06:00,2026-03-01T04:00:00+06:00,2026-02-28T22:00:00Z,T2,28,2026-02-27T06:00:00Z,40,6,dayahead,,0.0379,,True,mos-logistic-v0,start
2026-02-27T18:00:00Z,2026-02-28T00:00:00+06:00,2026-03-01T05:00:00+06:00,2026-02-28T23:00:00Z,T2,29,2026-02-27T06:00:00Z,41,6,dayahead,,0.038155,,True,mos-logistic-v0,start
2026-02-27T18:00:00Z,2026-02-28T00:00:00+06:00,2026-03-01T06:00:00+06:00,2026-03-01T00:00:00Z,T2,30,2026-02-27T06:00:00Z,42,6,dayahead,,0.029941,,True,mos-logistic-v0,start
2026-02-27T18:00:00Z,2026-02-28T00:00:00+06:00,2026-03-01T07:00:00+06:00,2026-03-01T01:00:00Z,T2,31,2026-02-27T06:00:00Z,43,6,dayahead,,0.035439,,True,mos-logistic-v0,start
2026-02-27T18:00:00Z,2026-02-28T00:00:00+06:00,2026-03-01T08:00:00+06:00,2026-03-01T02:00:00Z,T2,32,2026-02-27T06:00:00Z,44,6,dayahead,,0.035439,,True,mos-logistic-v0,start
2026-02-27T18:00:00Z,2026-02-28T00:00:00+06:00,2026-03-01T09:00:00+06:00,2026-03-01T03:00:00Z,T2,33,2026-02-27T06:00:00Z,45,6,dayahead,,0.024429,,True,mos-logistic-v0,start
2026-02-27T18:00:00Z,2026-02-28T00:00:00+06:00,2026-03-01T10:00:00+06:00,2026-03-01T04:00:00Z,T2,34,2026-02-27T06:00:00Z,46,6,dayahead,,0.024429,,True,mos-logistic-v0,start
2026-02-27T18:00:00Z,2026-02-28T00:00:00+06:00,2026-03-01T11:00:00+06:00,2026-03-01T05:00:00Z,T2,35,2026-02-27T06:00:00Z,47,6,dayahead,,0.033808,,True,mos-logistic-v0,start
2026-02-27T18:00:00Z,2026-02-28T00:00:00+06:00,2026-03-01T12:00:00+06:00,2026-03-01T06:00:00Z,T2,36,2026-02-27T06:00:00Z,48,6,dayahead,,0.041623,,True,mos-logistic-v0,start
2026-02-27T18:00:00Z,2026-02-28T00:00:00+06:00,2026-03-01T13:00:00+06:00,2026-03-01T07:00:00Z,T2,37,2026-02-27T06:00:00Z,49,6,dayahead,,0.047239,,True,mos-logistic-v0,start
2026-02-27T18:00:00Z,2026-02-28T00:00:00+06:00,2026-03-01T14:00:00+06:00,2026-03-01T08:00:00Z,T2,38,2026-02-27T06:00:00Z,50,6,dayahead,,0.046926,,True,mos-logistic-v0,start
2026-02-27T18:00:00Z,2026-02-28T00:00:00+06:00,2026-03-01T15:00:00+06:00,2026-03-01T09:00:00Z,T2,39,2026-02-27T06:00:00Z,51,6,dayahead,,0.043324,,True,mos-logistic-v0,start
2026-02-27T18:00:00Z,2026-02-28T00:00:00+06:00,2026-03-01T16:00:00+06:00,2026-03-01T10:00:00Z,T2,40,2026-02-27T06:00:00Z,52,6,dayahead,,0.046926,,True,mos-logistic-v0,start
2026-02-27T18:00:00Z,2026-02-28T00:00:00+06:00,2026-03-01T17:00:00+06:00,2026-03-01T11:00:00Z,T2,41,2026-02-27T06:00:00Z,53,6,dayahead,,0.062304,,True,mos-logistic-v0,start
2026-02-27T18:00:00Z,2026-02-28T00:00:00+06:00,2026-03-01T18:00:00+06:00,2026-03-01T12:00:00Z,T2,42,2026-02-27T06:00:00Z,54,6,dayahead,,0.034036,,True,mos-logistic-v0,start
2026-02-27T18:00:00Z,2026-02-28T00:00:00+06:00,2026-03-01T19:00:00+06:00,2026-03-01T13:00:00Z,T2,43,2026-02-27T06:00:00Z,55,6,dayahead,,0.025274,,True,mos-logistic-v0,start
2026-02-27T18:00:00Z,2026-02-28T00:00:00+06:00,2026-03-01T20:00:00+06:00,2026-03-01T14:00:00Z,T2,44,2026-02-27T06:00:00Z,56,6,dayahead,,0.061898,,True,mos-logistic-v0,start
2026-02-27T18:00:00Z,2026-02-28T00:00:00+06:00,2026-03-01T21:00:00+06:00,2026-03-01T15:00:00Z,T2,45,2026-02-27T06:00:00Z,57,6,dayahead,,0.174458,,True,mos-logistic-v0,start
2026-02-27T18:00:00Z,2026-02-28T00:00:00+06:00,2026-03-01T22:00:00+06:00,2026-03-01T16:00:00Z,T2,46,2026-02-27T06:00:00Z,58,6,dayahead,,0.447911,,True,mos-logistic-v0,start
2026-02-27T18:00:00Z,2026-02-28T00:00:00+06:00,2026-03-01T23:00:00+06:00,2026-03-01T17:00:00Z,T2,47,2026-02-27T06:00:00Z,59,6,dayahead,,0.667524,,True,mos-logistic-v0,start
2026-02-28T18:00:00Z,2026-03-01T00:00:00+06:00,2026-03-01T00:00:00+06:00,2026-02-28T18:00:00Z,T1,0,2026-02-28T06:00:00Z,12,6,dayahead,,0.254754,,True,mos-logistic-v0,start
2026-02-28T18:00:00Z,2026-03-01T00:00:00+06:00,2026-03-01T01:00:00+06:00,2026-02-28T19:00:00Z,T1,1,2026-02-28T06:00:00Z,13,6,dayahead,,0.221898,,True,mos-logistic-v0,start
2026-02-28T18:00:00Z,2026-03-01T00:00:00+06:00,2026-03-01T02:00:00+06:00,2026-02-28T20:00:00Z,T1,2,2026-02-28T06:00:00Z,14,6,dayahead,,0.237936,,True,mos-logistic-v0,start
2026-02-28T18:00:00Z,2026-03-01T00:00:00+06:00,2026-03-01T03:00:00+06:00,2026-02-28T21:00:00Z,T1,3,2026-02-28T06:00:00Z,15,6,dayahead,,0.198763,,True,mos-logistic-v0,start
2026-02-28T18:00:00Z,2026-03-01T00:00:00+06:00,2026-03-01T04:00:00+06:00,2026-02-28T22:00:00Z,T1,4,2026-02-28T06:00:00Z,16,6,dayahead,,0.14723,,True,mos-logistic-v0,start
2026-02-28T18:00:00Z,2026-03-01T00:00:00+06:00,2026-03-01T05:00:00+06:00,2026-02-28T23:00:00Z,T1,5,2026-02-28T06:00:00Z,17,6,dayahead,,0.110653,,True,mos-logistic-v0,start
2026-02-28T18:00:00Z,2026-03-01T00:00:00+06:00,2026-03-01T06:00:00+06:00,2026-03-01T00:00:00Z,T1,6,2026-02-28T06:00:00Z,18,6,dayahead,,0.086596,,True,mos-logistic-v0,start
2026-02-28T18:00:00Z,2026-03-01T00:00:00+06:00,2026-03-01T07:00:00+06:00,2026-03-01T01:00:00Z,T1,7,2026-02-28T06:00:00Z,19,6,dayahead,,0.082814,,True,mos-logistic-v0,start
2026-02-28T18:00:00Z,2026-03-01T00:00:00+06:00,2026-03-01T08:00:00+06:00,2026-03-01T02:00:00Z,T1,8,2026-02-28T06:00:00Z,20,6,dayahead,,0.082814,,True,mos-logistic-v0,start
2026-02-28T18:00:00Z,2026-03-01T00:00:00+06:00,2026-03-01T09:00:00+06:00,2026-03-01T03:00:00Z,T1,9,2026-02-28T06:00:00Z,21,6,dayahead,,0.070049,,True,mos-logistic-v0,start
2026-02-28T18:00:00Z,2026-03-01T00:00:00+06:00,2026-03-01T10:00:00+06:00,2026-03-01T04:00:00Z,T1,10,2026-02-28T06:00:00Z,22,6,dayahead,,0.054639,,True,mos-logistic-v0,start
2026-02-28T18:00:00Z,2026-03-01T00:00:00+06:00,2026-03-01T11:00:00+06:00,2026-03-01T05:00:00Z,T1,11,2026-02-28T06:00:00Z,23,6,dayahead,,0.078172,,True,mos-logistic-v0,start
2026-02-28T18:00:00Z,2026-03-01T00:00:00+06:00,2026-03-01T12:00:00+06:00,2026-03-01T06:00:00Z,T1,12,2026-02-28T06:00:00Z,24,6,dayahead,,0.088827,,True,mos-logistic-v0,start
2026-02-28T18:00:00Z,2026-03-01T00:00:00+06:00,2026-03-01T13:00:00+06:00,2026-03-01T07:00:00Z,T1,13,2026-02-28T06:00:00Z,25,6,dayahead,,0.09766,,True,mos-logistic-v0,start
2026-02-28T18:00:00Z,2026-03-01T00:00:00+06:00,2026-03-01T14:00:00+06:00,2026-03-01T08:00:00Z,T1,14,2026-02-28T06:00:00Z,26,6,dayahead,,0.094632,,True,mos-logistic-v0,start
2026-02-28T18:00:00Z,2026-03-01T00:00:00+06:00,2026-03-01T15:00:00+06:00,2026-03-01T09:00:00Z,T1,15,2026-02-28T06:00:00Z,27,6,dayahead,,0.088264,,True,mos-logistic-v0,start
2026-02-28T18:00:00Z,2026-03-01T00:00:00+06:00,2026-03-01T16:00:00+06:00,2026-03-01T10:00:00Z,T1,16,2026-02-28T06:00:00Z,28,6,dayahead,,0.061494,,True,mos-logistic-v0,start
2026-02-28T18:00:00Z,2026-03-01T00:00:00+06:00,2026-03-01T17:00:00+06:00,2026-03-01T11:00:00Z,T1,17,2026-02-28T06:00:00Z,29,6,dayahead,,0.054281,,True,mos-logistic-v0,start
2026-02-28T18:00:00Z,2026-03-01T00:00:00+06:00,2026-03-01T18:00:00+06:00,2026-03-01T12:00:00Z,T1,18,2026-02-28T06:00:00Z,30,6,dayahead,,0.05183,,True,mos-logistic-v0,start
2026-02-28T18:00:00Z,2026-03-01T00:00:00+06:00,2026-03-01T19:00:00+06:00,2026-03-01T13:00:00Z,T1,19,2026-02-28T06:00:00Z,31,6,dayahead,,0.04107,,True,mos-logistic-v0,start
2026-02-28T18:00:00Z,2026-03-01T00:00:00+06:00,2026-03-01T20:00:00+06:00,2026-03-01T14:00:00Z,T1,20,2026-02-28T06:00:00Z,32,6,dayahead,,0.068254,,True,mos-logistic-v0,start
2026-02-28T18:00:00Z,2026-03-01T00:00:00+06:00,2026-03-01T21:00:00+06:00,2026-03-01T15:00:00Z,T1,21,2026-02-28T06:00:00Z,33,6,dayahead,,0.231675,,True,mos-logistic-v0,start
2026-02-28T18:00:00Z,2026-03-01T00:00:00+06:00,2026-03-01T22:00:00+06:00,2026-03-01T16:00:00Z,T1,22,2026-02-28T06:00:00Z,34,6,dayahead,,0.510451,,True,mos-logistic-v0,start
2026-02-28T18:00:00Z,2026-03-01T00:00:00+06:00,2026-03-01T23:00:00+06:00,2026-03-01T17:00:00Z,T1,23,2026-02-28T06:00:00Z,35,6,dayahead,,0.648708,,True,mos-logistic-v0,start
2026-02-28T18:00:00Z,2026-03-01T00:00:00+06:00,2026-03-02T00:00:00+06:00,2026-03-01T18:00:00Z,T1,24,2026-02-28T06:00:00Z,36,6,dayahead,,0.822508,,True,mos-logistic-v0,start
2026-02-28T18:00:00Z,2026-03-01T00:00:00+06:00,2026-03-02T01:00:00+06:00,2026-03-01T19:00:00Z,T1,25,2026-02-28T06:00:00Z,37,6,dayahead,,0.791055,,True,mos-logistic-v0,start
2026-02-28T18:00:00Z,2026-03-01T00:00:00+06:00,2026-03-02T02:00:00+06:00,2026-03-01T20:00:00Z,T1,26,2026-02-28T06:00:00Z,38,6,dayahead,,0.764579,,True,mos-logistic-v0,start
2026-02-28T18:00:00Z,2026-03-01T00:00:00+06:00,2026-03-02T03:00:00+06:00,2026-03-01T21:00:00Z,T1,27,2026-02-28T06:00:00Z,39,6,dayahead,,0.807811,,True,mos-logistic-v0,start
2026-02-28T18:00:00Z,2026-03-01T00:00:00+06:00,2026-03-02T04:00:00+06:00,2026-03-01T22:00:00Z,T1,28,2026-02-28T06:00:00Z,40,6,dayahead,,0.819434,,True,mos-logistic-v0,start
2026-02-28T18:00:00Z,2026-03-01T00:00:00+06:00,2026-03-02T05:00:00+06:00,2026-03-01T23:00:00Z,T1,29,2026-02-28T06:00:00Z,41,6,dayahead,,0.745243,,True,mos-logistic-v0,start
2026-02-28T18:00:00Z,2026-03-01T00:00:00+06:00,2026-03-02T06:00:00+06:00,2026-03-02T00:00:00Z,T1,30,2026-02-28T06:00:00Z,42,6,dayahead,,0.589631,,True,mos-logistic-v0,start
2026-02-28T18:00:00Z,2026-03-01T00:00:00+06:00,2026-03-02T07:00:00+06:00,2026-03-02T01:00:00Z,T1,31,2026-02-28T06:00:00Z,43,6,dayahead,,0.461737,,True,mos-logistic-v0,start
2026-02-28T18:00:00Z,2026-03-01T00:00:00+06:00,2026-03-02T08:00:00+06:00,2026-03-02T02:00:00Z,T1,32,2026-02-28T06:00:00Z,44,6,dayahead,,0.405315,,True,mos-logistic-v0,start
2026-02-28T18:00:00Z,2026-03-01T00:00:00+06:00,2026-03-02T09:00:00+06:00,2026-03-02T03:00:00Z,T1,33,2026-02-28T06:00:00Z,45,6,dayahead,,0.286365,,True,mos-logistic-v0,start
2026-02-28T18:00:00Z,2026-03-01T00:00:00+06:00,2026-03-02T10:00:00+06:00,2026-03-02T04:00:00Z,T1,34,2026-02-28T06:00:00Z,46,6,dayahead,,0.215939,,True,mos-logistic-v0,start
2026-02-28T18:00:00Z,2026-03-01T00:00:00+06:00,2026-03-02T11:00:00+06:00,2026-03-02T05:00:00Z,T1,35,2026-02-28T06:00:00Z,47,6,dayahead,,0.25608,,True,mos-logistic-v0,start
2026-02-28T18:00:00Z,2026-03-01T00:00:00+06:00,2026-03-02T12:00:00+06:00,2026-03-02T06:00:00Z,T1,36,2026-02-28T06:00:00Z,48,6,dayahead,,0.268212,,True,mos-logistic-v0,start
2026-02-28T18:00:00Z,2026-03-01T00:00:00+06:00,2026-03-02T13:00:00+06:00,2026-03-02T07:00:00Z,T1,37,2026-02-28T06:00:00Z,49,6,dayahead,,0.114129,,True,mos-logistic-v0,start
2026-02-28T18:00:00Z,2026-03-01T00:00:00+06:00,2026-03-02T14:00:00+06:00,2026-03-02T08:00:00Z,T1,38,2026-02-28T06:00:00Z,50,6,dayahead,,0.127441,,True,mos-logistic-v0,start
2026-02-28T18:00:00Z,2026-03-01T00:00:00+06:00,2026-03-02T15:00:00+06:00,2026-03-02T09:00:00Z,T1,39,2026-02-28T06:00:00Z,51,6,dayahead,,0.093444,,True,mos-logistic-v0,start
2026-02-28T18:00:00Z,2026-03-01T00:00:00+06:00,2026-03-02T16:00:00+06:00,2026-03-02T10:00:00Z,T1,40,2026-02-28T06:00:00Z,52,6,dayahead,,0.084416,,True,mos-logistic-v0,start
2026-02-28T18:00:00Z,2026-03-01T00:00:00+06:00,2026-03-02T17:00:00+06:00,2026-03-02T11:00:00Z,T1,41,2026-02-28T06:00:00Z,53,6,dayahead,,0.100145,,True,mos-logistic-v0,start
2026-02-28T18:00:00Z,2026-03-01T00:00:00+06:00,2026-03-02T18:00:00+06:00,2026-03-02T12:00:00Z,T1,42,2026-02-28T06:00:00Z,54,6,dayahead,,0.164646,,True,mos-logistic-v0,start
2026-02-28T18:00:00Z,2026-03-01T00:00:00+06:00,2026-03-02T19:00:00+06:00,2026-03-02T13:00:00Z,T1,43,2026-02-28T06:00:00Z,55,6,dayahead,,0.137862,,True,mos-logistic-v0,start
2026-02-28T18:00:00Z,2026-03-01T00:00:00+06:00,2026-03-02T20:00:00+06:00,2026-03-02T14:00:00Z,T1,44,2026-02-28T06:00:00Z,56,6,dayahead,,0.041346,,True,mos-logistic-v0,start
2026-02-28T18:00:00Z,2026-03-01T00:00:00+06:00,2026-03-02T21:00:00+06:00,2026-03-02T15:00:00Z,T1,45,2026-02-28T06:00:00Z,57,6,dayahead,,0.060298,,True,mos-logistic-v0,start
2026-02-28T18:00:00Z,2026-03-01T00:00:00+06:00,2026-03-02T22:00:00+06:00,2026-03-02T16:00:00Z,T1,46,2026-02-28T06:00:00Z,58,6,dayahead,,0.094036,,True,mos-logistic-v0,start
2026-02-28T18:00:00Z,2026-03-01T00:00:00+06:00,2026-03-02T23:00:00+06:00,2026-03-02T17:00:00Z,T1,47,2026-02-28T06:00:00Z,59,6,dayahead,,0.043613,,True,mos-logistic-v0,start
2026-02-28T18:00:00Z,2026-03-01T00:00:00+06:00,2026-03-01T00:00:00+06:00,2026-02-28T18:00:00Z,T2,0,2026-02-28T06:00:00Z,12,6,dayahead,,0.254754,,True,mos-logistic-v0,start
2026-02-28T18:00:00Z,2026-03-01T00:00:00+06:00,2026-03-01T01:00:00+06:00,2026-02-28T19:00:00Z,T2,1,2026-02-28T06:00:00Z,13,6,dayahead,,0.221898,,True,mos-logistic-v0,start
2026-02-28T18:00:00Z,2026-03-01T00:00:00+06:00,2026-03-01T02:00:00+06:00,2026-02-28T20:00:00Z,T2,2,2026-02-28T06:00:00Z,14,6,dayahead,,0.237936,,True,mos-logistic-v0,start
2026-02-28T18:00:00Z,2026-03-01T00:00:00+06:00,2026-03-01T03:00:00+06:00,2026-02-28T21:00:00Z,T2,3,2026-02-28T06:00:00Z,15,6,dayahead,,0.198763,,True,mos-logistic-v0,start
2026-02-28T18:00:00Z,2026-03-01T00:00:00+06:00,2026-03-01T04:00:00+06:00,2026-02-28T22:00:00Z,T2,4,2026-02-28T06:00:00Z,16,6,dayahead,,0.14723,,True,mos-logistic-v0,start
2026-02-28T18:00:00Z,2026-03-01T00:00:00+06:00,2026-03-01T05:00:00+06:00,2026-02-28T23:00:00Z,T2,5,2026-02-28T06:00:00Z,17,6,dayahead,,0.110653,,True,mos-logistic-v0,start
2026-02-28T18:00:00Z,2026-03-01T00:00:00+06:00,2026-03-01T06:00:00+06:00,2026-03-01T00:00:00Z,T2,6,2026-02-28T06:00:00Z,18,6,dayahead,,0.086596,,True,mos-logistic-v0,start
2026-02-28T18:00:00Z,2026-03-01T00:00:00+06:00,2026-03-01T07:00:00+06:00,2026-03-01T01:00:00Z,T2,7,2026-02-28T06:00:00Z,19,6,dayahead,,0.082814,,True,mos-logistic-v0,start
2026-02-28T18:00:00Z,2026-03-01T00:00:00+06:00,2026-03-01T08:00:00+06:00,2026-03-01T02:00:00Z,T2,8,2026-02-28T06:00:00Z,20,6,dayahead,,0.082814,,True,mos-logistic-v0,start
2026-02-28T18:00:00Z,2026-03-01T00:00:00+06:00,2026-03-01T09:00:00+06:00,2026-03-01T03:00:00Z,T2,9,2026-02-28T06:00:00Z,21,6,dayahead,,0.070049,,True,mos-logistic-v0,start
2026-02-28T18:00:00Z,2026-03-01T00:00:00+06:00,2026-03-01T10:00:00+06:00,2026-03-01T04:00:00Z,T2,10,2026-02-28T06:00:00Z,22,6,dayahead,,0.054639,,True,mos-logistic-v0,start
2026-02-28T18:00:00Z,2026-03-01T00:00:00+06:00,2026-03-01T11:00:00+06:00,2026-03-01T05:00:00Z,T2,11,2026-02-28T06:00:00Z,23,6,dayahead,,0.078172,,True,mos-logistic-v0,start
2026-02-28T18:00:00Z,2026-03-01T00:00:00+06:00,2026-03-01T12:00:00+06:00,2026-03-01T06:00:00Z,T2,12,2026-02-28T06:00:00Z,24,6,dayahead,,0.088827,,True,mos-logistic-v0,start
2026-02-28T18:00:00Z,2026-03-01T00:00:00+06:00,2026-03-01T13:00:00+06:00,2026-03-01T07:00:00Z,T2,13,2026-02-28T06:00:00Z,25,6,dayahead,,0.09766,,True,mos-logistic-v0,start
2026-02-28T18:00:00Z,2026-03-01T00:00:00+06:00,2026-03-01T14:00:00+06:00,2026-03-01T08:00:00Z,T2,14,2026-02-28T06:00:00Z,26,6,dayahead,,0.094632,,True,mos-logistic-v0,start
2026-02-28T18:00:00Z,2026-03-01T00:00:00+06:00,2026-03-01T15:00:00+06:00,2026-03-01T09:00:00Z,T2,15,2026-02-28T06:00:00Z,27,6,dayahead,,0.088264,,True,mos-logistic-v0,start
2026-02-28T18:00:00Z,2026-03-01T00:00:00+06:00,2026-03-01T16:00:00+06:00,2026-03-01T10:00:00Z,T2,16,2026-02-28T06:00:00Z,28,6,dayahead,,0.061494,,True,mos-logistic-v0,start
2026-02-28T18:00:00Z,2026-03-01T00:00:00+06:00,2026-03-01T17:00:00+06:00,2026-03-01T11:00:00Z,T2,17,2026-02-28T06:00:00Z,29,6,dayahead,,0.054281,,True,mos-logistic-v0,start
2026-02-28T18:00:00Z,2026-03-01T00:00:00+06:00,2026-03-01T18:00:00+06:00,2026-03-01T12:00:00Z,T2,18,2026-02-28T06:00:00Z,30,6,dayahead,,0.05183,,True,mos-logistic-v0,start
2026-02-28T18:00:00Z,2026-03-01T00:00:00+06:00,2026-03-01T19:00:00+06:00,2026-03-01T13:00:00Z,T2,19,2026-02-28T06:00:00Z,31,6,dayahead,,0.04107,,True,mos-logistic-v0,start
2026-02-28T18:00:00Z,2026-03-01T00:00:00+06:00,2026-03-01T20:00:00+06:00,2026-03-01T14:00:00Z,T2,20,2026-02-28T06:00:00Z,32,6,dayahead,,0.068254,,True,mos-logistic-v0,start
2026-02-28T18:00:00Z,2026-03-01T00:00:00+06:00,2026-03-01T21:00:00+06:00,2026-03-01T15:00:00Z,T2,21,2026-02-28T06:00:00Z,33,6,dayahead,,0.231675,,True,mos-logistic-v0,start
2026-02-28T18:00:00Z,2026-03-01T00:00:00+06:00,2026-03-01T22:00:00+06:00,2026-03-01T16:00:00Z,T2,22,2026-02-28T06:00:00Z,34,6,dayahead,,0.510451,,True,mos-logistic-v0,start
2026-02-28T18:00:00Z,2026-03-01T00:00:00+06:00,2026-03-01T23:00:00+06:00,2026-03-01T17:00:00Z,T2,23,2026-02-28T06:00:00Z,35,6,dayahead,,0.648708,,True,mos-logistic-v0,start
2026-02-28T18:00:00Z,2026-03-01T00:00:00+06:00,2026-03-02T00:00:00+06:00,2026-03-01T18:00:00Z,T2,24,2026-02-28T06:00:00Z,36,6,dayahead,,0.822508,,True,mos-logistic-v0,start
2026-02-28T18:00:00Z,2026-03-01T00:00:00+06:00,2026-03-02T01:00:00+06:00,2026-03-01T19:00:00Z,T2,25,2026-02-28T06:00:00Z,37,6,dayahead,,0.791055,,True,mos-logistic-v0,start
2026-02-28T18:00:00Z,2026-03-01T00:00:00+06:00,2026-03-02T02:00:00+06:00,2026-03-01T20:00:00Z,T2,26,2026-02-28T06:00:00Z,38,6,dayahead,,0.764579,,True,mos-logistic-v0,start
2026-02-28T18:00:00Z,2026-03-01T00:00:00+06:00,2026-03-02T03:00:00+06:00,2026-03-01T21:00:00Z,T2,27,2026-02-28T06:00:00Z,39,6,dayahead,,0.807811,,True,mos-logistic-v0,start
2026-02-28T18:00:00Z,2026-03-01T00:00:00+06:00,2026-03-02T04:00:00+06:00,2026-03-01T22:00:00Z,T2,28,2026-02-28T06:00:00Z,40,6,dayahead,,0.819434,,True,mos-logistic-v0,start
2026-02-28T18:00:00Z,2026-03-01T00:00:00+06:00,2026-03-02T05:00:00+06:00,2026-03-01T23:00:00Z,T2,29,2026-02-28T06:00:00Z,41,6,dayahead,,0.745243,,True,mos-logistic-v0,start
2026-02-28T18:00:00Z,2026-03-01T00:00:00+06:00,2026-03-02T06:00:00+06:00,2026-03-02T00:00:00Z,T2,30,2026-02-28T06:00:00Z,42,6,dayahead,,0.589631,,True,mos-logistic-v0,start
2026-02-28T18:00:00Z,2026-03-01T00:00:00+06:00,2026-03-02T07:00:00+06:00,2026-03-02T01:00:00Z,T2,31,2026-02-28T06:00:00Z,43,6,dayahead,,0.461737,,True,mos-logistic-v0,start
2026-02-28T18:00:00Z,2026-03-01T00:00:00+06:00,2026-03-02T08:00:00+06:00,2026-03-02T02:00:00Z,T2,32,2026-02-28T06:00:00Z,44,6,dayahead,,0.405315,,True,mos-logistic-v0,start
2026-02-28T18:00:00Z,2026-03-01T00:00:00+06:00,2026-03-02T09:00:00+06:00,2026-03-02T03:00:00Z,T2,33,2026-02-28T06:00:00Z,45,6,dayahead,,0.286365,,True,mos-logistic-v0,start
2026-02-28T18:00:00Z,2026-03-01T00:00:00+06:00,2026-03-02T10:00:00+06:00,2026-03-02T04:00:00Z,T2,34,2026-02-28T06:00:00Z,46,6,dayahead,,0.215939,,True,mos-logistic-v0,start
2026-02-28T18:00:00Z,2026-03-01T00:00:00+06:00,2026-03-02T11:00:00+06:00,2026-03-02T05:00:00Z,T2,35,2026-02-28T06:00:00Z,47,6,dayahead,,0.25608,,True,mos-logistic-v0,start
2026-02-28T18:00:00Z,2026-03-01T00:00:00+06:00,2026-03-02T12:00:00+06:00,2026-03-02T06:00:00Z,T2,36,2026-02-28T06:00:00Z,48,6,dayahead,,0.268212,,True,mos-logistic-v0,start
2026-02-28T18:00:00Z,2026-03-01T00:00:00+06:00,2026-03-02T13:00:00+06:00,2026-03-02T07:00:00Z,T2,37,2026-02-28T06:00:00Z,49,6,dayahead,,0.114129,,True,mos-logistic-v0,start
2026-02-28T18:00:00Z,2026-03-01T00:00:00+06:00,2026-03-02T14:00:00+06:00,2026-03-02T08:00:00Z,T2,38,2026-02-28T06:00:00Z,50,6,dayahead,,0.127441,,True,mos-logistic-v0,start
2026-02-28T18:00:00Z,2026-03-01T00:00:00+06:00,2026-03-02T15:00:00+06:00,2026-03-02T09:00:00Z,T2,39,2026-02-28T06:00:00Z,51,6,dayahead,,0.093444,,True,mos-logistic-v0,start
2026-02-28T18:00:00Z,2026-03-01T00:00:00+06:00,2026-03-02T16:00:00+06:00,2026-03-02T10:00:00Z,T2,40,2026-02-28T06:00:00Z,52,6,dayahead,,0.084416,,True,mos-logistic-v0,start
2026-02-28T18:00:00Z,2026-03-01T00:00:00+06:00,2026-03-02T17:00:00+06:00,2026-03-02T11:00:00Z,T2,41,2026-02-28T06:00:00Z,53,6,dayahead,,0.100145,,True,mos-logistic-v0,start
2026-02-28T18:00:00Z,2026-03-01T00:00:00+06:00,2026-03-02T18:00:00+06:00,2026-03-02T12:00:00Z,T2,42,2026-02-28T06:00:00Z,54,6,dayahead,,0.164646,,True,mos-logistic-v0,start
2026-02-28T18:00:00Z,2026-03-01T00:00:00+06:00,2026-03-02T19:00:00+06:00,2026-03-02T13:00:00Z,T2,43,2026-02-28T06:00:00Z,55,6,dayahead,,0.137862,,True,mos-logistic-v0,start
2026-02-28T18:00:00Z,2026-03-01T00:00:00+06:00,2026-03-02T20:00:00+06:00,2026-03-02T14:00:00Z,T2,44,2026-02-28T06:00:00Z,56,6,dayahead,,0.041346,,True,mos-logistic-v0,start
2026-02-28T18:00:00Z,2026-03-01T00:00:00+06:00,2026-03-02T21:00:00+06:00,2026-03-02T15:00:00Z,T2,45,2026-02-28T06:00:00Z,57,6,dayahead,,0.060298,,True,mos-logistic-v0,start
2026-02-28T18:00:00Z,2026-03-01T00:00:00+06:00,2026-03-02T22:00:00+06:00,2026-03-02T16:00:00Z,T2,46,2026-02-28T06:00:00Z,58,6,dayahead,,0.094036,,True,mos-logistic-v0,start
2026-02-28T18:00:00Z,2026-03-01T00:00:00+06:00,2026-03-02T23:00:00+06:00,2026-03-02T17:00:00Z,T2,47,2026-02-28T06:00:00Z,59,6,dayahead,,0.043613,,True,mos-logistic-v0,start
