target_time_scada,target_time_utc,turbine,p50,p10,p90,issue_time_utc_used,nwp_run_init_utc,lead_h,p50_h25_48,power_mw
2025-02-01T00:00:00+06:00,2025-01-31T18:00:00Z,T1,0.4374,0.174,0.9514,2025-01-31T18:00:00Z,2025-01-31T06:00:00Z,0,,1.0935
2025-02-01T00:00:00+06:00,2025-01-31T18:00:00Z,T2,0.4363,0.173,0.9503,2025-01-31T18:00:00Z,2025-01-31T06:00:00Z,0,,1.0908
2025-02-01T01:00:00+06:00,2025-01-31T19:00:00Z,T1,0.3639,0.1005,0.8779,2025-01-31T18:00:00Z,2025-01-31T06:00:00Z,1,,0.9098
2025-02-01T01:00:00+06:00,2025-01-31T19:00:00Z,T2,0.3639,0.1005,0.8779,2025-01-31T18:00:00Z,2025-01-31T06:00:00Z,1,,0.9098
2025-02-01T02:00:00+06:00,2025-01-31T20:00:00Z,T1,0.3388,0.0754,0.8528,2025-01-31T18:00:00Z,2025-01-31T06:00:00Z,2,,0.847
2025-02-01T02:00:00+06:00,2025-01-31T20:00:00Z,T2,0.3389,0.0756,0.8529,2025-01-31T18:00:00Z,2025-01-31T06:00:00Z,2,,0.8472
2025-02-01T03:00:00+06:00,2025-01-31T21:00:00Z,T1,0.2608,0.0,0.7748,2025-01-31T18:00:00Z,2025-01-31T06:00:00Z,3,,0.652
2025-02-01T03:00:00+06:00,2025-01-31T21:00:00Z,T2,0.2608,0.0,0.7748,2025-01-31T18:00:00Z,2025-01-31T06:00:00Z,3,,0.652
2025-02-01T04:00:00+06:00,2025-01-31T22:00:00Z,T1,0.1582,0.0,0.6722,2025-01-31T18:00:00Z,2025-01-31T06:00:00Z,4,,0.3955
2025-02-01T04:00:00+06:00,2025-01-31T22:00:00Z,T2,0.1581,0.0,0.6721,2025-01-31T18:00:00Z,2025-01-31T06:00:00Z,4,,0.3952
2025-02-01T05:00:00+06:00,2025-01-31T23:00:00Z,T1,0.1325,0.0502,0.3609,2025-01-31T18:00:00Z,2025-01-31T06:00:00Z,5,,0.3313
2025-02-01T05:00:00+06:00,2025-01-31T23:00:00Z,T2,0.1316,0.0493,0.36,2025-01-31T18:00:00Z,2025-01-31T06:00:00Z,5,,0.329
2025-02-01T06:00:00+06:00,2025-02-01T00:00:00Z,T1,0.1699,0.0,0.6839,2025-01-31T18:00:00Z,2025-01-31T06:00:00Z,6,,0.4248
2025-02-01T06:00:00+06:00,2025-02-01T00:00:00Z,T2,0.1686,0.0,0.6826,2025-01-31T18:00:00Z,2025-01-31T06:00:00Z,6,,0.4215
2025-02-01T07:00:00+06:00,2025-02-01T01:00:00Z,T1,0.1679,0.0,0.6819,2025-01-31T18:00:00Z,2025-01-31T06:00:00Z,7,,0.4198
2025-02-01T07:00:00+06:00,2025-02-01T01:00:00Z,T2,0.1663,0.0,0.6803,2025-01-31T18:00:00Z,2025-01-31T06:00:00Z,7,,0.4158
2025-02-01T08:00:00+06:00,2025-02-01T02:00:00Z,T1,0.1233,0.041,0.3517,2025-01-31T18:00:00Z,2025-01-31T06:00:00Z,8,,0.3083
2025-02-01T08:00:00+06:00,2025-02-01T02:00:00Z,T2,0.1223,0.04,0.3507,2025-01-31T18:00:00Z,2025-01-31T06:00:00Z,8,,0.3058
2025-02-01T09:00:00+06:00,2025-02-01T03:00:00Z,T1,0.0445,0.0,0.2729,2025-01-31T18:00:00Z,2025-01-31T06:00:00Z,9,,0.1112
2025-02-01T09:00:00+06:00,2025-02-01T03:00:00Z,T2,0.0435,0.0,0.2718,2025-01-31T18:00:00Z,2025-01-31T06:00:00Z,9,,0.1087
2025-02-01T10:00:00+06:00,2025-02-01T04:00:00Z,T1,0.0183,0.0,0.2467,2025-01-31T18:00:00Z,2025-01-31T06:00:00Z,10,,0.0458
2025-02-01T10:00:00+06:00,2025-02-01T04:00:00Z,T2,0.018,0.0,0.2464,2025-01-31T18:00:00Z,2025-01-31T06:00:00Z,10,,0.045
2025-02-01T11:00:00+06:00,2025-02-01T05:00:00Z,T1,0.0195,0.0,0.2479,2025-01-31T18:00:00Z,2025-01-31T06:00:00Z,11,,0.0488
2025-02-01T11:00:00+06:00,2025-02-01T05:00:00Z,T2,0.0193,0.0,0.2477,2025-01-31T18:00:00Z,2025-01-31T06:00:00Z,11,,0.0482
2025-02-01T12:00:00+06:00,2025-02-01T06:00:00Z,T1,0.0369,0.0,0.2652,2025-01-31T18:00:00Z,2025-01-31T06:00:00Z,12,,0.0922
2025-02-01T12:00:00+06:00,2025-02-01T06:00:00Z,T2,0.0367,0.0,0.2651,2025-01-31T18:00:00Z,2025-01-31T06:00:00Z,12,,0.0918
2025-02-01T13:00:00+06:00,2025-02-01T07:00:00Z,T1,0.0451,0.0,0.2735,2025-01-31T18:00:00Z,2025-01-31T06:00:00Z,13,,0.1128
2025-02-01T13:00:00+06:00,2025-02-01T07:00:00Z,T2,0.0458,0.0,0.2742,2025-01-31T18:00:00Z,2025-01-31T06:00:00Z,13,,0.1145
2025-02-01T14:00:00+06:00,2025-02-01T08:00:00Z,T1,0.0604,0.0,0.2888,2025-01-31T18:00:00Z,2025-01-31T06:00:00Z,14,,0.151
2025-02-01T14:00:00+06:00,2025-02-01T08:00:00Z,T2,0.0611,0.0,0.2895,2025-01-31T18:00:00Z,2025-01-31T06:00:00Z,14,,0.1528
2025-02-01T15:00:00+06:00,2025-02-01T09:00:00Z,T1,0.0688,0.0,0.2972,2025-01-31T18:00:00Z,2025-01-31T06:00:00Z,15,,0.172
2025-02-01T15:00:00+06:00,2025-02-01T09:00:00Z,T2,0.0677,0.0,0.296,2025-01-31T18:00:00Z,2025-01-31T06:00:00Z,15,,0.1692
2025-02-01T16:00:00+06:00,2025-02-01T10:00:00Z,T1,0.1631,0.0,0.6771,2025-01-31T18:00:00Z,2025-01-31T06:00:00Z,16,,0.4078
2025-02-01T16:00:00+06:00,2025-02-01T10:00:00Z,T2,0.1625,0.0,0.6764,2025-01-31T18:00:00Z,2025-01-31T06:00:00Z,16,,0.4062
2025-02-01T17:00:00+06:00,2025-02-01T11:00:00Z,T1,0.3477,0.0844,0.8617,2025-01-31T18:00:00Z,2025-01-31T06:00:00Z,17,,0.8692
2025-02-01T17:00:00+06:00,2025-02-01T11:00:00Z,T2,0.3462,0.0829,0.8602,2025-01-31T18:00:00Z,2025-01-31T06:00:00Z,17,,0.8655
2025-02-01T18:00:00+06:00,2025-02-01T12:00:00Z,T1,0.5846,0.0869,0.8832,2025-01-31T18:00:00Z,2025-01-31T06:00:00Z,18,,1.4615
2025-02-01T18:00:00+06:00,2025-02-01T12:00:00Z,T2,0.5838,0.0861,0.8825,2025-01-31T18:00:00Z,2025-01-31T06:00:00Z,18,,1.4595
2025-02-01T19:00:00+06:00,2025-02-01T13:00:00Z,T1,0.72,0.2223,1.0,2025-01-31T18:00:00Z,2025-01-31T06:00:00Z,19,,1.8
2025-02-01T19:00:00+06:00,2025-02-01T13:00:00Z,T2,0.7196,0.2219,1.0,2025-01-31T18:00:00Z,2025-01-31T06:00:00Z,19,,1.799
2025-02-01T20:00:00+06:00,2025-02-01T14:00:00Z,T1,0.8528,0.4943,0.9378,2025-01-31T18:00:00Z,2025-01-31T06:00:00Z,20,,2.132
2025-02-01T20:00:00+06:00,2025-02-01T14:00:00Z,T2,0.8518,0.4934,0.9368,2025-01-31T18:00:00Z,2025-01-31T06:00:00Z,20,,2.1295
2025-02-01T21:00:00+06:00,2025-02-01T15:00:00Z,T1,0.8705,0.512,0.9555,2025-01-31T18:00:00Z,2025-01-31T06:00:00Z,21,,2.1762
2025-02-01T21:00:00+06:00,2025-02-01T15:00:00Z,T2,0.8703,0.5119,0.9554,2025-01-31T18:00:00Z,2025-01-31T06:00:00Z,21,,2.1758
2025-02-01T22:00:00+06:00,2025-02-01T16:00:00Z,T1,0.8046,0.3069,1.0,2025-01-31T18:00:00Z,2025-01-31T06:00:00Z,22,,2.0115
2025-02-01T22:00:00+06:00,2025-02-01T16:00:00Z,T2,0.8062,0.3086,1.0,2025-01-31T18:00:00Z,2025-01-31T06:00:00Z,22,,2.0155
2025-02-01T23:00:00+06:00,2025-02-01T17:00:00Z,T1,0.7455,0.2478,1.0,2025-01-31T18:00:00Z,2025-01-31T06:00:00Z,23,,1.8638
2025-02-01T23:00:00+06:00,2025-02-01T17:00:00Z,T2,0.7432,0.2456,1.0,2025-01-31T18:00:00Z,2025-01-31T06:00:00Z,23,,1.858
2025-02-02T00:00:00+06:00,2025-02-01T18:00:00Z,T1,0.691,0.1933,0.9896,2025-02-01T18:00:00Z,2025-02-01T06:00:00Z,0,0.6571,1.7275
2025-02-02T00:00:00+06:00,2025-02-01T18:00:00Z,T2,0.6896,0.1919,0.9883,2025-02-01T18:00:00Z,2025-02-01T06:00:00Z,0,0.6547,1.724
2025-02-02T01:00:00+06:00,2025-02-01T19:00:00Z,T1,0.6125,0.1148,0.9111,2025-02-01T18:00:00Z,2025-02-01T06:00:00Z,1,0.5837,1.5312
2025-02-02T01:00:00+06:00,2025-02-01T19:00:00Z,T2,0.6107,0.113,0.9094,2025-02-01T18:00:00Z,2025-02-01T06:00:00Z,1,0.582,1.5268
2025-02-02T02:00:00+06:00,2025-02-01T20:00:00Z,T1,0.5507,0.053,0.8494,2025-02-01T18:00:00Z,2025-02-01T06:00:00Z,2,0.4984,1.3768
2025-02-02T02:00:00+06:00,2025-02-01T20:00:00Z,T2,0.5498,0.0521,0.8485,2025-02-01T18:00:00Z,2025-02-01T06:00:00Z,2,0.4978,1.3745
2025-02-02T03:00:00+06:00,2025-02-01T21:00:00Z,T1,0.4778,0.2144,0.9917,2025-02-01T18:00:00Z,2025-02-01T06:00:00Z,3,0.3991,1.1945
2025-02-02T03:00:00+06:00,2025-02-01T21:00:00Z,T2,0.4772,0.2138,0.9912,2025-02-01T18:00:00Z,2025-02-01T06:00:00Z,3,0.3976,1.193
2025-02-02T04:00:00+06:00,2025-02-01T22:00:00Z,T1,0.3288,0.0655,0.8428,2025-02-01T18:00:00Z,2025-02-01T06:00:00Z,4,0.3115,0.822
2025-02-02T04:00:00+06:00,2025-02-01T22:00:00Z,T2,0.3232,0.0599,0.8372,2025-02-01T18:00:00Z,2025-02-01T06:00:00Z,4,0.3074,0.808
2025-02-02T05:00:00+06:00,2025-02-01T23:00:00Z,T1,0.2522,0.0,0.7662,2025-02-01T18:00:00Z,2025-02-01T06:00:00Z,5,0.1793,0.6305
2025-02-02T05:00:00+06:00,2025-02-01T23:00:00Z,T2,0.2477,0.0,0.7617,2025-02-01T18:00:00Z,2025-02-01T06:00:00Z,5,0.177,0.6192
2025-02-02T06:00:00+06:00,2025-02-02T00:00:00Z,T1,0.1605,0.0,0.6745,2025-02-01T18:00:00Z,2025-02-01T06:00:00Z,6,0.114,0.4012
2025-02-02T06:00:00+06:00,2025-02-02T00:00:00Z,T2,0.1583,0.0,0.6723,2025-02-01T18:00:00Z,2025-02-01T06:00:00Z,6,0.1117,0.3958
2025-02-02T07:00:00+06:00,2025-02-02T01:00:00Z,T1,0.1062,0.024,0.3346,2025-02-01T18:00:00Z,2025-02-01T06:00:00Z,7,0.0931,0.2655
2025-02-02T07:00:00+06:00,2025-02-02T01:00:00Z,T2,0.1042,0.0219,0.3326,2025-02-01T18:00:00Z,2025-02-01T06:00:00Z,7,0.0913,0.2605
2025-02-02T08:00:00+06:00,2025-02-02T02:00:00Z,T1,0.1016,0.0194,0.33,2025-02-01T18:00:00Z,2025-02-01T06:00:00Z,8,0.0953,0.254
2025-02-02T08:00:00+06:00,2025-02-02T02:00:00Z,T2,0.1004,0.0181,0.3288,2025-02-01T18:00:00Z,2025-02-01T06:00:00Z,8,0.094,0.251
2025-02-02T09:00:00+06:00,2025-02-02T03:00:00Z,T1,0.1048,0.0225,0.3332,2025-02-01T18:00:00Z,2025-02-01T06:00:00Z,9,0.1115,0.262
2025-02-02T09:00:00+06:00,2025-02-02T03:00:00Z,T2,0.1036,0.0213,0.332,2025-02-01T18:00:00Z,2025-02-01T06:00:00Z,9,0.1104,0.259
2025-02-02T10:00:00+06:00,2025-02-02T04:00:00Z,T1,0.0981,0.0158,0.3265,2025-02-01T18:00:00Z,2025-02-01T06:00:00Z,10,0.1075,0.2453
2025-02-02T10:00:00+06:00,2025-02-02T04:00:00Z,T2,0.0964,0.0141,0.3248,2025-02-01T18:00:00Z,2025-02-01T06:00:00Z,10,0.1058,0.241
2025-02-02T11:00:00+06:00,2025-02-02T05:00:00Z,T1,0.0917,0.0094,0.3201,2025-02-01T18:00:00Z,2025-02-01T06:00:00Z,11,0.1025,0.2292
2025-02-02T11:00:00+06:00,2025-02-02T05:00:00Z,T2,0.0911,0.0088,0.3195,2025-02-01T18:00:00Z,2025-02-01T06:00:00Z,11,0.1014,0.2278
2025-02-02T12:00:00+06:00,2025-02-02T06:00:00Z,T1,0.1071,0.0248,0.3355,2025-02-01T18:00:00Z,2025-02-01T06:00:00Z,12,0.1261,0.2678
2025-02-02T12:00:00+06:00,2025-02-02T06:00:00Z,T2,0.1058,0.0236,0.3342,2025-02-01T18:00:00Z,2025-02-01T06:00:00Z,12,0.1237,0.2645
2025-02-02T13:00:00+06:00,2025-02-02T07:00:00Z,T1,0.1031,0.0209,0.3315,2025-02-01T18:00:00Z,2025-02-01T06:00:00Z,13,0.1484,0.2578
2025-02-02T13:00:00+06:00,2025-02-02T07:00:00Z,T2,0.1002,0.018,0.3286,2025-02-01T18:00:00Z,2025-02-01T06:00:00Z,13,0.1459,0.2505
2025-02-02T14:00:00+06:00,2025-02-02T08:00:00Z,T1,0.0905,0.0083,0.3189,2025-02-01T18:00:00Z,2025-02-01T06:00:00Z,14,0.1491,0.2262
2025-02-02T14:00:00+06:00,2025-02-02T08:00:00Z,T2,0.0891,0.0068,0.3175,2025-02-01T18:00:00Z,2025-02-01T06:00:00Z,14,0.1465,0.2228
2025-02-02T15:00:00+06:00,2025-02-02T09:00:00Z,T1,0.0461,0.0,0.2745,2025-02-01T18:00:00Z,2025-02-01T06:00:00Z,15,0.1096,0.1152
2025-02-02T15:00:00+06:00,2025-02-02T09:00:00Z,T2,0.0456,0.0,0.274,2025-02-01T18:00:00Z,2025-02-01T06:00:00Z,15,0.1073,0.114
2025-02-02T16:00:00+06:00,2025-02-02T10:00:00Z,T1,0.0482,0.0,0.2766,2025-02-01T18:00:00Z,2025-02-01T06:00:00Z,16,0.0763,0.1205
2025-02-02T16:00:00+06:00,2025-02-02T10:00:00Z,T2,0.048,0.0,0.2764,2025-02-01T18:00:00Z,2025-02-01T06:00:00Z,16,0.0751,0.12
2025-02-02T17:00:00+06:00,2025-02-02T11:00:00Z,T1,0.0449,0.0,0.2733,2025-02-01T18:00:00Z,2025-02-01T06:00:00Z,17,0.0823,0.1122
2025-02-02T17:00:00+06:00,2025-02-02T11:00:00Z,T2,0.0446,0.0,0.273,2025-02-01T18:00:00Z,2025-02-01T06:00:00Z,17,0.0812,0.1115
2025-02-02T18:00:00+06:00,2025-02-02T12:00:00Z,T1,0.0386,0.0,0.267,2025-02-01T18:00:00Z,2025-02-01T06:00:00Z,18,0.0765,0.0965
2025-02-02T18:00:00+06:00,2025-02-02T12:00:00Z,T2,0.0383,0.0,0.2667,2025-02-01T18:00:00Z,2025-02-01T06:00:00Z,18,0.0761,0.0958
2025-02-02T19:00:00+06:00,2025-02-02T13:00:00Z,T1,0.034,0.0,0.2624,2025-02-01T18:00:00Z,2025-02-01T06:00:00Z,19,0.0668,0.085
2025-02-02T19:00:00+06:00,2025-02-02T13:00:00Z,T2,0.0338,0.0,0.2622,2025-02-01T18:00:00Z,2025-02-01T06:00:00Z,19,0.0667,0.0845
2025-02-02T20:00:00+06:00,2025-02-02T14:00:00Z,T1,0.0575,0.0,0.2859,2025-02-01T18:00:00Z,2025-02-01T06:00:00Z,20,0.0779,0.1438
2025-02-02T20:00:00+06:00,2025-02-02T14:00:00Z,T2,0.0573,0.0,0.2857,2025-02-01T18:00:00Z,2025-02-01T06:00:00Z,20,0.0777,0.1432
2025-02-02T21:00:00+06:00,2025-02-02T15:00:00Z,T1,0.0928,0.0106,0.3212,2025-02-01T18:00:00Z,2025-02-01T06:00:00Z,21,0.1231,0.232
2025-02-02T21:00:00+06:00,2025-02-02T15:00:00Z,T2,0.0917,0.0095,0.3201,2025-02-01T18:00:00Z,2025-02-01T06:00:00Z,21,0.1228,0.2292
2025-02-02T22:00:00+06:00,2025-02-02T16:00:00Z,T1,0.1213,0.039,0.3497,2025-02-01T18:00:00Z,2025-02-01T06:00:00Z,22,0.148,0.3032
2025-02-02T22:00:00+06:00,2025-02-02T16:00:00Z,T2,0.1191,0.0368,0.3475,2025-02-01T18:00:00Z,2025-02-01T06:00:00Z,22,0.1457,0.2978
2025-02-02T23:00:00+06:00,2025-02-02T17:00:00Z,T1,0.1527,0.0,0.6666,2025-02-01T18:00:00Z,2025-02-01T06:00:00Z,23,0.1444,0.3818
2025-02-02T23:00:00+06:00,2025-02-02T17:00:00Z,T2,0.1515,0.0,0.6655,2025-02-01T18:00:00Z,2025-02-01T06:00:00Z,23,0.1441,0.3787
2025-02-03T00:00:00+06:00,2025-02-02T18:00:00Z,T1,0.2387,0.0,0.7526,2025-02-02T18:00:00Z,2025-02-02T06:00:00Z,0,0.1748,0.5968
2025-02-03T00:00:00+06:00,2025-02-02T18:00:00Z,T2,0.2357,0.0,0.7497,2025-02-02T18:00:00Z,2025-02-02T06:00:00Z,0,0.1715,0.5892
2025-02-03T01:00:00+06:00,2025-02-02T19:00:00Z,T1,0.3997,0.1363,0.9137,2025-02-02T18:00:00Z,2025-02-02T06:00:00Z,1,0.2149,0.9992
2025-02-03T01:00:00+06:00,2025-02-02T19:00:00Z,T2,0.3977,0.1344,0.9117,2025-02-02T18:00:00Z,2025-02-02T06:00:00Z,1,0.2121,0.9942
2025-02-03T02:00:00+06:00,2025-02-02T20:00:00Z,T1,0.5048,0.0071,0.8034,2025-02-02T18:00:00Z,2025-02-02T06:00:00Z,2,0.3055,1.262
2025-02-03T02:00:00+06:00,2025-02-02T20:00:00Z,T2,0.5032,0.0055,0.8018,2025-02-02T18:00:00Z,2025-02-02T06:00:00Z,2,0.3026,1.258
2025-02-03T03:00:00+06:00,2025-02-02T21:00:00Z,T1,0.6159,0.1182,0.9145,2025-02-02T18:00:00Z,2025-02-02T06:00:00Z,3,0.4248,1.5398
2025-02-03T03:00:00+06:00,2025-02-02T21:00:00Z,T2,0.614,0.1163,0.9126,2025-02-02T18:00:00Z,2025-02-02T06:00:00Z,3,0.4225,1.535
2025-02-03T04:00:00+06:00,2025-02-02T22:00:00Z,T1,0.66,0.1623,0.9586,2025-02-02T18:00:00Z,2025-02-02T06:00:00Z,4,0.5881,1.65
2025-02-03T04:00:00+06:00,2025-02-02T22:00:00Z,T2,0.6581,0.1604,0.9567,2025-02-02T18:00:00Z,2025-02-02T06:00:00Z,4,0.5862,1.6452
2025-02-03T05:00:00+06:00,2025-02-02T23:00:00Z,T1,0.6891,0.1914,0.9878,2025-02-02T18:00:00Z,2025-02-02T06:00:00Z,5,0.6675,1.7228
2025-02-03T05:00:00+06:00,2025-02-02T23:00:00Z,T2,0.6871,0.1894,0.9857,2025-02-02T18:00:00Z,2025-02-02T06:00:00Z,5,0.6657,1.7178
2025-02-03T06:00:00+06:00,2025-02-03T00:00:00Z,T1,0.7349,0.2372,1.0,2025-02-02T18:00:00Z,2025-02-02T06:00:00Z,6,0.7141,1.8372
2025-02-03T06:00:00+06:00,2025-02-03T00:00:00Z,T2,0.7338,0.2361,1.0,2025-02-02T18:00:00Z,2025-02-02T06:00:00Z,6,0.7134,1.8345
2025-02-03T07:00:00+06:00,2025-02-03T01:00:00Z,T1,0.7545,0.2568,1.0,2025-02-02T18:00:00Z,2025-02-02T06:00:00Z,7,0.7685,1.8862
2025-02-03T07:00:00+06:00,2025-02-03T01:00:00Z,T2,0.7539,0.2562,1.0,2025-02-02T18:00:00Z,2025-02-02T06:00:00Z,7,0.768,1.8848
2025-02-03T08:00:00+06:00,2025-02-03T02:00:00Z,T1,0.7732,0.2755,1.0,2025-02-02T18:00:00Z,2025-02-02T06:00:00Z,8,0.7732,1.933
2025-02-03T08:00:00+06:00,2025-02-03T02:00:00Z,T2,0.7711,0.2734,1.0,2025-02-02T18:00:00Z,2025-02-02T06:00:00Z,8,0.7695,1.9278
2025-02-03T09:00:00+06:00,2025-02-03T03:00:00Z,T1,0.7758,0.2782,1.0,2025-02-02T18:00:00Z,2025-02-02T06:00:00Z,9,0.7956,1.9395
2025-02-03T09:00:00+06:00,2025-02-03T03:00:00Z,T2,0.7778,0.2801,1.0,2025-02-02T18:00:00Z,2025-02-02T06:00:00Z,9,0.7976,1.9445
2025-02-03T10:00:00+06:00,2025-02-03T04:00:00Z,T1,0.751,0.2533,1.0,2025-02-02T18:00:00Z,2025-02-02T06:00:00Z,10,0.7695,1.8775
2025-02-03T10:00:00+06:00,2025-02-03T04:00:00Z,T2,0.753,0.2553,1.0,2025-02-02T18:00:00Z,2025-02-02T06:00:00Z,10,0.7718,1.8825
2025-02-03T11:00:00+06:00,2025-02-03T05:00:00Z,T1,0.7319,0.2343,1.0,2025-02-02T18:00:00Z,2025-02-02T06:00:00Z,11,0.771,1.8298
2025-02-03T11:00:00+06:00,2025-02-03T05:00:00Z,T2,0.7354,0.2377,1.0,2025-02-02T18:00:00Z,2025-02-02T06:00:00Z,11,0.7749,1.8385
2025-02-03T12:00:00+06:00,2025-02-03T06:00:00Z,T1,0.8024,0.3047,1.0,2025-02-02T18:00:00Z,2025-02-02T06:00:00Z,12,0.8172,2.006
2025-02-03T12:00:00+06:00,2025-02-03T06:00:00Z,T2,0.8064,0.3087,1.0,2025-02-02T18:00:00Z,2025-02-02T06:00:00Z,12,0.8181,2.016
2025-02-03T13:00:00+06:00,2025-02-03T07:00:00Z,T1,0.8566,0.4981,0.9416,2025-02-02T18:00:00Z,2025-02-02T06:00:00Z,13,0.8642,2.1415
2025-02-03T13:00:00+06:00,2025-02-03T07:00:00Z,T2,0.8571,0.4986,0.9421,2025-02-02T18:00:00Z,2025-02-02T06:00:00Z,13,0.8633,2.1428
2025-02-03T14:00:00+06:00,2025-02-03T08:00:00Z,T1,0.8709,0.5124,0.9559,2025-02-02T18:00:00Z,2025-02-02T06:00:00Z,14,0.8994,2.1772
2025-02-03T14:00:00+06:00,2025-02-03T08:00:00Z,T2,0.8719,0.5134,0.9569,2025-02-02T18:00:00Z,2025-02-02T06:00:00Z,14,0.898,2.1798
2025-02-03T15:00:00+06:00,2025-02-03T09:00:00Z,T1,0.8819,0.5234,0.9669,2025-02-02T18:00:00Z,2025-02-02T06:00:00Z,15,0.8981,2.2048
2025-02-03T15:00:00+06:00,2025-02-03T09:00:00Z,T2,0.8824,0.5239,0.9674,2025-02-02T18:00:00Z,2025-02-02T06:00:00Z,15,0.8984,2.206
2025-02-03T16:00:00+06:00,2025-02-03T10:00:00Z,T1,0.8447,0.3471,1.0,2025-02-02T18:00:00Z,2025-02-02T06:00:00Z,16,0.8278,2.1117
2025-02-03T16:00:00+06:00,2025-02-03T10:00:00Z,T2,0.8471,0.3494,1.0,2025-02-02T18:00:00Z,2025-02-02T06:00:00Z,16,0.8272,2.1178
2025-02-03T17:00:00+06:00,2025-02-03T11:00:00Z,T1,0.8099,0.3122,1.0,2025-02-02T18:00:00Z,2025-02-02T06:00:00Z,17,0.7997,2.0248
2025-02-03T17:00:00+06:00,2025-02-03T11:00:00Z,T2,0.8127,0.315,1.0,2025-02-02T18:00:00Z,2025-02-02T06:00:00Z,17,0.8025,2.0317
2025-02-03T18:00:00+06:00,2025-02-03T12:00:00Z,T1,0.7387,0.2411,1.0,2025-02-02T18:00:00Z,2025-02-02T06:00:00Z,18,0.6618,1.8468
2025-02-03T18:00:00+06:00,2025-02-03T12:00:00Z,T2,0.7386,0.2409,1.0,2025-02-02T18:00:00Z,2025-02-02T06:00:00Z,18,0.663,1.8465
2025-02-03T19:00:00+06:00,2025-02-03T13:00:00Z,T1,0.7342,0.2365,1.0,2025-02-02T18:00:00Z,2025-02-02T06:00:00Z,19,0.6423,1.8355
2025-02-03T19:00:00+06:00,2025-02-03T13:00:00Z,T2,0.7343,0.2366,1.0,2025-02-02T18:00:00Z,2025-02-02T06:00:00Z,19,0.6395,1.8358
2025-02-03T20:00:00+06:00,2025-02-03T14:00:00Z,T1,0.7386,0.241,1.0,2025-02-02T18:00:00Z,2025-02-02T06:00:00Z,20,0.6636,1.8465
2025-02-03T20:00:00+06:00,2025-02-03T14:00:00Z,T2,0.7396,0.2419,1.0,2025-02-02T18:00:00Z,2025-02-02T06:00:00Z,20,0.6608,1.849
2025-02-03T21:00:00+06:00,2025-02-03T15:00:00Z,T1,0.7579,0.2603,1.0,2025-02-02T18:00:00Z,2025-02-02T06:00:00Z,21,0.713,1.8948
2025-02-03T21:00:00+06:00,2025-02-03T15:00:00Z,T2,0.7589,0.2612,1.0,2025-02-02T18:00:00Z,2025-02-02T06:00:00Z,21,0.7145,1.8972
2025-02-03T22:00:00+06:00,2025-02-03T16:00:00Z,T1,0.8129,0.3152,1.0,2025-02-02T18:00:00Z,2025-02-02T06:00:00Z,22,0.7846,2.0322
2025-02-03T22:00:00+06:00,2025-02-03T16:00:00Z,T2,0.8126,0.3149,1.0,2025-02-02T18:00:00Z,2025-02-02T06:00:00Z,22,0.7854,2.0315
2025-02-03T23:00:00+06:00,2025-02-03T17:00:00Z,T1,0.8235,0.3258,1.0,2025-02-02T18:00:00Z,2025-02-02T06:00:00Z,23,0.7694,2.0588
2025-02-03T23:00:00+06:00,2025-02-03T17:00:00Z,T2,0.8242,0.3265,1.0,2025-02-02T18:00:00Z,2025-02-02T06:00:00Z,23,0.7715,2.0605
2025-02-04T00:00:00+06:00,2025-02-03T18:00:00Z,T1,0.9154,0.5569,1.0,2025-02-03T18:00:00Z,2025-02-03T06:00:00Z,0,0.7628,2.2885
2025-02-04T00:00:00+06:00,2025-02-03T18:00:00Z,T2,0.9154,0.5569,1.0,2025-02-03T18:00:00Z,2025-02-03T06:00:00Z,0,0.7638,2.2885
2025-02-04T01:00:00+06:00,2025-02-03T19:00:00Z,T1,0.9077,0.5492,0.9927,2025-02-03T18:00:00Z,2025-02-03T06:00:00Z,1,0.7402,2.2692
2025-02-04T01:00:00+06:00,2025-02-03T19:00:00Z,T2,0.9081,0.5496,0.9931,2025-02-03T18:00:00Z,2025-02-03T06:00:00Z,1,0.7413,2.2702
2025-02-04T02:00:00+06:00,2025-02-03T20:00:00Z,T1,0.886,0.5275,0.971,2025-02-03T18:00:00Z,2025-02-03T06:00:00Z,2,0.7979,2.215
2025-02-04T02:00:00+06:00,2025-02-03T20:00:00Z,T2,0.8867,0.5283,0.9717,2025-02-03T18:00:00Z,2025-02-03T06:00:00Z,2,0.798,2.2168
2025-02-04T03:00:00+06:00,2025-02-03T21:00:00Z,T1,0.8932,0.5347,0.9782,2025-02-03T18:00:00Z,2025-02-03T06:00:00Z,3,0.838,2.233
2025-02-04T03:00:00+06:00,2025-02-03T21:00:00Z,T2,0.8936,0.5351,0.9786,2025-02-03T18:00:00Z,2025-02-03T06:00:00Z,3,0.8383,2.234
2025-02-04T04:00:00+06:00,2025-02-03T22:00:00Z,T1,0.9045,0.546,0.9895,2025-02-03T18:00:00Z,2025-02-03T06:00:00Z,4,0.8592,2.2612
2025-02-04T04:00:00+06:00,2025-02-03T22:00:00Z,T2,0.9036,0.5451,0.9886,2025-02-03T18:00:00Z,2025-02-03T06:00:00Z,4,0.8605,2.259
2025-02-04T05:00:00+06:00,2025-02-03T23:00:00Z,T1,0.9179,0.5595,1.0,2025-02-03T18:00:00Z,2025-02-03T06:00:00Z,5,0.8684,2.2948
2025-02-04T05:00:00+06:00,2025-02-03T23:00:00Z,T2,0.9141,0.5557,0.9991,2025-02-03T18:00:00Z,2025-02-03T06:00:00Z,5,0.8691,2.2852
2025-02-04T06:00:00+06:00,2025-02-04T00:00:00Z,T1,0.9316,0.5731,1.0,2025-02-03T18:00:00Z,2025-02-03T06:00:00Z,6,0.8952,2.329
2025-02-04T06:00:00+06:00,2025-02-04T00:00:00Z,T2,0.9273,0.5688,1.0,2025-02-03T18:00:00Z,2025-02-03T06:00:00Z,6,0.8961,2.3182
2025-02-04T07:00:00+06:00,2025-02-04T01:00:00Z,T1,0.9308,0.5723,1.0,2025-02-03T18:00:00Z,2025-02-03T06:00:00Z,7,0.8859,2.327
2025-02-04T07:00:00+06:00,2025-02-04T01:00:00Z,T2,0.9273,0.5688,1.0,2025-02-03T18:00:00Z,2025-02-03T06:00:00Z,7,0.887,2.3182
2025-02-04T08:00:00+06:00,2025-02-04T02:00:00Z,T1,0.9208,0.5623,1.0,2025-02-03T18:00:00Z,2025-02-03T06:00:00Z,8,0.9066,2.302
2025-02-04T08:00:00+06:00,2025-02-04T02:00:00Z,T2,0.9193,0.5608,1.0,2025-02-03T18:00:00Z,2025-02-03T06:00:00Z,8,0.9073,2.2982
2025-02-04T09:00:00+06:00,2025-02-04T03:00:00Z,T1,0.8984,0.5399,0.9834,2025-02-03T18:00:00Z,2025-02-03T06:00:00Z,9,0.8996,2.246
2025-02-04T09:00:00+06:00,2025-02-04T03:00:00Z,T2,0.8986,0.5402,0.9836,2025-02-03T18:00:00Z,2025-02-03T06:00:00Z,9,0.9003,2.2465
2025-02-04T10:00:00+06:00,2025-02-04T04:00:00Z,T1,0.8435,0.3458,1.0,2025-02-03T18:00:00Z,2025-02-03T06:00:00Z,10,0.8989,2.1088
2025-02-04T10:00:00+06:00,2025-02-04T04:00:00Z,T2,0.8448,0.3471,1.0,2025-02-03T18:00:00Z,2025-02-03T06:00:00Z,10,0.8981,2.112
2025-02-04T11:00:00+06:00,2025-02-04T05:00:00Z,T1,0.7239,0.2262,1.0,2025-02-03T18:00:00Z,2025-02-03T06:00:00Z,11,0.8919,1.8098
2025-02-04T11:00:00+06:00,2025-02-04T05:00:00Z,T2,0.7246,0.2269,1.0,2025-02-03T18:00:00Z,2025-02-03T06:00:00Z,11,0.8921,1.8115
2025-02-04T12:00:00+06:00,2025-02-04T06:00:00Z,T1,0.4313,0.1679,0.9453,2025-02-03T18:00:00Z,2025-02-03T06:00:00Z,12,0.8606,1.0783
2025-02-04T12:00:00+06:00,2025-02-04T06:00:00Z,T2,0.4317,0.1684,0.9457,2025-02-03T18:00:00Z,2025-02-03T06:00:00Z,12,0.8609,1.0792
2025-02-04T13:00:00+06:00,2025-02-04T07:00:00Z,T1,0.2125,0.0,0.7265,2025-02-03T18:00:00Z,2025-02-03T06:00:00Z,13,0.741,0.5312
2025-02-04T13:00:00+06:00,2025-02-04T07:00:00Z,T2,0.2117,0.0,0.7257,2025-02-03T18:00:00Z,2025-02-03T06:00:00Z,13,0.7417,0.5292
2025-02-04T14:00:00+06:00,2025-02-04T08:00:00Z,T1,0.0541,0.0,0.2825,2025-02-03T18:00:00Z,2025-02-03T06:00:00Z,14,0.3759,0.1352
2025-02-04T14:00:00+06:00,2025-02-04T08:00:00Z,T2,0.0531,0.0,0.2815,2025-02-03T18:00:00Z,2025-02-03T06:00:00Z,14,0.3746,0.1328
2025-02-04T15:00:00+06:00,2025-02-04T09:00:00Z,T1,0.0421,0.0,0.2705,2025-02-03T18:00:00Z,2025-02-03T06:00:00Z,15,0.0822,0.1052
2025-02-04T15:00:00+06:00,2025-02-04T09:00:00Z,T2,0.0416,0.0,0.27,2025-02-03T18:00:00Z,2025-02-03T06:00:00Z,15,0.0814,0.104
2025-02-04T16:00:00+06:00,2025-02-04T10:00:00Z,T1,0.0842,0.0019,0.3126,2025-02-03T18:00:00Z,2025-02-03T06:00:00Z,16,0.0455,0.2105
2025-02-04T16:00:00+06:00,2025-02-04T10:00:00Z,T2,0.0841,0.0018,0.3125,2025-02-03T18:00:00Z,2025-02-03T06:00:00Z,16,0.045,0.2102
2025-02-04T17:00:00+06:00,2025-02-04T11:00:00Z,T1,0.1511,0.0,0.6651,2025-02-03T18:00:00Z,2025-02-03T06:00:00Z,17,0.0435,0.3778
2025-02-04T17:00:00+06:00,2025-02-04T11:00:00Z,T2,0.1517,0.0,0.6657,2025-02-03T18:00:00Z,2025-02-03T06:00:00Z,17,0.0425,0.3792
2025-02-04T18:00:00+06:00,2025-02-04T12:00:00Z,T1,0.1739,0.0,0.6879,2025-02-03T18:00:00Z,2025-02-03T06:00:00Z,18,0.1185,0.4348
2025-02-04T18:00:00+06:00,2025-02-04T12:00:00Z,T2,0.1735,0.0,0.6874,2025-02-03T18:00:00Z,2025-02-03T06:00:00Z,18,0.1183,0.4338
2025-02-04T19:00:00+06:00,2025-02-04T13:00:00Z,T1,0.2048,0.0,0.7188,2025-02-03T18:00:00Z,2025-02-03T06:00:00Z,19,0.15,0.512
2025-02-04T19:00:00+06:00,2025-02-04T13:00:00Z,T2,0.2052,0.0,0.7192,2025-02-03T18:00:00Z,2025-02-03T06:00:00Z,19,0.1498,0.513
2025-02-04T20:00:00+06:00,2025-02-04T14:00:00Z,T1,0.1819,0.0,0.6959,2025-02-03T18:00:00Z,2025-02-03T06:00:00Z,20,0.1434,0.4548
2025-02-04T20:00:00+06:00,2025-02-04T14:00:00Z,T2,0.1822,0.0,0.6962,2025-02-03T18:00:00Z,2025-02-03T06:00:00Z,20,0.1437,0.4555
2025-02-04T21:00:00+06:00,2025-02-04T15:00:00Z,T1,0.1564,0.0,0.6703,2025-02-03T18:00:00Z,2025-02-03T06:00:00Z,21,0.1442,0.391
2025-02-04T21:00:00+06:00,2025-02-04T15:00:00Z,T2,0.1569,0.0,0.6709,2025-02-03T18:00:00Z,2025-02-03T06:00:00Z,21,0.1448,0.3923
2025-02-04T22:00:00+06:00,2025-02-04T16:00:00Z,T1,0.149,0.0667,0.3774,2025-02-03T18:00:00Z,2025-02-03T06:00:00Z,22,0.1268,0.3725
2025-02-04T22:00:00+06:00,2025-02-04T16:00:00Z,T2,0.1491,0.0669,0.3775,2025-02-03T18:00:00Z,2025-02-03T06:00:00Z,22,0.127,0.3728
2025-02-04T23:00:00+06:00,2025-02-04T17:00:00Z,T1,0.102,0.0198,0.3304,2025-02-03T18:00:00Z,2025-02-03T06:00:00Z,23,0.0997,0.255
2025-02-04T23:00:00+06:00,2025-02-04T17:00:00Z,T2,0.102,0.0197,0.3304,2025-02-03T18:00:00Z,2025-02-03T06:00:00Z,23,0.1002,0.255
2025-02-05T00:00:00+06:00,2025-02-04T18:00:00Z,T1,0.0971,0.0149,0.3255,2025-02-04T18:00:00Z,2025-02-04T06:00:00Z,0,0.0689,0.2428
2025-02-05T00:00:00+06:00,2025-02-04T18:00:00Z,T2,0.0973,0.015,0.3257,2025-02-04T18:00:00Z,2025-02-04T06:00:00Z,0,0.0686,0.2432
2025-02-05T01:00:00+06:00,2025-02-04T19:00:00Z,T1,0.0687,0.0,0.2971,2025-02-04T18:00:00Z,2025-02-04T06:00:00Z,1,0.0539,0.1717
2025-02-05T01:00:00+06:00,2025-02-04T19:00:00Z,T2,0.0684,0.0,0.2967,2025-02-04T18:00:00Z,2025-02-04T06:00:00Z,1,0.0536,0.171
2025-02-05T02:00:00+06:00,2025-02-04T20:00:00Z,T1,0.0505,0.0,0.2789,2025-02-04T18:00:00Z,2025-02-04T06:00:00Z,2,0.0408,0.1262
2025-02-05T02:00:00+06:00,2025-02-04T20:00:00Z,T2,0.0505,0.0,0.2789,2025-02-04T18:00:00Z,2025-02-04T06:00:00Z,2,0.0407,0.1262
2025-02-05T03:00:00+06:00,2025-02-04T21:00:00Z,T1,0.0336,0.0,0.262,2025-02-04T18:00:00Z,2025-02-04T06:00:00Z,3,0.0236,0.084
2025-02-05T03:00:00+06:00,2025-02-04T21:00:00Z,T2,0.0337,0.0,0.2621,2025-02-04T18:00:00Z,2025-02-04T06:00:00Z,3,0.0237,0.0842
2025-02-05T04:00:00+06:00,2025-02-04T22:00:00Z,T1,0.0202,0.0,0.2486,2025-02-04T18:00:00Z,2025-02-04T06:00:00Z,4,0.018,0.0505
2025-02-05T04:00:00+06:00,2025-02-04T22:00:00Z,T2,0.0202,0.0,0.2486,2025-02-04T18:00:00Z,2025-02-04T06:00:00Z,4,0.0181,0.0505
2025-02-05T05:00:00+06:00,2025-02-04T23:00:00Z,T1,0.021,0.0,0.2494,2025-02-04T18:00:00Z,2025-02-04T06:00:00Z,5,0.0231,0.0525
2025-02-05T05:00:00+06:00,2025-02-04T23:00:00Z,T2,0.0213,0.0,0.2497,2025-02-04T18:00:00Z,2025-02-04T06:00:00Z,5,0.0233,0.0532
2025-02-05T06:00:00+06:00,2025-02-05T00:00:00Z,T1,0.0371,0.0,0.2655,2025-02-04T18:00:00Z,2025-02-04T06:00:00Z,6,0.0295,0.0928
2025-02-05T06:00:00+06:00,2025-02-05T00:00:00Z,T2,0.0364,0.0,0.2648,2025-02-04T18:00:00Z,2025-02-04T06:00:00Z,6,0.0292,0.091
2025-02-05T07:00:00+06:00,2025-02-05T01:00:00Z,T1,0.0573,0.0,0.2857,2025-02-04T18:00:00Z,2025-02-04T06:00:00Z,7,0.0374,0.1432
2025-02-05T07:00:00+06:00,2025-02-05T01:00:00Z,T2,0.0567,0.0,0.2851,2025-02-04T18:00:00Z,2025-02-04T06:00:00Z,7,0.0375,0.1417
2025-02-05T08:00:00+06:00,2025-02-05T02:00:00Z,T1,0.0785,0.0,0.3069,2025-02-04T18:00:00Z,2025-02-04T06:00:00Z,8,0.0485,0.1962
2025-02-05T08:00:00+06:00,2025-02-05T02:00:00Z,T2,0.0787,0.0,0.3071,2025-02-04T18:00:00Z,2025-02-04T06:00:00Z,8,0.0483,0.1968
2025-02-05T09:00:00+06:00,2025-02-05T03:00:00Z,T1,0.0903,0.008,0.3187,2025-02-04T18:00:00Z,2025-02-04T06:00:00Z,9,0.0573,0.2258
2025-02-05T09:00:00+06:00,2025-02-05T03:00:00Z,T2,0.0896,0.0073,0.318,2025-02-04T18:00:00Z,2025-02-04T06:00:00Z,9,0.0569,0.224
2025-02-05T10:00:00+06:00,2025-02-05T04:00:00Z,T1,0.0825,0.0003,0.3109,2025-02-04T18:00:00Z,2025-02-04T06:00:00Z,10,0.0611,0.2062
2025-02-05T10:00:00+06:00,2025-02-05T04:00:00Z,T2,0.0808,0.0,0.3091,2025-02-04T18:00:00Z,2025-02-04T06:00:00Z,10,0.0599,0.202
2025-02-05T11:00:00+06:00,2025-02-05T05:00:00Z,T1,0.1356,0.0533,0.364,2025-02-04T18:00:00Z,2025-02-04T06:00:00Z,11,0.0647,0.339
2025-02-05T11:00:00+06:00,2025-02-05T05:00:00Z,T2,0.134,0.0517,0.3623,2025-02-04T18:00:00Z,2025-02-04T06:00:00Z,11,0.0633,0.335
2025-02-05T12:00:00+06:00,2025-02-05T06:00:00Z,T1,0.1361,0.0538,0.3645,2025-02-04T18:00:00Z,2025-02-04T06:00:00Z,12,0.0482,0.3402
2025-02-05T12:00:00+06:00,2025-02-05T06:00:00Z,T2,0.1343,0.052,0.3627,2025-02-04T18:00:00Z,2025-02-04T06:00:00Z,12,0.0482,0.3358
2025-02-05T13:00:00+06:00,2025-02-05T07:00:00Z,T1,0.1167,0.0344,0.3451,2025-02-04T18:00:00Z,2025-02-04T06:00:00Z,13,0.0329,0.2918
2025-02-05T13:00:00+06:00,2025-02-05T07:00:00Z,T2,0.1144,0.0321,0.3427,2025-02-04T18:00:00Z,2025-02-04T06:00:00Z,13,0.0316,0.286
2025-02-05T14:00:00+06:00,2025-02-05T08:00:00Z,T1,0.0834,0.0011,0.3118,2025-02-04T18:00:00Z,2025-02-04T06:00:00Z,14,0.0243,0.2085
2025-02-05T14:00:00+06:00,2025-02-05T08:00:00Z,T2,0.0834,0.0011,0.3118,2025-02-04T18:00:00Z,2025-02-04T06:00:00Z,14,0.024,0.2085
2025-02-05T15:00:00+06:00,2025-02-05T09:00:00Z,T1,0.067,0.0,0.2954,2025-02-04T18:00:00Z,2025-02-04T06:00:00Z,15,0.0213,0.1675
2025-02-05T15:00:00+06:00,2025-02-05T09:00:00Z,T2,0.0676,0.0,0.296,2025-02-04T18:00:00Z,2025-02-04T06:00:00Z,15,0.021,0.169
2025-02-05T16:00:00+06:00,2025-02-05T10:00:00Z,T1,0.0659,0.0,0.2943,2025-02-04T18:00:00Z,2025-02-04T06:00:00Z,16,0.0179,0.1648
2025-02-05T16:00:00+06:00,2025-02-05T10:00:00Z,T2,0.0653,0.0,0.2937,2025-02-04T18:00:00Z,2025-02-04T06:00:00Z,16,0.0177,0.1632
2025-02-05T17:00:00+06:00,2025-02-05T11:00:00Z,T1,0.0464,0.0,0.2748,2025-02-04T18:00:00Z,2025-02-04T06:00:00Z,17,0.0213,0.116
2025-02-05T17:00:00+06:00,2025-02-05T11:00:00Z,T2,0.0461,0.0,0.2745,2025-02-04T18:00:00Z,2025-02-04T06:00:00Z,17,0.021,0.1152
2025-02-05T18:00:00+06:00,2025-02-05T12:00:00Z,T1,0.0336,0.0,0.262,2025-02-04T18:00:00Z,2025-02-04T06:00:00Z,18,0.0299,0.084
2025-02-05T18:00:00+06:00,2025-02-05T12:00:00Z,T2,0.0334,0.0,0.2617,2025-02-04T18:00:00Z,2025-02-04T06:00:00Z,18,0.0302,0.0835
2025-02-05T19:00:00+06:00,2025-02-05T13:00:00Z,T1,0.0224,0.0,0.2508,2025-02-04T18:00:00Z,2025-02-04T06:00:00Z,19,0.0358,0.056
2025-02-05T19:00:00+06:00,2025-02-05T13:00:00Z,T2,0.0222,0.0,0.2506,2025-02-04T18:00:00Z,2025-02-04T06:00:00Z,19,0.036,0.0555
2025-02-05T20:00:00+06:00,2025-02-05T14:00:00Z,T1,0.0333,0.0,0.2617,2025-02-04T18:00:00Z,2025-02-04T06:00:00Z,20,0.0356,0.0832
2025-02-05T20:00:00+06:00,2025-02-05T14:00:00Z,T2,0.0335,0.0,0.2619,2025-02-04T18:00:00Z,2025-02-04T06:00:00Z,20,0.0357,0.0838
2025-02-05T21:00:00+06:00,2025-02-05T15:00:00Z,T1,0.0374,0.0,0.2658,2025-02-04T18:00:00Z,2025-02-04T06:00:00Z,21,0.036,0.0935
2025-02-05T21:00:00+06:00,2025-02-05T15:00:00Z,T2,0.0376,0.0,0.266,2025-02-04T18:00:00Z,2025-02-04T06:00:00Z,21,0.0361,0.094
2025-02-05T22:00:00+06:00,2025-02-05T16:00:00Z,T1,0.045,0.0,0.2734,2025-02-04T18:00:00Z,2025-02-04T06:00:00Z,22,0.0406,0.1125
2025-02-05T22:00:00+06:00,2025-02-05T16:00:00Z,T2,0.0451,0.0,0.2734,2025-02-04T18:00:00Z,2025-02-04T06:00:00Z,22,0.0406,0.1128
2025-02-05T23:00:00+06:00,2025-02-05T17:00:00Z,T1,0.0369,0.0,0.2653,2025-02-04T18:00:00Z,2025-02-04T06:00:00Z,23,0.0503,0.0922
2025-02-05T23:00:00+06:00,2025-02-05T17:00:00Z,T2,0.0369,0.0,0.2653,2025-02-04T18:00:00Z,2025-02-04T06:00:00Z,23,0.0507,0.0922
2025-02-06T00:00:00+06:00,2025-02-05T18:00:00Z,T1,0.0255,0.0,0.2539,2025-02-05T18:00:00Z,2025-02-05T06:00:00Z,0,0.0329,0.0638
2025-02-06T00:00:00+06:00,2025-02-05T18:00:00Z,T2,0.0255,0.0,0.2539,2025-02-05T18:00:00Z,2025-02-05T06:00:00Z,0,0.033,0.0638
2025-02-06T01:00:00+06:00,2025-02-05T19:00:00Z,T1,0.0298,0.0,0.2582,2025-02-05T18:00:00Z,2025-02-05T06:00:00Z,1,0.0273,0.0745
2025-02-06T01:00:00+06:00,2025-02-05T19:00:00Z,T2,0.03,0.0,0.2584,2025-02-05T18:00:00Z,2025-02-05T06:00:00Z,1,0.0273,0.075
2025-02-06T02:00:00+06:00,2025-02-05T20:00:00Z,T1,0.0451,0.0,0.2735,2025-02-05T18:00:00Z,2025-02-05T06:00:00Z,2,0.026,0.1128
2025-02-06T02:00:00+06:00,2025-02-05T20:00:00Z,T2,0.0445,0.0,0.2729,2025-02-05T18:00:00Z,2025-02-05T06:00:00Z,2,0.0263,0.1112
2025-02-06T03:00:00+06:00,2025-02-05T21:00:00Z,T1,0.0893,0.007,0.3177,2025-02-05T18:00:00Z,2025-02-05T06:00:00Z,3,0.0441,0.2232
2025-02-06T03:00:00+06:00,2025-02-05T21:00:00Z,T2,0.0895,0.0072,0.3179,2025-02-05T18:00:00Z,2025-02-05T06:00:00Z,3,0.0443,0.2238
2025-02-06T04:00:00+06:00,2025-02-05T22:00:00Z,T1,0.1811,0.0,0.6951,2025-02-05T18:00:00Z,2025-02-05T06:00:00Z,4,0.0707,0.4528
2025-02-06T04:00:00+06:00,2025-02-05T22:00:00Z,T2,0.1807,0.0,0.6947,2025-02-05T18:00:00Z,2025-02-05T06:00:00Z,4,0.0701,0.4518
2025-02-06T05:00:00+06:00,2025-02-05T23:00:00Z,T1,0.2779,0.0146,0.7919,2025-02-05T18:00:00Z,2025-02-05T06:00:00Z,5,0.1162,0.6948
2025-02-06T05:00:00+06:00,2025-02-05T23:00:00Z,T2,0.2758,0.0125,0.7898,2025-02-05T18:00:00Z,2025-02-05T06:00:00Z,5,0.1158,0.6895
2025-02-06T06:00:00+06:00,2025-02-06T00:00:00Z,T1,0.4465,0.1832,0.9605,2025-02-05T18:00:00Z,2025-02-05T06:00:00Z,6,0.2067,1.1162
2025-02-06T06:00:00+06:00,2025-02-06T00:00:00Z,T2,0.4445,0.1811,0.9585,2025-02-05T18:00:00Z,2025-02-05T06:00:00Z,6,0.2055,1.1112
2025-02-06T07:00:00+06:00,2025-02-06T01:00:00Z,T1,0.4906,0.2273,1.0,2025-02-05T18:00:00Z,2025-02-05T06:00:00Z,7,0.3617,1.2265
2025-02-06T07:00:00+06:00,2025-02-06T01:00:00Z,T2,0.4883,0.225,1.0,2025-02-05T18:00:00Z,2025-02-05T06:00:00Z,7,0.3597,1.2208
2025-02-06T08:00:00+06:00,2025-02-06T02:00:00Z,T1,0.4975,0.2341,1.0,2025-02-05T18:00:00Z,2025-02-05T06:00:00Z,8,0.4002,1.2438
2025-02-06T08:00:00+06:00,2025-02-06T02:00:00Z,T2,0.4958,0.2325,1.0,2025-02-05T18:00:00Z,2025-02-05T06:00:00Z,8,0.3985,1.2395
2025-02-06T09:00:00+06:00,2025-02-06T03:00:00Z,T1,0.4852,0.2218,0.9992,2025-02-05T18:00:00Z,2025-02-05T06:00:00Z,9,0.4638,1.213
2025-02-06T09:00:00+06:00,2025-02-06T03:00:00Z,T2,0.4835,0.2202,0.9975,2025-02-05T18:00:00Z,2025-02-05T06:00:00Z,9,0.4623,1.2088
2025-02-06T10:00:00+06:00,2025-02-06T04:00:00Z,T1,0.5003,0.0027,0.799,2025-02-05T18:00:00Z,2025-02-05T06:00:00Z,10,0.3777,1.2508
2025-02-06T10:00:00+06:00,2025-02-06T04:00:00Z,T2,0.4968,0.2334,1.0,2025-02-05T18:00:00Z,2025-02-05T06:00:00Z,10,0.3748,1.242
2025-02-06T11:00:00+06:00,2025-02-06T05:00:00Z,T1,0.5247,0.027,0.8233,2025-02-05T18:00:00Z,2025-02-05T06:00:00Z,11,0.3908,1.3118
2025-02-06T11:00:00+06:00,2025-02-06T05:00:00Z,T2,0.5247,0.027,0.8233,2025-02-05T18:00:00Z,2025-02-05T06:00:00Z,11,0.3876,1.3118
2025-02-06T12:00:00+06:00,2025-02-06T06:00:00Z,T1,0.5577,0.06,0.8563,2025-02-05T18:00:00Z,2025-02-05T06:00:00Z,12,0.4884,1.3942
2025-02-06T12:00:00+06:00,2025-02-06T06:00:00Z,T2,0.5586,0.0609,0.8573,2025-02-05T18:00:00Z,2025-02-05T06:00:00Z,12,0.4901,1.3965
2025-02-06T13:00:00+06:00,2025-02-06T07:00:00Z,T1,0.6132,0.1155,0.9119,2025-02-05T18:00:00Z,2025-02-05T06:00:00Z,13,0.5169,1.533
2025-02-06T13:00:00+06:00,2025-02-06T07:00:00Z,T2,0.6141,0.1165,0.9128,2025-02-05T18:00:00Z,2025-02-05T06:00:00Z,13,0.5179,1.5352
2025-02-06T14:00:00+06:00,2025-02-06T08:00:00Z,T1,0.5335,0.0358,0.8321,2025-02-05T18:00:00Z,2025-02-05T06:00:00Z,14,0.5201,1.3338
2025-02-06T14:00:00+06:00,2025-02-06T08:00:00Z,T2,0.5337,0.036,0.8324,2025-02-05T18:00:00Z,2025-02-05T06:00:00Z,14,0.5203,1.3342
2025-02-06T15:00:00+06:00,2025-02-06T09:00:00Z,T1,0.4798,0.2165,0.9938,2025-02-05T18:00:00Z,2025-02-05T06:00:00Z,15,0.574,1.1995
2025-02-06T15:00:00+06:00,2025-02-06T09:00:00Z,T2,0.4758,0.2124,0.9898,2025-02-05T18:00:00Z,2025-02-05T06:00:00Z,15,0.5734,1.1895
2025-02-06T16:00:00+06:00,2025-02-06T10:00:00Z,T1,0.4131,0.1497,0.9271,2025-02-05T18:00:00Z,2025-02-05T06:00:00Z,16,0.4765,1.0328
2025-02-06T16:00:00+06:00,2025-02-06T10:00:00Z,T2,0.4098,0.1464,0.9237,2025-02-05T18:00:00Z,2025-02-05T06:00:00Z,16,0.4776,1.0245
2025-02-06T17:00:00+06:00,2025-02-06T11:00:00Z,T1,0.4184,0.155,0.9324,2025-02-05T18:00:00Z,2025-02-05T06:00:00Z,17,0.4356,1.046
2025-02-06T17:00:00+06:00,2025-02-06T11:00:00Z,T2,0.4166,0.1533,0.9306,2025-02-05T18:00:00Z,2025-02-05T06:00:00Z,17,0.4332,1.0415
2025-02-06T18:00:00+06:00,2025-02-06T12:00:00Z,T1,0.3359,0.0726,0.8499,2025-02-05T18:00:00Z,2025-02-05T06:00:00Z,18,0.3948,0.8398
2025-02-06T18:00:00+06:00,2025-02-06T12:00:00Z,T2,0.3331,0.0698,0.8471,2025-02-05T18:00:00Z,2025-02-05T06:00:00Z,18,0.3916,0.8328
2025-02-06T19:00:00+06:00,2025-02-06T13:00:00Z,T1,0.3399,0.0766,0.8539,2025-02-05T18:00:00Z,2025-02-05T06:00:00Z,19,0.3879,0.8498
2025-02-06T19:00:00+06:00,2025-02-06T13:00:00Z,T2,0.3378,0.0745,0.8518,2025-02-05T18:00:00Z,2025-02-05T06:00:00Z,19,0.3851,0.8445
2025-02-06T20:00:00+06:00,2025-02-06T14:00:00Z,T1,0.3533,0.0899,0.8672,2025-02-05T18:00:00Z,2025-02-05T06:00:00Z,20,0.3879,0.8832
2025-02-06T20:00:00+06:00,2025-02-06T14:00:00Z,T2,0.3512,0.0878,0.8651,2025-02-05T18:00:00Z,2025-02-05T06:00:00Z,20,0.386,0.878
2025-02-06T21:00:00+06:00,2025-02-06T15:00:00Z,T1,0.437,0.1737,0.951,2025-02-05T18:00:00Z,2025-02-05T06:00:00Z,21,0.4608,1.0925
2025-02-06T21:00:00+06:00,2025-02-06T15:00:00Z,T2,0.4346,0.1713,0.9486,2025-02-05T18:00:00Z,2025-02-05T06:00:00Z,21,0.4588,1.0865
2025-02-06T22:00:00+06:00,2025-02-06T16:00:00Z,T1,0.4536,0.1903,0.9676,2025-02-05T18:00:00Z,2025-02-05T06:00:00Z,22,0.4854,1.134
2025-02-06T22:00:00+06:00,2025-02-06T16:00:00Z,T2,0.4493,0.1859,0.9633,2025-02-05T18:00:00Z,2025-02-05T06:00:00Z,22,0.4814,1.1232
2025-02-06T23:00:00+06:00,2025-02-06T17:00:00Z,T1,0.4359,0.1725,0.9499,2025-02-05T18:00:00Z,2025-02-05T06:00:00Z,23,0.5171,1.0898
2025-02-06T23:00:00+06:00,2025-02-06T17:00:00Z,T2,0.4315,0.1681,0.9455,2025-02-05T18:00:00Z,2025-02-05T06:00:00Z,23,0.513,1.0787
2025-02-07T00:00:00+06:00,2025-02-06T18:00:00Z,T1,0.4013,0.138,0.9153,2025-02-06T18:00:00Z,2025-02-06T06:00:00Z,0,0.4414,1.0032
2025-02-07T00:00:00+06:00,2025-02-06T18:00:00Z,T2,0.397,0.1336,0.911,2025-02-06T18:00:00Z,2025-02-06T06:00:00Z,0,0.4363,0.9925
2025-02-07T01:00:00+06:00,2025-02-06T19:00:00Z,T1,0.4044,0.1411,0.9184,2025-02-06T18:00:00Z,2025-02-06T06:00:00Z,1,0.4516,1.011
2025-02-07T01:00:00+06:00,2025-02-06T19:00:00Z,T2,0.4005,0.1371,0.9144,2025-02-06T18:00:00Z,2025-02-06T06:00:00Z,1,0.4474,1.0012
2025-02-07T02:00:00+06:00,2025-02-06T20:00:00Z,T1,0.3732,0.1099,0.8872,2025-02-06T18:00:00Z,2025-02-06T06:00:00Z,2,0.4484,0.933
2025-02-07T02:00:00+06:00,2025-02-06T20:00:00Z,T2,0.3691,0.1058,0.8831,2025-02-06T18:00:00Z,2025-02-06T06:00:00Z,2,0.4441,0.9228
2025-02-07T03:00:00+06:00,2025-02-06T21:00:00Z,T1,0.3542,0.0908,0.8682,2025-02-06T18:00:00Z,2025-02-06T06:00:00Z,3,0.4515,0.8855
2025-02-07T03:00:00+06:00,2025-02-06T21:00:00Z,T2,0.3509,0.0875,0.8649,2025-02-06T18:00:00Z,2025-02-06T06:00:00Z,3,0.4472,0.8772
2025-02-07T04:00:00+06:00,2025-02-06T22:00:00Z,T1,0.4064,0.1431,0.9204,2025-02-06T18:00:00Z,2025-02-06T06:00:00Z,4,0.4778,1.016
2025-02-07T04:00:00+06:00,2025-02-06T22:00:00Z,T2,0.4014,0.138,0.9154,2025-02-06T18:00:00Z,2025-02-06T06:00:00Z,4,0.4737,1.0035
2025-02-07T05:00:00+06:00,2025-02-06T23:00:00Z,T1,0.481,0.2176,0.995,2025-02-06T18:00:00Z,2025-02-06T06:00:00Z,5,0.4779,1.2025
2025-02-07T05:00:00+06:00,2025-02-06T23:00:00Z,T2,0.4752,0.2118,0.9891,2025-02-06T18:00:00Z,2025-02-06T06:00:00Z,5,0.4737,1.188
2025-02-07T06:00:00+06:00,2025-02-07T00:00:00Z,T1,0.4793,0.2159,0.9932,2025-02-06T18:00:00Z,2025-02-06T06:00:00Z,6,0.489,1.1982
2025-02-07T06:00:00+06:00,2025-02-07T00:00:00Z,T2,0.4736,0.2102,0.9876,2025-02-06T18:00:00Z,2025-02-06T06:00:00Z,6,0.4856,1.184
2025-02-07T07:00:00+06:00,2025-02-07T01:00:00Z,T1,0.4859,0.2226,0.9999,2025-02-06T18:00:00Z,2025-02-06T06:00:00Z,7,0.4852,1.2148
2025-02-07T07:00:00+06:00,2025-02-07T01:00:00Z,T2,0.4804,0.217,0.9944,2025-02-06T18:00:00Z,2025-02-06T06:00:00Z,7,0.4819,1.201
2025-02-07T08:00:00+06:00,2025-02-07T02:00:00Z,T1,0.4969,0.2336,1.0,2025-02-06T18:00:00Z,2025-02-06T06:00:00Z,8,0.4625,1.2422
2025-02-07T08:00:00+06:00,2025-02-07T02:00:00Z,T2,0.4923,0.2289,1.0,2025-02-06T18:00:00Z,2025-02-06T06:00:00Z,8,0.4592,1.2308
2025-02-07T09:00:00+06:00,2025-02-07T03:00:00Z,T1,0.5252,0.0275,0.8238,2025-02-06T18:00:00Z,2025-02-06T06:00:00Z,9,0.468,1.313
2025-02-07T09:00:00+06:00,2025-02-07T03:00:00Z,T2,0.5206,0.0229,0.8192,2025-02-06T18:00:00Z,2025-02-06T06:00:00Z,9,0.4648,1.3015
2025-02-07T10:00:00+06:00,2025-02-07T04:00:00Z,T1,0.5436,0.0459,0.8422,2025-02-06T18:00:00Z,2025-02-06T06:00:00Z,10,0.4742,1.359
2025-02-07T10:00:00+06:00,2025-02-07T04:00:00Z,T2,0.54,0.0423,0.8386,2025-02-06T18:00:00Z,2025-02-06T06:00:00Z,10,0.4701,1.35
2025-02-07T11:00:00+06:00,2025-02-07T05:00:00Z,T1,0.6496,0.1519,0.9482,2025-02-06T18:00:00Z,2025-02-06T06:00:00Z,11,0.5648,1.624
2025-02-07T11:00:00+06:00,2025-02-07T05:00:00Z,T2,0.6474,0.1497,0.9461,2025-02-06T18:00:00Z,2025-02-06T06:00:00Z,11,0.5615,1.6185
2025-02-07T12:00:00+06:00,2025-02-07T06:00:00Z,T1,0.6108,0.1132,0.9095,2025-02-06T18:00:00Z,2025-02-06T06:00:00Z,12,0.6548,1.527
2025-02-07T12:00:00+06:00,2025-02-07T06:00:00Z,T2,0.6109,0.1132,0.9095,2025-02-06T18:00:00Z,2025-02-06T06:00:00Z,12,0.6546,1.5272
2025-02-07T13:00:00+06:00,2025-02-07T07:00:00Z,T1,0.6156,0.1179,0.9142,2025-02-06T18:00:00Z,2025-02-06T06:00:00Z,13,0.6837,1.539
2025-02-07T13:00:00+06:00,2025-02-07T07:00:00Z,T2,0.6151,0.1174,0.9137,2025-02-06T18:00:00Z,2025-02-06T06:00:00Z,13,0.6833,1.5378
2025-02-07T14:00:00+06:00,2025-02-07T08:00:00Z,T1,0.7231,0.2254,1.0,2025-02-06T18:00:00Z,2025-02-06T06:00:00Z,14,0.8093,1.8078
2025-02-07T14:00:00+06:00,2025-02-07T08:00:00Z,T2,0.7228,0.2251,1.0,2025-02-06T18:00:00Z,2025-02-06T06:00:00Z,14,0.8081,1.807
2025-02-07T15:00:00+06:00,2025-02-07T09:00:00Z,T1,0.739,0.2413,1.0,2025-02-06T18:00:00Z,2025-02-06T06:00:00Z,15,0.8461,1.8475
2025-02-07T15:00:00+06:00,2025-02-07T09:00:00Z,T2,0.7385,0.2408,1.0,2025-02-06T18:00:00Z,2025-02-06T06:00:00Z,15,0.8458,1.8462
2025-02-07T16:00:00+06:00,2025-02-07T10:00:00Z,T1,0.5554,0.0577,0.854,2025-02-06T18:00:00Z,2025-02-06T06:00:00Z,16,0.717,1.3885
2025-02-07T16:00:00+06:00,2025-02-07T10:00:00Z,T2,0.5539,0.0562,0.8526,2025-02-06T18:00:00Z,2025-02-06T06:00:00Z,16,0.7179,1.3848
2025-02-07T17:00:00+06:00,2025-02-07T11:00:00Z,T1,0.4494,0.1861,0.9634,2025-02-06T18:00:00Z,2025-02-06T06:00:00Z,17,0.6177,1.1235
2025-02-07T17:00:00+06:00,2025-02-07T11:00:00Z,T2,0.4464,0.183,0.9604,2025-02-06T18:00:00Z,2025-02-06T06:00:00Z,17,0.6165,1.116
2025-02-07T18:00:00+06:00,2025-02-07T12:00:00Z,T1,0.3184,0.0551,0.8324,2025-02-06T18:00:00Z,2025-02-06T06:00:00Z,18,0.4733,0.796
2025-02-07T18:00:00+06:00,2025-02-07T12:00:00Z,T2,0.3163,0.053,0.8303,2025-02-06T18:00:00Z,2025-02-06T06:00:00Z,18,0.4692,0.7908
2025-02-07T19:00:00+06:00,2025-02-07T13:00:00Z,T1,0.1836,0.0,0.6976,2025-02-06T18:00:00Z,2025-02-06T06:00:00Z,19,0.3394,0.459
2025-02-07T19:00:00+06:00,2025-02-07T13:00:00Z,T2,0.1823,0.0,0.6963,2025-02-06T18:00:00Z,2025-02-06T06:00:00Z,19,0.3377,0.4558
2025-02-07T20:00:00+06:00,2025-02-07T14:00:00Z,T1,0.1564,0.0,0.6703,2025-02-06T18:00:00Z,2025-02-06T06:00:00Z,20,0.2152,0.391
2025-02-07T20:00:00+06:00,2025-02-07T14:00:00Z,T2,0.1552,0.0,0.6692,2025-02-06T18:00:00Z,2025-02-06T06:00:00Z,20,0.2132,0.388
2025-02-07T21:00:00+06:00,2025-02-07T15:00:00Z,T1,0.1927,0.0,0.7067,2025-02-06T18:00:00Z,2025-02-06T06:00:00Z,21,0.2178,0.4818
2025-02-07T21:00:00+06:00,2025-02-07T15:00:00Z,T2,0.1909,0.0,0.7049,2025-02-06T18:00:00Z,2025-02-06T06:00:00Z,21,0.2159,0.4772
2025-02-07T22:00:00+06:00,2025-02-07T16:00:00Z,T1,0.2319,0.0,0.7459,2025-02-06T18:00:00Z,2025-02-06T06:00:00Z,22,0.2064,0.5798
2025-02-07T22:00:00+06:00,2025-02-07T16:00:00Z,T2,0.2286,0.0,0.7426,2025-02-06T18:00:00Z,2025-02-06T06:00:00Z,22,0.2029,0.5715
2025-02-07T23:00:00+06:00,2025-02-07T17:00:00Z,T1,0.2325,0.0,0.7465,2025-02-06T18:00:00Z,2025-02-06T06:00:00Z,23,0.1771,0.5812
2025-02-07T23:00:00+06:00,2025-02-07T17:00:00Z,T2,0.228,0.0,0.742,2025-02-06T18:00:00Z,2025-02-06T06:00:00Z,23,0.173,0.57
2025-02-08T00:00:00+06:00,2025-02-07T18:00:00Z,T1,0.1818,0.0,0.6957,2025-02-07T18:00:00Z,2025-02-07T06:00:00Z,0,0.2287,0.4545
2025-02-08T00:00:00+06:00,2025-02-07T18:00:00Z,T2,0.1766,0.0,0.6906,2025-02-07T18:00:00Z,2025-02-07T06:00:00Z,0,0.2241,0.4415
2025-02-08T01:00:00+06:00,2025-02-07T19:00:00Z,T1,0.1904,0.0,0.7044,2025-02-07T18:00:00Z,2025-02-07T06:00:00Z,1,0.1935,0.476
2025-02-08T01:00:00+06:00,2025-02-07T19:00:00Z,T2,0.1858,0.0,0.6998,2025-02-07T18:00:00Z,2025-02-07T06:00:00Z,1,0.1888,0.4645
2025-02-08T02:00:00+06:00,2025-02-07T20:00:00Z,T1,0.2795,0.0162,0.7935,2025-02-07T18:00:00Z,2025-02-07T06:00:00Z,2,0.1644,0.6988
2025-02-08T02:00:00+06:00,2025-02-07T20:00:00Z,T2,0.2745,0.0112,0.7885,2025-02-07T18:00:00Z,2025-02-07T06:00:00Z,2,0.1607,0.6862
2025-02-08T03:00:00+06:00,2025-02-07T21:00:00Z,T1,0.323,0.0596,0.837,2025-02-07T18:00:00Z,2025-02-07T06:00:00Z,3,0.1521,0.8075
2025-02-08T03:00:00+06:00,2025-02-07T21:00:00Z,T2,0.3174,0.054,0.8314,2025-02-07T18:00:00Z,2025-02-07T06:00:00Z,3,0.1488,0.7935
2025-02-08T04:00:00+06:00,2025-02-07T22:00:00Z,T1,0.3245,0.0612,0.8385,2025-02-07T18:00:00Z,2025-02-07T06:00:00Z,4,0.1741,0.8112
2025-02-08T04:00:00+06:00,2025-02-07T22:00:00Z,T2,0.32,0.0567,0.834,2025-02-07T18:00:00Z,2025-02-07T06:00:00Z,4,0.1708,0.8
2025-02-08T05:00:00+06:00,2025-02-07T23:00:00Z,T1,0.3009,0.0376,0.8149,2025-02-07T18:00:00Z,2025-02-07T06:00:00Z,5,0.2006,0.7522
2025-02-08T05:00:00+06:00,2025-02-07T23:00:00Z,T2,0.2961,0.0328,0.8101,2025-02-07T18:00:00Z,2025-02-07T06:00:00Z,5,0.1958,0.7402
2025-02-08T06:00:00+06:00,2025-02-08T00:00:00Z,T1,0.2972,0.0339,0.8112,2025-02-07T18:00:00Z,2025-02-07T06:00:00Z,6,0.2288,0.743
2025-02-08T06:00:00+06:00,2025-02-08T00:00:00Z,T2,0.2926,0.0293,0.8066,2025-02-07T18:00:00Z,2025-02-07T06:00:00Z,6,0.2256,0.7315
2025-02-08T07:00:00+06:00,2025-02-08T01:00:00Z,T1,0.2483,0.0,0.7623,2025-02-07T18:00:00Z,2025-02-07T06:00:00Z,7,0.1677,0.6208
2025-02-08T07:00:00+06:00,2025-02-08T01:00:00Z,T2,0.2449,0.0,0.7589,2025-02-07T18:00:00Z,2025-02-07T06:00:00Z,7,0.1644,0.6122
2025-02-08T08:00:00+06:00,2025-02-08T02:00:00Z,T1,0.2453,0.0,0.7592,2025-02-07T18:00:00Z,2025-02-07T06:00:00Z,8,0.1533,0.6132
2025-02-08T08:00:00+06:00,2025-02-08T02:00:00Z,T2,0.2421,0.0,0.7561,2025-02-07T18:00:00Z,2025-02-07T06:00:00Z,8,0.1499,0.6053
2025-02-08T09:00:00+06:00,2025-02-08T03:00:00Z,T1,0.1899,0.0,0.7039,2025-02-07T18:00:00Z,2025-02-07T06:00:00Z,9,0.1415,0.4748
2025-02-08T09:00:00+06:00,2025-02-08T03:00:00Z,T2,0.1869,0.0,0.7009,2025-02-07T18:00:00Z,2025-02-07T06:00:00Z,9,0.1387,0.4673
2025-02-08T10:00:00+06:00,2025-02-08T04:00:00Z,T1,0.2938,0.0304,0.8078,2025-02-07T18:00:00Z,2025-02-07T06:00:00Z,10,0.181,0.7345
2025-02-08T10:00:00+06:00,2025-02-08T04:00:00Z,T2,0.2899,0.0266,0.8039,2025-02-07T18:00:00Z,2025-02-07T06:00:00Z,10,0.1765,0.7248
2025-02-08T11:00:00+06:00,2025-02-08T05:00:00Z,T1,0.4507,0.1873,0.9647,2025-02-07T18:00:00Z,2025-02-07T06:00:00Z,11,0.2512,1.1268
2025-02-08T11:00:00+06:00,2025-02-08T05:00:00Z,T2,0.4458,0.1825,0.9598,2025-02-07T18:00:00Z,2025-02-07T06:00:00Z,11,0.2461,1.1145
2025-02-08T12:00:00+06:00,2025-02-08T06:00:00Z,T1,0.3942,0.1309,0.9082,2025-02-07T18:00:00Z,2025-02-07T06:00:00Z,12,0.2016,0.9855
2025-02-08T12:00:00+06:00,2025-02-08T06:00:00Z,T2,0.3904,0.127,0.9043,2025-02-07T18:00:00Z,2025-02-07T06:00:00Z,12,0.1984,0.976
2025-02-08T13:00:00+06:00,2025-02-08T07:00:00Z,T1,0.4103,0.147,0.9243,2025-02-07T18:00:00Z,2025-02-07T06:00:00Z,13,0.1707,1.0258
2025-02-08T13:00:00+06:00,2025-02-08T07:00:00Z,T2,0.4085,0.1451,0.9224,2025-02-07T18:00:00Z,2025-02-07T06:00:00Z,13,0.1687,1.0212
2025-02-08T14:00:00+06:00,2025-02-08T08:00:00Z,T1,0.3839,0.1206,0.8979,2025-02-07T18:00:00Z,2025-02-07T06:00:00Z,14,0.1418,0.9598
2025-02-08T14:00:00+06:00,2025-02-08T08:00:00Z,T2,0.3836,0.1202,0.8976,2025-02-07T18:00:00Z,2025-02-07T06:00:00Z,14,0.1411,0.959
2025-02-08T15:00:00+06:00,2025-02-08T09:00:00Z,T1,0.3235,0.0602,0.8375,2025-02-07T18:00:00Z,2025-02-07T06:00:00Z,15,0.1007,0.8088
2025-02-08T15:00:00+06:00,2025-02-08T09:00:00Z,T2,0.3234,0.0601,0.8374,2025-02-07T18:00:00Z,2025-02-07T06:00:00Z,15,0.0993,0.8085
2025-02-08T16:00:00+06:00,2025-02-08T10:00:00Z,T1,0.1959,0.0,0.7099,2025-02-07T18:00:00Z,2025-02-07T06:00:00Z,16,0.0825,0.4898
2025-02-08T16:00:00+06:00,2025-02-08T10:00:00Z,T2,0.1965,0.0,0.7105,2025-02-07T18:00:00Z,2025-02-07T06:00:00Z,16,0.0818,0.4912
2025-02-08T17:00:00+06:00,2025-02-08T11:00:00Z,T1,0.1108,0.0285,0.3392,2025-02-07T18:00:00Z,2025-02-07T06:00:00Z,17,0.0608,0.277
2025-02-08T17:00:00+06:00,2025-02-08T11:00:00Z,T2,0.1109,0.0286,0.3393,2025-02-07T18:00:00Z,2025-02-07T06:00:00Z,17,0.0601,0.2772
2025-02-08T18:00:00+06:00,2025-02-08T12:00:00Z,T1,0.04,0.0,0.2684,2025-02-07T18:00:00Z,2025-02-07T06:00:00Z,18,0.0438,0.1
2025-02-08T18:00:00+06:00,2025-02-08T12:00:00Z,T2,0.0391,0.0,0.2675,2025-02-07T18:00:00Z,2025-02-07T06:00:00Z,18,0.0436,0.0978
2025-02-08T19:00:00+06:00,2025-02-08T13:00:00Z,T1,0.0215,0.0,0.2499,2025-02-07T18:00:00Z,2025-02-07T06:00:00Z,19,0.0353,0.0537
2025-02-08T19:00:00+06:00,2025-02-08T13:00:00Z,T2,0.0212,0.0,0.2496,2025-02-07T18:00:00Z,2025-02-07T06:00:00Z,19,0.0347,0.053
2025-02-08T20:00:00+06:00,2025-02-08T14:00:00Z,T1,0.0234,0.0,0.2518,2025-02-07T18:00:00Z,2025-02-07T06:00:00Z,20,0.0271,0.0585
2025-02-08T20:00:00+06:00,2025-02-08T14:00:00Z,T2,0.023,0.0,0.2514,2025-02-07T18:00:00Z,2025-02-07T06:00:00Z,20,0.0267,0.0575
2025-02-08T21:00:00+06:00,2025-02-08T15:00:00Z,T1,0.026,0.0,0.2543,2025-02-07T18:00:00Z,2025-02-07T06:00:00Z,21,0.0312,0.065
2025-02-08T21:00:00+06:00,2025-02-08T15:00:00Z,T2,0.0256,0.0,0.254,2025-02-07T18:00:00Z,2025-02-07T06:00:00Z,21,0.0306,0.064
2025-02-08T22:00:00+06:00,2025-02-08T16:00:00Z,T1,0.028,0.0,0.2564,2025-02-07T18:00:00Z,2025-02-07T06:00:00Z,22,0.0311,0.07
2025-02-08T22:00:00+06:00,2025-02-08T16:00:00Z,T2,0.0278,0.0,0.2562,2025-02-07T18:00:00Z,2025-02-07T06:00:00Z,22,0.0304,0.0695
2025-02-08T23:00:00+06:00,2025-02-08T17:00:00Z,T1,0.034,0.0,0.2624,2025-02-07T18:00:00Z,2025-02-07T06:00:00Z,23,0.032,0.085
2025-02-08T23:00:00+06:00,2025-02-08T17:00:00Z,T2,0.0333,0.0,0.2617,2025-02-07T18:00:00Z,2025-02-07T06:00:00Z,23,0.0321,0.0832
2025-02-09T00:00:00+06:00,2025-02-08T18:00:00Z,T1,0.0558,0.0,0.2842,2025-02-08T18:00:00Z,2025-02-08T06:00:00Z,0,0.0425,0.1395
2025-02-09T00:00:00+06:00,2025-02-08T18:00:00Z,T2,0.0543,0.0,0.2827,2025-02-08T18:00:00Z,2025-02-08T06:00:00Z,0,0.0411,0.1358
2025-02-09T01:00:00+06:00,2025-02-08T19:00:00Z,T1,0.0805,0.0,0.3089,2025-02-08T18:00:00Z,2025-02-08T06:00:00Z,1,0.0693,0.2013
2025-02-09T01:00:00+06:00,2025-02-08T19:00:00Z,T2,0.0781,0.0,0.3065,2025-02-08T18:00:00Z,2025-02-08T06:00:00Z,1,0.0671,0.1952
2025-02-09T02:00:00+06:00,2025-02-08T20:00:00Z,T1,0.0777,0.0,0.3061,2025-02-08T18:00:00Z,2025-02-08T06:00:00Z,2,0.0781,0.1942
2025-02-09T02:00:00+06:00,2025-02-08T20:00:00Z,T2,0.0754,0.0,0.3038,2025-02-08T18:00:00Z,2025-02-08T06:00:00Z,2,0.0758,0.1885
2025-02-09T03:00:00+06:00,2025-02-08T21:00:00Z,T1,0.0647,0.0,0.2931,2025-02-08T18:00:00Z,2025-02-08T06:00:00Z,3,0.0527,0.1617
2025-02-09T03:00:00+06:00,2025-02-08T21:00:00Z,T2,0.0644,0.0,0.2928,2025-02-08T18:00:00Z,2025-02-08T06:00:00Z,3,0.0504,0.161
2025-02-09T04:00:00+06:00,2025-02-08T22:00:00Z,T1,0.0514,0.0,0.2797,2025-02-08T18:00:00Z,2025-02-08T06:00:00Z,4,0.0235,0.1285
2025-02-09T04:00:00+06:00,2025-02-08T22:00:00Z,T2,0.0506,0.0,0.279,2025-02-08T18:00:00Z,2025-02-08T06:00:00Z,4,0.0231,0.1265
2025-02-09T05:00:00+06:00,2025-02-08T23:00:00Z,T1,0.051,0.0,0.2794,2025-02-08T18:00:00Z,2025-02-08T06:00:00Z,5,0.0216,0.1275
2025-02-09T05:00:00+06:00,2025-02-08T23:00:00Z,T2,0.0504,0.0,0.2788,2025-02-08T18:00:00Z,2025-02-08T06:00:00Z,5,0.0212,0.126
2025-02-09T06:00:00+06:00,2025-02-09T00:00:00Z,T1,0.0457,0.0,0.2741,2025-02-08T18:00:00Z,2025-02-08T06:00:00Z,6,0.0172,0.1142
2025-02-09T06:00:00+06:00,2025-02-09T00:00:00Z,T2,0.0447,0.0,0.2731,2025-02-08T18:00:00Z,2025-02-08T06:00:00Z,6,0.0166,0.1117
2025-02-09T07:00:00+06:00,2025-02-09T01:00:00Z,T1,0.0234,0.0,0.2518,2025-02-08T18:00:00Z,2025-02-08T06:00:00Z,7,0.0189,0.0585
2025-02-09T07:00:00+06:00,2025-02-09T01:00:00Z,T2,0.0231,0.0,0.2515,2025-02-08T18:00:00Z,2025-02-08T06:00:00Z,7,0.0184,0.0578
2025-02-09T08:00:00+06:00,2025-02-09T02:00:00Z,T1,0.0193,0.0,0.2477,2025-02-08T18:00:00Z,2025-02-08T06:00:00Z,8,0.0184,0.0482
2025-02-09T08:00:00+06:00,2025-02-09T02:00:00Z,T2,0.019,0.0,0.2474,2025-02-08T18:00:00Z,2025-02-08T06:00:00Z,8,0.0177,0.0475
2025-02-09T09:00:00+06:00,2025-02-09T03:00:00Z,T1,0.0151,0.0,0.2435,2025-02-08T18:00:00Z,2025-02-08T06:00:00Z,9,0.0313,0.0378
2025-02-09T09:00:00+06:00,2025-02-09T03:00:00Z,T2,0.0148,0.0,0.2432,2025-02-08T18:00:00Z,2025-02-08T06:00:00Z,9,0.0309,0.037
2025-02-09T10:00:00+06:00,2025-02-09T04:00:00Z,T1,0.0144,0.0,0.2428,2025-02-08T18:00:00Z,2025-02-08T06:00:00Z,10,0.0332,0.036
2025-02-09T10:00:00+06:00,2025-02-09T04:00:00Z,T2,0.0141,0.0,0.2425,2025-02-08T18:00:00Z,2025-02-08T06:00:00Z,10,0.0327,0.0352
2025-02-09T11:00:00+06:00,2025-02-09T05:00:00Z,T1,0.0115,0.0,0.2399,2025-02-08T18:00:00Z,2025-02-08T06:00:00Z,11,0.0466,0.0288
2025-02-09T11:00:00+06:00,2025-02-09T05:00:00Z,T2,0.0111,0.0,0.2395,2025-02-08T18:00:00Z,2025-02-08T06:00:00Z,11,0.046,0.0278
2025-02-09T12:00:00+06:00,2025-02-09T06:00:00Z,T1,0.0157,0.0,0.2441,2025-02-08T18:00:00Z,2025-02-08T06:00:00Z,12,0.0499,0.0392
2025-02-09T12:00:00+06:00,2025-02-09T06:00:00Z,T2,0.0153,0.0,0.2437,2025-02-08T18:00:00Z,2025-02-08T06:00:00Z,12,0.0513,0.0382
2025-02-09T13:00:00+06:00,2025-02-09T07:00:00Z,T1,0.026,0.0,0.2544,2025-02-08T18:00:00Z,2025-02-08T06:00:00Z,13,0.0683,0.065
2025-02-09T13:00:00+06:00,2025-02-09T07:00:00Z,T2,0.0256,0.0,0.254,2025-02-08T18:00:00Z,2025-02-08T06:00:00Z,13,0.069,0.064
2025-02-09T14:00:00+06:00,2025-02-09T08:00:00Z,T1,0.0631,0.0,0.2915,2025-02-08T18:00:00Z,2025-02-08T06:00:00Z,14,0.0847,0.1578
2025-02-09T14:00:00+06:00,2025-02-09T08:00:00Z,T2,0.062,0.0,0.2904,2025-02-08T18:00:00Z,2025-02-08T06:00:00Z,14,0.0836,0.155
2025-02-09T15:00:00+06:00,2025-02-09T09:00:00Z,T1,0.0743,0.0,0.3027,2025-02-08T18:00:00Z,2025-02-08T06:00:00Z,15,0.1123,0.1858
2025-02-09T15:00:00+06:00,2025-02-09T09:00:00Z,T2,0.0742,0.0,0.3026,2025-02-08T18:00:00Z,2025-02-08T06:00:00Z,15,0.1111,0.1855
2025-02-09T16:00:00+06:00,2025-02-09T10:00:00Z,T1,0.0898,0.0076,0.3182,2025-02-08T18:00:00Z,2025-02-08T06:00:00Z,16,0.185,0.2245
2025-02-09T16:00:00+06:00,2025-02-09T10:00:00Z,T2,0.0904,0.0081,0.3188,2025-02-08T18:00:00Z,2025-02-08T06:00:00Z,16,0.1847,0.226
2025-02-09T17:00:00+06:00,2025-02-09T11:00:00Z,T1,0.251,0.0,0.765,2025-02-08T18:00:00Z,2025-02-08T06:00:00Z,17,0.4137,0.6275
2025-02-09T17:00:00+06:00,2025-02-09T11:00:00Z,T2,0.2513,0.0,0.7653,2025-02-08T18:00:00Z,2025-02-08T06:00:00Z,17,0.4134,0.6283
2025-02-09T18:00:00+06:00,2025-02-09T12:00:00Z,T1,0.4576,0.1942,0.9716,2025-02-08T18:00:00Z,2025-02-08T06:00:00Z,18,0.6041,1.144
2025-02-09T18:00:00+06:00,2025-02-09T12:00:00Z,T2,0.4569,0.1935,0.9709,2025-02-08T18:00:00Z,2025-02-08T06:00:00Z,18,0.6033,1.1422
2025-02-09T19:00:00+06:00,2025-02-09T13:00:00Z,T1,0.6329,0.1352,0.9316,2025-02-08T18:00:00Z,2025-02-08T06:00:00Z,19,0.6648,1.5823
2025-02-09T19:00:00+06:00,2025-02-09T13:00:00Z,T2,0.6321,0.1344,0.9308,2025-02-08T18:00:00Z,2025-02-08T06:00:00Z,19,0.6612,1.5802
2025-02-09T20:00:00+06:00,2025-02-09T14:00:00Z,T1,0.7875,0.2898,1.0,2025-02-08T18:00:00Z,2025-02-08T06:00:00Z,20,0.7338,1.9688
2025-02-09T20:00:00+06:00,2025-02-09T14:00:00Z,T2,0.7853,0.2876,1.0,2025-02-08T18:00:00Z,2025-02-08T06:00:00Z,20,0.7286,1.9632
2025-02-09T21:00:00+06:00,2025-02-09T15:00:00Z,T1,0.8546,0.4961,0.9396,2025-02-08T18:00:00Z,2025-02-08T06:00:00Z,21,0.7324,2.1365
2025-02-09T21:00:00+06:00,2025-02-09T15:00:00Z,T2,0.8526,0.4942,0.9376,2025-02-08T18:00:00Z,2025-02-08T06:00:00Z,21,0.7296,2.1315
2025-02-09T22:00:00+06:00,2025-02-09T16:00:00Z,T1,0.8739,0.5154,0.9589,2025-02-08T18:00:00Z,2025-02-08T06:00:00Z,22,0.6954,2.1848
2025-02-09T22:00:00+06:00,2025-02-09T16:00:00Z,T2,0.8723,0.5138,0.9573,2025-02-08T18:00:00Z,2025-02-08T06:00:00Z,22,0.6925,2.1807
2025-02-09T23:00:00+06:00,2025-02-09T17:00:00Z,T1,0.8381,0.3404,1.0,2025-02-08T18:00:00Z,2025-02-08T06:00:00Z,23,0.6822,2.0952
2025-02-09T23:00:00+06:00,2025-02-09T17:00:00Z,T2,0.8371,0.3395,1.0,2025-02-08T18:00:00Z,2025-02-08T06:00:00Z,23,0.6819,2.0927
2025-02-10T00:00:00+06:00,2025-02-09T18:00:00Z,T1,0.8688,0.5104,0.9538,2025-02-09T18:00:00Z,2025-02-09T06:00:00Z,0,0.8844,2.172
2025-02-10T00:00:00+06:00,2025-02-09T18:00:00Z,T2,0.8678,0.5093,0.9528,2025-02-09T18:00:00Z,2025-02-09T06:00:00Z,0,0.8822,2.1695
2025-02-10T01:00:00+06:00,2025-02-09T19:00:00Z,T1,0.8933,0.5348,0.9783,2025-02-09T18:00:00Z,2025-02-09T06:00:00Z,1,0.941,2.2332
2025-02-10T01:00:00+06:00,2025-02-09T19:00:00Z,T2,0.8949,0.5364,0.9799,2025-02-09T18:00:00Z,2025-02-09T06:00:00Z,1,0.9402,2.2372
2025-02-10T02:00:00+06:00,2025-02-09T20:00:00Z,T1,0.961,0.6025,1.0,2025-02-09T18:00:00Z,2025-02-09T06:00:00Z,2,0.9697,2.4025
2025-02-10T02:00:00+06:00,2025-02-09T20:00:00Z,T2,0.9585,0.6,1.0,2025-02-09T18:00:00Z,2025-02-09T06:00:00Z,2,0.968,2.3963
2025-02-10T03:00:00+06:00,2025-02-09T21:00:00Z,T1,0.9605,0.602,1.0,2025-02-09T18:00:00Z,2025-02-09T06:00:00Z,3,0.9488,2.4012
2025-02-10T03:00:00+06:00,2025-02-09T21:00:00Z,T2,0.9589,0.6004,1.0,2025-02-09T18:00:00Z,2025-02-09T06:00:00Z,3,0.9463,2.3972
2025-02-10T04:00:00+06:00,2025-02-09T22:00:00Z,T1,0.9179,0.5594,1.0,2025-02-09T18:00:00Z,2025-02-09T06:00:00Z,4,0.9342,2.2948
2025-02-10T04:00:00+06:00,2025-02-09T22:00:00Z,T2,0.9162,0.5577,1.0,2025-02-09T18:00:00Z,2025-02-09T06:00:00Z,4,0.9321,2.2905
2025-02-10T05:00:00+06:00,2025-02-09T23:00:00Z,T1,0.9108,0.5523,0.9958,2025-02-09T18:00:00Z,2025-02-09T06:00:00Z,5,0.882,2.277
2025-02-10T05:00:00+06:00,2025-02-09T23:00:00Z,T2,0.91,0.5515,0.995,2025-02-09T18:00:00Z,2025-02-09T06:00:00Z,5,0.8804,2.275
2025-02-10T06:00:00+06:00,2025-02-10T00:00:00Z,T1,0.9637,0.6052,1.0,2025-02-09T18:00:00Z,2025-02-09T06:00:00Z,6,0.8892,2.4092
2025-02-10T06:00:00+06:00,2025-02-10T00:00:00Z,T2,0.962,0.6035,1.0,2025-02-09T18:00:00Z,2025-02-09T06:00:00Z,6,0.8875,2.405
2025-02-10T07:00:00+06:00,2025-02-10T01:00:00Z,T1,0.9561,0.5976,1.0,2025-02-09T18:00:00Z,2025-02-09T06:00:00Z,7,0.9045,2.3902
2025-02-10T07:00:00+06:00,2025-02-10T01:00:00Z,T2,0.9546,0.5961,1.0,2025-02-09T18:00:00Z,2025-02-09T06:00:00Z,7,0.9029,2.3865
2025-02-10T08:00:00+06:00,2025-02-10T02:00:00Z,T1,0.9621,0.6036,1.0,2025-02-09T18:00:00Z,2025-02-09T06:00:00Z,8,0.892,2.4052
2025-02-10T08:00:00+06:00,2025-02-10T02:00:00Z,T2,0.9604,0.6019,1.0,2025-02-09T18:00:00Z,2025-02-09T06:00:00Z,8,0.8911,2.401
2025-02-10T09:00:00+06:00,2025-02-10T03:00:00Z,T1,0.9448,0.5863,1.0,2025-02-09T18:00:00Z,2025-02-09T06:00:00Z,9,0.8534,2.362
2025-02-10T09:00:00+06:00,2025-02-10T03:00:00Z,T2,0.9421,0.5836,1.0,2025-02-09T18:00:00Z,2025-02-09T06:00:00Z,9,0.8516,2.3553
2025-02-10T10:00:00+06:00,2025-02-10T04:00:00Z,T1,0.8527,0.4942,0.9377,2025-02-09T18:00:00Z,2025-02-09T06:00:00Z,10,0.7783,2.1318
2025-02-10T10:00:00+06:00,2025-02-10T04:00:00Z,T2,0.8521,0.4936,0.9371,2025-02-09T18:00:00Z,2025-02-09T06:00:00Z,10,0.7763,2.1302
2025-02-10T11:00:00+06:00,2025-02-10T05:00:00Z,T1,0.6921,0.1944,0.9907,2025-02-09T18:00:00Z,2025-02-09T06:00:00Z,11,0.5359,1.7302
2025-02-10T11:00:00+06:00,2025-02-10T05:00:00Z,T2,0.6917,0.194,0.9904,2025-02-09T18:00:00Z,2025-02-09T06:00:00Z,11,0.5321,1.7292
2025-02-10T12:00:00+06:00,2025-02-10T06:00:00Z,T1,0.5558,0.0581,0.8544,2025-02-09T18:00:00Z,2025-02-09T06:00:00Z,12,0.1496,1.3895
2025-02-10T12:00:00+06:00,2025-02-10T06:00:00Z,T2,0.5536,0.0559,0.8523,2025-02-09T18:00:00Z,2025-02-09T06:00:00Z,12,0.1491,1.384
2025-02-10T13:00:00+06:00,2025-02-10T07:00:00Z,T1,0.2355,0.0,0.7494,2025-02-09T18:00:00Z,2025-02-09T06:00:00Z,13,0.0567,0.5888
2025-02-10T13:00:00+06:00,2025-02-10T07:00:00Z,T2,0.2342,0.0,0.7482,2025-02-09T18:00:00Z,2025-02-09T06:00:00Z,13,0.0573,0.5855
2025-02-10T14:00:00+06:00,2025-02-10T08:00:00Z,T1,0.1321,0.0498,0.3605,2025-02-09T18:00:00Z,2025-02-09T06:00:00Z,14,0.059,0.3302
2025-02-10T14:00:00+06:00,2025-02-10T08:00:00Z,T2,0.1315,0.0493,0.3599,2025-02-09T18:00:00Z,2025-02-09T06:00:00Z,14,0.0581,0.3288
2025-02-10T15:00:00+06:00,2025-02-10T09:00:00Z,T1,0.0938,0.0115,0.3222,2025-02-09T18:00:00Z,2025-02-09T06:00:00Z,15,0.0628,0.2345
2025-02-10T15:00:00+06:00,2025-02-10T09:00:00Z,T2,0.0934,0.0111,0.3218,2025-02-09T18:00:00Z,2025-02-09T06:00:00Z,15,0.0627,0.2335
2025-02-10T16:00:00+06:00,2025-02-10T10:00:00Z,T1,0.0631,0.0,0.2915,2025-02-09T18:00:00Z,2025-02-09T06:00:00Z,16,0.0698,0.1578
2025-02-10T16:00:00+06:00,2025-02-10T10:00:00Z,T2,0.0628,0.0,0.2912,2025-02-09T18:00:00Z,2025-02-09T06:00:00Z,16,0.0701,0.157
2025-02-10T17:00:00+06:00,2025-02-10T11:00:00Z,T1,0.0502,0.0,0.2786,2025-02-09T18:00:00Z,2025-02-09T06:00:00Z,17,0.0613,0.1255
2025-02-10T17:00:00+06:00,2025-02-10T11:00:00Z,T2,0.0498,0.0,0.2782,2025-02-09T18:00:00Z,2025-02-09T06:00:00Z,17,0.061,0.1245
2025-02-10T18:00:00+06:00,2025-02-10T12:00:00Z,T1,0.0584,0.0,0.2868,2025-02-09T18:00:00Z,2025-02-09T06:00:00Z,18,0.0558,0.146
2025-02-10T18:00:00+06:00,2025-02-10T12:00:00Z,T2,0.058,0.0,0.2864,2025-02-09T18:00:00Z,2025-02-09T06:00:00Z,18,0.0555,0.145
2025-02-10T19:00:00+06:00,2025-02-10T13:00:00Z,T1,0.0358,0.0,0.2642,2025-02-09T18:00:00Z,2025-02-09T06:00:00Z,19,0.04,0.0895
2025-02-10T19:00:00+06:00,2025-02-10T13:00:00Z,T2,0.0355,0.0,0.2639,2025-02-09T18:00:00Z,2025-02-09T06:00:00Z,19,0.0395,0.0888
2025-02-10T20:00:00+06:00,2025-02-10T14:00:00Z,T1,0.0234,0.0,0.2518,2025-02-09T18:00:00Z,2025-02-09T06:00:00Z,20,0.0291,0.0585
2025-02-10T20:00:00+06:00,2025-02-10T14:00:00Z,T2,0.023,0.0,0.2514,2025-02-09T18:00:00Z,2025-02-09T06:00:00Z,20,0.0288,0.0575
2025-02-10T21:00:00+06:00,2025-02-10T15:00:00Z,T1,0.0269,0.0,0.2553,2025-02-09T18:00:00Z,2025-02-09T06:00:00Z,21,0.0305,0.0672
2025-02-10T21:00:00+06:00,2025-02-10T15:00:00Z,T2,0.0266,0.0,0.2549,2025-02-09T18:00:00Z,2025-02-09T06:00:00Z,21,0.0301,0.0665
2025-02-10T22:00:00+06:00,2025-02-10T16:00:00Z,T1,0.0294,0.0,0.2578,2025-02-09T18:00:00Z,2025-02-09T06:00:00Z,22,0.0323,0.0735
2025-02-10T22:00:00+06:00,2025-02-10T16:00:00Z,T2,0.0291,0.0,0.2575,2025-02-09T18:00:00Z,2025-02-09T06:00:00Z,22,0.032,0.0728
2025-02-10T23:00:00+06:00,2025-02-10T17:00:00Z,T1,0.0551,0.0,0.2835,2025-02-09T18:00:00Z,2025-02-09T06:00:00Z,23,0.0516,0.1378
2025-02-10T23:00:00+06:00,2025-02-10T17:00:00Z,T2,0.0549,0.0,0.2833,2025-02-09T18:00:00Z,2025-02-09T06:00:00Z,23,0.0516,0.1372
2025-02-11T00:00:00+06:00,2025-02-10T18:00:00Z,T1,0.2084,0.0,0.7223,2025-02-10T18:00:00Z,2025-02-10T06:00:00Z,0,0.0768,0.521
2025-02-11T00:00:00+06:00,2025-02-10T18:00:00Z,T2,0.2055,0.0,0.7195,2025-02-10T18:00:00Z,2025-02-10T06:00:00Z,0,0.0764,0.5137
2025-02-11T01:00:00+06:00,2025-02-10T19:00:00Z,T1,0.3334,0.07,0.8474,2025-02-10T18:00:00Z,2025-02-10T06:00:00Z,1,0.1225,0.8335
2025-02-11T01:00:00+06:00,2025-02-10T19:00:00Z,T2,0.3314,0.0681,0.8454,2025-02-10T18:00:00Z,2025-02-10T06:00:00Z,1,0.1213,0.8285
2025-02-11T02:00:00+06:00,2025-02-10T20:00:00Z,T1,0.3233,0.06,0.8373,2025-02-10T18:00:00Z,2025-02-10T06:00:00Z,2,0.191,0.8082
2025-02-11T02:00:00+06:00,2025-02-10T20:00:00Z,T2,0.3207,0.0574,0.8347,2025-02-10T18:00:00Z,2025-02-10T06:00:00Z,2,0.1886,0.8018
2025-02-11T03:00:00+06:00,2025-02-10T21:00:00Z,T1,0.4615,0.1981,0.9755,2025-02-10T18:00:00Z,2025-02-10T06:00:00Z,3,0.2379,1.1538
2025-02-11T03:00:00+06:00,2025-02-10T21:00:00Z,T2,0.4586,0.1952,0.9726,2025-02-10T18:00:00Z,2025-02-10T06:00:00Z,3,0.2341,1.1465
2025-02-11T04:00:00+06:00,2025-02-10T22:00:00Z,T1,0.6064,0.1087,0.905,2025-02-10T18:00:00Z,2025-02-10T06:00:00Z,4,0.3917,1.516
2025-02-11T04:00:00+06:00,2025-02-10T22:00:00Z,T2,0.6041,0.1064,0.9028,2025-02-10T18:00:00Z,2025-02-10T06:00:00Z,4,0.3892,1.5102
2025-02-11T05:00:00+06:00,2025-02-10T23:00:00Z,T1,0.6133,0.1156,0.9119,2025-02-10T18:00:00Z,2025-02-10T06:00:00Z,5,0.461,1.5332
2025-02-11T05:00:00+06:00,2025-02-10T23:00:00Z,T2,0.6107,0.113,0.9093,2025-02-10T18:00:00Z,2025-02-10T06:00:00Z,5,0.4591,1.5268
2025-02-11T06:00:00+06:00,2025-02-11T00:00:00Z,T1,0.6537,0.156,0.9523,2025-02-10T18:00:00Z,2025-02-10T06:00:00Z,6,0.5109,1.6342
2025-02-11T06:00:00+06:00,2025-02-11T00:00:00Z,T2,0.652,0.1543,0.9507,2025-02-10T18:00:00Z,2025-02-10T06:00:00Z,6,0.5083,1.63
2025-02-11T07:00:00+06:00,2025-02-11T01:00:00Z,T1,0.7313,0.2336,1.0,2025-02-10T18:00:00Z,2025-02-10T06:00:00Z,7,0.656,1.8282
2025-02-11T07:00:00+06:00,2025-02-11T01:00:00Z,T2,0.7306,0.233,1.0,2025-02-10T18:00:00Z,2025-02-10T06:00:00Z,7,0.654,1.8265
2025-02-11T08:00:00+06:00,2025-02-11T02:00:00Z,T1,0.7669,0.2692,1.0,2025-02-10T18:00:00Z,2025-02-10T06:00:00Z,8,0.7102,1.9172
2025-02-11T08:00:00+06:00,2025-02-11T02:00:00Z,T2,0.7663,0.2686,1.0,2025-02-10T18:00:00Z,2025-02-10T06:00:00Z,8,0.7096,1.9158
2025-02-11T09:00:00+06:00,2025-02-11T03:00:00Z,T1,0.7203,0.2226,1.0,2025-02-10T18:00:00Z,2025-02-10T06:00:00Z,9,0.6881,1.8008
2025-02-11T09:00:00+06:00,2025-02-11T03:00:00Z,T2,0.7153,0.2177,1.0,2025-02-10T18:00:00Z,2025-02-10T06:00:00Z,9,0.6871,1.7882
2025-02-11T10:00:00+06:00,2025-02-11T04:00:00Z,T1,0.7652,0.2675,1.0,2025-02-10T18:00:00Z,2025-02-10T06:00:00Z,10,0.7724,1.913
2025-02-11T10:00:00+06:00,2025-02-11T04:00:00Z,T2,0.7684,0.2707,1.0,2025-02-10T18:00:00Z,2025-02-10T06:00:00Z,10,0.7746,1.921
2025-02-11T11:00:00+06:00,2025-02-11T05:00:00Z,T1,0.8268,0.3291,1.0,2025-02-10T18:00:00Z,2025-02-10T06:00:00Z,11,0.8421,2.067
2025-02-11T11:00:00+06:00,2025-02-11T05:00:00Z,T2,0.8281,0.3304,1.0,2025-02-10T18:00:00Z,2025-02-10T06:00:00Z,11,0.8441,2.0702
2025-02-11T12:00:00+06:00,2025-02-11T06:00:00Z,T1,0.9154,0.5569,1.0,2025-02-10T18:00:00Z,2025-02-10T06:00:00Z,12,0.905,2.2885
2025-02-11T12:00:00+06:00,2025-02-11T06:00:00Z,T2,0.9121,0.5537,0.9971,2025-02-10T18:00:00Z,2025-02-10T06:00:00Z,12,0.9032,2.2802
2025-02-11T13:00:00+06:00,2025-02-11T07:00:00Z,T1,0.9356,0.5772,1.0,2025-02-10T18:00:00Z,2025-02-10T06:00:00Z,13,0.9296,2.339
2025-02-11T13:00:00+06:00,2025-02-11T07:00:00Z,T2,0.9335,0.575,1.0,2025-02-10T18:00:00Z,2025-02-10T06:00:00Z,13,0.9279,2.3338
2025-02-11T14:00:00+06:00,2025-02-11T08:00:00Z,T1,0.9307,0.5722,1.0,2025-02-10T18:00:00Z,2025-02-10T06:00:00Z,14,0.9276,2.3268
2025-02-11T14:00:00+06:00,2025-02-11T08:00:00Z,T2,0.9303,0.5718,1.0,2025-02-10T18:00:00Z,2025-02-10T06:00:00Z,14,0.9278,2.3258
2025-02-11T15:00:00+06:00,2025-02-11T09:00:00Z,T1,0.911,0.5525,0.996,2025-02-10T18:00:00Z,2025-02-10T06:00:00Z,15,0.9149,2.2775
2025-02-11T15:00:00+06:00,2025-02-11T09:00:00Z,T2,0.9116,0.5531,0.9966,2025-02-10T18:00:00Z,2025-02-10T06:00:00Z,15,0.9154,2.279
2025-02-11T16:00:00+06:00,2025-02-11T10:00:00Z,T1,0.896,0.5375,0.981,2025-02-10T18:00:00Z,2025-02-10T06:00:00Z,16,0.8877,2.24
2025-02-11T16:00:00+06:00,2025-02-11T10:00:00Z,T2,0.8968,0.5383,0.9818,2025-02-10T18:00:00Z,2025-02-10T06:00:00Z,16,0.8882,2.242
2025-02-11T17:00:00+06:00,2025-02-11T11:00:00Z,T1,0.8941,0.5357,0.9791,2025-02-10T18:00:00Z,2025-02-10T06:00:00Z,17,0.897,2.2352
2025-02-11T17:00:00+06:00,2025-02-11T11:00:00Z,T2,0.8949,0.5364,0.9799,2025-02-10T18:00:00Z,2025-02-10T06:00:00Z,17,0.8982,2.2372
2025-02-11T18:00:00+06:00,2025-02-11T12:00:00Z,T1,0.8635,0.505,0.9485,2025-02-10T18:00:00Z,2025-02-10T06:00:00Z,18,0.8493,2.1588
2025-02-11T18:00:00+06:00,2025-02-11T12:00:00Z,T2,0.8628,0.5044,0.9478,2025-02-10T18:00:00Z,2025-02-10T06:00:00Z,18,0.851,2.157
2025-02-11T19:00:00+06:00,2025-02-11T13:00:00Z,T1,0.8001,0.3024,1.0,2025-02-10T18:00:00Z,2025-02-10T06:00:00Z,19,0.7276,2.0003
2025-02-11T19:00:00+06:00,2025-02-11T13:00:00Z,T2,0.8003,0.3026,1.0,2025-02-10T18:00:00Z,2025-02-10T06:00:00Z,19,0.7265,2.0008
2025-02-11T20:00:00+06:00,2025-02-11T14:00:00Z,T1,0.742,0.2443,1.0,2025-02-10T18:00:00Z,2025-02-10T06:00:00Z,20,0.7086,1.855
2025-02-11T20:00:00+06:00,2025-02-11T14:00:00Z,T2,0.7394,0.2417,1.0,2025-02-10T18:00:00Z,2025-02-10T06:00:00Z,20,0.7073,1.8485
2025-02-11T21:00:00+06:00,2025-02-11T15:00:00Z,T1,0.7448,0.2471,1.0,2025-02-10T18:00:00Z,2025-02-10T06:00:00Z,21,0.7136,1.862
2025-02-11T21:00:00+06:00,2025-02-11T15:00:00Z,T2,0.7417,0.244,1.0,2025-02-10T18:00:00Z,2025-02-10T06:00:00Z,21,0.7123,1.8542
2025-02-11T22:00:00+06:00,2025-02-11T16:00:00Z,T1,0.773,0.2753,1.0,2025-02-10T18:00:00Z,2025-02-10T06:00:00Z,22,0.7354,1.9325
2025-02-11T22:00:00+06:00,2025-02-11T16:00:00Z,T2,0.7712,0.2735,1.0,2025-02-10T18:00:00Z,2025-02-10T06:00:00Z,22,0.7319,1.928
2025-02-11T23:00:00+06:00,2025-02-11T17:00:00Z,T1,0.6645,0.1668,0.9632,2025-02-10T18:00:00Z,2025-02-10T06:00:00Z,23,0.6528,1.6612
2025-02-11T23:00:00+06:00,2025-02-11T17:00:00Z,T2,0.6652,0.1676,0.9639,2025-02-10T18:00:00Z,2025-02-10T06:00:00Z,23,0.6526,1.663
2025-02-12T00:00:00+06:00,2025-02-11T18:00:00Z,T1,0.5217,0.024,0.8204,2025-02-11T18:00:00Z,2025-02-11T06:00:00Z,0,0.412,1.3043
2025-02-12T00:00:00+06:00,2025-02-11T18:00:00Z,T2,0.5228,0.0251,0.8214,2025-02-11T18:00:00Z,2025-02-11T06:00:00Z,0,0.4108,1.307
2025-02-12T01:00:00+06:00,2025-02-11T19:00:00Z,T1,0.081,0.0,0.3094,2025-02-11T18:00:00Z,2025-02-11T06:00:00Z,1,0.0484,0.2025
2025-02-12T01:00:00+06:00,2025-02-11T19:00:00Z,T2,0.0808,0.0,0.3092,2025-02-11T18:00:00Z,2025-02-11T06:00:00Z,1,0.047,0.202
2025-02-12T02:00:00+06:00,2025-02-11T20:00:00Z,T1,0.1988,0.0,0.7128,2025-02-11T18:00:00Z,2025-02-11T06:00:00Z,2,0.2827,0.497
2025-02-12T02:00:00+06:00,2025-02-11T20:00:00Z,T2,0.1967,0.0,0.7107,2025-02-11T18:00:00Z,2025-02-11T06:00:00Z,2,0.2823,0.4918
2025-02-12T03:00:00+06:00,2025-02-11T21:00:00Z,T1,0.4051,0.1418,0.9191,2025-02-11T18:00:00Z,2025-02-11T06:00:00Z,3,0.3652,1.0128
2025-02-12T03:00:00+06:00,2025-02-11T21:00:00Z,T2,0.4027,0.1393,0.9166,2025-02-11T18:00:00Z,2025-02-11T06:00:00Z,3,0.3634,1.0068
2025-02-12T04:00:00+06:00,2025-02-11T22:00:00Z,T1,0.4847,0.2213,0.9987,2025-02-11T18:00:00Z,2025-02-11T06:00:00Z,4,0.4288,1.2118
2025-02-12T04:00:00+06:00,2025-02-11T22:00:00Z,T2,0.4833,0.2199,0.9973,2025-02-11T18:00:00Z,2025-02-11T06:00:00Z,4,0.426,1.2082
2025-02-12T05:00:00+06:00,2025-02-11T23:00:00Z,T1,0.4315,0.1681,0.9455,2025-02-11T18:00:00Z,2025-02-11T06:00:00Z,5,0.4165,1.0787
2025-02-12T05:00:00+06:00,2025-02-11T23:00:00Z,T2,0.4292,0.1659,0.9432,2025-02-11T18:00:00Z,2025-02-11T06:00:00Z,5,0.4141,1.073
2025-02-12T06:00:00+06:00,2025-02-12T00:00:00Z,T1,0.4302,0.1669,0.9442,2025-02-11T18:00:00Z,2025-02-11T06:00:00Z,6,0.4184,1.0755
2025-02-12T06:00:00+06:00,2025-02-12T00:00:00Z,T2,0.4275,0.1641,0.9415,2025-02-11T18:00:00Z,2025-02-11T06:00:00Z,6,0.4156,1.0688
2025-02-12T07:00:00+06:00,2025-02-12T01:00:00Z,T1,0.4107,0.1473,0.9247,2025-02-11T18:00:00Z,2025-02-11T06:00:00Z,7,0.3969,1.0268
2025-02-12T07:00:00+06:00,2025-02-12T01:00:00Z,T2,0.4082,0.1449,0.9222,2025-02-11T18:00:00Z,2025-02-11T06:00:00Z,7,0.3944,1.0205
2025-02-12T08:00:00+06:00,2025-02-12T02:00:00Z,T1,0.3816,0.1182,0.8956,2025-02-11T18:00:00Z,2025-02-11T06:00:00Z,8,0.3958,0.954
2025-02-12T08:00:00+06:00,2025-02-12T02:00:00Z,T2,0.3791,0.1158,0.8931,2025-02-11T18:00:00Z,2025-02-11T06:00:00Z,8,0.3927,0.9478
2025-02-12T09:00:00+06:00,2025-02-12T03:00:00Z,T1,0.3089,0.0456,0.8229,2025-02-11T18:00:00Z,2025-02-11T06:00:00Z,9,0.3318,0.7722
2025-02-12T09:00:00+06:00,2025-02-12T03:00:00Z,T2,0.3056,0.0423,0.8196,2025-02-11T18:00:00Z,2025-02-11T06:00:00Z,9,0.3284,0.764
2025-02-12T10:00:00+06:00,2025-02-12T04:00:00Z,T1,0.2153,0.0,0.7293,2025-02-11T18:00:00Z,2025-02-11T06:00:00Z,10,0.2473,0.5382
2025-02-12T10:00:00+06:00,2025-02-12T04:00:00Z,T2,0.2144,0.0,0.7284,2025-02-11T18:00:00Z,2025-02-11T06:00:00Z,10,0.2453,0.536
2025-02-12T11:00:00+06:00,2025-02-12T05:00:00Z,T1,0.2658,0.0024,0.7797,2025-02-11T18:00:00Z,2025-02-11T06:00:00Z,11,0.2937,0.6645
2025-02-12T11:00:00+06:00,2025-02-12T05:00:00Z,T2,0.2653,0.0019,0.7793,2025-02-11T18:00:00Z,2025-02-11T06:00:00Z,11,0.2926,0.6632
2025-02-12T12:00:00+06:00,2025-02-12T06:00:00Z,T1,0.3966,0.1332,0.9106,2025-02-11T18:00:00Z,2025-02-11T06:00:00Z,12,0.3115,0.9915
2025-02-12T12:00:00+06:00,2025-02-12T06:00:00Z,T2,0.3962,0.1328,0.9102,2025-02-11T18:00:00Z,2025-02-11T06:00:00Z,12,0.3106,0.9905
2025-02-12T13:00:00+06:00,2025-02-12T07:00:00Z,T1,0.4391,0.1758,0.9531,2025-02-11T18:00:00Z,2025-02-11T06:00:00Z,13,0.2934,1.0978
2025-02-12T13:00:00+06:00,2025-02-12T07:00:00Z,T2,0.4375,0.1742,0.9515,2025-02-11T18:00:00Z,2025-02-11T06:00:00Z,13,0.2927,1.0938
2025-02-12T14:00:00+06:00,2025-02-12T08:00:00Z,T1,0.4414,0.178,0.9553,2025-02-11T18:00:00Z,2025-02-11T06:00:00Z,14,0.3198,1.1035
2025-02-12T14:00:00+06:00,2025-02-12T08:00:00Z,T2,0.4395,0.1761,0.9535,2025-02-11T18:00:00Z,2025-02-11T06:00:00Z,14,0.3197,1.0987
2025-02-12T15:00:00+06:00,2025-02-12T09:00:00Z,T1,0.4707,0.2074,0.9847,2025-02-11T18:00:00Z,2025-02-11T06:00:00Z,15,0.4216,1.1768
2025-02-12T15:00:00+06:00,2025-02-12T09:00:00Z,T2,0.4701,0.2068,0.9841,2025-02-11T18:00:00Z,2025-02-11T06:00:00Z,15,0.4206,1.1753
2025-02-12T16:00:00+06:00,2025-02-12T10:00:00Z,T1,0.5768,0.0792,0.8755,2025-02-11T18:00:00Z,2025-02-11T06:00:00Z,16,0.5389,1.442
2025-02-12T16:00:00+06:00,2025-02-12T10:00:00Z,T2,0.5762,0.0785,0.8749,2025-02-11T18:00:00Z,2025-02-11T06:00:00Z,16,0.5371,1.4405
2025-02-12T17:00:00+06:00,2025-02-12T11:00:00Z,T1,0.5984,0.1007,0.897,2025-02-11T18:00:00Z,2025-02-11T06:00:00Z,17,0.5597,1.496
2025-02-12T17:00:00+06:00,2025-02-12T11:00:00Z,T2,0.5982,0.1005,0.8969,2025-02-11T18:00:00Z,2025-02-11T06:00:00Z,17,0.5601,1.4955
2025-02-12T18:00:00+06:00,2025-02-12T12:00:00Z,T1,0.684,0.1863,0.9827,2025-02-11T18:00:00Z,2025-02-11T06:00:00Z,18,0.498,1.71
2025-02-12T18:00:00+06:00,2025-02-12T12:00:00Z,T2,0.6819,0.1842,0.9806,2025-02-11T18:00:00Z,2025-02-11T06:00:00Z,18,0.498,1.7047
2025-02-12T19:00:00+06:00,2025-02-12T13:00:00Z,T1,0.5313,0.0336,0.8299,2025-02-11T18:00:00Z,2025-02-11T06:00:00Z,19,0.3364,1.3282
2025-02-12T19:00:00+06:00,2025-02-12T13:00:00Z,T2,0.532,0.0343,0.8307,2025-02-11T18:00:00Z,2025-02-11T06:00:00Z,19,0.3358,1.33
2025-02-12T20:00:00+06:00,2025-02-12T14:00:00Z,T1,0.3333,0.07,0.8473,2025-02-11T18:00:00Z,2025-02-11T06:00:00Z,20,0.2352,0.8332
2025-02-12T20:00:00+06:00,2025-02-12T14:00:00Z,T2,0.3331,0.0697,0.8471,2025-02-11T18:00:00Z,2025-02-11T06:00:00Z,20,0.2337,0.8328
2025-02-12T21:00:00+06:00,2025-02-12T15:00:00Z,T1,0.2128,0.0,0.7268,2025-02-11T18:00:00Z,2025-02-11T06:00:00Z,21,0.1968,0.532
2025-02-12T21:00:00+06:00,2025-02-12T15:00:00Z,T2,0.2127,0.0,0.7266,2025-02-11T18:00:00Z,2025-02-11T06:00:00Z,21,0.1962,0.5317
2025-02-12T22:00:00+06:00,2025-02-12T16:00:00Z,T1,0.1929,0.0,0.7069,2025-02-11T18:00:00Z,2025-02-11T06:00:00Z,22,0.1466,0.4822
2025-02-12T22:00:00+06:00,2025-02-12T16:00:00Z,T2,0.1923,0.0,0.7063,2025-02-11T18:00:00Z,2025-02-11T06:00:00Z,22,0.1456,0.4808
2025-02-12T23:00:00+06:00,2025-02-12T17:00:00Z,T1,0.1693,0.0,0.6833,2025-02-11T18:00:00Z,2025-02-11T06:00:00Z,23,0.1442,0.4232
2025-02-12T23:00:00+06:00,2025-02-12T17:00:00Z,T2,0.1679,0.0,0.6819,2025-02-11T18:00:00Z,2025-02-11T06:00:00Z,23,0.1436,0.4198
2025-02-13T00:00:00+06:00,2025-02-12T18:00:00Z,T1,0.1819,0.0,0.6959,2025-02-12T18:00:00Z,2025-02-12T06:00:00Z,0,0.1298,0.4548
2025-02-13T00:00:00+06:00,2025-02-12T18:00:00Z,T2,0.1807,0.0,0.6946,2025-02-12T18:00:00Z,2025-02-12T06:00:00Z,0,0.1286,0.4518
2025-02-13T01:00:00+06:00,2025-02-12T19:00:00Z,T1,0.1856,0.0,0.6996,2025-02-12T18:00:00Z,2025-02-12T06:00:00Z,1,0.0987,0.464
2025-02-13T01:00:00+06:00,2025-02-12T19:00:00Z,T2,0.1844,0.0,0.6984,2025-02-12T18:00:00Z,2025-02-12T06:00:00Z,1,0.097,0.461
2025-02-13T02:00:00+06:00,2025-02-12T20:00:00Z,T1,0.1911,0.0,0.7051,2025-02-12T18:00:00Z,2025-02-12T06:00:00Z,2,0.0898,0.4778
2025-02-13T02:00:00+06:00,2025-02-12T20:00:00Z,T2,0.1897,0.0,0.7037,2025-02-12T18:00:00Z,2025-02-12T06:00:00Z,2,0.0888,0.4742
2025-02-13T03:00:00+06:00,2025-02-12T21:00:00Z,T1,0.2072,0.0,0.7212,2025-02-12T18:00:00Z,2025-02-12T06:00:00Z,3,0.1039,0.518
2025-02-13T03:00:00+06:00,2025-02-12T21:00:00Z,T2,0.2058,0.0,0.7198,2025-02-12T18:00:00Z,2025-02-12T06:00:00Z,3,0.1029,0.5145
2025-02-13T04:00:00+06:00,2025-02-12T22:00:00Z,T1,0.1945,0.0,0.7085,2025-02-12T18:00:00Z,2025-02-12T06:00:00Z,4,0.1003,0.4862
2025-02-13T04:00:00+06:00,2025-02-12T22:00:00Z,T2,0.1931,0.0,0.7071,2025-02-12T18:00:00Z,2025-02-12T06:00:00Z,4,0.0993,0.4828
2025-02-13T05:00:00+06:00,2025-02-12T23:00:00Z,T1,0.1818,0.0,0.6958,2025-02-12T18:00:00Z,2025-02-12T06:00:00Z,5,0.0932,0.4545
2025-02-13T05:00:00+06:00,2025-02-12T23:00:00Z,T2,0.1808,0.0,0.6948,2025-02-12T18:00:00Z,2025-02-12T06:00:00Z,5,0.0919,0.452
2025-02-13T06:00:00+06:00,2025-02-13T00:00:00Z,T1,0.1415,0.0592,0.3699,2025-02-12T18:00:00Z,2025-02-12T06:00:00Z,6,0.0689,0.3537
2025-02-13T06:00:00+06:00,2025-02-13T00:00:00Z,T2,0.1403,0.058,0.3687,2025-02-12T18:00:00Z,2025-02-12T06:00:00Z,6,0.0675,0.3508
2025-02-13T07:00:00+06:00,2025-02-13T01:00:00Z,T1,0.0745,0.0,0.3029,2025-02-12T18:00:00Z,2025-02-12T06:00:00Z,7,0.0448,0.1862
2025-02-13T07:00:00+06:00,2025-02-13T01:00:00Z,T2,0.0736,0.0,0.302,2025-02-12T18:00:00Z,2025-02-12T06:00:00Z,7,0.044,0.184
2025-02-13T08:00:00+06:00,2025-02-13T02:00:00Z,T1,0.0344,0.0,0.2628,2025-02-12T18:00:00Z,2025-02-12T06:00:00Z,8,0.0237,0.086
2025-02-13T08:00:00+06:00,2025-02-13T02:00:00Z,T2,0.0339,0.0,0.2623,2025-02-12T18:00:00Z,2025-02-12T06:00:00Z,8,0.0232,0.0847
2025-02-13T09:00:00+06:00,2025-02-13T03:00:00Z,T1,0.0155,0.0,0.2439,2025-02-12T18:00:00Z,2025-02-12T06:00:00Z,9,0.0139,0.0388
2025-02-13T09:00:00+06:00,2025-02-13T03:00:00Z,T2,0.015,0.0,0.2434,2025-02-12T18:00:00Z,2025-02-12T06:00:00Z,9,0.0135,0.0375
2025-02-13T10:00:00+06:00,2025-02-13T04:00:00Z,T1,0.0153,0.0,0.2437,2025-02-12T18:00:00Z,2025-02-12T06:00:00Z,10,0.01,0.0382
2025-02-13T10:00:00+06:00,2025-02-13T04:00:00Z,T2,0.0149,0.0,0.2433,2025-02-12T18:00:00Z,2025-02-12T06:00:00Z,10,0.0096,0.0372
2025-02-13T11:00:00+06:00,2025-02-13T05:00:00Z,T1,0.0209,0.0,0.2493,2025-02-12T18:00:00Z,2025-02-12T06:00:00Z,11,0.0141,0.0522
2025-02-13T11:00:00+06:00,2025-02-13T05:00:00Z,T2,0.0206,0.0,0.249,2025-02-12T18:00:00Z,2025-02-12T06:00:00Z,11,0.0137,0.0515
2025-02-13T12:00:00+06:00,2025-02-13T06:00:00Z,T1,0.0334,0.0,0.2617,2025-02-12T18:00:00Z,2025-02-12T06:00:00Z,12,0.0222,0.0835
2025-02-13T12:00:00+06:00,2025-02-13T06:00:00Z,T2,0.0324,0.0,0.2608,2025-02-12T18:00:00Z,2025-02-12T06:00:00Z,12,0.0218,0.081
2025-02-13T13:00:00+06:00,2025-02-13T07:00:00Z,T1,0.0635,0.0,0.2919,2025-02-12T18:00:00Z,2025-02-12T06:00:00Z,13,0.0433,0.1588
2025-02-13T13:00:00+06:00,2025-02-13T07:00:00Z,T2,0.0618,0.0,0.2902,2025-02-12T18:00:00Z,2025-02-12T06:00:00Z,13,0.0431,0.1545
2025-02-13T14:00:00+06:00,2025-02-13T08:00:00Z,T1,0.0861,0.0039,0.3145,2025-02-12T18:00:00Z,2025-02-12T06:00:00Z,14,0.0653,0.2152
2025-02-13T14:00:00+06:00,2025-02-13T08:00:00Z,T2,0.0843,0.0021,0.3127,2025-02-12T18:00:00Z,2025-02-12T06:00:00Z,14,0.065,0.2108
2025-02-13T15:00:00+06:00,2025-02-13T09:00:00Z,T1,0.1006,0.0183,0.329,2025-02-12T18:00:00Z,2025-02-12T06:00:00Z,15,0.1062,0.2515
2025-02-13T15:00:00+06:00,2025-02-13T09:00:00Z,T2,0.1003,0.0181,0.3287,2025-02-12T18:00:00Z,2025-02-12T06:00:00Z,15,0.1048,0.2508
2025-02-13T16:00:00+06:00,2025-02-13T10:00:00Z,T1,0.1042,0.022,0.3326,2025-02-12T18:00:00Z,2025-02-12T06:00:00Z,16,0.1539,0.2605
2025-02-13T16:00:00+06:00,2025-02-13T10:00:00Z,T2,0.1036,0.0213,0.3319,2025-02-12T18:00:00Z,2025-02-12T06:00:00Z,16,0.1524,0.259
2025-02-13T17:00:00+06:00,2025-02-13T11:00:00Z,T1,0.1293,0.047,0.3577,2025-02-12T18:00:00Z,2025-02-12T06:00:00Z,17,0.2224,0.3232
2025-02-13T17:00:00+06:00,2025-02-13T11:00:00Z,T2,0.1288,0.0466,0.3572,2025-02-12T18:00:00Z,2025-02-12T06:00:00Z,17,0.2219,0.322
2025-02-13T18:00:00+06:00,2025-02-13T12:00:00Z,T1,0.1525,0.0,0.6665,2025-02-12T18:00:00Z,2025-02-12T06:00:00Z,18,0.3001,0.3812
2025-02-13T18:00:00+06:00,2025-02-13T12:00:00Z,T2,0.1512,0.0,0.6652,2025-02-12T18:00:00Z,2025-02-12T06:00:00Z,18,0.2987,0.378
2025-02-13T19:00:00+06:00,2025-02-13T13:00:00Z,T1,0.1248,0.0426,0.3532,2025-02-12T18:00:00Z,2025-02-12T06:00:00Z,19,0.2915,0.312
2025-02-13T19:00:00+06:00,2025-02-13T13:00:00Z,T2,0.1246,0.0423,0.353,2025-02-12T18:00:00Z,2025-02-12T06:00:00Z,19,0.2906,0.3115
2025-02-13T20:00:00+06:00,2025-02-13T14:00:00Z,T1,0.1151,0.0328,0.3435,2025-02-12T18:00:00Z,2025-02-12T06:00:00Z,20,0.2672,0.2878
2025-02-13T20:00:00+06:00,2025-02-13T14:00:00Z,T2,0.1146,0.0324,0.343,2025-02-12T18:00:00Z,2025-02-12T06:00:00Z,20,0.2634,0.2865
2025-02-13T21:00:00+06:00,2025-02-13T15:00:00Z,T1,0.1797,0.0,0.6937,2025-02-12T18:00:00Z,2025-02-12T06:00:00Z,21,0.3659,0.4492
2025-02-13T21:00:00+06:00,2025-02-13T15:00:00Z,T2,0.177,0.0,0.691,2025-02-12T18:00:00Z,2025-02-12T06:00:00Z,21,0.3632,0.4425
2025-02-13T22:00:00+06:00,2025-02-13T16:00:00Z,T1,0.3986,0.1353,0.9126,2025-02-12T18:00:00Z,2025-02-12T06:00:00Z,22,0.5028,0.9965
2025-02-13T22:00:00+06:00,2025-02-13T16:00:00Z,T2,0.3957,0.1324,0.9097,2025-02-12T18:00:00Z,2025-02-12T06:00:00Z,22,0.5011,0.9892
2025-02-13T23:00:00+06:00,2025-02-13T17:00:00Z,T1,0.3902,0.1269,0.9042,2025-02-12T18:00:00Z,2025-02-12T06:00:00Z,23,0.5041,0.9755
2025-02-13T23:00:00+06:00,2025-02-13T17:00:00Z,T2,0.3868,0.1235,0.9008,2025-02-12T18:00:00Z,2025-02-12T06:00:00Z,23,0.5006,0.967
2025-02-14T00:00:00+06:00,2025-02-13T18:00:00Z,T1,0.1925,0.0,0.7065,2025-02-13T18:00:00Z,2025-02-13T06:00:00Z,0,0.2685,0.4812
2025-02-14T00:00:00+06:00,2025-02-13T18:00:00Z,T2,0.1874,0.0,0.7014,2025-02-13T18:00:00Z,2025-02-13T06:00:00Z,0,0.2639,0.4685
2025-02-14T01:00:00+06:00,2025-02-13T19:00:00Z,T1,0.1473,0.065,0.3757,2025-02-13T18:00:00Z,2025-02-13T06:00:00Z,1,0.3144,0.3682
2025-02-14T01:00:00+06:00,2025-02-13T19:00:00Z,T2,0.1462,0.064,0.3746,2025-02-13T18:00:00Z,2025-02-13T06:00:00Z,1,0.31,0.3655
2025-02-14T02:00:00+06:00,2025-02-13T20:00:00Z,T1,0.131,0.0488,0.3594,2025-02-13T18:00:00Z,2025-02-13T06:00:00Z,2,0.2768,0.3275
2025-02-14T02:00:00+06:00,2025-02-13T20:00:00Z,T2,0.1294,0.0472,0.3578,2025-02-13T18:00:00Z,2025-02-13T06:00:00Z,2,0.2723,0.3235
2025-02-14T03:00:00+06:00,2025-02-13T21:00:00Z,T1,0.1535,0.0,0.6675,2025-02-13T18:00:00Z,2025-02-13T06:00:00Z,3,0.2039,0.3838
2025-02-14T03:00:00+06:00,2025-02-13T21:00:00Z,T2,0.1511,0.0,0.6651,2025-02-13T18:00:00Z,2025-02-13T06:00:00Z,3,0.2014,0.3778
2025-02-14T04:00:00+06:00,2025-02-13T22:00:00Z,T1,0.1256,0.0433,0.354,2025-02-13T18:00:00Z,2025-02-13T06:00:00Z,4,0.1441,0.314
2025-02-14T04:00:00+06:00,2025-02-13T22:00:00Z,T2,0.1233,0.041,0.3517,2025-02-13T18:00:00Z,2025-02-13T06:00:00Z,4,0.1417,0.3083
2025-02-14T05:00:00+06:00,2025-02-13T23:00:00Z,T1,0.1025,0.0203,0.3309,2025-02-13T18:00:00Z,2025-02-13T06:00:00Z,5,0.0961,0.2562
2025-02-14T05:00:00+06:00,2025-02-13T23:00:00Z,T2,0.1002,0.0179,0.3286,2025-02-13T18:00:00Z,2025-02-13T06:00:00Z,5,0.0938,0.2505
2025-02-14T06:00:00+06:00,2025-02-14T00:00:00Z,T1,0.08,0.0,0.3084,2025-02-13T18:00:00Z,2025-02-13T06:00:00Z,6,0.0936,0.2
2025-02-14T06:00:00+06:00,2025-02-14T00:00:00Z,T2,0.078,0.0,0.3064,2025-02-13T18:00:00Z,2025-02-13T06:00:00Z,6,0.0911,0.195
2025-02-14T07:00:00+06:00,2025-02-14T01:00:00Z,T1,0.0948,0.0125,0.3232,2025-02-13T18:00:00Z,2025-02-13T06:00:00Z,7,0.1131,0.237
2025-02-14T07:00:00+06:00,2025-02-14T01:00:00Z,T2,0.0927,0.0104,0.3211,2025-02-13T18:00:00Z,2025-02-13T06:00:00Z,7,0.1108,0.2318
2025-02-14T08:00:00+06:00,2025-02-14T02:00:00Z,T1,0.113,0.0307,0.3414,2025-02-13T18:00:00Z,2025-02-13T06:00:00Z,8,0.1239,0.2825
2025-02-14T08:00:00+06:00,2025-02-14T02:00:00Z,T2,0.1107,0.0284,0.3391,2025-02-13T18:00:00Z,2025-02-13T06:00:00Z,8,0.1215,0.2768
2025-02-14T09:00:00+06:00,2025-02-14T03:00:00Z,T1,0.1335,0.0512,0.3619,2025-02-13T18:00:00Z,2025-02-13T06:00:00Z,9,0.1564,0.3338
2025-02-14T09:00:00+06:00,2025-02-14T03:00:00Z,T2,0.1316,0.0494,0.36,2025-02-13T18:00:00Z,2025-02-13T06:00:00Z,9,0.1538,0.329
2025-02-14T10:00:00+06:00,2025-02-14T04:00:00Z,T1,0.1738,0.0,0.6878,2025-02-13T18:00:00Z,2025-02-13T06:00:00Z,10,0.1846,0.4345
2025-02-14T10:00:00+06:00,2025-02-14T04:00:00Z,T2,0.1721,0.0,0.6861,2025-02-13T18:00:00Z,2025-02-13T06:00:00Z,10,0.1837,0.4302
2025-02-14T11:00:00+06:00,2025-02-14T05:00:00Z,T1,0.3292,0.0658,0.8432,2025-02-13T18:00:00Z,2025-02-13T06:00:00Z,11,0.4166,0.823
2025-02-14T11:00:00+06:00,2025-02-14T05:00:00Z,T2,0.3287,0.0654,0.8427,2025-02-13T18:00:00Z,2025-02-13T06:00:00Z,11,0.4195,0.8218
2025-02-14T12:00:00+06:00,2025-02-14T06:00:00Z,T1,0.5651,0.0674,0.8637,2025-02-13T18:00:00Z,2025-02-13T06:00:00Z,12,0.6458,1.4128
2025-02-14T12:00:00+06:00,2025-02-14T06:00:00Z,T2,0.5671,0.0694,0.8657,2025-02-13T18:00:00Z,2025-02-13T06:00:00Z,12,0.6501,1.4178
2025-02-14T13:00:00+06:00,2025-02-14T07:00:00Z,T1,0.6386,0.1409,0.9373,2025-02-13T18:00:00Z,2025-02-13T06:00:00Z,13,0.716,1.5965
2025-02-14T13:00:00+06:00,2025-02-14T07:00:00Z,T2,0.6409,0.1432,0.9395,2025-02-13T18:00:00Z,2025-02-13T06:00:00Z,13,0.7193,1.6023
2025-02-14T14:00:00+06:00,2025-02-14T08:00:00Z,T1,0.6008,0.1031,0.8994,2025-02-13T18:00:00Z,2025-02-13T06:00:00Z,14,0.6581,1.502
2025-02-14T14:00:00+06:00,2025-02-14T08:00:00Z,T2,0.6005,0.1028,0.8992,2025-02-13T18:00:00Z,2025-02-13T06:00:00Z,14,0.6596,1.5013
2025-02-14T15:00:00+06:00,2025-02-14T09:00:00Z,T1,0.5481,0.0504,0.8467,2025-02-13T18:00:00Z,2025-02-13T06:00:00Z,15,0.605,1.3702
2025-02-14T15:00:00+06:00,2025-02-14T09:00:00Z,T2,0.5494,0.0518,0.8481,2025-02-13T18:00:00Z,2025-02-13T06:00:00Z,15,0.6065,1.3735
2025-02-14T16:00:00+06:00,2025-02-14T10:00:00Z,T1,0.4626,0.1993,0.9766,2025-02-13T18:00:00Z,2025-02-13T06:00:00Z,16,0.5761,1.1565
2025-02-14T16:00:00+06:00,2025-02-14T10:00:00Z,T2,0.4638,0.2005,0.9778,2025-02-13T18:00:00Z,2025-02-13T06:00:00Z,16,0.577,1.1595
2025-02-14T17:00:00+06:00,2025-02-14T11:00:00Z,T1,0.4546,0.1913,0.9686,2025-02-13T18:00:00Z,2025-02-13T06:00:00Z,17,0.5687,1.1365
2025-02-14T17:00:00+06:00,2025-02-14T11:00:00Z,T2,0.4555,0.1922,0.9695,2025-02-13T18:00:00Z,2025-02-13T06:00:00Z,17,0.5702,1.1388
2025-02-14T18:00:00+06:00,2025-02-14T12:00:00Z,T1,0.4896,0.2262,1.0,2025-02-13T18:00:00Z,2025-02-13T06:00:00Z,18,0.5475,1.224
2025-02-14T18:00:00+06:00,2025-02-14T12:00:00Z,T2,0.4855,0.2222,0.9995,2025-02-13T18:00:00Z,2025-02-13T06:00:00Z,18,0.5461,1.2137
2025-02-14T19:00:00+06:00,2025-02-14T13:00:00Z,T1,0.3837,0.1204,0.8977,2025-02-13T18:00:00Z,2025-02-13T06:00:00Z,19,0.3984,0.9592
2025-02-14T19:00:00+06:00,2025-02-14T13:00:00Z,T2,0.3816,0.1183,0.8956,2025-02-13T18:00:00Z,2025-02-13T06:00:00Z,19,0.3962,0.954
2025-02-14T20:00:00+06:00,2025-02-14T14:00:00Z,T1,0.2735,0.0102,0.7875,2025-02-13T18:00:00Z,2025-02-13T06:00:00Z,20,0.3062,0.6838
2025-02-14T20:00:00+06:00,2025-02-14T14:00:00Z,T2,0.272,0.0086,0.786,2025-02-13T18:00:00Z,2025-02-13T06:00:00Z,20,0.3042,0.68
2025-02-14T21:00:00+06:00,2025-02-14T15:00:00Z,T1,0.3471,0.0838,0.8611,2025-02-13T18:00:00Z,2025-02-13T06:00:00Z,21,0.3582,0.8678
2025-02-14T21:00:00+06:00,2025-02-14T15:00:00Z,T2,0.3451,0.0817,0.8591,2025-02-13T18:00:00Z,2025-02-13T06:00:00Z,21,0.3557,0.8628
2025-02-14T22:00:00+06:00,2025-02-14T16:00:00Z,T1,0.417,0.1536,0.931,2025-02-13T18:00:00Z,2025-02-13T06:00:00Z,22,0.4113,1.0425
2025-02-14T22:00:00+06:00,2025-02-14T16:00:00Z,T2,0.4129,0.1495,0.9269,2025-02-13T18:00:00Z,2025-02-13T06:00:00Z,22,0.407,1.0322
2025-02-14T23:00:00+06:00,2025-02-14T17:00:00Z,T1,0.4588,0.1954,0.9728,2025-02-13T18:00:00Z,2025-02-13T06:00:00Z,23,0.4554,1.147
2025-02-14T23:00:00+06:00,2025-02-14T17:00:00Z,T2,0.4541,0.1907,0.968,2025-02-13T18:00:00Z,2025-02-13T06:00:00Z,23,0.4505,1.1353
2025-02-15T00:00:00+06:00,2025-02-14T18:00:00Z,T1,0.4719,0.2086,0.9859,2025-02-14T18:00:00Z,2025-02-14T06:00:00Z,0,0.4686,1.1797
2025-02-15T00:00:00+06:00,2025-02-14T18:00:00Z,T2,0.4651,0.2017,0.9791,2025-02-14T18:00:00Z,2025-02-14T06:00:00Z,0,0.464,1.1628
2025-02-15T01:00:00+06:00,2025-02-14T19:00:00Z,T1,0.5019,0.0042,0.8006,2025-02-14T18:00:00Z,2025-02-14T06:00:00Z,1,0.4932,1.2548
2025-02-15T01:00:00+06:00,2025-02-14T19:00:00Z,T2,0.495,0.2317,1.0,2025-02-14T18:00:00Z,2025-02-14T06:00:00Z,1,0.487,1.2375
2025-02-15T02:00:00+06:00,2025-02-14T20:00:00Z,T1,0.5561,0.0584,0.8547,2025-02-14T18:00:00Z,2025-02-14T06:00:00Z,2,0.5202,1.3902
2025-02-15T02:00:00+06:00,2025-02-14T20:00:00Z,T2,0.5503,0.0526,0.8489,2025-02-14T18:00:00Z,2025-02-14T06:00:00Z,2,0.5179,1.3758
2025-02-15T03:00:00+06:00,2025-02-14T21:00:00Z,T1,0.6592,0.1615,0.9579,2025-02-14T18:00:00Z,2025-02-14T06:00:00Z,3,0.5532,1.648
2025-02-15T03:00:00+06:00,2025-02-14T21:00:00Z,T2,0.6539,0.1562,0.9526,2025-02-14T18:00:00Z,2025-02-14T06:00:00Z,3,0.5479,1.6348
2025-02-15T04:00:00+06:00,2025-02-14T22:00:00Z,T1,0.743,0.2453,1.0,2025-02-14T18:00:00Z,2025-02-14T06:00:00Z,4,0.5851,1.8575
2025-02-15T04:00:00+06:00,2025-02-14T22:00:00Z,T2,0.7455,0.2478,1.0,2025-02-14T18:00:00Z,2025-02-14T06:00:00Z,4,0.5813,1.8638
2025-02-15T05:00:00+06:00,2025-02-14T23:00:00Z,T1,0.7796,0.2819,1.0,2025-02-14T18:00:00Z,2025-02-14T06:00:00Z,5,0.6709,1.949
2025-02-15T05:00:00+06:00,2025-02-14T23:00:00Z,T2,0.7842,0.2865,1.0,2025-02-14T18:00:00Z,2025-02-14T06:00:00Z,5,0.6664,1.9605
2025-02-15T06:00:00+06:00,2025-02-15T00:00:00Z,T1,0.7805,0.2828,1.0,2025-02-14T18:00:00Z,2025-02-14T06:00:00Z,6,0.712,1.9512
2025-02-15T06:00:00+06:00,2025-02-15T00:00:00Z,T2,0.7832,0.2855,1.0,2025-02-14T18:00:00Z,2025-02-14T06:00:00Z,6,0.7123,1.958
2025-02-15T07:00:00+06:00,2025-02-15T01:00:00Z,T1,0.8072,0.3095,1.0,2025-02-14T18:00:00Z,2025-02-14T06:00:00Z,7,0.7404,2.018
2025-02-15T07:00:00+06:00,2025-02-15T01:00:00Z,T2,0.8119,0.3142,1.0,2025-02-14T18:00:00Z,2025-02-14T06:00:00Z,7,0.7408,2.0298
2025-02-15T08:00:00+06:00,2025-02-15T02:00:00Z,T1,0.8389,0.3412,1.0,2025-02-14T18:00:00Z,2025-02-14T06:00:00Z,8,0.7782,2.0972
2025-02-15T08:00:00+06:00,2025-02-15T02:00:00Z,T2,0.8405,0.3428,1.0,2025-02-14T18:00:00Z,2025-02-14T06:00:00Z,8,0.783,2.1013
2025-02-15T09:00:00+06:00,2025-02-15T03:00:00Z,T1,0.8464,0.3487,1.0,2025-02-14T18:00:00Z,2025-02-14T06:00:00Z,9,0.7818,2.116
2025-02-15T09:00:00+06:00,2025-02-15T03:00:00Z,T2,0.8497,0.352,1.0,2025-02-14T18:00:00Z,2025-02-14T06:00:00Z,9,0.7868,2.1242
2025-02-15T10:00:00+06:00,2025-02-15T04:00:00Z,T1,0.8437,0.346,1.0,2025-02-14T18:00:00Z,2025-02-14T06:00:00Z,10,0.826,2.1092
2025-02-15T10:00:00+06:00,2025-02-15T04:00:00Z,T2,0.8457,0.348,1.0,2025-02-14T18:00:00Z,2025-02-14T06:00:00Z,10,0.827,2.1143
2025-02-15T11:00:00+06:00,2025-02-15T05:00:00Z,T1,0.8194,0.3217,1.0,2025-02-14T18:00:00Z,2025-02-14T06:00:00Z,11,0.8083,2.0485
2025-02-15T11:00:00+06:00,2025-02-15T05:00:00Z,T2,0.8252,0.3275,1.0,2025-02-14T18:00:00Z,2025-02-14T06:00:00Z,11,0.8137,2.063
2025-02-15T12:00:00+06:00,2025-02-15T06:00:00Z,T1,0.8688,0.5103,0.9538,2025-02-14T18:00:00Z,2025-02-14T06:00:00Z,12,0.8813,2.172
2025-02-15T12:00:00+06:00,2025-02-15T06:00:00Z,T2,0.8708,0.5123,0.9558,2025-02-14T18:00:00Z,2025-02-14T06:00:00Z,12,0.8806,2.177
2025-02-15T13:00:00+06:00,2025-02-15T07:00:00Z,T1,0.8317,0.334,1.0,2025-02-14T18:00:00Z,2025-02-14T06:00:00Z,13,0.8572,2.0792
2025-02-15T13:00:00+06:00,2025-02-15T07:00:00Z,T2,0.8397,0.342,1.0,2025-02-14T18:00:00Z,2025-02-14T06:00:00Z,13,0.8586,2.0992
2025-02-15T14:00:00+06:00,2025-02-15T08:00:00Z,T1,0.7109,0.2132,1.0,2025-02-14T18:00:00Z,2025-02-14T06:00:00Z,14,0.7677,1.7772
2025-02-15T14:00:00+06:00,2025-02-15T08:00:00Z,T2,0.7207,0.223,1.0,2025-02-14T18:00:00Z,2025-02-14T06:00:00Z,14,0.7734,1.8018
2025-02-15T15:00:00+06:00,2025-02-15T09:00:00Z,T1,0.5256,0.0279,0.8242,2025-02-14T18:00:00Z,2025-02-14T06:00:00Z,15,0.5782,1.314
2025-02-15T15:00:00+06:00,2025-02-15T09:00:00Z,T2,0.5304,0.0327,0.8291,2025-02-14T18:00:00Z,2025-02-14T06:00:00Z,15,0.5855,1.326
2025-02-15T16:00:00+06:00,2025-02-15T10:00:00Z,T1,0.0957,0.0134,0.3241,2025-02-14T18:00:00Z,2025-02-14T06:00:00Z,16,0.3998,0.2392
2025-02-15T16:00:00+06:00,2025-02-15T10:00:00Z,T2,0.0999,0.0177,0.3283,2025-02-14T18:00:00Z,2025-02-14T06:00:00Z,16,0.4061,0.2498
2025-02-15T17:00:00+06:00,2025-02-15T11:00:00Z,T1,0.1319,0.0496,0.3603,2025-02-14T18:00:00Z,2025-02-14T06:00:00Z,17,0.1507,0.3298
2025-02-15T17:00:00+06:00,2025-02-15T11:00:00Z,T2,0.1305,0.0482,0.3588,2025-02-14T18:00:00Z,2025-02-14T06:00:00Z,17,0.1519,0.3263
2025-02-15T18:00:00+06:00,2025-02-15T12:00:00Z,T1,0.7589,0.2612,1.0,2025-02-14T18:00:00Z,2025-02-14T06:00:00Z,18,0.0899,1.8972
2025-02-15T18:00:00+06:00,2025-02-15T12:00:00Z,T2,0.7615,0.2638,1.0,2025-02-14T18:00:00Z,2025-02-14T06:00:00Z,18,0.0892,1.9038
2025-02-15T19:00:00+06:00,2025-02-15T13:00:00Z,T1,0.534,0.0363,0.8327,2025-02-14T18:00:00Z,2025-02-14T06:00:00Z,19,0.5523,1.335
2025-02-15T19:00:00+06:00,2025-02-15T13:00:00Z,T2,0.5381,0.0404,0.8367,2025-02-14T18:00:00Z,2025-02-14T06:00:00Z,19,0.5562,1.3452
2025-02-15T20:00:00+06:00,2025-02-15T14:00:00Z,T1,0.4863,0.223,1.0,2025-02-14T18:00:00Z,2025-02-14T06:00:00Z,20,0.6162,1.2158
2025-02-15T20:00:00+06:00,2025-02-15T14:00:00Z,T2,0.4893,0.226,1.0,2025-02-14T18:00:00Z,2025-02-14T06:00:00Z,20,0.62,1.2232
2025-02-15T21:00:00+06:00,2025-02-15T15:00:00Z,T1,0.6855,0.1878,0.9842,2025-02-14T18:00:00Z,2025-02-14T06:00:00Z,21,0.6502,1.7138
2025-02-15T21:00:00+06:00,2025-02-15T15:00:00Z,T2,0.6893,0.1916,0.9879,2025-02-14T18:00:00Z,2025-02-14T06:00:00Z,21,0.6536,1.7232
2025-02-15T22:00:00+06:00,2025-02-15T16:00:00Z,T1,0.8194,0.3217,1.0,2025-02-14T18:00:00Z,2025-02-14T06:00:00Z,22,0.6317,2.0485
2025-02-15T22:00:00+06:00,2025-02-15T16:00:00Z,T2,0.8232,0.3255,1.0,2025-02-14T18:00:00Z,2025-02-14T06:00:00Z,22,0.6317,2.058
2025-02-15T23:00:00+06:00,2025-02-15T17:00:00Z,T1,0.8382,0.3405,1.0,2025-02-14T18:00:00Z,2025-02-14T06:00:00Z,23,0.7271,2.0955
2025-02-15T23:00:00+06:00,2025-02-15T17:00:00Z,T2,0.8408,0.3431,1.0,2025-02-14T18:00:00Z,2025-02-14T06:00:00Z,23,0.7291,2.102
2025-02-16T00:00:00+06:00,2025-02-15T18:00:00Z,T1,0.7533,0.2556,1.0,2025-02-15T18:00:00Z,2025-02-15T06:00:00Z,0,0.8173,1.8832
2025-02-16T00:00:00+06:00,2025-02-15T18:00:00Z,T2,0.7568,0.2591,1.0,2025-02-15T18:00:00Z,2025-02-15T06:00:00Z,0,0.8168,1.892
2025-02-16T01:00:00+06:00,2025-02-15T19:00:00Z,T1,0.6914,0.1937,0.99,2025-02-15T18:00:00Z,2025-02-15T06:00:00Z,1,0.8377,1.7285
2025-02-16T01:00:00+06:00,2025-02-15T19:00:00Z,T2,0.6924,0.1947,0.991,2025-02-15T18:00:00Z,2025-02-15T06:00:00Z,1,0.8409,1.731
2025-02-16T02:00:00+06:00,2025-02-15T20:00:00Z,T1,0.6208,0.1231,0.9194,2025-02-15T18:00:00Z,2025-02-15T06:00:00Z,2,0.762,1.552
2025-02-16T02:00:00+06:00,2025-02-15T20:00:00Z,T2,0.6235,0.1258,0.9221,2025-02-15T18:00:00Z,2025-02-15T06:00:00Z,2,0.7618,1.5588
2025-02-16T03:00:00+06:00,2025-02-15T21:00:00Z,T1,0.5602,0.0625,0.8588,2025-02-15T18:00:00Z,2025-02-15T06:00:00Z,3,0.6559,1.4005
2025-02-16T03:00:00+06:00,2025-02-15T21:00:00Z,T2,0.5633,0.0656,0.8619,2025-02-15T18:00:00Z,2025-02-15T06:00:00Z,3,0.6555,1.4082
2025-02-16T04:00:00+06:00,2025-02-15T22:00:00Z,T1,0.4441,0.1808,0.9581,2025-02-15T18:00:00Z,2025-02-15T06:00:00Z,4,0.5356,1.1102
2025-02-16T04:00:00+06:00,2025-02-15T22:00:00Z,T2,0.4444,0.181,0.9584,2025-02-15T18:00:00Z,2025-02-15T06:00:00Z,4,0.5297,1.111
2025-02-16T05:00:00+06:00,2025-02-15T23:00:00Z,T1,0.2731,0.0098,0.7871,2025-02-15T18:00:00Z,2025-02-15T06:00:00Z,5,0.3455,0.6828
2025-02-16T05:00:00+06:00,2025-02-15T23:00:00Z,T2,0.2713,0.0079,0.7853,2025-02-15T18:00:00Z,2025-02-15T06:00:00Z,5,0.3421,0.6782
2025-02-16T06:00:00+06:00,2025-02-16T00:00:00Z,T1,0.0994,0.0171,0.3278,2025-02-15T18:00:00Z,2025-02-15T06:00:00Z,6,0.1536,0.2485
2025-02-16T06:00:00+06:00,2025-02-16T00:00:00Z,T2,0.0981,0.0158,0.3265,2025-02-15T18:00:00Z,2025-02-15T06:00:00Z,6,0.152,0.2453
2025-02-16T07:00:00+06:00,2025-02-16T01:00:00Z,T1,0.0282,0.0,0.2566,2025-02-15T18:00:00Z,2025-02-15T06:00:00Z,7,0.0485,0.0705
2025-02-16T07:00:00+06:00,2025-02-16T01:00:00Z,T2,0.0272,0.0,0.2556,2025-02-15T18:00:00Z,2025-02-15T06:00:00Z,7,0.0478,0.068
2025-02-16T08:00:00+06:00,2025-02-16T02:00:00Z,T1,0.0185,0.0,0.2469,2025-02-15T18:00:00Z,2025-02-15T06:00:00Z,8,0.0394,0.0462
2025-02-16T08:00:00+06:00,2025-02-16T02:00:00Z,T2,0.018,0.0,0.2464,2025-02-15T18:00:00Z,2025-02-15T06:00:00Z,8,0.0389,0.045
2025-02-16T09:00:00+06:00,2025-02-16T03:00:00Z,T1,0.0263,0.0,0.2547,2025-02-15T18:00:00Z,2025-02-15T06:00:00Z,9,0.0233,0.0658
2025-02-16T09:00:00+06:00,2025-02-16T03:00:00Z,T2,0.0251,0.0,0.2535,2025-02-15T18:00:00Z,2025-02-15T06:00:00Z,9,0.0224,0.0628
2025-02-16T10:00:00+06:00,2025-02-16T04:00:00Z,T1,0.0126,0.0,0.241,2025-02-15T18:00:00Z,2025-02-15T06:00:00Z,10,0.0218,0.0315
2025-02-16T10:00:00+06:00,2025-02-16T04:00:00Z,T2,0.0122,0.0,0.2405,2025-02-15T18:00:00Z,2025-02-15T06:00:00Z,10,0.0213,0.0305
2025-02-16T11:00:00+06:00,2025-02-16T05:00:00Z,T1,0.0288,0.0,0.2572,2025-02-15T18:00:00Z,2025-02-15T06:00:00Z,11,0.0283,0.072
2025-02-16T11:00:00+06:00,2025-02-16T05:00:00Z,T2,0.0284,0.0,0.2568,2025-02-15T18:00:00Z,2025-02-15T06:00:00Z,11,0.0279,0.071
2025-02-16T12:00:00+06:00,2025-02-16T06:00:00Z,T1,0.0693,0.0,0.2977,2025-02-15T18:00:00Z,2025-02-15T06:00:00Z,12,0.0422,0.1733
2025-02-16T12:00:00+06:00,2025-02-16T06:00:00Z,T2,0.0707,0.0,0.2991,2025-02-15T18:00:00Z,2025-02-15T06:00:00Z,12,0.0437,0.1768
2025-02-16T13:00:00+06:00,2025-02-16T07:00:00Z,T1,0.1273,0.045,0.3557,2025-02-15T18:00:00Z,2025-02-15T06:00:00Z,13,0.0528,0.3182
2025-02-16T13:00:00+06:00,2025-02-16T07:00:00Z,T2,0.1276,0.0454,0.356,2025-02-15T18:00:00Z,2025-02-15T06:00:00Z,13,0.0542,0.319
2025-02-16T14:00:00+06:00,2025-02-16T08:00:00Z,T1,0.2663,0.0029,0.7803,2025-02-15T18:00:00Z,2025-02-15T06:00:00Z,14,0.0803,0.6657
2025-02-16T14:00:00+06:00,2025-02-16T08:00:00Z,T2,0.2645,0.0012,0.7785,2025-02-15T18:00:00Z,2025-02-15T06:00:00Z,14,0.0799,0.6612
2025-02-16T15:00:00+06:00,2025-02-16T09:00:00Z,T1,0.3575,0.0941,0.8714,2025-02-15T18:00:00Z,2025-02-15T06:00:00Z,15,0.1198,0.8938
2025-02-16T15:00:00+06:00,2025-02-16T09:00:00Z,T2,0.3556,0.0922,0.8696,2025-02-15T18:00:00Z,2025-02-15T06:00:00Z,15,0.1185,0.889
2025-02-16T16:00:00+06:00,2025-02-16T10:00:00Z,T1,0.2656,0.0023,0.7796,2025-02-15T18:00:00Z,2025-02-15T06:00:00Z,16,0.1751,0.664
2025-02-16T16:00:00+06:00,2025-02-16T10:00:00Z,T2,0.2638,0.0005,0.7778,2025-02-15T18:00:00Z,2025-02-15T06:00:00Z,16,0.1733,0.6595
2025-02-16T17:00:00+06:00,2025-02-16T11:00:00Z,T1,0.2913,0.028,0.8053,2025-02-15T18:00:00Z,2025-02-15T06:00:00Z,17,0.1811,0.7283
2025-02-16T17:00:00+06:00,2025-02-16T11:00:00Z,T2,0.2903,0.027,0.8043,2025-02-15T18:00:00Z,2025-02-15T06:00:00Z,17,0.1792,0.7258
2025-02-16T18:00:00+06:00,2025-02-16T12:00:00Z,T1,0.3671,0.1038,0.8811,2025-02-15T18:00:00Z,2025-02-15T06:00:00Z,18,0.1958,0.9178
2025-02-16T18:00:00+06:00,2025-02-16T12:00:00Z,T2,0.3666,0.1033,0.8806,2025-02-15T18:00:00Z,2025-02-15T06:00:00Z,18,0.1942,0.9165
2025-02-16T19:00:00+06:00,2025-02-16T13:00:00Z,T1,0.3126,0.0493,0.8266,2025-02-15T18:00:00Z,2025-02-15T06:00:00Z,19,0.1967,0.7815
2025-02-16T19:00:00+06:00,2025-02-16T13:00:00Z,T2,0.3105,0.0471,0.8245,2025-02-15T18:00:00Z,2025-02-15T06:00:00Z,19,0.1961,0.7762
2025-02-16T20:00:00+06:00,2025-02-16T14:00:00Z,T1,0.3134,0.0501,0.8274,2025-02-15T18:00:00Z,2025-02-15T06:00:00Z,20,0.162,0.7835
2025-02-16T20:00:00+06:00,2025-02-16T14:00:00Z,T2,0.3093,0.046,0.8233,2025-02-15T18:00:00Z,2025-02-15T06:00:00Z,20,0.1614,0.7732
2025-02-16T21:00:00+06:00,2025-02-16T15:00:00Z,T1,0.2451,0.0,0.7591,2025-02-15T18:00:00Z,2025-02-15T06:00:00Z,21,0.1253,0.6128
2025-02-16T21:00:00+06:00,2025-02-16T15:00:00Z,T2,0.2433,0.0,0.7573,2025-02-15T18:00:00Z,2025-02-15T06:00:00Z,21,0.125,0.6082
2025-02-16T22:00:00+06:00,2025-02-16T16:00:00Z,T1,0.1737,0.0,0.6877,2025-02-15T18:00:00Z,2025-02-15T06:00:00Z,22,0.0877,0.4342
2025-02-16T22:00:00+06:00,2025-02-16T16:00:00Z,T2,0.173,0.0,0.687,2025-02-15T18:00:00Z,2025-02-15T06:00:00Z,22,0.0869,0.4325
2025-02-16T23:00:00+06:00,2025-02-16T17:00:00Z,T1,0.1355,0.0533,0.3639,2025-02-15T18:00:00Z,2025-02-15T06:00:00Z,23,0.0656,0.3388
2025-02-16T23:00:00+06:00,2025-02-16T17:00:00Z,T2,0.1345,0.0522,0.3629,2025-02-15T18:00:00Z,2025-02-15T06:00:00Z,23,0.0658,0.3363
2025-02-17T00:00:00+06:00,2025-02-16T18:00:00Z,T1,0.1286,0.0464,0.357,2025-02-16T18:00:00Z,2025-02-16T06:00:00Z,0,0.1377,0.3215
2025-02-17T00:00:00+06:00,2025-02-16T18:00:00Z,T2,0.1274,0.0451,0.3558,2025-02-16T18:00:00Z,2025-02-16T06:00:00Z,0,0.1366,0.3185
2025-02-17T01:00:00+06:00,2025-02-16T19:00:00Z,T1,0.0676,0.0,0.296,2025-02-16T18:00:00Z,2025-02-16T06:00:00Z,1,0.1156,0.169
2025-02-17T01:00:00+06:00,2025-02-16T19:00:00Z,T2,0.067,0.0,0.2954,2025-02-16T18:00:00Z,2025-02-16T06:00:00Z,1,0.1146,0.1675
2025-02-17T02:00:00+06:00,2025-02-16T20:00:00Z,T1,0.0492,0.0,0.2776,2025-02-16T18:00:00Z,2025-02-16T06:00:00Z,2,0.0889,0.123
2025-02-17T02:00:00+06:00,2025-02-16T20:00:00Z,T2,0.0485,0.0,0.2769,2025-02-16T18:00:00Z,2025-02-16T06:00:00Z,2,0.0879,0.1212
2025-02-17T03:00:00+06:00,2025-02-16T21:00:00Z,T1,0.0228,0.0,0.2512,2025-02-16T18:00:00Z,2025-02-16T06:00:00Z,3,0.0365,0.057
2025-02-17T03:00:00+06:00,2025-02-16T21:00:00Z,T2,0.022,0.0,0.2504,2025-02-16T18:00:00Z,2025-02-16T06:00:00Z,3,0.0355,0.055
2025-02-17T04:00:00+06:00,2025-02-16T22:00:00Z,T1,0.0142,0.0,0.2426,2025-02-16T18:00:00Z,2025-02-16T06:00:00Z,4,0.0172,0.0355
2025-02-17T04:00:00+06:00,2025-02-16T22:00:00Z,T2,0.0139,0.0,0.2423,2025-02-16T18:00:00Z,2025-02-16T06:00:00Z,4,0.0162,0.0347
2025-02-17T05:00:00+06:00,2025-02-16T23:00:00Z,T1,0.0171,0.0,0.2454,2025-02-16T18:00:00Z,2025-02-16T06:00:00Z,5,0.0263,0.0428
2025-02-17T05:00:00+06:00,2025-02-16T23:00:00Z,T2,0.0166,0.0,0.245,2025-02-16T18:00:00Z,2025-02-16T06:00:00Z,5,0.0253,0.0415
2025-02-17T06:00:00+06:00,2025-02-17T00:00:00Z,T1,0.0122,0.0,0.2405,2025-02-16T18:00:00Z,2025-02-16T06:00:00Z,6,0.0153,0.0305
2025-02-17T06:00:00+06:00,2025-02-17T00:00:00Z,T2,0.0117,0.0,0.2401,2025-02-16T18:00:00Z,2025-02-16T06:00:00Z,6,0.0145,0.0292
2025-02-17T07:00:00+06:00,2025-02-17T01:00:00Z,T1,0.0263,0.0,0.2547,2025-02-16T18:00:00Z,2025-02-16T06:00:00Z,7,0.0168,0.0658
2025-02-17T07:00:00+06:00,2025-02-17T01:00:00Z,T2,0.0258,0.0,0.2542,2025-02-16T18:00:00Z,2025-02-16T06:00:00Z,7,0.0162,0.0645
2025-02-17T08:00:00+06:00,2025-02-17T02:00:00Z,T1,0.0297,0.0,0.2581,2025-02-16T18:00:00Z,2025-02-16T06:00:00Z,8,0.0245,0.0742
2025-02-17T08:00:00+06:00,2025-02-17T02:00:00Z,T2,0.0292,0.0,0.2576,2025-02-16T18:00:00Z,2025-02-16T06:00:00Z,8,0.0239,0.073
2025-02-17T09:00:00+06:00,2025-02-17T03:00:00Z,T1,0.0414,0.0,0.2698,2025-02-16T18:00:00Z,2025-02-16T06:00:00Z,9,0.0326,0.1035
2025-02-17T09:00:00+06:00,2025-02-17T03:00:00Z,T2,0.0408,0.0,0.2692,2025-02-16T18:00:00Z,2025-02-16T06:00:00Z,9,0.0317,0.102
2025-02-17T10:00:00+06:00,2025-02-17T04:00:00Z,T1,0.0264,0.0,0.2547,2025-02-16T18:00:00Z,2025-02-16T06:00:00Z,10,0.034,0.066
2025-02-17T10:00:00+06:00,2025-02-17T04:00:00Z,T2,0.0255,0.0,0.2539,2025-02-16T18:00:00Z,2025-02-16T06:00:00Z,10,0.0336,0.0638
2025-02-17T11:00:00+06:00,2025-02-17T05:00:00Z,T1,0.0364,0.0,0.2648,2025-02-16T18:00:00Z,2025-02-16T06:00:00Z,11,0.0371,0.091
2025-02-17T11:00:00+06:00,2025-02-17T05:00:00Z,T2,0.0347,0.0,0.2631,2025-02-16T18:00:00Z,2025-02-16T06:00:00Z,11,0.0361,0.0868
2025-02-17T12:00:00+06:00,2025-02-17T06:00:00Z,T1,0.0375,0.0,0.2658,2025-02-16T18:00:00Z,2025-02-16T06:00:00Z,12,0.0451,0.0938
2025-02-17T12:00:00+06:00,2025-02-17T06:00:00Z,T2,0.0361,0.0,0.2645,2025-02-16T18:00:00Z,2025-02-16T06:00:00Z,12,0.0443,0.0902
2025-02-17T13:00:00+06:00,2025-02-17T07:00:00Z,T1,0.0239,0.0,0.2523,2025-02-16T18:00:00Z,2025-02-16T06:00:00Z,13,0.0387,0.0598
2025-02-17T13:00:00+06:00,2025-02-17T07:00:00Z,T2,0.023,0.0,0.2514,2025-02-16T18:00:00Z,2025-02-16T06:00:00Z,13,0.0383,0.0575
2025-02-17T14:00:00+06:00,2025-02-17T08:00:00Z,T1,0.0168,0.0,0.2452,2025-02-16T18:00:00Z,2025-02-16T06:00:00Z,14,0.0308,0.042
2025-02-17T14:00:00+06:00,2025-02-17T08:00:00Z,T2,0.0166,0.0,0.245,2025-02-16T18:00:00Z,2025-02-16T06:00:00Z,14,0.0299,0.0415
2025-02-17T15:00:00+06:00,2025-02-17T09:00:00Z,T1,0.0176,0.0,0.246,2025-02-16T18:00:00Z,2025-02-16T06:00:00Z,15,0.0206,0.044
2025-02-17T15:00:00+06:00,2025-02-17T09:00:00Z,T2,0.0175,0.0,0.2459,2025-02-16T18:00:00Z,2025-02-16T06:00:00Z,15,0.0199,0.0438
2025-02-17T16:00:00+06:00,2025-02-17T10:00:00Z,T1,0.0311,0.0,0.2595,2025-02-16T18:00:00Z,2025-02-16T06:00:00Z,16,0.0176,0.0778
2025-02-17T16:00:00+06:00,2025-02-17T10:00:00Z,T2,0.031,0.0,0.2594,2025-02-16T18:00:00Z,2025-02-16T06:00:00Z,16,0.0175,0.0775
2025-02-17T17:00:00+06:00,2025-02-17T11:00:00Z,T1,0.0654,0.0,0.2938,2025-02-16T18:00:00Z,2025-02-16T06:00:00Z,17,0.0446,0.1635
2025-02-17T17:00:00+06:00,2025-02-17T11:00:00Z,T2,0.0655,0.0,0.2939,2025-02-16T18:00:00Z,2025-02-16T06:00:00Z,17,0.0446,0.1638
2025-02-17T18:00:00+06:00,2025-02-17T12:00:00Z,T1,0.0951,0.0128,0.3235,2025-02-16T18:00:00Z,2025-02-16T06:00:00Z,18,0.1056,0.2378
2025-02-17T18:00:00+06:00,2025-02-17T12:00:00Z,T2,0.0947,0.0124,0.3231,2025-02-16T18:00:00Z,2025-02-16T06:00:00Z,18,0.1054,0.2368
2025-02-17T19:00:00+06:00,2025-02-17T13:00:00Z,T1,0.0716,0.0,0.3,2025-02-16T18:00:00Z,2025-02-16T06:00:00Z,19,0.0492,0.179
2025-02-17T19:00:00+06:00,2025-02-17T13:00:00Z,T2,0.0712,0.0,0.2996,2025-02-16T18:00:00Z,2025-02-16T06:00:00Z,19,0.0488,0.178
2025-02-17T20:00:00+06:00,2025-02-17T14:00:00Z,T1,0.053,0.0,0.2814,2025-02-16T18:00:00Z,2025-02-16T06:00:00Z,20,0.0265,0.1325
2025-02-17T20:00:00+06:00,2025-02-17T14:00:00Z,T2,0.0526,0.0,0.281,2025-02-16T18:00:00Z,2025-02-16T06:00:00Z,20,0.0261,0.1315
2025-02-17T21:00:00+06:00,2025-02-17T15:00:00Z,T1,0.0362,0.0,0.2646,2025-02-16T18:00:00Z,2025-02-16T06:00:00Z,21,0.0263,0.0905
2025-02-17T21:00:00+06:00,2025-02-17T15:00:00Z,T2,0.0359,0.0,0.2643,2025-02-16T18:00:00Z,2025-02-16T06:00:00Z,21,0.026,0.0898
2025-02-17T22:00:00+06:00,2025-02-17T16:00:00Z,T1,0.022,0.0,0.2504,2025-02-16T18:00:00Z,2025-02-16T06:00:00Z,22,0.0399,0.055
2025-02-17T22:00:00+06:00,2025-02-17T16:00:00Z,T2,0.0215,0.0,0.2499,2025-02-16T18:00:00Z,2025-02-16T06:00:00Z,22,0.0387,0.0537
2025-02-17T23:00:00+06:00,2025-02-17T17:00:00Z,T1,0.0183,0.0,0.2467,2025-02-16T18:00:00Z,2025-02-16T06:00:00Z,23,0.0422,0.0458
2025-02-17T23:00:00+06:00,2025-02-17T17:00:00Z,T2,0.0179,0.0,0.2463,2025-02-16T18:00:00Z,2025-02-16T06:00:00Z,23,0.0409,0.0448
2025-02-18T00:00:00+06:00,2025-02-17T18:00:00Z,T1,0.0263,0.0,0.2547,2025-02-17T18:00:00Z,2025-02-17T06:00:00Z,0,0.0281,0.0658
2025-02-18T00:00:00+06:00,2025-02-17T18:00:00Z,T2,0.0254,0.0,0.2538,2025-02-17T18:00:00Z,2025-02-17T06:00:00Z,0,0.0261,0.0635
2025-02-18T01:00:00+06:00,2025-02-17T19:00:00Z,T1,0.0251,0.0,0.2535,2025-02-17T18:00:00Z,2025-02-17T06:00:00Z,1,0.0345,0.0628
2025-02-18T01:00:00+06:00,2025-02-17T19:00:00Z,T2,0.0244,0.0,0.2528,2025-02-17T18:00:00Z,2025-02-17T06:00:00Z,1,0.0335,0.061
2025-02-18T02:00:00+06:00,2025-02-17T20:00:00Z,T1,0.0336,0.0,0.262,2025-02-17T18:00:00Z,2025-02-17T06:00:00Z,2,0.0589,0.084
2025-02-18T02:00:00+06:00,2025-02-17T20:00:00Z,T2,0.0322,0.0,0.2606,2025-02-17T18:00:00Z,2025-02-17T06:00:00Z,2,0.0564,0.0805
2025-02-18T03:00:00+06:00,2025-02-17T21:00:00Z,T1,0.0419,0.0,0.2703,2025-02-17T18:00:00Z,2025-02-17T06:00:00Z,3,0.0938,0.1048
2025-02-18T03:00:00+06:00,2025-02-17T21:00:00Z,T2,0.0391,0.0,0.2675,2025-02-17T18:00:00Z,2025-02-17T06:00:00Z,3,0.0908,0.0978
2025-02-18T04:00:00+06:00,2025-02-17T22:00:00Z,T1,0.0632,0.0,0.2916,2025-02-17T18:00:00Z,2025-02-17T06:00:00Z,4,0.1183,0.158
2025-02-18T04:00:00+06:00,2025-02-17T22:00:00Z,T2,0.0603,0.0,0.2887,2025-02-17T18:00:00Z,2025-02-17T06:00:00Z,4,0.1153,0.1508
2025-02-18T05:00:00+06:00,2025-02-17T23:00:00Z,T1,0.0798,0.0,0.3082,2025-02-17T18:00:00Z,2025-02-17T06:00:00Z,5,0.1355,0.1995
2025-02-18T05:00:00+06:00,2025-02-17T23:00:00Z,T2,0.0774,0.0,0.3058,2025-02-17T18:00:00Z,2025-02-17T06:00:00Z,5,0.1325,0.1935
2025-02-18T06:00:00+06:00,2025-02-18T00:00:00Z,T1,0.1013,0.019,0.3297,2025-02-17T18:00:00Z,2025-02-17T06:00:00Z,6,0.1477,0.2532
2025-02-18T06:00:00+06:00,2025-02-18T00:00:00Z,T2,0.0986,0.0163,0.3269,2025-02-17T18:00:00Z,2025-02-17T06:00:00Z,6,0.1456,0.2465
2025-02-18T07:00:00+06:00,2025-02-18T01:00:00Z,T1,0.1093,0.027,0.3377,2025-02-17T18:00:00Z,2025-02-17T06:00:00Z,7,0.232,0.2732
2025-02-18T07:00:00+06:00,2025-02-18T01:00:00Z,T2,0.1065,0.0242,0.3349,2025-02-17T18:00:00Z,2025-02-17T06:00:00Z,7,0.2294,0.2662
2025-02-18T08:00:00+06:00,2025-02-18T02:00:00Z,T1,0.1523,0.0,0.6663,2025-02-17T18:00:00Z,2025-02-17T06:00:00Z,8,0.3369,0.3808
2025-02-18T08:00:00+06:00,2025-02-18T02:00:00Z,T2,0.1504,0.0,0.6644,2025-02-17T18:00:00Z,2025-02-17T06:00:00Z,8,0.3345,0.376
2025-02-18T09:00:00+06:00,2025-02-18T03:00:00Z,T1,0.2206,0.0,0.7346,2025-02-17T18:00:00Z,2025-02-17T06:00:00Z,9,0.4442,0.5515
2025-02-18T09:00:00+06:00,2025-02-18T03:00:00Z,T2,0.2166,0.0,0.7306,2025-02-17T18:00:00Z,2025-02-17T06:00:00Z,9,0.4398,0.5415
2025-02-18T10:00:00+06:00,2025-02-18T04:00:00Z,T1,0.2356,0.0,0.7496,2025-02-17T18:00:00Z,2025-02-17T06:00:00Z,10,0.4383,0.589
2025-02-18T10:00:00+06:00,2025-02-18T04:00:00Z,T2,0.2313,0.0,0.7453,2025-02-17T18:00:00Z,2025-02-17T06:00:00Z,10,0.4362,0.5782
2025-02-18T11:00:00+06:00,2025-02-18T05:00:00Z,T1,0.578,0.0803,0.8766,2025-02-17T18:00:00Z,2025-02-17T06:00:00Z,11,0.6856,1.445
2025-02-18T11:00:00+06:00,2025-02-18T05:00:00Z,T2,0.5803,0.0827,0.879,2025-02-17T18:00:00Z,2025-02-17T06:00:00Z,11,0.6899,1.4508
2025-02-18T12:00:00+06:00,2025-02-18T06:00:00Z,T1,0.7839,0.2862,1.0,2025-02-17T18:00:00Z,2025-02-17T06:00:00Z,12,0.7981,1.9598
2025-02-18T12:00:00+06:00,2025-02-18T06:00:00Z,T2,0.7881,0.2904,1.0,2025-02-17T18:00:00Z,2025-02-17T06:00:00Z,12,0.8019,1.9702
2025-02-18T13:00:00+06:00,2025-02-18T07:00:00Z,T1,0.7881,0.2904,1.0,2025-02-17T18:00:00Z,2025-02-17T06:00:00Z,13,0.779,1.9702
2025-02-18T13:00:00+06:00,2025-02-18T07:00:00Z,T2,0.7925,0.2948,1.0,2025-02-17T18:00:00Z,2025-02-17T06:00:00Z,13,0.7824,1.9812
2025-02-18T14:00:00+06:00,2025-02-18T08:00:00Z,T1,0.6681,0.1704,0.9667,2025-02-17T18:00:00Z,2025-02-17T06:00:00Z,14,0.7311,1.6702
2025-02-18T14:00:00+06:00,2025-02-18T08:00:00Z,T2,0.6731,0.1754,0.9718,2025-02-17T18:00:00Z,2025-02-17T06:00:00Z,14,0.7345,1.6828
2025-02-18T15:00:00+06:00,2025-02-18T09:00:00Z,T1,0.5655,0.0678,0.8641,2025-02-17T18:00:00Z,2025-02-17T06:00:00Z,15,0.6529,1.4138
2025-02-18T15:00:00+06:00,2025-02-18T09:00:00Z,T2,0.5672,0.0695,0.8658,2025-02-17T18:00:00Z,2025-02-17T06:00:00Z,15,0.6526,1.418
2025-02-18T16:00:00+06:00,2025-02-18T10:00:00Z,T1,0.4789,0.2156,0.9929,2025-02-17T18:00:00Z,2025-02-17T06:00:00Z,16,0.5906,1.1972
2025-02-18T16:00:00+06:00,2025-02-18T10:00:00Z,T2,0.4785,0.2152,0.9925,2025-02-17T18:00:00Z,2025-02-17T06:00:00Z,16,0.5883,1.1962
2025-02-18T17:00:00+06:00,2025-02-18T11:00:00Z,T1,0.4585,0.1951,0.9725,2025-02-17T18:00:00Z,2025-02-17T06:00:00Z,17,0.5772,1.1462
2025-02-18T17:00:00+06:00,2025-02-18T11:00:00Z,T2,0.4583,0.195,0.9723,2025-02-17T18:00:00Z,2025-02-17T06:00:00Z,17,0.5772,1.1458
2025-02-18T18:00:00+06:00,2025-02-18T12:00:00Z,T1,0.4654,0.2021,0.9794,2025-02-17T18:00:00Z,2025-02-17T06:00:00Z,18,0.5828,1.1635
2025-02-18T18:00:00+06:00,2025-02-18T12:00:00Z,T2,0.4634,0.2001,0.9774,2025-02-17T18:00:00Z,2025-02-17T06:00:00Z,18,0.5826,1.1585
2025-02-18T19:00:00+06:00,2025-02-18T13:00:00Z,T1,0.3515,0.0881,0.8655,2025-02-17T18:00:00Z,2025-02-17T06:00:00Z,19,0.439,0.8788
2025-02-18T19:00:00+06:00,2025-02-18T13:00:00Z,T2,0.3461,0.0828,0.8601,2025-02-17T18:00:00Z,2025-02-17T06:00:00Z,19,0.4355,0.8652
2025-02-18T20:00:00+06:00,2025-02-18T14:00:00Z,T1,0.2758,0.0125,0.7898,2025-02-17T18:00:00Z,2025-02-17T06:00:00Z,20,0.336,0.6895
2025-02-18T20:00:00+06:00,2025-02-18T14:00:00Z,T2,0.2709,0.0076,0.7849,2025-02-17T18:00:00Z,2025-02-17T06:00:00Z,20,0.3316,0.6772
2025-02-18T21:00:00+06:00,2025-02-18T15:00:00Z,T1,0.285,0.0217,0.799,2025-02-17T18:00:00Z,2025-02-17T06:00:00Z,21,0.2865,0.7125
2025-02-18T21:00:00+06:00,2025-02-18T15:00:00Z,T2,0.281,0.0176,0.795,2025-02-17T18:00:00Z,2025-02-17T06:00:00Z,21,0.283,0.7025
2025-02-18T22:00:00+06:00,2025-02-18T16:00:00Z,T1,0.3263,0.063,0.8403,2025-02-17T18:00:00Z,2025-02-17T06:00:00Z,22,0.3299,0.8158
2025-02-18T22:00:00+06:00,2025-02-18T16:00:00Z,T2,0.321,0.0576,0.835,2025-02-17T18:00:00Z,2025-02-17T06:00:00Z,22,0.3251,0.8025
2025-02-18T23:00:00+06:00,2025-02-18T17:00:00Z,T1,0.3479,0.0846,0.8619,2025-02-17T18:00:00Z,2025-02-17T06:00:00Z,23,0.3368,0.8698
2025-02-18T23:00:00+06:00,2025-02-18T17:00:00Z,T2,0.342,0.0787,0.856,2025-02-17T18:00:00Z,2025-02-17T06:00:00Z,23,0.3319,0.855
2025-02-19T00:00:00+06:00,2025-02-18T18:00:00Z,T1,0.4334,0.17,0.9474,2025-02-18T18:00:00Z,2025-02-18T06:00:00Z,0,0.4103,1.0835
2025-02-19T00:00:00+06:00,2025-02-18T18:00:00Z,T2,0.4285,0.1651,0.9425,2025-02-18T18:00:00Z,2025-02-18T06:00:00Z,0,0.4044,1.0712
2025-02-19T01:00:00+06:00,2025-02-18T19:00:00Z,T1,0.3479,0.0846,0.8619,2025-02-18T18:00:00Z,2025-02-18T06:00:00Z,1,0.4274,0.8698
2025-02-19T01:00:00+06:00,2025-02-18T19:00:00Z,T2,0.3446,0.0812,0.8586,2025-02-18T18:00:00Z,2025-02-18T06:00:00Z,1,0.4216,0.8615
2025-02-19T02:00:00+06:00,2025-02-18T20:00:00Z,T1,0.3182,0.0549,0.8322,2025-02-18T18:00:00Z,2025-02-18T06:00:00Z,2,0.3285,0.7955
2025-02-19T02:00:00+06:00,2025-02-18T20:00:00Z,T2,0.3142,0.0509,0.8282,2025-02-18T18:00:00Z,2025-02-18T06:00:00Z,2,0.3237,0.7855
2025-02-19T03:00:00+06:00,2025-02-18T21:00:00Z,T1,0.3256,0.0623,0.8396,2025-02-18T18:00:00Z,2025-02-18T06:00:00Z,3,0.2459,0.814
2025-02-19T03:00:00+06:00,2025-02-18T21:00:00Z,T2,0.3217,0.0584,0.8357,2025-02-18T18:00:00Z,2025-02-18T06:00:00Z,3,0.2421,0.8042
2025-02-19T04:00:00+06:00,2025-02-18T22:00:00Z,T1,0.333,0.0697,0.847,2025-02-18T18:00:00Z,2025-02-18T06:00:00Z,4,0.1604,0.8325
2025-02-19T04:00:00+06:00,2025-02-18T22:00:00Z,T2,0.329,0.0657,0.843,2025-02-18T18:00:00Z,2025-02-18T06:00:00Z,4,0.156,0.8225
2025-02-19T05:00:00+06:00,2025-02-18T23:00:00Z,T1,0.3294,0.0661,0.8434,2025-02-18T18:00:00Z,2025-02-18T06:00:00Z,5,0.2443,0.8235
2025-02-19T05:00:00+06:00,2025-02-18T23:00:00Z,T2,0.3247,0.0613,0.8387,2025-02-18T18:00:00Z,2025-02-18T06:00:00Z,5,0.2413,0.8118
2025-02-19T06:00:00+06:00,2025-02-19T00:00:00Z,T1,0.3571,0.0937,0.8711,2025-02-18T18:00:00Z,2025-02-18T06:00:00Z,6,0.3562,0.8928
2025-02-19T06:00:00+06:00,2025-02-19T00:00:00Z,T2,0.3538,0.0904,0.8678,2025-02-18T18:00:00Z,2025-02-18T06:00:00Z,6,0.3498,0.8845
2025-02-19T07:00:00+06:00,2025-02-19T01:00:00Z,T1,0.4077,0.1444,0.9217,2025-02-18T18:00:00Z,2025-02-18T06:00:00Z,7,0.3189,1.0192
2025-02-19T07:00:00+06:00,2025-02-19T01:00:00Z,T2,0.4026,0.1393,0.9166,2025-02-18T18:00:00Z,2025-02-18T06:00:00Z,7,0.312,1.0065
2025-02-19T08:00:00+06:00,2025-02-19T02:00:00Z,T1,0.4237,0.1604,0.9377,2025-02-18T18:00:00Z,2025-02-18T06:00:00Z,8,0.3211,1.0592
2025-02-19T08:00:00+06:00,2025-02-19T02:00:00Z,T2,0.417,0.1537,0.931,2025-02-18T18:00:00Z,2025-02-18T06:00:00Z,8,0.3159,1.0425
2025-02-19T09:00:00+06:00,2025-02-19T03:00:00Z,T1,0.314,0.0507,0.828,2025-02-18T18:00:00Z,2025-02-18T06:00:00Z,9,0.3447,0.785
2025-02-19T09:00:00+06:00,2025-02-19T03:00:00Z,T2,0.3076,0.0443,0.8216,2025-02-18T18:00:00Z,2025-02-18T06:00:00Z,9,0.34,0.769
2025-02-19T10:00:00+06:00,2025-02-19T04:00:00Z,T1,0.1104,0.0282,0.3388,2025-02-18T18:00:00Z,2025-02-18T06:00:00Z,10,0.2169,0.276
2025-02-19T10:00:00+06:00,2025-02-19T04:00:00Z,T2,0.1069,0.0246,0.3353,2025-02-18T18:00:00Z,2025-02-18T06:00:00Z,10,0.2134,0.2672
2025-02-19T11:00:00+06:00,2025-02-19T05:00:00Z,T1,0.1345,0.0523,0.3629,2025-02-18T18:00:00Z,2025-02-18T06:00:00Z,11,0.2803,0.3363
2025-02-19T11:00:00+06:00,2025-02-19T05:00:00Z,T2,0.1368,0.0545,0.3652,2025-02-18T18:00:00Z,2025-02-18T06:00:00Z,11,0.2798,0.342
2025-02-19T12:00:00+06:00,2025-02-19T06:00:00Z,T1,0.1242,0.0419,0.3526,2025-02-18T18:00:00Z,2025-02-18T06:00:00Z,12,0.2963,0.3105
2025-02-19T12:00:00+06:00,2025-02-19T06:00:00Z,T2,0.1242,0.0419,0.3526,2025-02-18T18:00:00Z,2025-02-18T06:00:00Z,12,0.2994,0.3105
2025-02-19T13:00:00+06:00,2025-02-19T07:00:00Z,T1,0.1168,0.0346,0.3452,2025-02-18T18:00:00Z,2025-02-18T06:00:00Z,13,0.1996,0.292
2025-02-19T13:00:00+06:00,2025-02-19T07:00:00Z,T2,0.1172,0.0349,0.3456,2025-02-18T18:00:00Z,2025-02-18T06:00:00Z,13,0.1996,0.293
2025-02-19T14:00:00+06:00,2025-02-19T08:00:00Z,T1,0.0917,0.0094,0.3201,2025-02-18T18:00:00Z,2025-02-18T06:00:00Z,14,0.1293,0.2292
2025-02-19T14:00:00+06:00,2025-02-19T08:00:00Z,T2,0.0924,0.0101,0.3207,2025-02-18T18:00:00Z,2025-02-18T06:00:00Z,14,0.1283,0.231
2025-02-19T15:00:00+06:00,2025-02-19T09:00:00Z,T1,0.0806,0.0,0.3089,2025-02-18T18:00:00Z,2025-02-18T06:00:00Z,15,0.0737,0.2015
2025-02-19T15:00:00+06:00,2025-02-19T09:00:00Z,T2,0.0814,0.0,0.3098,2025-02-18T18:00:00Z,2025-02-18T06:00:00Z,15,0.0726,0.2035
2025-02-19T16:00:00+06:00,2025-02-19T10:00:00Z,T1,0.0821,0.0,0.3105,2025-02-18T18:00:00Z,2025-02-18T06:00:00Z,16,0.0604,0.2052
2025-02-19T16:00:00+06:00,2025-02-19T10:00:00Z,T2,0.0812,0.0,0.3095,2025-02-18T18:00:00Z,2025-02-18T06:00:00Z,16,0.0587,0.203
2025-02-19T17:00:00+06:00,2025-02-19T11:00:00Z,T1,0.0671,0.0,0.2955,2025-02-18T18:00:00Z,2025-02-18T06:00:00Z,17,0.0577,0.1678
2025-02-19T17:00:00+06:00,2025-02-19T11:00:00Z,T2,0.0666,0.0,0.2949,2025-02-18T18:00:00Z,2025-02-18T06:00:00Z,17,0.0571,0.1665
2025-02-19T18:00:00+06:00,2025-02-19T12:00:00Z,T1,0.08,0.0,0.3084,2025-02-18T18:00:00Z,2025-02-18T06:00:00Z,18,0.0816,0.2
2025-02-19T18:00:00+06:00,2025-02-19T12:00:00Z,T2,0.0765,0.0,0.3049,2025-02-18T18:00:00Z,2025-02-18T06:00:00Z,18,0.0776,0.1912
2025-02-19T19:00:00+06:00,2025-02-19T13:00:00Z,T1,0.0564,0.0,0.2848,2025-02-18T18:00:00Z,2025-02-18T06:00:00Z,19,0.0697,0.141
2025-02-19T19:00:00+06:00,2025-02-19T13:00:00Z,T2,0.054,0.0,0.2824,2025-02-18T18:00:00Z,2025-02-18T06:00:00Z,19,0.0674,0.135
2025-02-19T20:00:00+06:00,2025-02-19T14:00:00Z,T1,0.0386,0.0,0.267,2025-02-18T18:00:00Z,2025-02-18T06:00:00Z,20,0.0472,0.0965
2025-02-19T20:00:00+06:00,2025-02-19T14:00:00Z,T2,0.0362,0.0,0.2646,2025-02-18T18:00:00Z,2025-02-18T06:00:00Z,20,0.0431,0.0905
2025-02-19T21:00:00+06:00,2025-02-19T15:00:00Z,T1,0.0286,0.0,0.257,2025-02-18T18:00:00Z,2025-02-18T06:00:00Z,21,0.0265,0.0715
2025-02-19T21:00:00+06:00,2025-02-19T15:00:00Z,T2,0.0277,0.0,0.2561,2025-02-18T18:00:00Z,2025-02-18T06:00:00Z,21,0.0256,0.0692
2025-02-19T22:00:00+06:00,2025-02-19T16:00:00Z,T1,0.0282,0.0,0.2566,2025-02-18T18:00:00Z,2025-02-18T06:00:00Z,22,0.0211,0.0705
2025-02-19T22:00:00+06:00,2025-02-19T16:00:00Z,T2,0.0272,0.0,0.2556,2025-02-18T18:00:00Z,2025-02-18T06:00:00Z,22,0.0202,0.068
2025-02-19T23:00:00+06:00,2025-02-19T17:00:00Z,T1,0.0228,0.0,0.2512,2025-02-18T18:00:00Z,2025-02-18T06:00:00Z,23,0.0229,0.057
2025-02-19T23:00:00+06:00,2025-02-19T17:00:00Z,T2,0.0218,0.0,0.2501,2025-02-18T18:00:00Z,2025-02-18T06:00:00Z,23,0.0229,0.0545
2025-02-20T00:00:00+06:00,2025-02-19T18:00:00Z,T1,0.0344,0.0,0.2628,2025-02-19T18:00:00Z,2025-02-19T06:00:00Z,0,0.0247,0.086
2025-02-20T00:00:00+06:00,2025-02-19T18:00:00Z,T2,0.0309,0.0,0.2593,2025-02-19T18:00:00Z,2025-02-19T06:00:00Z,0,0.0224,0.0772
2025-02-20T01:00:00+06:00,2025-02-19T19:00:00Z,T1,0.0219,0.0,0.2503,2025-02-19T18:00:00Z,2025-02-19T06:00:00Z,1,0.0236,0.0548
2025-02-20T01:00:00+06:00,2025-02-19T19:00:00Z,T2,0.0208,0.0,0.2492,2025-02-19T18:00:00Z,2025-02-19T06:00:00Z,1,0.0218,0.052
2025-02-20T02:00:00+06:00,2025-02-19T20:00:00Z,T1,0.0202,0.0,0.2486,2025-02-19T18:00:00Z,2025-02-19T06:00:00Z,2,0.0252,0.0505
2025-02-20T02:00:00+06:00,2025-02-19T20:00:00Z,T2,0.0192,0.0,0.2476,2025-02-19T18:00:00Z,2025-02-19T06:00:00Z,2,0.0229,0.048
2025-02-20T03:00:00+06:00,2025-02-19T21:00:00Z,T1,0.0164,0.0,0.2447,2025-02-19T18:00:00Z,2025-02-19T06:00:00Z,3,0.024,0.041
2025-02-20T03:00:00+06:00,2025-02-19T21:00:00Z,T2,0.0154,0.0,0.2438,2025-02-19T18:00:00Z,2025-02-19T06:00:00Z,3,0.022,0.0385
2025-02-20T04:00:00+06:00,2025-02-19T22:00:00Z,T1,0.014,0.0,0.2424,2025-02-19T18:00:00Z,2025-02-19T06:00:00Z,4,0.017,0.035
2025-02-20T04:00:00+06:00,2025-02-19T22:00:00Z,T2,0.0135,0.0,0.2419,2025-02-19T18:00:00Z,2025-02-19T06:00:00Z,4,0.016,0.0338
2025-02-20T05:00:00+06:00,2025-02-19T23:00:00Z,T1,0.0129,0.0,0.2412,2025-02-19T18:00:00Z,2025-02-19T06:00:00Z,5,0.0126,0.0322
2025-02-20T05:00:00+06:00,2025-02-19T23:00:00Z,T2,0.0125,0.0,0.2409,2025-02-19T18:00:00Z,2025-02-19T06:00:00Z,5,0.012,0.0312
2025-02-20T06:00:00+06:00,2025-02-20T00:00:00Z,T1,0.0154,0.0,0.2437,2025-02-19T18:00:00Z,2025-02-19T06:00:00Z,6,0.0112,0.0385
2025-02-20T06:00:00+06:00,2025-02-20T00:00:00Z,T2,0.0143,0.0,0.2427,2025-02-19T18:00:00Z,2025-02-19T06:00:00Z,6,0.0106,0.0358
2025-02-20T07:00:00+06:00,2025-02-20T01:00:00Z,T1,0.0258,0.0,0.2541,2025-02-19T18:00:00Z,2025-02-19T06:00:00Z,7,0.0128,0.0645
2025-02-20T07:00:00+06:00,2025-02-20T01:00:00Z,T2,0.0238,0.0,0.2522,2025-02-19T18:00:00Z,2025-02-19T06:00:00Z,7,0.012,0.0595
2025-02-20T08:00:00+06:00,2025-02-20T02:00:00Z,T1,0.0433,0.0,0.2717,2025-02-19T18:00:00Z,2025-02-19T06:00:00Z,8,0.0154,0.1082
2025-02-20T08:00:00+06:00,2025-02-20T02:00:00Z,T2,0.0408,0.0,0.2692,2025-02-19T18:00:00Z,2025-02-19T06:00:00Z,8,0.0149,0.102
2025-02-20T09:00:00+06:00,2025-02-20T03:00:00Z,T1,0.0697,0.0,0.2981,2025-02-19T18:00:00Z,2025-02-19T06:00:00Z,9,0.0185,0.1742
2025-02-20T09:00:00+06:00,2025-02-20T03:00:00Z,T2,0.0674,0.0,0.2958,2025-02-19T18:00:00Z,2025-02-19T06:00:00Z,9,0.018,0.1685
2025-02-20T10:00:00+06:00,2025-02-20T04:00:00Z,T1,0.0552,0.0,0.2836,2025-02-19T18:00:00Z,2025-02-19T06:00:00Z,10,0.0169,0.138
2025-02-20T10:00:00+06:00,2025-02-20T04:00:00Z,T2,0.0539,0.0,0.2823,2025-02-19T18:00:00Z,2025-02-19T06:00:00Z,10,0.0166,0.1348
2025-02-20T11:00:00+06:00,2025-02-20T05:00:00Z,T1,0.0475,0.0,0.2759,2025-02-19T18:00:00Z,2025-02-19T06:00:00Z,11,0.0193,0.1188
2025-02-20T11:00:00+06:00,2025-02-20T05:00:00Z,T2,0.0476,0.0,0.276,2025-02-19T18:00:00Z,2025-02-19T06:00:00Z,11,0.0191,0.119
2025-02-20T12:00:00+06:00,2025-02-20T06:00:00Z,T1,0.0348,0.0,0.2632,2025-02-19T18:00:00Z,2025-02-19T06:00:00Z,12,0.0182,0.087
2025-02-20T12:00:00+06:00,2025-02-20T06:00:00Z,T2,0.034,0.0,0.2624,2025-02-19T18:00:00Z,2025-02-19T06:00:00Z,12,0.018,0.085
2025-02-20T13:00:00+06:00,2025-02-20T07:00:00Z,T1,0.0237,0.0,0.2521,2025-02-19T18:00:00Z,2025-02-19T06:00:00Z,13,0.0252,0.0592
2025-02-20T13:00:00+06:00,2025-02-20T07:00:00Z,T2,0.0229,0.0,0.2513,2025-02-19T18:00:00Z,2025-02-19T06:00:00Z,13,0.025,0.0572
2025-02-20T14:00:00+06:00,2025-02-20T08:00:00Z,T1,0.0169,0.0,0.2453,2025-02-19T18:00:00Z,2025-02-19T06:00:00Z,14,0.0486,0.0422
2025-02-20T14:00:00+06:00,2025-02-20T08:00:00Z,T2,0.0167,0.0,0.2451,2025-02-19T18:00:00Z,2025-02-19T06:00:00Z,14,0.0484,0.0417
2025-02-20T15:00:00+06:00,2025-02-20T09:00:00Z,T1,0.0177,0.0,0.2461,2025-02-19T18:00:00Z,2025-02-19T06:00:00Z,15,0.0648,0.0442
2025-02-20T15:00:00+06:00,2025-02-20T09:00:00Z,T2,0.0176,0.0,0.246,2025-02-19T18:00:00Z,2025-02-19T06:00:00Z,15,0.0648,0.044
2025-02-20T16:00:00+06:00,2025-02-20T10:00:00Z,T1,0.0197,0.0,0.2481,2025-02-19T18:00:00Z,2025-02-19T06:00:00Z,16,0.0776,0.0492
2025-02-20T16:00:00+06:00,2025-02-20T10:00:00Z,T2,0.0196,0.0,0.248,2025-02-19T18:00:00Z,2025-02-19T06:00:00Z,16,0.0781,0.049
2025-02-20T17:00:00+06:00,2025-02-20T11:00:00Z,T1,0.0277,0.0,0.2561,2025-02-19T18:00:00Z,2025-02-19T06:00:00Z,17,0.0645,0.0692
2025-02-20T17:00:00+06:00,2025-02-20T11:00:00Z,T2,0.0273,0.0,0.2557,2025-02-19T18:00:00Z,2025-02-19T06:00:00Z,17,0.0642,0.0682
2025-02-20T18:00:00+06:00,2025-02-20T12:00:00Z,T1,0.0692,0.0,0.2976,2025-02-19T18:00:00Z,2025-02-19T06:00:00Z,18,0.0613,0.173
2025-02-20T18:00:00+06:00,2025-02-20T12:00:00Z,T2,0.0689,0.0,0.2973,2025-02-19T18:00:00Z,2025-02-19T06:00:00Z,18,0.061,0.1723
2025-02-20T19:00:00+06:00,2025-02-20T13:00:00Z,T1,0.061,0.0,0.2894,2025-02-19T18:00:00Z,2025-02-19T06:00:00Z,19,0.0271,0.1525
2025-02-20T19:00:00+06:00,2025-02-20T13:00:00Z,T2,0.0607,0.0,0.289,2025-02-19T18:00:00Z,2025-02-19T06:00:00Z,19,0.0268,0.1518
2025-02-20T20:00:00+06:00,2025-02-20T14:00:00Z,T1,0.0294,0.0,0.2577,2025-02-19T18:00:00Z,2025-02-19T06:00:00Z,20,0.0166,0.0735
2025-02-20T20:00:00+06:00,2025-02-20T14:00:00Z,T2,0.029,0.0,0.2574,2025-02-19T18:00:00Z,2025-02-19T06:00:00Z,20,0.0162,0.0725
2025-02-20T21:00:00+06:00,2025-02-20T15:00:00Z,T1,0.0155,0.0,0.2439,2025-02-19T18:00:00Z,2025-02-19T06:00:00Z,21,0.0251,0.0388
2025-02-20T21:00:00+06:00,2025-02-20T15:00:00Z,T2,0.0151,0.0,0.2435,2025-02-19T18:00:00Z,2025-02-19T06:00:00Z,21,0.0211,0.0378
2025-02-20T22:00:00+06:00,2025-02-20T16:00:00Z,T1,0.0156,0.0,0.244,2025-02-19T18:00:00Z,2025-02-19T06:00:00Z,22,0.0317,0.039
2025-02-20T22:00:00+06:00,2025-02-20T16:00:00Z,T2,0.0152,0.0,0.2436,2025-02-19T18:00:00Z,2025-02-19T06:00:00Z,22,0.0291,0.038
2025-02-20T23:00:00+06:00,2025-02-20T17:00:00Z,T1,0.0145,0.0,0.2429,2025-02-19T18:00:00Z,2025-02-19T06:00:00Z,23,0.0368,0.0363
2025-02-20T23:00:00+06:00,2025-02-20T17:00:00Z,T2,0.0142,0.0,0.2425,2025-02-19T18:00:00Z,2025-02-19T06:00:00Z,23,0.0362,0.0355
2025-02-21T00:00:00+06:00,2025-02-20T18:00:00Z,T1,0.0584,0.0,0.2867,2025-02-20T18:00:00Z,2025-02-20T06:00:00Z,0,0.0179,0.146
2025-02-21T00:00:00+06:00,2025-02-20T18:00:00Z,T2,0.0549,0.0,0.2832,2025-02-20T18:00:00Z,2025-02-20T06:00:00Z,0,0.0175,0.1372
2025-02-21T01:00:00+06:00,2025-02-20T19:00:00Z,T1,0.0454,0.0,0.2738,2025-02-20T18:00:00Z,2025-02-20T06:00:00Z,1,0.0183,0.1135
2025-02-21T01:00:00+06:00,2025-02-20T19:00:00Z,T2,0.0431,0.0,0.2715,2025-02-20T18:00:00Z,2025-02-20T06:00:00Z,1,0.0179,0.1078
2025-02-21T02:00:00+06:00,2025-02-20T20:00:00Z,T1,0.0321,0.0,0.2605,2025-02-20T18:00:00Z,2025-02-20T06:00:00Z,2,0.0188,0.0802
2025-02-21T02:00:00+06:00,2025-02-20T20:00:00Z,T2,0.0302,0.0,0.2586,2025-02-20T18:00:00Z,2025-02-20T06:00:00Z,2,0.0184,0.0755
2025-02-21T03:00:00+06:00,2025-02-20T21:00:00Z,T1,0.0266,0.0,0.255,2025-02-20T18:00:00Z,2025-02-20T06:00:00Z,3,0.0201,0.0665
2025-02-21T03:00:00+06:00,2025-02-20T21:00:00Z,T2,0.0248,0.0,0.2532,2025-02-20T18:00:00Z,2025-02-20T06:00:00Z,3,0.0197,0.062
2025-02-21T04:00:00+06:00,2025-02-20T22:00:00Z,T1,0.017,0.0,0.2454,2025-02-20T18:00:00Z,2025-02-20T06:00:00Z,4,0.0183,0.0425
2025-02-21T04:00:00+06:00,2025-02-20T22:00:00Z,T2,0.0166,0.0,0.245,2025-02-20T18:00:00Z,2025-02-20T06:00:00Z,4,0.0179,0.0415
2025-02-21T05:00:00+06:00,2025-02-20T23:00:00Z,T1,0.0175,0.0,0.2459,2025-02-20T18:00:00Z,2025-02-20T06:00:00Z,5,0.0179,0.0438
2025-02-21T05:00:00+06:00,2025-02-20T23:00:00Z,T2,0.0168,0.0,0.2452,2025-02-20T18:00:00Z,2025-02-20T06:00:00Z,5,0.0175,0.042
2025-02-21T06:00:00+06:00,2025-02-21T00:00:00Z,T1,0.0305,0.0,0.2589,2025-02-20T18:00:00Z,2025-02-20T06:00:00Z,6,0.0327,0.0762
2025-02-21T06:00:00+06:00,2025-02-21T00:00:00Z,T2,0.0281,0.0,0.2565,2025-02-20T18:00:00Z,2025-02-20T06:00:00Z,6,0.0314,0.0703
2025-02-21T07:00:00+06:00,2025-02-21T01:00:00Z,T1,0.0667,0.0,0.2951,2025-02-20T18:00:00Z,2025-02-20T06:00:00Z,7,0.0926,0.1667
2025-02-21T07:00:00+06:00,2025-02-21T01:00:00Z,T2,0.0643,0.0,0.2927,2025-02-20T18:00:00Z,2025-02-20T06:00:00Z,7,0.0901,0.1608
2025-02-21T08:00:00+06:00,2025-02-21T02:00:00Z,T1,0.1634,0.0,0.6774,2025-02-20T18:00:00Z,2025-02-20T06:00:00Z,8,0.1755,0.4085
2025-02-21T08:00:00+06:00,2025-02-21T02:00:00Z,T2,0.1597,0.0,0.6737,2025-02-20T18:00:00Z,2025-02-20T06:00:00Z,8,0.1715,0.3992
2025-02-21T09:00:00+06:00,2025-02-21T03:00:00Z,T1,0.2672,0.0039,0.7812,2025-02-20T18:00:00Z,2025-02-20T06:00:00Z,9,0.2844,0.668
2025-02-21T09:00:00+06:00,2025-02-21T03:00:00Z,T2,0.2619,0.0,0.7759,2025-02-20T18:00:00Z,2025-02-20T06:00:00Z,9,0.2768,0.6548
2025-02-21T10:00:00+06:00,2025-02-21T04:00:00Z,T1,0.2779,0.0146,0.7919,2025-02-20T18:00:00Z,2025-02-20T06:00:00Z,10,0.31,0.6948
2025-02-21T10:00:00+06:00,2025-02-21T04:00:00Z,T2,0.278,0.0147,0.792,2025-02-20T18:00:00Z,2025-02-20T06:00:00Z,10,0.3101,0.695
2025-02-21T11:00:00+06:00,2025-02-21T05:00:00Z,T1,0.3953,0.132,0.9093,2025-02-20T18:00:00Z,2025-02-20T06:00:00Z,11,0.4567,0.9882
2025-02-21T11:00:00+06:00,2025-02-21T05:00:00Z,T2,0.3992,0.1358,0.9132,2025-02-20T18:00:00Z,2025-02-20T06:00:00Z,11,0.4596,0.998
2025-02-21T12:00:00+06:00,2025-02-21T06:00:00Z,T1,0.5835,0.0858,0.8822,2025-02-20T18:00:00Z,2025-02-20T06:00:00Z,12,0.6207,1.4588
2025-02-21T12:00:00+06:00,2025-02-21T06:00:00Z,T2,0.5875,0.0898,0.8862,2025-02-20T18:00:00Z,2025-02-20T06:00:00Z,12,0.6258,1.4688
2025-02-21T13:00:00+06:00,2025-02-21T07:00:00Z,T1,0.667,0.1693,0.9656,2025-02-20T18:00:00Z,2025-02-20T06:00:00Z,13,0.7179,1.6675
2025-02-21T13:00:00+06:00,2025-02-21T07:00:00Z,T2,0.6696,0.1719,0.9682,2025-02-20T18:00:00Z,2025-02-20T06:00:00Z,13,0.7227,1.674
2025-02-21T14:00:00+06:00,2025-02-21T08:00:00Z,T1,0.6908,0.1932,0.9895,2025-02-20T18:00:00Z,2025-02-20T06:00:00Z,14,0.7208,1.727
2025-02-21T14:00:00+06:00,2025-02-21T08:00:00Z,T2,0.6932,0.1956,0.9919,2025-02-20T18:00:00Z,2025-02-20T06:00:00Z,14,0.7262,1.733
2025-02-21T15:00:00+06:00,2025-02-21T09:00:00Z,T1,0.6587,0.161,0.9573,2025-02-20T18:00:00Z,2025-02-20T06:00:00Z,15,0.657,1.6468
2025-02-21T15:00:00+06:00,2025-02-21T09:00:00Z,T2,0.6611,0.1634,0.9597,2025-02-20T18:00:00Z,2025-02-20T06:00:00Z,15,0.6624,1.6528
2025-02-21T16:00:00+06:00,2025-02-21T10:00:00Z,T1,0.5815,0.0838,0.8801,2025-02-20T18:00:00Z,2025-02-20T06:00:00Z,16,0.5874,1.4538
2025-02-21T16:00:00+06:00,2025-02-21T10:00:00Z,T2,0.5836,0.0859,0.8822,2025-02-20T18:00:00Z,2025-02-20T06:00:00Z,16,0.5891,1.459
2025-02-21T17:00:00+06:00,2025-02-21T11:00:00Z,T1,0.5051,0.0074,0.8037,2025-02-20T18:00:00Z,2025-02-20T06:00:00Z,17,0.5042,1.2628
2025-02-21T17:00:00+06:00,2025-02-21T11:00:00Z,T2,0.5075,0.0098,0.8062,2025-02-20T18:00:00Z,2025-02-20T06:00:00Z,17,0.5061,1.2687
2025-02-21T18:00:00+06:00,2025-02-21T12:00:00Z,T1,0.3712,0.1078,0.8852,2025-02-20T18:00:00Z,2025-02-20T06:00:00Z,18,0.4336,0.928
2025-02-21T18:00:00+06:00,2025-02-21T12:00:00Z,T2,0.3706,0.1072,0.8846,2025-02-20T18:00:00Z,2025-02-20T06:00:00Z,18,0.4316,0.9265
2025-02-21T19:00:00+06:00,2025-02-21T13:00:00Z,T1,0.2673,0.0039,0.7813,2025-02-20T18:00:00Z,2025-02-20T06:00:00Z,19,0.4079,0.6682
2025-02-21T19:00:00+06:00,2025-02-21T13:00:00Z,T2,0.2639,0.0005,0.7779,2025-02-20T18:00:00Z,2025-02-20T06:00:00Z,19,0.4046,0.6598
2025-02-21T20:00:00+06:00,2025-02-21T14:00:00Z,T1,0.2284,0.0,0.7424,2025-02-20T18:00:00Z,2025-02-20T06:00:00Z,20,0.3856,0.571
2025-02-21T20:00:00+06:00,2025-02-21T14:00:00Z,T2,0.2232,0.0,0.7372,2025-02-20T18:00:00Z,2025-02-20T06:00:00Z,20,0.3805,0.558
2025-02-21T21:00:00+06:00,2025-02-21T15:00:00Z,T1,0.2604,0.0,0.7744,2025-02-20T18:00:00Z,2025-02-20T06:00:00Z,21,0.4139,0.651
2025-02-21T21:00:00+06:00,2025-02-21T15:00:00Z,T2,0.2569,0.0,0.7709,2025-02-20T18:00:00Z,2025-02-20T06:00:00Z,21,0.4099,0.6422
2025-02-21T22:00:00+06:00,2025-02-21T16:00:00Z,T1,0.3315,0.0682,0.8455,2025-02-20T18:00:00Z,2025-02-20T06:00:00Z,22,0.5011,0.8288
2025-02-21T22:00:00+06:00,2025-02-21T16:00:00Z,T2,0.3271,0.0637,0.8411,2025-02-20T18:00:00Z,2025-02-20T06:00:00Z,22,0.4949,0.8178
2025-02-21T23:00:00+06:00,2025-02-21T17:00:00Z,T1,0.4025,0.1392,0.9165,2025-02-20T18:00:00Z,2025-02-20T06:00:00Z,23,0.5432,1.0062
2025-02-21T23:00:00+06:00,2025-02-21T17:00:00Z,T2,0.3986,0.1352,0.9126,2025-02-20T18:00:00Z,2025-02-20T06:00:00Z,23,0.5356,0.9965
2025-02-22T00:00:00+06:00,2025-02-21T18:00:00Z,T1,0.439,0.1757,0.953,2025-02-21T18:00:00Z,2025-02-21T06:00:00Z,0,0.4592,1.0975
2025-02-22T00:00:00+06:00,2025-02-21T18:00:00Z,T2,0.4328,0.1694,0.9468,2025-02-21T18:00:00Z,2025-02-21T06:00:00Z,0,0.455,1.082
2025-02-22T01:00:00+06:00,2025-02-21T19:00:00Z,T1,0.4501,0.1867,0.9641,2025-02-21T18:00:00Z,2025-02-21T06:00:00Z,1,0.5229,1.1252
2025-02-22T01:00:00+06:00,2025-02-21T19:00:00Z,T2,0.444,0.1807,0.958,2025-02-21T18:00:00Z,2025-02-21T06:00:00Z,1,0.5148,1.11
2025-02-22T02:00:00+06:00,2025-02-21T20:00:00Z,T1,0.5059,0.0083,0.8046,2025-02-21T18:00:00Z,2025-02-21T06:00:00Z,2,0.5884,1.2648
2025-02-22T02:00:00+06:00,2025-02-21T20:00:00Z,T2,0.4993,0.2359,1.0,2025-02-21T18:00:00Z,2025-02-21T06:00:00Z,2,0.5813,1.2482
2025-02-22T03:00:00+06:00,2025-02-21T21:00:00Z,T1,0.5582,0.0605,0.8568,2025-02-21T18:00:00Z,2025-02-21T06:00:00Z,3,0.6031,1.3955
2025-02-22T03:00:00+06:00,2025-02-21T21:00:00Z,T2,0.5515,0.0538,0.8501,2025-02-21T18:00:00Z,2025-02-21T06:00:00Z,3,0.5961,1.3788
2025-02-22T04:00:00+06:00,2025-02-21T22:00:00Z,T1,0.599,0.1013,0.8977,2025-02-21T18:00:00Z,2025-02-21T06:00:00Z,4,0.6315,1.4975
2025-02-22T04:00:00+06:00,2025-02-21T22:00:00Z,T2,0.5922,0.0945,0.8908,2025-02-21T18:00:00Z,2025-02-21T06:00:00Z,4,0.6246,1.4805
2025-02-22T05:00:00+06:00,2025-02-21T23:00:00Z,T1,0.6697,0.172,0.9684,2025-02-21T18:00:00Z,2025-02-21T06:00:00Z,5,0.7058,1.6742
2025-02-22T05:00:00+06:00,2025-02-21T23:00:00Z,T2,0.6643,0.1666,0.963,2025-02-21T18:00:00Z,2025-02-21T06:00:00Z,5,0.6988,1.6608
2025-02-22T06:00:00+06:00,2025-02-22T00:00:00Z,T1,0.7451,0.2474,1.0,2025-02-21T18:00:00Z,2025-02-21T06:00:00Z,6,0.7791,1.8628
2025-02-22T06:00:00+06:00,2025-02-22T00:00:00Z,T2,0.7362,0.2385,1.0,2025-02-21T18:00:00Z,2025-02-21T06:00:00Z,6,0.7752,1.8405
2025-02-22T07:00:00+06:00,2025-02-22T01:00:00Z,T1,0.7949,0.2972,1.0,2025-02-21T18:00:00Z,2025-02-21T06:00:00Z,7,0.8051,1.9873
2025-02-22T07:00:00+06:00,2025-02-22T01:00:00Z,T2,0.793,0.2953,1.0,2025-02-21T18:00:00Z,2025-02-21T06:00:00Z,7,0.8034,1.9825
2025-02-22T08:00:00+06:00,2025-02-22T02:00:00Z,T1,0.8052,0.3076,1.0,2025-02-21T18:00:00Z,2025-02-21T06:00:00Z,8,0.8295,2.013
2025-02-22T08:00:00+06:00,2025-02-22T02:00:00Z,T2,0.8033,0.3056,1.0,2025-02-21T18:00:00Z,2025-02-21T06:00:00Z,8,0.8276,2.0082
2025-02-22T09:00:00+06:00,2025-02-22T03:00:00Z,T1,0.7942,0.2965,1.0,2025-02-21T18:00:00Z,2025-02-21T06:00:00Z,9,0.813,1.9855
2025-02-22T09:00:00+06:00,2025-02-22T03:00:00Z,T2,0.7949,0.2973,1.0,2025-02-21T18:00:00Z,2025-02-21T06:00:00Z,9,0.8147,1.9873
2025-02-22T10:00:00+06:00,2025-02-22T04:00:00Z,T1,0.771,0.2733,1.0,2025-02-21T18:00:00Z,2025-02-21T06:00:00Z,10,0.7884,1.9275
2025-02-22T10:00:00+06:00,2025-02-22T04:00:00Z,T2,0.7724,0.2747,1.0,2025-02-21T18:00:00Z,2025-02-21T06:00:00Z,10,0.7895,1.931
2025-02-22T11:00:00+06:00,2025-02-22T05:00:00Z,T1,0.8382,0.3405,1.0,2025-02-21T18:00:00Z,2025-02-21T06:00:00Z,11,0.8647,2.0955
2025-02-22T11:00:00+06:00,2025-02-22T05:00:00Z,T2,0.8392,0.3416,1.0,2025-02-21T18:00:00Z,2025-02-21T06:00:00Z,11,0.8644,2.098
2025-02-22T12:00:00+06:00,2025-02-22T06:00:00Z,T1,0.9017,0.5432,0.9867,2025-02-21T18:00:00Z,2025-02-21T06:00:00Z,12,0.9261,2.2542
2025-02-22T12:00:00+06:00,2025-02-22T06:00:00Z,T2,0.9004,0.5419,0.9854,2025-02-21T18:00:00Z,2025-02-21T06:00:00Z,12,0.9245,2.251
2025-02-22T13:00:00+06:00,2025-02-22T07:00:00Z,T1,0.9091,0.5506,0.9941,2025-02-21T18:00:00Z,2025-02-21T06:00:00Z,13,0.9273,2.2728
2025-02-22T13:00:00+06:00,2025-02-22T07:00:00Z,T2,0.9077,0.5493,0.9927,2025-02-21T18:00:00Z,2025-02-21T06:00:00Z,13,0.9263,2.2692
2025-02-22T14:00:00+06:00,2025-02-22T08:00:00Z,T1,0.8694,0.5109,0.9544,2025-02-21T18:00:00Z,2025-02-21T06:00:00Z,14,0.8971,2.1735
2025-02-22T14:00:00+06:00,2025-02-22T08:00:00Z,T2,0.8687,0.5102,0.9537,2025-02-21T18:00:00Z,2025-02-21T06:00:00Z,14,0.8962,2.1718
2025-02-22T15:00:00+06:00,2025-02-22T09:00:00Z,T1,0.8082,0.3105,1.0,2025-02-21T18:00:00Z,2025-02-21T06:00:00Z,15,0.8468,2.0205
2025-02-22T15:00:00+06:00,2025-02-22T09:00:00Z,T2,0.8077,0.31,1.0,2025-02-21T18:00:00Z,2025-02-21T06:00:00Z,15,0.8453,2.0192
2025-02-22T16:00:00+06:00,2025-02-22T10:00:00Z,T1,0.6821,0.1844,0.9807,2025-02-21T18:00:00Z,2025-02-21T06:00:00Z,16,0.7675,1.7052
2025-02-22T16:00:00+06:00,2025-02-22T10:00:00Z,T2,0.6828,0.1851,0.9814,2025-02-21T18:00:00Z,2025-02-21T06:00:00Z,16,0.7696,1.707
2025-02-22T17:00:00+06:00,2025-02-22T11:00:00Z,T1,0.5762,0.0785,0.8748,2025-02-21T18:00:00Z,2025-02-21T06:00:00Z,17,0.6619,1.4405
2025-02-22T17:00:00+06:00,2025-02-22T11:00:00Z,T2,0.5766,0.0789,0.8752,2025-02-21T18:00:00Z,2025-02-21T06:00:00Z,17,0.6629,1.4415
2025-02-22T18:00:00+06:00,2025-02-22T12:00:00Z,T1,0.3882,0.1248,0.9022,2025-02-21T18:00:00Z,2025-02-21T06:00:00Z,18,0.5146,0.9705
2025-02-22T18:00:00+06:00,2025-02-22T12:00:00Z,T2,0.386,0.1227,0.9,2025-02-21T18:00:00Z,2025-02-21T06:00:00Z,18,0.5124,0.965
2025-02-22T19:00:00+06:00,2025-02-22T13:00:00Z,T1,0.2526,0.0,0.7665,2025-02-21T18:00:00Z,2025-02-21T06:00:00Z,19,0.3245,0.6315
2025-02-22T19:00:00+06:00,2025-02-22T13:00:00Z,T2,0.2481,0.0,0.7621,2025-02-21T18:00:00Z,2025-02-21T06:00:00Z,19,0.3201,0.6202
2025-02-22T20:00:00+06:00,2025-02-22T14:00:00Z,T1,0.1796,0.0,0.6936,2025-02-21T18:00:00Z,2025-02-21T06:00:00Z,20,0.2877,0.449
2025-02-22T20:00:00+06:00,2025-02-22T14:00:00Z,T2,0.1759,0.0,0.6899,2025-02-21T18:00:00Z,2025-02-21T06:00:00Z,20,0.2839,0.4398
2025-02-22T21:00:00+06:00,2025-02-22T15:00:00Z,T1,0.2323,0.0,0.7463,2025-02-21T18:00:00Z,2025-02-21T06:00:00Z,21,0.346,0.5808
2025-02-22T21:00:00+06:00,2025-02-22T15:00:00Z,T2,0.2287,0.0,0.7427,2025-02-21T18:00:00Z,2025-02-21T06:00:00Z,21,0.3414,0.5718
2025-02-22T22:00:00+06:00,2025-02-22T16:00:00Z,T1,0.2862,0.0229,0.8002,2025-02-21T18:00:00Z,2025-02-21T06:00:00Z,22,0.4446,0.7155
2025-02-22T22:00:00+06:00,2025-02-22T16:00:00Z,T2,0.2798,0.0164,0.7938,2025-02-21T18:00:00Z,2025-02-21T06:00:00Z,22,0.4388,0.6995
2025-02-22T23:00:00+06:00,2025-02-22T17:00:00Z,T1,0.3239,0.0606,0.8379,2025-02-21T18:00:00Z,2025-02-21T06:00:00Z,23,0.4908,0.8098
2025-02-22T23:00:00+06:00,2025-02-22T17:00:00Z,T2,0.3176,0.0543,0.8316,2025-02-21T18:00:00Z,2025-02-21T06:00:00Z,23,0.4857,0.794
2025-02-23T00:00:00+06:00,2025-02-22T18:00:00Z,T1,0.4038,0.1404,0.9178,2025-02-22T18:00:00Z,2025-02-22T06:00:00Z,0,0.3581,1.0095
2025-02-23T00:00:00+06:00,2025-02-22T18:00:00Z,T2,0.3975,0.1341,0.9115,2025-02-22T18:00:00Z,2025-02-22T06:00:00Z,0,0.3515,0.9938
2025-02-23T01:00:00+06:00,2025-02-22T19:00:00Z,T1,0.4205,0.1572,0.9345,2025-02-22T18:00:00Z,2025-02-22T06:00:00Z,1,0.4049,1.0512
2025-02-23T01:00:00+06:00,2025-02-22T19:00:00Z,T2,0.4152,0.1518,0.9292,2025-02-22T18:00:00Z,2025-02-22T06:00:00Z,1,0.399,1.038
2025-02-23T02:00:00+06:00,2025-02-22T20:00:00Z,T1,0.4918,0.2285,1.0,2025-02-22T18:00:00Z,2025-02-22T06:00:00Z,2,0.4915,1.2295
2025-02-23T02:00:00+06:00,2025-02-22T20:00:00Z,T2,0.4867,0.2233,1.0,2025-02-22T18:00:00Z,2025-02-22T06:00:00Z,2,0.4855,1.2168
2025-02-23T03:00:00+06:00,2025-02-22T21:00:00Z,T1,0.5538,0.0561,0.8525,2025-02-22T18:00:00Z,2025-02-22T06:00:00Z,3,0.5584,1.3845
2025-02-23T03:00:00+06:00,2025-02-22T21:00:00Z,T2,0.5486,0.0509,0.8473,2025-02-22T18:00:00Z,2025-02-22T06:00:00Z,3,0.553,1.3715
2025-02-23T04:00:00+06:00,2025-02-22T22:00:00Z,T1,0.6097,0.1121,0.9084,2025-02-22T18:00:00Z,2025-02-22T06:00:00Z,4,0.6207,1.5243
2025-02-23T04:00:00+06:00,2025-02-22T22:00:00Z,T2,0.6029,0.1052,0.9015,2025-02-22T18:00:00Z,2025-02-22T06:00:00Z,4,0.6167,1.5072
2025-02-23T05:00:00+06:00,2025-02-22T23:00:00Z,T1,0.6861,0.1884,0.9847,2025-02-22T18:00:00Z,2025-02-22T06:00:00Z,5,0.6889,1.7152
2025-02-23T05:00:00+06:00,2025-02-22T23:00:00Z,T2,0.6791,0.1814,0.9778,2025-02-22T18:00:00Z,2025-02-22T06:00:00Z,5,0.6853,1.6978
2025-02-23T06:00:00+06:00,2025-02-23T00:00:00Z,T1,0.7636,0.266,1.0,2025-02-22T18:00:00Z,2025-02-22T06:00:00Z,6,0.7577,1.909
2025-02-23T06:00:00+06:00,2025-02-23T00:00:00Z,T2,0.7594,0.2617,1.0,2025-02-22T18:00:00Z,2025-02-22T06:00:00Z,6,0.7538,1.8985
2025-02-23T07:00:00+06:00,2025-02-23T01:00:00Z,T1,0.8067,0.309,1.0,2025-02-22T18:00:00Z,2025-02-22T06:00:00Z,7,0.8079,2.0168
2025-02-23T07:00:00+06:00,2025-02-23T01:00:00Z,T2,0.803,0.3053,1.0,2025-02-22T18:00:00Z,2025-02-22T06:00:00Z,7,0.8042,2.0075
2025-02-23T08:00:00+06:00,2025-02-23T02:00:00Z,T1,0.8267,0.329,1.0,2025-02-22T18:00:00Z,2025-02-22T06:00:00Z,8,0.8388,2.0668
2025-02-23T08:00:00+06:00,2025-02-23T02:00:00Z,T2,0.8252,0.3275,1.0,2025-02-22T18:00:00Z,2025-02-22T06:00:00Z,8,0.8379,2.063
2025-02-23T09:00:00+06:00,2025-02-23T03:00:00Z,T1,0.8178,0.3201,1.0,2025-02-22T18:00:00Z,2025-02-22T06:00:00Z,9,0.8683,2.0445
2025-02-23T09:00:00+06:00,2025-02-23T03:00:00Z,T2,0.8186,0.3209,1.0,2025-02-22T18:00:00Z,2025-02-22T06:00:00Z,9,0.8678,2.0465
2025-02-23T10:00:00+06:00,2025-02-23T04:00:00Z,T1,0.8065,0.3088,1.0,2025-02-22T18:00:00Z,2025-02-22T06:00:00Z,10,0.8748,2.0162
2025-02-23T10:00:00+06:00,2025-02-23T04:00:00Z,T2,0.8086,0.3109,1.0,2025-02-22T18:00:00Z,2025-02-22T06:00:00Z,10,0.8749,2.0215
2025-02-23T11:00:00+06:00,2025-02-23T05:00:00Z,T1,0.829,0.3313,1.0,2025-02-22T18:00:00Z,2025-02-22T06:00:00Z,11,0.9102,2.0725
2025-02-23T11:00:00+06:00,2025-02-23T05:00:00Z,T2,0.8313,0.3336,1.0,2025-02-22T18:00:00Z,2025-02-22T06:00:00Z,11,0.9076,2.0782
2025-02-23T12:00:00+06:00,2025-02-23T06:00:00Z,T1,0.898,0.5396,0.983,2025-02-22T18:00:00Z,2025-02-22T06:00:00Z,12,0.9486,2.245
2025-02-23T12:00:00+06:00,2025-02-23T06:00:00Z,T2,0.8956,0.5371,0.9806,2025-02-22T18:00:00Z,2025-02-22T06:00:00Z,12,0.9473,2.239
2025-02-23T13:00:00+06:00,2025-02-23T07:00:00Z,T1,0.9354,0.5769,1.0,2025-02-22T18:00:00Z,2025-02-22T06:00:00Z,13,0.9519,2.3385
2025-02-23T13:00:00+06:00,2025-02-23T07:00:00Z,T2,0.9314,0.5729,1.0,2025-02-22T18:00:00Z,2025-02-22T06:00:00Z,13,0.9481,2.3285
2025-02-23T14:00:00+06:00,2025-02-23T08:00:00Z,T1,0.9401,0.5816,1.0,2025-02-22T18:00:00Z,2025-02-22T06:00:00Z,14,0.9456,2.3502
2025-02-23T14:00:00+06:00,2025-02-23T08:00:00Z,T2,0.9373,0.5788,1.0,2025-02-22T18:00:00Z,2025-02-22T06:00:00Z,14,0.942,2.3433
2025-02-23T15:00:00+06:00,2025-02-23T09:00:00Z,T1,0.9312,0.5727,1.0,2025-02-22T18:00:00Z,2025-02-22T06:00:00Z,15,0.9269,2.328
2025-02-23T15:00:00+06:00,2025-02-23T09:00:00Z,T2,0.9293,0.5709,1.0,2025-02-22T18:00:00Z,2025-02-22T06:00:00Z,15,0.9257,2.3232
2025-02-23T16:00:00+06:00,2025-02-23T10:00:00Z,T1,0.8896,0.5311,0.9746,2025-02-22T18:00:00Z,2025-02-22T06:00:00Z,16,0.8881,2.224
2025-02-23T16:00:00+06:00,2025-02-23T10:00:00Z,T2,0.8876,0.5291,0.9726,2025-02-22T18:00:00Z,2025-02-22T06:00:00Z,16,0.8865,2.219
2025-02-23T17:00:00+06:00,2025-02-23T11:00:00Z,T1,0.9005,0.5421,0.9855,2025-02-22T18:00:00Z,2025-02-22T06:00:00Z,17,0.8905,2.2512
2025-02-23T17:00:00+06:00,2025-02-23T11:00:00Z,T2,0.9003,0.5418,0.9853,2025-02-22T18:00:00Z,2025-02-22T06:00:00Z,17,0.8894,2.2508
2025-02-23T18:00:00+06:00,2025-02-23T12:00:00Z,T1,0.8938,0.5354,0.9788,2025-02-22T18:00:00Z,2025-02-22T06:00:00Z,18,0.8599,2.2345
2025-02-23T18:00:00+06:00,2025-02-23T12:00:00Z,T2,0.8921,0.5336,0.9771,2025-02-22T18:00:00Z,2025-02-22T06:00:00Z,18,0.8589,2.2302
2025-02-23T19:00:00+06:00,2025-02-23T13:00:00Z,T1,0.8355,0.3378,1.0,2025-02-22T18:00:00Z,2025-02-22T06:00:00Z,19,0.8112,2.0888
2025-02-23T19:00:00+06:00,2025-02-23T13:00:00Z,T2,0.8327,0.335,1.0,2025-02-22T18:00:00Z,2025-02-22T06:00:00Z,19,0.8127,2.0818
2025-02-23T20:00:00+06:00,2025-02-23T14:00:00Z,T1,0.7826,0.285,1.0,2025-02-22T18:00:00Z,2025-02-22T06:00:00Z,20,0.8019,1.9565
2025-02-23T20:00:00+06:00,2025-02-23T14:00:00Z,T2,0.7847,0.287,1.0,2025-02-22T18:00:00Z,2025-02-22T06:00:00Z,20,0.803,1.9618
2025-02-23T21:00:00+06:00,2025-02-23T15:00:00Z,T1,0.779,0.2813,1.0,2025-02-22T18:00:00Z,2025-02-22T06:00:00Z,21,0.8775,1.9475
2025-02-23T21:00:00+06:00,2025-02-23T15:00:00Z,T2,0.7787,0.2811,1.0,2025-02-22T18:00:00Z,2025-02-22T06:00:00Z,21,0.876,1.9467
2025-02-23T22:00:00+06:00,2025-02-23T16:00:00Z,T1,0.8526,0.4942,0.9376,2025-02-22T18:00:00Z,2025-02-22T06:00:00Z,22,0.9118,2.1315
2025-02-23T22:00:00+06:00,2025-02-23T16:00:00Z,T2,0.8509,0.4925,0.9359,2025-02-22T18:00:00Z,2025-02-22T06:00:00Z,22,0.9102,2.1272
2025-02-23T23:00:00+06:00,2025-02-23T17:00:00Z,T1,0.9057,0.5472,0.9907,2025-02-22T18:00:00Z,2025-02-22T06:00:00Z,23,0.855,2.2642
2025-02-23T23:00:00+06:00,2025-02-23T17:00:00Z,T2,0.9049,0.5464,0.9899,2025-02-22T18:00:00Z,2025-02-22T06:00:00Z,23,0.8551,2.2622
2025-02-24T00:00:00+06:00,2025-02-23T18:00:00Z,T1,0.9217,0.5632,1.0,2025-02-23T18:00:00Z,2025-02-23T06:00:00Z,0,0.9222,2.3042
2025-02-24T00:00:00+06:00,2025-02-23T18:00:00Z,T2,0.9188,0.5604,1.0,2025-02-23T18:00:00Z,2025-02-23T06:00:00Z,0,0.9189,2.297
2025-02-24T01:00:00+06:00,2025-02-23T19:00:00Z,T1,0.9383,0.5798,1.0,2025-02-23T18:00:00Z,2025-02-23T06:00:00Z,1,0.9305,2.3458
2025-02-24T01:00:00+06:00,2025-02-23T19:00:00Z,T2,0.935,0.5765,1.0,2025-02-23T18:00:00Z,2025-02-23T06:00:00Z,1,0.9268,2.3375
2025-02-24T02:00:00+06:00,2025-02-23T20:00:00Z,T1,0.9485,0.59,1.0,2025-02-23T18:00:00Z,2025-02-23T06:00:00Z,2,0.9424,2.3712
2025-02-24T02:00:00+06:00,2025-02-23T20:00:00Z,T2,0.9433,0.5848,1.0,2025-02-23T18:00:00Z,2025-02-23T06:00:00Z,2,0.9387,2.3582
2025-02-24T03:00:00+06:00,2025-02-23T21:00:00Z,T1,0.9551,0.5967,1.0,2025-02-23T18:00:00Z,2025-02-23T06:00:00Z,3,0.9567,2.3878
2025-02-24T03:00:00+06:00,2025-02-23T21:00:00Z,T2,0.95,0.5915,1.0,2025-02-23T18:00:00Z,2025-02-23T06:00:00Z,3,0.9508,2.375
2025-02-24T04:00:00+06:00,2025-02-23T22:00:00Z,T1,0.9597,0.6012,1.0,2025-02-23T18:00:00Z,2025-02-23T06:00:00Z,4,0.9715,2.3992
2025-02-24T04:00:00+06:00,2025-02-23T22:00:00Z,T2,0.9541,0.5957,1.0,2025-02-23T18:00:00Z,2025-02-23T06:00:00Z,4,0.9658,2.3852
2025-02-24T05:00:00+06:00,2025-02-23T23:00:00Z,T1,0.9664,0.6079,1.0,2025-02-23T18:00:00Z,2025-02-23T06:00:00Z,5,0.9624,2.416
2025-02-24T05:00:00+06:00,2025-02-23T23:00:00Z,T2,0.9609,0.6024,1.0,2025-02-23T18:00:00Z,2025-02-23T06:00:00Z,5,0.9565,2.4022
2025-02-24T06:00:00+06:00,2025-02-24T00:00:00Z,T1,0.9475,0.5891,1.0,2025-02-23T18:00:00Z,2025-02-23T06:00:00Z,6,0.9668,2.3688
2025-02-24T06:00:00+06:00,2025-02-24T00:00:00Z,T2,0.945,0.5865,1.0,2025-02-23T18:00:00Z,2025-02-23T06:00:00Z,6,0.9613,2.3625
2025-02-24T07:00:00+06:00,2025-02-24T01:00:00Z,T1,0.9223,0.5639,1.0,2025-02-23T18:00:00Z,2025-02-23T06:00:00Z,7,0.9593,2.3058
2025-02-24T07:00:00+06:00,2025-02-24T01:00:00Z,T2,0.9204,0.562,1.0,2025-02-23T18:00:00Z,2025-02-23T06:00:00Z,7,0.9547,2.301
2025-02-24T08:00:00+06:00,2025-02-24T02:00:00Z,T1,0.8787,0.5203,0.9637,2025-02-23T18:00:00Z,2025-02-23T06:00:00Z,8,0.9211,2.1968
2025-02-24T08:00:00+06:00,2025-02-24T02:00:00Z,T2,0.8775,0.519,0.9625,2025-02-23T18:00:00Z,2025-02-23T06:00:00Z,8,0.919,2.1937
2025-02-24T09:00:00+06:00,2025-02-24T03:00:00Z,T1,0.8248,0.3271,1.0,2025-02-23T18:00:00Z,2025-02-23T06:00:00Z,9,0.8324,2.062
2025-02-24T09:00:00+06:00,2025-02-24T03:00:00Z,T2,0.8305,0.3328,1.0,2025-02-23T18:00:00Z,2025-02-23T06:00:00Z,9,0.8369,2.0762
2025-02-24T10:00:00+06:00,2025-02-24T04:00:00Z,T1,0.8198,0.3221,1.0,2025-02-23T18:00:00Z,2025-02-23T06:00:00Z,10,0.7385,2.0495
2025-02-24T10:00:00+06:00,2025-02-24T04:00:00Z,T2,0.8246,0.3269,1.0,2025-02-23T18:00:00Z,2025-02-23T06:00:00Z,10,0.7436,2.0615
2025-02-24T11:00:00+06:00,2025-02-24T05:00:00Z,T1,0.7066,0.2089,1.0,2025-02-23T18:00:00Z,2025-02-23T06:00:00Z,11,0.6762,1.7665
2025-02-24T11:00:00+06:00,2025-02-24T05:00:00Z,T2,0.7132,0.2155,1.0,2025-02-23T18:00:00Z,2025-02-23T06:00:00Z,11,0.6844,1.783
2025-02-24T12:00:00+06:00,2025-02-24T06:00:00Z,T1,0.7589,0.2612,1.0,2025-02-23T18:00:00Z,2025-02-23T06:00:00Z,12,0.7444,1.8972
2025-02-24T12:00:00+06:00,2025-02-24T06:00:00Z,T2,0.7657,0.268,1.0,2025-02-23T18:00:00Z,2025-02-23T06:00:00Z,12,0.7509,1.9142
2025-02-24T13:00:00+06:00,2025-02-24T07:00:00Z,T1,0.8208,0.3231,1.0,2025-02-23T18:00:00Z,2025-02-23T06:00:00Z,13,0.7994,2.052
2025-02-24T13:00:00+06:00,2025-02-24T07:00:00Z,T2,0.8266,0.3289,1.0,2025-02-23T18:00:00Z,2025-02-23T06:00:00Z,13,0.8052,2.0665
2025-02-24T14:00:00+06:00,2025-02-24T08:00:00Z,T1,0.8196,0.3219,1.0,2025-02-23T18:00:00Z,2025-02-23T06:00:00Z,14,0.7503,2.049
2025-02-24T14:00:00+06:00,2025-02-24T08:00:00Z,T2,0.8248,0.3271,1.0,2025-02-23T18:00:00Z,2025-02-23T06:00:00Z,14,0.7579,2.062
2025-02-24T15:00:00+06:00,2025-02-24T09:00:00Z,T1,0.8032,0.3055,1.0,2025-02-23T18:00:00Z,2025-02-23T06:00:00Z,15,0.6896,2.008
2025-02-24T15:00:00+06:00,2025-02-24T09:00:00Z,T2,0.8083,0.3106,1.0,2025-02-23T18:00:00Z,2025-02-23T06:00:00Z,15,0.6945,2.0208
2025-02-24T16:00:00+06:00,2025-02-24T10:00:00Z,T1,0.6845,0.1868,0.9832,2025-02-23T18:00:00Z,2025-02-23T06:00:00Z,16,0.649,1.7112
2025-02-24T16:00:00+06:00,2025-02-24T10:00:00Z,T2,0.6892,0.1915,0.9878,2025-02-23T18:00:00Z,2025-02-23T06:00:00Z,16,0.6541,1.723
2025-02-24T17:00:00+06:00,2025-02-24T11:00:00Z,T1,0.6328,0.1351,0.9314,2025-02-23T18:00:00Z,2025-02-23T06:00:00Z,17,0.656,1.582
2025-02-24T17:00:00+06:00,2025-02-24T11:00:00Z,T2,0.6382,0.1405,0.9369,2025-02-23T18:00:00Z,2025-02-23T06:00:00Z,17,0.6616,1.5955
2025-02-24T18:00:00+06:00,2025-02-24T12:00:00Z,T1,0.5422,0.0445,0.8408,2025-02-23T18:00:00Z,2025-02-23T06:00:00Z,18,0.5896,1.3555
2025-02-24T18:00:00+06:00,2025-02-24T12:00:00Z,T2,0.544,0.0463,0.8426,2025-02-23T18:00:00Z,2025-02-23T06:00:00Z,18,0.5927,1.36
2025-02-24T19:00:00+06:00,2025-02-24T13:00:00Z,T1,0.5881,0.0904,0.8867,2025-02-23T18:00:00Z,2025-02-23T06:00:00Z,19,0.6633,1.4702
2025-02-24T19:00:00+06:00,2025-02-24T13:00:00Z,T2,0.5827,0.085,0.8813,2025-02-23T18:00:00Z,2025-02-23T06:00:00Z,19,0.6566,1.4568
2025-02-24T20:00:00+06:00,2025-02-24T14:00:00Z,T1,0.7273,0.2296,1.0,2025-02-23T18:00:00Z,2025-02-23T06:00:00Z,20,0.702,1.8182
2025-02-24T20:00:00+06:00,2025-02-24T14:00:00Z,T2,0.724,0.2263,1.0,2025-02-23T18:00:00Z,2025-02-23T06:00:00Z,20,0.6968,1.81
2025-02-24T21:00:00+06:00,2025-02-24T15:00:00Z,T1,0.8754,0.517,0.9604,2025-02-23T18:00:00Z,2025-02-23T06:00:00Z,21,0.7664,2.1885
2025-02-24T21:00:00+06:00,2025-02-24T15:00:00Z,T2,0.8754,0.5169,0.9604,2025-02-23T18:00:00Z,2025-02-23T06:00:00Z,21,0.7587,2.1885
2025-02-24T22:00:00+06:00,2025-02-24T16:00:00Z,T1,0.9292,0.5707,1.0,2025-02-23T18:00:00Z,2025-02-23T06:00:00Z,22,0.7926,2.323
2025-02-24T22:00:00+06:00,2025-02-24T16:00:00Z,T2,0.9277,0.5693,1.0,2025-02-23T18:00:00Z,2025-02-23T06:00:00Z,22,0.7951,2.3192
2025-02-24T23:00:00+06:00,2025-02-24T17:00:00Z,T1,0.9422,0.5837,1.0,2025-02-23T18:00:00Z,2025-02-23T06:00:00Z,23,0.7487,2.3555
2025-02-24T23:00:00+06:00,2025-02-24T17:00:00Z,T2,0.9383,0.5798,1.0,2025-02-23T18:00:00Z,2025-02-23T06:00:00Z,23,0.7527,2.3458
2025-02-25T00:00:00+06:00,2025-02-24T18:00:00Z,T1,0.8419,0.3442,1.0,2025-02-24T18:00:00Z,2025-02-24T06:00:00Z,0,0.932,2.1048
2025-02-25T00:00:00+06:00,2025-02-24T18:00:00Z,T2,0.8414,0.3437,1.0,2025-02-24T18:00:00Z,2025-02-24T06:00:00Z,0,0.9292,2.1035
2025-02-25T01:00:00+06:00,2025-02-24T19:00:00Z,T1,0.8279,0.3302,1.0,2025-02-24T18:00:00Z,2025-02-24T06:00:00Z,1,0.8923,2.0698
2025-02-25T01:00:00+06:00,2025-02-24T19:00:00Z,T2,0.827,0.3293,1.0,2025-02-24T18:00:00Z,2025-02-24T06:00:00Z,1,0.8943,2.0675
2025-02-25T02:00:00+06:00,2025-02-24T20:00:00Z,T1,0.7318,0.2342,1.0,2025-02-24T18:00:00Z,2025-02-24T06:00:00Z,2,0.7674,1.8295
2025-02-25T02:00:00+06:00,2025-02-24T20:00:00Z,T2,0.7335,0.2358,1.0,2025-02-24T18:00:00Z,2025-02-24T06:00:00Z,2,0.7695,1.8338
2025-02-25T03:00:00+06:00,2025-02-24T21:00:00Z,T1,0.5601,0.0624,0.8587,2025-02-24T18:00:00Z,2025-02-24T06:00:00Z,3,0.5741,1.4003
2025-02-25T03:00:00+06:00,2025-02-24T21:00:00Z,T2,0.5621,0.0644,0.8607,2025-02-24T18:00:00Z,2025-02-24T06:00:00Z,3,0.5768,1.4053
2025-02-25T04:00:00+06:00,2025-02-24T22:00:00Z,T1,0.4044,0.1411,0.9184,2025-02-24T18:00:00Z,2025-02-24T06:00:00Z,4,0.3025,1.011
2025-02-25T04:00:00+06:00,2025-02-24T22:00:00Z,T2,0.3992,0.1359,0.9132,2025-02-24T18:00:00Z,2025-02-24T06:00:00Z,4,0.2991,0.998
2025-02-25T05:00:00+06:00,2025-02-24T23:00:00Z,T1,0.236,0.0,0.75,2025-02-24T18:00:00Z,2025-02-24T06:00:00Z,5,0.2828,0.59
2025-02-25T05:00:00+06:00,2025-02-24T23:00:00Z,T2,0.2343,0.0,0.7483,2025-02-24T18:00:00Z,2025-02-24T06:00:00Z,5,0.2812,0.5858
2025-02-25T06:00:00+06:00,2025-02-25T00:00:00Z,T1,0.1053,0.023,0.3337,2025-02-24T18:00:00Z,2025-02-24T06:00:00Z,6,0.1374,0.2632
2025-02-25T06:00:00+06:00,2025-02-25T00:00:00Z,T2,0.1051,0.0228,0.3335,2025-02-24T18:00:00Z,2025-02-24T06:00:00Z,6,0.1351,0.2628
2025-02-25T07:00:00+06:00,2025-02-25T01:00:00Z,T1,0.0525,0.0,0.2809,2025-02-24T18:00:00Z,2025-02-24T06:00:00Z,7,0.0389,0.1312
2025-02-25T07:00:00+06:00,2025-02-25T01:00:00Z,T2,0.0517,0.0,0.2801,2025-02-24T18:00:00Z,2025-02-24T06:00:00Z,7,0.0372,0.1292
2025-02-25T08:00:00+06:00,2025-02-25T02:00:00Z,T1,0.0608,0.0,0.2892,2025-02-24T18:00:00Z,2025-02-24T06:00:00Z,8,0.0464,0.152
2025-02-25T08:00:00+06:00,2025-02-25T02:00:00Z,T2,0.0617,0.0,0.2901,2025-02-24T18:00:00Z,2025-02-24T06:00:00Z,8,0.0445,0.1542
2025-02-25T09:00:00+06:00,2025-02-25T03:00:00Z,T1,0.0675,0.0,0.2959,2025-02-24T18:00:00Z,2025-02-24T06:00:00Z,9,0.0559,0.1688
2025-02-25T09:00:00+06:00,2025-02-25T03:00:00Z,T2,0.0665,0.0,0.2949,2025-02-24T18:00:00Z,2025-02-24T06:00:00Z,9,0.0548,0.1662
2025-02-25T10:00:00+06:00,2025-02-25T04:00:00Z,T1,0.0564,0.0,0.2848,2025-02-24T18:00:00Z,2025-02-24T06:00:00Z,10,0.0667,0.141
2025-02-25T10:00:00+06:00,2025-02-25T04:00:00Z,T2,0.0561,0.0,0.2845,2025-02-24T18:00:00Z,2025-02-24T06:00:00Z,10,0.0652,0.1402
2025-02-25T11:00:00+06:00,2025-02-25T05:00:00Z,T1,0.0766,0.0,0.305,2025-02-24T18:00:00Z,2025-02-24T06:00:00Z,11,0.0523,0.1915
2025-02-25T11:00:00+06:00,2025-02-25T05:00:00Z,T2,0.0762,0.0,0.3046,2025-02-24T18:00:00Z,2025-02-24T06:00:00Z,11,0.0521,0.1905
2025-02-25T12:00:00+06:00,2025-02-25T06:00:00Z,T1,0.1334,0.0511,0.3618,2025-02-24T18:00:00Z,2025-02-24T06:00:00Z,12,0.1007,0.3335
2025-02-25T12:00:00+06:00,2025-02-25T06:00:00Z,T2,0.1372,0.055,0.3656,2025-02-24T18:00:00Z,2025-02-24T06:00:00Z,12,0.1004,0.343
2025-02-25T13:00:00+06:00,2025-02-25T07:00:00Z,T1,0.3926,0.1293,0.9066,2025-02-24T18:00:00Z,2025-02-24T06:00:00Z,13,0.3558,0.9815
2025-02-25T13:00:00+06:00,2025-02-25T07:00:00Z,T2,0.4009,0.1375,0.9149,2025-02-24T18:00:00Z,2025-02-24T06:00:00Z,13,0.3649,1.0022
2025-02-25T14:00:00+06:00,2025-02-25T08:00:00Z,T1,0.7832,0.2855,1.0,2025-02-24T18:00:00Z,2025-02-24T06:00:00Z,14,0.6294,1.958
2025-02-25T14:00:00+06:00,2025-02-25T08:00:00Z,T2,0.7857,0.288,1.0,2025-02-24T18:00:00Z,2025-02-24T06:00:00Z,14,0.6357,1.9642
2025-02-25T15:00:00+06:00,2025-02-25T09:00:00Z,T1,0.9052,0.5467,0.9902,2025-02-24T18:00:00Z,2025-02-24T06:00:00Z,15,0.8214,2.263
2025-02-25T15:00:00+06:00,2025-02-25T09:00:00Z,T2,0.9059,0.5474,0.9909,2025-02-24T18:00:00Z,2025-02-24T06:00:00Z,15,0.825,2.2648
2025-02-25T16:00:00+06:00,2025-02-25T10:00:00Z,T1,0.9021,0.5436,0.9871,2025-02-24T18:00:00Z,2025-02-24T06:00:00Z,16,0.8333,2.2553
2025-02-25T16:00:00+06:00,2025-02-25T10:00:00Z,T2,0.9051,0.5467,0.9902,2025-02-24T18:00:00Z,2025-02-24T06:00:00Z,16,0.8371,2.2628
2025-02-25T17:00:00+06:00,2025-02-25T11:00:00Z,T1,0.8388,0.3412,1.0,2025-02-24T18:00:00Z,2025-02-24T06:00:00Z,17,0.7886,2.097
2025-02-25T17:00:00+06:00,2025-02-25T11:00:00Z,T2,0.8398,0.3421,1.0,2025-02-24T18:00:00Z,2025-02-24T06:00:00Z,17,0.7926,2.0995
2025-02-25T18:00:00+06:00,2025-02-25T12:00:00Z,T1,0.7293,0.2316,1.0,2025-02-24T18:00:00Z,2025-02-24T06:00:00Z,18,0.6804,1.8232
2025-02-25T18:00:00+06:00,2025-02-25T12:00:00Z,T2,0.7355,0.2378,1.0,2025-02-24T18:00:00Z,2025-02-24T06:00:00Z,18,0.687,1.8388
2025-02-25T19:00:00+06:00,2025-02-25T13:00:00Z,T1,0.5825,0.0848,0.8811,2025-02-24T18:00:00Z,2025-02-24T06:00:00Z,19,0.4063,1.4562
2025-02-25T19:00:00+06:00,2025-02-25T13:00:00Z,T2,0.5864,0.0887,0.885,2025-02-24T18:00:00Z,2025-02-24T06:00:00Z,19,0.4067,1.466
2025-02-25T20:00:00+06:00,2025-02-25T14:00:00Z,T1,0.222,0.0,0.736,2025-02-24T18:00:00Z,2025-02-24T06:00:00Z,20,0.1582,0.555
2025-02-25T20:00:00+06:00,2025-02-25T14:00:00Z,T2,0.2203,0.0,0.7343,2025-02-24T18:00:00Z,2025-02-24T06:00:00Z,20,0.1571,0.5508
2025-02-25T21:00:00+06:00,2025-02-25T15:00:00Z,T1,0.1523,0.0,0.6663,2025-02-24T18:00:00Z,2025-02-24T06:00:00Z,21,0.2452,0.3808
2025-02-25T21:00:00+06:00,2025-02-25T15:00:00Z,T2,0.1515,0.0,0.6655,2025-02-24T18:00:00Z,2025-02-24T06:00:00Z,21,0.2448,0.3787
2025-02-25T22:00:00+06:00,2025-02-25T16:00:00Z,T1,0.1241,0.0418,0.3525,2025-02-24T18:00:00Z,2025-02-24T06:00:00Z,22,0.2192,0.3103
2025-02-25T22:00:00+06:00,2025-02-25T16:00:00Z,T2,0.1258,0.0435,0.3542,2025-02-24T18:00:00Z,2025-02-24T06:00:00Z,22,0.2182,0.3145
2025-02-25T23:00:00+06:00,2025-02-25T17:00:00Z,T1,0.0687,0.0,0.2971,2025-02-24T18:00:00Z,2025-02-24T06:00:00Z,23,0.1746,0.1717
2025-02-25T23:00:00+06:00,2025-02-25T17:00:00Z,T2,0.0679,0.0,0.2963,2025-02-24T18:00:00Z,2025-02-24T06:00:00Z,23,0.1736,0.1698
2025-02-26T00:00:00+06:00,2025-02-25T18:00:00Z,T1,0.2281,0.0,0.7421,2025-02-25T18:00:00Z,2025-02-25T06:00:00Z,0,0.0334,0.5702
2025-02-26T00:00:00+06:00,2025-02-25T18:00:00Z,T2,0.2268,0.0,0.7408,2025-02-25T18:00:00Z,2025-02-25T06:00:00Z,0,0.0329,0.567
2025-02-26T01:00:00+06:00,2025-02-25T19:00:00Z,T1,0.172,0.0,0.686,2025-02-25T18:00:00Z,2025-02-25T06:00:00Z,1,0.0229,0.43
2025-02-26T01:00:00+06:00,2025-02-25T19:00:00Z,T2,0.1705,0.0,0.6845,2025-02-25T18:00:00Z,2025-02-25T06:00:00Z,1,0.0224,0.4262
2025-02-26T02:00:00+06:00,2025-02-25T20:00:00Z,T1,0.1573,0.0,0.6713,2025-02-25T18:00:00Z,2025-02-25T06:00:00Z,2,0.0281,0.3932
2025-02-26T02:00:00+06:00,2025-02-25T20:00:00Z,T2,0.1568,0.0,0.6708,2025-02-25T18:00:00Z,2025-02-25T06:00:00Z,2,0.0271,0.392
2025-02-26T03:00:00+06:00,2025-02-25T21:00:00Z,T1,0.2079,0.0,0.7219,2025-02-25T18:00:00Z,2025-02-25T06:00:00Z,3,0.0511,0.5198
2025-02-26T03:00:00+06:00,2025-02-25T21:00:00Z,T2,0.2092,0.0,0.7232,2025-02-25T18:00:00Z,2025-02-25T06:00:00Z,3,0.0522,0.523
2025-02-26T04:00:00+06:00,2025-02-25T22:00:00Z,T1,0.2474,0.0,0.7614,2025-02-25T18:00:00Z,2025-02-25T06:00:00Z,4,0.0714,0.6185
2025-02-26T04:00:00+06:00,2025-02-25T22:00:00Z,T2,0.2487,0.0,0.7627,2025-02-25T18:00:00Z,2025-02-25T06:00:00Z,4,0.0714,0.6218
2025-02-26T05:00:00+06:00,2025-02-25T23:00:00Z,T1,0.2035,0.0,0.7175,2025-02-25T18:00:00Z,2025-02-25T06:00:00Z,5,0.0795,0.5087
2025-02-26T05:00:00+06:00,2025-02-25T23:00:00Z,T2,0.2038,0.0,0.7178,2025-02-25T18:00:00Z,2025-02-25T06:00:00Z,5,0.0795,0.5095
2025-02-26T06:00:00+06:00,2025-02-26T00:00:00Z,T1,0.2218,0.0,0.7358,2025-02-25T18:00:00Z,2025-02-25T06:00:00Z,6,0.1178,0.5545
2025-02-26T06:00:00+06:00,2025-02-26T00:00:00Z,T2,0.2218,0.0,0.7357,2025-02-25T18:00:00Z,2025-02-25T06:00:00Z,6,0.1198,0.5545
2025-02-26T07:00:00+06:00,2025-02-26T01:00:00Z,T1,0.6919,0.1943,0.9906,2025-02-25T18:00:00Z,2025-02-25T06:00:00Z,7,0.785,1.7298
2025-02-26T07:00:00+06:00,2025-02-26T01:00:00Z,T2,0.6966,0.1989,0.9952,2025-02-25T18:00:00Z,2025-02-25T06:00:00Z,7,0.7875,1.7415
2025-02-26T08:00:00+06:00,2025-02-26T02:00:00Z,T1,0.8663,0.5078,0.9513,2025-02-25T18:00:00Z,2025-02-25T06:00:00Z,8,0.8702,2.1658
2025-02-26T08:00:00+06:00,2025-02-26T02:00:00Z,T2,0.8632,0.5047,0.9482,2025-02-25T18:00:00Z,2025-02-25T06:00:00Z,8,0.8701,2.158
2025-02-26T09:00:00+06:00,2025-02-26T03:00:00Z,T1,0.972,0.6136,1.0,2025-02-25T18:00:00Z,2025-02-25T06:00:00Z,9,0.8755,2.43
2025-02-26T09:00:00+06:00,2025-02-26T03:00:00Z,T2,0.9657,0.6072,1.0,2025-02-25T18:00:00Z,2025-02-25T06:00:00Z,9,0.8733,2.4142
2025-02-26T10:00:00+06:00,2025-02-26T04:00:00Z,T1,0.9755,0.617,1.0,2025-02-25T18:00:00Z,2025-02-25T06:00:00Z,10,0.8326,2.4388
2025-02-26T10:00:00+06:00,2025-02-26T04:00:00Z,T2,0.9694,0.611,1.0,2025-02-25T18:00:00Z,2025-02-25T06:00:00Z,10,0.8272,2.4235
2025-02-26T11:00:00+06:00,2025-02-26T05:00:00Z,T1,0.9714,0.6129,1.0,2025-02-25T18:00:00Z,2025-02-25T06:00:00Z,11,0.9569,2.4285
2025-02-26T11:00:00+06:00,2025-02-26T05:00:00Z,T2,0.9653,0.6068,1.0,2025-02-25T18:00:00Z,2025-02-25T06:00:00Z,11,0.95,2.4132
2025-02-26T12:00:00+06:00,2025-02-26T06:00:00Z,T1,0.9596,0.6012,1.0,2025-02-25T18:00:00Z,2025-02-25T06:00:00Z,12,0.966,2.399
2025-02-26T12:00:00+06:00,2025-02-26T06:00:00Z,T2,0.9544,0.5959,1.0,2025-02-25T18:00:00Z,2025-02-25T06:00:00Z,12,0.9598,2.386
2025-02-26T13:00:00+06:00,2025-02-26T07:00:00Z,T1,0.9659,0.6074,1.0,2025-02-25T18:00:00Z,2025-02-25T06:00:00Z,13,0.9785,2.4147
2025-02-26T13:00:00+06:00,2025-02-26T07:00:00Z,T2,0.9591,0.6007,1.0,2025-02-25T18:00:00Z,2025-02-25T06:00:00Z,13,0.9711,2.3978
2025-02-26T14:00:00+06:00,2025-02-26T08:00:00Z,T1,0.9836,0.6251,1.0,2025-02-25T18:00:00Z,2025-02-25T06:00:00Z,14,0.9738,2.459
2025-02-26T14:00:00+06:00,2025-02-26T08:00:00Z,T2,0.9767,0.6182,1.0,2025-02-25T18:00:00Z,2025-02-25T06:00:00Z,14,0.9664,2.4418
2025-02-26T15:00:00+06:00,2025-02-26T09:00:00Z,T1,0.9886,0.6301,1.0,2025-02-25T18:00:00Z,2025-02-25T06:00:00Z,15,0.9833,2.4715
2025-02-26T15:00:00+06:00,2025-02-26T09:00:00Z,T2,0.9819,0.6234,1.0,2025-02-25T18:00:00Z,2025-02-25T06:00:00Z,15,0.9773,2.4547
2025-02-26T16:00:00+06:00,2025-02-26T10:00:00Z,T1,0.9812,0.6227,1.0,2025-02-25T18:00:00Z,2025-02-25T06:00:00Z,16,0.9862,2.453
2025-02-26T16:00:00+06:00,2025-02-26T10:00:00Z,T2,0.9745,0.616,1.0,2025-02-25T18:00:00Z,2025-02-25T06:00:00Z,16,0.9795,2.4363
2025-02-26T17:00:00+06:00,2025-02-26T11:00:00Z,T1,0.9862,0.6278,1.0,2025-02-25T18:00:00Z,2025-02-25T06:00:00Z,17,0.9803,2.4655
2025-02-26T17:00:00+06:00,2025-02-26T11:00:00Z,T2,0.9797,0.6213,1.0,2025-02-25T18:00:00Z,2025-02-25T06:00:00Z,17,0.9738,2.4492
2025-02-26T18:00:00+06:00,2025-02-26T12:00:00Z,T1,0.9855,0.627,1.0,2025-02-25T18:00:00Z,2025-02-25T06:00:00Z,18,0.9849,2.4638
2025-02-26T18:00:00+06:00,2025-02-26T12:00:00Z,T2,0.9791,0.6207,1.0,2025-02-25T18:00:00Z,2025-02-25T06:00:00Z,18,0.9782,2.4478
2025-02-26T19:00:00+06:00,2025-02-26T13:00:00Z,T1,0.9831,0.6246,1.0,2025-02-25T18:00:00Z,2025-02-25T06:00:00Z,19,0.9847,2.4578
2025-02-26T19:00:00+06:00,2025-02-26T13:00:00Z,T2,0.9768,0.6184,1.0,2025-02-25T18:00:00Z,2025-02-25T06:00:00Z,19,0.9786,2.442
2025-02-26T20:00:00+06:00,2025-02-26T14:00:00Z,T1,0.9848,0.6263,1.0,2025-02-25T18:00:00Z,2025-02-25T06:00:00Z,20,0.9855,2.462
2025-02-26T20:00:00+06:00,2025-02-26T14:00:00Z,T2,0.9787,0.6202,1.0,2025-02-25T18:00:00Z,2025-02-25T06:00:00Z,20,0.9793,2.4468
2025-02-26T21:00:00+06:00,2025-02-26T15:00:00Z,T1,0.9778,0.6193,1.0,2025-02-25T18:00:00Z,2025-02-25T06:00:00Z,21,0.9772,2.4445
2025-02-26T21:00:00+06:00,2025-02-26T15:00:00Z,T2,0.9718,0.6134,1.0,2025-02-25T18:00:00Z,2025-02-25T06:00:00Z,21,0.971,2.4295
2025-02-26T22:00:00+06:00,2025-02-26T16:00:00Z,T1,0.9663,0.6079,1.0,2025-02-25T18:00:00Z,2025-02-25T06:00:00Z,22,0.9718,2.4158
2025-02-26T22:00:00+06:00,2025-02-26T16:00:00Z,T2,0.962,0.6035,1.0,2025-02-25T18:00:00Z,2025-02-25T06:00:00Z,22,0.9672,2.405
2025-02-26T23:00:00+06:00,2025-02-26T17:00:00Z,T1,0.9592,0.6007,1.0,2025-02-25T18:00:00Z,2025-02-25T06:00:00Z,23,0.9358,2.398
2025-02-26T23:00:00+06:00,2025-02-26T17:00:00Z,T2,0.9577,0.5992,1.0,2025-02-25T18:00:00Z,2025-02-25T06:00:00Z,23,0.9325,2.3942
2025-02-27T00:00:00+06:00,2025-02-26T18:00:00Z,T1,0.7733,0.2756,1.0,2025-02-26T18:00:00Z,2025-02-26T06:00:00Z,0,0.9004,1.9332
2025-02-27T00:00:00+06:00,2025-02-26T18:00:00Z,T2,0.7733,0.2756,1.0,2025-02-26T18:00:00Z,2025-02-26T06:00:00Z,0,0.9,1.9332
2025-02-27T01:00:00+06:00,2025-02-26T19:00:00Z,T1,0.5651,0.0674,0.8637,2025-02-26T18:00:00Z,2025-02-26T06:00:00Z,1,0.8565,1.4128
2025-02-27T01:00:00+06:00,2025-02-26T19:00:00Z,T2,0.565,0.0673,0.8636,2025-02-26T18:00:00Z,2025-02-26T06:00:00Z,1,0.8572,1.4125
2025-02-27T02:00:00+06:00,2025-02-26T20:00:00Z,T1,0.2709,0.0076,0.7849,2025-02-26T18:00:00Z,2025-02-26T06:00:00Z,2,0.788,0.6772
2025-02-27T02:00:00+06:00,2025-02-26T20:00:00Z,T2,0.2719,0.0085,0.7859,2025-02-26T18:00:00Z,2025-02-26T06:00:00Z,2,0.7883,0.6798
2025-02-27T03:00:00+06:00,2025-02-26T21:00:00Z,T1,0.1101,0.0278,0.3385,2025-02-26T18:00:00Z,2025-02-26T06:00:00Z,3,0.6189,0.2752
2025-02-27T03:00:00+06:00,2025-02-26T21:00:00Z,T2,0.1089,0.0266,0.3373,2025-02-26T18:00:00Z,2025-02-26T06:00:00Z,3,0.6191,0.2722
2025-02-27T04:00:00+06:00,2025-02-26T22:00:00Z,T1,0.0342,0.0,0.2626,2025-02-26T18:00:00Z,2025-02-26T06:00:00Z,4,0.3118,0.0855
2025-02-27T04:00:00+06:00,2025-02-26T22:00:00Z,T2,0.0333,0.0,0.2617,2025-02-26T18:00:00Z,2025-02-26T06:00:00Z,4,0.3091,0.0832
2025-02-27T05:00:00+06:00,2025-02-26T23:00:00Z,T1,0.0191,0.0,0.2475,2025-02-26T18:00:00Z,2025-02-26T06:00:00Z,5,0.1435,0.0478
2025-02-27T05:00:00+06:00,2025-02-26T23:00:00Z,T2,0.0185,0.0,0.2469,2025-02-26T18:00:00Z,2025-02-26T06:00:00Z,5,0.1423,0.0462
2025-02-27T06:00:00+06:00,2025-02-27T00:00:00Z,T1,0.0334,0.0,0.2618,2025-02-26T18:00:00Z,2025-02-26T06:00:00Z,6,0.0462,0.0835
2025-02-27T06:00:00+06:00,2025-02-27T00:00:00Z,T2,0.031,0.0,0.2594,2025-02-26T18:00:00Z,2025-02-26T06:00:00Z,6,0.0452,0.0775
2025-02-27T07:00:00+06:00,2025-02-27T01:00:00Z,T1,0.0624,0.0,0.2907,2025-02-26T18:00:00Z,2025-02-26T06:00:00Z,7,0.0095,0.156
2025-02-27T07:00:00+06:00,2025-02-27T01:00:00Z,T2,0.0598,0.0,0.2882,2025-02-26T18:00:00Z,2025-02-26T06:00:00Z,7,0.009,0.1495
2025-02-27T08:00:00+06:00,2025-02-27T02:00:00Z,T1,0.0958,0.0135,0.3242,2025-02-26T18:00:00Z,2025-02-26T06:00:00Z,8,0.0206,0.2395
2025-02-27T08:00:00+06:00,2025-02-27T02:00:00Z,T2,0.0932,0.0109,0.3215,2025-02-26T18:00:00Z,2025-02-26T06:00:00Z,8,0.0201,0.233
2025-02-27T09:00:00+06:00,2025-02-27T03:00:00Z,T1,0.107,0.0248,0.3354,2025-02-26T18:00:00Z,2025-02-26T06:00:00Z,9,0.0318,0.2675
2025-02-27T09:00:00+06:00,2025-02-27T03:00:00Z,T2,0.1044,0.0222,0.3328,2025-02-26T18:00:00Z,2025-02-26T06:00:00Z,9,0.0308,0.261
2025-02-27T10:00:00+06:00,2025-02-27T04:00:00Z,T1,0.1659,0.0,0.6799,2025-02-26T18:00:00Z,2025-02-26T06:00:00Z,10,0.0684,0.4147
2025-02-27T10:00:00+06:00,2025-02-27T04:00:00Z,T2,0.1673,0.0,0.6813,2025-02-26T18:00:00Z,2025-02-26T06:00:00Z,10,0.0678,0.4182
2025-02-27T11:00:00+06:00,2025-02-27T05:00:00Z,T1,0.3315,0.0682,0.8455,2025-02-26T18:00:00Z,2025-02-26T06:00:00Z,11,0.0972,0.8288
2025-02-27T11:00:00+06:00,2025-02-27T05:00:00Z,T2,0.3325,0.0691,0.8465,2025-02-26T18:00:00Z,2025-02-26T06:00:00Z,11,0.0982,0.8312
2025-02-27T12:00:00+06:00,2025-02-27T06:00:00Z,T1,0.4062,0.1428,0.9202,2025-02-26T18:00:00Z,2025-02-26T06:00:00Z,12,0.1815,1.0155
2025-02-27T12:00:00+06:00,2025-02-27T06:00:00Z,T2,0.4095,0.1462,0.9235,2025-02-26T18:00:00Z,2025-02-26T06:00:00Z,12,0.1827,1.0238
2025-02-27T13:00:00+06:00,2025-02-27T07:00:00Z,T1,0.4049,0.1416,0.9189,2025-02-26T18:00:00Z,2025-02-26T06:00:00Z,13,0.2288,1.0122
2025-02-27T13:00:00+06:00,2025-02-27T07:00:00Z,T2,0.4069,0.1436,0.9209,2025-02-26T18:00:00Z,2025-02-26T06:00:00Z,13,0.2282,1.0172
2025-02-27T14:00:00+06:00,2025-02-27T08:00:00Z,T1,0.2971,0.0338,0.8111,2025-02-26T18:00:00Z,2025-02-26T06:00:00Z,14,0.1827,0.7427
2025-02-27T14:00:00+06:00,2025-02-27T08:00:00Z,T2,0.2979,0.0346,0.8119,2025-02-26T18:00:00Z,2025-02-26T06:00:00Z,14,0.1811,0.7448
2025-02-27T15:00:00+06:00,2025-02-27T09:00:00Z,T1,0.1746,0.0,0.6886,2025-02-26T18:00:00Z,2025-02-26T06:00:00Z,15,0.0933,0.4365
2025-02-27T15:00:00+06:00,2025-02-27T09:00:00Z,T2,0.18,0.0,0.694,2025-02-26T18:00:00Z,2025-02-26T06:00:00Z,15,0.0922,0.45
2025-02-27T16:00:00+06:00,2025-02-27T10:00:00Z,T1,0.0934,0.0111,0.3218,2025-02-26T18:00:00Z,2025-02-26T06:00:00Z,16,0.0641,0.2335
2025-02-27T16:00:00+06:00,2025-02-27T10:00:00Z,T2,0.0961,0.0138,0.3245,2025-02-26T18:00:00Z,2025-02-26T06:00:00Z,16,0.0636,0.2402
2025-02-27T17:00:00+06:00,2025-02-27T11:00:00Z,T1,0.0574,0.0,0.2858,2025-02-26T18:00:00Z,2025-02-26T06:00:00Z,17,0.0677,0.1435
2025-02-27T17:00:00+06:00,2025-02-27T11:00:00Z,T2,0.0593,0.0,0.2877,2025-02-26T18:00:00Z,2025-02-26T06:00:00Z,17,0.0671,0.1482
2025-02-27T18:00:00+06:00,2025-02-27T12:00:00Z,T1,0.0591,0.0,0.2875,2025-02-26T18:00:00Z,2025-02-26T06:00:00Z,18,0.0813,0.1478
2025-02-27T18:00:00+06:00,2025-02-27T12:00:00Z,T2,0.0568,0.0,0.2852,2025-02-26T18:00:00Z,2025-02-26T06:00:00Z,18,0.0789,0.142
2025-02-27T19:00:00+06:00,2025-02-27T13:00:00Z,T1,0.033,0.0,0.2614,2025-02-26T18:00:00Z,2025-02-26T06:00:00Z,19,0.0575,0.0825
2025-02-27T19:00:00+06:00,2025-02-27T13:00:00Z,T2,0.0326,0.0,0.261,2025-02-26T18:00:00Z,2025-02-26T06:00:00Z,19,0.0566,0.0815
2025-02-27T20:00:00+06:00,2025-02-27T14:00:00Z,T1,0.2458,0.0,0.7598,2025-02-26T18:00:00Z,2025-02-26T06:00:00Z,20,0.1496,0.6145
2025-02-27T20:00:00+06:00,2025-02-27T14:00:00Z,T2,0.2457,0.0,0.7597,2025-02-26T18:00:00Z,2025-02-26T06:00:00Z,20,0.1494,0.6142
2025-02-27T21:00:00+06:00,2025-02-27T15:00:00Z,T1,0.3097,0.0464,0.8237,2025-02-26T18:00:00Z,2025-02-26T06:00:00Z,21,0.2043,0.7742
2025-02-27T21:00:00+06:00,2025-02-27T15:00:00Z,T2,0.3091,0.0458,0.8231,2025-02-26T18:00:00Z,2025-02-26T06:00:00Z,21,0.2041,0.7727
2025-02-27T22:00:00+06:00,2025-02-27T16:00:00Z,T1,0.3209,0.0575,0.8349,2025-02-26T18:00:00Z,2025-02-26T06:00:00Z,22,0.2033,0.8022
2025-02-27T22:00:00+06:00,2025-02-27T16:00:00Z,T2,0.3182,0.0549,0.8322,2025-02-26T18:00:00Z,2025-02-26T06:00:00Z,22,0.2029,0.7955
2025-02-27T23:00:00+06:00,2025-02-27T17:00:00Z,T1,0.2218,0.0,0.7358,2025-02-26T18:00:00Z,2025-02-26T06:00:00Z,23,0.214,0.5545
2025-02-27T23:00:00+06:00,2025-02-27T17:00:00Z,T2,0.2202,0.0,0.7342,2025-02-26T18:00:00Z,2025-02-26T06:00:00Z,23,0.2139,0.5505
2025-02-28T00:00:00+06:00,2025-02-27T18:00:00Z,T1,0.179,0.0,0.693,2025-02-27T18:00:00Z,2025-02-27T06:00:00Z,0,0.1232,0.4475
2025-02-28T00:00:00+06:00,2025-02-27T18:00:00Z,T2,0.1787,0.0,0.6927,2025-02-27T18:00:00Z,2025-02-27T06:00:00Z,0,0.1239,0.4468
2025-02-28T01:00:00+06:00,2025-02-27T19:00:00Z,T1,0.1325,0.0503,0.3609,2025-02-27T18:00:00Z,2025-02-27T06:00:00Z,1,0.1099,0.3313
2025-02-28T01:00:00+06:00,2025-02-27T19:00:00Z,T2,0.1331,0.0508,0.3615,2025-02-27T18:00:00Z,2025-02-27T06:00:00Z,1,0.1108,0.3328
2025-02-28T02:00:00+06:00,2025-02-27T20:00:00Z,T1,0.0836,0.0013,0.312,2025-02-27T18:00:00Z,2025-02-27T06:00:00Z,2,0.065,0.209
2025-02-28T02:00:00+06:00,2025-02-27T20:00:00Z,T2,0.0843,0.0021,0.3127,2025-02-27T18:00:00Z,2025-02-27T06:00:00Z,2,0.0658,0.2108
2025-02-28T03:00:00+06:00,2025-02-27T21:00:00Z,T1,0.0685,0.0,0.2969,2025-02-27T18:00:00Z,2025-02-27T06:00:00Z,3,0.0508,0.1713
2025-02-28T03:00:00+06:00,2025-02-27T21:00:00Z,T2,0.0676,0.0,0.296,2025-02-27T18:00:00Z,2025-02-27T06:00:00Z,3,0.0519,0.169
2025-02-28T04:00:00+06:00,2025-02-27T22:00:00Z,T1,0.1043,0.0221,0.3327,2025-02-27T18:00:00Z,2025-02-27T06:00:00Z,4,0.0656,0.2608
2025-02-28T04:00:00+06:00,2025-02-27T22:00:00Z,T2,0.1054,0.0231,0.3338,2025-02-27T18:00:00Z,2025-02-27T06:00:00Z,4,0.0663,0.2635
2025-02-28T05:00:00+06:00,2025-02-27T23:00:00Z,T1,0.1241,0.0419,0.3525,2025-02-27T18:00:00Z,2025-02-27T06:00:00Z,5,0.0717,0.3103
2025-02-28T05:00:00+06:00,2025-02-27T23:00:00Z,T2,0.1248,0.0425,0.3532,2025-02-27T18:00:00Z,2025-02-27T06:00:00Z,5,0.0725,0.312
2025-02-28T06:00:00+06:00,2025-02-28T00:00:00Z,T1,0.0795,0.0,0.3079,2025-02-27T18:00:00Z,2025-02-27T06:00:00Z,6,0.0856,0.1988
2025-02-28T06:00:00+06:00,2025-02-28T00:00:00Z,T2,0.0799,0.0,0.3083,2025-02-27T18:00:00Z,2025-02-27T06:00:00Z,6,0.0861,0.1997
2025-02-28T07:00:00+06:00,2025-02-28T01:00:00Z,T1,0.1144,0.0321,0.3428,2025-02-27T18:00:00Z,2025-02-27T06:00:00Z,7,0.0776,0.286
2025-02-28T07:00:00+06:00,2025-02-28T01:00:00Z,T2,0.1151,0.0328,0.3435,2025-02-27T18:00:00Z,2025-02-27T06:00:00Z,7,0.0786,0.2878
2025-02-28T08:00:00+06:00,2025-02-28T02:00:00Z,T1,0.0941,0.0118,0.3224,2025-02-27T18:00:00Z,2025-02-27T06:00:00Z,8,0.0596,0.2352
2025-02-28T08:00:00+06:00,2025-02-28T02:00:00Z,T2,0.0947,0.0124,0.3231,2025-02-27T18:00:00Z,2025-02-27T06:00:00Z,8,0.0587,0.2368
2025-02-28T09:00:00+06:00,2025-02-28T03:00:00Z,T1,0.0929,0.0106,0.3213,2025-02-27T18:00:00Z,2025-02-27T06:00:00Z,9,0.0735,0.2322
2025-02-28T09:00:00+06:00,2025-02-28T03:00:00Z,T2,0.0931,0.0108,0.3214,2025-02-27T18:00:00Z,2025-02-27T06:00:00Z,9,0.0726,0.2328
2025-02-28T10:00:00+06:00,2025-02-28T04:00:00Z,T1,0.103,0.0207,0.3314,2025-02-27T18:00:00Z,2025-02-27T06:00:00Z,10,0.0482,0.2575
2025-02-28T10:00:00+06:00,2025-02-28T04:00:00Z,T2,0.1031,0.0209,0.3315,2025-02-27T18:00:00Z,2025-02-27T06:00:00Z,10,0.0478,0.2578
2025-02-28T11:00:00+06:00,2025-02-28T05:00:00Z,T1,0.1178,0.0355,0.3462,2025-02-27T18:00:00Z,2025-02-27T06:00:00Z,11,0.0571,0.2945
2025-02-28T11:00:00+06:00,2025-02-28T05:00:00Z,T2,0.1175,0.0353,0.3459,2025-02-27T18:00:00Z,2025-02-27T06:00:00Z,11,0.0576,0.2937
2025-02-28T12:00:00+06:00,2025-02-28T06:00:00Z,T1,0.1374,0.0551,0.3658,2025-02-27T18:00:00Z,2025-02-27T06:00:00Z,12,0.0668,0.3435
2025-02-28T12:00:00+06:00,2025-02-28T06:00:00Z,T2,0.1371,0.0548,0.3655,2025-02-27T18:00:00Z,2025-02-27T06:00:00Z,12,0.071,0.3428
2025-02-28T13:00:00+06:00,2025-02-28T07:00:00Z,T1,0.1228,0.0406,0.3512,2025-02-27T18:00:00Z,2025-02-27T06:00:00Z,13,0.1005,0.307
2025-02-28T13:00:00+06:00,2025-02-28T07:00:00Z,T2,0.1226,0.0404,0.351,2025-02-27T18:00:00Z,2025-02-27T06:00:00Z,13,0.1044,0.3065
2025-02-28T14:00:00+06:00,2025-02-28T08:00:00Z,T1,0.1947,0.0,0.7087,2025-02-27T18:00:00Z,2025-02-27T06:00:00Z,14,0.1106,0.4868
2025-02-28T14:00:00+06:00,2025-02-28T08:00:00Z,T2,0.1996,0.0,0.7136,2025-02-27T18:00:00Z,2025-02-27T06:00:00Z,14,0.1141,0.499
2025-02-28T15:00:00+06:00,2025-02-28T09:00:00Z,T1,0.1892,0.0,0.7032,2025-02-27T18:00:00Z,2025-02-27T06:00:00Z,15,0.1301,0.473
2025-02-28T15:00:00+06:00,2025-02-28T09:00:00Z,T2,0.1944,0.0,0.7084,2025-02-27T18:00:00Z,2025-02-27T06:00:00Z,15,0.1337,0.486
2025-02-28T16:00:00+06:00,2025-02-28T10:00:00Z,T1,0.1444,0.0621,0.3727,2025-02-27T18:00:00Z,2025-02-27T06:00:00Z,16,0.1386,0.361
2025-02-28T16:00:00+06:00,2025-02-28T10:00:00Z,T2,0.1466,0.0643,0.375,2025-02-27T18:00:00Z,2025-02-27T06:00:00Z,16,0.1422,0.3665
2025-02-28T17:00:00+06:00,2025-02-28T11:00:00Z,T1,0.1453,0.063,0.3737,2025-02-27T18:00:00Z,2025-02-27T06:00:00Z,17,0.1354,0.3632
2025-02-28T17:00:00+06:00,2025-02-28T11:00:00Z,T2,0.1439,0.0616,0.3723,2025-02-27T18:00:00Z,2025-02-27T06:00:00Z,17,0.1394,0.3598
2025-02-28T18:00:00+06:00,2025-02-28T12:00:00Z,T1,0.1667,0.0,0.6807,2025-02-27T18:00:00Z,2025-02-27T06:00:00Z,18,0.1243,0.4167
2025-02-28T18:00:00+06:00,2025-02-28T12:00:00Z,T2,0.1654,0.0,0.6794,2025-02-27T18:00:00Z,2025-02-27T06:00:00Z,18,0.1251,0.4135
2025-02-28T19:00:00+06:00,2025-02-28T13:00:00Z,T1,0.2002,0.0,0.7142,2025-02-27T18:00:00Z,2025-02-27T06:00:00Z,19,0.2038,0.5005
2025-02-28T19:00:00+06:00,2025-02-28T13:00:00Z,T2,0.1999,0.0,0.7139,2025-02-27T18:00:00Z,2025-02-27T06:00:00Z,19,0.2025,0.4998
2025-02-28T20:00:00+06:00,2025-02-28T14:00:00Z,T1,0.2519,0.0,0.7659,2025-02-27T18:00:00Z,2025-02-27T06:00:00Z,20,0.2456,0.6298
2025-02-28T20:00:00+06:00,2025-02-28T14:00:00Z,T2,0.2524,0.0,0.7664,2025-02-27T18:00:00Z,2025-02-27T06:00:00Z,20,0.2446,0.631
2025-02-28T21:00:00+06:00,2025-02-28T15:00:00Z,T1,0.2376,0.0,0.7516,2025-02-27T18:00:00Z,2025-02-27T06:00:00Z,21,0.2574,0.594
2025-02-28T21:00:00+06:00,2025-02-28T15:00:00Z,T2,0.2381,0.0,0.7521,2025-02-27T18:00:00Z,2025-02-27T06:00:00Z,21,0.2579,0.5953
2025-02-28T22:00:00+06:00,2025-02-28T16:00:00Z,T1,0.1734,0.0,0.6874,2025-02-27T18:00:00Z,2025-02-27T06:00:00Z,22,0.2415,0.4335
2025-02-28T22:00:00+06:00,2025-02-28T16:00:00Z,T2,0.1738,0.0,0.6877,2025-02-27T18:00:00Z,2025-02-27T06:00:00Z,22,0.2416,0.4345
2025-02-28T23:00:00+06:00,2025-02-28T17:00:00Z,T1,0.1339,0.0516,0.3623,2025-02-27T18:00:00Z,2025-02-27T06:00:00Z,23,0.2529,0.3348
2025-02-28T23:00:00+06:00,2025-02-28T17:00:00Z,T2,0.1344,0.0521,0.3628,2025-02-27T18:00:00Z,2025-02-27T06:00:00Z,23,0.254,0.336
2025-03-01T00:00:00+06:00,2025-02-28T18:00:00Z,T1,0.251,0.0,0.765,2025-02-28T18:00:00Z,2025-02-28T06:00:00Z,0,0.1001,0.6275
2025-03-01T00:00:00+06:00,2025-02-28T18:00:00Z,T2,0.2502,0.0,0.7642,2025-02-28T18:00:00Z,2025-02-28T06:00:00Z,0,0.1008,0.6255
2025-03-01T01:00:00+06:00,2025-02-28T19:00:00Z,T1,0.2294,0.0,0.7434,2025-02-28T18:00:00Z,2025-02-28T06:00:00Z,1,0.0748,0.5735
2025-03-01T01:00:00+06:00,2025-02-28T19:00:00Z,T2,0.2282,0.0,0.7422,2025-02-28T18:00:00Z,2025-02-28T06:00:00Z,1,0.0756,0.5705
2025-03-01T02:00:00+06:00,2025-02-28T20:00:00Z,T1,0.1442,0.0619,0.3726,2025-02-28T18:00:00Z,2025-02-28T06:00:00Z,2,0.0569,0.3605
2025-03-01T02:00:00+06:00,2025-02-28T20:00:00Z,T2,0.1424,0.0601,0.3708,2025-02-28T18:00:00Z,2025-02-28T06:00:00Z,2,0.0577,0.356
2025-03-01T03:00:00+06:00,2025-02-28T21:00:00Z,T1,0.0938,0.0116,0.3222,2025-02-28T18:00:00Z,2025-02-28T06:00:00Z,3,0.0401,0.2345
2025-03-01T03:00:00+06:00,2025-02-28T21:00:00Z,T2,0.0945,0.0122,0.3228,2025-02-28T18:00:00Z,2025-02-28T06:00:00Z,3,0.0409,0.2362
2025-03-01T04:00:00+06:00,2025-02-28T22:00:00Z,T1,0.0662,0.0,0.2946,2025-02-28T18:00:00Z,2025-02-28T06:00:00Z,4,0.0448,0.1655
2025-03-01T04:00:00+06:00,2025-02-28T22:00:00Z,T2,0.0669,0.0,0.2952,2025-02-28T18:00:00Z,2025-02-28T06:00:00Z,4,0.0456,0.1672
2025-03-01T05:00:00+06:00,2025-02-28T23:00:00Z,T1,0.0493,0.0,0.2777,2025-02-28T18:00:00Z,2025-02-28T06:00:00Z,5,0.0383,0.1232
2025-03-01T05:00:00+06:00,2025-02-28T23:00:00Z,T2,0.0501,0.0,0.2785,2025-02-28T18:00:00Z,2025-02-28T06:00:00Z,5,0.0392,0.1252
2025-03-01T06:00:00+06:00,2025-03-01T00:00:00Z,T1,0.0493,0.0,0.2777,2025-02-28T18:00:00Z,2025-02-28T06:00:00Z,6,0.0225,0.1232
2025-03-01T06:00:00+06:00,2025-03-01T00:00:00Z,T2,0.05,0.0,0.2784,2025-02-28T18:00:00Z,2025-02-28T06:00:00Z,6,0.0214,0.125
2025-03-01T07:00:00+06:00,2025-03-01T01:00:00Z,T1,0.0521,0.0,0.2805,2025-02-28T18:00:00Z,2025-02-28T06:00:00Z,7,0.0187,0.1302
2025-03-01T07:00:00+06:00,2025-03-01T01:00:00Z,T2,0.051,0.0,0.2794,2025-02-28T18:00:00Z,2025-02-28T06:00:00Z,7,0.0178,0.1275
2025-03-01T08:00:00+06:00,2025-03-01T02:00:00Z,T1,0.0542,0.0,0.2826,2025-02-28T18:00:00Z,2025-02-28T06:00:00Z,8,0.0094,0.1355
2025-03-01T08:00:00+06:00,2025-03-01T02:00:00Z,T2,0.0533,0.0,0.2817,2025-02-28T18:00:00Z,2025-02-28T06:00:00Z,8,0.009,0.1332
2025-03-01T09:00:00+06:00,2025-03-01T03:00:00Z,T1,0.0388,0.0,0.2671,2025-02-28T18:00:00Z,2025-02-28T06:00:00Z,9,0.0128,0.097
2025-03-01T09:00:00+06:00,2025-03-01T03:00:00Z,T2,0.0379,0.0,0.2663,2025-02-28T18:00:00Z,2025-02-28T06:00:00Z,9,0.0124,0.0948
2025-03-01T10:00:00+06:00,2025-03-01T04:00:00Z,T1,0.0351,0.0,0.2635,2025-02-28T18:00:00Z,2025-02-28T06:00:00Z,10,0.0142,0.0878
2025-03-01T10:00:00+06:00,2025-03-01T04:00:00Z,T2,0.0348,0.0,0.2632,2025-02-28T18:00:00Z,2025-02-28T06:00:00Z,10,0.0139,0.087
2025-03-01T11:00:00+06:00,2025-03-01T05:00:00Z,T1,0.0357,0.0,0.2641,2025-02-28T18:00:00Z,2025-02-28T06:00:00Z,11,0.0147,0.0893
2025-03-01T11:00:00+06:00,2025-03-01T05:00:00Z,T2,0.0353,0.0,0.2637,2025-02-28T18:00:00Z,2025-02-28T06:00:00Z,11,0.0143,0.0882
2025-03-01T12:00:00+06:00,2025-03-01T06:00:00Z,T1,0.0296,0.0,0.2579,2025-02-28T18:00:00Z,2025-02-28T06:00:00Z,12,0.0131,0.074
2025-03-01T12:00:00+06:00,2025-03-01T06:00:00Z,T2,0.0292,0.0,0.2575,2025-02-28T18:00:00Z,2025-02-28T06:00:00Z,12,0.0127,0.073
2025-03-01T13:00:00+06:00,2025-03-01T07:00:00Z,T1,0.0333,0.0,0.2617,2025-02-28T18:00:00Z,2025-02-28T06:00:00Z,13,0.0147,0.0832
2025-03-01T13:00:00+06:00,2025-03-01T07:00:00Z,T2,0.0331,0.0,0.2615,2025-02-28T18:00:00Z,2025-02-28T06:00:00Z,13,0.0145,0.0827
2025-03-01T14:00:00+06:00,2025-03-01T08:00:00Z,T1,0.024,0.0,0.2524,2025-02-28T18:00:00Z,2025-02-28T06:00:00Z,14,0.0134,0.06
2025-03-01T14:00:00+06:00,2025-03-01T08:00:00Z,T2,0.0237,0.0,0.2521,2025-02-28T18:00:00Z,2025-02-28T06:00:00Z,14,0.0131,0.0592
2025-03-01T15:00:00+06:00,2025-03-01T09:00:00Z,T1,0.0215,0.0,0.2499,2025-02-28T18:00:00Z,2025-02-28T06:00:00Z,15,0.015,0.0537
2025-03-01T15:00:00+06:00,2025-03-01T09:00:00Z,T2,0.0214,0.0,0.2498,2025-02-28T18:00:00Z,2025-02-28T06:00:00Z,15,0.0147,0.0535
2025-03-01T16:00:00+06:00,2025-03-01T10:00:00Z,T1,0.0274,0.0,0.2558,2025-02-28T18:00:00Z,2025-02-28T06:00:00Z,16,0.0157,0.0685
2025-03-01T16:00:00+06:00,2025-03-01T10:00:00Z,T2,0.0273,0.0,0.2557,2025-02-28T18:00:00Z,2025-02-28T06:00:00Z,16,0.0156,0.0682
2025-03-01T17:00:00+06:00,2025-03-01T11:00:00Z,T1,0.032,0.0,0.2604,2025-02-28T18:00:00Z,2025-02-28T06:00:00Z,17,0.0261,0.08
2025-03-01T17:00:00+06:00,2025-03-01T11:00:00Z,T2,0.0319,0.0,0.2603,2025-02-28T18:00:00Z,2025-02-28T06:00:00Z,17,0.0255,0.0797
2025-03-01T18:00:00+06:00,2025-03-01T12:00:00Z,T1,0.0289,0.0,0.2573,2025-02-28T18:00:00Z,2025-02-28T06:00:00Z,18,0.0572,0.0722
2025-03-01T18:00:00+06:00,2025-03-01T12:00:00Z,T2,0.0285,0.0,0.2569,2025-02-28T18:00:00Z,2025-02-28T06:00:00Z,18,0.0531,0.0713
2025-03-01T19:00:00+06:00,2025-03-01T13:00:00Z,T1,0.0395,0.0,0.2679,2025-02-28T18:00:00Z,2025-02-28T06:00:00Z,19,0.1404,0.0988
2025-03-01T19:00:00+06:00,2025-03-01T13:00:00Z,T2,0.0391,0.0,0.2674,2025-02-28T18:00:00Z,2025-02-28T06:00:00Z,19,0.1364,0.0978
2025-03-01T20:00:00+06:00,2025-03-01T14:00:00Z,T1,0.1277,0.0455,0.3561,2025-02-28T18:00:00Z,2025-02-28T06:00:00Z,20,0.2899,0.3193
2025-03-01T20:00:00+06:00,2025-03-01T14:00:00Z,T2,0.1257,0.0434,0.3541,2025-02-28T18:00:00Z,2025-02-28T06:00:00Z,20,0.2874,0.3143
2025-03-01T21:00:00+06:00,2025-03-01T15:00:00Z,T1,0.2851,0.0218,0.7991,2025-02-28T18:00:00Z,2025-02-28T06:00:00Z,21,0.4257,0.7128
2025-03-01T21:00:00+06:00,2025-03-01T15:00:00Z,T2,0.2819,0.0185,0.7959,2025-02-28T18:00:00Z,2025-02-28T06:00:00Z,21,0.4222,0.7048
2025-03-01T22:00:00+06:00,2025-03-01T16:00:00Z,T1,0.5648,0.0672,0.8635,2025-02-28T18:00:00Z,2025-02-28T06:00:00Z,22,0.5427,1.412
2025-03-01T22:00:00+06:00,2025-03-01T16:00:00Z,T2,0.5613,0.0636,0.8599,2025-02-28T18:00:00Z,2025-02-28T06:00:00Z,22,0.5368,1.4033
2025-03-01T23:00:00+06:00,2025-03-01T17:00:00Z,T1,0.5229,0.0252,0.8215,2025-02-28T18:00:00Z,2025-02-28T06:00:00Z,23,0.5216,1.3072
2025-03-01T23:00:00+06:00,2025-03-01T17:00:00Z,T2,0.5203,0.0226,0.8189,2025-02-28T18:00:00Z,2025-02-28T06:00:00Z,23,0.5183,1.3007
