issue_time_utc,issue_time_scada,target_time_scada,target_time_utc,turbine,lead_h,nwp_run_init_utc,nwp_lead_h,issue_kind,p10,p50,p90,outside_test_period,model_version
2025-01-31T18:00:00Z,2025-02-01T00:00:00+06:00,2025-02-01T00:00:00+06:00,2025-01-31T18:00:00Z,T1,0,2025-01-31T06:00:00Z,12,dayahead,0.0044,0.5021,0.8008,False,mos-curve-v0
2025-01-31T18:00:00Z,2025-02-01T00:00:00+06:00,2025-02-01T01:00:00+06:00,2025-01-31T19:00:00Z,T1,1,2025-01-31T06:00:00Z,13,dayahead,0.1321,0.3955,0.9095,False,mos-curve-v0
2025-01-31T18:00:00Z,2025-02-01T00:00:00+06:00,2025-02-01T02:00:00+06:00,2025-01-31T20:00:00Z,T1,2,2025-01-31T06:00:00Z,14,dayahead,0.1025,0.3658,0.8798,False,mos-curve-v0
2025-01-31T18:00:00Z,2025-02-01T00:00:00+06:00,2025-02-01T03:00:00+06:00,2025-01-31T21:00:00Z,T1,3,2025-01-31T06:00:00Z,15,dayahead,0.0509,0.3142,0.8282,False,mos-curve-v0
2025-01-31T18:00:00Z,2025-02-01T00:00:00+06:00,2025-02-01T04:00:00+06:00,2025-01-31T22:00:00Z,T1,4,2025-01-31T06:00:00Z,16,dayahead,0.0,0.1794,0.6934,False,mos-curve-v0
2025-01-31T18:00:00Z,2025-02-01T00:00:00+06:00,2025-02-01T05:00:00+06:00,2025-01-31T23:00:00Z,T1,5,2025-01-31T06:00:00Z,17,dayahead,0.0554,0.1377,0.366,False,mos-curve-v0
2025-01-31T18:00:00Z,2025-02-01T00:00:00+06:00,2025-02-01T06:00:00+06:00,2025-02-01T00:00:00Z,T1,6,2025-01-31T06:00:00Z,18,dayahead,0.0,0.1723,0.6863,False,mos-curve-v0
2025-01-31T18:00:00Z,2025-02-01T00:00:00+06:00,2025-02-01T07:00:00+06:00,2025-02-01T01:00:00Z,T1,7,2025-01-31T06:00:00Z,19,dayahead,0.0,0.2206,0.7346,False,mos-curve-v0
2025-01-31T18:00:00Z,2025-02-01T00:00:00+06:00,2025-02-01T08:00:00+06:00,2025-02-01T02:00:00Z,T1,8,2025-01-31T06:00:00Z,20,dayahead,0.0,0.1733,0.6873,False,mos-curve-v0
2025-01-31T18:00:00Z,2025-02-01T00:00:00+06:00,2025-02-01T09:00:00+06:00,2025-02-01T03:00:00Z,T1,9,2025-01-31T06:00:00Z,21,dayahead,0.0,0.0708,0.2992,False,mos-curve-v0
2025-01-31T18:00:00Z,2025-02-01T00:00:00+06:00,2025-02-01T10:00:00+06:00,2025-02-01T04:00:00Z,T1,10,2025-01-31T06:00:00Z,22,dayahead,0.0,0.0246,0.253,False,mos-curve-v0
2025-01-31T18:00:00Z,2025-02-01T00:00:00+06:00,2025-02-01T11:00:00+06:00,2025-02-01T05:00:00Z,T1,11,2025-01-31T06:00:00Z,23,dayahead,0.0,0.0163,0.2447,False,mos-curve-v0
2025-01-31T18:00:00Z,2025-02-01T00:00:00+06:00,2025-02-01T12:00:00+06:00,2025-02-01T06:00:00Z,T1,12,2025-01-31T06:00:00Z,24,dayahead,0.0,0.0321,0.2605,False,mos-curve-v0
2025-01-31T18:00:00Z,2025-02-01T00:00:00+06:00,2025-02-01T13:00:00+06:00,2025-02-01T07:00:00Z,T1,13,2025-01-31T06:00:00Z,25,dayahead,0.0,0.0437,0.2721,False,mos-curve-v0
2025-01-31T18:00:00Z,2025-02-01T00:00:00+06:00,2025-02-01T14:00:00+06:00,2025-02-01T08:00:00Z,T1,14,2025-01-31T06:00:00Z,26,dayahead,0.0,0.0601,0.2885,False,mos-curve-v0
2025-01-31T18:00:00Z,2025-02-01T00:00:00+06:00,2025-02-01T15:00:00+06:00,2025-02-01T09:00:00Z,T1,15,2025-01-31T06:00:00Z,27,dayahead,0.0,0.0721,0.3005,False,mos-curve-v0
2025-01-31T18:00:00Z,2025-02-01T00:00:00+06:00,2025-02-01T16:00:00+06:00,2025-02-01T10:00:00Z,T1,16,2025-01-31T06:00:00Z,28,dayahead,0.0152,0.0974,0.3258,False,mos-curve-v0
2025-01-31T18:00:00Z,2025-02-01T00:00:00+06:00,2025-02-01T17:00:00+06:00,2025-02-01T11:00:00Z,T1,17,2025-01-31T06:00:00Z,29,dayahead,0.0007,0.2641,0.7781,False,mos-curve-v0
2025-01-31T18:00:00Z,2025-02-01T00:00:00+06:00,2025-02-01T18:00:00+06:00,2025-02-01T12:00:00Z,T1,18,2025-01-31T06:00:00Z,30,dayahead,0.1076,0.6053,0.9039,False,mos-curve-v0
2025-01-31T18:00:00Z,2025-02-01T00:00:00+06:00,2025-02-01T19:00:00+06:00,2025-02-01T13:00:00Z,T1,19,2025-01-31T06:00:00Z,31,dayahead,0.2021,0.6998,0.9985,False,mos-curve-v0
2025-01-31T18:00:00Z,2025-02-01T00:00:00+06:00,2025-02-01T20:00:00+06:00,2025-02-01T14:00:00Z,T1,20,2025-01-31T06:00:00Z,32,dayahead,0.2882,0.7859,1.0,False,mos-curve-v0
2025-01-31T18:00:00Z,2025-02-01T00:00:00+06:00,2025-02-01T21:00:00+06:00,2025-02-01T15:00:00Z,T1,21,2025-01-31T06:00:00Z,33,dayahead,0.2894,0.7871,1.0,False,mos-curve-v0
2025-01-31T18:00:00Z,2025-02-01T00:00:00+06:00,2025-02-01T22:00:00+06:00,2025-02-01T16:00:00Z,T1,22,2025-01-31T06:00:00Z,34,dayahead,0.1888,0.6865,0.9851,False,mos-curve-v0
2025-01-31T18:00:00Z,2025-02-01T00:00:00+06:00,2025-02-01T23:00:00+06:00,2025-02-01T17:00:00Z,T1,23,2025-01-31T06:00:00Z,35,dayahead,0.1291,0.6267,0.9254,False,mos-curve-v0
2025-01-31T18:00:00Z,2025-02-01T00:00:00+06:00,2025-02-02T00:00:00+06:00,2025-02-01T18:00:00Z,T1,24,2025-01-31T06:00:00Z,36,dayahead,0.0857,0.5834,0.882,False,mos-curve-v0
2025-01-31T18:00:00Z,2025-02-01T00:00:00+06:00,2025-02-02T01:00:00+06:00,2025-02-01T19:00:00Z,T1,25,2025-01-31T06:00:00Z,37,dayahead,0.0027,0.5004,0.799,False,mos-curve-v0
2025-01-31T18:00:00Z,2025-02-01T00:00:00+06:00,2025-02-02T02:00:00+06:00,2025-02-01T20:00:00Z,T1,26,2025-01-31T06:00:00Z,38,dayahead,0.2004,0.4638,0.9778,False,mos-curve-v0
2025-01-31T18:00:00Z,2025-02-01T00:00:00+06:00,2025-02-02T03:00:00+06:00,2025-02-01T21:00:00Z,T1,27,2025-01-31T06:00:00Z,39,dayahead,0.1405,0.4038,0.9178,False,mos-curve-v0
2025-01-31T18:00:00Z,2025-02-01T00:00:00+06:00,2025-02-02T04:00:00+06:00,2025-02-01T22:00:00Z,T1,28,2025-01-31T06:00:00Z,40,dayahead,0.088,0.3514,0.8654,False,mos-curve-v0
2025-01-31T18:00:00Z,2025-02-01T00:00:00+06:00,2025-02-02T05:00:00+06:00,2025-02-01T23:00:00Z,T1,29,2025-01-31T06:00:00Z,41,dayahead,0.0,0.2111,0.7251,False,mos-curve-v0
2025-01-31T18:00:00Z,2025-02-01T00:00:00+06:00,2025-02-02T06:00:00+06:00,2025-02-02T00:00:00Z,T1,30,2025-01-31T06:00:00Z,42,dayahead,0.0177,0.0999,0.3283,False,mos-curve-v0
2025-01-31T18:00:00Z,2025-02-01T00:00:00+06:00,2025-02-02T07:00:00+06:00,2025-02-02T01:00:00Z,T1,31,2025-01-31T06:00:00Z,43,dayahead,0.0014,0.0837,0.3121,False,mos-curve-v0
2025-01-31T18:00:00Z,2025-02-01T00:00:00+06:00,2025-02-02T08:00:00+06:00,2025-02-02T02:00:00Z,T1,32,2025-01-31T06:00:00Z,44,dayahead,0.0081,0.0903,0.3187,False,mos-curve-v0
2025-01-31T18:00:00Z,2025-02-01T00:00:00+06:00,2025-02-02T09:00:00+06:00,2025-02-02T03:00:00Z,T1,33,2025-01-31T06:00:00Z,45,dayahead,0.0215,0.1038,0.3322,False,mos-curve-v0
2025-01-31T18:00:00Z,2025-02-01T00:00:00+06:00,2025-02-02T10:00:00+06:00,2025-02-02T04:00:00Z,T1,34,2025-01-31T06:00:00Z,46,dayahead,0.0309,0.1132,0.3416,False,mos-curve-v0
2025-01-31T18:00:00Z,2025-02-01T00:00:00+06:00,2025-02-02T11:00:00+06:00,2025-02-02T05:00:00Z,T1,35,2025-01-31T06:00:00Z,47,dayahead,0.0221,0.1044,0.3328,False,mos-curve-v0
2025-01-31T18:00:00Z,2025-02-01T00:00:00+06:00,2025-02-02T12:00:00+06:00,2025-02-02T06:00:00Z,T1,36,2025-01-31T06:00:00Z,48,dayahead,0.0367,0.1189,0.3473,False,mos-curve-v0
2025-01-31T18:00:00Z,2025-02-01T00:00:00+06:00,2025-02-02T13:00:00+06:00,2025-02-02T07:00:00Z,T1,37,2025-01-31T06:00:00Z,49,dayahead,0.0,0.1654,0.6794,False,mos-curve-v0
2025-01-31T18:00:00Z,2025-02-01T00:00:00+06:00,2025-02-02T14:00:00+06:00,2025-02-02T08:00:00Z,T1,38,2025-01-31T06:00:00Z,50,dayahead,0.0,0.1783,0.6923,False,mos-curve-v0
2025-01-31T18:00:00Z,2025-02-01T00:00:00+06:00,2025-02-02T15:00:00+06:00,2025-02-02T09:00:00Z,T1,39,2025-01-31T06:00:00Z,51,dayahead,0.0427,0.1249,0.3533,False,mos-curve-v0
2025-01-31T18:00:00Z,2025-02-01T00:00:00+06:00,2025-02-02T16:00:00+06:00,2025-02-02T10:00:00Z,T1,40,2025-01-31T06:00:00Z,52,dayahead,0.0052,0.0875,0.3159,False,mos-curve-v0
2025-01-31T18:00:00Z,2025-02-01T00:00:00+06:00,2025-02-02T17:00:00+06:00,2025-02-02T11:00:00Z,T1,41,2025-01-31T06:00:00Z,53,dayahead,0.0081,0.0903,0.3187,False,mos-curve-v0
2025-01-31T18:00:00Z,2025-02-01T00:00:00+06:00,2025-02-02T18:00:00+06:00,2025-02-02T12:00:00Z,T1,42,2025-01-31T06:00:00Z,54,dayahead,0.0075,0.0897,0.3181,False,mos-curve-v0
2025-01-31T18:00:00Z,2025-02-01T00:00:00+06:00,2025-02-02T19:00:00+06:00,2025-02-02T13:00:00Z,T1,43,2025-01-31T06:00:00Z,55,dayahead,0.0,0.0726,0.301,False,mos-curve-v0
2025-01-31T18:00:00Z,2025-02-01T00:00:00+06:00,2025-02-02T20:00:00+06:00,2025-02-02T14:00:00Z,T1,44,2025-01-31T06:00:00Z,56,dayahead,0.0086,0.0909,0.3193,False,mos-curve-v0
2025-01-31T18:00:00Z,2025-02-01T00:00:00+06:00,2025-02-02T21:00:00+06:00,2025-02-02T15:00:00Z,T1,45,2025-01-31T06:00:00Z,57,dayahead,0.0571,0.1393,0.3677,False,mos-curve-v0
2025-01-31T18:00:00Z,2025-02-01T00:00:00+06:00,2025-02-02T22:00:00+06:00,2025-02-02T16:00:00Z,T1,46,2025-01-31T06:00:00Z,58,dayahead,0.0,0.1753,0.6893,False,mos-curve-v0
2025-01-31T18:00:00Z,2025-02-01T00:00:00+06:00,2025-02-02T23:00:00+06:00,2025-02-02T17:00:00Z,T1,47,2025-01-31T06:00:00Z,59,dayahead,0.0,0.1753,0.6893,False,mos-curve-v0
2025-01-31T18:00:00Z,2025-02-01T00:00:00+06:00,2025-02-01T00:00:00+06:00,2025-01-31T18:00:00Z,T2,0,2025-01-31T06:00:00Z,12,dayahead,0.0044,0.5021,0.8008,False,mos-curve-v0
2025-01-31T18:00:00Z,2025-02-01T00:00:00+06:00,2025-02-01T01:00:00+06:00,2025-01-31T19:00:00Z,T2,1,2025-01-31T06:00:00Z,13,dayahead,0.1321,0.3955,0.9095,False,mos-curve-v0
2025-01-31T18:00:00Z,2025-02-01T00:00:00+06:00,2025-02-01T02:00:00+06:00,2025-01-31T20:00:00Z,T2,2,2025-01-31T06:00:00Z,14,dayahead,0.1025,0.3658,0.8798,False,mos-curve-v0
2025-01-31T18:00:00Z,2025-02-01T00:00:00+06:00,2025-02-01T03:00:00+06:00,2025-01-31T21:00:00Z,T2,3,2025-01-31T06:00:00Z,15,dayahead,0.0509,0.3142,0.8282,False,mos-curve-v0
2025-01-31T18:00:00Z,2025-02-01T00:00:00+06:00,2025-02-01T04:00:00+06:00,2025-01-31T22:00:00Z,T2,4,2025-01-31T06:00:00Z,16,dayahead,0.0,0.1794,0.6934,False,mos-curve-v0
2025-01-31T18:00:00Z,2025-02-01T00:00:00+06:00,2025-02-01T05:00:00+06:00,2025-01-31T23:00:00Z,T2,5,2025-01-31T06:00:00Z,17,dayahead,0.0554,0.1377,0.366,False,mos-curve-v0
2025-01-31T18:00:00Z,2025-02-01T00:00:00+06:00,2025-02-01T06:00:00+06:00,2025-02-01T00:00:00Z,T2,6,2025-01-31T06:00:00Z,18,dayahead,0.0,0.1723,0.6863,False,mos-curve-v0
2025-01-31T18:00:00Z,2025-02-01T00:00:00+06:00,2025-02-01T07:00:00+06:00,2025-02-01T01:00:00Z,T2,7,2025-01-31T06:00:00Z,19,dayahead,0.0,0.2206,0.7346,False,mos-curve-v0
2025-01-31T18:00:00Z,2025-02-01T00:00:00+06:00,2025-02-01T08:00:00+06:00,2025-02-01T02:00:00Z,T2,8,2025-01-31T06:00:00Z,20,dayahead,0.0,0.1733,0.6873,False,mos-curve-v0
2025-01-31T18:00:00Z,2025-02-01T00:00:00+06:00,2025-02-01T09:00:00+06:00,2025-02-01T03:00:00Z,T2,9,2025-01-31T06:00:00Z,21,dayahead,0.0,0.0708,0.2992,False,mos-curve-v0
2025-01-31T18:00:00Z,2025-02-01T00:00:00+06:00,2025-02-01T10:00:00+06:00,2025-02-01T04:00:00Z,T2,10,2025-01-31T06:00:00Z,22,dayahead,0.0,0.0246,0.253,False,mos-curve-v0
2025-01-31T18:00:00Z,2025-02-01T00:00:00+06:00,2025-02-01T11:00:00+06:00,2025-02-01T05:00:00Z,T2,11,2025-01-31T06:00:00Z,23,dayahead,0.0,0.0163,0.2447,False,mos-curve-v0
2025-01-31T18:00:00Z,2025-02-01T00:00:00+06:00,2025-02-01T12:00:00+06:00,2025-02-01T06:00:00Z,T2,12,2025-01-31T06:00:00Z,24,dayahead,0.0,0.0321,0.2605,False,mos-curve-v0
2025-01-31T18:00:00Z,2025-02-01T00:00:00+06:00,2025-02-01T13:00:00+06:00,2025-02-01T07:00:00Z,T2,13,2025-01-31T06:00:00Z,25,dayahead,0.0,0.0437,0.2721,False,mos-curve-v0
2025-01-31T18:00:00Z,2025-02-01T00:00:00+06:00,2025-02-01T14:00:00+06:00,2025-02-01T08:00:00Z,T2,14,2025-01-31T06:00:00Z,26,dayahead,0.0,0.0601,0.2885,False,mos-curve-v0
2025-01-31T18:00:00Z,2025-02-01T00:00:00+06:00,2025-02-01T15:00:00+06:00,2025-02-01T09:00:00Z,T2,15,2025-01-31T06:00:00Z,27,dayahead,0.0,0.0721,0.3005,False,mos-curve-v0
2025-01-31T18:00:00Z,2025-02-01T00:00:00+06:00,2025-02-01T16:00:00+06:00,2025-02-01T10:00:00Z,T2,16,2025-01-31T06:00:00Z,28,dayahead,0.0152,0.0974,0.3258,False,mos-curve-v0
2025-01-31T18:00:00Z,2025-02-01T00:00:00+06:00,2025-02-01T17:00:00+06:00,2025-02-01T11:00:00Z,T2,17,2025-01-31T06:00:00Z,29,dayahead,0.0007,0.2641,0.7781,False,mos-curve-v0
2025-01-31T18:00:00Z,2025-02-01T00:00:00+06:00,2025-02-01T18:00:00+06:00,2025-02-01T12:00:00Z,T2,18,2025-01-31T06:00:00Z,30,dayahead,0.1076,0.6053,0.9039,False,mos-curve-v0
2025-01-31T18:00:00Z,2025-02-01T00:00:00+06:00,2025-02-01T19:00:00+06:00,2025-02-01T13:00:00Z,T2,19,2025-01-31T06:00:00Z,31,dayahead,0.2021,0.6998,0.9985,False,mos-curve-v0
2025-01-31T18:00:00Z,2025-02-01T00:00:00+06:00,2025-02-01T20:00:00+06:00,2025-02-01T14:00:00Z,T2,20,2025-01-31T06:00:00Z,32,dayahead,0.2882,0.7859,1.0,False,mos-curve-v0
2025-01-31T18:00:00Z,2025-02-01T00:00:00+06:00,2025-02-01T21:00:00+06:00,2025-02-01T15:00:00Z,T2,21,2025-01-31T06:00:00Z,33,dayahead,0.2894,0.7871,1.0,False,mos-curve-v0
2025-01-31T18:00:00Z,2025-02-01T00:00:00+06:00,2025-02-01T22:00:00+06:00,2025-02-01T16:00:00Z,T2,22,2025-01-31T06:00:00Z,34,dayahead,0.1888,0.6865,0.9851,False,mos-curve-v0
2025-01-31T18:00:00Z,2025-02-01T00:00:00+06:00,2025-02-01T23:00:00+06:00,2025-02-01T17:00:00Z,T2,23,2025-01-31T06:00:00Z,35,dayahead,0.1291,0.6267,0.9254,False,mos-curve-v0
2025-01-31T18:00:00Z,2025-02-01T00:00:00+06:00,2025-02-02T00:00:00+06:00,2025-02-01T18:00:00Z,T2,24,2025-01-31T06:00:00Z,36,dayahead,0.0857,0.5834,0.882,False,mos-curve-v0
2025-01-31T18:00:00Z,2025-02-01T00:00:00+06:00,2025-02-02T01:00:00+06:00,2025-02-01T19:00:00Z,T2,25,2025-01-31T06:00:00Z,37,dayahead,0.0027,0.5004,0.799,False,mos-curve-v0
2025-01-31T18:00:00Z,2025-02-01T00:00:00+06:00,2025-02-02T02:00:00+06:00,2025-02-01T20:00:00Z,T2,26,2025-01-31T06:00:00Z,38,dayahead,0.2004,0.4638,0.9778,False,mos-curve-v0
2025-01-31T18:00:00Z,2025-02-01T00:00:00+06:00,2025-02-02T03:00:00+06:00,2025-02-01T21:00:00Z,T2,27,2025-01-31T06:00:00Z,39,dayahead,0.1405,0.4038,0.9178,False,mos-curve-v0
2025-01-31T18:00:00Z,2025-02-01T00:00:00+06:00,2025-02-02T04:00:00+06:00,2025-02-01T22:00:00Z,T2,28,2025-01-31T06:00:00Z,40,dayahead,0.088,0.3514,0.8654,False,mos-curve-v0
2025-01-31T18:00:00Z,2025-02-01T00:00:00+06:00,2025-02-02T05:00:00+06:00,2025-02-01T23:00:00Z,T2,29,2025-01-31T06:00:00Z,41,dayahead,0.0,0.2111,0.7251,False,mos-curve-v0
2025-01-31T18:00:00Z,2025-02-01T00:00:00+06:00,2025-02-02T06:00:00+06:00,2025-02-02T00:00:00Z,T2,30,2025-01-31T06:00:00Z,42,dayahead,0.0177,0.0999,0.3283,False,mos-curve-v0
2025-01-31T18:00:00Z,2025-02-01T00:00:00+06:00,2025-02-02T07:00:00+06:00,2025-02-02T01:00:00Z,T2,31,2025-01-31T06:00:00Z,43,dayahead,0.0014,0.0837,0.3121,False,mos-curve-v0
2025-01-31T18:00:00Z,2025-02-01T00:00:00+06:00,2025-02-02T08:00:00+06:00,2025-02-02T02:00:00Z,T2,32,2025-01-31T06:00:00Z,44,dayahead,0.0081,0.0903,0.3187,False,mos-curve-v0
2025-01-31T18:00:00Z,2025-02-01T00:00:00+06:00,2025-02-02T09:00:00+06:00,2025-02-02T03:00:00Z,T2,33,2025-01-31T06:00:00Z,45,dayahead,0.0215,0.1038,0.3322,False,mos-curve-v0
2025-01-31T18:00:00Z,2025-02-01T00:00:00+06:00,2025-02-02T10:00:00+06:00,2025-02-02T04:00:00Z,T2,34,2025-01-31T06:00:00Z,46,dayahead,0.0309,0.1132,0.3416,False,mos-curve-v0
2025-01-31T18:00:00Z,2025-02-01T00:00:00+06:00,2025-02-02T11:00:00+06:00,2025-02-02T05:00:00Z,T2,35,2025-01-31T06:00:00Z,47,dayahead,0.0221,0.1044,0.3328,False,mos-curve-v0
2025-01-31T18:00:00Z,2025-02-01T00:00:00+06:00,2025-02-02T12:00:00+06:00,2025-02-02T06:00:00Z,T2,36,2025-01-31T06:00:00Z,48,dayahead,0.0367,0.1189,0.3473,False,mos-curve-v0
2025-01-31T18:00:00Z,2025-02-01T00:00:00+06:00,2025-02-02T13:00:00+06:00,2025-02-02T07:00:00Z,T2,37,2025-01-31T06:00:00Z,49,dayahead,0.0,0.1654,0.6794,False,mos-curve-v0
2025-01-31T18:00:00Z,2025-02-01T00:00:00+06:00,2025-02-02T14:00:00+06:00,2025-02-02T08:00:00Z,T2,38,2025-01-31T06:00:00Z,50,dayahead,0.0,0.1783,0.6923,False,mos-curve-v0
2025-01-31T18:00:00Z,2025-02-01T00:00:00+06:00,2025-02-02T15:00:00+06:00,2025-02-02T09:00:00Z,T2,39,2025-01-31T06:00:00Z,51,dayahead,0.0427,0.1249,0.3533,False,mos-curve-v0
2025-01-31T18:00:00Z,2025-02-01T00:00:00+06:00,2025-02-02T16:00:00+06:00,2025-02-02T10:00:00Z,T2,40,2025-01-31T06:00:00Z,52,dayahead,0.0052,0.0875,0.3159,False,mos-curve-v0
2025-01-31T18:00:00Z,2025-02-01T00:00:00+06:00,2025-02-02T17:00:00+06:00,2025-02-02T11:00:00Z,T2,41,2025-01-31T06:00:00Z,53,dayahead,0.0081,0.0903,0.3187,False,mos-curve-v0
2025-01-31T18:00:00Z,2025-02-01T00:00:00+06:00,2025-02-02T18:00:00+06:00,2025-02-02T12:00:00Z,T2,42,2025-01-31T06:00:00Z,54,dayahead,0.0075,0.0897,0.3181,False,mos-curve-v0
2025-01-31T18:00:00Z,2025-02-01T00:00:00+06:00,2025-02-02T19:00:00+06:00,2025-02-02T13:00:00Z,T2,43,2025-01-31T06:00:00Z,55,dayahead,0.0,0.0726,0.301,False,mos-curve-v0
2025-01-31T18:00:00Z,2025-02-01T00:00:00+06:00,2025-02-02T20:00:00+06:00,2025-02-02T14:00:00Z,T2,44,2025-01-31T06:00:00Z,56,dayahead,0.0086,0.0909,0.3193,False,mos-curve-v0
2025-01-31T18:00:00Z,2025-02-01T00:00:00+06:00,2025-02-02T21:00:00+06:00,2025-02-02T15:00:00Z,T2,45,2025-01-31T06:00:00Z,57,dayahead,0.0571,0.1393,0.3677,False,mos-curve-v0
2025-01-31T18:00:00Z,2025-02-01T00:00:00+06:00,2025-02-02T22:00:00+06:00,2025-02-02T16:00:00Z,T2,46,2025-01-31T06:00:00Z,58,dayahead,0.0,0.1753,0.6893,False,mos-curve-v0
2025-01-31T18:00:00Z,2025-02-01T00:00:00+06:00,2025-02-02T23:00:00+06:00,2025-02-02T17:00:00Z,T2,47,2025-01-31T06:00:00Z,59,dayahead,0.0,0.1753,0.6893,False,mos-curve-v0
2025-02-01T18:00:00Z,2025-02-02T00:00:00+06:00,2025-02-02T00:00:00+06:00,2025-02-01T18:00:00Z,T1,0,2025-02-01T06:00:00Z,12,dayahead,0.0908,0.5885,0.8871,False,mos-curve-v0
2025-02-01T18:00:00Z,2025-02-02T00:00:00+06:00,2025-02-02T01:00:00+06:00,2025-02-01T19:00:00Z,T1,1,2025-02-01T06:00:00Z,13,dayahead,0.0219,0.5196,0.8182,False,mos-curve-v0
2025-02-01T18:00:00Z,2025-02-02T00:00:00+06:00,2025-02-02T02:00:00+06:00,2025-02-01T20:00:00Z,T1,2,2025-02-01T06:00:00Z,14,dayahead,0.2091,0.4725,0.9865,False,mos-curve-v0
2025-02-01T18:00:00Z,2025-02-02T00:00:00+06:00,2025-02-02T03:00:00+06:00,2025-02-01T21:00:00Z,T1,3,2025-02-01T06:00:00Z,15,dayahead,0.1728,0.4362,0.9501,False,mos-curve-v0
2025-02-01T18:00:00Z,2025-02-02T00:00:00+06:00,2025-02-02T04:00:00+06:00,2025-02-01T22:00:00Z,T1,4,2025-02-01T06:00:00Z,16,dayahead,0.0801,0.3435,0.8575,False,mos-curve-v0
2025-02-01T18:00:00Z,2025-02-02T00:00:00+06:00,2025-02-02T05:00:00+06:00,2025-02-01T23:00:00Z,T1,5,2025-02-01T06:00:00Z,17,dayahead,0.0117,0.2751,0.7891,False,mos-curve-v0
2025-02-01T18:00:00Z,2025-02-02T00:00:00+06:00,2025-02-02T06:00:00+06:00,2025-02-02T00:00:00Z,T1,6,2025-02-01T06:00:00Z,18,dayahead,0.0,0.1763,0.6903,False,mos-curve-v0
2025-02-01T18:00:00Z,2025-02-02T00:00:00+06:00,2025-02-02T07:00:00+06:00,2025-02-02T01:00:00Z,T1,7,2025-02-01T06:00:00Z,19,dayahead,0.0289,0.1111,0.3395,False,mos-curve-v0
2025-02-01T18:00:00Z,2025-02-02T00:00:00+06:00,2025-02-02T08:00:00+06:00,2025-02-02T02:00:00Z,T1,8,2025-02-01T06:00:00Z,20,dayahead,0.0164,0.0987,0.3271,False,mos-curve-v0
2025-02-01T18:00:00Z,2025-02-02T00:00:00+06:00,2025-02-02T09:00:00+06:00,2025-02-02T03:00:00Z,T1,9,2025-02-01T06:00:00Z,21,dayahead,0.0275,0.1098,0.3381,False,mos-curve-v0
2025-02-01T18:00:00Z,2025-02-02T00:00:00+06:00,2025-02-02T10:00:00+06:00,2025-02-02T04:00:00Z,T1,10,2025-02-01T06:00:00Z,22,dayahead,0.0215,0.1038,0.3322,False,mos-curve-v0
2025-02-01T18:00:00Z,2025-02-02T00:00:00+06:00,2025-02-02T11:00:00+06:00,2025-02-02T05:00:00Z,T1,11,2025-02-01T06:00:00Z,23,dayahead,0.0047,0.0869,0.3153,False,mos-curve-v0
2025-02-01T18:00:00Z,2025-02-02T00:00:00+06:00,2025-02-02T12:00:00+06:00,2025-02-02T06:00:00Z,T1,12,2025-02-01T06:00:00Z,24,dayahead,0.0158,0.0981,0.3265,False,mos-curve-v0
2025-02-01T18:00:00Z,2025-02-02T00:00:00+06:00,2025-02-02T13:00:00+06:00,2025-02-02T07:00:00Z,T1,13,2025-02-01T06:00:00Z,25,dayahead,0.0255,0.1077,0.3361,False,mos-curve-v0
2025-02-01T18:00:00Z,2025-02-02T00:00:00+06:00,2025-02-02T14:00:00+06:00,2025-02-02T08:00:00Z,T1,14,2025-02-01T06:00:00Z,26,dayahead,0.0133,0.0956,0.324,False,mos-curve-v0
2025-02-01T18:00:00Z,2025-02-02T00:00:00+06:00,2025-02-02T15:00:00+06:00,2025-02-02T09:00:00Z,T1,15,2025-02-01T06:00:00Z,27,dayahead,0.0,0.0559,0.2843,False,mos-curve-v0
2025-02-01T18:00:00Z,2025-02-02T00:00:00+06:00,2025-02-02T16:00:00+06:00,2025-02-02T10:00:00Z,T1,16,2025-02-01T06:00:00Z,28,dayahead,0.0,0.0483,0.2767,False,mos-curve-v0
2025-02-01T18:00:00Z,2025-02-02T00:00:00+06:00,2025-02-02T17:00:00+06:00,2025-02-02T11:00:00Z,T1,17,2025-02-01T06:00:00Z,29,dayahead,0.0,0.0388,0.2672,False,mos-curve-v0
2025-02-01T18:00:00Z,2025-02-02T00:00:00+06:00,2025-02-02T18:00:00+06:00,2025-02-02T12:00:00Z,T1,18,2025-02-01T06:00:00Z,30,dayahead,0.0,0.025,0.2534,False,mos-curve-v0
2025-02-01T18:00:00Z,2025-02-02T00:00:00+06:00,2025-02-02T19:00:00+06:00,2025-02-02T13:00:00Z,T1,19,2025-02-01T06:00:00Z,31,dayahead,0.0,0.0224,0.2508,False,mos-curve-v0
2025-02-01T18:00:00Z,2025-02-02T00:00:00+06:00,2025-02-02T20:00:00+06:00,2025-02-02T14:00:00Z,T1,20,2025-02-01T06:00:00Z,32,dayahead,0.0,0.0396,0.268,False,mos-curve-v0
2025-02-01T18:00:00Z,2025-02-02T00:00:00+06:00,2025-02-02T21:00:00+06:00,2025-02-02T15:00:00Z,T1,21,2025-02-01T06:00:00Z,33,dayahead,0.0,0.074,0.3024,False,mos-curve-v0
2025-02-01T18:00:00Z,2025-02-02T00:00:00+06:00,2025-02-02T22:00:00+06:00,2025-02-02T16:00:00Z,T1,22,2025-02-01T06:00:00Z,34,dayahead,0.0302,0.1125,0.3409,False,mos-curve-v0
2025-02-01T18:00:00Z,2025-02-02T00:00:00+06:00,2025-02-02T23:00:00+06:00,2025-02-02T17:00:00Z,T1,23,2025-02-01T06:00:00Z,35,dayahead,0.0,0.1616,0.6756,False,mos-curve-v0
2025-02-01T18:00:00Z,2025-02-02T00:00:00+06:00,2025-02-03T00:00:00+06:00,2025-02-02T18:00:00Z,T1,24,2025-02-01T06:00:00Z,36,dayahead,0.0,0.2088,0.7228,False,mos-curve-v0
2025-02-01T18:00:00Z,2025-02-02T00:00:00+06:00,2025-02-03T01:00:00+06:00,2025-02-02T19:00:00Z,T1,25,2025-02-01T06:00:00Z,37,dayahead,0.0,0.2242,0.7382,False,mos-curve-v0
2025-02-01T18:00:00Z,2025-02-02T00:00:00+06:00,2025-02-03T02:00:00+06:00,2025-02-02T20:00:00Z,T1,26,2025-02-01T06:00:00Z,38,dayahead,0.0048,0.2682,0.7822,False,mos-curve-v0
2025-02-01T18:00:00Z,2025-02-02T00:00:00+06:00,2025-02-03T03:00:00+06:00,2025-02-02T21:00:00Z,T1,27,2025-02-01T06:00:00Z,39,dayahead,0.06,0.3233,0.8373,False,mos-curve-v0
2025-02-01T18:00:00Z,2025-02-02T00:00:00+06:00,2025-02-03T04:00:00+06:00,2025-02-02T22:00:00Z,T1,28,2025-02-01T06:00:00Z,40,dayahead,0.1762,0.4396,0.9536,False,mos-curve-v0
2025-02-01T18:00:00Z,2025-02-02T00:00:00+06:00,2025-02-03T05:00:00+06:00,2025-02-02T23:00:00Z,T1,29,2025-02-01T06:00:00Z,41,dayahead,0.0044,0.5021,0.8008,False,mos-curve-v0
2025-02-01T18:00:00Z,2025-02-02T00:00:00+06:00,2025-02-03T06:00:00+06:00,2025-02-03T00:00:00Z,T1,30,2025-02-01T06:00:00Z,42,dayahead,0.0891,0.5868,0.8854,False,mos-curve-v0
2025-02-01T18:00:00Z,2025-02-02T00:00:00+06:00,2025-02-03T07:00:00+06:00,2025-02-03T01:00:00Z,T1,31,2025-02-01T06:00:00Z,43,dayahead,0.1627,0.6604,0.959,False,mos-curve-v0
2025-02-01T18:00:00Z,2025-02-02T00:00:00+06:00,2025-02-03T08:00:00+06:00,2025-02-03T02:00:00Z,T1,32,2025-02-01T06:00:00Z,44,dayahead,0.1827,0.6804,0.9791,False,mos-curve-v0
2025-02-01T18:00:00Z,2025-02-02T00:00:00+06:00,2025-02-03T09:00:00+06:00,2025-02-03T03:00:00Z,T1,33,2025-02-01T06:00:00Z,45,dayahead,0.2094,0.7071,1.0,False,mos-curve-v0
2025-02-01T18:00:00Z,2025-02-02T00:00:00+06:00,2025-02-03T10:00:00+06:00,2025-02-03T04:00:00Z,T1,34,2025-02-01T06:00:00Z,46,dayahead,0.2065,0.7042,1.0,False,mos-curve-v0
2025-02-01T18:00:00Z,2025-02-02T00:00:00+06:00,2025-02-03T11:00:00+06:00,2025-02-03T05:00:00Z,T1,35,2025-02-01T06:00:00Z,47,dayahead,0.1977,0.6954,0.9941,False,mos-curve-v0
2025-02-01T18:00:00Z,2025-02-02T00:00:00+06:00,2025-02-03T12:00:00+06:00,2025-02-03T06:00:00Z,T1,36,2025-02-01T06:00:00Z,48,dayahead,0.302,0.7997,1.0,False,mos-curve-v0
2025-02-01T18:00:00Z,2025-02-02T00:00:00+06:00,2025-02-03T13:00:00+06:00,2025-02-03T07:00:00Z,T1,37,2025-02-01T06:00:00Z,49,dayahead,0.5001,0.8585,0.9435,False,mos-curve-v0
2025-02-01T18:00:00Z,2025-02-02T00:00:00+06:00,2025-02-03T14:00:00+06:00,2025-02-03T08:00:00Z,T1,38,2025-02-01T06:00:00Z,50,dayahead,0.5381,0.8965,0.9815,False,mos-curve-v0
2025-02-01T18:00:00Z,2025-02-02T00:00:00+06:00,2025-02-03T15:00:00+06:00,2025-02-03T09:00:00Z,T1,39,2025-02-01T06:00:00Z,51,dayahead,0.5307,0.8892,0.9742,False,mos-curve-v0
2025-02-01T18:00:00Z,2025-02-02T00:00:00+06:00,2025-02-03T16:00:00+06:00,2025-02-03T10:00:00Z,T1,40,2025-02-01T06:00:00Z,52,dayahead,0.2986,0.7963,1.0,False,mos-curve-v0
2025-02-01T18:00:00Z,2025-02-02T00:00:00+06:00,2025-02-03T17:00:00+06:00,2025-02-03T11:00:00Z,T1,41,2025-02-01T06:00:00Z,53,dayahead,0.2522,0.7499,1.0,False,mos-curve-v0
2025-02-01T18:00:00Z,2025-02-02T00:00:00+06:00,2025-02-03T18:00:00+06:00,2025-02-03T12:00:00Z,T1,42,2025-02-01T06:00:00Z,54,dayahead,0.1705,0.6682,0.9668,False,mos-curve-v0
2025-02-01T18:00:00Z,2025-02-02T00:00:00+06:00,2025-02-03T19:00:00+06:00,2025-02-03T13:00:00Z,T1,43,2025-02-01T06:00:00Z,55,dayahead,0.1564,0.6541,0.9527,False,mos-curve-v0
2025-02-01T18:00:00Z,2025-02-02T00:00:00+06:00,2025-02-03T20:00:00+06:00,2025-02-03T14:00:00Z,T1,44,2025-02-01T06:00:00Z,56,dayahead,0.1766,0.6743,0.973,False,mos-curve-v0
2025-02-01T18:00:00Z,2025-02-02T00:00:00+06:00,2025-02-03T21:00:00+06:00,2025-02-03T15:00:00Z,T1,45,2025-02-01T06:00:00Z,57,dayahead,0.232,0.7297,1.0,False,mos-curve-v0
2025-02-01T18:00:00Z,2025-02-02T00:00:00+06:00,2025-02-03T22:00:00+06:00,2025-02-03T16:00:00Z,T1,46,2025-02-01T06:00:00Z,58,dayahead,0.2986,0.7963,1.0,False,mos-curve-v0
2025-02-01T18:00:00Z,2025-02-02T00:00:00+06:00,2025-02-03T23:00:00+06:00,2025-02-03T17:00:00Z,T1,47,2025-02-01T06:00:00Z,59,dayahead,0.3182,0.8159,1.0,False,mos-curve-v0
2025-02-01T18:00:00Z,2025-02-02T00:00:00+06:00,2025-02-02T00:00:00+06:00,2025-02-01T18:00:00Z,T2,0,2025-02-01T06:00:00Z,12,dayahead,0.0908,0.5885,0.8871,False,mos-curve-v0
2025-02-01T18:00:00Z,2025-02-02T00:00:00+06:00,2025-02-02T01:00:00+06:00,2025-02-01T19:00:00Z,T2,1,2025-02-01T06:00:00Z,13,dayahead,0.0219,0.5196,0.8182,False,mos-curve-v0
2025-02-01T18:00:00Z,2025-02-02T00:00:00+06:00,2025-02-02T02:00:00+06:00,2025-02-01T20:00:00Z,T2,2,2025-02-01T06:00:00Z,14,dayahead,0.2091,0.4725,0.9865,False,mos-curve-v0
2025-02-01T18:00:00Z,2025-02-02T00:00:00+06:00,2025-02-02T03:00:00+06:00,2025-02-01T21:00:00Z,T2,3,2025-02-01T06:00:00Z,15,dayahead,0.1728,0.4362,0.9501,False,mos-curve-v0
2025-02-01T18:00:00Z,2025-02-02T00:00:00+06:00,2025-02-02T04:00:00+06:00,2025-02-01T22:00:00Z,T2,4,2025-02-01T06:00:00Z,16,dayahead,0.0801,0.3435,0.8575,False,mos-curve-v0
2025-02-01T18:00:00Z,2025-02-02T00:00:00+06:00,2025-02-02T05:00:00+06:00,2025-02-01T23:00:00Z,T2,5,2025-02-01T06:00:00Z,17,dayahead,0.0117,0.2751,0.7891,False,mos-curve-v0
2025-02-01T18:00:00Z,2025-02-02T00:00:00+06:00,2025-02-02T06:00:00+06:00,2025-02-02T00:00:00Z,T2,6,2025-02-01T06:00:00Z,18,dayahead,0.0,0.1763,0.6903,False,mos-curve-v0
2025-02-01T18:00:00Z,2025-02-02T00:00:00+06:00,2025-02-02T07:00:00+06:00,2025-02-02T01:00:00Z,T2,7,2025-02-01T06:00:00Z,19,dayahead,0.0289,0.1111,0.3395,False,mos-curve-v0
2025-02-01T18:00:00Z,2025-02-02T00:00:00+06:00,2025-02-02T08:00:00+06:00,2025-02-02T02:00:00Z,T2,8,2025-02-01T06:00:00Z,20,dayahead,0.0164,0.0987,0.3271,False,mos-curve-v0
2025-02-01T18:00:00Z,2025-02-02T00:00:00+06:00,2025-02-02T09:00:00+06:00,2025-02-02T03:00:00Z,T2,9,2025-02-01T06:00:00Z,21,dayahead,0.0275,0.1098,0.3381,False,mos-curve-v0
2025-02-01T18:00:00Z,2025-02-02T00:00:00+06:00,2025-02-02T10:00:00+06:00,2025-02-02T04:00:00Z,T2,10,2025-02-01T06:00:00Z,22,dayahead,0.0215,0.1038,0.3322,False,mos-curve-v0
2025-02-01T18:00:00Z,2025-02-02T00:00:00+06:00,2025-02-02T11:00:00+06:00,2025-02-02T05:00:00Z,T2,11,2025-02-01T06:00:00Z,23,dayahead,0.0047,0.0869,0.3153,False,mos-curve-v0
2025-02-01T18:00:00Z,2025-02-02T00:00:00+06:00,2025-02-02T12:00:00+06:00,2025-02-02T06:00:00Z,T2,12,2025-02-01T06:00:00Z,24,dayahead,0.0158,0.0981,0.3265,False,mos-curve-v0
2025-02-01T18:00:00Z,2025-02-02T00:00:00+06:00,2025-02-02T13:00:00+06:00,2025-02-02T07:00:00Z,T2,13,2025-02-01T06:00:00Z,25,dayahead,0.0255,0.1077,0.3361,False,mos-curve-v0
2025-02-01T18:00:00Z,2025-02-02T00:00:00+06:00,2025-02-02T14:00:00+06:00,2025-02-02T08:00:00Z,T2,14,2025-02-01T06:00:00Z,26,dayahead,0.0133,0.0956,0.324,False,mos-curve-v0
2025-02-01T18:00:00Z,2025-02-02T00:00:00+06:00,2025-02-02T15:00:00+06:00,2025-02-02T09:00:00Z,T2,15,2025-02-01T06:00:00Z,27,dayahead,0.0,0.0559,0.2843,False,mos-curve-v0
2025-02-01T18:00:00Z,2025-02-02T00:00:00+06:00,2025-02-02T16:00:00+06:00,2025-02-02T10:00:00Z,T2,16,2025-02-01T06:00:00Z,28,dayahead,0.0,0.0483,0.2767,False,mos-curve-v0
2025-02-01T18:00:00Z,2025-02-02T00:00:00+06:00,2025-02-02T17:00:00+06:00,2025-02-02T11:00:00Z,T2,17,2025-02-01T06:00:00Z,29,dayahead,0.0,0.0388,0.2672,False,mos-curve-v0
2025-02-01T18:00:00Z,2025-02-02T00:00:00+06:00,2025-02-02T18:00:00+06:00,2025-02-02T12:00:00Z,T2,18,2025-02-01T06:00:00Z,30,dayahead,0.0,0.025,0.2534,False,mos-curve-v0
2025-02-01T18:00:00Z,2025-02-02T00:00:00+06:00,2025-02-02T19:00:00+06:00,2025-02-02T13:00:00Z,T2,19,2025-02-01T06:00:00Z,31,dayahead,0.0,0.0224,0.2508,False,mos-curve-v0
2025-02-01T18:00:00Z,2025-02-02T00:00:00+06:00,2025-02-02T20:00:00+06:00,2025-02-02T14:00:00Z,T2,20,2025-02-01T06:00:00Z,32,dayahead,0.0,0.0396,0.268,False,mos-curve-v0
2025-02-01T18:00:00Z,2025-02-02T00:00:00+06:00,2025-02-02T21:00:00+06:00,2025-02-02T15:00:00Z,T2,21,2025-02-01T06:00:00Z,33,dayahead,0.0,0.074,0.3024,False,mos-curve-v0
2025-02-01T18:00:00Z,2025-02-02T00:00:00+06:00,2025-02-02T22:00:00+06:00,2025-02-02T16:00:00Z,T2,22,2025-02-01T06:00:00Z,34,dayahead,0.0302,0.1125,0.3409,False,mos-curve-v0
2025-02-01T18:00:00Z,2025-02-02T00:00:00+06:00,2025-02-02T23:00:00+06:00,2025-02-02T17:00:00Z,T2,23,2025-02-01T06:00:00Z,35,dayahead,0.0,0.1616,0.6756,False,mos-curve-v0
2025-02-01T18:00:00Z,2025-02-02T00:00:00+06:00,2025-02-03T00:00:00+06:00,2025-02-02T18:00:00Z,T2,24,2025-02-01T06:00:00Z,36,dayahead,0.0,0.2088,0.7228,False,mos-curve-v0
2025-02-01T18:00:00Z,2025-02-02T00:00:00+06:00,2025-02-03T01:00:00+06:00,2025-02-02T19:00:00Z,T2,25,2025-02-01T06:00:00Z,37,dayahead,0.0,0.2242,0.7382,False,mos-curve-v0
2025-02-01T18:00:00Z,2025-02-02T00:00:00+06:00,2025-02-03T02:00:00+06:00,2025-02-02T20:00:00Z,T2,26,2025-02-01T06:00:00Z,38,dayahead,0.0048,0.2682,0.7822,False,mos-curve-v0
2025-02-01T18:00:00Z,2025-02-02T00:00:00+06:00,2025-02-03T03:00:00+06:00,2025-02-02T21:00:00Z,T2,27,2025-02-01T06:00:00Z,39,dayahead,0.06,0.3233,0.8373,False,mos-curve-v0
2025-02-01T18:00:00Z,2025-02-02T00:00:00+06:00,2025-02-03T04:00:00+06:00,2025-02-02T22:00:00Z,T2,28,2025-02-01T06:00:00Z,40,dayahead,0.1762,0.4396,0.9536,False,mos-curve-v0
2025-02-01T18:00:00Z,2025-02-02T00:00:00+06:00,2025-02-03T05:00:00+06:00,2025-02-02T23:00:00Z,T2,29,2025-02-01T06:00:00Z,41,dayahead,0.0044,0.5021,0.8008,False,mos-curve-v0
2025-02-01T18:00:00Z,2025-02-02T00:00:00+06:00,2025-02-03T06:00:00+06:00,2025-02-03T00:00:00Z,T2,30,2025-02-01T06:00:00Z,42,dayahead,0.0891,0.5868,0.8854,False,mos-curve-v0
2025-02-01T18:00:00Z,2025-02-02T00:00:00+06:00,2025-02-03T07:00:00+06:00,2025-02-03T01:00:00Z,T2,31,2025-02-01T06:00:00Z,43,dayahead,0.1627,0.6604,0.959,False,mos-curve-v0
2025-02-01T18:00:00Z,2025-02-02T00:00:00+06:00,2025-02-03T08:00:00+06:00,2025-02-03T02:00:00Z,T2,32,2025-02-01T06:00:00Z,44,dayahead,0.1827,0.6804,0.9791,False,mos-curve-v0
2025-02-01T18:00:00Z,2025-02-02T00:00:00+06:00,2025-02-03T09:00:00+06:00,2025-02-03T03:00:00Z,T2,33,2025-02-01T06:00:00Z,45,dayahead,0.2094,0.7071,1.0,False,mos-curve-v0
2025-02-01T18:00:00Z,2025-02-02T00:00:00+06:00,2025-02-03T10:00:00+06:00,2025-02-03T04:00:00Z,T2,34,2025-02-01T06:00:00Z,46,dayahead,0.2065,0.7042,1.0,False,mos-curve-v0
2025-02-01T18:00:00Z,2025-02-02T00:00:00+06:00,2025-02-03T11:00:00+06:00,2025-02-03T05:00:00Z,T2,35,2025-02-01T06:00:00Z,47,dayahead,0.1977,0.6954,0.9941,False,mos-curve-v0
2025-02-01T18:00:00Z,2025-02-02T00:00:00+06:00,2025-02-03T12:00:00+06:00,2025-02-03T06:00:00Z,T2,36,2025-02-01T06:00:00Z,48,dayahead,0.302,0.7997,1.0,False,mos-curve-v0
2025-02-01T18:00:00Z,2025-02-02T00:00:00+06:00,2025-02-03T13:00:00+06:00,2025-02-03T07:00:00Z,T2,37,2025-02-01T06:00:00Z,49,dayahead,0.5001,0.8585,0.9435,False,mos-curve-v0
2025-02-01T18:00:00Z,2025-02-02T00:00:00+06:00,2025-02-03T14:00:00+06:00,2025-02-03T08:00:00Z,T2,38,2025-02-01T06:00:00Z,50,dayahead,0.5381,0.8965,0.9815,False,mos-curve-v0
2025-02-01T18:00:00Z,2025-02-02T00:00:00+06:00,2025-02-03T15:00:00+06:00,2025-02-03T09:00:00Z,T2,39,2025-02-01T06:00:00Z,51,dayahead,0.5307,0.8892,0.9742,False,mos-curve-v0
2025-02-01T18:00:00Z,2025-02-02T00:00:00+06:00,2025-02-03T16:00:00+06:00,2025-02-03T10:00:00Z,T2,40,2025-02-01T06:00:00Z,52,dayahead,0.2986,0.7963,1.0,False,mos-curve-v0
2025-02-01T18:00:00Z,2025-02-02T00:00:00+06:00,2025-02-03T17:00:00+06:00,2025-02-03T11:00:00Z,T2,41,2025-02-01T06:00:00Z,53,dayahead,0.2522,0.7499,1.0,False,mos-curve-v0
2025-02-01T18:00:00Z,2025-02-02T00:00:00+06:00,2025-02-03T18:00:00+06:00,2025-02-03T12:00:00Z,T2,42,2025-02-01T06:00:00Z,54,dayahead,0.1705,0.6682,0.9668,False,mos-curve-v0
2025-02-01T18:00:00Z,2025-02-02T00:00:00+06:00,2025-02-03T19:00:00+06:00,2025-02-03T13:00:00Z,T2,43,2025-02-01T06:00:00Z,55,dayahead,0.1564,0.6541,0.9527,False,mos-curve-v0
2025-02-01T18:00:00Z,2025-02-02T00:00:00+06:00,2025-02-03T20:00:00+06:00,2025-02-03T14:00:00Z,T2,44,2025-02-01T06:00:00Z,56,dayahead,0.1766,0.6743,0.973,False,mos-curve-v0
2025-02-01T18:00:00Z,2025-02-02T00:00:00+06:00,2025-02-03T21:00:00+06:00,2025-02-03T15:00:00Z,T2,45,2025-02-01T06:00:00Z,57,dayahead,0.232,0.7297,1.0,False,mos-curve-v0
2025-02-01T18:00:00Z,2025-02-02T00:00:00+06:00,2025-02-03T22:00:00+06:00,2025-02-03T16:00:00Z,T2,46,2025-02-01T06:00:00Z,58,dayahead,0.2986,0.7963,1.0,False,mos-curve-v0
2025-02-01T18:00:00Z,2025-02-02T00:00:00+06:00,2025-02-03T23:00:00+06:00,2025-02-03T17:00:00Z,T2,47,2025-02-01T06:00:00Z,59,dayahead,0.3182,0.8159,1.0,False,mos-curve-v0
2025-02-02T18:00:00Z,2025-02-03T00:00:00+06:00,2025-02-03T00:00:00+06:00,2025-02-02T18:00:00Z,T1,0,2025-02-02T06:00:00Z,12,dayahead,0.0048,0.2682,0.7822,False,mos-curve-v0
2025-02-02T18:00:00Z,2025-02-03T00:00:00+06:00,2025-02-03T01:00:00+06:00,2025-02-02T19:00:00Z,T1,1,2025-02-02T06:00:00Z,13,dayahead,0.1025,0.3658,0.8798,False,mos-curve-v0
2025-02-02T18:00:00Z,2025-02-03T00:00:00+06:00,2025-02-03T02:00:00+06:00,2025-02-02T20:00:00Z,T1,2,2025-02-02T06:00:00Z,14,dayahead,0.1694,0.4327,0.9467,False,mos-curve-v0
2025-02-02T18:00:00Z,2025-02-03T00:00:00+06:00,2025-02-03T03:00:00+06:00,2025-02-02T21:00:00Z,T1,3,2025-02-02T06:00:00Z,15,dayahead,0.2231,0.4864,1.0,False,mos-curve-v0
2025-02-02T18:00:00Z,2025-02-03T00:00:00+06:00,2025-02-03T04:00:00+06:00,2025-02-02T22:00:00Z,T1,4,2025-02-02T06:00:00Z,16,dayahead,0.0202,0.5178,0.8165,False,mos-curve-v0
2025-02-02T18:00:00Z,2025-02-03T00:00:00+06:00,2025-02-03T05:00:00+06:00,2025-02-02T23:00:00Z,T1,5,2025-02-02T06:00:00Z,17,dayahead,0.0549,0.5526,0.8512,False,mos-curve-v0
2025-02-02T18:00:00Z,2025-02-03T00:00:00+06:00,2025-02-03T06:00:00+06:00,2025-02-03T00:00:00Z,T1,6,2025-02-02T06:00:00Z,18,dayahead,0.0975,0.5952,0.8939,False,mos-curve-v0
2025-02-02T18:00:00Z,2025-02-03T00:00:00+06:00,2025-02-03T07:00:00+06:00,2025-02-03T01:00:00Z,T1,7,2025-02-02T06:00:00Z,19,dayahead,0.1339,0.6316,0.9303,False,mos-curve-v0
2025-02-02T18:00:00Z,2025-02-03T00:00:00+06:00,2025-02-03T08:00:00+06:00,2025-02-03T02:00:00Z,T1,8,2025-02-02T06:00:00Z,20,dayahead,0.1797,0.6774,0.976,False,mos-curve-v0
2025-02-02T18:00:00Z,2025-02-03T00:00:00+06:00,2025-02-03T09:00:00+06:00,2025-02-03T03:00:00Z,T1,9,2025-02-02T06:00:00Z,21,dayahead,0.1827,0.6804,0.9791,False,mos-curve-v0
2025-02-02T18:00:00Z,2025-02-03T00:00:00+06:00,2025-02-03T10:00:00+06:00,2025-02-03T04:00:00Z,T1,10,2025-02-02T06:00:00Z,22,dayahead,0.1736,0.6712,0.9699,False,mos-curve-v0
2025-02-02T18:00:00Z,2025-02-03T00:00:00+06:00,2025-02-03T11:00:00+06:00,2025-02-03T05:00:00Z,T1,11,2025-02-02T06:00:00Z,23,dayahead,0.1274,0.6251,0.9238,False,mos-curve-v0
2025-02-02T18:00:00Z,2025-02-03T00:00:00+06:00,2025-02-03T12:00:00+06:00,2025-02-03T06:00:00Z,T1,12,2025-02-02T06:00:00Z,24,dayahead,0.2094,0.7071,1.0,False,mos-curve-v0
2025-02-02T18:00:00Z,2025-02-03T00:00:00+06:00,2025-02-03T13:00:00+06:00,2025-02-03T07:00:00Z,T1,13,2025-02-02T06:00:00Z,25,dayahead,0.2986,0.7963,1.0,False,mos-curve-v0
2025-02-02T18:00:00Z,2025-02-03T00:00:00+06:00,2025-02-03T14:00:00+06:00,2025-02-03T08:00:00Z,T1,14,2025-02-02T06:00:00Z,26,dayahead,0.3064,0.8041,1.0,False,mos-curve-v0
2025-02-02T18:00:00Z,2025-02-03T00:00:00+06:00,2025-02-03T15:00:00+06:00,2025-02-03T09:00:00Z,T1,15,2025-02-02T06:00:00Z,27,dayahead,0.3411,0.8388,1.0,False,mos-curve-v0
2025-02-02T18:00:00Z,2025-02-03T00:00:00+06:00,2025-02-03T16:00:00+06:00,2025-02-03T10:00:00Z,T1,16,2025-02-02T06:00:00Z,28,dayahead,0.2823,0.78,1.0,False,mos-curve-v0
2025-02-02T18:00:00Z,2025-02-03T00:00:00+06:00,2025-02-03T17:00:00+06:00,2025-02-03T11:00:00Z,T1,17,2025-02-02T06:00:00Z,29,dayahead,0.2599,0.7576,1.0,False,mos-curve-v0
2025-02-02T18:00:00Z,2025-02-03T00:00:00+06:00,2025-02-03T18:00:00+06:00,2025-02-03T12:00:00Z,T1,18,2025-02-02T06:00:00Z,30,dayahead,0.1705,0.6682,0.9668,False,mos-curve-v0
2025-02-02T18:00:00Z,2025-02-03T00:00:00+06:00,2025-02-03T19:00:00+06:00,2025-02-03T13:00:00Z,T1,19,2025-02-02T06:00:00Z,31,dayahead,0.1307,0.6284,0.927,False,mos-curve-v0
2025-02-02T18:00:00Z,2025-02-03T00:00:00+06:00,2025-02-03T20:00:00+06:00,2025-02-03T14:00:00Z,T1,20,2025-02-02T06:00:00Z,32,dayahead,0.1595,0.6572,0.9559,False,mos-curve-v0
2025-02-02T18:00:00Z,2025-02-03T00:00:00+06:00,2025-02-03T21:00:00+06:00,2025-02-03T15:00:00Z,T1,21,2025-02-02T06:00:00Z,33,dayahead,0.1962,0.6939,0.9926,False,mos-curve-v0
2025-02-02T18:00:00Z,2025-02-03T00:00:00+06:00,2025-02-03T22:00:00+06:00,2025-02-03T16:00:00Z,T1,22,2025-02-02T06:00:00Z,34,dayahead,0.2612,0.7589,1.0,False,mos-curve-v0
2025-02-02T18:00:00Z,2025-02-03T00:00:00+06:00,2025-02-03T23:00:00+06:00,2025-02-03T17:00:00Z,T1,23,2025-02-02T06:00:00Z,35,dayahead,0.294,0.7917,1.0,False,mos-curve-v0
2025-02-02T18:00:00Z,2025-02-03T00:00:00+06:00,2025-02-04T00:00:00+06:00,2025-02-03T18:00:00Z,T1,24,2025-02-02T06:00:00Z,36,dayahead,0.2917,0.7894,1.0,False,mos-curve-v0
2025-02-02T18:00:00Z,2025-02-03T00:00:00+06:00,2025-02-04T01:00:00+06:00,2025-02-03T19:00:00Z,T1,25,2025-02-02T06:00:00Z,37,dayahead,0.2535,0.7512,1.0,False,mos-curve-v0
2025-02-02T18:00:00Z,2025-02-03T00:00:00+06:00,2025-02-04T02:00:00+06:00,2025-02-03T20:00:00Z,T1,26,2025-02-02T06:00:00Z,38,dayahead,0.2612,0.7589,1.0,False,mos-curve-v0
2025-02-02T18:00:00Z,2025-02-03T00:00:00+06:00,2025-02-04T03:00:00+06:00,2025-02-03T21:00:00Z,T1,27,2025-02-02T06:00:00Z,39,dayahead,0.302,0.7997,1.0,False,mos-curve-v0
2025-02-02T18:00:00Z,2025-02-03T00:00:00+06:00,2025-02-04T04:00:00+06:00,2025-02-03T22:00:00Z,T1,28,2025-02-02T06:00:00Z,40,dayahead,0.3449,0.8426,1.0,False,mos-curve-v0
2025-02-02T18:00:00Z,2025-02-03T00:00:00+06:00,2025-02-04T05:00:00+06:00,2025-02-03T23:00:00Z,T1,29,2025-02-02T06:00:00Z,41,dayahead,0.4922,0.8507,0.9357,False,mos-curve-v0
2025-02-02T18:00:00Z,2025-02-03T00:00:00+06:00,2025-02-04T06:00:00+06:00,2025-02-04T00:00:00Z,T1,30,2025-02-02T06:00:00Z,42,dayahead,0.5091,0.8676,0.9526,False,mos-curve-v0
2025-02-02T18:00:00Z,2025-02-03T00:00:00+06:00,2025-02-04T07:00:00+06:00,2025-02-04T01:00:00Z,T1,31,2025-02-02T06:00:00Z,43,dayahead,0.3513,0.8489,1.0,False,mos-curve-v0
2025-02-02T18:00:00Z,2025-02-03T00:00:00+06:00,2025-02-04T08:00:00+06:00,2025-02-04T02:00:00Z,T1,32,2025-02-02T06:00:00Z,44,dayahead,0.5177,0.8762,0.9612,False,mos-curve-v0
2025-02-02T18:00:00Z,2025-02-03T00:00:00+06:00,2025-02-04T09:00:00+06:00,2025-02-04T03:00:00Z,T1,33,2025-02-02T06:00:00Z,45,dayahead,0.5177,0.8762,0.9612,False,mos-curve-v0
2025-02-02T18:00:00Z,2025-02-03T00:00:00+06:00,2025-02-04T10:00:00+06:00,2025-02-04T04:00:00Z,T1,34,2025-02-02T06:00:00Z,46,dayahead,0.5131,0.8716,0.9566,False,mos-curve-v0
2025-02-02T18:00:00Z,2025-02-03T00:00:00+06:00,2025-02-04T11:00:00+06:00,2025-02-04T05:00:00Z,T1,35,2025-02-02T06:00:00Z,47,dayahead,0.5042,0.8627,0.9477,False,mos-curve-v0
2025-02-02T18:00:00Z,2025-02-03T00:00:00+06:00,2025-02-04T12:00:00+06:00,2025-02-04T06:00:00Z,T1,36,2025-02-02T06:00:00Z,48,dayahead,0.4975,0.856,0.941,False,mos-curve-v0
2025-02-02T18:00:00Z,2025-02-03T00:00:00+06:00,2025-02-04T13:00:00+06:00,2025-02-04T07:00:00Z,T1,37,2025-02-02T06:00:00Z,49,dayahead,0.2535,0.7512,1.0,False,mos-curve-v0
2025-02-02T18:00:00Z,2025-02-03T00:00:00+06:00,2025-02-04T14:00:00+06:00,2025-02-04T08:00:00Z,T1,38,2025-02-02T06:00:00Z,50,dayahead,0.2231,0.4864,1.0,False,mos-curve-v0
2025-02-02T18:00:00Z,2025-02-03T00:00:00+06:00,2025-02-04T15:00:00+06:00,2025-02-04T09:00:00Z,T1,39,2025-02-02T06:00:00Z,51,dayahead,0.0316,0.1139,0.3423,False,mos-curve-v0
2025-02-02T18:00:00Z,2025-02-03T00:00:00+06:00,2025-02-04T16:00:00+06:00,2025-02-04T10:00:00Z,T1,40,2025-02-02T06:00:00Z,52,dayahead,0.0,0.0537,0.2821,False,mos-curve-v0
2025-02-02T18:00:00Z,2025-02-03T00:00:00+06:00,2025-02-04T17:00:00+06:00,2025-02-04T11:00:00Z,T1,41,2025-02-02T06:00:00Z,53,dayahead,0.0,0.0496,0.278,False,mos-curve-v0
2025-02-02T18:00:00Z,2025-02-03T00:00:00+06:00,2025-02-04T18:00:00+06:00,2025-02-04T12:00:00Z,T1,42,2025-02-02T06:00:00Z,54,dayahead,0.0183,0.1006,0.329,False,mos-curve-v0
2025-02-02T18:00:00Z,2025-02-03T00:00:00+06:00,2025-02-04T19:00:00+06:00,2025-02-04T13:00:00Z,T1,43,2025-02-02T06:00:00Z,55,dayahead,0.063,0.1453,0.3737,False,mos-curve-v0
2025-02-02T18:00:00Z,2025-02-03T00:00:00+06:00,2025-02-04T20:00:00+06:00,2025-02-04T14:00:00Z,T1,44,2025-02-02T06:00:00Z,56,dayahead,0.0648,0.147,0.3754,False,mos-curve-v0
2025-02-02T18:00:00Z,2025-02-03T00:00:00+06:00,2025-02-04T21:00:00+06:00,2025-02-04T15:00:00Z,T1,45,2025-02-02T06:00:00Z,57,dayahead,0.063,0.1453,0.3737,False,mos-curve-v0
2025-02-02T18:00:00Z,2025-02-03T00:00:00+06:00,2025-02-04T22:00:00+06:00,2025-02-04T16:00:00Z,T1,46,2025-02-02T06:00:00Z,58,dayahead,0.0457,0.128,0.3564,False,mos-curve-v0
2025-02-02T18:00:00Z,2025-02-03T00:00:00+06:00,2025-02-04T23:00:00+06:00,2025-02-04T17:00:00Z,T1,47,2025-02-02T06:00:00Z,59,dayahead,0.014,0.0962,0.3246,False,mos-curve-v0
2025-02-02T18:00:00Z,2025-02-03T00:00:00+06:00,2025-02-03T00:00:00+06:00,2025-02-02T18:00:00Z,T2,0,2025-02-02T06:00:00Z,12,dayahead,0.0048,0.2682,0.7822,False,mos-curve-v0
2025-02-02T18:00:00Z,2025-02-03T00:00:00+06:00,2025-02-03T01:00:00+06:00,2025-02-02T19:00:00Z,T2,1,2025-02-02T06:00:00Z,13,dayahead,0.1025,0.3658,0.8798,False,mos-curve-v0
2025-02-02T18:00:00Z,2025-02-03T00:00:00+06:00,2025-02-03T02:00:00+06:00,2025-02-02T20:00:00Z,T2,2,2025-02-02T06:00:00Z,14,dayahead,0.1694,0.4327,0.9467,False,mos-curve-v0
2025-02-02T18:00:00Z,2025-02-03T00:00:00+06:00,2025-02-03T03:00:00+06:00,2025-02-02T21:00:00Z,T2,3,2025-02-02T06:00:00Z,15,dayahead,0.2231,0.4864,1.0,False,mos-curve-v0
2025-02-02T18:00:00Z,2025-02-03T00:00:00+06:00,2025-02-03T04:00:00+06:00,2025-02-02T22:00:00Z,T2,4,2025-02-02T06:00:00Z,16,dayahead,0.0202,0.5178,0.8165,False,mos-curve-v0
2025-02-02T18:00:00Z,2025-02-03T00:00:00+06:00,2025-02-03T05:00:00+06:00,2025-02-02T23:00:00Z,T2,5,2025-02-02T06:00:00Z,17,dayahead,0.0549,0.5526,0.8512,False,mos-curve-v0
2025-02-02T18:00:00Z,2025-02-03T00:00:00+06:00,2025-02-03T06:00:00+06:00,2025-02-03T00:00:00Z,T2,6,2025-02-02T06:00:00Z,18,dayahead,0.0975,0.5952,0.8939,False,mos-curve-v0
2025-02-02T18:00:00Z,2025-02-03T00:00:00+06:00,2025-02-03T07:00:00+06:00,2025-02-03T01:00:00Z,T2,7,2025-02-02T06:00:00Z,19,dayahead,0.1339,0.6316,0.9303,False,mos-curve-v0
2025-02-02T18:00:00Z,2025-02-03T00:00:00+06:00,2025-02-03T08:00:00+06:00,2025-02-03T02:00:00Z,T2,8,2025-02-02T06:00:00Z,20,dayahead,0.1797,0.6774,0.976,False,mos-curve-v0
2025-02-02T18:00:00Z,2025-02-03T00:00:00+06:00,2025-02-03T09:00:00+06:00,2025-02-03T03:00:00Z,T2,9,2025-02-02T06:00:00Z,21,dayahead,0.1827,0.6804,0.9791,False,mos-curve-v0
2025-02-02T18:00:00Z,2025-02-03T00:00:00+06:00,2025-02-03T10:00:00+06:00,2025-02-03T04:00:00Z,T2,10,2025-02-02T06:00:00Z,22,dayahead,0.1736,0.6712,0.9699,False,mos-curve-v0
2025-02-02T18:00:00Z,2025-02-03T00:00:00+06:00,2025-02-03T11:00:00+06:00,2025-02-03T05:00:00Z,T2,11,2025-02-02T06:00:00Z,23,dayahead,0.1274,0.6251,0.9238,False,mos-curve-v0
2025-02-02T18:00:00Z,2025-02-03T00:00:00+06:00,2025-02-03T12:00:00+06:00,2025-02-03T06:00:00Z,T2,12,2025-02-02T06:00:00Z,24,dayahead,0.2094,0.7071,1.0,False,mos-curve-v0
2025-02-02T18:00:00Z,2025-02-03T00:00:00+06:00,2025-02-03T13:00:00+06:00,2025-02-03T07:00:00Z,T2,13,2025-02-02T06:00:00Z,25,dayahead,0.2986,0.7963,1.0,False,mos-curve-v0
2025-02-02T18:00:00Z,2025-02-03T00:00:00+06:00,2025-02-03T14:00:00+06:00,2025-02-03T08:00:00Z,T2,14,2025-02-02T06:00:00Z,26,dayahead,0.3064,0.8041,1.0,False,mos-curve-v0
2025-02-02T18:00:00Z,2025-02-03T00:00:00+06:00,2025-02-03T15:00:00+06:00,2025-02-03T09:00:00Z,T2,15,2025-02-02T06:00:00Z,27,dayahead,0.3411,0.8388,1.0,False,mos-curve-v0
2025-02-02T18:00:00Z,2025-02-03T00:00:00+06:00,2025-02-03T16:00:00+06:00,2025-02-03T10:00:00Z,T2,16,2025-02-02T06:00:00Z,28,dayahead,0.2823,0.78,1.0,False,mos-curve-v0
2025-02-02T18:00:00Z,2025-02-03T00:00:00+06:00,2025-02-03T17:00:00+06:00,2025-02-03T11:00:00Z,T2,17,2025-02-02T06:00:00Z,29,dayahead,0.2599,0.7576,1.0,False,mos-curve-v0
2025-02-02T18:00:00Z,2025-02-03T00:00:00+06:00,2025-02-03T18:00:00+06:00,2025-02-03T12:00:00Z,T2,18,2025-02-02T06:00:00Z,30,dayahead,0.1705,0.6682,0.9668,False,mos-curve-v0
2025-02-02T18:00:00Z,2025-02-03T00:00:00+06:00,2025-02-03T19:00:00+06:00,2025-02-03T13:00:00Z,T2,19,2025-02-02T06:00:00Z,31,dayahead,0.1307,0.6284,0.927,False,mos-curve-v0
2025-02-02T18:00:00Z,2025-02-03T00:00:00+06:00,2025-02-03T20:00:00+06:00,2025-02-03T14:00:00Z,T2,20,2025-02-02T06:00:00Z,32,dayahead,0.1595,0.6572,0.9559,False,mos-curve-v0
2025-02-02T18:00:00Z,2025-02-03T00:00:00+06:00,2025-02-03T21:00:00+06:00,2025-02-03T15:00:00Z,T2,21,2025-02-02T06:00:00Z,33,dayahead,0.1962,0.6939,0.9926,False,mos-curve-v0
2025-02-02T18:00:00Z,2025-02-03T00:00:00+06:00,2025-02-03T22:00:00+06:00,2025-02-03T16:00:00Z,T2,22,2025-02-02T06:00:00Z,34,dayahead,0.2612,0.7589,1.0,False,mos-curve-v0
2025-02-02T18:00:00Z,2025-02-03T00:00:00+06:00,2025-02-03T23:00:00+06:00,2025-02-03T17:00:00Z,T2,23,2025-02-02T06:00:00Z,35,dayahead,0.294,0.7917,1.0,False,mos-curve-v0
2025-02-02T18:00:00Z,2025-02-03T00:00:00+06:00,2025-02-04T00:00:00+06:00,2025-02-03T18:00:00Z,T2,24,2025-02-02T06:00:00Z,36,dayahead,0.2917,0.7894,1.0,False,mos-curve-v0
2025-02-02T18:00:00Z,2025-02-03T00:00:00+06:00,2025-02-04T01:00:00+06:00,2025-02-03T19:00:00Z,T2,25,2025-02-02T06:00:00Z,37,dayahead,0.2535,0.7512,1.0,False,mos-curve-v0
2025-02-02T18:00:00Z,2025-02-03T00:00:00+06:00,2025-02-04T02:00:00+06:00,2025-02-03T20:00:00Z,T2,26,2025-02-02T06:00:00Z,38,dayahead,0.2612,0.7589,1.0,False,mos-curve-v0
2025-02-02T18:00:00Z,2025-02-03T00:00:00+06:00,2025-02-04T03:00:00+06:00,2025-02-03T21:00:00Z,T2,27,2025-02-02T06:00:00Z,39,dayahead,0.302,0.7997,1.0,False,mos-curve-v0
2025-02-02T18:00:00Z,2025-02-03T00:00:00+06:00,2025-02-04T04:00:00+06:00,2025-02-03T22:00:00Z,T2,28,2025-02-02T06:00:00Z,40,dayahead,0.3449,0.8426,1.0,False,mos-curve-v0
2025-02-02T18:00:00Z,2025-02-03T00:00:00+06:00,2025-02-04T05:00:00+06:00,2025-02-03T23:00:00Z,T2,29,2025-02-02T06:00:00Z,41,dayahead,0.4922,0.8507,0.9357,False,mos-curve-v0
2025-02-02T18:00:00Z,2025-02-03T00:00:00+06:00,2025-02-04T06:00:00+06:00,2025-02-04T00:00:00Z,T2,30,2025-02-02T06:00:00Z,42,dayahead,0.5091,0.8676,0.9526,False,mos-curve-v0
2025-02-02T18:00:00Z,2025-02-03T00:00:00+06:00,2025-02-04T07:00:00+06:00,2025-02-04T01:00:00Z,T2,31,2025-02-02T06:00:00Z,43,dayahead,0.3513,0.8489,1.0,False,mos-curve-v0
2025-02-02T18:00:00Z,2025-02-03T00:00:00+06:00,2025-02-04T08:00:00+06:00,2025-02-04T02:00:00Z,T2,32,2025-02-02T06:00:00Z,44,dayahead,0.5177,0.8762,0.9612,False,mos-curve-v0
2025-02-02T18:00:00Z,2025-02-03T00:00:00+06:00,2025-02-04T09:00:00+06:00,2025-02-04T03:00:00Z,T2,33,2025-02-02T06:00:00Z,45,dayahead,0.5177,0.8762,0.9612,False,mos-curve-v0
2025-02-02T18:00:00Z,2025-02-03T00:00:00+06:00,2025-02-04T10:00:00+06:00,2025-02-04T04:00:00Z,T2,34,2025-02-02T06:00:00Z,46,dayahead,0.5131,0.8716,0.9566,False,mos-curve-v0
2025-02-02T18:00:00Z,2025-02-03T00:00:00+06:00,2025-02-04T11:00:00+06:00,2025-02-04T05:00:00Z,T2,35,2025-02-02T06:00:00Z,47,dayahead,0.5042,0.8627,0.9477,False,mos-curve-v0
2025-02-02T18:00:00Z,2025-02-03T00:00:00+06:00,2025-02-04T12:00:00+06:00,2025-02-04T06:00:00Z,T2,36,2025-02-02T06:00:00Z,48,dayahead,0.4975,0.856,0.941,False,mos-curve-v0
2025-02-02T18:00:00Z,2025-02-03T00:00:00+06:00,2025-02-04T13:00:00+06:00,2025-02-04T07:00:00Z,T2,37,2025-02-02T06:00:00Z,49,dayahead,0.2535,0.7512,1.0,False,mos-curve-v0
2025-02-02T18:00:00Z,2025-02-03T00:00:00+06:00,2025-02-04T14:00:00+06:00,2025-02-04T08:00:00Z,T2,38,2025-02-02T06:00:00Z,50,dayahead,0.2231,0.4864,1.0,False,mos-curve-v0
2025-02-02T18:00:00Z,2025-02-03T00:00:00+06:00,2025-02-04T15:00:00+06:00,2025-02-04T09:00:00Z,T2,39,2025-02-02T06:00:00Z,51,dayahead,0.0316,0.1139,0.3423,False,mos-curve-v0
2025-02-02T18:00:00Z,2025-02-03T00:00:00+06:00,2025-02-04T16:00:00+06:00,2025-02-04T10:00:00Z,T2,40,2025-02-02T06:00:00Z,52,dayahead,0.0,0.0537,0.2821,False,mos-curve-v0
2025-02-02T18:00:00Z,2025-02-03T00:00:00+06:00,2025-02-04T17:00:00+06:00,2025-02-04T11:00:00Z,T2,41,2025-02-02T06:00:00Z,53,dayahead,0.0,0.0496,0.278,False,mos-curve-v0
2025-02-02T18:00:00Z,2025-02-03T00:00:00+06:00,2025-02-04T18:00:00+06:00,2025-02-04T12:00:00Z,T2,42,2025-02-02T06:00:00Z,54,dayahead,0.0183,0.1006,0.329,False,mos-curve-v0
2025-02-02T18:00:00Z,2025-02-03T00:00:00+06:00,2025-02-04T19:00:00+06:00,2025-02-04T13:00:00Z,T2,43,2025-02-02T06:00:00Z,55,dayahead,0.063,0.1453,0.3737,False,mos-curve-v0
2025-02-02T18:00:00Z,2025-02-03T00:00:00+06:00,2025-02-04T20:00:00+06:00,2025-02-04T14:00:00Z,T2,44,2025-02-02T06:00:00Z,56,dayahead,0.0648,0.147,0.3754,False,mos-curve-v0
2025-02-02T18:00:00Z,2025-02-03T00:00:00+06:00,2025-02-04T21:00:00+06:00,2025-02-04T15:00:00Z,T2,45,2025-02-02T06:00:00Z,57,dayahead,0.063,0.1453,0.3737,False,mos-curve-v0
2025-02-02T18:00:00Z,2025-02-03T00:00:00+06:00,2025-02-04T22:00:00+06:00,2025-02-04T16:00:00Z,T2,46,2025-02-02T06:00:00Z,58,dayahead,0.0457,0.128,0.3564,False,mos-curve-v0
2025-02-02T18:00:00Z,2025-02-03T00:00:00+06:00,2025-02-04T23:00:00+06:00,2025-02-04T17:00:00Z,T2,47,2025-02-02T06:00:00Z,59,dayahead,0.014,0.0962,0.3246,False,mos-curve-v0
2025-02-03T18:00:00Z,2025-02-04T00:00:00+06:00,2025-02-04T00:00:00+06:00,2025-02-03T18:00:00Z,T1,0,2025-02-03T06:00:00Z,12,dayahead,0.5425,0.901,0.986,False,mos-curve-v0
2025-02-03T18:00:00Z,2025-02-04T00:00:00+06:00,2025-02-04T01:00:00+06:00,2025-02-03T19:00:00Z,T1,1,2025-02-03T06:00:00Z,13,dayahead,0.52,0.8784,0.9634,False,mos-curve-v0
2025-02-03T18:00:00Z,2025-02-04T00:00:00+06:00,2025-02-04T02:00:00+06:00,2025-02-03T20:00:00Z,T1,2,2025-02-03T06:00:00Z,14,dayahead,0.494,0.8525,0.9375,False,mos-curve-v0
2025-02-03T18:00:00Z,2025-02-04T00:00:00+06:00,2025-02-04T03:00:00+06:00,2025-02-03T21:00:00Z,T1,3,2025-02-03T06:00:00Z,15,dayahead,0.5059,0.8644,0.9494,False,mos-curve-v0
2025-02-03T18:00:00Z,2025-02-04T00:00:00+06:00,2025-02-04T04:00:00+06:00,2025-02-03T22:00:00Z,T1,4,2025-02-03T06:00:00Z,16,dayahead,0.5115,0.87,0.955,False,mos-curve-v0
2025-02-03T18:00:00Z,2025-02-04T00:00:00+06:00,2025-02-04T05:00:00+06:00,2025-02-03T23:00:00Z,T1,5,2025-02-03T06:00:00Z,17,dayahead,0.5279,0.8864,0.9714,False,mos-curve-v0
2025-02-03T18:00:00Z,2025-02-04T00:00:00+06:00,2025-02-04T06:00:00+06:00,2025-02-04T00:00:00Z,T1,6,2025-02-03T06:00:00Z,18,dayahead,0.5425,0.901,0.986,False,mos-curve-v0
2025-02-03T18:00:00Z,2025-02-04T00:00:00+06:00,2025-02-04T07:00:00+06:00,2025-02-04T01:00:00Z,T1,7,2025-02-03T06:00:00Z,19,dayahead,0.5456,0.904,0.9891,False,mos-curve-v0
2025-02-03T18:00:00Z,2025-02-04T00:00:00+06:00,2025-02-04T08:00:00+06:00,2025-02-04T02:00:00Z,T1,8,2025-02-03T06:00:00Z,20,dayahead,0.5314,0.8899,0.9749,False,mos-curve-v0
2025-02-03T18:00:00Z,2025-02-04T00:00:00+06:00,2025-02-04T09:00:00+06:00,2025-02-04T03:00:00Z,T1,9,2025-02-03T06:00:00Z,21,dayahead,0.5162,0.8747,0.9597,False,mos-curve-v0
2025-02-03T18:00:00Z,2025-02-04T00:00:00+06:00,2025-02-04T10:00:00+06:00,2025-02-04T04:00:00Z,T1,10,2025-02-03T06:00:00Z,22,dayahead,0.3467,0.8444,1.0,False,mos-curve-v0
2025-02-03T18:00:00Z,2025-02-04T00:00:00+06:00,2025-02-04T11:00:00+06:00,2025-02-04T05:00:00Z,T1,11,2025-02-03T06:00:00Z,23,dayahead,0.1858,0.6835,0.9821,False,mos-curve-v0
2025-02-03T18:00:00Z,2025-02-04T00:00:00+06:00,2025-02-04T12:00:00+06:00,2025-02-04T06:00:00Z,T1,12,2025-02-03T06:00:00Z,24,dayahead,0.2126,0.476,0.99,False,mos-curve-v0
2025-02-03T18:00:00Z,2025-02-04T00:00:00+06:00,2025-02-04T13:00:00+06:00,2025-02-04T07:00:00Z,T1,13,2025-02-03T06:00:00Z,25,dayahead,0.0316,0.295,0.809,False,mos-curve-v0
2025-02-03T18:00:00Z,2025-02-04T00:00:00+06:00,2025-02-04T14:00:00+06:00,2025-02-04T08:00:00Z,T1,14,2025-02-03T06:00:00Z,26,dayahead,0.0,0.0638,0.2921,False,mos-curve-v0
2025-02-03T18:00:00Z,2025-02-04T00:00:00+06:00,2025-02-04T15:00:00+06:00,2025-02-04T09:00:00Z,T1,15,2025-02-03T06:00:00Z,27,dayahead,0.0,0.0401,0.2685,False,mos-curve-v0
2025-02-03T18:00:00Z,2025-02-04T00:00:00+06:00,2025-02-04T16:00:00+06:00,2025-02-04T10:00:00Z,T1,16,2025-02-03T06:00:00Z,28,dayahead,0.0,0.0726,0.301,False,mos-curve-v0
2025-02-03T18:00:00Z,2025-02-04T00:00:00+06:00,2025-02-04T17:00:00+06:00,2025-02-04T11:00:00Z,T1,17,2025-02-03T06:00:00Z,29,dayahead,0.0521,0.1344,0.3628,False,mos-curve-v0
2025-02-03T18:00:00Z,2025-02-04T00:00:00+06:00,2025-02-04T18:00:00+06:00,2025-02-04T12:00:00Z,T1,18,2025-02-03T06:00:00Z,30,dayahead,0.0,0.1645,0.6785,False,mos-curve-v0
2025-02-03T18:00:00Z,2025-02-04T00:00:00+06:00,2025-02-04T19:00:00+06:00,2025-02-04T13:00:00Z,T1,19,2025-02-03T06:00:00Z,31,dayahead,0.0,0.1693,0.6833,False,mos-curve-v0
2025-02-03T18:00:00Z,2025-02-04T00:00:00+06:00,2025-02-04T20:00:00+06:00,2025-02-04T14:00:00Z,T1,20,2025-02-03T06:00:00Z,32,dayahead,0.0,0.1773,0.6913,False,mos-curve-v0
2025-02-03T18:00:00Z,2025-02-04T00:00:00+06:00,2025-02-04T21:00:00+06:00,2025-02-04T15:00:00Z,T1,21,2025-02-03T06:00:00Z,33,dayahead,0.0,0.1635,0.6775,False,mos-curve-v0
2025-02-03T18:00:00Z,2025-02-04T00:00:00+06:00,2025-02-04T22:00:00+06:00,2025-02-04T16:00:00Z,T1,22,2025-02-03T06:00:00Z,34,dayahead,0.0,0.1569,0.6709,False,mos-curve-v0
2025-02-03T18:00:00Z,2025-02-04T00:00:00+06:00,2025-02-04T23:00:00+06:00,2025-02-04T17:00:00Z,T1,23,2025-02-03T06:00:00Z,35,dayahead,0.0404,0.1226,0.351,False,mos-curve-v0
2025-02-03T18:00:00Z,2025-02-04T00:00:00+06:00,2025-02-05T00:00:00+06:00,2025-02-04T18:00:00Z,T1,24,2025-02-03T06:00:00Z,36,dayahead,0.0019,0.0842,0.3126,False,mos-curve-v0
2025-02-03T18:00:00Z,2025-02-04T00:00:00+06:00,2025-02-05T01:00:00+06:00,2025-02-04T19:00:00Z,T1,25,2025-02-03T06:00:00Z,37,dayahead,0.0,0.0578,0.2862,False,mos-curve-v0
2025-02-03T18:00:00Z,2025-02-04T00:00:00+06:00,2025-02-05T02:00:00+06:00,2025-02-04T20:00:00Z,T1,26,2025-02-03T06:00:00Z,38,dayahead,0.0,0.0375,0.2659,False,mos-curve-v0
2025-02-03T18:00:00Z,2025-02-04T00:00:00+06:00,2025-02-05T03:00:00+06:00,2025-02-04T21:00:00Z,T1,27,2025-02-03T06:00:00Z,39,dayahead,0.0,0.0197,0.2481,False,mos-curve-v0
2025-02-03T18:00:00Z,2025-02-04T00:00:00+06:00,2025-02-05T04:00:00+06:00,2025-02-04T22:00:00Z,T1,28,2025-02-03T06:00:00Z,40,dayahead,0.0,0.0121,0.2405,False,mos-curve-v0
2025-02-03T18:00:00Z,2025-02-04T00:00:00+06:00,2025-02-05T05:00:00+06:00,2025-02-04T23:00:00Z,T1,29,2025-02-03T06:00:00Z,41,dayahead,0.0,0.0166,0.245,False,mos-curve-v0
2025-02-03T18:00:00Z,2025-02-04T00:00:00+06:00,2025-02-05T06:00:00+06:00,2025-02-05T00:00:00Z,T1,30,2025-02-03T06:00:00Z,42,dayahead,0.0,0.0251,0.2535,False,mos-curve-v0
2025-02-03T18:00:00Z,2025-02-04T00:00:00+06:00,2025-02-05T07:00:00+06:00,2025-02-05T01:00:00Z,T1,31,2025-02-03T06:00:00Z,43,dayahead,0.0,0.0332,0.2616,False,mos-curve-v0
2025-02-03T18:00:00Z,2025-02-04T00:00:00+06:00,2025-02-05T08:00:00+06:00,2025-02-05T02:00:00Z,T1,32,2025-02-03T06:00:00Z,44,dayahead,0.0,0.0506,0.279,False,mos-curve-v0
2025-02-03T18:00:00Z,2025-02-04T00:00:00+06:00,2025-02-05T09:00:00+06:00,2025-02-05T03:00:00Z,T1,33,2025-02-03T06:00:00Z,45,dayahead,0.0,0.0654,0.2938,False,mos-curve-v0
2025-02-03T18:00:00Z,2025-02-04T00:00:00+06:00,2025-02-05T10:00:00+06:00,2025-02-05T04:00:00Z,T1,34,2025-02-03T06:00:00Z,46,dayahead,0.0,0.076,0.3044,False,mos-curve-v0
2025-02-03T18:00:00Z,2025-02-04T00:00:00+06:00,2025-02-05T11:00:00+06:00,2025-02-05T05:00:00Z,T1,35,2025-02-03T06:00:00Z,47,dayahead,0.0,0.081,0.3094,False,mos-curve-v0
2025-02-03T18:00:00Z,2025-02-04T00:00:00+06:00,2025-02-05T12:00:00+06:00,2025-02-05T06:00:00Z,T1,36,2025-02-03T06:00:00Z,48,dayahead,0.0,0.0582,0.2866,False,mos-curve-v0
2025-02-03T18:00:00Z,2025-02-04T00:00:00+06:00,2025-02-05T13:00:00+06:00,2025-02-05T07:00:00Z,T1,37,2025-02-03T06:00:00Z,49,dayahead,0.0,0.0393,0.2677,False,mos-curve-v0
2025-02-03T18:00:00Z,2025-02-04T00:00:00+06:00,2025-02-05T14:00:00+06:00,2025-02-05T08:00:00Z,T1,38,2025-02-03T06:00:00Z,50,dayahead,0.0,0.0237,0.252,False,mos-curve-v0
2025-02-03T18:00:00Z,2025-02-04T00:00:00+06:00,2025-02-05T15:00:00+06:00,2025-02-05T09:00:00Z,T1,39,2025-02-03T06:00:00Z,51,dayahead,0.0,0.0226,0.2509,False,mos-curve-v0
2025-02-03T18:00:00Z,2025-02-04T00:00:00+06:00,2025-02-05T16:00:00+06:00,2025-02-05T10:00:00Z,T1,40,2025-02-03T06:00:00Z,52,dayahead,0.0,0.017,0.2454,False,mos-curve-v0
2025-02-03T18:00:00Z,2025-02-04T00:00:00+06:00,2025-02-05T17:00:00+06:00,2025-02-05T11:00:00Z,T1,41,2025-02-03T06:00:00Z,53,dayahead,0.0,0.0132,0.2416,False,mos-curve-v0
2025-02-03T18:00:00Z,2025-02-04T00:00:00+06:00,2025-02-05T18:00:00+06:00,2025-02-05T12:00:00Z,T1,42,2025-02-03T06:00:00Z,54,dayahead,0.0,0.0153,0.2437,False,mos-curve-v0
2025-02-03T18:00:00Z,2025-02-04T00:00:00+06:00,2025-02-05T19:00:00+06:00,2025-02-05T13:00:00Z,T1,43,2025-02-03T06:00:00Z,55,dayahead,0.0,0.0229,0.2513,False,mos-curve-v0
2025-02-03T18:00:00Z,2025-02-04T00:00:00+06:00,2025-02-05T20:00:00+06:00,2025-02-05T14:00:00Z,T1,44,2025-02-03T06:00:00Z,56,dayahead,0.0,0.0248,0.2532,False,mos-curve-v0
2025-02-03T18:00:00Z,2025-02-04T00:00:00+06:00,2025-02-05T21:00:00+06:00,2025-02-05T15:00:00Z,T1,45,2025-02-03T06:00:00Z,57,dayahead,0.0,0.0227,0.2511,False,mos-curve-v0
2025-02-03T18:00:00Z,2025-02-04T00:00:00+06:00,2025-02-05T22:00:00+06:00,2025-02-05T16:00:00Z,T1,46,2025-02-03T06:00:00Z,58,dayahead,0.0,0.0246,0.253,False,mos-curve-v0
2025-02-03T18:00:00Z,2025-02-04T00:00:00+06:00,2025-02-05T23:00:00+06:00,2025-02-05T17:00:00Z,T1,47,2025-02-03T06:00:00Z,59,dayahead,0.0,0.0306,0.259,False,mos-curve-v0
2025-02-03T18:00:00Z,2025-02-04T00:00:00+06:00,2025-02-04T00:00:00+06:00,2025-02-03T18:00:00Z,T2,0,2025-02-03T06:00:00Z,12,dayahead,0.5425,0.901,0.986,False,mos-curve-v0
2025-02-03T18:00:00Z,2025-02-04T00:00:00+06:00,2025-02-04T01:00:00+06:00,2025-02-03T19:00:00Z,T2,1,2025-02-03T06:00:00Z,13,dayahead,0.52,0.8784,0.9634,False,mos-curve-v0
2025-02-03T18:00:00Z,2025-02-04T00:00:00+06:00,2025-02-04T02:00:00+06:00,2025-02-03T20:00:00Z,T2,2,2025-02-03T06:00:00Z,14,dayahead,0.494,0.8525,0.9375,False,mos-curve-v0
2025-02-03T18:00:00Z,2025-02-04T00:00:00+06:00,2025-02-04T03:00:00+06:00,2025-02-03T21:00:00Z,T2,3,2025-02-03T06:00:00Z,15,dayahead,0.5059,0.8644,0.9494,False,mos-curve-v0
2025-02-03T18:00:00Z,2025-02-04T00:00:00+06:00,2025-02-04T04:00:00+06:00,2025-02-03T22:00:00Z,T2,4,2025-02-03T06:00:00Z,16,dayahead,0.5115,0.87,0.955,False,mos-curve-v0
2025-02-03T18:00:00Z,2025-02-04T00:00:00+06:00,2025-02-04T05:00:00+06:00,2025-02-03T23:00:00Z,T2,5,2025-02-03T06:00:00Z,17,dayahead,0.5279,0.8864,0.9714,False,mos-curve-v0
2025-02-03T18:00:00Z,2025-02-04T00:00:00+06:00,2025-02-04T06:00:00+06:00,2025-02-04T00:00:00Z,T2,6,2025-02-03T06:00:00Z,18,dayahead,0.5425,0.901,0.986,False,mos-curve-v0
2025-02-03T18:00:00Z,2025-02-04T00:00:00+06:00,2025-02-04T07:00:00+06:00,2025-02-04T01:00:00Z,T2,7,2025-02-03T06:00:00Z,19,dayahead,0.5456,0.904,0.9891,False,mos-curve-v0
2025-02-03T18:00:00Z,2025-02-04T00:00:00+06:00,2025-02-04T08:00:00+06:00,2025-02-04T02:00:00Z,T2,8,2025-02-03T06:00:00Z,20,dayahead,0.5314,0.8899,0.9749,False,mos-curve-v0
2025-02-03T18:00:00Z,2025-02-04T00:00:00+06:00,2025-02-04T09:00:00+06:00,2025-02-04T03:00:00Z,T2,9,2025-02-03T06:00:00Z,21,dayahead,0.5162,0.8747,0.9597,False,mos-curve-v0
2025-02-03T18:00:00Z,2025-02-04T00:00:00+06:00,2025-02-04T10:00:00+06:00,2025-02-04T04:00:00Z,T2,10,2025-02-03T06:00:00Z,22,dayahead,0.3467,0.8444,1.0,False,mos-curve-v0
2025-02-03T18:00:00Z,2025-02-04T00:00:00+06:00,2025-02-04T11:00:00+06:00,2025-02-04T05:00:00Z,T2,11,2025-02-03T06:00:00Z,23,dayahead,0.1858,0.6835,0.9821,False,mos-curve-v0
2025-02-03T18:00:00Z,2025-02-04T00:00:00+06:00,2025-02-04T12:00:00+06:00,2025-02-04T06:00:00Z,T2,12,2025-02-03T06:00:00Z,24,dayahead,0.2126,0.476,0.99,False,mos-curve-v0
2025-02-03T18:00:00Z,2025-02-04T00:00:00+06:00,2025-02-04T13:00:00+06:00,2025-02-04T07:00:00Z,T2,13,2025-02-03T06:00:00Z,25,dayahead,0.0316,0.295,0.809,False,mos-curve-v0
2025-02-03T18:00:00Z,2025-02-04T00:00:00+06:00,2025-02-04T14:00:00+06:00,2025-02-04T08:00:00Z,T2,14,2025-02-03T06:00:00Z,26,dayahead,0.0,0.0638,0.2921,False,mos-curve-v0
2025-02-03T18:00:00Z,2025-02-04T00:00:00+06:00,2025-02-04T15:00:00+06:00,2025-02-04T09:00:00Z,T2,15,2025-02-03T06:00:00Z,27,dayahead,0.0,0.0401,0.2685,False,mos-curve-v0
2025-02-03T18:00:00Z,2025-02-04T00:00:00+06:00,2025-02-04T16:00:00+06:00,2025-02-04T10:00:00Z,T2,16,2025-02-03T06:00:00Z,28,dayahead,0.0,0.0726,0.301,False,mos-curve-v0
2025-02-03T18:00:00Z,2025-02-04T00:00:00+06:00,2025-02-04T17:00:00+06:00,2025-02-04T11:00:00Z,T2,17,2025-02-03T06:00:00Z,29,dayahead,0.0521,0.1344,0.3628,False,mos-curve-v0
2025-02-03T18:00:00Z,2025-02-04T00:00:00+06:00,2025-02-04T18:00:00+06:00,2025-02-04T12:00:00Z,T2,18,2025-02-03T06:00:00Z,30,dayahead,0.0,0.1645,0.6785,False,mos-curve-v0
2025-02-03T18:00:00Z,2025-02-04T00:00:00+06:00,2025-02-04T19:00:00+06:00,2025-02-04T13:00:00Z,T2,19,2025-02-03T06:00:00Z,31,dayahead,0.0,0.1693,0.6833,False,mos-curve-v0
2025-02-03T18:00:00Z,2025-02-04T00:00:00+06:00,2025-02-04T20:00:00+06:00,2025-02-04T14:00:00Z,T2,20,2025-02-03T06:00:00Z,32,dayahead,0.0,0.1773,0.6913,False,mos-curve-v0
2025-02-03T18:00:00Z,2025-02-04T00:00:00+06:00,2025-02-04T21:00:00+06:00,2025-02-04T15:00:00Z,T2,21,2025-02-03T06:00:00Z,33,dayahead,0.0,0.1635,0.6775,False,mos-curve-v0
2025-02-03T18:00:00Z,2025-02-04T00:00:00+06:00,2025-02-04T22:00:00+06:00,2025-02-04T16:00:00Z,T2,22,2025-02-03T06:00:00Z,34,dayahead,0.0,0.1569,0.6709,False,mos-curve-v0
2025-02-03T18:00:00Z,2025-02-04T00:00:00+06:00,2025-02-04T23:00:00+06:00,2025-02-04T17:00:00Z,T2,23,2025-02-03T06:00:00Z,35,dayahead,0.0404,0.1226,0.351,False,mos-curve-v0
2025-02-03T18:00:00Z,2025-02-04T00:00:00+06:00,2025-02-05T00:00:00+06:00,2025-02-04T18:00:00Z,T2,24,2025-02-03T06:00:00Z,36,dayahead,0.0019,0.0842,0.3126,False,mos-curve-v0
2025-02-03T18:00:00Z,2025-02-04T00:00:00+06:00,2025-02-05T01:00:00+06:00,2025-02-04T19:00:00Z,T2,25,2025-02-03T06:00:00Z,37,dayahead,0.0,0.0578,0.2862,False,mos-curve-v0
2025-02-03T18:00:00Z,2025-02-04T00:00:00+06:00,2025-02-05T02:00:00+06:00,2025-02-04T20:00:00Z,T2,26,2025-02-03T06:00:00Z,38,dayahead,0.0,0.0375,0.2659,False,mos-curve-v0
2025-02-03T18:00:00Z,2025-02-04T00:00:00+06:00,2025-02-05T03:00:00+06:00,2025-02-04T21:00:00Z,T2,27,2025-02-03T06:00:00Z,39,dayahead,0.0,0.0197,0.2481,False,mos-curve-v0
2025-02-03T18:00:00Z,2025-02-04T00:00:00+06:00,2025-02-05T04:00:00+06:00,2025-02-04T22:00:00Z,T2,28,2025-02-03T06:00:00Z,40,dayahead,0.0,0.0121,0.2405,False,mos-curve-v0
2025-02-03T18:00:00Z,2025-02-04T00:00:00+06:00,2025-02-05T05:00:00+06:00,2025-02-04T23:00:00Z,T2,29,2025-02-03T06:00:00Z,41,dayahead,0.0,0.0166,0.245,False,mos-curve-v0
2025-02-03T18:00:00Z,2025-02-04T00:00:00+06:00,2025-02-05T06:00:00+06:00,2025-02-05T00:00:00Z,T2,30,2025-02-03T06:00:00Z,42,dayahead,0.0,0.0251,0.2535,False,mos-curve-v0
2025-02-03T18:00:00Z,2025-02-04T00:00:00+06:00,2025-02-05T07:00:00+06:00,2025-02-05T01:00:00Z,T2,31,2025-02-03T06:00:00Z,43,dayahead,0.0,0.0332,0.2616,False,mos-curve-v0
2025-02-03T18:00:00Z,2025-02-04T00:00:00+06:00,2025-02-05T08:00:00+06:00,2025-02-05T02:00:00Z,T2,32,2025-02-03T06:00:00Z,44,dayahead,0.0,0.0506,0.279,False,mos-curve-v0
2025-02-03T18:00:00Z,2025-02-04T00:00:00+06:00,2025-02-05T09:00:00+06:00,2025-02-05T03:00:00Z,T2,33,2025-02-03T06:00:00Z,45,dayahead,0.0,0.0654,0.2938,False,mos-curve-v0
2025-02-03T18:00:00Z,2025-02-04T00:00:00+06:00,2025-02-05T10:00:00+06:00,2025-02-05T04:00:00Z,T2,34,2025-02-03T06:00:00Z,46,dayahead,0.0,0.076,0.3044,False,mos-curve-v0
2025-02-03T18:00:00Z,2025-02-04T00:00:00+06:00,2025-02-05T11:00:00+06:00,2025-02-05T05:00:00Z,T2,35,2025-02-03T06:00:00Z,47,dayahead,0.0,0.081,0.3094,False,mos-curve-v0
2025-02-03T18:00:00Z,2025-02-04T00:00:00+06:00,2025-02-05T12:00:00+06:00,2025-02-05T06:00:00Z,T2,36,2025-02-03T06:00:00Z,48,dayahead,0.0,0.0582,0.2866,False,mos-curve-v0
2025-02-03T18:00:00Z,2025-02-04T00:00:00+06:00,2025-02-05T13:00:00+06:00,2025-02-05T07:00:00Z,T2,37,2025-02-03T06:00:00Z,49,dayahead,0.0,0.0393,0.2677,False,mos-curve-v0
2025-02-03T18:00:00Z,2025-02-04T00:00:00+06:00,2025-02-05T14:00:00+06:00,2025-02-05T08:00:00Z,T2,38,2025-02-03T06:00:00Z,50,dayahead,0.0,0.0237,0.252,False,mos-curve-v0
2025-02-03T18:00:00Z,2025-02-04T00:00:00+06:00,2025-02-05T15:00:00+06:00,2025-02-05T09:00:00Z,T2,39,2025-02-03T06:00:00Z,51,dayahead,0.0,0.0226,0.2509,False,mos-curve-v0
2025-02-03T18:00:00Z,2025-02-04T00:00:00+06:00,2025-02-05T16:00:00+06:00,2025-02-05T10:00:00Z,T2,40,2025-02-03T06:00:00Z,52,dayahead,0.0,0.017,0.2454,False,mos-curve-v0
2025-02-03T18:00:00Z,2025-02-04T00:00:00+06:00,2025-02-05T17:00:00+06:00,2025-02-05T11:00:00Z,T2,41,2025-02-03T06:00:00Z,53,dayahead,0.0,0.0132,0.2416,False,mos-curve-v0
2025-02-03T18:00:00Z,2025-02-04T00:00:00+06:00,2025-02-05T18:00:00+06:00,2025-02-05T12:00:00Z,T2,42,2025-02-03T06:00:00Z,54,dayahead,0.0,0.0153,0.2437,False,mos-curve-v0
2025-02-03T18:00:00Z,2025-02-04T00:00:00+06:00,2025-02-05T19:00:00+06:00,2025-02-05T13:00:00Z,T2,43,2025-02-03T06:00:00Z,55,dayahead,0.0,0.0229,0.2513,False,mos-curve-v0
2025-02-03T18:00:00Z,2025-02-04T00:00:00+06:00,2025-02-05T20:00:00+06:00,2025-02-05T14:00:00Z,T2,44,2025-02-03T06:00:00Z,56,dayahead,0.0,0.0248,0.2532,False,mos-curve-v0
2025-02-03T18:00:00Z,2025-02-04T00:00:00+06:00,2025-02-05T21:00:00+06:00,2025-02-05T15:00:00Z,T2,45,2025-02-03T06:00:00Z,57,dayahead,0.0,0.0227,0.2511,False,mos-curve-v0
2025-02-03T18:00:00Z,2025-02-04T00:00:00+06:00,2025-02-05T22:00:00+06:00,2025-02-05T16:00:00Z,T2,46,2025-02-03T06:00:00Z,58,dayahead,0.0,0.0246,0.253,False,mos-curve-v0
2025-02-03T18:00:00Z,2025-02-04T00:00:00+06:00,2025-02-05T23:00:00+06:00,2025-02-05T17:00:00Z,T2,47,2025-02-03T06:00:00Z,59,dayahead,0.0,0.0306,0.259,False,mos-curve-v0
2025-02-04T18:00:00Z,2025-02-05T00:00:00+06:00,2025-02-05T00:00:00+06:00,2025-02-04T18:00:00Z,T1,0,2025-02-04T06:00:00Z,12,dayahead,0.0529,0.1352,0.3636,False,mos-curve-v0
2025-02-04T18:00:00Z,2025-02-05T00:00:00+06:00,2025-02-05T01:00:00+06:00,2025-02-04T19:00:00Z,T1,1,2025-02-04T06:00:00Z,13,dayahead,0.0047,0.0869,0.3153,False,mos-curve-v0
2025-02-04T18:00:00Z,2025-02-05T00:00:00+06:00,2025-02-05T02:00:00+06:00,2025-02-04T20:00:00Z,T1,2,2025-02-04T06:00:00Z,14,dayahead,0.0,0.057,0.2854,False,mos-curve-v0
2025-02-04T18:00:00Z,2025-02-05T00:00:00+06:00,2025-02-05T03:00:00+06:00,2025-02-04T21:00:00Z,T1,3,2025-02-04T06:00:00Z,15,dayahead,0.0,0.0325,0.2609,False,mos-curve-v0
2025-02-04T18:00:00Z,2025-02-05T00:00:00+06:00,2025-02-05T04:00:00+06:00,2025-02-04T22:00:00Z,T1,4,2025-02-04T06:00:00Z,16,dayahead,0.0,0.0209,0.2493,False,mos-curve-v0
2025-02-04T18:00:00Z,2025-02-05T00:00:00+06:00,2025-02-05T05:00:00+06:00,2025-02-04T23:00:00Z,T1,5,2025-02-04T06:00:00Z,17,dayahead,0.0,0.0108,0.2392,False,mos-curve-v0
2025-02-04T18:00:00Z,2025-02-05T00:00:00+06:00,2025-02-05T06:00:00+06:00,2025-02-05T00:00:00Z,T1,6,2025-02-04T06:00:00Z,18,dayahead,0.0,0.025,0.2534,False,mos-curve-v0
2025-02-04T18:00:00Z,2025-02-05T00:00:00+06:00,2025-02-05T07:00:00+06:00,2025-02-05T01:00:00Z,T1,7,2025-02-04T06:00:00Z,19,dayahead,0.0,0.0555,0.2839,False,mos-curve-v0
2025-02-04T18:00:00Z,2025-02-05T00:00:00+06:00,2025-02-05T08:00:00+06:00,2025-02-05T02:00:00Z,T1,8,2025-02-04T06:00:00Z,20,dayahead,0.0127,0.095,0.3234,False,mos-curve-v0
2025-02-04T18:00:00Z,2025-02-05T00:00:00+06:00,2025-02-05T09:00:00+06:00,2025-02-05T03:00:00Z,T1,9,2025-02-04T06:00:00Z,21,dayahead,0.0177,0.0999,0.3283,False,mos-curve-v0
2025-02-04T18:00:00Z,2025-02-05T00:00:00+06:00,2025-02-05T10:00:00+06:00,2025-02-05T04:00:00Z,T1,10,2025-02-04T06:00:00Z,22,dayahead,0.0,0.08,0.3084,False,mos-curve-v0
2025-02-04T18:00:00Z,2025-02-05T00:00:00+06:00,2025-02-05T11:00:00+06:00,2025-02-05T05:00:00Z,T1,11,2025-02-04T06:00:00Z,23,dayahead,0.0579,0.1402,0.3686,False,mos-curve-v0
2025-02-04T18:00:00Z,2025-02-05T00:00:00+06:00,2025-02-05T12:00:00+06:00,2025-02-05T06:00:00Z,T1,12,2025-02-04T06:00:00Z,24,dayahead,0.0,0.1597,0.6737,False,mos-curve-v0
2025-02-04T18:00:00Z,2025-02-05T00:00:00+06:00,2025-02-05T13:00:00+06:00,2025-02-05T07:00:00Z,T1,13,2025-02-04T06:00:00Z,25,dayahead,0.0521,0.1344,0.3628,False,mos-curve-v0
2025-02-04T18:00:00Z,2025-02-05T00:00:00+06:00,2025-02-05T14:00:00+06:00,2025-02-05T08:00:00Z,T1,14,2025-02-04T06:00:00Z,26,dayahead,0.0,0.0795,0.3079,False,mos-curve-v0
2025-02-04T18:00:00Z,2025-02-05T00:00:00+06:00,2025-02-05T15:00:00+06:00,2025-02-05T09:00:00Z,T1,15,2025-02-04T06:00:00Z,27,dayahead,0.0,0.08,0.3084,False,mos-curve-v0
2025-02-04T18:00:00Z,2025-02-05T00:00:00+06:00,2025-02-05T16:00:00+06:00,2025-02-05T10:00:00Z,T1,16,2025-02-04T06:00:00Z,28,dayahead,0.0009,0.0831,0.3115,False,mos-curve-v0
2025-02-04T18:00:00Z,2025-02-05T00:00:00+06:00,2025-02-05T17:00:00+06:00,2025-02-05T11:00:00Z,T1,17,2025-02-04T06:00:00Z,29,dayahead,0.0,0.0552,0.2836,False,mos-curve-v0
2025-02-04T18:00:00Z,2025-02-05T00:00:00+06:00,2025-02-05T18:00:00+06:00,2025-02-05T12:00:00Z,T1,18,2025-02-04T06:00:00Z,30,dayahead,0.0,0.0341,0.2625,False,mos-curve-v0
2025-02-04T18:00:00Z,2025-02-05T00:00:00+06:00,2025-02-05T19:00:00+06:00,2025-02-05T13:00:00Z,T1,19,2025-02-04T06:00:00Z,31,dayahead,0.0,0.0184,0.2468,False,mos-curve-v0
2025-02-04T18:00:00Z,2025-02-05T00:00:00+06:00,2025-02-05T20:00:00+06:00,2025-02-05T14:00:00Z,T1,20,2025-02-04T06:00:00Z,32,dayahead,0.0,0.0194,0.2478,False,mos-curve-v0
2025-02-04T18:00:00Z,2025-02-05T00:00:00+06:00,2025-02-05T21:00:00+06:00,2025-02-05T15:00:00Z,T1,21,2025-02-04T06:00:00Z,33,dayahead,0.0,0.0216,0.25,False,mos-curve-v0
2025-02-04T18:00:00Z,2025-02-05T00:00:00+06:00,2025-02-05T22:00:00+06:00,2025-02-05T16:00:00Z,T1,22,2025-02-04T06:00:00Z,34,dayahead,0.0,0.0325,0.2609,False,mos-curve-v0
2025-02-04T18:00:00Z,2025-02-05T00:00:00+06:00,2025-02-05T23:00:00+06:00,2025-02-05T17:00:00Z,T1,23,2025-02-04T06:00:00Z,35,dayahead,0.0,0.0298,0.2582,False,mos-curve-v0
2025-02-04T18:00:00Z,2025-02-05T00:00:00+06:00,2025-02-06T00:00:00+06:00,2025-02-05T18:00:00Z,T1,24,2025-02-04T06:00:00Z,36,dayahead,0.0,0.0226,0.2509,False,mos-curve-v0
2025-02-04T18:00:00Z,2025-02-05T00:00:00+06:00,2025-02-06T01:00:00+06:00,2025-02-05T19:00:00Z,T1,25,2025-02-04T06:00:00Z,37,dayahead,0.0,0.0163,0.2447,False,mos-curve-v0
2025-02-04T18:00:00Z,2025-02-05T00:00:00+06:00,2025-02-06T02:00:00+06:00,2025-02-05T20:00:00Z,T1,26,2025-02-04T06:00:00Z,38,dayahead,0.0,0.0124,0.2408,False,mos-curve-v0
2025-02-04T18:00:00Z,2025-02-05T00:00:00+06:00,2025-02-06T03:00:00+06:00,2025-02-05T21:00:00Z,T1,27,2025-02-04T06:00:00Z,39,dayahead,0.0,0.029,0.2574,False,mos-curve-v0
2025-02-04T18:00:00Z,2025-02-05T00:00:00+06:00,2025-02-06T04:00:00+06:00,2025-02-05T22:00:00Z,T1,28,2025-02-04T06:00:00Z,40,dayahead,0.0,0.0755,0.3039,False,mos-curve-v0
2025-02-04T18:00:00Z,2025-02-05T00:00:00+06:00,2025-02-06T05:00:00+06:00,2025-02-05T23:00:00Z,T1,29,2025-02-04T06:00:00Z,41,dayahead,0.0571,0.1393,0.3677,False,mos-curve-v0
2025-02-04T18:00:00Z,2025-02-05T00:00:00+06:00,2025-02-06T06:00:00+06:00,2025-02-06T00:00:00Z,T1,30,2025-02-04T06:00:00Z,42,dayahead,0.0,0.2008,0.7148,False,mos-curve-v0
2025-02-04T18:00:00Z,2025-02-05T00:00:00+06:00,2025-02-06T07:00:00+06:00,2025-02-06T01:00:00Z,T1,31,2025-02-04T06:00:00Z,43,dayahead,0.0692,0.3325,0.8465,False,mos-curve-v0
2025-02-04T18:00:00Z,2025-02-05T00:00:00+06:00,2025-02-06T08:00:00+06:00,2025-02-06T02:00:00Z,T1,32,2025-02-04T06:00:00Z,44,dayahead,0.1238,0.3872,0.9011,False,mos-curve-v0
2025-02-04T18:00:00Z,2025-02-05T00:00:00+06:00,2025-02-06T09:00:00+06:00,2025-02-06T03:00:00Z,T1,33,2025-02-04T06:00:00Z,45,dayahead,0.1439,0.4072,0.9212,False,mos-curve-v0
2025-02-04T18:00:00Z,2025-02-05T00:00:00+06:00,2025-02-06T10:00:00+06:00,2025-02-06T04:00:00Z,T1,34,2025-02-04T06:00:00Z,46,dayahead,0.0817,0.3451,0.859,False,mos-curve-v0
2025-02-04T18:00:00Z,2025-02-05T00:00:00+06:00,2025-02-06T11:00:00+06:00,2025-02-06T05:00:00Z,T1,35,2025-02-04T06:00:00Z,47,dayahead,0.0707,0.3341,0.8481,False,mos-curve-v0
2025-02-04T18:00:00Z,2025-02-05T00:00:00+06:00,2025-02-06T12:00:00+06:00,2025-02-06T06:00:00Z,T1,36,2025-02-04T06:00:00Z,48,dayahead,0.1074,0.3707,0.8847,False,mos-curve-v0
2025-02-04T18:00:00Z,2025-02-05T00:00:00+06:00,2025-02-06T13:00:00+06:00,2025-02-06T07:00:00Z,T1,37,2025-02-04T06:00:00Z,49,dayahead,0.1745,0.4379,0.9519,False,mos-curve-v0
2025-02-04T18:00:00Z,2025-02-05T00:00:00+06:00,2025-02-06T14:00:00+06:00,2025-02-06T08:00:00Z,T1,38,2025-02-04T06:00:00Z,50,dayahead,0.1762,0.4396,0.9536,False,mos-curve-v0
2025-02-04T18:00:00Z,2025-02-05T00:00:00+06:00,2025-02-06T15:00:00+06:00,2025-02-06T09:00:00Z,T1,39,2025-02-04T06:00:00Z,51,dayahead,0.0393,0.537,0.8356,False,mos-curve-v0
2025-02-04T18:00:00Z,2025-02-05T00:00:00+06:00,2025-02-06T16:00:00+06:00,2025-02-06T10:00:00Z,T1,40,2025-02-04T06:00:00Z,52,dayahead,0.2004,0.4638,0.9778,False,mos-curve-v0
2025-02-04T18:00:00Z,2025-02-05T00:00:00+06:00,2025-02-06T17:00:00+06:00,2025-02-06T11:00:00Z,T1,41,2025-02-04T06:00:00Z,53,dayahead,0.1745,0.4379,0.9519,False,mos-curve-v0
2025-02-04T18:00:00Z,2025-02-05T00:00:00+06:00,2025-02-06T18:00:00+06:00,2025-02-06T12:00:00Z,T1,42,2025-02-04T06:00:00Z,54,dayahead,0.1238,0.3872,0.9011,False,mos-curve-v0
2025-02-04T18:00:00Z,2025-02-05T00:00:00+06:00,2025-02-06T19:00:00+06:00,2025-02-06T13:00:00Z,T1,43,2025-02-04T06:00:00Z,55,dayahead,0.1355,0.3988,0.9128,False,mos-curve-v0
2025-02-04T18:00:00Z,2025-02-05T00:00:00+06:00,2025-02-06T20:00:00+06:00,2025-02-06T14:00:00Z,T1,44,2025-02-04T06:00:00Z,56,dayahead,0.1139,0.3773,0.8913,False,mos-curve-v0
2025-02-04T18:00:00Z,2025-02-05T00:00:00+06:00,2025-02-06T21:00:00+06:00,2025-02-06T15:00:00Z,T1,45,2025-02-04T06:00:00Z,57,dayahead,0.2196,0.4829,0.9969,False,mos-curve-v0
2025-02-04T18:00:00Z,2025-02-05T00:00:00+06:00,2025-02-06T22:00:00+06:00,2025-02-06T16:00:00Z,T1,46,2025-02-04T06:00:00Z,58,dayahead,0.0167,0.5144,0.813,False,mos-curve-v0
2025-02-04T18:00:00Z,2025-02-05T00:00:00+06:00,2025-02-06T23:00:00+06:00,2025-02-06T17:00:00Z,T1,47,2025-02-04T06:00:00Z,59,dayahead,0.0635,0.5612,0.8598,False,mos-curve-v0
2025-02-04T18:00:00Z,2025-02-05T00:00:00+06:00,2025-02-05T00:00:00+06:00,2025-02-04T18:00:00Z,T2,0,2025-02-04T06:00:00Z,12,dayahead,0.0529,0.1352,0.3636,False,mos-curve-v0
2025-02-04T18:00:00Z,2025-02-05T00:00:00+06:00,2025-02-05T01:00:00+06:00,2025-02-04T19:00:00Z,T2,1,2025-02-04T06:00:00Z,13,dayahead,0.0047,0.0869,0.3153,False,mos-curve-v0
2025-02-04T18:00:00Z,2025-02-05T00:00:00+06:00,2025-02-05T02:00:00+06:00,2025-02-04T20:00:00Z,T2,2,2025-02-04T06:00:00Z,14,dayahead,0.0,0.057,0.2854,False,mos-curve-v0
2025-02-04T18:00:00Z,2025-02-05T00:00:00+06:00,2025-02-05T03:00:00+06:00,2025-02-04T21:00:00Z,T2,3,2025-02-04T06:00:00Z,15,dayahead,0.0,0.0325,0.2609,False,mos-curve-v0
2025-02-04T18:00:00Z,2025-02-05T00:00:00+06:00,2025-02-05T04:00:00+06:00,2025-02-04T22:00:00Z,T2,4,2025-02-04T06:00:00Z,16,dayahead,0.0,0.0209,0.2493,False,mos-curve-v0
2025-02-04T18:00:00Z,2025-02-05T00:00:00+06:00,2025-02-05T05:00:00+06:00,2025-02-04T23:00:00Z,T2,5,2025-02-04T06:00:00Z,17,dayahead,0.0,0.0108,0.2392,False,mos-curve-v0
2025-02-04T18:00:00Z,2025-02-05T00:00:00+06:00,2025-02-05T06:00:00+06:00,2025-02-05T00:00:00Z,T2,6,2025-02-04T06:00:00Z,18,dayahead,0.0,0.025,0.2534,False,mos-curve-v0
2025-02-04T18:00:00Z,2025-02-05T00:00:00+06:00,2025-02-05T07:00:00+06:00,2025-02-05T01:00:00Z,T2,7,2025-02-04T06:00:00Z,19,dayahead,0.0,0.0555,0.2839,False,mos-curve-v0
2025-02-04T18:00:00Z,2025-02-05T00:00:00+06:00,2025-02-05T08:00:00+06:00,2025-02-05T02:00:00Z,T2,8,2025-02-04T06:00:00Z,20,dayahead,0.0127,0.095,0.3234,False,mos-curve-v0
2025-02-04T18:00:00Z,2025-02-05T00:00:00+06:00,2025-02-05T09:00:00+06:00,2025-02-05T03:00:00Z,T2,9,2025-02-04T06:00:00Z,21,dayahead,0.0177,0.0999,0.3283,False,mos-curve-v0
2025-02-04T18:00:00Z,2025-02-05T00:00:00+06:00,2025-02-05T10:00:00+06:00,2025-02-05T04:00:00Z,T2,10,2025-02-04T06:00:00Z,22,dayahead,0.0,0.08,0.3084,False,mos-curve-v0
2025-02-04T18:00:00Z,2025-02-05T00:00:00+06:00,2025-02-05T11:00:00+06:00,2025-02-05T05:00:00Z,T2,11,2025-02-04T06:00:00Z,23,dayahead,0.0579,0.1402,0.3686,False,mos-curve-v0
2025-02-04T18:00:00Z,2025-02-05T00:00:00+06:00,2025-02-05T12:00:00+06:00,2025-02-05T06:00:00Z,T2,12,2025-02-04T06:00:00Z,24,dayahead,0.0,0.1597,0.6737,False,mos-curve-v0
2025-02-04T18:00:00Z,2025-02-05T00:00:00+06:00,2025-02-05T13:00:00+06:00,2025-02-05T07:00:00Z,T2,13,2025-02-04T06:00:00Z,25,dayahead,0.0521,0.1344,0.3628,False,mos-curve-v0
2025-02-04T18:00:00Z,2025-02-05T00:00:00+06:00,2025-02-05T14:00:00+06:00,2025-02-05T08:00:00Z,T2,14,2025-02-04T06:00:00Z,26,dayahead,0.0,0.0795,0.3079,False,mos-curve-v0
2025-02-04T18:00:00Z,2025-02-05T00:00:00+06:00,2025-02-05T15:00:00+06:00,2025-02-05T09:00:00Z,T2,15,2025-02-04T06:00:00Z,27,dayahead,0.0,0.08,0.3084,False,mos-curve-v0
2025-02-04T18:00:00Z,2025-02-05T00:00:00+06:00,2025-02-05T16:00:00+06:00,2025-02-05T10:00:00Z,T2,16,2025-02-04T06:00:00Z,28,dayahead,0.0009,0.0831,0.3115,False,mos-curve-v0
2025-02-04T18:00:00Z,2025-02-05T00:00:00+06:00,2025-02-05T17:00:00+06:00,2025-02-05T11:00:00Z,T2,17,2025-02-04T06:00:00Z,29,dayahead,0.0,0.0552,0.2836,False,mos-curve-v0
2025-02-04T18:00:00Z,2025-02-05T00:00:00+06:00,2025-02-05T18:00:00+06:00,2025-02-05T12:00:00Z,T2,18,2025-02-04T06:00:00Z,30,dayahead,0.0,0.0341,0.2625,False,mos-curve-v0
2025-02-04T18:00:00Z,2025-02-05T00:00:00+06:00,2025-02-05T19:00:00+06:00,2025-02-05T13:00:00Z,T2,19,2025-02-04T06:00:00Z,31,dayahead,0.0,0.0184,0.2468,False,mos-curve-v0
2025-02-04T18:00:00Z,2025-02-05T00:00:00+06:00,2025-02-05T20:00:00+06:00,2025-02-05T14:00:00Z,T2,20,2025-02-04T06:00:00Z,32,dayahead,0.0,0.0194,0.2478,False,mos-curve-v0
2025-02-04T18:00:00Z,2025-02-05T00:00:00+06:00,2025-02-05T21:00:00+06:00,2025-02-05T15:00:00Z,T2,21,2025-02-04T06:00:00Z,33,dayahead,0.0,0.0216,0.25,False,mos-curve-v0
2025-02-04T18:00:00Z,2025-02-05T00:00:00+06:00,2025-02-05T22:00:00+06:00,2025-02-05T16:00:00Z,T2,22,2025-02-04T06:00:00Z,34,dayahead,0.0,0.0325,0.2609,False,mos-curve-v0
2025-02-04T18:00:00Z,2025-02-05T00:00:00+06:00,2025-02-05T23:00:00+06:00,2025-02-05T17:00:00Z,T2,23,2025-02-04T06:00:00Z,35,dayahead,0.0,0.0298,0.2582,False,mos-curve-v0
2025-02-04T18:00:00Z,2025-02-05T00:00:00+06:00,2025-02-06T00:00:00+06:00,2025-02-05T18:00:00Z,T2,24,2025-02-04T06:00:00Z,36,dayahead,0.0,0.0226,0.2509,False,mos-curve-v0
2025-02-04T18:00:00Z,2025-02-05T00:00:00+06:00,2025-02-06T01:00:00+06:00,2025-02-05T19:00:00Z,T2,25,2025-02-04T06:00:00Z,37,dayahead,0.0,0.0163,0.2447,False,mos-curve-v0
2025-02-04T18:00:00Z,2025-02-05T00:00:00+06:00,2025-02-06T02:00:00+06:00,2025-02-05T20:00:00Z,T2,26,2025-02-04T06:00:00Z,38,dayahead,0.0,0.0124,0.2408,False,mos-curve-v0
2025-02-04T18:00:00Z,2025-02-05T00:00:00+06:00,2025-02-06T03:00:00+06:00,2025-02-05T21:00:00Z,T2,27,2025-02-04T06:00:00Z,39,dayahead,0.0,0.029,0.2574,False,mos-curve-v0
2025-02-04T18:00:00Z,2025-02-05T00:00:00+06:00,2025-02-06T04:00:00+06:00,2025-02-05T22:00:00Z,T2,28,2025-02-04T06:00:00Z,40,dayahead,0.0,0.0755,0.3039,False,mos-curve-v0
2025-02-04T18:00:00Z,2025-02-05T00:00:00+06:00,2025-02-06T05:00:00+06:00,2025-02-05T23:00:00Z,T2,29,2025-02-04T06:00:00Z,41,dayahead,0.0571,0.1393,0.3677,False,mos-curve-v0
2025-02-04T18:00:00Z,2025-02-05T00:00:00+06:00,2025-02-06T06:00:00+06:00,2025-02-06T00:00:00Z,T2,30,2025-02-04T06:00:00Z,42,dayahead,0.0,0.2008,0.7148,False,mos-curve-v0
2025-02-04T18:00:00Z,2025-02-05T00:00:00+06:00,2025-02-06T07:00:00+06:00,2025-02-06T01:00:00Z,T2,31,2025-02-04T06:00:00Z,43,dayahead,0.0692,0.3325,0.8465,False,mos-curve-v0
2025-02-04T18:00:00Z,2025-02-05T00:00:00+06:00,2025-02-06T08:00:00+06:00,2025-02-06T02:00:00Z,T2,32,2025-02-04T06:00:00Z,44,dayahead,0.1238,0.3872,0.9011,False,mos-curve-v0
2025-02-04T18:00:00Z,2025-02-05T00:00:00+06:00,2025-02-06T09:00:00+06:00,2025-02-06T03:00:00Z,T2,33,2025-02-04T06:00:00Z,45,dayahead,0.1439,0.4072,0.9212,False,mos-curve-v0
2025-02-04T18:00:00Z,2025-02-05T00:00:00+06:00,2025-02-06T10:00:00+06:00,2025-02-06T04:00:00Z,T2,34,2025-02-04T06:00:00Z,46,dayahead,0.0817,0.3451,0.859,False,mos-curve-v0
2025-02-04T18:00:00Z,2025-02-05T00:00:00+06:00,2025-02-06T11:00:00+06:00,2025-02-06T05:00:00Z,T2,35,2025-02-04T06:00:00Z,47,dayahead,0.0707,0.3341,0.8481,False,mos-curve-v0
2025-02-04T18:00:00Z,2025-02-05T00:00:00+06:00,2025-02-06T12:00:00+06:00,2025-02-06T06:00:00Z,T2,36,2025-02-04T06:00:00Z,48,dayahead,0.1074,0.3707,0.8847,False,mos-curve-v0
2025-02-04T18:00:00Z,2025-02-05T00:00:00+06:00,2025-02-06T13:00:00+06:00,2025-02-06T07:00:00Z,T2,37,2025-02-04T06:00:00Z,49,dayahead,0.1745,0.4379,0.9519,False,mos-curve-v0
2025-02-04T18:00:00Z,2025-02-05T00:00:00+06:00,2025-02-06T14:00:00+06:00,2025-02-06T08:00:00Z,T2,38,2025-02-04T06:00:00Z,50,dayahead,0.1762,0.4396,0.9536,False,mos-curve-v0
2025-02-04T18:00:00Z,2025-02-05T00:00:00+06:00,2025-02-06T15:00:00+06:00,2025-02-06T09:00:00Z,T2,39,2025-02-04T06:00:00Z,51,dayahead,0.0393,0.537,0.8356,False,mos-curve-v0
2025-02-04T18:00:00Z,2025-02-05T00:00:00+06:00,2025-02-06T16:00:00+06:00,2025-02-06T10:00:00Z,T2,40,2025-02-04T06:00:00Z,52,dayahead,0.2004,0.4638,0.9778,False,mos-curve-v0
2025-02-04T18:00:00Z,2025-02-05T00:00:00+06:00,2025-02-06T17:00:00+06:00,2025-02-06T11:00:00Z,T2,41,2025-02-04T06:00:00Z,53,dayahead,0.1745,0.4379,0.9519,False,mos-curve-v0
2025-02-04T18:00:00Z,2025-02-05T00:00:00+06:00,2025-02-06T18:00:00+06:00,2025-02-06T12:00:00Z,T2,42,2025-02-04T06:00:00Z,54,dayahead,0.1238,0.3872,0.9011,False,mos-curve-v0
2025-02-04T18:00:00Z,2025-02-05T00:00:00+06:00,2025-02-06T19:00:00+06:00,2025-02-06T13:00:00Z,T2,43,2025-02-04T06:00:00Z,55,dayahead,0.1355,0.3988,0.9128,False,mos-curve-v0
2025-02-04T18:00:00Z,2025-02-05T00:00:00+06:00,2025-02-06T20:00:00+06:00,2025-02-06T14:00:00Z,T2,44,2025-02-04T06:00:00Z,56,dayahead,0.1139,0.3773,0.8913,False,mos-curve-v0
2025-02-04T18:00:00Z,2025-02-05T00:00:00+06:00,2025-02-06T21:00:00+06:00,2025-02-06T15:00:00Z,T2,45,2025-02-04T06:00:00Z,57,dayahead,0.2196,0.4829,0.9969,False,mos-curve-v0
2025-02-04T18:00:00Z,2025-02-05T00:00:00+06:00,2025-02-06T22:00:00+06:00,2025-02-06T16:00:00Z,T2,46,2025-02-04T06:00:00Z,58,dayahead,0.0167,0.5144,0.813,False,mos-curve-v0
2025-02-04T18:00:00Z,2025-02-05T00:00:00+06:00,2025-02-06T23:00:00+06:00,2025-02-06T17:00:00Z,T2,47,2025-02-04T06:00:00Z,59,dayahead,0.0635,0.5612,0.8598,False,mos-curve-v0
2025-02-05T18:00:00Z,2025-02-06T00:00:00+06:00,2025-02-06T00:00:00+06:00,2025-02-05T18:00:00Z,T1,0,2025-02-05T06:00:00Z,12,dayahead,0.0,0.0171,0.2455,False,mos-curve-v0
2025-02-05T18:00:00Z,2025-02-06T00:00:00+06:00,2025-02-06T01:00:00+06:00,2025-02-05T19:00:00Z,T1,1,2025-02-05T06:00:00Z,13,dayahead,0.0,0.0161,0.2445,False,mos-curve-v0
2025-02-05T18:00:00Z,2025-02-06T00:00:00+06:00,2025-02-06T02:00:00+06:00,2025-02-05T20:00:00Z,T1,2,2025-02-05T06:00:00Z,14,dayahead,0.0,0.0315,0.2599,False,mos-curve-v0
2025-02-05T18:00:00Z,2025-02-06T00:00:00+06:00,2025-02-06T03:00:00+06:00,2025-02-05T21:00:00Z,T1,3,2025-02-05T06:00:00Z,15,dayahead,0.0,0.0703,0.2987,False,mos-curve-v0
2025-02-05T18:00:00Z,2025-02-06T00:00:00+06:00,2025-02-06T04:00:00+06:00,2025-02-05T22:00:00Z,T1,4,2025-02-05T06:00:00Z,16,dayahead,0.0,0.1794,0.6934,False,mos-curve-v0
2025-02-05T18:00:00Z,2025-02-06T00:00:00+06:00,2025-02-06T05:00:00+06:00,2025-02-05T23:00:00Z,T1,5,2025-02-05T06:00:00Z,17,dayahead,0.0524,0.3157,0.8297,False,mos-curve-v0
2025-02-05T18:00:00Z,2025-02-06T00:00:00+06:00,2025-02-06T06:00:00+06:00,2025-02-06T00:00:00Z,T1,6,2025-02-05T06:00:00Z,18,dayahead,0.1677,0.431,0.945,False,mos-curve-v0
2025-02-05T18:00:00Z,2025-02-06T00:00:00+06:00,2025-02-06T07:00:00+06:00,2025-02-06T01:00:00Z,T1,7,2025-02-05T06:00:00Z,19,dayahead,0.2004,0.4638,0.9778,False,mos-curve-v0
2025-02-05T18:00:00Z,2025-02-06T00:00:00+06:00,2025-02-06T08:00:00+06:00,2025-02-06T02:00:00Z,T1,8,2025-02-05T06:00:00Z,20,dayahead,0.1866,0.4499,0.9639,False,mos-curve-v0
2025-02-05T18:00:00Z,2025-02-06T00:00:00+06:00,2025-02-06T09:00:00+06:00,2025-02-06T03:00:00Z,T1,9,2025-02-05T06:00:00Z,21,dayahead,0.1625,0.4259,0.9399,False,mos-curve-v0
2025-02-05T18:00:00Z,2025-02-06T00:00:00+06:00,2025-02-06T10:00:00+06:00,2025-02-06T04:00:00Z,T1,10,2025-02-05T06:00:00Z,22,dayahead,0.2109,0.4742,0.9882,False,mos-curve-v0
2025-02-05T18:00:00Z,2025-02-06T00:00:00+06:00,2025-02-06T11:00:00+06:00,2025-02-06T05:00:00Z,T1,11,2025-02-05T06:00:00Z,23,dayahead,0.2091,0.4725,0.9865,False,mos-curve-v0
2025-02-05T18:00:00Z,2025-02-06T00:00:00+06:00,2025-02-06T12:00:00+06:00,2025-02-06T06:00:00Z,T1,12,2025-02-05T06:00:00Z,24,dayahead,0.0167,0.5144,0.813,False,mos-curve-v0
2025-02-05T18:00:00Z,2025-02-06T00:00:00+06:00,2025-02-06T13:00:00+06:00,2025-02-06T07:00:00Z,T1,13,2025-02-05T06:00:00Z,25,dayahead,0.0686,0.5663,0.865,False,mos-curve-v0
2025-02-05T18:00:00Z,2025-02-06T00:00:00+06:00,2025-02-06T14:00:00+06:00,2025-02-06T08:00:00Z,T1,14,2025-02-05T06:00:00Z,26,dayahead,0.2283,0.4917,1.0,False,mos-curve-v0
2025-02-05T18:00:00Z,2025-02-06T00:00:00+06:00,2025-02-06T15:00:00+06:00,2025-02-06T09:00:00Z,T1,15,2025-02-05T06:00:00Z,27,dayahead,0.2213,0.4847,0.9987,False,mos-curve-v0
2025-02-05T18:00:00Z,2025-02-06T00:00:00+06:00,2025-02-06T16:00:00+06:00,2025-02-06T10:00:00Z,T1,16,2025-02-05T06:00:00Z,28,dayahead,0.1506,0.414,0.928,False,mos-curve-v0
2025-02-05T18:00:00Z,2025-02-06T00:00:00+06:00,2025-02-06T17:00:00+06:00,2025-02-06T11:00:00Z,T1,17,2025-02-05T06:00:00Z,29,dayahead,0.1506,0.414,0.928,False,mos-curve-v0
2025-02-05T18:00:00Z,2025-02-06T00:00:00+06:00,2025-02-06T18:00:00+06:00,2025-02-06T12:00:00Z,T1,18,2025-02-05T06:00:00Z,30,dayahead,0.0801,0.3435,0.8575,False,mos-curve-v0
2025-02-05T18:00:00Z,2025-02-06T00:00:00+06:00,2025-02-06T19:00:00+06:00,2025-02-06T13:00:00Z,T1,19,2025-02-05T06:00:00Z,31,dayahead,0.1025,0.3658,0.8798,False,mos-curve-v0
2025-02-05T18:00:00Z,2025-02-06T00:00:00+06:00,2025-02-06T20:00:00+06:00,2025-02-06T14:00:00Z,T1,20,2025-02-05T06:00:00Z,32,dayahead,0.1321,0.3955,0.9095,False,mos-curve-v0
2025-02-05T18:00:00Z,2025-02-06T00:00:00+06:00,2025-02-06T21:00:00+06:00,2025-02-06T15:00:00Z,T1,21,2025-02-05T06:00:00Z,33,dayahead,0.1797,0.443,0.957,False,mos-curve-v0
2025-02-05T18:00:00Z,2025-02-06T00:00:00+06:00,2025-02-06T22:00:00+06:00,2025-02-06T16:00:00Z,T1,22,2025-02-05T06:00:00Z,34,dayahead,0.2318,0.4952,1.0,False,mos-curve-v0
2025-02-05T18:00:00Z,2025-02-06T00:00:00+06:00,2025-02-06T23:00:00+06:00,2025-02-06T17:00:00Z,T1,23,2025-02-05T06:00:00Z,35,dayahead,0.2022,0.4655,0.9795,False,mos-curve-v0
2025-02-05T18:00:00Z,2025-02-06T00:00:00+06:00,2025-02-07T00:00:00+06:00,2025-02-06T18:00:00Z,T1,24,2025-02-05T06:00:00Z,36,dayahead,0.1918,0.4551,0.9691,False,mos-curve-v0
2025-02-05T18:00:00Z,2025-02-06T00:00:00+06:00,2025-02-07T01:00:00+06:00,2025-02-06T19:00:00Z,T1,25,2025-02-05T06:00:00Z,37,dayahead,0.1659,0.4293,0.9433,False,mos-curve-v0
2025-02-05T18:00:00Z,2025-02-06T00:00:00+06:00,2025-02-07T02:00:00+06:00,2025-02-06T20:00:00Z,T1,26,2025-02-05T06:00:00Z,38,dayahead,0.1625,0.4259,0.9399,False,mos-curve-v0
2025-02-05T18:00:00Z,2025-02-06T00:00:00+06:00,2025-02-07T03:00:00+06:00,2025-02-06T21:00:00Z,T1,27,2025-02-05T06:00:00Z,39,dayahead,0.178,0.4413,0.9553,False,mos-curve-v0
2025-02-05T18:00:00Z,2025-02-06T00:00:00+06:00,2025-02-07T04:00:00+06:00,2025-02-06T22:00:00Z,T1,28,2025-02-05T06:00:00Z,40,dayahead,0.2057,0.469,0.983,False,mos-curve-v0
2025-02-05T18:00:00Z,2025-02-06T00:00:00+06:00,2025-02-07T05:00:00+06:00,2025-02-06T23:00:00Z,T1,29,2025-02-05T06:00:00Z,41,dayahead,0.2231,0.4864,1.0,False,mos-curve-v0
2025-02-05T18:00:00Z,2025-02-06T00:00:00+06:00,2025-02-07T06:00:00+06:00,2025-02-07T00:00:00Z,T1,30,2025-02-05T06:00:00Z,42,dayahead,0.2109,0.4742,0.9882,False,mos-curve-v0
2025-02-05T18:00:00Z,2025-02-06T00:00:00+06:00,2025-02-07T07:00:00+06:00,2025-02-07T01:00:00Z,T1,31,2025-02-05T06:00:00Z,43,dayahead,0.2074,0.4707,0.9847,False,mos-curve-v0
2025-02-05T18:00:00Z,2025-02-06T00:00:00+06:00,2025-02-07T08:00:00+06:00,2025-02-07T02:00:00Z,T1,32,2025-02-05T06:00:00Z,44,dayahead,0.2004,0.4638,0.9778,False,mos-curve-v0
2025-02-05T18:00:00Z,2025-02-06T00:00:00+06:00,2025-02-07T09:00:00+06:00,2025-02-07T03:00:00Z,T1,33,2025-02-05T06:00:00Z,45,dayahead,0.1883,0.4517,0.9657,False,mos-curve-v0
2025-02-05T18:00:00Z,2025-02-06T00:00:00+06:00,2025-02-07T10:00:00+06:00,2025-02-07T04:00:00Z,T1,34,2025-02-05T06:00:00Z,46,dayahead,0.1728,0.4362,0.9501,False,mos-curve-v0
2025-02-05T18:00:00Z,2025-02-06T00:00:00+06:00,2025-02-07T11:00:00+06:00,2025-02-07T05:00:00Z,T1,35,2025-02-05T06:00:00Z,47,dayahead,0.0358,0.5335,0.8322,False,mos-curve-v0
2025-02-05T18:00:00Z,2025-02-06T00:00:00+06:00,2025-02-07T12:00:00+06:00,2025-02-07T06:00:00Z,T1,36,2025-02-05T06:00:00Z,48,dayahead,0.1274,0.6251,0.9238,False,mos-curve-v0
2025-02-05T18:00:00Z,2025-02-06T00:00:00+06:00,2025-02-07T13:00:00+06:00,2025-02-07T07:00:00Z,T1,37,2025-02-05T06:00:00Z,49,dayahead,0.1627,0.6604,0.959,False,mos-curve-v0
2025-02-05T18:00:00Z,2025-02-06T00:00:00+06:00,2025-02-07T14:00:00+06:00,2025-02-07T08:00:00Z,T1,38,2025-02-05T06:00:00Z,50,dayahead,0.2963,0.794,1.0,False,mos-curve-v0
2025-02-05T18:00:00Z,2025-02-06T00:00:00+06:00,2025-02-07T15:00:00+06:00,2025-02-07T09:00:00Z,T1,39,2025-02-05T06:00:00Z,51,dayahead,0.5042,0.8627,0.9477,False,mos-curve-v0
2025-02-05T18:00:00Z,2025-02-06T00:00:00+06:00,2025-02-07T16:00:00+06:00,2025-02-07T10:00:00Z,T1,40,2025-02-05T06:00:00Z,52,dayahead,0.1842,0.6819,0.9806,False,mos-curve-v0
2025-02-05T18:00:00Z,2025-02-06T00:00:00+06:00,2025-02-07T17:00:00+06:00,2025-02-07T11:00:00Z,T1,41,2025-02-05T06:00:00Z,53,dayahead,0.0908,0.5885,0.8871,False,mos-curve-v0
2025-02-05T18:00:00Z,2025-02-06T00:00:00+06:00,2025-02-07T18:00:00+06:00,2025-02-07T12:00:00Z,T1,42,2025-02-05T06:00:00Z,54,dayahead,0.2039,0.4673,0.9813,False,mos-curve-v0
2025-02-05T18:00:00Z,2025-02-06T00:00:00+06:00,2025-02-07T19:00:00+06:00,2025-02-07T13:00:00Z,T1,43,2025-02-05T06:00:00Z,55,dayahead,0.0404,0.3038,0.8178,False,mos-curve-v0
2025-02-05T18:00:00Z,2025-02-06T00:00:00+06:00,2025-02-07T20:00:00+06:00,2025-02-07T14:00:00Z,T1,44,2025-02-05T06:00:00Z,56,dayahead,0.0,0.2378,0.7518,False,mos-curve-v0
2025-02-05T18:00:00Z,2025-02-06T00:00:00+06:00,2025-02-07T21:00:00+06:00,2025-02-07T15:00:00Z,T1,45,2025-02-05T06:00:00Z,57,dayahead,0.0,0.2468,0.7608,False,mos-curve-v0
2025-02-05T18:00:00Z,2025-02-06T00:00:00+06:00,2025-02-07T22:00:00+06:00,2025-02-07T16:00:00Z,T1,46,2025-02-05T06:00:00Z,58,dayahead,0.0,0.2353,0.7493,False,mos-curve-v0
2025-02-05T18:00:00Z,2025-02-06T00:00:00+06:00,2025-02-07T23:00:00+06:00,2025-02-07T17:00:00Z,T1,47,2025-02-05T06:00:00Z,59,dayahead,0.0,0.217,0.731,False,mos-curve-v0
2025-02-05T18:00:00Z,2025-02-06T00:00:00+06:00,2025-02-06T00:00:00+06:00,2025-02-05T18:00:00Z,T2,0,2025-02-05T06:00:00Z,12,dayahead,0.0,0.0171,0.2455,False,mos-curve-v0
2025-02-05T18:00:00Z,2025-02-06T00:00:00+06:00,2025-02-06T01:00:00+06:00,2025-02-05T19:00:00Z,T2,1,2025-02-05T06:00:00Z,13,dayahead,0.0,0.0161,0.2445,False,mos-curve-v0
2025-02-05T18:00:00Z,2025-02-06T00:00:00+06:00,2025-02-06T02:00:00+06:00,2025-02-05T20:00:00Z,T2,2,2025-02-05T06:00:00Z,14,dayahead,0.0,0.0315,0.2599,False,mos-curve-v0
2025-02-05T18:00:00Z,2025-02-06T00:00:00+06:00,2025-02-06T03:00:00+06:00,2025-02-05T21:00:00Z,T2,3,2025-02-05T06:00:00Z,15,dayahead,0.0,0.0703,0.2987,False,mos-curve-v0
2025-02-05T18:00:00Z,2025-02-06T00:00:00+06:00,2025-02-06T04:00:00+06:00,2025-02-05T22:00:00Z,T2,4,2025-02-05T06:00:00Z,16,dayahead,0.0,0.1794,0.6934,False,mos-curve-v0
2025-02-05T18:00:00Z,2025-02-06T00:00:00+06:00,2025-02-06T05:00:00+06:00,2025-02-05T23:00:00Z,T2,5,2025-02-05T06:00:00Z,17,dayahead,0.0524,0.3157,0.8297,False,mos-curve-v0
2025-02-05T18:00:00Z,2025-02-06T00:00:00+06:00,2025-02-06T06:00:00+06:00,2025-02-06T00:00:00Z,T2,6,2025-02-05T06:00:00Z,18,dayahead,0.1677,0.431,0.945,False,mos-curve-v0
2025-02-05T18:00:00Z,2025-02-06T00:00:00+06:00,2025-02-06T07:00:00+06:00,2025-02-06T01:00:00Z,T2,7,2025-02-05T06:00:00Z,19,dayahead,0.2004,0.4638,0.9778,False,mos-curve-v0
2025-02-05T18:00:00Z,2025-02-06T00:00:00+06:00,2025-02-06T08:00:00+06:00,2025-02-06T02:00:00Z,T2,8,2025-02-05T06:00:00Z,20,dayahead,0.1866,0.4499,0.9639,False,mos-curve-v0
2025-02-05T18:00:00Z,2025-02-06T00:00:00+06:00,2025-02-06T09:00:00+06:00,2025-02-06T03:00:00Z,T2,9,2025-02-05T06:00:00Z,21,dayahead,0.1625,0.4259,0.9399,False,mos-curve-v0
2025-02-05T18:00:00Z,2025-02-06T00:00:00+06:00,2025-02-06T10:00:00+06:00,2025-02-06T04:00:00Z,T2,10,2025-02-05T06:00:00Z,22,dayahead,0.2109,0.4742,0.9882,False,mos-curve-v0
2025-02-05T18:00:00Z,2025-02-06T00:00:00+06:00,2025-02-06T11:00:00+06:00,2025-02-06T05:00:00Z,T2,11,2025-02-05T06:00:00Z,23,dayahead,0.2091,0.4725,0.9865,False,mos-curve-v0
2025-02-05T18:00:00Z,2025-02-06T00:00:00+06:00,2025-02-06T12:00:00+06:00,2025-02-06T06:00:00Z,T2,12,2025-02-05T06:00:00Z,24,dayahead,0.0167,0.5144,0.813,False,mos-curve-v0
2025-02-05T18:00:00Z,2025-02-06T00:00:00+06:00,2025-02-06T13:00:00+06:00,2025-02-06T07:00:00Z,T2,13,2025-02-05T06:00:00Z,25,dayahead,0.0686,0.5663,0.865,False,mos-curve-v0
2025-02-05T18:00:00Z,2025-02-06T00:00:00+06:00,2025-02-06T14:00:00+06:00,2025-02-06T08:00:00Z,T2,14,2025-02-05T06:00:00Z,26,dayahead,0.2283,0.4917,1.0,False,mos-curve-v0
2025-02-05T18:00:00Z,2025-02-06T00:00:00+06:00,2025-02-06T15:00:00+06:00,2025-02-06T09:00:00Z,T2,15,2025-02-05T06:00:00Z,27,dayahead,0.2213,0.4847,0.9987,False,mos-curve-v0
2025-02-05T18:00:00Z,2025-02-06T00:00:00+06:00,2025-02-06T16:00:00+06:00,2025-02-06T10:00:00Z,T2,16,2025-02-05T06:00:00Z,28,dayahead,0.1506,0.414,0.928,False,mos-curve-v0
2025-02-05T18:00:00Z,2025-02-06T00:00:00+06:00,2025-02-06T17:00:00+06:00,2025-02-06T11:00:00Z,T2,17,2025-02-05T06:00:00Z,29,dayahead,0.1506,0.414,0.928,False,mos-curve-v0
2025-02-05T18:00:00Z,2025-02-06T00:00:00+06:00,2025-02-06T18:00:00+06:00,2025-02-06T12:00:00Z,T2,18,2025-02-05T06:00:00Z,30,dayahead,0.0801,0.3435,0.8575,False,mos-curve-v0
2025-02-05T18:00:00Z,2025-02-06T00:00:00+06:00,2025-02-06T19:00:00+06:00,2025-02-06T13:00:00Z,T2,19,2025-02-05T06:00:00Z,31,dayahead,0.1025,0.3658,0.8798,False,mos-curve-v0
2025-02-05T18:00:00Z,2025-02-06T00:00:00+06:00,2025-02-06T20:00:00+06:00,2025-02-06T14:00:00Z,T2,20,2025-02-05T06:00:00Z,32,dayahead,0.1321,0.3955,0.9095,False,mos-curve-v0
2025-02-05T18:00:00Z,2025-02-06T00:00:00+06:00,2025-02-06T21:00:00+06:00,2025-02-06T15:00:00Z,T2,21,2025-02-05T06:00:00Z,33,dayahead,0.1797,0.443,0.957,False,mos-curve-v0
2025-02-05T18:00:00Z,2025-02-06T00:00:00+06:00,2025-02-06T22:00:00+06:00,2025-02-06T16:00:00Z,T2,22,2025-02-05T06:00:00Z,34,dayahead,0.2318,0.4952,1.0,False,mos-curve-v0
2025-02-05T18:00:00Z,2025-02-06T00:00:00+06:00,2025-02-06T23:00:00+06:00,2025-02-06T17:00:00Z,T2,23,2025-02-05T06:00:00Z,35,dayahead,0.2022,0.4655,0.9795,False,mos-curve-v0
2025-02-05T18:00:00Z,2025-02-06T00:00:00+06:00,2025-02-07T00:00:00+06:00,2025-02-06T18:00:00Z,T2,24,2025-02-05T06:00:00Z,36,dayahead,0.1918,0.4551,0.9691,False,mos-curve-v0
2025-02-05T18:00:00Z,2025-02-06T00:00:00+06:00,2025-02-07T01:00:00+06:00,2025-02-06T19:00:00Z,T2,25,2025-02-05T06:00:00Z,37,dayahead,0.1659,0.4293,0.9433,False,mos-curve-v0
2025-02-05T18:00:00Z,2025-02-06T00:00:00+06:00,2025-02-07T02:00:00+06:00,2025-02-06T20:00:00Z,T2,26,2025-02-05T06:00:00Z,38,dayahead,0.1625,0.4259,0.9399,False,mos-curve-v0
2025-02-05T18:00:00Z,2025-02-06T00:00:00+06:00,2025-02-07T03:00:00+06:00,2025-02-06T21:00:00Z,T2,27,2025-02-05T06:00:00Z,39,dayahead,0.178,0.4413,0.9553,False,mos-curve-v0
2025-02-05T18:00:00Z,2025-02-06T00:00:00+06:00,2025-02-07T04:00:00+06:00,2025-02-06T22:00:00Z,T2,28,2025-02-05T06:00:00Z,40,dayahead,0.2057,0.469,0.983,False,mos-curve-v0
2025-02-05T18:00:00Z,2025-02-06T00:00:00+06:00,2025-02-07T05:00:00+06:00,2025-02-06T23:00:00Z,T2,29,2025-02-05T06:00:00Z,41,dayahead,0.2231,0.4864,1.0,False,mos-curve-v0
2025-02-05T18:00:00Z,2025-02-06T00:00:00+06:00,2025-02-07T06:00:00+06:00,2025-02-07T00:00:00Z,T2,30,2025-02-05T06:00:00Z,42,dayahead,0.2109,0.4742,0.9882,False,mos-curve-v0
2025-02-05T18:00:00Z,2025-02-06T00:00:00+06:00,2025-02-07T07:00:00+06:00,2025-02-07T01:00:00Z,T2,31,2025-02-05T06:00:00Z,43,dayahead,0.2074,0.4707,0.9847,False,mos-curve-v0
2025-02-05T18:00:00Z,2025-02-06T00:00:00+06:00,2025-02-07T08:00:00+06:00,2025-02-07T02:00:00Z,T2,32,2025-02-05T06:00:00Z,44,dayahead,0.2004,0.4638,0.9778,False,mos-curve-v0
2025-02-05T18:00:00Z,2025-02-06T00:00:00+06:00,2025-02-07T09:00:00+06:00,2025-02-07T03:00:00Z,T2,33,2025-02-05T06:00:00Z,45,dayahead,0.1883,0.4517,0.9657,False,mos-curve-v0
2025-02-05T18:00:00Z,2025-02-06T00:00:00+06:00,2025-02-07T10:00:00+06:00,2025-02-07T04:00:00Z,T2,34,2025-02-05T06:00:00Z,46,dayahead,0.1728,0.4362,0.9501,False,mos-curve-v0
2025-02-05T18:00:00Z,2025-02-06T00:00:00+06:00,2025-02-07T11:00:00+06:00,2025-02-07T05:00:00Z,T2,35,2025-02-05T06:00:00Z,47,dayahead,0.0358,0.5335,0.8322,False,mos-curve-v0
2025-02-05T18:00:00Z,2025-02-06T00:00:00+06:00,2025-02-07T12:00:00+06:00,2025-02-07T06:00:00Z,T2,36,2025-02-05T06:00:00Z,48,dayahead,0.1274,0.6251,0.9238,False,mos-curve-v0
2025-02-05T18:00:00Z,2025-02-06T00:00:00+06:00,2025-02-07T13:00:00+06:00,2025-02-07T07:00:00Z,T2,37,2025-02-05T06:00:00Z,49,dayahead,0.1627,0.6604,0.959,False,mos-curve-v0
2025-02-05T18:00:00Z,2025-02-06T00:00:00+06:00,2025-02-07T14:00:00+06:00,2025-02-07T08:00:00Z,T2,38,2025-02-05T06:00:00Z,50,dayahead,0.2963,0.794,1.0,False,mos-curve-v0
2025-02-05T18:00:00Z,2025-02-06T00:00:00+06:00,2025-02-07T15:00:00+06:00,2025-02-07T09:00:00Z,T2,39,2025-02-05T06:00:00Z,51,dayahead,0.5042,0.8627,0.9477,False,mos-curve-v0
2025-02-05T18:00:00Z,2025-02-06T00:00:00+06:00,2025-02-07T16:00:00+06:00,2025-02-07T10:00:00Z,T2,40,2025-02-05T06:00:00Z,52,dayahead,0.1842,0.6819,0.9806,False,mos-curve-v0
2025-02-05T18:00:00Z,2025-02-06T00:00:00+06:00,2025-02-07T17:00:00+06:00,2025-02-07T11:00:00Z,T2,41,2025-02-05T06:00:00Z,53,dayahead,0.0908,0.5885,0.8871,False,mos-curve-v0
2025-02-05T18:00:00Z,2025-02-06T00:00:00+06:00,2025-02-07T18:00:00+06:00,2025-02-07T12:00:00Z,T2,42,2025-02-05T06:00:00Z,54,dayahead,0.2039,0.4673,0.9813,False,mos-curve-v0
2025-02-05T18:00:00Z,2025-02-06T00:00:00+06:00,2025-02-07T19:00:00+06:00,2025-02-07T13:00:00Z,T2,43,2025-02-05T06:00:00Z,55,dayahead,0.0404,0.3038,0.8178,False,mos-curve-v0
2025-02-05T18:00:00Z,2025-02-06T00:00:00+06:00,2025-02-07T20:00:00+06:00,2025-02-07T14:00:00Z,T2,44,2025-02-05T06:00:00Z,56,dayahead,0.0,0.2378,0.7518,False,mos-curve-v0
2025-02-05T18:00:00Z,2025-02-06T00:00:00+06:00,2025-02-07T21:00:00+06:00,2025-02-07T15:00:00Z,T2,45,2025-02-05T06:00:00Z,57,dayahead,0.0,0.2468,0.7608,False,mos-curve-v0
2025-02-05T18:00:00Z,2025-02-06T00:00:00+06:00,2025-02-07T22:00:00+06:00,2025-02-07T16:00:00Z,T2,46,2025-02-05T06:00:00Z,58,dayahead,0.0,0.2353,0.7493,False,mos-curve-v0
2025-02-05T18:00:00Z,2025-02-06T00:00:00+06:00,2025-02-07T23:00:00+06:00,2025-02-07T17:00:00Z,T2,47,2025-02-05T06:00:00Z,59,dayahead,0.0,0.217,0.731,False,mos-curve-v0
2025-02-06T18:00:00Z,2025-02-07T00:00:00+06:00,2025-02-07T00:00:00+06:00,2025-02-06T18:00:00Z,T1,0,2025-02-06T06:00:00Z,12,dayahead,0.109,0.3724,0.8863,False,mos-curve-v0
2025-02-06T18:00:00Z,2025-02-07T00:00:00+06:00,2025-02-07T01:00:00+06:00,2025-02-06T19:00:00Z,T1,1,2025-02-06T06:00:00Z,13,dayahead,0.0896,0.353,0.867,False,mos-curve-v0
2025-02-06T18:00:00Z,2025-02-07T00:00:00+06:00,2025-02-07T02:00:00+06:00,2025-02-06T20:00:00Z,T1,2,2025-02-06T06:00:00Z,14,dayahead,0.0173,0.2807,0.7947,False,mos-curve-v0
2025-02-06T18:00:00Z,2025-02-07T00:00:00+06:00,2025-02-07T03:00:00+06:00,2025-02-06T21:00:00Z,T1,3,2025-02-06T06:00:00Z,15,dayahead,0.0,0.2534,0.7674,False,mos-curve-v0
2025-02-06T18:00:00Z,2025-02-07T00:00:00+06:00,2025-02-07T04:00:00+06:00,2025-02-06T22:00:00Z,T1,4,2025-02-06T06:00:00Z,16,dayahead,0.0449,0.3082,0.8222,False,mos-curve-v0
2025-02-06T18:00:00Z,2025-02-07T00:00:00+06:00,2025-02-07T05:00:00+06:00,2025-02-06T23:00:00Z,T1,5,2025-02-06T06:00:00Z,17,dayahead,0.1221,0.3855,0.8995,False,mos-curve-v0
2025-02-06T18:00:00Z,2025-02-07T00:00:00+06:00,2025-02-07T06:00:00+06:00,2025-02-07T00:00:00Z,T1,6,2025-02-06T06:00:00Z,18,dayahead,0.1439,0.4072,0.9212,False,mos-curve-v0
2025-02-06T18:00:00Z,2025-02-07T00:00:00+06:00,2025-02-07T07:00:00+06:00,2025-02-07T01:00:00Z,T1,7,2025-02-06T06:00:00Z,19,dayahead,0.1642,0.4276,0.9416,False,mos-curve-v0
2025-02-06T18:00:00Z,2025-02-07T00:00:00+06:00,2025-02-07T08:00:00+06:00,2025-02-07T02:00:00Z,T1,8,2025-02-06T06:00:00Z,20,dayahead,0.1849,0.4482,0.9622,False,mos-curve-v0
2025-02-06T18:00:00Z,2025-02-07T00:00:00+06:00,2025-02-07T09:00:00+06:00,2025-02-07T03:00:00Z,T1,9,2025-02-06T06:00:00Z,21,dayahead,0.2126,0.476,0.99,False,mos-curve-v0
2025-02-06T18:00:00Z,2025-02-07T00:00:00+06:00,2025-02-07T10:00:00+06:00,2025-02-07T04:00:00Z,T1,10,2025-02-06T06:00:00Z,22,dayahead,0.2318,0.4952,1.0,False,mos-curve-v0
2025-02-06T18:00:00Z,2025-02-07T00:00:00+06:00,2025-02-07T11:00:00+06:00,2025-02-07T05:00:00Z,T1,11,2025-02-06T06:00:00Z,23,dayahead,0.1516,0.6493,0.948,False,mos-curve-v0
2025-02-06T18:00:00Z,2025-02-07T00:00:00+06:00,2025-02-07T12:00:00+06:00,2025-02-07T06:00:00Z,T1,12,2025-02-06T06:00:00Z,24,dayahead,0.0669,0.5646,0.8633,False,mos-curve-v0
2025-02-06T18:00:00Z,2025-02-07T00:00:00+06:00,2025-02-07T13:00:00+06:00,2025-02-07T07:00:00Z,T1,13,2025-02-06T06:00:00Z,25,dayahead,0.0566,0.5543,0.8529,False,mos-curve-v0
2025-02-06T18:00:00Z,2025-02-07T00:00:00+06:00,2025-02-07T14:00:00+06:00,2025-02-07T08:00:00Z,T1,14,2025-02-06T06:00:00Z,26,dayahead,0.1918,0.6895,0.9881,False,mos-curve-v0
2025-02-06T18:00:00Z,2025-02-07T00:00:00+06:00,2025-02-07T15:00:00+06:00,2025-02-07T09:00:00Z,T1,15,2025-02-06T06:00:00Z,27,dayahead,0.2021,0.6998,0.9985,False,mos-curve-v0
2025-02-06T18:00:00Z,2025-02-07T00:00:00+06:00,2025-02-07T16:00:00+06:00,2025-02-07T10:00:00Z,T1,16,2025-02-06T06:00:00Z,28,dayahead,0.2336,0.4969,1.0,False,mos-curve-v0
2025-02-06T18:00:00Z,2025-02-07T00:00:00+06:00,2025-02-07T17:00:00+06:00,2025-02-07T11:00:00Z,T1,17,2025-02-06T06:00:00Z,29,dayahead,0.1321,0.3955,0.9095,False,mos-curve-v0
2025-02-06T18:00:00Z,2025-02-07T00:00:00+06:00,2025-02-07T18:00:00+06:00,2025-02-07T12:00:00Z,T1,18,2025-02-06T06:00:00Z,30,dayahead,0.0021,0.2654,0.7794,False,mos-curve-v0
2025-02-06T18:00:00Z,2025-02-07T00:00:00+06:00,2025-02-07T19:00:00+06:00,2025-02-07T13:00:00Z,T1,19,2025-02-06T06:00:00Z,31,dayahead,0.0,0.1825,0.6965,False,mos-curve-v0
2025-02-06T18:00:00Z,2025-02-07T00:00:00+06:00,2025-02-07T20:00:00+06:00,2025-02-07T14:00:00Z,T1,20,2025-02-06T06:00:00Z,32,dayahead,0.0,0.1703,0.6843,False,mos-curve-v0
2025-02-06T18:00:00Z,2025-02-07T00:00:00+06:00,2025-02-07T21:00:00+06:00,2025-02-07T15:00:00Z,T1,21,2025-02-06T06:00:00Z,33,dayahead,0.0,0.2123,0.7263,False,mos-curve-v0
2025-02-06T18:00:00Z,2025-02-07T00:00:00+06:00,2025-02-07T22:00:00+06:00,2025-02-07T16:00:00Z,T1,22,2025-02-06T06:00:00Z,34,dayahead,0.0034,0.2668,0.7808,False,mos-curve-v0
2025-02-06T18:00:00Z,2025-02-07T00:00:00+06:00,2025-02-07T23:00:00+06:00,2025-02-07T17:00:00Z,T1,23,2025-02-06T06:00:00Z,35,dayahead,0.0404,0.3038,0.8178,False,mos-curve-v0
2025-02-06T18:00:00Z,2025-02-07T00:00:00+06:00,2025-02-08T00:00:00+06:00,2025-02-07T18:00:00Z,T1,24,2025-02-06T06:00:00Z,36,dayahead,0.0331,0.2964,0.8104,False,mos-curve-v0
2025-02-06T18:00:00Z,2025-02-07T00:00:00+06:00,2025-02-08T01:00:00+06:00,2025-02-07T19:00:00Z,T1,25,2025-02-06T06:00:00Z,37,dayahead,0.0,0.2442,0.7582,False,mos-curve-v0
2025-02-06T18:00:00Z,2025-02-07T00:00:00+06:00,2025-02-08T02:00:00+06:00,2025-02-07T20:00:00Z,T1,26,2025-02-06T06:00:00Z,38,dayahead,0.0,0.1888,0.7028,False,mos-curve-v0
2025-02-06T18:00:00Z,2025-02-07T00:00:00+06:00,2025-02-08T03:00:00+06:00,2025-02-07T21:00:00Z,T1,27,2025-02-06T06:00:00Z,39,dayahead,0.0,0.1794,0.6934,False,mos-curve-v0
2025-02-06T18:00:00Z,2025-02-07T00:00:00+06:00,2025-02-08T04:00:00+06:00,2025-02-07T22:00:00Z,T1,28,2025-02-06T06:00:00Z,40,dayahead,0.0,0.2146,0.7286,False,mos-curve-v0
2025-02-06T18:00:00Z,2025-02-07T00:00:00+06:00,2025-02-08T05:00:00+06:00,2025-02-07T23:00:00Z,T1,29,2025-02-06T06:00:00Z,41,dayahead,0.0007,0.2641,0.7781,False,mos-curve-v0
2025-02-06T18:00:00Z,2025-02-07T00:00:00+06:00,2025-02-08T06:00:00+06:00,2025-02-08T00:00:00Z,T1,30,2025-02-06T06:00:00Z,42,dayahead,0.0259,0.2892,0.8032,False,mos-curve-v0
2025-02-06T18:00:00Z,2025-02-07T00:00:00+06:00,2025-02-08T07:00:00+06:00,2025-02-08T01:00:00Z,T1,31,2025-02-06T06:00:00Z,43,dayahead,0.0,0.2218,0.7358,False,mos-curve-v0
2025-02-06T18:00:00Z,2025-02-07T00:00:00+06:00,2025-02-08T08:00:00+06:00,2025-02-08T02:00:00Z,T1,32,2025-02-06T06:00:00Z,44,dayahead,0.0,0.2135,0.7274,False,mos-curve-v0
2025-02-06T18:00:00Z,2025-02-07T00:00:00+06:00,2025-02-08T09:00:00+06:00,2025-02-08T03:00:00Z,T1,33,2025-02-06T06:00:00Z,45,dayahead,0.0,0.1783,0.6923,False,mos-curve-v0
2025-02-06T18:00:00Z,2025-02-07T00:00:00+06:00,2025-02-08T10:00:00+06:00,2025-02-08T04:00:00Z,T1,34,2025-02-06T06:00:00Z,46,dayahead,0.0,0.217,0.731,False,mos-curve-v0
2025-02-06T18:00:00Z,2025-02-07T00:00:00+06:00,2025-02-08T11:00:00+06:00,2025-02-08T05:00:00Z,T1,35,2025-02-06T06:00:00Z,47,dayahead,0.063,0.3264,0.8404,False,mos-curve-v0
2025-02-06T18:00:00Z,2025-02-07T00:00:00+06:00,2025-02-08T12:00:00+06:00,2025-02-08T06:00:00Z,T1,36,2025-02-06T06:00:00Z,48,dayahead,0.0,0.1814,0.6954,False,mos-curve-v0
2025-02-06T18:00:00Z,2025-02-07T00:00:00+06:00,2025-02-08T13:00:00+06:00,2025-02-08T07:00:00Z,T1,37,2025-02-06T06:00:00Z,49,dayahead,0.0,0.1607,0.6746,False,mos-curve-v0
2025-02-06T18:00:00Z,2025-02-07T00:00:00+06:00,2025-02-08T14:00:00+06:00,2025-02-08T08:00:00Z,T1,38,2025-02-06T06:00:00Z,50,dayahead,0.0622,0.1444,0.3728,False,mos-curve-v0
2025-02-06T18:00:00Z,2025-02-07T00:00:00+06:00,2025-02-08T15:00:00+06:00,2025-02-08T09:00:00Z,T1,39,2025-02-06T06:00:00Z,51,dayahead,0.0177,0.0999,0.3283,False,mos-curve-v0
2025-02-06T18:00:00Z,2025-02-07T00:00:00+06:00,2025-02-08T16:00:00+06:00,2025-02-08T10:00:00Z,T1,40,2025-02-06T06:00:00Z,52,dayahead,0.0086,0.0909,0.3193,False,mos-curve-v0
2025-02-06T18:00:00Z,2025-02-07T00:00:00+06:00,2025-02-08T17:00:00+06:00,2025-02-08T11:00:00Z,T1,41,2025-02-06T06:00:00Z,53,dayahead,0.0,0.0589,0.2873,False,mos-curve-v0
2025-02-06T18:00:00Z,2025-02-07T00:00:00+06:00,2025-02-08T18:00:00+06:00,2025-02-08T12:00:00Z,T1,42,2025-02-06T06:00:00Z,54,dayahead,0.0,0.0426,0.271,False,mos-curve-v0
2025-02-06T18:00:00Z,2025-02-07T00:00:00+06:00,2025-02-08T19:00:00+06:00,2025-02-08T13:00:00Z,T1,43,2025-02-06T06:00:00Z,55,dayahead,0.0,0.0339,0.2623,False,mos-curve-v0
2025-02-06T18:00:00Z,2025-02-07T00:00:00+06:00,2025-02-08T20:00:00+06:00,2025-02-08T14:00:00Z,T1,44,2025-02-06T06:00:00Z,56,dayahead,0.0,0.0248,0.2532,False,mos-curve-v0
2025-02-06T18:00:00Z,2025-02-07T00:00:00+06:00,2025-02-08T21:00:00+06:00,2025-02-08T15:00:00Z,T1,45,2025-02-06T06:00:00Z,57,dayahead,0.0,0.0315,0.2599,False,mos-curve-v0
2025-02-06T18:00:00Z,2025-02-07T00:00:00+06:00,2025-02-08T22:00:00+06:00,2025-02-08T16:00:00Z,T1,46,2025-02-06T06:00:00Z,58,dayahead,0.0,0.0313,0.2596,False,mos-curve-v0
2025-02-06T18:00:00Z,2025-02-07T00:00:00+06:00,2025-02-08T23:00:00+06:00,2025-02-08T17:00:00Z,T1,47,2025-02-06T06:00:00Z,59,dayahead,0.0,0.0269,0.2553,False,mos-curve-v0
2025-02-06T18:00:00Z,2025-02-07T00:00:00+06:00,2025-02-07T00:00:00+06:00,2025-02-06T18:00:00Z,T2,0,2025-02-06T06:00:00Z,12,dayahead,0.109,0.3724,0.8863,False,mos-curve-v0
2025-02-06T18:00:00Z,2025-02-07T00:00:00+06:00,2025-02-07T01:00:00+06:00,2025-02-06T19:00:00Z,T2,1,2025-02-06T06:00:00Z,13,dayahead,0.0896,0.353,0.867,False,mos-curve-v0
2025-02-06T18:00:00Z,2025-02-07T00:00:00+06:00,2025-02-07T02:00:00+06:00,2025-02-06T20:00:00Z,T2,2,2025-02-06T06:00:00Z,14,dayahead,0.0173,0.2807,0.7947,False,mos-curve-v0
2025-02-06T18:00:00Z,2025-02-07T00:00:00+06:00,2025-02-07T03:00:00+06:00,2025-02-06T21:00:00Z,T2,3,2025-02-06T06:00:00Z,15,dayahead,0.0,0.2534,0.7674,False,mos-curve-v0
2025-02-06T18:00:00Z,2025-02-07T00:00:00+06:00,2025-02-07T04:00:00+06:00,2025-02-06T22:00:00Z,T2,4,2025-02-06T06:00:00Z,16,dayahead,0.0449,0.3082,0.8222,False,mos-curve-v0
2025-02-06T18:00:00Z,2025-02-07T00:00:00+06:00,2025-02-07T05:00:00+06:00,2025-02-06T23:00:00Z,T2,5,2025-02-06T06:00:00Z,17,dayahead,0.1221,0.3855,0.8995,False,mos-curve-v0
2025-02-06T18:00:00Z,2025-02-07T00:00:00+06:00,2025-02-07T06:00:00+06:00,2025-02-07T00:00:00Z,T2,6,2025-02-06T06:00:00Z,18,dayahead,0.1439,0.4072,0.9212,False,mos-curve-v0
2025-02-06T18:00:00Z,2025-02-07T00:00:00+06:00,2025-02-07T07:00:00+06:00,2025-02-07T01:00:00Z,T2,7,2025-02-06T06:00:00Z,19,dayahead,0.1642,0.4276,0.9416,False,mos-curve-v0
2025-02-06T18:00:00Z,2025-02-07T00:00:00+06:00,2025-02-07T08:00:00+06:00,2025-02-07T02:00:00Z,T2,8,2025-02-06T06:00:00Z,20,dayahead,0.1849,0.4482,0.9622,False,mos-curve-v0
2025-02-06T18:00:00Z,2025-02-07T00:00:00+06:00,2025-02-07T09:00:00+06:00,2025-02-07T03:00:00Z,T2,9,2025-02-06T06:00:00Z,21,dayahead,0.2126,0.476,0.99,False,mos-curve-v0
2025-02-06T18:00:00Z,2025-02-07T00:00:00+06:00,2025-02-07T10:00:00+06:00,2025-02-07T04:00:00Z,T2,10,2025-02-06T06:00:00Z,22,dayahead,0.2318,0.4952,1.0,False,mos-curve-v0
2025-02-06T18:00:00Z,2025-02-07T00:00:00+06:00,2025-02-07T11:00:00+06:00,2025-02-07T05:00:00Z,T2,11,2025-02-06T06:00:00Z,23,dayahead,0.1516,0.6493,0.948,False,mos-curve-v0
2025-02-06T18:00:00Z,2025-02-07T00:00:00+06:00,2025-02-07T12:00:00+06:00,2025-02-07T06:00:00Z,T2,12,2025-02-06T06:00:00Z,24,dayahead,0.0669,0.5646,0.8633,False,mos-curve-v0
2025-02-06T18:00:00Z,2025-02-07T00:00:00+06:00,2025-02-07T13:00:00+06:00,2025-02-07T07:00:00Z,T2,13,2025-02-06T06:00:00Z,25,dayahead,0.0566,0.5543,0.8529,False,mos-curve-v0
2025-02-06T18:00:00Z,2025-02-07T00:00:00+06:00,2025-02-07T14:00:00+06:00,2025-02-07T08:00:00Z,T2,14,2025-02-06T06:00:00Z,26,dayahead,0.1918,0.6895,0.9881,False,mos-curve-v0
2025-02-06T18:00:00Z,2025-02-07T00:00:00+06:00,2025-02-07T15:00:00+06:00,2025-02-07T09:00:00Z,T2,15,2025-02-06T06:00:00Z,27,dayahead,0.2021,0.6998,0.9985,False,mos-curve-v0
2025-02-06T18:00:00Z,2025-02-07T00:00:00+06:00,2025-02-07T16:00:00+06:00,2025-02-07T10:00:00Z,T2,16,2025-02-06T06:00:00Z,28,dayahead,0.2336,0.4969,1.0,False,mos-curve-v0
2025-02-06T18:00:00Z,2025-02-07T00:00:00+06:00,2025-02-07T17:00:00+06:00,2025-02-07T11:00:00Z,T2,17,2025-02-06T06:00:00Z,29,dayahead,0.1321,0.3955,0.9095,False,mos-curve-v0
2025-02-06T18:00:00Z,2025-02-07T00:00:00+06:00,2025-02-07T18:00:00+06:00,2025-02-07T12:00:00Z,T2,18,2025-02-06T06:00:00Z,30,dayahead,0.0021,0.2654,0.7794,False,mos-curve-v0
2025-02-06T18:00:00Z,2025-02-07T00:00:00+06:00,2025-02-07T19:00:00+06:00,2025-02-07T13:00:00Z,T2,19,2025-02-06T06:00:00Z,31,dayahead,0.0,0.1825,0.6965,False,mos-curve-v0
2025-02-06T18:00:00Z,2025-02-07T00:00:00+06:00,2025-02-07T20:00:00+06:00,2025-02-07T14:00:00Z,T2,20,2025-02-06T06:00:00Z,32,dayahead,0.0,0.1703,0.6843,False,mos-curve-v0
2025-02-06T18:00:00Z,2025-02-07T00:00:00+06:00,2025-02-07T21:00:00+06:00,2025-02-07T15:00:00Z,T2,21,2025-02-06T06:00:00Z,33,dayahead,0.0,0.2123,0.7263,False,mos-curve-v0
2025-02-06T18:00:00Z,2025-02-07T00:00:00+06:00,2025-02-07T22:00:00+06:00,2025-02-07T16:00:00Z,T2,22,2025-02-06T06:00:00Z,34,dayahead,0.0034,0.2668,0.7808,False,mos-curve-v0
2025-02-06T18:00:00Z,2025-02-07T00:00:00+06:00,2025-02-07T23:00:00+06:00,2025-02-07T17:00:00Z,T2,23,2025-02-06T06:00:00Z,35,dayahead,0.0404,0.3038,0.8178,False,mos-curve-v0
2025-02-06T18:00:00Z,2025-02-07T00:00:00+06:00,2025-02-08T00:00:00+06:00,2025-02-07T18:00:00Z,T2,24,2025-02-06T06:00:00Z,36,dayahead,0.0331,0.2964,0.8104,False,mos-curve-v0
2025-02-06T18:00:00Z,2025-02-07T00:00:00+06:00,2025-02-08T01:00:00+06:00,2025-02-07T19:00:00Z,T2,25,2025-02-06T06:00:00Z,37,dayahead,0.0,0.2442,0.7582,False,mos-curve-v0
2025-02-06T18:00:00Z,2025-02-07T00:00:00+06:00,2025-02-08T02:00:00+06:00,2025-02-07T20:00:00Z,T2,26,2025-02-06T06:00:00Z,38,dayahead,0.0,0.1888,0.7028,False,mos-curve-v0
2025-02-06T18:00:00Z,2025-02-07T00:00:00+06:00,2025-02-08T03:00:00+06:00,2025-02-07T21:00:00Z,T2,27,2025-02-06T06:00:00Z,39,dayahead,0.0,0.1794,0.6934,False,mos-curve-v0
2025-02-06T18:00:00Z,2025-02-07T00:00:00+06:00,2025-02-08T04:00:00+06:00,2025-02-07T22:00:00Z,T2,28,2025-02-06T06:00:00Z,40,dayahead,0.0,0.2146,0.7286,False,mos-curve-v0
2025-02-06T18:00:00Z,2025-02-07T00:00:00+06:00,2025-02-08T05:00:00+06:00,2025-02-07T23:00:00Z,T2,29,2025-02-06T06:00:00Z,41,dayahead,0.0007,0.2641,0.7781,False,mos-curve-v0
2025-02-06T18:00:00Z,2025-02-07T00:00:00+06:00,2025-02-08T06:00:00+06:00,2025-02-08T00:00:00Z,T2,30,2025-02-06T06:00:00Z,42,dayahead,0.0259,0.2892,0.8032,False,mos-curve-v0
2025-02-06T18:00:00Z,2025-02-07T00:00:00+06:00,2025-02-08T07:00:00+06:00,2025-02-08T01:00:00Z,T2,31,2025-02-06T06:00:00Z,43,dayahead,0.0,0.2218,0.7358,False,mos-curve-v0
2025-02-06T18:00:00Z,2025-02-07T00:00:00+06:00,2025-02-08T08:00:00+06:00,2025-02-08T02:00:00Z,T2,32,2025-02-06T06:00:00Z,44,dayahead,0.0,0.2135,0.7274,False,mos-curve-v0
2025-02-06T18:00:00Z,2025-02-07T00:00:00+06:00,2025-02-08T09:00:00+06:00,2025-02-08T03:00:00Z,T2,33,2025-02-06T06:00:00Z,45,dayahead,0.0,0.1783,0.6923,False,mos-curve-v0
2025-02-06T18:00:00Z,2025-02-07T00:00:00+06:00,2025-02-08T10:00:00+06:00,2025-02-08T04:00:00Z,T2,34,2025-02-06T06:00:00Z,46,dayahead,0.0,0.217,0.731,False,mos-curve-v0
2025-02-06T18:00:00Z,2025-02-07T00:00:00+06:00,2025-02-08T11:00:00+06:00,2025-02-08T05:00:00Z,T2,35,2025-02-06T06:00:00Z,47,dayahead,0.063,0.3264,0.8404,False,mos-curve-v0
2025-02-06T18:00:00Z,2025-02-07T00:00:00+06:00,2025-02-08T12:00:00+06:00,2025-02-08T06:00:00Z,T2,36,2025-02-06T06:00:00Z,48,dayahead,0.0,0.1814,0.6954,False,mos-curve-v0
2025-02-06T18:00:00Z,2025-02-07T00:00:00+06:00,2025-02-08T13:00:00+06:00,2025-02-08T07:00:00Z,T2,37,2025-02-06T06:00:00Z,49,dayahead,0.0,0.1607,0.6746,False,mos-curve-v0
2025-02-06T18:00:00Z,2025-02-07T00:00:00+06:00,2025-02-08T14:00:00+06:00,2025-02-08T08:00:00Z,T2,38,2025-02-06T06:00:00Z,50,dayahead,0.0622,0.1444,0.3728,False,mos-curve-v0
2025-02-06T18:00:00Z,2025-02-07T00:00:00+06:00,2025-02-08T15:00:00+06:00,2025-02-08T09:00:00Z,T2,39,2025-02-06T06:00:00Z,51,dayahead,0.0177,0.0999,0.3283,False,mos-curve-v0
2025-02-06T18:00:00Z,2025-02-07T00:00:00+06:00,2025-02-08T16:00:00+06:00,2025-02-08T10:00:00Z,T2,40,2025-02-06T06:00:00Z,52,dayahead,0.0086,0.0909,0.3193,False,mos-curve-v0
2025-02-06T18:00:00Z,2025-02-07T00:00:00+06:00,2025-02-08T17:00:00+06:00,2025-02-08T11:00:00Z,T2,41,2025-02-06T06:00:00Z,53,dayahead,0.0,0.0589,0.2873,False,mos-curve-v0
2025-02-06T18:00:00Z,2025-02-07T00:00:00+06:00,2025-02-08T18:00:00+06:00,2025-02-08T12:00:00Z,T2,42,2025-02-06T06:00:00Z,54,dayahead,0.0,0.0426,0.271,False,mos-curve-v0
2025-02-06T18:00:00Z,2025-02-07T00:00:00+06:00,2025-02-08T19:00:00+06:00,2025-02-08T13:00:00Z,T2,43,2025-02-06T06:00:00Z,55,dayahead,0.0,0.0339,0.2623,False,mos-curve-v0
2025-02-06T18:00:00Z,2025-02-07T00:00:00+06:00,2025-02-08T20:00:00+06:00,2025-02-08T14:00:00Z,T2,44,2025-02-06T06:00:00Z,56,dayahead,0.0,0.0248,0.2532,False,mos-curve-v0
2025-02-06T18:00:00Z,2025-02-07T00:00:00+06:00,2025-02-08T21:00:00+06:00,2025-02-08T15:00:00Z,T2,45,2025-02-06T06:00:00Z,57,dayahead,0.0,0.0315,0.2599,False,mos-curve-v0
2025-02-06T18:00:00Z,2025-02-07T00:00:00+06:00,2025-02-08T22:00:00+06:00,2025-02-08T16:00:00Z,T2,46,2025-02-06T06:00:00Z,58,dayahead,0.0,0.0313,0.2596,False,mos-curve-v0
2025-02-06T18:00:00Z,2025-02-07T00:00:00+06:00,2025-02-08T23:00:00+06:00,2025-02-08T17:00:00Z,T2,47,2025-02-06T06:00:00Z,59,dayahead,0.0,0.0269,0.2553,False,mos-curve-v0
2025-02-07T18:00:00Z,2025-02-08T00:00:00+06:00,2025-02-08T00:00:00+06:00,2025-02-07T18:00:00Z,T1,0,2025-02-07T06:00:00Z,12,dayahead,0.0,0.2158,0.7298,False,mos-curve-v0
2025-02-07T18:00:00Z,2025-02-08T00:00:00+06:00,2025-02-08T01:00:00+06:00,2025-02-07T19:00:00Z,T1,1,2025-02-07T06:00:00Z,13,dayahead,0.0,0.2341,0.7481,False,mos-curve-v0
2025-02-07T18:00:00Z,2025-02-08T00:00:00+06:00,2025-02-08T02:00:00+06:00,2025-02-07T20:00:00Z,T1,2,2025-02-07T06:00:00Z,14,dayahead,0.0021,0.2654,0.7794,False,mos-curve-v0
2025-02-07T18:00:00Z,2025-02-08T00:00:00+06:00,2025-02-08T03:00:00+06:00,2025-02-07T21:00:00Z,T1,3,2025-02-07T06:00:00Z,15,dayahead,0.0434,0.3067,0.8207,False,mos-curve-v0
2025-02-07T18:00:00Z,2025-02-08T00:00:00+06:00,2025-02-08T04:00:00+06:00,2025-02-07T22:00:00Z,T1,4,2025-02-07T06:00:00Z,16,dayahead,0.039,0.3023,0.8163,False,mos-curve-v0
2025-02-07T18:00:00Z,2025-02-08T00:00:00+06:00,2025-02-08T05:00:00+06:00,2025-02-07T23:00:00Z,T1,5,2025-02-07T06:00:00Z,17,dayahead,0.0,0.2587,0.7727,False,mos-curve-v0
2025-02-07T18:00:00Z,2025-02-08T00:00:00+06:00,2025-02-08T06:00:00+06:00,2025-02-08T00:00:00Z,T1,6,2025-02-07T06:00:00Z,18,dayahead,0.0173,0.2807,0.7947,False,mos-curve-v0
2025-02-07T18:00:00Z,2025-02-08T00:00:00+06:00,2025-02-08T07:00:00+06:00,2025-02-08T01:00:00Z,T1,7,2025-02-07T06:00:00Z,19,dayahead,0.0,0.2378,0.7518,False,mos-curve-v0
2025-02-07T18:00:00Z,2025-02-08T00:00:00+06:00,2025-02-08T08:00:00+06:00,2025-02-08T02:00:00Z,T1,8,2025-02-07T06:00:00Z,20,dayahead,0.0,0.2468,0.7608,False,mos-curve-v0
2025-02-07T18:00:00Z,2025-02-08T00:00:00+06:00,2025-02-08T09:00:00+06:00,2025-02-08T03:00:00Z,T1,9,2025-02-07T06:00:00Z,21,dayahead,0.0,0.1814,0.6954,False,mos-curve-v0
2025-02-07T18:00:00Z,2025-02-08T00:00:00+06:00,2025-02-08T10:00:00+06:00,2025-02-08T04:00:00Z,T1,10,2025-02-07T06:00:00Z,22,dayahead,0.0,0.256,0.77,False,mos-curve-v0
2025-02-07T18:00:00Z,2025-02-08T00:00:00+06:00,2025-02-08T11:00:00+06:00,2025-02-08T05:00:00Z,T1,11,2025-02-07T06:00:00Z,23,dayahead,0.1506,0.414,0.928,False,mos-curve-v0
2025-02-07T18:00:00Z,2025-02-08T00:00:00+06:00,2025-02-08T12:00:00+06:00,2025-02-08T06:00:00Z,T1,12,2025-02-07T06:00:00Z,24,dayahead,0.0434,0.3067,0.8207,False,mos-curve-v0
2025-02-07T18:00:00Z,2025-02-08T00:00:00+06:00,2025-02-08T13:00:00+06:00,2025-02-08T07:00:00Z,T1,13,2025-02-07T06:00:00Z,25,dayahead,0.0833,0.3466,0.8606,False,mos-curve-v0
2025-02-07T18:00:00Z,2025-02-08T00:00:00+06:00,2025-02-08T14:00:00+06:00,2025-02-08T08:00:00Z,T1,14,2025-02-07T06:00:00Z,26,dayahead,0.0896,0.353,0.867,False,mos-curve-v0
2025-02-07T18:00:00Z,2025-02-08T00:00:00+06:00,2025-02-08T15:00:00+06:00,2025-02-08T09:00:00Z,T1,15,2025-02-07T06:00:00Z,27,dayahead,0.0509,0.3142,0.8282,False,mos-curve-v0
2025-02-07T18:00:00Z,2025-02-08T00:00:00+06:00,2025-02-08T16:00:00+06:00,2025-02-08T10:00:00Z,T1,16,2025-02-07T06:00:00Z,28,dayahead,0.0,0.2088,0.7228,False,mos-curve-v0
2025-02-07T18:00:00Z,2025-02-08T00:00:00+06:00,2025-02-08T17:00:00+06:00,2025-02-08T11:00:00Z,T1,17,2025-02-07T06:00:00Z,29,dayahead,0.0202,0.1025,0.3309,False,mos-curve-v0
2025-02-07T18:00:00Z,2025-02-08T00:00:00+06:00,2025-02-08T18:00:00+06:00,2025-02-08T12:00:00Z,T1,18,2025-02-07T06:00:00Z,30,dayahead,0.0,0.0415,0.2699,False,mos-curve-v0
2025-02-07T18:00:00Z,2025-02-08T00:00:00+06:00,2025-02-08T19:00:00+06:00,2025-02-08T13:00:00Z,T1,19,2025-02-07T06:00:00Z,31,dayahead,0.0,0.0176,0.246,False,mos-curve-v0
2025-02-07T18:00:00Z,2025-02-08T00:00:00+06:00,2025-02-08T20:00:00+06:00,2025-02-08T14:00:00Z,T1,20,2025-02-07T06:00:00Z,32,dayahead,0.0,0.0235,0.2519,False,mos-curve-v0
2025-02-07T18:00:00Z,2025-02-08T00:00:00+06:00,2025-02-08T21:00:00+06:00,2025-02-08T15:00:00Z,T1,21,2025-02-07T06:00:00Z,33,dayahead,0.0,0.0267,0.2551,False,mos-curve-v0
2025-02-07T18:00:00Z,2025-02-08T00:00:00+06:00,2025-02-08T22:00:00+06:00,2025-02-08T16:00:00Z,T1,22,2025-02-07T06:00:00Z,34,dayahead,0.0,0.0277,0.2561,False,mos-curve-v0
2025-02-07T18:00:00Z,2025-02-08T00:00:00+06:00,2025-02-08T23:00:00+06:00,2025-02-08T17:00:00Z,T1,23,2025-02-07T06:00:00Z,35,dayahead,0.0,0.039,0.2674,False,mos-curve-v0
2025-02-07T18:00:00Z,2025-02-08T00:00:00+06:00,2025-02-09T00:00:00+06:00,2025-02-08T18:00:00Z,T1,24,2025-02-07T06:00:00Z,36,dayahead,0.0,0.0487,0.277,False,mos-curve-v0
2025-02-07T18:00:00Z,2025-02-08T00:00:00+06:00,2025-02-09T01:00:00+06:00,2025-02-08T19:00:00Z,T1,25,2025-02-07T06:00:00Z,37,dayahead,0.0,0.0821,0.3105,False,mos-curve-v0
2025-02-07T18:00:00Z,2025-02-08T00:00:00+06:00,2025-02-09T02:00:00+06:00,2025-02-08T20:00:00Z,T1,26,2025-02-07T06:00:00Z,38,dayahead,0.0092,0.0915,0.3199,False,mos-curve-v0
2025-02-07T18:00:00Z,2025-02-08T00:00:00+06:00,2025-02-09T03:00:00+06:00,2025-02-08T21:00:00Z,T1,27,2025-02-07T06:00:00Z,39,dayahead,0.0,0.0537,0.2821,False,mos-curve-v0
2025-02-07T18:00:00Z,2025-02-08T00:00:00+06:00,2025-02-09T04:00:00+06:00,2025-02-08T22:00:00Z,T1,28,2025-02-07T06:00:00Z,40,dayahead,0.0,0.0319,0.2603,False,mos-curve-v0
2025-02-07T18:00:00Z,2025-02-08T00:00:00+06:00,2025-02-09T05:00:00+06:00,2025-02-08T23:00:00Z,T1,29,2025-02-07T06:00:00Z,41,dayahead,0.0,0.0246,0.253,False,mos-curve-v0
2025-02-07T18:00:00Z,2025-02-08T00:00:00+06:00,2025-02-09T06:00:00+06:00,2025-02-09T00:00:00Z,T1,30,2025-02-07T06:00:00Z,42,dayahead,0.0,0.0218,0.2502,False,mos-curve-v0
2025-02-07T18:00:00Z,2025-02-08T00:00:00+06:00,2025-02-09T07:00:00+06:00,2025-02-09T01:00:00Z,T1,31,2025-02-07T06:00:00Z,43,dayahead,0.0,0.0235,0.2519,False,mos-curve-v0
2025-02-07T18:00:00Z,2025-02-08T00:00:00+06:00,2025-02-09T08:00:00+06:00,2025-02-09T02:00:00Z,T1,32,2025-02-07T06:00:00Z,44,dayahead,0.0,0.0185,0.2469,False,mos-curve-v0
2025-02-07T18:00:00Z,2025-02-08T00:00:00+06:00,2025-02-09T09:00:00+06:00,2025-02-09T03:00:00Z,T1,33,2025-02-07T06:00:00Z,45,dayahead,0.0,0.0348,0.2632,False,mos-curve-v0
2025-02-07T18:00:00Z,2025-02-08T00:00:00+06:00,2025-02-09T10:00:00+06:00,2025-02-09T04:00:00Z,T1,34,2025-02-07T06:00:00Z,46,dayahead,0.0,0.0432,0.2715,False,mos-curve-v0
2025-02-07T18:00:00Z,2025-02-08T00:00:00+06:00,2025-02-09T11:00:00+06:00,2025-02-09T05:00:00Z,T1,35,2025-02-07T06:00:00Z,47,dayahead,0.0,0.0685,0.2969,False,mos-curve-v0
2025-02-07T18:00:00Z,2025-02-08T00:00:00+06:00,2025-02-09T12:00:00+06:00,2025-02-09T06:00:00Z,T1,36,2025-02-07T06:00:00Z,48,dayahead,0.0,0.065,0.2934,False,mos-curve-v0
2025-02-07T18:00:00Z,2025-02-08T00:00:00+06:00,2025-02-09T13:00:00+06:00,2025-02-09T07:00:00Z,T1,37,2025-02-07T06:00:00Z,49,dayahead,0.0,0.0816,0.3099,False,mos-curve-v0
2025-02-07T18:00:00Z,2025-02-08T00:00:00+06:00,2025-02-09T14:00:00+06:00,2025-02-09T08:00:00Z,T1,38,2025-02-07T06:00:00Z,50,dayahead,0.0121,0.0944,0.3228,False,mos-curve-v0
2025-02-07T18:00:00Z,2025-02-08T00:00:00+06:00,2025-02-09T15:00:00+06:00,2025-02-09T09:00:00Z,T1,39,2025-02-07T06:00:00Z,51,dayahead,0.0367,0.1189,0.3473,False,mos-curve-v0
2025-02-07T18:00:00Z,2025-02-08T00:00:00+06:00,2025-02-09T16:00:00+06:00,2025-02-09T10:00:00Z,T1,40,2025-02-07T06:00:00Z,52,dayahead,0.0,0.1713,0.6853,False,mos-curve-v0
2025-02-07T18:00:00Z,2025-02-08T00:00:00+06:00,2025-02-09T17:00:00+06:00,2025-02-09T11:00:00Z,T1,41,2025-02-07T06:00:00Z,53,dayahead,0.1506,0.414,0.928,False,mos-curve-v0
2025-02-07T18:00:00Z,2025-02-08T00:00:00+06:00,2025-02-09T18:00:00+06:00,2025-02-09T12:00:00Z,T1,42,2025-02-07T06:00:00Z,54,dayahead,0.1225,0.6202,0.9188,False,mos-curve-v0
2025-02-07T18:00:00Z,2025-02-08T00:00:00+06:00,2025-02-09T19:00:00+06:00,2025-02-09T13:00:00Z,T1,43,2025-02-07T06:00:00Z,55,dayahead,0.15,0.6477,0.9464,False,mos-curve-v0
2025-02-07T18:00:00Z,2025-02-08T00:00:00+06:00,2025-02-09T20:00:00+06:00,2025-02-09T14:00:00Z,T1,44,2025-02-07T06:00:00Z,56,dayahead,0.2237,0.7214,1.0,False,mos-curve-v0
2025-02-07T18:00:00Z,2025-02-08T00:00:00+06:00,2025-02-09T21:00:00+06:00,2025-02-09T15:00:00Z,T1,45,2025-02-07T06:00:00Z,57,dayahead,0.2137,0.7114,1.0,False,mos-curve-v0
2025-02-07T18:00:00Z,2025-02-08T00:00:00+06:00,2025-02-09T22:00:00+06:00,2025-02-09T16:00:00Z,T1,46,2025-02-07T06:00:00Z,58,dayahead,0.1782,0.6759,0.9745,False,mos-curve-v0
2025-02-07T18:00:00Z,2025-02-08T00:00:00+06:00,2025-02-09T23:00:00+06:00,2025-02-09T17:00:00Z,T1,47,2025-02-07T06:00:00Z,59,dayahead,0.1642,0.6619,0.9606,False,mos-curve-v0
2025-02-07T18:00:00Z,2025-02-08T00:00:00+06:00,2025-02-08T00:00:00+06:00,2025-02-07T18:00:00Z,T2,0,2025-02-07T06:00:00Z,12,dayahead,0.0,0.2158,0.7298,False,mos-curve-v0
2025-02-07T18:00:00Z,2025-02-08T00:00:00+06:00,2025-02-08T01:00:00+06:00,2025-02-07T19:00:00Z,T2,1,2025-02-07T06:00:00Z,13,dayahead,0.0,0.2341,0.7481,False,mos-curve-v0
2025-02-07T18:00:00Z,2025-02-08T00:00:00+06:00,2025-02-08T02:00:00+06:00,2025-02-07T20:00:00Z,T2,2,2025-02-07T06:00:00Z,14,dayahead,0.0021,0.2654,0.7794,False,mos-curve-v0
2025-02-07T18:00:00Z,2025-02-08T00:00:00+06:00,2025-02-08T03:00:00+06:00,2025-02-07T21:00:00Z,T2,3,2025-02-07T06:00:00Z,15,dayahead,0.0434,0.3067,0.8207,False,mos-curve-v0
2025-02-07T18:00:00Z,2025-02-08T00:00:00+06:00,2025-02-08T04:00:00+06:00,2025-02-07T22:00:00Z,T2,4,2025-02-07T06:00:00Z,16,dayahead,0.039,0.3023,0.8163,False,mos-curve-v0
2025-02-07T18:00:00Z,2025-02-08T00:00:00+06:00,2025-02-08T05:00:00+06:00,2025-02-07T23:00:00Z,T2,5,2025-02-07T06:00:00Z,17,dayahead,0.0,0.2587,0.7727,False,mos-curve-v0
2025-02-07T18:00:00Z,2025-02-08T00:00:00+06:00,2025-02-08T06:00:00+06:00,2025-02-08T00:00:00Z,T2,6,2025-02-07T06:00:00Z,18,dayahead,0.0173,0.2807,0.7947,False,mos-curve-v0
2025-02-07T18:00:00Z,2025-02-08T00:00:00+06:00,2025-02-08T07:00:00+06:00,2025-02-08T01:00:00Z,T2,7,2025-02-07T06:00:00Z,19,dayahead,0.0,0.2378,0.7518,False,mos-curve-v0
2025-02-07T18:00:00Z,2025-02-08T00:00:00+06:00,2025-02-08T08:00:00+06:00,2025-02-08T02:00:00Z,T2,8,2025-02-07T06:00:00Z,20,dayahead,0.0,0.2468,0.7608,False,mos-curve-v0
2025-02-07T18:00:00Z,2025-02-08T00:00:00+06:00,2025-02-08T09:00:00+06:00,2025-02-08T03:00:00Z,T2,9,2025-02-07T06:00:00Z,21,dayahead,0.0,0.1814,0.6954,False,mos-curve-v0
2025-02-07T18:00:00Z,2025-02-08T00:00:00+06:00,2025-02-08T10:00:00+06:00,2025-02-08T04:00:00Z,T2,10,2025-02-07T06:00:00Z,22,dayahead,0.0,0.256,0.77,False,mos-curve-v0
2025-02-07T18:00:00Z,2025-02-08T00:00:00+06:00,2025-02-08T11:00:00+06:00,2025-02-08T05:00:00Z,T2,11,2025-02-07T06:00:00Z,23,dayahead,0.1506,0.414,0.928,False,mos-curve-v0
2025-02-07T18:00:00Z,2025-02-08T00:00:00+06:00,2025-02-08T12:00:00+06:00,2025-02-08T06:00:00Z,T2,12,2025-02-07T06:00:00Z,24,dayahead,0.0434,0.3067,0.8207,False,mos-curve-v0
2025-02-07T18:00:00Z,2025-02-08T00:00:00+06:00,2025-02-08T13:00:00+06:00,2025-02-08T07:00:00Z,T2,13,2025-02-07T06:00:00Z,25,dayahead,0.0833,0.3466,0.8606,False,mos-curve-v0
2025-02-07T18:00:00Z,2025-02-08T00:00:00+06:00,2025-02-08T14:00:00+06:00,2025-02-08T08:00:00Z,T2,14,2025-02-07T06:00:00Z,26,dayahead,0.0896,0.353,0.867,False,mos-curve-v0
2025-02-07T18:00:00Z,2025-02-08T00:00:00+06:00,2025-02-08T15:00:00+06:00,2025-02-08T09:00:00Z,T2,15,2025-02-07T06:00:00Z,27,dayahead,0.0509,0.3142,0.8282,False,mos-curve-v0
2025-02-07T18:00:00Z,2025-02-08T00:00:00+06:00,2025-02-08T16:00:00+06:00,2025-02-08T10:00:00Z,T2,16,2025-02-07T06:00:00Z,28,dayahead,0.0,0.2088,0.7228,False,mos-curve-v0
2025-02-07T18:00:00Z,2025-02-08T00:00:00+06:00,2025-02-08T17:00:00+06:00,2025-02-08T11:00:00Z,T2,17,2025-02-07T06:00:00Z,29,dayahead,0.0202,0.1025,0.3309,False,mos-curve-v0
2025-02-07T18:00:00Z,2025-02-08T00:00:00+06:00,2025-02-08T18:00:00+06:00,2025-02-08T12:00:00Z,T2,18,2025-02-07T06:00:00Z,30,dayahead,0.0,0.0415,0.2699,False,mos-curve-v0
2025-02-07T18:00:00Z,2025-02-08T00:00:00+06:00,2025-02-08T19:00:00+06:00,2025-02-08T13:00:00Z,T2,19,2025-02-07T06:00:00Z,31,dayahead,0.0,0.0176,0.246,False,mos-curve-v0
2025-02-07T18:00:00Z,2025-02-08T00:00:00+06:00,2025-02-08T20:00:00+06:00,2025-02-08T14:00:00Z,T2,20,2025-02-07T06:00:00Z,32,dayahead,0.0,0.0235,0.2519,False,mos-curve-v0
2025-02-07T18:00:00Z,2025-02-08T00:00:00+06:00,2025-02-08T21:00:00+06:00,2025-02-08T15:00:00Z,T2,21,2025-02-07T06:00:00Z,33,dayahead,0.0,0.0267,0.2551,False,mos-curve-v0
2025-02-07T18:00:00Z,2025-02-08T00:00:00+06:00,2025-02-08T22:00:00+06:00,2025-02-08T16:00:00Z,T2,22,2025-02-07T06:00:00Z,34,dayahead,0.0,0.0277,0.2561,False,mos-curve-v0
2025-02-07T18:00:00Z,2025-02-08T00:00:00+06:00,2025-02-08T23:00:00+06:00,2025-02-08T17:00:00Z,T2,23,2025-02-07T06:00:00Z,35,dayahead,0.0,0.039,0.2674,False,mos-curve-v0
2025-02-07T18:00:00Z,2025-02-08T00:00:00+06:00,2025-02-09T00:00:00+06:00,2025-02-08T18:00:00Z,T2,24,2025-02-07T06:00:00Z,36,dayahead,0.0,0.0487,0.277,False,mos-curve-v0
2025-02-07T18:00:00Z,2025-02-08T00:00:00+06:00,2025-02-09T01:00:00+06:00,2025-02-08T19:00:00Z,T2,25,2025-02-07T06:00:00Z,37,dayahead,0.0,0.0821,0.3105,False,mos-curve-v0
2025-02-07T18:00:00Z,2025-02-08T00:00:00+06:00,2025-02-09T02:00:00+06:00,2025-02-08T20:00:00Z,T2,26,2025-02-07T06:00:00Z,38,dayahead,0.0092,0.0915,0.3199,False,mos-curve-v0
2025-02-07T18:00:00Z,2025-02-08T00:00:00+06:00,2025-02-09T03:00:00+06:00,2025-02-08T21:00:00Z,T2,27,2025-02-07T06:00:00Z,39,dayahead,0.0,0.0537,0.2821,False,mos-curve-v0
2025-02-07T18:00:00Z,2025-02-08T00:00:00+06:00,2025-02-09T04:00:00+06:00,2025-02-08T22:00:00Z,T2,28,2025-02-07T06:00:00Z,40,dayahead,0.0,0.0319,0.2603,False,mos-curve-v0
2025-02-07T18:00:00Z,2025-02-08T00:00:00+06:00,2025-02-09T05:00:00+06:00,2025-02-08T23:00:00Z,T2,29,2025-02-07T06:00:00Z,41,dayahead,0.0,0.0246,0.253,False,mos-curve-v0
2025-02-07T18:00:00Z,2025-02-08T00:00:00+06:00,2025-02-09T06:00:00+06:00,2025-02-09T00:00:00Z,T2,30,2025-02-07T06:00:00Z,42,dayahead,0.0,0.0218,0.2502,False,mos-curve-v0
2025-02-07T18:00:00Z,2025-02-08T00:00:00+06:00,2025-02-09T07:00:00+06:00,2025-02-09T01:00:00Z,T2,31,2025-02-07T06:00:00Z,43,dayahead,0.0,0.0235,0.2519,False,mos-curve-v0
2025-02-07T18:00:00Z,2025-02-08T00:00:00+06:00,2025-02-09T08:00:00+06:00,2025-02-09T02:00:00Z,T2,32,2025-02-07T06:00:00Z,44,dayahead,0.0,0.0185,0.2469,False,mos-curve-v0
2025-02-07T18:00:00Z,2025-02-08T00:00:00+06:00,2025-02-09T09:00:00+06:00,2025-02-09T03:00:00Z,T2,33,2025-02-07T06:00:00Z,45,dayahead,0.0,0.0348,0.2632,False,mos-curve-v0
2025-02-07T18:00:00Z,2025-02-08T00:00:00+06:00,2025-02-09T10:00:00+06:00,2025-02-09T04:00:00Z,T2,34,2025-02-07T06:00:00Z,46,dayahead,0.0,0.0432,0.2715,False,mos-curve-v0
2025-02-07T18:00:00Z,2025-02-08T00:00:00+06:00,2025-02-09T11:00:00+06:00,2025-02-09T05:00:00Z,T2,35,2025-02-07T06:00:00Z,47,dayahead,0.0,0.0685,0.2969,False,mos-curve-v0
2025-02-07T18:00:00Z,2025-02-08T00:00:00+06:00,2025-02-09T12:00:00+06:00,2025-02-09T06:00:00Z,T2,36,2025-02-07T06:00:00Z,48,dayahead,0.0,0.065,0.2934,False,mos-curve-v0
2025-02-07T18:00:00Z,2025-02-08T00:00:00+06:00,2025-02-09T13:00:00+06:00,2025-02-09T07:00:00Z,T2,37,2025-02-07T06:00:00Z,49,dayahead,0.0,0.0816,0.3099,False,mos-curve-v0
2025-02-07T18:00:00Z,2025-02-08T00:00:00+06:00,2025-02-09T14:00:00+06:00,2025-02-09T08:00:00Z,T2,38,2025-02-07T06:00:00Z,50,dayahead,0.0121,0.0944,0.3228,False,mos-curve-v0
2025-02-07T18:00:00Z,2025-02-08T00:00:00+06:00,2025-02-09T15:00:00+06:00,2025-02-09T09:00:00Z,T2,39,2025-02-07T06:00:00Z,51,dayahead,0.0367,0.1189,0.3473,False,mos-curve-v0
2025-02-07T18:00:00Z,2025-02-08T00:00:00+06:00,2025-02-09T16:00:00+06:00,2025-02-09T10:00:00Z,T2,40,2025-02-07T06:00:00Z,52,dayahead,0.0,0.1713,0.6853,False,mos-curve-v0
2025-02-07T18:00:00Z,2025-02-08T00:00:00+06:00,2025-02-09T17:00:00+06:00,2025-02-09T11:00:00Z,T2,41,2025-02-07T06:00:00Z,53,dayahead,0.1506,0.414,0.928,False,mos-curve-v0
2025-02-07T18:00:00Z,2025-02-08T00:00:00+06:00,2025-02-09T18:00:00+06:00,2025-02-09T12:00:00Z,T2,42,2025-02-07T06:00:00Z,54,dayahead,0.1225,0.6202,0.9188,False,mos-curve-v0
2025-02-07T18:00:00Z,2025-02-08T00:00:00+06:00,2025-02-09T19:00:00+06:00,2025-02-09T13:00:00Z,T2,43,2025-02-07T06:00:00Z,55,dayahead,0.15,0.6477,0.9464,False,mos-curve-v0
2025-02-07T18:00:00Z,2025-02-08T00:00:00+06:00,2025-02-09T20:00:00+06:00,2025-02-09T14:00:00Z,T2,44,2025-02-07T06:00:00Z,56,dayahead,0.2237,0.7214,1.0,False,mos-curve-v0
2025-02-07T18:00:00Z,2025-02-08T00:00:00+06:00,2025-02-09T21:00:00+06:00,2025-02-09T15:00:00Z,T2,45,2025-02-07T06:00:00Z,57,dayahead,0.2137,0.7114,1.0,False,mos-curve-v0
2025-02-07T18:00:00Z,2025-02-08T00:00:00+06:00,2025-02-09T22:00:00+06:00,2025-02-09T16:00:00Z,T2,46,2025-02-07T06:00:00Z,58,dayahead,0.1782,0.6759,0.9745,False,mos-curve-v0
2025-02-07T18:00:00Z,2025-02-08T00:00:00+06:00,2025-02-09T23:00:00+06:00,2025-02-09T17:00:00Z,T2,47,2025-02-07T06:00:00Z,59,dayahead,0.1642,0.6619,0.9606,False,mos-curve-v0
2025-02-08T18:00:00Z,2025-02-09T00:00:00+06:00,2025-02-09T00:00:00+06:00,2025-02-08T18:00:00Z,T1,0,2025-02-08T06:00:00Z,12,dayahead,0.0,0.0726,0.301,False,mos-curve-v0
2025-02-08T18:00:00Z,2025-02-09T00:00:00+06:00,2025-02-09T01:00:00+06:00,2025-02-08T19:00:00Z,T1,1,2025-02-08T06:00:00Z,13,dayahead,0.0338,0.116,0.3444,False,mos-curve-v0
2025-02-08T18:00:00Z,2025-02-09T00:00:00+06:00,2025-02-09T02:00:00+06:00,2025-02-08T20:00:00Z,T1,2,2025-02-08T06:00:00Z,14,dayahead,0.0235,0.1057,0.3341,False,mos-curve-v0
2025-02-08T18:00:00Z,2025-02-09T00:00:00+06:00,2025-02-09T03:00:00+06:00,2025-02-08T21:00:00Z,T1,3,2025-02-08T06:00:00Z,15,dayahead,0.0014,0.0837,0.3121,False,mos-curve-v0
2025-02-08T18:00:00Z,2025-02-09T00:00:00+06:00,2025-02-09T04:00:00+06:00,2025-02-08T22:00:00Z,T1,4,2025-02-08T06:00:00Z,16,dayahead,0.0,0.0703,0.2987,False,mos-curve-v0
2025-02-08T18:00:00Z,2025-02-09T00:00:00+06:00,2025-02-09T05:00:00+06:00,2025-02-08T23:00:00Z,T1,5,2025-02-08T06:00:00Z,17,dayahead,0.0,0.077,0.3054,False,mos-curve-v0
2025-02-08T18:00:00Z,2025-02-09T00:00:00+06:00,2025-02-09T06:00:00+06:00,2025-02-09T00:00:00Z,T1,6,2025-02-08T06:00:00Z,18,dayahead,0.0,0.0617,0.2901,False,mos-curve-v0
2025-02-08T18:00:00Z,2025-02-09T00:00:00+06:00,2025-02-09T07:00:00+06:00,2025-02-09T01:00:00Z,T1,7,2025-02-08T06:00:00Z,19,dayahead,0.0,0.0277,0.2561,False,mos-curve-v0
2025-02-08T18:00:00Z,2025-02-09T00:00:00+06:00,2025-02-09T08:00:00+06:00,2025-02-09T02:00:00Z,T1,8,2025-02-08T06:00:00Z,20,dayahead,0.0,0.0248,0.2532,False,mos-curve-v0
2025-02-08T18:00:00Z,2025-02-09T00:00:00+06:00,2025-02-09T09:00:00+06:00,2025-02-09T03:00:00Z,T1,9,2025-02-08T06:00:00Z,21,dayahead,0.0,0.0189,0.2473,False,mos-curve-v0
2025-02-08T18:00:00Z,2025-02-09T00:00:00+06:00,2025-02-09T10:00:00+06:00,2025-02-09T04:00:00Z,T1,10,2025-02-08T06:00:00Z,22,dayahead,0.0,0.0176,0.246,False,mos-curve-v0
2025-02-08T18:00:00Z,2025-02-09T00:00:00+06:00,2025-02-09T11:00:00+06:00,2025-02-09T05:00:00Z,T1,11,2025-02-08T06:00:00Z,23,dayahead,0.0,0.0134,0.2418,False,mos-curve-v0
2025-02-08T18:00:00Z,2025-02-09T00:00:00+06:00,2025-02-09T12:00:00+06:00,2025-02-09T06:00:00Z,T1,12,2025-02-08T06:00:00Z,24,dayahead,0.0,0.0197,0.2481,False,mos-curve-v0
2025-02-08T18:00:00Z,2025-02-09T00:00:00+06:00,2025-02-09T13:00:00+06:00,2025-02-09T07:00:00Z,T1,13,2025-02-08T06:00:00Z,25,dayahead,0.0,0.0377,0.2661,False,mos-curve-v0
2025-02-08T18:00:00Z,2025-02-09T00:00:00+06:00,2025-02-09T14:00:00+06:00,2025-02-09T08:00:00Z,T1,14,2025-02-08T06:00:00Z,26,dayahead,0.0052,0.0875,0.3159,False,mos-curve-v0
2025-02-08T18:00:00Z,2025-02-09T00:00:00+06:00,2025-02-09T15:00:00+06:00,2025-02-09T09:00:00Z,T1,15,2025-02-08T06:00:00Z,27,dayahead,0.0052,0.0875,0.3159,False,mos-curve-v0
2025-02-08T18:00:00Z,2025-02-09T00:00:00+06:00,2025-02-09T16:00:00+06:00,2025-02-09T10:00:00Z,T1,16,2025-02-08T06:00:00Z,28,dayahead,0.0,0.079,0.3074,False,mos-curve-v0
2025-02-08T18:00:00Z,2025-02-09T00:00:00+06:00,2025-02-09T17:00:00+06:00,2025-02-09T11:00:00Z,T1,17,2025-02-08T06:00:00Z,29,dayahead,0.0,0.2242,0.7382,False,mos-curve-v0
2025-02-08T18:00:00Z,2025-02-09T00:00:00+06:00,2025-02-09T18:00:00+06:00,2025-02-09T12:00:00Z,T1,18,2025-02-08T06:00:00Z,30,dayahead,0.1814,0.4448,0.9587,False,mos-curve-v0
2025-02-08T18:00:00Z,2025-02-09T00:00:00+06:00,2025-02-09T19:00:00+06:00,2025-02-09T13:00:00Z,T1,19,2025-02-08T06:00:00Z,31,dayahead,0.1356,0.6333,0.9319,False,mos-curve-v0
2025-02-08T18:00:00Z,2025-02-09T00:00:00+06:00,2025-02-09T20:00:00+06:00,2025-02-09T14:00:00Z,T1,20,2025-02-08T06:00:00Z,32,dayahead,0.2929,0.7906,1.0,False,mos-curve-v0
2025-02-08T18:00:00Z,2025-02-09T00:00:00+06:00,2025-02-09T21:00:00+06:00,2025-02-09T15:00:00Z,T1,21,2025-02-08T06:00:00Z,33,dayahead,0.4949,0.8534,0.9384,False,mos-curve-v0
2025-02-08T18:00:00Z,2025-02-09T00:00:00+06:00,2025-02-09T22:00:00+06:00,2025-02-09T16:00:00Z,T1,22,2025-02-08T06:00:00Z,34,dayahead,0.5169,0.8754,0.9604,False,mos-curve-v0
2025-02-08T18:00:00Z,2025-02-09T00:00:00+06:00,2025-02-09T23:00:00+06:00,2025-02-09T17:00:00Z,T1,23,2025-02-08T06:00:00Z,35,dayahead,0.3244,0.8221,1.0,False,mos-curve-v0
2025-02-08T18:00:00Z,2025-02-09T00:00:00+06:00,2025-02-10T00:00:00+06:00,2025-02-09T18:00:00Z,T1,24,2025-02-08T06:00:00Z,36,dayahead,0.5177,0.8762,0.9612,False,mos-curve-v0
2025-02-08T18:00:00Z,2025-02-09T00:00:00+06:00,2025-02-10T01:00:00+06:00,2025-02-09T19:00:00Z,T1,25,2025-02-08T06:00:00Z,37,dayahead,0.5839,0.9424,1.0,False,mos-curve-v0
2025-02-08T18:00:00Z,2025-02-09T00:00:00+06:00,2025-02-10T02:00:00+06:00,2025-02-09T20:00:00Z,T1,26,2025-02-08T06:00:00Z,38,dayahead,0.6141,0.9726,1.0,False,mos-curve-v0
2025-02-08T18:00:00Z,2025-02-09T00:00:00+06:00,2025-02-10T03:00:00+06:00,2025-02-09T21:00:00Z,T1,27,2025-02-08T06:00:00Z,39,dayahead,0.5869,0.9453,1.0,False,mos-curve-v0
2025-02-08T18:00:00Z,2025-02-09T00:00:00+06:00,2025-02-10T04:00:00+06:00,2025-02-09T22:00:00Z,T1,28,2025-02-08T06:00:00Z,40,dayahead,0.5784,0.9368,1.0,False,mos-curve-v0
2025-02-08T18:00:00Z,2025-02-09T00:00:00+06:00,2025-02-10T05:00:00+06:00,2025-02-09T23:00:00Z,T1,29,2025-02-08T06:00:00Z,41,dayahead,0.5393,0.8978,0.9828,False,mos-curve-v0
2025-02-08T18:00:00Z,2025-02-09T00:00:00+06:00,2025-02-10T06:00:00+06:00,2025-02-10T00:00:00Z,T1,30,2025-02-08T06:00:00Z,42,dayahead,0.5565,0.915,1.0,False,mos-curve-v0
2025-02-08T18:00:00Z,2025-02-09T00:00:00+06:00,2025-02-10T07:00:00+06:00,2025-02-10T01:00:00Z,T1,31,2025-02-08T06:00:00Z,43,dayahead,0.5728,0.9313,1.0,False,mos-curve-v0
2025-02-08T18:00:00Z,2025-02-09T00:00:00+06:00,2025-02-10T08:00:00+06:00,2025-02-10T02:00:00Z,T1,32,2025-02-08T06:00:00Z,44,dayahead,0.575,0.9335,1.0,False,mos-curve-v0
2025-02-08T18:00:00Z,2025-02-09T00:00:00+06:00,2025-02-10T09:00:00+06:00,2025-02-10T03:00:00Z,T1,33,2025-02-08T06:00:00Z,45,dayahead,0.5381,0.8965,0.9815,False,mos-curve-v0
2025-02-08T18:00:00Z,2025-02-09T00:00:00+06:00,2025-02-10T10:00:00+06:00,2025-02-10T04:00:00Z,T1,34,2025-02-08T06:00:00Z,46,dayahead,0.3458,0.8435,1.0,False,mos-curve-v0
2025-02-08T18:00:00Z,2025-02-09T00:00:00+06:00,2025-02-10T11:00:00+06:00,2025-02-10T05:00:00Z,T1,35,2025-02-08T06:00:00Z,47,dayahead,0.1751,0.6728,0.9714,False,mos-curve-v0
2025-02-08T18:00:00Z,2025-02-09T00:00:00+06:00,2025-02-10T12:00:00+06:00,2025-02-10T06:00:00Z,T1,36,2025-02-08T06:00:00Z,48,dayahead,0.0,0.2031,0.7171,False,mos-curve-v0
2025-02-08T18:00:00Z,2025-02-09T00:00:00+06:00,2025-02-10T13:00:00+06:00,2025-02-10T07:00:00Z,T1,37,2025-02-08T06:00:00Z,49,dayahead,0.0,0.0721,0.3005,False,mos-curve-v0
2025-02-08T18:00:00Z,2025-02-09T00:00:00+06:00,2025-02-10T14:00:00+06:00,2025-02-10T08:00:00Z,T1,38,2025-02-08T06:00:00Z,50,dayahead,0.0,0.074,0.3024,False,mos-curve-v0
2025-02-08T18:00:00Z,2025-02-09T00:00:00+06:00,2025-02-10T15:00:00+06:00,2025-02-10T09:00:00Z,T1,39,2025-02-08T06:00:00Z,51,dayahead,0.0025,0.0847,0.3131,False,mos-curve-v0
2025-02-08T18:00:00Z,2025-02-09T00:00:00+06:00,2025-02-10T16:00:00+06:00,2025-02-10T10:00:00Z,T1,40,2025-02-08T06:00:00Z,52,dayahead,0.0164,0.0987,0.3271,False,mos-curve-v0
2025-02-08T18:00:00Z,2025-02-09T00:00:00+06:00,2025-02-10T17:00:00+06:00,2025-02-10T11:00:00Z,T1,41,2025-02-08T06:00:00Z,53,dayahead,0.0,0.0816,0.3099,False,mos-curve-v0
2025-02-08T18:00:00Z,2025-02-09T00:00:00+06:00,2025-02-10T18:00:00+06:00,2025-02-10T12:00:00Z,T1,42,2025-02-08T06:00:00Z,54,dayahead,0.0,0.0601,0.2885,False,mos-curve-v0
2025-02-08T18:00:00Z,2025-02-09T00:00:00+06:00,2025-02-10T19:00:00+06:00,2025-02-10T13:00:00Z,T1,43,2025-02-08T06:00:00Z,55,dayahead,0.0,0.0353,0.2637,False,mos-curve-v0
2025-02-08T18:00:00Z,2025-02-09T00:00:00+06:00,2025-02-10T20:00:00+06:00,2025-02-10T14:00:00Z,T1,44,2025-02-08T06:00:00Z,56,dayahead,0.0,0.0266,0.2549,False,mos-curve-v0
2025-02-08T18:00:00Z,2025-02-09T00:00:00+06:00,2025-02-10T21:00:00+06:00,2025-02-10T15:00:00Z,T1,45,2025-02-08T06:00:00Z,57,dayahead,0.0,0.0294,0.2578,False,mos-curve-v0
2025-02-08T18:00:00Z,2025-02-09T00:00:00+06:00,2025-02-10T22:00:00+06:00,2025-02-10T16:00:00Z,T1,46,2025-02-08T06:00:00Z,58,dayahead,0.0,0.0292,0.2576,False,mos-curve-v0
2025-02-08T18:00:00Z,2025-02-09T00:00:00+06:00,2025-02-10T23:00:00+06:00,2025-02-10T17:00:00Z,T1,47,2025-02-08T06:00:00Z,59,dayahead,0.0,0.0555,0.2839,False,mos-curve-v0
2025-02-08T18:00:00Z,2025-02-09T00:00:00+06:00,2025-02-09T00:00:00+06:00,2025-02-08T18:00:00Z,T2,0,2025-02-08T06:00:00Z,12,dayahead,0.0,0.0726,0.301,False,mos-curve-v0
2025-02-08T18:00:00Z,2025-02-09T00:00:00+06:00,2025-02-09T01:00:00+06:00,2025-02-08T19:00:00Z,T2,1,2025-02-08T06:00:00Z,13,dayahead,0.0338,0.116,0.3444,False,mos-curve-v0
2025-02-08T18:00:00Z,2025-02-09T00:00:00+06:00,2025-02-09T02:00:00+06:00,2025-02-08T20:00:00Z,T2,2,2025-02-08T06:00:00Z,14,dayahead,0.0235,0.1057,0.3341,False,mos-curve-v0
2025-02-08T18:00:00Z,2025-02-09T00:00:00+06:00,2025-02-09T03:00:00+06:00,2025-02-08T21:00:00Z,T2,3,2025-02-08T06:00:00Z,15,dayahead,0.0014,0.0837,0.3121,False,mos-curve-v0
2025-02-08T18:00:00Z,2025-02-09T00:00:00+06:00,2025-02-09T04:00:00+06:00,2025-02-08T22:00:00Z,T2,4,2025-02-08T06:00:00Z,16,dayahead,0.0,0.0703,0.2987,False,mos-curve-v0
2025-02-08T18:00:00Z,2025-02-09T00:00:00+06:00,2025-02-09T05:00:00+06:00,2025-02-08T23:00:00Z,T2,5,2025-02-08T06:00:00Z,17,dayahead,0.0,0.077,0.3054,False,mos-curve-v0
2025-02-08T18:00:00Z,2025-02-09T00:00:00+06:00,2025-02-09T06:00:00+06:00,2025-02-09T00:00:00Z,T2,6,2025-02-08T06:00:00Z,18,dayahead,0.0,0.0617,0.2901,False,mos-curve-v0
2025-02-08T18:00:00Z,2025-02-09T00:00:00+06:00,2025-02-09T07:00:00+06:00,2025-02-09T01:00:00Z,T2,7,2025-02-08T06:00:00Z,19,dayahead,0.0,0.0277,0.2561,False,mos-curve-v0
2025-02-08T18:00:00Z,2025-02-09T00:00:00+06:00,2025-02-09T08:00:00+06:00,2025-02-09T02:00:00Z,T2,8,2025-02-08T06:00:00Z,20,dayahead,0.0,0.0248,0.2532,False,mos-curve-v0
2025-02-08T18:00:00Z,2025-02-09T00:00:00+06:00,2025-02-09T09:00:00+06:00,2025-02-09T03:00:00Z,T2,9,2025-02-08T06:00:00Z,21,dayahead,0.0,0.0189,0.2473,False,mos-curve-v0
2025-02-08T18:00:00Z,2025-02-09T00:00:00+06:00,2025-02-09T10:00:00+06:00,2025-02-09T04:00:00Z,T2,10,2025-02-08T06:00:00Z,22,dayahead,0.0,0.0176,0.246,False,mos-curve-v0
2025-02-08T18:00:00Z,2025-02-09T00:00:00+06:00,2025-02-09T11:00:00+06:00,2025-02-09T05:00:00Z,T2,11,2025-02-08T06:00:00Z,23,dayahead,0.0,0.0134,0.2418,False,mos-curve-v0
2025-02-08T18:00:00Z,2025-02-09T00:00:00+06:00,2025-02-09T12:00:00+06:00,2025-02-09T06:00:00Z,T2,12,2025-02-08T06:00:00Z,24,dayahead,0.0,0.0197,0.2481,False,mos-curve-v0
2025-02-08T18:00:00Z,2025-02-09T00:00:00+06:00,2025-02-09T13:00:00+06:00,2025-02-09T07:00:00Z,T2,13,2025-02-08T06:00:00Z,25,dayahead,0.0,0.0377,0.2661,False,mos-curve-v0
2025-02-08T18:00:00Z,2025-02-09T00:00:00+06:00,2025-02-09T14:00:00+06:00,2025-02-09T08:00:00Z,T2,14,2025-02-08T06:00:00Z,26,dayahead,0.0052,0.0875,0.3159,False,mos-curve-v0
2025-02-08T18:00:00Z,2025-02-09T00:00:00+06:00,2025-02-09T15:00:00+06:00,2025-02-09T09:00:00Z,T2,15,2025-02-08T06:00:00Z,27,dayahead,0.0052,0.0875,0.3159,False,mos-curve-v0
2025-02-08T18:00:00Z,2025-02-09T00:00:00+06:00,2025-02-09T16:00:00+06:00,2025-02-09T10:00:00Z,T2,16,2025-02-08T06:00:00Z,28,dayahead,0.0,0.079,0.3074,False,mos-curve-v0
2025-02-08T18:00:00Z,2025-02-09T00:00:00+06:00,2025-02-09T17:00:00+06:00,2025-02-09T11:00:00Z,T2,17,2025-02-08T06:00:00Z,29,dayahead,0.0,0.2242,0.7382,False,mos-curve-v0
2025-02-08T18:00:00Z,2025-02-09T00:00:00+06:00,2025-02-09T18:00:00+06:00,2025-02-09T12:00:00Z,T2,18,2025-02-08T06:00:00Z,30,dayahead,0.1814,0.4448,0.9587,False,mos-curve-v0
2025-02-08T18:00:00Z,2025-02-09T00:00:00+06:00,2025-02-09T19:00:00+06:00,2025-02-09T13:00:00Z,T2,19,2025-02-08T06:00:00Z,31,dayahead,0.1356,0.6333,0.9319,False,mos-curve-v0
2025-02-08T18:00:00Z,2025-02-09T00:00:00+06:00,2025-02-09T20:00:00+06:00,2025-02-09T14:00:00Z,T2,20,2025-02-08T06:00:00Z,32,dayahead,0.2929,0.7906,1.0,False,mos-curve-v0
2025-02-08T18:00:00Z,2025-02-09T00:00:00+06:00,2025-02-09T21:00:00+06:00,2025-02-09T15:00:00Z,T2,21,2025-02-08T06:00:00Z,33,dayahead,0.4949,0.8534,0.9384,False,mos-curve-v0
2025-02-08T18:00:00Z,2025-02-09T00:00:00+06:00,2025-02-09T22:00:00+06:00,2025-02-09T16:00:00Z,T2,22,2025-02-08T06:00:00Z,34,dayahead,0.5169,0.8754,0.9604,False,mos-curve-v0
2025-02-08T18:00:00Z,2025-02-09T00:00:00+06:00,2025-02-09T23:00:00+06:00,2025-02-09T17:00:00Z,T2,23,2025-02-08T06:00:00Z,35,dayahead,0.3244,0.8221,1.0,False,mos-curve-v0
2025-02-08T18:00:00Z,2025-02-09T00:00:00+06:00,2025-02-10T00:00:00+06:00,2025-02-09T18:00:00Z,T2,24,2025-02-08T06:00:00Z,36,dayahead,0.5177,0.8762,0.9612,False,mos-curve-v0
2025-02-08T18:00:00Z,2025-02-09T00:00:00+06:00,2025-02-10T01:00:00+06:00,2025-02-09T19:00:00Z,T2,25,2025-02-08T06:00:00Z,37,dayahead,0.5839,0.9424,1.0,False,mos-curve-v0
2025-02-08T18:00:00Z,2025-02-09T00:00:00+06:00,2025-02-10T02:00:00+06:00,2025-02-09T20:00:00Z,T2,26,2025-02-08T06:00:00Z,38,dayahead,0.6141,0.9726,1.0,False,mos-curve-v0
2025-02-08T18:00:00Z,2025-02-09T00:00:00+06:00,2025-02-10T03:00:00+06:00,2025-02-09T21:00:00Z,T2,27,2025-02-08T06:00:00Z,39,dayahead,0.5869,0.9453,1.0,False,mos-curve-v0
2025-02-08T18:00:00Z,2025-02-09T00:00:00+06:00,2025-02-10T04:00:00+06:00,2025-02-09T22:00:00Z,T2,28,2025-02-08T06:00:00Z,40,dayahead,0.5784,0.9368,1.0,False,mos-curve-v0
2025-02-08T18:00:00Z,2025-02-09T00:00:00+06:00,2025-02-10T05:00:00+06:00,2025-02-09T23:00:00Z,T2,29,2025-02-08T06:00:00Z,41,dayahead,0.5393,0.8978,0.9828,False,mos-curve-v0
2025-02-08T18:00:00Z,2025-02-09T00:00:00+06:00,2025-02-10T06:00:00+06:00,2025-02-10T00:00:00Z,T2,30,2025-02-08T06:00:00Z,42,dayahead,0.5565,0.915,1.0,False,mos-curve-v0
2025-02-08T18:00:00Z,2025-02-09T00:00:00+06:00,2025-02-10T07:00:00+06:00,2025-02-10T01:00:00Z,T2,31,2025-02-08T06:00:00Z,43,dayahead,0.5728,0.9313,1.0,False,mos-curve-v0
2025-02-08T18:00:00Z,2025-02-09T00:00:00+06:00,2025-02-10T08:00:00+06:00,2025-02-10T02:00:00Z,T2,32,2025-02-08T06:00:00Z,44,dayahead,0.575,0.9335,1.0,False,mos-curve-v0
2025-02-08T18:00:00Z,2025-02-09T00:00:00+06:00,2025-02-10T09:00:00+06:00,2025-02-10T03:00:00Z,T2,33,2025-02-08T06:00:00Z,45,dayahead,0.5381,0.8965,0.9815,False,mos-curve-v0
2025-02-08T18:00:00Z,2025-02-09T00:00:00+06:00,2025-02-10T10:00:00+06:00,2025-02-10T04:00:00Z,T2,34,2025-02-08T06:00:00Z,46,dayahead,0.3458,0.8435,1.0,False,mos-curve-v0
2025-02-08T18:00:00Z,2025-02-09T00:00:00+06:00,2025-02-10T11:00:00+06:00,2025-02-10T05:00:00Z,T2,35,2025-02-08T06:00:00Z,47,dayahead,0.1751,0.6728,0.9714,False,mos-curve-v0
2025-02-08T18:00:00Z,2025-02-09T00:00:00+06:00,2025-02-10T12:00:00+06:00,2025-02-10T06:00:00Z,T2,36,2025-02-08T06:00:00Z,48,dayahead,0.0,0.2031,0.7171,False,mos-curve-v0
2025-02-08T18:00:00Z,2025-02-09T00:00:00+06:00,2025-02-10T13:00:00+06:00,2025-02-10T07:00:00Z,T2,37,2025-02-08T06:00:00Z,49,dayahead,0.0,0.0721,0.3005,False,mos-curve-v0
2025-02-08T18:00:00Z,2025-02-09T00:00:00+06:00,2025-02-10T14:00:00+06:00,2025-02-10T08:00:00Z,T2,38,2025-02-08T06:00:00Z,50,dayahead,0.0,0.074,0.3024,False,mos-curve-v0
2025-02-08T18:00:00Z,2025-02-09T00:00:00+06:00,2025-02-10T15:00:00+06:00,2025-02-10T09:00:00Z,T2,39,2025-02-08T06:00:00Z,51,dayahead,0.0025,0.0847,0.3131,False,mos-curve-v0
2025-02-08T18:00:00Z,2025-02-09T00:00:00+06:00,2025-02-10T16:00:00+06:00,2025-02-10T10:00:00Z,T2,40,2025-02-08T06:00:00Z,52,dayahead,0.0164,0.0987,0.3271,False,mos-curve-v0
2025-02-08T18:00:00Z,2025-02-09T00:00:00+06:00,2025-02-10T17:00:00+06:00,2025-02-10T11:00:00Z,T2,41,2025-02-08T06:00:00Z,53,dayahead,0.0,0.0816,0.3099,False,mos-curve-v0
2025-02-08T18:00:00Z,2025-02-09T00:00:00+06:00,2025-02-10T18:00:00+06:00,2025-02-10T12:00:00Z,T2,42,2025-02-08T06:00:00Z,54,dayahead,0.0,0.0601,0.2885,False,mos-curve-v0
2025-02-08T18:00:00Z,2025-02-09T00:00:00+06:00,2025-02-10T19:00:00+06:00,2025-02-10T13:00:00Z,T2,43,2025-02-08T06:00:00Z,55,dayahead,0.0,0.0353,0.2637,False,mos-curve-v0
2025-02-08T18:00:00Z,2025-02-09T00:00:00+06:00,2025-02-10T20:00:00+06:00,2025-02-10T14:00:00Z,T2,44,2025-02-08T06:00:00Z,56,dayahead,0.0,0.0266,0.2549,False,mos-curve-v0
2025-02-08T18:00:00Z,2025-02-09T00:00:00+06:00,2025-02-10T21:00:00+06:00,2025-02-10T15:00:00Z,T2,45,2025-02-08T06:00:00Z,57,dayahead,0.0,0.0294,0.2578,False,mos-curve-v0
2025-02-08T18:00:00Z,2025-02-09T00:00:00+06:00,2025-02-10T22:00:00+06:00,2025-02-10T16:00:00Z,T2,46,2025-02-08T06:00:00Z,58,dayahead,0.0,0.0292,0.2576,False,mos-curve-v0
2025-02-08T18:00:00Z,2025-02-09T00:00:00+06:00,2025-02-10T23:00:00+06:00,2025-02-10T17:00:00Z,T2,47,2025-02-08T06:00:00Z,59,dayahead,0.0,0.0555,0.2839,False,mos-curve-v0
2025-02-09T18:00:00Z,2025-02-10T00:00:00+06:00,2025-02-10T00:00:00+06:00,2025-02-09T18:00:00Z,T1,0,2025-02-09T06:00:00Z,12,dayahead,0.5293,0.8878,0.9728,False,mos-curve-v0
2025-02-09T18:00:00Z,2025-02-10T00:00:00+06:00,2025-02-10T01:00:00+06:00,2025-02-09T19:00:00Z,T1,1,2025-02-09T06:00:00Z,13,dayahead,0.5581,0.9166,1.0,False,mos-curve-v0
2025-02-09T18:00:00Z,2025-02-10T00:00:00+06:00,2025-02-10T02:00:00+06:00,2025-02-09T20:00:00Z,T1,2,2025-02-09T06:00:00Z,14,dayahead,0.591,0.9495,1.0,False,mos-curve-v0
2025-02-09T18:00:00Z,2025-02-10T00:00:00+06:00,2025-02-10T03:00:00+06:00,2025-02-09T21:00:00Z,T1,3,2025-02-09T06:00:00Z,15,dayahead,0.6021,0.9606,1.0,False,mos-curve-v0
2025-02-09T18:00:00Z,2025-02-10T00:00:00+06:00,2025-02-10T04:00:00+06:00,2025-02-09T22:00:00Z,T1,4,2025-02-09T06:00:00Z,16,dayahead,0.5723,0.9308,1.0,False,mos-curve-v0
2025-02-09T18:00:00Z,2025-02-10T00:00:00+06:00,2025-02-10T05:00:00+06:00,2025-02-09T23:00:00Z,T1,5,2025-02-09T06:00:00Z,17,dayahead,0.5554,0.9139,0.9989,False,mos-curve-v0
2025-02-09T18:00:00Z,2025-02-10T00:00:00+06:00,2025-02-10T06:00:00+06:00,2025-02-10T00:00:00Z,T1,6,2025-02-09T06:00:00Z,18,dayahead,0.6086,0.9671,1.0,False,mos-curve-v0
2025-02-09T18:00:00Z,2025-02-10T00:00:00+06:00,2025-02-10T07:00:00+06:00,2025-02-10T01:00:00Z,T1,7,2025-02-09T06:00:00Z,19,dayahead,0.6091,0.9676,1.0,False,mos-curve-v0
2025-02-09T18:00:00Z,2025-02-10T00:00:00+06:00,2025-02-10T08:00:00+06:00,2025-02-10T02:00:00Z,T1,8,2025-02-09T06:00:00Z,20,dayahead,0.6049,0.9634,1.0,False,mos-curve-v0
2025-02-09T18:00:00Z,2025-02-10T00:00:00+06:00,2025-02-10T09:00:00+06:00,2025-02-10T03:00:00Z,T1,9,2025-02-09T06:00:00Z,21,dayahead,0.5904,0.9488,1.0,False,mos-curve-v0
2025-02-09T18:00:00Z,2025-02-10T00:00:00+06:00,2025-02-10T10:00:00+06:00,2025-02-10T04:00:00Z,T1,10,2025-02-09T06:00:00Z,22,dayahead,0.5456,0.904,0.9891,False,mos-curve-v0
2025-02-09T18:00:00Z,2025-02-10T00:00:00+06:00,2025-02-10T11:00:00+06:00,2025-02-10T05:00:00Z,T1,11,2025-02-09T06:00:00Z,23,dayahead,0.2415,0.7392,1.0,False,mos-curve-v0
2025-02-09T18:00:00Z,2025-02-10T00:00:00+06:00,2025-02-10T12:00:00+06:00,2025-02-10T06:00:00Z,T1,12,2025-02-09T06:00:00Z,24,dayahead,0.1026,0.6003,0.8989,False,mos-curve-v0
2025-02-09T18:00:00Z,2025-02-10T00:00:00+06:00,2025-02-10T13:00:00+06:00,2025-02-10T07:00:00Z,T1,13,2025-02-09T06:00:00Z,25,dayahead,0.0,0.2573,0.7713,False,mos-curve-v0
2025-02-09T18:00:00Z,2025-02-10T00:00:00+06:00,2025-02-10T14:00:00+06:00,2025-02-10T08:00:00Z,T1,14,2025-02-09T06:00:00Z,26,dayahead,0.0,0.1654,0.6794,False,mos-curve-v0
2025-02-09T18:00:00Z,2025-02-10T00:00:00+06:00,2025-02-10T15:00:00+06:00,2025-02-10T09:00:00Z,T1,15,2025-02-09T06:00:00Z,27,dayahead,0.0513,0.1336,0.362,False,mos-curve-v0
2025-02-09T18:00:00Z,2025-02-10T00:00:00+06:00,2025-02-10T16:00:00+06:00,2025-02-10T10:00:00Z,T1,16,2025-02-09T06:00:00Z,28,dayahead,0.0098,0.0921,0.3204,False,mos-curve-v0
2025-02-09T18:00:00Z,2025-02-10T00:00:00+06:00,2025-02-10T17:00:00+06:00,2025-02-10T11:00:00Z,T1,17,2025-02-09T06:00:00Z,29,dayahead,0.0,0.0694,0.2978,False,mos-curve-v0
2025-02-09T18:00:00Z,2025-02-10T00:00:00+06:00,2025-02-10T18:00:00+06:00,2025-02-10T12:00:00Z,T1,18,2025-02-09T06:00:00Z,30,dayahead,0.0,0.0663,0.2947,False,mos-curve-v0
2025-02-09T18:00:00Z,2025-02-10T00:00:00+06:00,2025-02-10T19:00:00+06:00,2025-02-10T13:00:00Z,T1,19,2025-02-09T06:00:00Z,31,dayahead,0.0,0.0292,0.2576,False,mos-curve-v0
2025-02-09T18:00:00Z,2025-02-10T00:00:00+06:00,2025-02-10T20:00:00+06:00,2025-02-10T14:00:00Z,T1,20,2025-02-09T06:00:00Z,32,dayahead,0.0,0.0224,0.2508,False,mos-curve-v0
2025-02-09T18:00:00Z,2025-02-10T00:00:00+06:00,2025-02-10T21:00:00+06:00,2025-02-10T15:00:00Z,T1,21,2025-02-09T06:00:00Z,33,dayahead,0.0,0.0275,0.2559,False,mos-curve-v0
2025-02-09T18:00:00Z,2025-02-10T00:00:00+06:00,2025-02-10T22:00:00+06:00,2025-02-10T16:00:00Z,T1,22,2025-02-09T06:00:00Z,34,dayahead,0.0,0.024,0.2524,False,mos-curve-v0
2025-02-09T18:00:00Z,2025-02-10T00:00:00+06:00,2025-02-10T23:00:00+06:00,2025-02-10T17:00:00Z,T1,23,2025-02-09T06:00:00Z,35,dayahead,0.0,0.0452,0.2736,False,mos-curve-v0
2025-02-09T18:00:00Z,2025-02-10T00:00:00+06:00,2025-02-11T00:00:00+06:00,2025-02-10T18:00:00Z,T1,24,2025-02-09T06:00:00Z,36,dayahead,0.0,0.079,0.3074,False,mos-curve-v0
2025-02-09T18:00:00Z,2025-02-10T00:00:00+06:00,2025-02-11T01:00:00+06:00,2025-02-10T19:00:00Z,T1,25,2025-02-09T06:00:00Z,37,dayahead,0.063,0.1453,0.3737,False,mos-curve-v0
2025-02-09T18:00:00Z,2025-02-10T00:00:00+06:00,2025-02-11T02:00:00+06:00,2025-02-10T20:00:00Z,T1,26,2025-02-09T06:00:00Z,38,dayahead,0.0,0.2146,0.7286,False,mos-curve-v0
2025-02-09T18:00:00Z,2025-02-10T00:00:00+06:00,2025-02-11T03:00:00+06:00,2025-02-10T21:00:00Z,T1,27,2025-02-09T06:00:00Z,39,dayahead,0.0302,0.2935,0.8075,False,mos-curve-v0
2025-02-09T18:00:00Z,2025-02-10T00:00:00+06:00,2025-02-11T04:00:00+06:00,2025-02-10T22:00:00Z,T1,28,2025-02-09T06:00:00Z,40,dayahead,0.0977,0.361,0.875,False,mos-curve-v0
2025-02-09T18:00:00Z,2025-02-10T00:00:00+06:00,2025-02-11T05:00:00+06:00,2025-02-10T23:00:00Z,T1,29,2025-02-09T06:00:00Z,41,dayahead,0.178,0.4413,0.9553,False,mos-curve-v0
2025-02-09T18:00:00Z,2025-02-10T00:00:00+06:00,2025-02-11T06:00:00+06:00,2025-02-11T00:00:00Z,T1,30,2025-02-09T06:00:00Z,42,dayahead,0.1883,0.4517,0.9657,False,mos-curve-v0
2025-02-09T18:00:00Z,2025-02-10T00:00:00+06:00,2025-02-11T07:00:00+06:00,2025-02-11T01:00:00Z,T1,31,2025-02-09T06:00:00Z,43,dayahead,0.0289,0.5266,0.8252,False,mos-curve-v0
2025-02-09T18:00:00Z,2025-02-10T00:00:00+06:00,2025-02-11T08:00:00+06:00,2025-02-11T02:00:00Z,T1,32,2025-02-09T06:00:00Z,44,dayahead,0.0908,0.5885,0.8871,False,mos-curve-v0
2025-02-09T18:00:00Z,2025-02-10T00:00:00+06:00,2025-02-11T09:00:00+06:00,2025-02-11T03:00:00Z,T1,33,2025-02-09T06:00:00Z,45,dayahead,0.1404,0.6381,0.9368,False,mos-curve-v0
2025-02-09T18:00:00Z,2025-02-10T00:00:00+06:00,2025-02-11T10:00:00+06:00,2025-02-11T04:00:00Z,T1,34,2025-02-09T06:00:00Z,46,dayahead,0.2237,0.7214,1.0,False,mos-curve-v0
2025-02-09T18:00:00Z,2025-02-10T00:00:00+06:00,2025-02-11T11:00:00+06:00,2025-02-11T05:00:00Z,T1,35,2025-02-09T06:00:00Z,47,dayahead,0.2713,0.769,1.0,False,mos-curve-v0
2025-02-09T18:00:00Z,2025-02-10T00:00:00+06:00,2025-02-11T12:00:00+06:00,2025-02-11T06:00:00Z,T1,36,2025-02-09T06:00:00Z,48,dayahead,0.5091,0.8676,0.9526,False,mos-curve-v0
2025-02-09T18:00:00Z,2025-02-10T00:00:00+06:00,2025-02-11T13:00:00+06:00,2025-02-11T07:00:00Z,T1,37,2025-02-09T06:00:00Z,49,dayahead,0.5419,0.9004,0.9854,False,mos-curve-v0
2025-02-09T18:00:00Z,2025-02-10T00:00:00+06:00,2025-02-11T14:00:00+06:00,2025-02-11T08:00:00Z,T1,38,2025-02-09T06:00:00Z,50,dayahead,0.5368,0.8952,0.9802,False,mos-curve-v0
2025-02-09T18:00:00Z,2025-02-10T00:00:00+06:00,2025-02-11T15:00:00+06:00,2025-02-11T09:00:00Z,T1,39,2025-02-09T06:00:00Z,51,dayahead,0.5001,0.8585,0.9435,False,mos-curve-v0
2025-02-09T18:00:00Z,2025-02-10T00:00:00+06:00,2025-02-11T16:00:00+06:00,2025-02-11T10:00:00Z,T1,40,2025-02-09T06:00:00Z,52,dayahead,0.3364,0.834,1.0,False,mos-curve-v0
2025-02-09T18:00:00Z,2025-02-10T00:00:00+06:00,2025-02-11T17:00:00+06:00,2025-02-11T11:00:00Z,T1,41,2025-02-09T06:00:00Z,53,dayahead,0.3495,0.8471,1.0,False,mos-curve-v0
2025-02-09T18:00:00Z,2025-02-10T00:00:00+06:00,2025-02-11T18:00:00+06:00,2025-02-11T12:00:00Z,T1,42,2025-02-09T06:00:00Z,54,dayahead,0.275,0.7727,1.0,False,mos-curve-v0
2025-02-09T18:00:00Z,2025-02-10T00:00:00+06:00,2025-02-11T19:00:00+06:00,2025-02-11T13:00:00Z,T1,43,2025-02-09T06:00:00Z,55,dayahead,0.1674,0.6651,0.9637,False,mos-curve-v0
2025-02-09T18:00:00Z,2025-02-10T00:00:00+06:00,2025-02-11T20:00:00+06:00,2025-02-11T14:00:00Z,T1,44,2025-02-09T06:00:00Z,56,dayahead,0.142,0.6397,0.9384,False,mos-curve-v0
2025-02-09T18:00:00Z,2025-02-10T00:00:00+06:00,2025-02-11T21:00:00+06:00,2025-02-11T15:00:00Z,T1,45,2025-02-09T06:00:00Z,57,dayahead,0.1564,0.6541,0.9527,False,mos-curve-v0
2025-02-09T18:00:00Z,2025-02-10T00:00:00+06:00,2025-02-11T22:00:00+06:00,2025-02-11T16:00:00Z,T1,46,2025-02-09T06:00:00Z,58,dayahead,0.2051,0.7028,1.0,False,mos-curve-v0
2025-02-09T18:00:00Z,2025-02-10T00:00:00+06:00,2025-02-11T23:00:00+06:00,2025-02-11T17:00:00Z,T1,47,2025-02-09T06:00:00Z,59,dayahead,0.2065,0.7042,1.0,False,mos-curve-v0
2025-02-09T18:00:00Z,2025-02-10T00:00:00+06:00,2025-02-10T00:00:00+06:00,2025-02-09T18:00:00Z,T2,0,2025-02-09T06:00:00Z,12,dayahead,0.5293,0.8878,0.9728,False,mos-curve-v0
2025-02-09T18:00:00Z,2025-02-10T00:00:00+06:00,2025-02-10T01:00:00+06:00,2025-02-09T19:00:00Z,T2,1,2025-02-09T06:00:00Z,13,dayahead,0.5581,0.9166,1.0,False,mos-curve-v0
2025-02-09T18:00:00Z,2025-02-10T00:00:00+06:00,2025-02-10T02:00:00+06:00,2025-02-09T20:00:00Z,T2,2,2025-02-09T06:00:00Z,14,dayahead,0.591,0.9495,1.0,False,mos-curve-v0
2025-02-09T18:00:00Z,2025-02-10T00:00:00+06:00,2025-02-10T03:00:00+06:00,2025-02-09T21:00:00Z,T2,3,2025-02-09T06:00:00Z,15,dayahead,0.6021,0.9606,1.0,False,mos-curve-v0
2025-02-09T18:00:00Z,2025-02-10T00:00:00+06:00,2025-02-10T04:00:00+06:00,2025-02-09T22:00:00Z,T2,4,2025-02-09T06:00:00Z,16,dayahead,0.5723,0.9308,1.0,False,mos-curve-v0
2025-02-09T18:00:00Z,2025-02-10T00:00:00+06:00,2025-02-10T05:00:00+06:00,2025-02-09T23:00:00Z,T2,5,2025-02-09T06:00:00Z,17,dayahead,0.5554,0.9139,0.9989,False,mos-curve-v0
2025-02-09T18:00:00Z,2025-02-10T00:00:00+06:00,2025-02-10T06:00:00+06:00,2025-02-10T00:00:00Z,T2,6,2025-02-09T06:00:00Z,18,dayahead,0.6086,0.9671,1.0,False,mos-curve-v0
2025-02-09T18:00:00Z,2025-02-10T00:00:00+06:00,2025-02-10T07:00:00+06:00,2025-02-10T01:00:00Z,T2,7,2025-02-09T06:00:00Z,19,dayahead,0.6091,0.9676,1.0,False,mos-curve-v0
2025-02-09T18:00:00Z,2025-02-10T00:00:00+06:00,2025-02-10T08:00:00+06:00,2025-02-10T02:00:00Z,T2,8,2025-02-09T06:00:00Z,20,dayahead,0.6049,0.9634,1.0,False,mos-curve-v0
2025-02-09T18:00:00Z,2025-02-10T00:00:00+06:00,2025-02-10T09:00:00+06:00,2025-02-10T03:00:00Z,T2,9,2025-02-09T06:00:00Z,21,dayahead,0.5904,0.9488,1.0,False,mos-curve-v0
2025-02-09T18:00:00Z,2025-02-10T00:00:00+06:00,2025-02-10T10:00:00+06:00,2025-02-10T04:00:00Z,T2,10,2025-02-09T06:00:00Z,22,dayahead,0.5456,0.904,0.9891,False,mos-curve-v0
2025-02-09T18:00:00Z,2025-02-10T00:00:00+06:00,2025-02-10T11:00:00+06:00,2025-02-10T05:00:00Z,T2,11,2025-02-09T06:00:00Z,23,dayahead,0.2415,0.7392,1.0,False,mos-curve-v0
2025-02-09T18:00:00Z,2025-02-10T00:00:00+06:00,2025-02-10T12:00:00+06:00,2025-02-10T06:00:00Z,T2,12,2025-02-09T06:00:00Z,24,dayahead,0.1026,0.6003,0.8989,False,mos-curve-v0
2025-02-09T18:00:00Z,2025-02-10T00:00:00+06:00,2025-02-10T13:00:00+06:00,2025-02-10T07:00:00Z,T2,13,2025-02-09T06:00:00Z,25,dayahead,0.0,0.2573,0.7713,False,mos-curve-v0
2025-02-09T18:00:00Z,2025-02-10T00:00:00+06:00,2025-02-10T14:00:00+06:00,2025-02-10T08:00:00Z,T2,14,2025-02-09T06:00:00Z,26,dayahead,0.0,0.1654,0.6794,False,mos-curve-v0
2025-02-09T18:00:00Z,2025-02-10T00:00:00+06:00,2025-02-10T15:00:00+06:00,2025-02-10T09:00:00Z,T2,15,2025-02-09T06:00:00Z,27,dayahead,0.0513,0.1336,0.362,False,mos-curve-v0
2025-02-09T18:00:00Z,2025-02-10T00:00:00+06:00,2025-02-10T16:00:00+06:00,2025-02-10T10:00:00Z,T2,16,2025-02-09T06:00:00Z,28,dayahead,0.0098,0.0921,0.3204,False,mos-curve-v0
2025-02-09T18:00:00Z,2025-02-10T00:00:00+06:00,2025-02-10T17:00:00+06:00,2025-02-10T11:00:00Z,T2,17,2025-02-09T06:00:00Z,29,dayahead,0.0,0.0694,0.2978,False,mos-curve-v0
2025-02-09T18:00:00Z,2025-02-10T00:00:00+06:00,2025-02-10T18:00:00+06:00,2025-02-10T12:00:00Z,T2,18,2025-02-09T06:00:00Z,30,dayahead,0.0,0.0663,0.2947,False,mos-curve-v0
2025-02-09T18:00:00Z,2025-02-10T00:00:00+06:00,2025-02-10T19:00:00+06:00,2025-02-10T13:00:00Z,T2,19,2025-02-09T06:00:00Z,31,dayahead,0.0,0.0292,0.2576,False,mos-curve-v0
2025-02-09T18:00:00Z,2025-02-10T00:00:00+06:00,2025-02-10T20:00:00+06:00,2025-02-10T14:00:00Z,T2,20,2025-02-09T06:00:00Z,32,dayahead,0.0,0.0224,0.2508,False,mos-curve-v0
2025-02-09T18:00:00Z,2025-02-10T00:00:00+06:00,2025-02-10T21:00:00+06:00,2025-02-10T15:00:00Z,T2,21,2025-02-09T06:00:00Z,33,dayahead,0.0,0.0275,0.2559,False,mos-curve-v0
2025-02-09T18:00:00Z,2025-02-10T00:00:00+06:00,2025-02-10T22:00:00+06:00,2025-02-10T16:00:00Z,T2,22,2025-02-09T06:00:00Z,34,dayahead,0.0,0.024,0.2524,False,mos-curve-v0
2025-02-09T18:00:00Z,2025-02-10T00:00:00+06:00,2025-02-10T23:00:00+06:00,2025-02-10T17:00:00Z,T2,23,2025-02-09T06:00:00Z,35,dayahead,0.0,0.0452,0.2736,False,mos-curve-v0
2025-02-09T18:00:00Z,2025-02-10T00:00:00+06:00,2025-02-11T00:00:00+06:00,2025-02-10T18:00:00Z,T2,24,2025-02-09T06:00:00Z,36,dayahead,0.0,0.079,0.3074,False,mos-curve-v0
2025-02-09T18:00:00Z,2025-02-10T00:00:00+06:00,2025-02-11T01:00:00+06:00,2025-02-10T19:00:00Z,T2,25,2025-02-09T06:00:00Z,37,dayahead,0.063,0.1453,0.3737,False,mos-curve-v0
2025-02-09T18:00:00Z,2025-02-10T00:00:00+06:00,2025-02-11T02:00:00+06:00,2025-02-10T20:00:00Z,T2,26,2025-02-09T06:00:00Z,38,dayahead,0.0,0.2146,0.7286,False,mos-curve-v0
2025-02-09T18:00:00Z,2025-02-10T00:00:00+06:00,2025-02-11T03:00:00+06:00,2025-02-10T21:00:00Z,T2,27,2025-02-09T06:00:00Z,39,dayahead,0.0302,0.2935,0.8075,False,mos-curve-v0
2025-02-09T18:00:00Z,2025-02-10T00:00:00+06:00,2025-02-11T04:00:00+06:00,2025-02-10T22:00:00Z,T2,28,2025-02-09T06:00:00Z,40,dayahead,0.0977,0.361,0.875,False,mos-curve-v0
2025-02-09T18:00:00Z,2025-02-10T00:00:00+06:00,2025-02-11T05:00:00+06:00,2025-02-10T23:00:00Z,T2,29,2025-02-09T06:00:00Z,41,dayahead,0.178,0.4413,0.9553,False,mos-curve-v0
2025-02-09T18:00:00Z,2025-02-10T00:00:00+06:00,2025-02-11T06:00:00+06:00,2025-02-11T00:00:00Z,T2,30,2025-02-09T06:00:00Z,42,dayahead,0.1883,0.4517,0.9657,False,mos-curve-v0
2025-02-09T18:00:00Z,2025-02-10T00:00:00+06:00,2025-02-11T07:00:00+06:00,2025-02-11T01:00:00Z,T2,31,2025-02-09T06:00:00Z,43,dayahead,0.0289,0.5266,0.8252,False,mos-curve-v0
2025-02-09T18:00:00Z,2025-02-10T00:00:00+06:00,2025-02-11T08:00:00+06:00,2025-02-11T02:00:00Z,T2,32,2025-02-09T06:00:00Z,44,dayahead,0.0908,0.5885,0.8871,False,mos-curve-v0
2025-02-09T18:00:00Z,2025-02-10T00:00:00+06:00,2025-02-11T09:00:00+06:00,2025-02-11T03:00:00Z,T2,33,2025-02-09T06:00:00Z,45,dayahead,0.1404,0.6381,0.9368,False,mos-curve-v0
2025-02-09T18:00:00Z,2025-02-10T00:00:00+06:00,2025-02-11T10:00:00+06:00,2025-02-11T04:00:00Z,T2,34,2025-02-09T06:00:00Z,46,dayahead,0.2237,0.7214,1.0,False,mos-curve-v0
2025-02-09T18:00:00Z,2025-02-10T00:00:00+06:00,2025-02-11T11:00:00+06:00,2025-02-11T05:00:00Z,T2,35,2025-02-09T06:00:00Z,47,dayahead,0.2713,0.769,1.0,False,mos-curve-v0
2025-02-09T18:00:00Z,2025-02-10T00:00:00+06:00,2025-02-11T12:00:00+06:00,2025-02-11T06:00:00Z,T2,36,2025-02-09T06:00:00Z,48,dayahead,0.5091,0.8676,0.9526,False,mos-curve-v0
2025-02-09T18:00:00Z,2025-02-10T00:00:00+06:00,2025-02-11T13:00:00+06:00,2025-02-11T07:00:00Z,T2,37,2025-02-09T06:00:00Z,49,dayahead,0.5419,0.9004,0.9854,False,mos-curve-v0
2025-02-09T18:00:00Z,2025-02-10T00:00:00+06:00,2025-02-11T14:00:00+06:00,2025-02-11T08:00:00Z,T2,38,2025-02-09T06:00:00Z,50,dayahead,0.5368,0.8952,0.9802,False,mos-curve-v0
2025-02-09T18:00:00Z,2025-02-10T00:00:00+06:00,2025-02-11T15:00:00+06:00,2025-02-11T09:00:00Z,T2,39,2025-02-09T06:00:00Z,51,dayahead,0.5001,0.8585,0.9435,False,mos-curve-v0
2025-02-09T18:00:00Z,2025-02-10T00:00:00+06:00,2025-02-11T16:00:00+06:00,2025-02-11T10:00:00Z,T2,40,2025-02-09T06:00:00Z,52,dayahead,0.3364,0.834,1.0,False,mos-curve-v0
2025-02-09T18:00:00Z,2025-02-10T00:00:00+06:00,2025-02-11T17:00:00+06:00,2025-02-11T11:00:00Z,T2,41,2025-02-09T06:00:00Z,53,dayahead,0.3495,0.8471,1.0,False,mos-curve-v0
2025-02-09T18:00:00Z,2025-02-10T00:00:00+06:00,2025-02-11T18:00:00+06:00,2025-02-11T12:00:00Z,T2,42,2025-02-09T06:00:00Z,54,dayahead,0.275,0.7727,1.0,False,mos-curve-v0
2025-02-09T18:00:00Z,2025-02-10T00:00:00+06:00,2025-02-11T19:00:00+06:00,2025-02-11T13:00:00Z,T2,43,2025-02-09T06:00:00Z,55,dayahead,0.1674,0.6651,0.9637,False,mos-curve-v0
2025-02-09T18:00:00Z,2025-02-10T00:00:00+06:00,2025-02-11T20:00:00+06:00,2025-02-11T14:00:00Z,T2,44,2025-02-09T06:00:00Z,56,dayahead,0.142,0.6397,0.9384,False,mos-curve-v0
2025-02-09T18:00:00Z,2025-02-10T00:00:00+06:00,2025-02-11T21:00:00+06:00,2025-02-11T15:00:00Z,T2,45,2025-02-09T06:00:00Z,57,dayahead,0.1564,0.6541,0.9527,False,mos-curve-v0
2025-02-09T18:00:00Z,2025-02-10T00:00:00+06:00,2025-02-11T22:00:00+06:00,2025-02-11T16:00:00Z,T2,46,2025-02-09T06:00:00Z,58,dayahead,0.2051,0.7028,1.0,False,mos-curve-v0
2025-02-09T18:00:00Z,2025-02-10T00:00:00+06:00,2025-02-11T23:00:00+06:00,2025-02-11T17:00:00Z,T2,47,2025-02-09T06:00:00Z,59,dayahead,0.2065,0.7042,1.0,False,mos-curve-v0
2025-02-10T18:00:00Z,2025-02-11T00:00:00+06:00,2025-02-11T00:00:00+06:00,2025-02-10T18:00:00Z,T1,0,2025-02-10T06:00:00Z,12,dayahead,0.0145,0.2779,0.7919,False,mos-curve-v0
2025-02-10T18:00:00Z,2025-02-11T00:00:00+06:00,2025-02-11T01:00:00+06:00,2025-02-10T19:00:00Z,T1,1,2025-02-10T06:00:00Z,13,dayahead,0.0993,0.3626,0.8766,False,mos-curve-v0
2025-02-10T18:00:00Z,2025-02-11T00:00:00+06:00,2025-02-11T02:00:00+06:00,2025-02-10T20:00:00Z,T1,2,2025-02-10T06:00:00Z,14,dayahead,0.1238,0.3872,0.9011,False,mos-curve-v0
2025-02-10T18:00:00Z,2025-02-11T00:00:00+06:00,2025-02-11T03:00:00+06:00,2025-02-10T21:00:00Z,T1,3,2025-02-10T06:00:00Z,15,dayahead,0.1918,0.4551,0.9691,False,mos-curve-v0
2025-02-10T18:00:00Z,2025-02-11T00:00:00+06:00,2025-02-11T04:00:00+06:00,2025-02-10T22:00:00Z,T1,4,2025-02-10T06:00:00Z,16,dayahead,0.0908,0.5885,0.8871,False,mos-curve-v0
2025-02-10T18:00:00Z,2025-02-11T00:00:00+06:00,2025-02-11T05:00:00+06:00,2025-02-10T23:00:00Z,T1,5,2025-02-10T06:00:00Z,17,dayahead,0.1307,0.6284,0.927,False,mos-curve-v0
2025-02-10T18:00:00Z,2025-02-11T00:00:00+06:00,2025-02-11T06:00:00+06:00,2025-02-11T00:00:00Z,T1,6,2025-02-10T06:00:00Z,18,dayahead,0.1159,0.6136,0.9122,False,mos-curve-v0
2025-02-10T18:00:00Z,2025-02-11T00:00:00+06:00,2025-02-11T07:00:00+06:00,2025-02-11T01:00:00Z,T1,7,2025-02-10T06:00:00Z,19,dayahead,0.1192,0.6169,0.9155,False,mos-curve-v0
2025-02-10T18:00:00Z,2025-02-11T00:00:00+06:00,2025-02-11T08:00:00+06:00,2025-02-11T02:00:00Z,T1,8,2025-02-10T06:00:00Z,20,dayahead,0.1595,0.6572,0.9559,False,mos-curve-v0
2025-02-10T18:00:00Z,2025-02-11T00:00:00+06:00,2025-02-11T09:00:00+06:00,2025-02-11T03:00:00Z,T1,9,2025-02-10T06:00:00Z,21,dayahead,0.1548,0.6525,0.9511,False,mos-curve-v0
2025-02-10T18:00:00Z,2025-02-11T00:00:00+06:00,2025-02-11T10:00:00+06:00,2025-02-11T04:00:00Z,T1,10,2025-02-10T06:00:00Z,22,dayahead,0.1933,0.691,0.9896,False,mos-curve-v0
2025-02-10T18:00:00Z,2025-02-11T00:00:00+06:00,2025-02-11T11:00:00+06:00,2025-02-11T05:00:00Z,T1,11,2025-02-10T06:00:00Z,23,dayahead,0.2495,0.7472,1.0,False,mos-curve-v0
2025-02-10T18:00:00Z,2025-02-11T00:00:00+06:00,2025-02-11T12:00:00+06:00,2025-02-11T06:00:00Z,T1,12,2025-02-10T06:00:00Z,24,dayahead,0.5258,0.8843,0.9693,False,mos-curve-v0
2025-02-10T18:00:00Z,2025-02-11T00:00:00+06:00,2025-02-11T13:00:00+06:00,2025-02-11T07:00:00Z,T1,13,2025-02-10T06:00:00Z,25,dayahead,0.5526,0.9111,0.9961,False,mos-curve-v0
2025-02-10T18:00:00Z,2025-02-11T00:00:00+06:00,2025-02-11T14:00:00+06:00,2025-02-11T08:00:00Z,T1,14,2025-02-10T06:00:00Z,26,dayahead,0.5387,0.8972,0.9822,False,mos-curve-v0
2025-02-10T18:00:00Z,2025-02-11T00:00:00+06:00,2025-02-11T15:00:00+06:00,2025-02-11T09:00:00Z,T1,15,2025-02-10T06:00:00Z,27,dayahead,0.5001,0.8585,0.9435,False,mos-curve-v0
2025-02-10T18:00:00Z,2025-02-11T00:00:00+06:00,2025-02-11T16:00:00+06:00,2025-02-11T10:00:00Z,T1,16,2025-02-10T06:00:00Z,28,dayahead,0.3495,0.8471,1.0,False,mos-curve-v0
2025-02-10T18:00:00Z,2025-02-11T00:00:00+06:00,2025-02-11T17:00:00+06:00,2025-02-11T11:00:00Z,T1,17,2025-02-10T06:00:00Z,29,dayahead,0.3495,0.8471,1.0,False,mos-curve-v0
2025-02-10T18:00:00Z,2025-02-11T00:00:00+06:00,2025-02-11T18:00:00+06:00,2025-02-11T12:00:00Z,T1,18,2025-02-10T06:00:00Z,30,dayahead,0.2986,0.7963,1.0,False,mos-curve-v0
2025-02-10T18:00:00Z,2025-02-11T00:00:00+06:00,2025-02-11T19:00:00+06:00,2025-02-11T13:00:00Z,T1,19,2025-02-10T06:00:00Z,31,dayahead,0.2293,0.7269,1.0,False,mos-curve-v0
2025-02-10T18:00:00Z,2025-02-11T00:00:00+06:00,2025-02-11T20:00:00+06:00,2025-02-11T14:00:00Z,T1,20,2025-02-10T06:00:00Z,32,dayahead,0.1888,0.6865,0.9851,False,mos-curve-v0
2025-02-10T18:00:00Z,2025-02-11T00:00:00+06:00,2025-02-11T21:00:00+06:00,2025-02-11T15:00:00Z,T1,21,2025-02-10T06:00:00Z,33,dayahead,0.2007,0.6984,0.997,False,mos-curve-v0
2025-02-10T18:00:00Z,2025-02-11T00:00:00+06:00,2025-02-11T22:00:00+06:00,2025-02-11T16:00:00Z,T1,22,2025-02-10T06:00:00Z,34,dayahead,0.2535,0.7512,1.0,False,mos-curve-v0
2025-02-10T18:00:00Z,2025-02-11T00:00:00+06:00,2025-02-11T23:00:00+06:00,2025-02-11T17:00:00Z,T1,23,2025-02-10T06:00:00Z,35,dayahead,0.2152,0.7129,1.0,False,mos-curve-v0
2025-02-10T18:00:00Z,2025-02-11T00:00:00+06:00,2025-02-12T00:00:00+06:00,2025-02-11T18:00:00Z,T1,24,2025-02-10T06:00:00Z,36,dayahead,0.1456,0.4089,0.9229,False,mos-curve-v0
2025-02-10T18:00:00Z,2025-02-11T00:00:00+06:00,2025-02-12T01:00:00+06:00,2025-02-11T19:00:00Z,T1,25,2025-02-10T06:00:00Z,37,dayahead,0.0,0.0248,0.2532,False,mos-curve-v0
2025-02-10T18:00:00Z,2025-02-11T00:00:00+06:00,2025-02-12T02:00:00+06:00,2025-02-11T20:00:00Z,T1,26,2025-02-10T06:00:00Z,38,dayahead,0.1305,0.3938,0.9078,False,mos-curve-v0
2025-02-10T18:00:00Z,2025-02-11T00:00:00+06:00,2025-02-12T03:00:00+06:00,2025-02-11T21:00:00Z,T1,27,2025-02-10T06:00:00Z,39,dayahead,0.1338,0.3971,0.9111,False,mos-curve-v0
2025-02-10T18:00:00Z,2025-02-11T00:00:00+06:00,2025-02-12T04:00:00+06:00,2025-02-11T22:00:00Z,T1,28,2025-02-10T06:00:00Z,40,dayahead,0.19,0.4534,0.9674,False,mos-curve-v0
2025-02-10T18:00:00Z,2025-02-11T00:00:00+06:00,2025-02-12T05:00:00+06:00,2025-02-11T23:00:00Z,T1,29,2025-02-10T06:00:00Z,41,dayahead,0.1625,0.4259,0.9399,False,mos-curve-v0
2025-02-10T18:00:00Z,2025-02-11T00:00:00+06:00,2025-02-12T06:00:00+06:00,2025-02-12T00:00:00Z,T1,30,2025-02-10T06:00:00Z,42,dayahead,0.1625,0.4259,0.9399,False,mos-curve-v0
2025-02-10T18:00:00Z,2025-02-11T00:00:00+06:00,2025-02-12T07:00:00+06:00,2025-02-12T01:00:00Z,T1,31,2025-02-10T06:00:00Z,43,dayahead,0.1255,0.3888,0.9028,False,mos-curve-v0
2025-02-10T18:00:00Z,2025-02-11T00:00:00+06:00,2025-02-12T08:00:00+06:00,2025-02-12T02:00:00Z,T1,32,2025-02-10T06:00:00Z,44,dayahead,0.1388,0.4022,0.9162,False,mos-curve-v0
2025-02-10T18:00:00Z,2025-02-11T00:00:00+06:00,2025-02-12T09:00:00+06:00,2025-02-12T03:00:00Z,T1,33,2025-02-10T06:00:00Z,45,dayahead,0.0739,0.3372,0.8512,False,mos-curve-v0
2025-02-10T18:00:00Z,2025-02-11T00:00:00+06:00,2025-02-12T10:00:00+06:00,2025-02-12T04:00:00Z,T1,34,2025-02-10T06:00:00Z,46,dayahead,0.0,0.2417,0.7557,False,mos-curve-v0
2025-02-10T18:00:00Z,2025-02-11T00:00:00+06:00,2025-02-12T11:00:00+06:00,2025-02-12T05:00:00Z,T1,35,2025-02-10T06:00:00Z,47,dayahead,0.0646,0.3279,0.8419,False,mos-curve-v0
2025-02-10T18:00:00Z,2025-02-11T00:00:00+06:00,2025-02-12T12:00:00+06:00,2025-02-12T06:00:00Z,T1,36,2025-02-10T06:00:00Z,48,dayahead,0.096,0.3594,0.8734,False,mos-curve-v0
2025-02-10T18:00:00Z,2025-02-11T00:00:00+06:00,2025-02-12T13:00:00+06:00,2025-02-12T07:00:00Z,T1,37,2025-02-10T06:00:00Z,49,dayahead,0.0494,0.3127,0.8267,False,mos-curve-v0
2025-02-10T18:00:00Z,2025-02-11T00:00:00+06:00,2025-02-12T14:00:00+06:00,2025-02-12T08:00:00Z,T1,38,2025-02-10T06:00:00Z,50,dayahead,0.0865,0.3498,0.8638,False,mos-curve-v0
2025-02-10T18:00:00Z,2025-02-11T00:00:00+06:00,2025-02-12T15:00:00+06:00,2025-02-12T09:00:00Z,T1,39,2025-02-10T06:00:00Z,51,dayahead,0.1439,0.4072,0.9212,False,mos-curve-v0
2025-02-10T18:00:00Z,2025-02-11T00:00:00+06:00,2025-02-12T16:00:00+06:00,2025-02-12T10:00:00Z,T1,40,2025-02-10T06:00:00Z,52,dayahead,0.0149,0.5126,0.8113,False,mos-curve-v0
2025-02-10T18:00:00Z,2025-02-11T00:00:00+06:00,2025-02-12T17:00:00+06:00,2025-02-12T11:00:00Z,T1,41,2025-02-10T06:00:00Z,53,dayahead,0.0219,0.5196,0.8182,False,mos-curve-v0
2025-02-10T18:00:00Z,2025-02-11T00:00:00+06:00,2025-02-12T18:00:00+06:00,2025-02-12T12:00:00Z,T1,42,2025-02-10T06:00:00Z,54,dayahead,0.2179,0.4812,0.9952,False,mos-curve-v0
2025-02-10T18:00:00Z,2025-02-11T00:00:00+06:00,2025-02-12T19:00:00+06:00,2025-02-12T13:00:00Z,T1,43,2025-02-10T06:00:00Z,55,dayahead,0.036,0.2994,0.8134,False,mos-curve-v0
2025-02-10T18:00:00Z,2025-02-11T00:00:00+06:00,2025-02-12T20:00:00+06:00,2025-02-12T14:00:00Z,T1,44,2025-02-10T06:00:00Z,56,dayahead,0.0,0.2266,0.7406,False,mos-curve-v0
2025-02-10T18:00:00Z,2025-02-11T00:00:00+06:00,2025-02-12T21:00:00+06:00,2025-02-12T15:00:00Z,T1,45,2025-02-10T06:00:00Z,57,dayahead,0.0,0.1953,0.7093,False,mos-curve-v0
2025-02-10T18:00:00Z,2025-02-11T00:00:00+06:00,2025-02-12T22:00:00+06:00,2025-02-12T16:00:00Z,T1,46,2025-02-10T06:00:00Z,58,dayahead,0.0665,0.1488,0.3772,False,mos-curve-v0
2025-02-10T18:00:00Z,2025-02-11T00:00:00+06:00,2025-02-12T23:00:00+06:00,2025-02-12T17:00:00Z,T1,47,2025-02-10T06:00:00Z,59,dayahead,0.0465,0.1288,0.3572,False,mos-curve-v0
2025-02-10T18:00:00Z,2025-02-11T00:00:00+06:00,2025-02-11T00:00:00+06:00,2025-02-10T18:00:00Z,T2,0,2025-02-10T06:00:00Z,12,dayahead,0.0145,0.2779,0.7919,False,mos-curve-v0
2025-02-10T18:00:00Z,2025-02-11T00:00:00+06:00,2025-02-11T01:00:00+06:00,2025-02-10T19:00:00Z,T2,1,2025-02-10T06:00:00Z,13,dayahead,0.0993,0.3626,0.8766,False,mos-curve-v0
2025-02-10T18:00:00Z,2025-02-11T00:00:00+06:00,2025-02-11T02:00:00+06:00,2025-02-10T20:00:00Z,T2,2,2025-02-10T06:00:00Z,14,dayahead,0.1238,0.3872,0.9011,False,mos-curve-v0
2025-02-10T18:00:00Z,2025-02-11T00:00:00+06:00,2025-02-11T03:00:00+06:00,2025-02-10T21:00:00Z,T2,3,2025-02-10T06:00:00Z,15,dayahead,0.1918,0.4551,0.9691,False,mos-curve-v0
2025-02-10T18:00:00Z,2025-02-11T00:00:00+06:00,2025-02-11T04:00:00+06:00,2025-02-10T22:00:00Z,T2,4,2025-02-10T06:00:00Z,16,dayahead,0.0908,0.5885,0.8871,False,mos-curve-v0
2025-02-10T18:00:00Z,2025-02-11T00:00:00+06:00,2025-02-11T05:00:00+06:00,2025-02-10T23:00:00Z,T2,5,2025-02-10T06:00:00Z,17,dayahead,0.1307,0.6284,0.927,False,mos-curve-v0
2025-02-10T18:00:00Z,2025-02-11T00:00:00+06:00,2025-02-11T06:00:00+06:00,2025-02-11T00:00:00Z,T2,6,2025-02-10T06:00:00Z,18,dayahead,0.1159,0.6136,0.9122,False,mos-curve-v0
2025-02-10T18:00:00Z,2025-02-11T00:00:00+06:00,2025-02-11T07:00:00+06:00,2025-02-11T01:00:00Z,T2,7,2025-02-10T06:00:00Z,19,dayahead,0.1192,0.6169,0.9155,False,mos-curve-v0
2025-02-10T18:00:00Z,2025-02-11T00:00:00+06:00,2025-02-11T08:00:00+06:00,2025-02-11T02:00:00Z,T2,8,2025-02-10T06:00:00Z,20,dayahead,0.1595,0.6572,0.9559,False,mos-curve-v0
2025-02-10T18:00:00Z,2025-02-11T00:00:00+06:00,2025-02-11T09:00:00+06:00,2025-02-11T03:00:00Z,T2,9,2025-02-10T06:00:00Z,21,dayahead,0.1548,0.6525,0.9511,False,mos-curve-v0
2025-02-10T18:00:00Z,2025-02-11T00:00:00+06:00,2025-02-11T10:00:00+06:00,2025-02-11T04:00:00Z,T2,10,2025-02-10T06:00:00Z,22,dayahead,0.1933,0.691,0.9896,False,mos-curve-v0
2025-02-10T18:00:00Z,2025-02-11T00:00:00+06:00,2025-02-11T11:00:00+06:00,2025-02-11T05:00:00Z,T2,11,2025-02-10T06:00:00Z,23,dayahead,0.2495,0.7472,1.0,False,mos-curve-v0
2025-02-10T18:00:00Z,2025-02-11T00:00:00+06:00,2025-02-11T12:00:00+06:00,2025-02-11T06:00:00Z,T2,12,2025-02-10T06:00:00Z,24,dayahead,0.5258,0.8843,0.9693,False,mos-curve-v0
2025-02-10T18:00:00Z,2025-02-11T00:00:00+06:00,2025-02-11T13:00:00+06:00,2025-02-11T07:00:00Z,T2,13,2025-02-10T06:00:00Z,25,dayahead,0.5526,0.9111,0.9961,False,mos-curve-v0
2025-02-10T18:00:00Z,2025-02-11T00:00:00+06:00,2025-02-11T14:00:00+06:00,2025-02-11T08:00:00Z,T2,14,2025-02-10T06:00:00Z,26,dayahead,0.5387,0.8972,0.9822,False,mos-curve-v0
2025-02-10T18:00:00Z,2025-02-11T00:00:00+06:00,2025-02-11T15:00:00+06:00,2025-02-11T09:00:00Z,T2,15,2025-02-10T06:00:00Z,27,dayahead,0.5001,0.8585,0.9435,False,mos-curve-v0
2025-02-10T18:00:00Z,2025-02-11T00:00:00+06:00,2025-02-11T16:00:00+06:00,2025-02-11T10:00:00Z,T2,16,2025-02-10T06:00:00Z,28,dayahead,0.3495,0.8471,1.0,False,mos-curve-v0
2025-02-10T18:00:00Z,2025-02-11T00:00:00+06:00,2025-02-11T17:00:00+06:00,2025-02-11T11:00:00Z,T2,17,2025-02-10T06:00:00Z,29,dayahead,0.3495,0.8471,1.0,False,mos-curve-v0
2025-02-10T18:00:00Z,2025-02-11T00:00:00+06:00,2025-02-11T18:00:00+06:00,2025-02-11T12:00:00Z,T2,18,2025-02-10T06:00:00Z,30,dayahead,0.2986,0.7963,1.0,False,mos-curve-v0
2025-02-10T18:00:00Z,2025-02-11T00:00:00+06:00,2025-02-11T19:00:00+06:00,2025-02-11T13:00:00Z,T2,19,2025-02-10T06:00:00Z,31,dayahead,0.2293,0.7269,1.0,False,mos-curve-v0
2025-02-10T18:00:00Z,2025-02-11T00:00:00+06:00,2025-02-11T20:00:00+06:00,2025-02-11T14:00:00Z,T2,20,2025-02-10T06:00:00Z,32,dayahead,0.1888,0.6865,0.9851,False,mos-curve-v0
2025-02-10T18:00:00Z,2025-02-11T00:00:00+06:00,2025-02-11T21:00:00+06:00,2025-02-11T15:00:00Z,T2,21,2025-02-10T06:00:00Z,33,dayahead,0.2007,0.6984,0.997,False,mos-curve-v0
2025-02-10T18:00:00Z,2025-02-11T00:00:00+06:00,2025-02-11T22:00:00+06:00,2025-02-11T16:00:00Z,T2,22,2025-02-10T06:00:00Z,34,dayahead,0.2535,0.7512,1.0,False,mos-curve-v0
2025-02-10T18:00:00Z,2025-02-11T00:00:00+06:00,2025-02-11T23:00:00+06:00,2025-02-11T17:00:00Z,T2,23,2025-02-10T06:00:00Z,35,dayahead,0.2152,0.7129,1.0,False,mos-curve-v0
2025-02-10T18:00:00Z,2025-02-11T00:00:00+06:00,2025-02-12T00:00:00+06:00,2025-02-11T18:00:00Z,T2,24,2025-02-10T06:00:00Z,36,dayahead,0.1456,0.4089,0.9229,False,mos-curve-v0
2025-02-10T18:00:00Z,2025-02-11T00:00:00+06:00,2025-02-12T01:00:00+06:00,2025-02-11T19:00:00Z,T2,25,2025-02-10T06:00:00Z,37,dayahead,0.0,0.0248,0.2532,False,mos-curve-v0
2025-02-10T18:00:00Z,2025-02-11T00:00:00+06:00,2025-02-12T02:00:00+06:00,2025-02-11T20:00:00Z,T2,26,2025-02-10T06:00:00Z,38,dayahead,0.1305,0.3938,0.9078,False,mos-curve-v0
2025-02-10T18:00:00Z,2025-02-11T00:00:00+06:00,2025-02-12T03:00:00+06:00,2025-02-11T21:00:00Z,T2,27,2025-02-10T06:00:00Z,39,dayahead,0.1338,0.3971,0.9111,False,mos-curve-v0
2025-02-10T18:00:00Z,2025-02-11T00:00:00+06:00,2025-02-12T04:00:00+06:00,2025-02-11T22:00:00Z,T2,28,2025-02-10T06:00:00Z,40,dayahead,0.19,0.4534,0.9674,False,mos-curve-v0
2025-02-10T18:00:00Z,2025-02-11T00:00:00+06:00,2025-02-12T05:00:00+06:00,2025-02-11T23:00:00Z,T2,29,2025-02-10T06:00:00Z,41,dayahead,0.1625,0.4259,0.9399,False,mos-curve-v0
2025-02-10T18:00:00Z,2025-02-11T00:00:00+06:00,2025-02-12T06:00:00+06:00,2025-02-12T00:00:00Z,T2,30,2025-02-10T06:00:00Z,42,dayahead,0.1625,0.4259,0.9399,False,mos-curve-v0
2025-02-10T18:00:00Z,2025-02-11T00:00:00+06:00,2025-02-12T07:00:00+06:00,2025-02-12T01:00:00Z,T2,31,2025-02-10T06:00:00Z,43,dayahead,0.1255,0.3888,0.9028,False,mos-curve-v0
2025-02-10T18:00:00Z,2025-02-11T00:00:00+06:00,2025-02-12T08:00:00+06:00,2025-02-12T02:00:00Z,T2,32,2025-02-10T06:00:00Z,44,dayahead,0.1388,0.4022,0.9162,False,mos-curve-v0
2025-02-10T18:00:00Z,2025-02-11T00:00:00+06:00,2025-02-12T09:00:00+06:00,2025-02-12T03:00:00Z,T2,33,2025-02-10T06:00:00Z,45,dayahead,0.0739,0.3372,0.8512,False,mos-curve-v0
2025-02-10T18:00:00Z,2025-02-11T00:00:00+06:00,2025-02-12T10:00:00+06:00,2025-02-12T04:00:00Z,T2,34,2025-02-10T06:00:00Z,46,dayahead,0.0,0.2417,0.7557,False,mos-curve-v0
2025-02-10T18:00:00Z,2025-02-11T00:00:00+06:00,2025-02-12T11:00:00+06:00,2025-02-12T05:00:00Z,T2,35,2025-02-10T06:00:00Z,47,dayahead,0.0646,0.3279,0.8419,False,mos-curve-v0
2025-02-10T18:00:00Z,2025-02-11T00:00:00+06:00,2025-02-12T12:00:00+06:00,2025-02-12T06:00:00Z,T2,36,2025-02-10T06:00:00Z,48,dayahead,0.096,0.3594,0.8734,False,mos-curve-v0
2025-02-10T18:00:00Z,2025-02-11T00:00:00+06:00,2025-02-12T13:00:00+06:00,2025-02-12T07:00:00Z,T2,37,2025-02-10T06:00:00Z,49,dayahead,0.0494,0.3127,0.8267,False,mos-curve-v0
2025-02-10T18:00:00Z,2025-02-11T00:00:00+06:00,2025-02-12T14:00:00+06:00,2025-02-12T08:00:00Z,T2,38,2025-02-10T06:00:00Z,50,dayahead,0.0865,0.3498,0.8638,False,mos-curve-v0
2025-02-10T18:00:00Z,2025-02-11T00:00:00+06:00,2025-02-12T15:00:00+06:00,2025-02-12T09:00:00Z,T2,39,2025-02-10T06:00:00Z,51,dayahead,0.1439,0.4072,0.9212,False,mos-curve-v0
2025-02-10T18:00:00Z,2025-02-11T00:00:00+06:00,2025-02-12T16:00:00+06:00,2025-02-12T10:00:00Z,T2,40,2025-02-10T06:00:00Z,52,dayahead,0.0149,0.5126,0.8113,False,mos-curve-v0
2025-02-10T18:00:00Z,2025-02-11T00:00:00+06:00,2025-02-12T17:00:00+06:00,2025-02-12T11:00:00Z,T2,41,2025-02-10T06:00:00Z,53,dayahead,0.0219,0.5196,0.8182,False,mos-curve-v0
2025-02-10T18:00:00Z,2025-02-11T00:00:00+06:00,2025-02-12T18:00:00+06:00,2025-02-12T12:00:00Z,T2,42,2025-02-10T06:00:00Z,54,dayahead,0.2179,0.4812,0.9952,False,mos-curve-v0
2025-02-10T18:00:00Z,2025-02-11T00:00:00+06:00,2025-02-12T19:00:00+06:00,2025-02-12T13:00:00Z,T2,43,2025-02-10T06:00:00Z,55,dayahead,0.036,0.2994,0.8134,False,mos-curve-v0
2025-02-10T18:00:00Z,2025-02-11T00:00:00+06:00,2025-02-12T20:00:00+06:00,2025-02-12T14:00:00Z,T2,44,2025-02-10T06:00:00Z,56,dayahead,0.0,0.2266,0.7406,False,mos-curve-v0
2025-02-10T18:00:00Z,2025-02-11T00:00:00+06:00,2025-02-12T21:00:00+06:00,2025-02-12T15:00:00Z,T2,45,2025-02-10T06:00:00Z,57,dayahead,0.0,0.1953,0.7093,False,mos-curve-v0
2025-02-10T18:00:00Z,2025-02-11T00:00:00+06:00,2025-02-12T22:00:00+06:00,2025-02-12T16:00:00Z,T2,46,2025-02-10T06:00:00Z,58,dayahead,0.0665,0.1488,0.3772,False,mos-curve-v0
2025-02-10T18:00:00Z,2025-02-11T00:00:00+06:00,2025-02-12T23:00:00+06:00,2025-02-12T17:00:00Z,T2,47,2025-02-10T06:00:00Z,59,dayahead,0.0465,0.1288,0.3572,False,mos-curve-v0
2025-02-11T18:00:00Z,2025-02-12T00:00:00+06:00,2025-02-12T00:00:00+06:00,2025-02-11T18:00:00Z,T1,0,2025-02-11T06:00:00Z,12,dayahead,0.1225,0.6202,0.9188,False,mos-curve-v0
2025-02-11T18:00:00Z,2025-02-12T00:00:00+06:00,2025-02-12T01:00:00+06:00,2025-02-11T19:00:00Z,T1,1,2025-02-11T06:00:00Z,13,dayahead,0.0036,0.0858,0.3142,False,mos-curve-v0
2025-02-11T18:00:00Z,2025-02-12T00:00:00+06:00,2025-02-12T02:00:00+06:00,2025-02-11T20:00:00Z,T1,2,2025-02-11T06:00:00Z,14,dayahead,0.0,0.217,0.731,False,mos-curve-v0
2025-02-11T18:00:00Z,2025-02-12T00:00:00+06:00,2025-02-12T03:00:00+06:00,2025-02-11T21:00:00Z,T1,3,2025-02-11T06:00:00Z,15,dayahead,0.1405,0.4038,0.9178,False,mos-curve-v0
2025-02-11T18:00:00Z,2025-02-12T00:00:00+06:00,2025-02-12T04:00:00+06:00,2025-02-11T22:00:00Z,T1,4,2025-02-11T06:00:00Z,16,dayahead,0.2161,0.4795,0.9934,False,mos-curve-v0
2025-02-11T18:00:00Z,2025-02-12T00:00:00+06:00,2025-02-12T05:00:00+06:00,2025-02-11T23:00:00Z,T1,5,2025-02-11T06:00:00Z,17,dayahead,0.1745,0.4379,0.9519,False,mos-curve-v0
2025-02-11T18:00:00Z,2025-02-12T00:00:00+06:00,2025-02-12T06:00:00+06:00,2025-02-12T00:00:00Z,T1,6,2025-02-11T06:00:00Z,18,dayahead,0.1797,0.443,0.957,False,mos-curve-v0
2025-02-11T18:00:00Z,2025-02-12T00:00:00+06:00,2025-02-12T07:00:00+06:00,2025-02-12T01:00:00Z,T1,7,2025-02-11T06:00:00Z,19,dayahead,0.1523,0.4157,0.9297,False,mos-curve-v0
2025-02-11T18:00:00Z,2025-02-12T00:00:00+06:00,2025-02-12T08:00:00+06:00,2025-02-12T02:00:00Z,T1,8,2025-02-11T06:00:00Z,20,dayahead,0.109,0.3724,0.8863,False,mos-curve-v0
2025-02-11T18:00:00Z,2025-02-12T00:00:00+06:00,2025-02-12T09:00:00+06:00,2025-02-12T03:00:00Z,T1,9,2025-02-11T06:00:00Z,21,dayahead,0.0464,0.3097,0.8237,False,mos-curve-v0
2025-02-11T18:00:00Z,2025-02-12T00:00:00+06:00,2025-02-12T10:00:00+06:00,2025-02-12T04:00:00Z,T1,10,2025-02-11T06:00:00Z,22,dayahead,0.0,0.1888,0.7028,False,mos-curve-v0
2025-02-11T18:00:00Z,2025-02-12T00:00:00+06:00,2025-02-12T11:00:00+06:00,2025-02-12T05:00:00Z,T1,11,2025-02-11T06:00:00Z,23,dayahead,0.0034,0.2668,0.7808,False,mos-curve-v0
2025-02-11T18:00:00Z,2025-02-12T00:00:00+06:00,2025-02-12T12:00:00+06:00,2025-02-12T06:00:00Z,T1,12,2025-02-11T06:00:00Z,24,dayahead,0.1849,0.4482,0.9622,False,mos-curve-v0
2025-02-11T18:00:00Z,2025-02-12T00:00:00+06:00,2025-02-12T13:00:00+06:00,2025-02-12T07:00:00Z,T1,13,2025-02-11T06:00:00Z,25,dayahead,0.1935,0.4569,0.9709,False,mos-curve-v0
2025-02-11T18:00:00Z,2025-02-12T00:00:00+06:00,2025-02-12T14:00:00+06:00,2025-02-12T08:00:00Z,T1,14,2025-02-11T06:00:00Z,26,dayahead,0.1883,0.4517,0.9657,False,mos-curve-v0
2025-02-11T18:00:00Z,2025-02-12T00:00:00+06:00,2025-02-12T15:00:00+06:00,2025-02-12T09:00:00Z,T1,15,2025-02-11T06:00:00Z,27,dayahead,0.1422,0.4055,0.9195,False,mos-curve-v0
2025-02-11T18:00:00Z,2025-02-12T00:00:00+06:00,2025-02-12T16:00:00+06:00,2025-02-12T10:00:00Z,T1,16,2025-02-11T06:00:00Z,28,dayahead,0.0669,0.5646,0.8633,False,mos-curve-v0
2025-02-11T18:00:00Z,2025-02-12T00:00:00+06:00,2025-02-12T17:00:00+06:00,2025-02-12T11:00:00Z,T1,17,2025-02-11T06:00:00Z,29,dayahead,0.0323,0.53,0.8287,False,mos-curve-v0
2025-02-11T18:00:00Z,2025-02-12T00:00:00+06:00,2025-02-12T18:00:00+06:00,2025-02-12T12:00:00Z,T1,18,2025-02-11T06:00:00Z,30,dayahead,0.1452,0.6429,0.9416,False,mos-curve-v0
2025-02-11T18:00:00Z,2025-02-12T00:00:00+06:00,2025-02-12T19:00:00+06:00,2025-02-12T13:00:00Z,T1,19,2025-02-11T06:00:00Z,31,dayahead,0.2353,0.4986,1.0,False,mos-curve-v0
2025-02-11T18:00:00Z,2025-02-12T00:00:00+06:00,2025-02-12T20:00:00+06:00,2025-02-12T14:00:00Z,T1,20,2025-02-11T06:00:00Z,32,dayahead,0.0524,0.3157,0.8297,False,mos-curve-v0
2025-02-11T18:00:00Z,2025-02-12T00:00:00+06:00,2025-02-12T21:00:00+06:00,2025-02-12T15:00:00Z,T1,21,2025-02-11T06:00:00Z,33,dayahead,0.0,0.2008,0.7148,False,mos-curve-v0
2025-02-11T18:00:00Z,2025-02-12T00:00:00+06:00,2025-02-12T22:00:00+06:00,2025-02-12T16:00:00Z,T1,22,2025-02-11T06:00:00Z,34,dayahead,0.0,0.192,0.706,False,mos-curve-v0
2025-02-11T18:00:00Z,2025-02-12T00:00:00+06:00,2025-02-12T23:00:00+06:00,2025-02-12T17:00:00Z,T1,23,2025-02-11T06:00:00Z,35,dayahead,0.0,0.1625,0.6765,False,mos-curve-v0
2025-02-11T18:00:00Z,2025-02-12T00:00:00+06:00,2025-02-13T00:00:00+06:00,2025-02-12T18:00:00Z,T1,24,2025-02-11T06:00:00Z,36,dayahead,0.0554,0.1377,0.366,False,mos-curve-v0
2025-02-11T18:00:00Z,2025-02-12T00:00:00+06:00,2025-02-13T01:00:00+06:00,2025-02-12T19:00:00Z,T1,25,2025-02-11T06:00:00Z,37,dayahead,0.017,0.0993,0.3277,False,mos-curve-v0
2025-02-11T18:00:00Z,2025-02-12T00:00:00+06:00,2025-02-13T02:00:00+06:00,2025-02-12T20:00:00Z,T1,26,2025-02-11T06:00:00Z,38,dayahead,0.0189,0.1012,0.3296,False,mos-curve-v0
2025-02-11T18:00:00Z,2025-02-12T00:00:00+06:00,2025-02-13T03:00:00+06:00,2025-02-12T21:00:00Z,T1,27,2025-02-11T06:00:00Z,39,dayahead,0.0434,0.1257,0.3541,False,mos-curve-v0
2025-02-11T18:00:00Z,2025-02-12T00:00:00+06:00,2025-02-13T04:00:00+06:00,2025-02-12T22:00:00Z,T1,28,2025-02-11T06:00:00Z,40,dayahead,0.0537,0.136,0.3644,False,mos-curve-v0
2025-02-11T18:00:00Z,2025-02-12T00:00:00+06:00,2025-02-13T05:00:00+06:00,2025-02-12T23:00:00Z,T1,29,2025-02-11T06:00:00Z,41,dayahead,0.0497,0.132,0.3603,False,mos-curve-v0
2025-02-11T18:00:00Z,2025-02-12T00:00:00+06:00,2025-02-13T06:00:00+06:00,2025-02-13T00:00:00Z,T1,30,2025-02-11T06:00:00Z,42,dayahead,0.0235,0.1057,0.3341,False,mos-curve-v0
2025-02-11T18:00:00Z,2025-02-12T00:00:00+06:00,2025-02-13T07:00:00+06:00,2025-02-13T01:00:00Z,T1,31,2025-02-11T06:00:00Z,43,dayahead,0.0,0.0582,0.2866,False,mos-curve-v0
2025-02-11T18:00:00Z,2025-02-12T00:00:00+06:00,2025-02-13T08:00:00+06:00,2025-02-13T02:00:00Z,T1,32,2025-02-11T06:00:00Z,44,dayahead,0.0,0.0298,0.2582,False,mos-curve-v0
2025-02-11T18:00:00Z,2025-02-12T00:00:00+06:00,2025-02-13T09:00:00+06:00,2025-02-13T03:00:00Z,T1,33,2025-02-11T06:00:00Z,45,dayahead,0.0,0.0174,0.2458,False,mos-curve-v0
2025-02-11T18:00:00Z,2025-02-12T00:00:00+06:00,2025-02-13T10:00:00+06:00,2025-02-13T04:00:00Z,T1,34,2025-02-11T06:00:00Z,46,dayahead,0.0,0.0115,0.2399,False,mos-curve-v0
2025-02-11T18:00:00Z,2025-02-12T00:00:00+06:00,2025-02-13T11:00:00+06:00,2025-02-13T05:00:00Z,T1,35,2025-02-11T06:00:00Z,47,dayahead,0.0,0.0154,0.2438,False,mos-curve-v0
2025-02-11T18:00:00Z,2025-02-12T00:00:00+06:00,2025-02-13T12:00:00+06:00,2025-02-13T06:00:00Z,T1,36,2025-02-11T06:00:00Z,48,dayahead,0.0,0.0224,0.2508,False,mos-curve-v0
2025-02-11T18:00:00Z,2025-02-12T00:00:00+06:00,2025-02-13T13:00:00+06:00,2025-02-13T07:00:00Z,T1,37,2025-02-11T06:00:00Z,49,dayahead,0.0,0.0409,0.2693,False,mos-curve-v0
2025-02-11T18:00:00Z,2025-02-12T00:00:00+06:00,2025-02-13T14:00:00+06:00,2025-02-13T08:00:00Z,T1,38,2025-02-11T06:00:00Z,50,dayahead,0.0,0.0638,0.2921,False,mos-curve-v0
2025-02-11T18:00:00Z,2025-02-12T00:00:00+06:00,2025-02-13T15:00:00+06:00,2025-02-13T09:00:00Z,T1,39,2025-02-11T06:00:00Z,51,dayahead,0.017,0.0993,0.3277,False,mos-curve-v0
2025-02-11T18:00:00Z,2025-02-12T00:00:00+06:00,2025-02-13T16:00:00+06:00,2025-02-13T10:00:00Z,T1,40,2025-02-11T06:00:00Z,52,dayahead,0.0,0.1506,0.6646,False,mos-curve-v0
2025-02-11T18:00:00Z,2025-02-12T00:00:00+06:00,2025-02-13T17:00:00+06:00,2025-02-13T11:00:00Z,T1,41,2025-02-11T06:00:00Z,53,dayahead,0.0,0.2378,0.7518,False,mos-curve-v0
2025-02-11T18:00:00Z,2025-02-12T00:00:00+06:00,2025-02-13T18:00:00+06:00,2025-02-13T12:00:00Z,T1,42,2025-02-11T06:00:00Z,54,dayahead,0.0331,0.2964,0.8104,False,mos-curve-v0
2025-02-11T18:00:00Z,2025-02-12T00:00:00+06:00,2025-02-13T19:00:00+06:00,2025-02-13T13:00:00Z,T1,43,2025-02-11T06:00:00Z,55,dayahead,0.036,0.2994,0.8134,False,mos-curve-v0
2025-02-11T18:00:00Z,2025-02-12T00:00:00+06:00,2025-02-13T20:00:00+06:00,2025-02-13T14:00:00Z,T1,44,2025-02-11T06:00:00Z,56,dayahead,0.0,0.2291,0.7431,False,mos-curve-v0
2025-02-11T18:00:00Z,2025-02-12T00:00:00+06:00,2025-02-13T21:00:00+06:00,2025-02-13T15:00:00Z,T1,45,2025-02-11T06:00:00Z,57,dayahead,0.0509,0.3142,0.8282,False,mos-curve-v0
2025-02-11T18:00:00Z,2025-02-12T00:00:00+06:00,2025-02-13T22:00:00+06:00,2025-02-13T16:00:00Z,T1,46,2025-02-11T06:00:00Z,58,dayahead,0.2074,0.4707,0.9847,False,mos-curve-v0
2025-02-11T18:00:00Z,2025-02-12T00:00:00+06:00,2025-02-13T23:00:00+06:00,2025-02-13T17:00:00Z,T1,47,2025-02-11T06:00:00Z,59,dayahead,0.0044,0.5021,0.8008,False,mos-curve-v0
2025-02-11T18:00:00Z,2025-02-12T00:00:00+06:00,2025-02-12T00:00:00+06:00,2025-02-11T18:00:00Z,T2,0,2025-02-11T06:00:00Z,12,dayahead,0.1225,0.6202,0.9188,False,mos-curve-v0
2025-02-11T18:00:00Z,2025-02-12T00:00:00+06:00,2025-02-12T01:00:00+06:00,2025-02-11T19:00:00Z,T2,1,2025-02-11T06:00:00Z,13,dayahead,0.0036,0.0858,0.3142,False,mos-curve-v0
2025-02-11T18:00:00Z,2025-02-12T00:00:00+06:00,2025-02-12T02:00:00+06:00,2025-02-11T20:00:00Z,T2,2,2025-02-11T06:00:00Z,14,dayahead,0.0,0.217,0.731,False,mos-curve-v0
2025-02-11T18:00:00Z,2025-02-12T00:00:00+06:00,2025-02-12T03:00:00+06:00,2025-02-11T21:00:00Z,T2,3,2025-02-11T06:00:00Z,15,dayahead,0.1405,0.4038,0.9178,False,mos-curve-v0
2025-02-11T18:00:00Z,2025-02-12T00:00:00+06:00,2025-02-12T04:00:00+06:00,2025-02-11T22:00:00Z,T2,4,2025-02-11T06:00:00Z,16,dayahead,0.2161,0.4795,0.9934,False,mos-curve-v0
2025-02-11T18:00:00Z,2025-02-12T00:00:00+06:00,2025-02-12T05:00:00+06:00,2025-02-11T23:00:00Z,T2,5,2025-02-11T06:00:00Z,17,dayahead,0.1745,0.4379,0.9519,False,mos-curve-v0
2025-02-11T18:00:00Z,2025-02-12T00:00:00+06:00,2025-02-12T06:00:00+06:00,2025-02-12T00:00:00Z,T2,6,2025-02-11T06:00:00Z,18,dayahead,0.1797,0.443,0.957,False,mos-curve-v0
2025-02-11T18:00:00Z,2025-02-12T00:00:00+06:00,2025-02-12T07:00:00+06:00,2025-02-12T01:00:00Z,T2,7,2025-02-11T06:00:00Z,19,dayahead,0.1523,0.4157,0.9297,False,mos-curve-v0
2025-02-11T18:00:00Z,2025-02-12T00:00:00+06:00,2025-02-12T08:00:00+06:00,2025-02-12T02:00:00Z,T2,8,2025-02-11T06:00:00Z,20,dayahead,0.109,0.3724,0.8863,False,mos-curve-v0
2025-02-11T18:00:00Z,2025-02-12T00:00:00+06:00,2025-02-12T09:00:00+06:00,2025-02-12T03:00:00Z,T2,9,2025-02-11T06:00:00Z,21,dayahead,0.0464,0.3097,0.8237,False,mos-curve-v0
2025-02-11T18:00:00Z,2025-02-12T00:00:00+06:00,2025-02-12T10:00:00+06:00,2025-02-12T04:00:00Z,T2,10,2025-02-11T06:00:00Z,22,dayahead,0.0,0.1888,0.7028,False,mos-curve-v0
2025-02-11T18:00:00Z,2025-02-12T00:00:00+06:00,2025-02-12T11:00:00+06:00,2025-02-12T05:00:00Z,T2,11,2025-02-11T06:00:00Z,23,dayahead,0.0034,0.2668,0.7808,False,mos-curve-v0
2025-02-11T18:00:00Z,2025-02-12T00:00:00+06:00,2025-02-12T12:00:00+06:00,2025-02-12T06:00:00Z,T2,12,2025-02-11T06:00:00Z,24,dayahead,0.1849,0.4482,0.9622,False,mos-curve-v0
2025-02-11T18:00:00Z,2025-02-12T00:00:00+06:00,2025-02-12T13:00:00+06:00,2025-02-12T07:00:00Z,T2,13,2025-02-11T06:00:00Z,25,dayahead,0.1935,0.4569,0.9709,False,mos-curve-v0
2025-02-11T18:00:00Z,2025-02-12T00:00:00+06:00,2025-02-12T14:00:00+06:00,2025-02-12T08:00:00Z,T2,14,2025-02-11T06:00:00Z,26,dayahead,0.1883,0.4517,0.9657,False,mos-curve-v0
2025-02-11T18:00:00Z,2025-02-12T00:00:00+06:00,2025-02-12T15:00:00+06:00,2025-02-12T09:00:00Z,T2,15,2025-02-11T06:00:00Z,27,dayahead,0.1422,0.4055,0.9195,False,mos-curve-v0
2025-02-11T18:00:00Z,2025-02-12T00:00:00+06:00,2025-02-12T16:00:00+06:00,2025-02-12T10:00:00Z,T2,16,2025-02-11T06:00:00Z,28,dayahead,0.0669,0.5646,0.8633,False,mos-curve-v0
2025-02-11T18:00:00Z,2025-02-12T00:00:00+06:00,2025-02-12T17:00:00+06:00,2025-02-12T11:00:00Z,T2,17,2025-02-11T06:00:00Z,29,dayahead,0.0323,0.53,0.8287,False,mos-curve-v0
2025-02-11T18:00:00Z,2025-02-12T00:00:00+06:00,2025-02-12T18:00:00+06:00,2025-02-12T12:00:00Z,T2,18,2025-02-11T06:00:00Z,30,dayahead,0.1452,0.6429,0.9416,False,mos-curve-v0
2025-02-11T18:00:00Z,2025-02-12T00:00:00+06:00,2025-02-12T19:00:00+06:00,2025-02-12T13:00:00Z,T2,19,2025-02-11T06:00:00Z,31,dayahead,0.2353,0.4986,1.0,False,mos-curve-v0
2025-02-11T18:00:00Z,2025-02-12T00:00:00+06:00,2025-02-12T20:00:00+06:00,2025-02-12T14:00:00Z,T2,20,2025-02-11T06:00:00Z,32,dayahead,0.0524,0.3157,0.8297,False,mos-curve-v0
2025-02-11T18:00:00Z,2025-02-12T00:00:00+06:00,2025-02-12T21:00:00+06:00,2025-02-12T15:00:00Z,T2,21,2025-02-11T06:00:00Z,33,dayahead,0.0,0.2008,0.7148,False,mos-curve-v0
2025-02-11T18:00:00Z,2025-02-12T00:00:00+06:00,2025-02-12T22:00:00+06:00,2025-02-12T16:00:00Z,T2,22,2025-02-11T06:00:00Z,34,dayahead,0.0,0.192,0.706,False,mos-curve-v0
2025-02-11T18:00:00Z,2025-02-12T00:00:00+06:00,2025-02-12T23:00:00+06:00,2025-02-12T17:00:00Z,T2,23,2025-02-11T06:00:00Z,35,dayahead,0.0,0.1625,0.6765,False,mos-curve-v0
2025-02-11T18:00:00Z,2025-02-12T00:00:00+06:00,2025-02-13T00:00:00+06:00,2025-02-12T18:00:00Z,T2,24,2025-02-11T06:00:00Z,36,dayahead,0.0554,0.1377,0.366,False,mos-curve-v0
2025-02-11T18:00:00Z,2025-02-12T00:00:00+06:00,2025-02-13T01:00:00+06:00,2025-02-12T19:00:00Z,T2,25,2025-02-11T06:00:00Z,37,dayahead,0.017,0.0993,0.3277,False,mos-curve-v0
2025-02-11T18:00:00Z,2025-02-12T00:00:00+06:00,2025-02-13T02:00:00+06:00,2025-02-12T20:00:00Z,T2,26,2025-02-11T06:00:00Z,38,dayahead,0.0189,0.1012,0.3296,False,mos-curve-v0
2025-02-11T18:00:00Z,2025-02-12T00:00:00+06:00,2025-02-13T03:00:00+06:00,2025-02-12T21:00:00Z,T2,27,2025-02-11T06:00:00Z,39,dayahead,0.0434,0.1257,0.3541,False,mos-curve-v0
2025-02-11T18:00:00Z,2025-02-12T00:00:00+06:00,2025-02-13T04:00:00+06:00,2025-02-12T22:00:00Z,T2,28,2025-02-11T06:00:00Z,40,dayahead,0.0537,0.136,0.3644,False,mos-curve-v0
2025-02-11T18:00:00Z,2025-02-12T00:00:00+06:00,2025-02-13T05:00:00+06:00,2025-02-12T23:00:00Z,T2,29,2025-02-11T06:00:00Z,41,dayahead,0.0497,0.132,0.3603,False,mos-curve-v0
2025-02-11T18:00:00Z,2025-02-12T00:00:00+06:00,2025-02-13T06:00:00+06:00,2025-02-13T00:00:00Z,T2,30,2025-02-11T06:00:00Z,42,dayahead,0.0235,0.1057,0.3341,False,mos-curve-v0
2025-02-11T18:00:00Z,2025-02-12T00:00:00+06:00,2025-02-13T07:00:00+06:00,2025-02-13T01:00:00Z,T2,31,2025-02-11T06:00:00Z,43,dayahead,0.0,0.0582,0.2866,False,mos-curve-v0
2025-02-11T18:00:00Z,2025-02-12T00:00:00+06:00,2025-02-13T08:00:00+06:00,2025-02-13T02:00:00Z,T2,32,2025-02-11T06:00:00Z,44,dayahead,0.0,0.0298,0.2582,False,mos-curve-v0
2025-02-11T18:00:00Z,2025-02-12T00:00:00+06:00,2025-02-13T09:00:00+06:00,2025-02-13T03:00:00Z,T2,33,2025-02-11T06:00:00Z,45,dayahead,0.0,0.0174,0.2458,False,mos-curve-v0
2025-02-11T18:00:00Z,2025-02-12T00:00:00+06:00,2025-02-13T10:00:00+06:00,2025-02-13T04:00:00Z,T2,34,2025-02-11T06:00:00Z,46,dayahead,0.0,0.0115,0.2399,False,mos-curve-v0
2025-02-11T18:00:00Z,2025-02-12T00:00:00+06:00,2025-02-13T11:00:00+06:00,2025-02-13T05:00:00Z,T2,35,2025-02-11T06:00:00Z,47,dayahead,0.0,0.0154,0.2438,False,mos-curve-v0
2025-02-11T18:00:00Z,2025-02-12T00:00:00+06:00,2025-02-13T12:00:00+06:00,2025-02-13T06:00:00Z,T2,36,2025-02-11T06:00:00Z,48,dayahead,0.0,0.0224,0.2508,False,mos-curve-v0
2025-02-11T18:00:00Z,2025-02-12T00:00:00+06:00,2025-02-13T13:00:00+06:00,2025-02-13T07:00:00Z,T2,37,2025-02-11T06:00:00Z,49,dayahead,0.0,0.0409,0.2693,False,mos-curve-v0
2025-02-11T18:00:00Z,2025-02-12T00:00:00+06:00,2025-02-13T14:00:00+06:00,2025-02-13T08:00:00Z,T2,38,2025-02-11T06:00:00Z,50,dayahead,0.0,0.0638,0.2921,False,mos-curve-v0
2025-02-11T18:00:00Z,2025-02-12T00:00:00+06:00,2025-02-13T15:00:00+06:00,2025-02-13T09:00:00Z,T2,39,2025-02-11T06:00:00Z,51,dayahead,0.017,0.0993,0.3277,False,mos-curve-v0
2025-02-11T18:00:00Z,2025-02-12T00:00:00+06:00,2025-02-13T16:00:00+06:00,2025-02-13T10:00:00Z,T2,40,2025-02-11T06:00:00Z,52,dayahead,0.0,0.1506,0.6646,False,mos-curve-v0
2025-02-11T18:00:00Z,2025-02-12T00:00:00+06:00,2025-02-13T17:00:00+06:00,2025-02-13T11:00:00Z,T2,41,2025-02-11T06:00:00Z,53,dayahead,0.0,0.2378,0.7518,False,mos-curve-v0
2025-02-11T18:00:00Z,2025-02-12T00:00:00+06:00,2025-02-13T18:00:00+06:00,2025-02-13T12:00:00Z,T2,42,2025-02-11T06:00:00Z,54,dayahead,0.0331,0.2964,0.8104,False,mos-curve-v0
2025-02-11T18:00:00Z,2025-02-12T00:00:00+06:00,2025-02-13T19:00:00+06:00,2025-02-13T13:00:00Z,T2,43,2025-02-11T06:00:00Z,55,dayahead,0.036,0.2994,0.8134,False,mos-curve-v0
2025-02-11T18:00:00Z,2025-02-12T00:00:00+06:00,2025-02-13T20:00:00+06:00,2025-02-13T14:00:00Z,T2,44,2025-02-11T06:00:00Z,56,dayahead,0.0,0.2291,0.7431,False,mos-curve-v0
2025-02-11T18:00:00Z,2025-02-12T00:00:00+06:00,2025-02-13T21:00:00+06:00,2025-02-13T15:00:00Z,T2,45,2025-02-11T06:00:00Z,57,dayahead,0.0509,0.3142,0.8282,False,mos-curve-v0
2025-02-11T18:00:00Z,2025-02-12T00:00:00+06:00,2025-02-13T22:00:00+06:00,2025-02-13T16:00:00Z,T2,46,2025-02-11T06:00:00Z,58,dayahead,0.2074,0.4707,0.9847,False,mos-curve-v0
2025-02-11T18:00:00Z,2025-02-12T00:00:00+06:00,2025-02-13T23:00:00+06:00,2025-02-13T17:00:00Z,T2,47,2025-02-11T06:00:00Z,59,dayahead,0.0044,0.5021,0.8008,False,mos-curve-v0
2025-02-12T18:00:00Z,2025-02-13T00:00:00+06:00,2025-02-13T00:00:00+06:00,2025-02-12T18:00:00Z,T1,0,2025-02-12T06:00:00Z,12,dayahead,0.0,0.1909,0.7049,False,mos-curve-v0
2025-02-12T18:00:00Z,2025-02-13T00:00:00+06:00,2025-02-13T01:00:00+06:00,2025-02-12T19:00:00Z,T1,1,2025-02-12T06:00:00Z,13,dayahead,0.0,0.202,0.716,False,mos-curve-v0
2025-02-12T18:00:00Z,2025-02-13T00:00:00+06:00,2025-02-13T02:00:00+06:00,2025-02-12T20:00:00Z,T1,2,2025-02-12T06:00:00Z,14,dayahead,0.0,0.2088,0.7228,False,mos-curve-v0
2025-02-12T18:00:00Z,2025-02-13T00:00:00+06:00,2025-02-13T03:00:00+06:00,2025-02-12T21:00:00Z,T1,3,2025-02-12T06:00:00Z,15,dayahead,0.0,0.2468,0.7608,False,mos-curve-v0
2025-02-12T18:00:00Z,2025-02-13T00:00:00+06:00,2025-02-13T04:00:00+06:00,2025-02-12T22:00:00Z,T1,4,2025-02-12T06:00:00Z,16,dayahead,0.0,0.2587,0.7727,False,mos-curve-v0
2025-02-12T18:00:00Z,2025-02-13T00:00:00+06:00,2025-02-13T05:00:00+06:00,2025-02-12T23:00:00Z,T1,5,2025-02-12T06:00:00Z,17,dayahead,0.0145,0.2779,0.7919,False,mos-curve-v0
2025-02-12T18:00:00Z,2025-02-13T00:00:00+06:00,2025-02-13T06:00:00+06:00,2025-02-13T00:00:00Z,T1,6,2025-02-12T06:00:00Z,18,dayahead,0.0,0.217,0.731,False,mos-curve-v0
2025-02-12T18:00:00Z,2025-02-13T00:00:00+06:00,2025-02-13T07:00:00+06:00,2025-02-13T01:00:00Z,T1,7,2025-02-12T06:00:00Z,19,dayahead,0.0309,0.1132,0.3416,False,mos-curve-v0
2025-02-12T18:00:00Z,2025-02-13T00:00:00+06:00,2025-02-13T08:00:00+06:00,2025-02-13T02:00:00Z,T1,8,2025-02-12T06:00:00Z,20,dayahead,0.0,0.0468,0.2751,False,mos-curve-v0
2025-02-12T18:00:00Z,2025-02-13T00:00:00+06:00,2025-02-13T09:00:00+06:00,2025-02-13T03:00:00Z,T1,9,2025-02-12T06:00:00Z,21,dayahead,0.0,0.0197,0.2481,False,mos-curve-v0
2025-02-12T18:00:00Z,2025-02-13T00:00:00+06:00,2025-02-13T10:00:00+06:00,2025-02-13T04:00:00Z,T1,10,2025-02-12T06:00:00Z,22,dayahead,0.0,0.0174,0.2458,False,mos-curve-v0
2025-02-12T18:00:00Z,2025-02-13T00:00:00+06:00,2025-02-13T11:00:00+06:00,2025-02-13T05:00:00Z,T1,11,2025-02-12T06:00:00Z,23,dayahead,0.0,0.0238,0.2522,False,mos-curve-v0
2025-02-12T18:00:00Z,2025-02-13T00:00:00+06:00,2025-02-13T12:00:00+06:00,2025-02-13T06:00:00Z,T1,12,2025-02-12T06:00:00Z,24,dayahead,0.0,0.0334,0.2618,False,mos-curve-v0
2025-02-12T18:00:00Z,2025-02-13T00:00:00+06:00,2025-02-13T13:00:00+06:00,2025-02-13T07:00:00Z,T1,13,2025-02-12T06:00:00Z,25,dayahead,0.0,0.0605,0.2889,False,mos-curve-v0
2025-02-12T18:00:00Z,2025-02-13T00:00:00+06:00,2025-02-13T14:00:00+06:00,2025-02-13T08:00:00Z,T1,14,2025-02-12T06:00:00Z,26,dayahead,0.0,0.076,0.3044,False,mos-curve-v0
2025-02-12T18:00:00Z,2025-02-13T00:00:00+06:00,2025-02-13T15:00:00+06:00,2025-02-13T09:00:00Z,T1,15,2025-02-12T06:00:00Z,27,dayahead,0.0036,0.0858,0.3142,False,mos-curve-v0
2025-02-12T18:00:00Z,2025-02-13T00:00:00+06:00,2025-02-13T16:00:00+06:00,2025-02-13T10:00:00Z,T1,16,2025-02-12T06:00:00Z,28,dayahead,0.0104,0.0926,0.321,False,mos-curve-v0
2025-02-12T18:00:00Z,2025-02-13T00:00:00+06:00,2025-02-13T17:00:00+06:00,2025-02-13T11:00:00Z,T1,17,2025-02-12T06:00:00Z,29,dayahead,0.0396,0.1219,0.3503,False,mos-curve-v0
2025-02-12T18:00:00Z,2025-02-13T00:00:00+06:00,2025-02-13T18:00:00+06:00,2025-02-13T12:00:00Z,T1,18,2025-02-12T06:00:00Z,30,dayahead,0.0656,0.1479,0.3763,False,mos-curve-v0
2025-02-12T18:00:00Z,2025-02-13T00:00:00+06:00,2025-02-13T19:00:00+06:00,2025-02-13T13:00:00Z,T1,19,2025-02-12T06:00:00Z,31,dayahead,0.0133,0.0956,0.324,False,mos-curve-v0
2025-02-12T18:00:00Z,2025-02-13T00:00:00+06:00,2025-02-13T20:00:00+06:00,2025-02-13T14:00:00Z,T1,20,2025-02-12T06:00:00Z,32,dayahead,0.0,0.0617,0.2901,False,mos-curve-v0
2025-02-12T18:00:00Z,2025-02-13T00:00:00+06:00,2025-02-13T21:00:00+06:00,2025-02-13T15:00:00Z,T1,21,2025-02-12T06:00:00Z,33,dayahead,0.0,0.1551,0.6691,False,mos-curve-v0
2025-02-12T18:00:00Z,2025-02-13T00:00:00+06:00,2025-02-13T22:00:00+06:00,2025-02-13T16:00:00Z,T1,22,2025-02-12T06:00:00Z,34,dayahead,0.0801,0.3435,0.8575,False,mos-curve-v0
2025-02-12T18:00:00Z,2025-02-13T00:00:00+06:00,2025-02-13T23:00:00+06:00,2025-02-13T17:00:00Z,T1,23,2025-02-12T06:00:00Z,35,dayahead,0.0912,0.3546,0.8686,False,mos-curve-v0
2025-02-12T18:00:00Z,2025-02-13T00:00:00+06:00,2025-02-14T00:00:00+06:00,2025-02-13T18:00:00Z,T1,24,2025-02-12T06:00:00Z,36,dayahead,0.0316,0.295,0.809,False,mos-curve-v0
2025-02-12T18:00:00Z,2025-02-13T00:00:00+06:00,2025-02-14T01:00:00+06:00,2025-02-13T19:00:00Z,T1,25,2025-02-12T06:00:00Z,37,dayahead,0.0569,0.3203,0.8343,False,mos-curve-v0
2025-02-12T18:00:00Z,2025-02-13T00:00:00+06:00,2025-02-14T02:00:00+06:00,2025-02-13T20:00:00Z,T1,26,2025-02-12T06:00:00Z,38,dayahead,0.036,0.2994,0.8134,False,mos-curve-v0
2025-02-12T18:00:00Z,2025-02-13T00:00:00+06:00,2025-02-14T03:00:00+06:00,2025-02-13T21:00:00Z,T1,27,2025-02-12T06:00:00Z,39,dayahead,0.0,0.2266,0.7406,False,mos-curve-v0
2025-02-12T18:00:00Z,2025-02-13T00:00:00+06:00,2025-02-14T04:00:00+06:00,2025-02-13T22:00:00Z,T1,28,2025-02-12T06:00:00Z,40,dayahead,0.0,0.1597,0.6737,False,mos-curve-v0
2025-02-12T18:00:00Z,2025-02-13T00:00:00+06:00,2025-02-14T05:00:00+06:00,2025-02-13T23:00:00Z,T1,29,2025-02-12T06:00:00Z,41,dayahead,0.0133,0.0956,0.324,False,mos-curve-v0
2025-02-12T18:00:00Z,2025-02-13T00:00:00+06:00,2025-02-14T06:00:00+06:00,2025-02-14T00:00:00Z,T1,30,2025-02-12T06:00:00Z,42,dayahead,0.0133,0.0956,0.324,False,mos-curve-v0
2025-02-12T18:00:00Z,2025-02-13T00:00:00+06:00,2025-02-14T07:00:00+06:00,2025-02-14T01:00:00Z,T1,31,2025-02-12T06:00:00Z,43,dayahead,0.0381,0.1204,0.3488,False,mos-curve-v0
2025-02-12T18:00:00Z,2025-02-13T00:00:00+06:00,2025-02-14T08:00:00+06:00,2025-02-14T02:00:00Z,T1,32,2025-02-12T06:00:00Z,44,dayahead,0.0537,0.136,0.3644,False,mos-curve-v0
2025-02-12T18:00:00Z,2025-02-13T00:00:00+06:00,2025-02-14T09:00:00+06:00,2025-02-14T03:00:00Z,T1,33,2025-02-12T06:00:00Z,45,dayahead,0.0529,0.1352,0.3636,False,mos-curve-v0
2025-02-12T18:00:00Z,2025-02-13T00:00:00+06:00,2025-02-14T10:00:00+06:00,2025-02-14T04:00:00Z,T1,34,2025-02-12T06:00:00Z,46,dayahead,0.0404,0.1226,0.351,False,mos-curve-v0
2025-02-12T18:00:00Z,2025-02-13T00:00:00+06:00,2025-02-14T11:00:00+06:00,2025-02-14T05:00:00Z,T1,35,2025-02-12T06:00:00Z,47,dayahead,0.0754,0.3388,0.8528,False,mos-curve-v0
2025-02-12T18:00:00Z,2025-02-13T00:00:00+06:00,2025-02-14T12:00:00+06:00,2025-02-14T06:00:00Z,T1,36,2025-02-12T06:00:00Z,48,dayahead,0.1176,0.6152,0.9139,False,mos-curve-v0
2025-02-12T18:00:00Z,2025-02-13T00:00:00+06:00,2025-02-14T13:00:00+06:00,2025-02-14T07:00:00Z,T1,37,2025-02-12T06:00:00Z,49,dayahead,0.1858,0.6835,0.9821,False,mos-curve-v0
2025-02-12T18:00:00Z,2025-02-13T00:00:00+06:00,2025-02-14T14:00:00+06:00,2025-02-14T08:00:00Z,T1,38,2025-02-12T06:00:00Z,50,dayahead,0.1532,0.6509,0.9496,False,mos-curve-v0
2025-02-12T18:00:00Z,2025-02-13T00:00:00+06:00,2025-02-14T15:00:00+06:00,2025-02-14T09:00:00Z,T1,39,2025-02-12T06:00:00Z,51,dayahead,0.0942,0.5919,0.8905,False,mos-curve-v0
2025-02-12T18:00:00Z,2025-02-13T00:00:00+06:00,2025-02-14T16:00:00+06:00,2025-02-14T10:00:00Z,T1,40,2025-02-12T06:00:00Z,52,dayahead,0.0428,0.5405,0.8391,False,mos-curve-v0
2025-02-12T18:00:00Z,2025-02-13T00:00:00+06:00,2025-02-14T17:00:00+06:00,2025-02-14T11:00:00Z,T1,41,2025-02-12T06:00:00Z,53,dayahead,0.0721,0.5698,0.8684,False,mos-curve-v0
2025-02-12T18:00:00Z,2025-02-13T00:00:00+06:00,2025-02-14T18:00:00+06:00,2025-02-14T12:00:00Z,T1,42,2025-02-12T06:00:00Z,54,dayahead,0.0601,0.5577,0.8564,False,mos-curve-v0
2025-02-12T18:00:00Z,2025-02-13T00:00:00+06:00,2025-02-14T19:00:00+06:00,2025-02-14T13:00:00Z,T1,43,2025-02-12T06:00:00Z,55,dayahead,0.1405,0.4038,0.9178,False,mos-curve-v0
2025-02-12T18:00:00Z,2025-02-13T00:00:00+06:00,2025-02-14T20:00:00+06:00,2025-02-14T14:00:00Z,T1,44,2025-02-12T06:00:00Z,56,dayahead,0.0202,0.2835,0.7975,False,mos-curve-v0
2025-02-12T18:00:00Z,2025-02-13T00:00:00+06:00,2025-02-14T21:00:00+06:00,2025-02-14T15:00:00Z,T1,45,2025-02-12T06:00:00Z,57,dayahead,0.0509,0.3142,0.8282,False,mos-curve-v0
2025-02-12T18:00:00Z,2025-02-13T00:00:00+06:00,2025-02-14T22:00:00+06:00,2025-02-14T16:00:00Z,T1,46,2025-02-12T06:00:00Z,58,dayahead,0.1472,0.4106,0.9246,False,mos-curve-v0
2025-02-12T18:00:00Z,2025-02-13T00:00:00+06:00,2025-02-14T23:00:00+06:00,2025-02-14T17:00:00Z,T1,47,2025-02-12T06:00:00Z,59,dayahead,0.1866,0.4499,0.9639,False,mos-curve-v0
2025-02-12T18:00:00Z,2025-02-13T00:00:00+06:00,2025-02-13T00:00:00+06:00,2025-02-12T18:00:00Z,T2,0,2025-02-12T06:00:00Z,12,dayahead,0.0,0.1909,0.7049,False,mos-curve-v0
2025-02-12T18:00:00Z,2025-02-13T00:00:00+06:00,2025-02-13T01:00:00+06:00,2025-02-12T19:00:00Z,T2,1,2025-02-12T06:00:00Z,13,dayahead,0.0,0.202,0.716,False,mos-curve-v0
2025-02-12T18:00:00Z,2025-02-13T00:00:00+06:00,2025-02-13T02:00:00+06:00,2025-02-12T20:00:00Z,T2,2,2025-02-12T06:00:00Z,14,dayahead,0.0,0.2088,0.7228,False,mos-curve-v0
2025-02-12T18:00:00Z,2025-02-13T00:00:00+06:00,2025-02-13T03:00:00+06:00,2025-02-12T21:00:00Z,T2,3,2025-02-12T06:00:00Z,15,dayahead,0.0,0.2468,0.7608,False,mos-curve-v0
2025-02-12T18:00:00Z,2025-02-13T00:00:00+06:00,2025-02-13T04:00:00+06:00,2025-02-12T22:00:00Z,T2,4,2025-02-12T06:00:00Z,16,dayahead,0.0,0.2587,0.7727,False,mos-curve-v0
2025-02-12T18:00:00Z,2025-02-13T00:00:00+06:00,2025-02-13T05:00:00+06:00,2025-02-12T23:00:00Z,T2,5,2025-02-12T06:00:00Z,17,dayahead,0.0145,0.2779,0.7919,False,mos-curve-v0
2025-02-12T18:00:00Z,2025-02-13T00:00:00+06:00,2025-02-13T06:00:00+06:00,2025-02-13T00:00:00Z,T2,6,2025-02-12T06:00:00Z,18,dayahead,0.0,0.217,0.731,False,mos-curve-v0
2025-02-12T18:00:00Z,2025-02-13T00:00:00+06:00,2025-02-13T07:00:00+06:00,2025-02-13T01:00:00Z,T2,7,2025-02-12T06:00:00Z,19,dayahead,0.0309,0.1132,0.3416,False,mos-curve-v0
2025-02-12T18:00:00Z,2025-02-13T00:00:00+06:00,2025-02-13T08:00:00+06:00,2025-02-13T02:00:00Z,T2,8,2025-02-12T06:00:00Z,20,dayahead,0.0,0.0468,0.2751,False,mos-curve-v0
2025-02-12T18:00:00Z,2025-02-13T00:00:00+06:00,2025-02-13T09:00:00+06:00,2025-02-13T03:00:00Z,T2,9,2025-02-12T06:00:00Z,21,dayahead,0.0,0.0197,0.2481,False,mos-curve-v0
2025-02-12T18:00:00Z,2025-02-13T00:00:00+06:00,2025-02-13T10:00:00+06:00,2025-02-13T04:00:00Z,T2,10,2025-02-12T06:00:00Z,22,dayahead,0.0,0.0174,0.2458,False,mos-curve-v0
2025-02-12T18:00:00Z,2025-02-13T00:00:00+06:00,2025-02-13T11:00:00+06:00,2025-02-13T05:00:00Z,T2,11,2025-02-12T06:00:00Z,23,dayahead,0.0,0.0238,0.2522,False,mos-curve-v0
2025-02-12T18:00:00Z,2025-02-13T00:00:00+06:00,2025-02-13T12:00:00+06:00,2025-02-13T06:00:00Z,T2,12,2025-02-12T06:00:00Z,24,dayahead,0.0,0.0334,0.2618,False,mos-curve-v0
2025-02-12T18:00:00Z,2025-02-13T00:00:00+06:00,2025-02-13T13:00:00+06:00,2025-02-13T07:00:00Z,T2,13,2025-02-12T06:00:00Z,25,dayahead,0.0,0.0605,0.2889,False,mos-curve-v0
2025-02-12T18:00:00Z,2025-02-13T00:00:00+06:00,2025-02-13T14:00:00+06:00,2025-02-13T08:00:00Z,T2,14,2025-02-12T06:00:00Z,26,dayahead,0.0,0.076,0.3044,False,mos-curve-v0
2025-02-12T18:00:00Z,2025-02-13T00:00:00+06:00,2025-02-13T15:00:00+06:00,2025-02-13T09:00:00Z,T2,15,2025-02-12T06:00:00Z,27,dayahead,0.0036,0.0858,0.3142,False,mos-curve-v0
2025-02-12T18:00:00Z,2025-02-13T00:00:00+06:00,2025-02-13T16:00:00+06:00,2025-02-13T10:00:00Z,T2,16,2025-02-12T06:00:00Z,28,dayahead,0.0104,0.0926,0.321,False,mos-curve-v0
2025-02-12T18:00:00Z,2025-02-13T00:00:00+06:00,2025-02-13T17:00:00+06:00,2025-02-13T11:00:00Z,T2,17,2025-02-12T06:00:00Z,29,dayahead,0.0396,0.1219,0.3503,False,mos-curve-v0
2025-02-12T18:00:00Z,2025-02-13T00:00:00+06:00,2025-02-13T18:00:00+06:00,2025-02-13T12:00:00Z,T2,18,2025-02-12T06:00:00Z,30,dayahead,0.0656,0.1479,0.3763,False,mos-curve-v0
2025-02-12T18:00:00Z,2025-02-13T00:00:00+06:00,2025-02-13T19:00:00+06:00,2025-02-13T13:00:00Z,T2,19,2025-02-12T06:00:00Z,31,dayahead,0.0133,0.0956,0.324,False,mos-curve-v0
2025-02-12T18:00:00Z,2025-02-13T00:00:00+06:00,2025-02-13T20:00:00+06:00,2025-02-13T14:00:00Z,T2,20,2025-02-12T06:00:00Z,32,dayahead,0.0,0.0617,0.2901,False,mos-curve-v0
2025-02-12T18:00:00Z,2025-02-13T00:00:00+06:00,2025-02-13T21:00:00+06:00,2025-02-13T15:00:00Z,T2,21,2025-02-12T06:00:00Z,33,dayahead,0.0,0.1551,0.6691,False,mos-curve-v0
2025-02-12T18:00:00Z,2025-02-13T00:00:00+06:00,2025-02-13T22:00:00+06:00,2025-02-13T16:00:00Z,T2,22,2025-02-12T06:00:00Z,34,dayahead,0.0801,0.3435,0.8575,False,mos-curve-v0
2025-02-12T18:00:00Z,2025-02-13T00:00:00+06:00,2025-02-13T23:00:00+06:00,2025-02-13T17:00:00Z,T2,23,2025-02-12T06:00:00Z,35,dayahead,0.0912,0.3546,0.8686,False,mos-curve-v0
2025-02-12T18:00:00Z,2025-02-13T00:00:00+06:00,2025-02-14T00:00:00+06:00,2025-02-13T18:00:00Z,T2,24,2025-02-12T06:00:00Z,36,dayahead,0.0316,0.295,0.809,False,mos-curve-v0
2025-02-12T18:00:00Z,2025-02-13T00:00:00+06:00,2025-02-14T01:00:00+06:00,2025-02-13T19:00:00Z,T2,25,2025-02-12T06:00:00Z,37,dayahead,0.0569,0.3203,0.8343,False,mos-curve-v0
2025-02-12T18:00:00Z,2025-02-13T00:00:00+06:00,2025-02-14T02:00:00+06:00,2025-02-13T20:00:00Z,T2,26,2025-02-12T06:00:00Z,38,dayahead,0.036,0.2994,0.8134,False,mos-curve-v0
2025-02-12T18:00:00Z,2025-02-13T00:00:00+06:00,2025-02-14T03:00:00+06:00,2025-02-13T21:00:00Z,T2,27,2025-02-12T06:00:00Z,39,dayahead,0.0,0.2266,0.7406,False,mos-curve-v0
2025-02-12T18:00:00Z,2025-02-13T00:00:00+06:00,2025-02-14T04:00:00+06:00,2025-02-13T22:00:00Z,T2,28,2025-02-12T06:00:00Z,40,dayahead,0.0,0.1597,0.6737,False,mos-curve-v0
2025-02-12T18:00:00Z,2025-02-13T00:00:00+06:00,2025-02-14T05:00:00+06:00,2025-02-13T23:00:00Z,T2,29,2025-02-12T06:00:00Z,41,dayahead,0.0133,0.0956,0.324,False,mos-curve-v0
2025-02-12T18:00:00Z,2025-02-13T00:00:00+06:00,2025-02-14T06:00:00+06:00,2025-02-14T00:00:00Z,T2,30,2025-02-12T06:00:00Z,42,dayahead,0.0133,0.0956,0.324,False,mos-curve-v0
2025-02-12T18:00:00Z,2025-02-13T00:00:00+06:00,2025-02-14T07:00:00+06:00,2025-02-14T01:00:00Z,T2,31,2025-02-12T06:00:00Z,43,dayahead,0.0381,0.1204,0.3488,False,mos-curve-v0
2025-02-12T18:00:00Z,2025-02-13T00:00:00+06:00,2025-02-14T08:00:00+06:00,2025-02-14T02:00:00Z,T2,32,2025-02-12T06:00:00Z,44,dayahead,0.0537,0.136,0.3644,False,mos-curve-v0
2025-02-12T18:00:00Z,2025-02-13T00:00:00+06:00,2025-02-14T09:00:00+06:00,2025-02-14T03:00:00Z,T2,33,2025-02-12T06:00:00Z,45,dayahead,0.0529,0.1352,0.3636,False,mos-curve-v0
2025-02-12T18:00:00Z,2025-02-13T00:00:00+06:00,2025-02-14T10:00:00+06:00,2025-02-14T04:00:00Z,T2,34,2025-02-12T06:00:00Z,46,dayahead,0.0404,0.1226,0.351,False,mos-curve-v0
2025-02-12T18:00:00Z,2025-02-13T00:00:00+06:00,2025-02-14T11:00:00+06:00,2025-02-14T05:00:00Z,T2,35,2025-02-12T06:00:00Z,47,dayahead,0.0754,0.3388,0.8528,False,mos-curve-v0
2025-02-12T18:00:00Z,2025-02-13T00:00:00+06:00,2025-02-14T12:00:00+06:00,2025-02-14T06:00:00Z,T2,36,2025-02-12T06:00:00Z,48,dayahead,0.1176,0.6152,0.9139,False,mos-curve-v0
2025-02-12T18:00:00Z,2025-02-13T00:00:00+06:00,2025-02-14T13:00:00+06:00,2025-02-14T07:00:00Z,T2,37,2025-02-12T06:00:00Z,49,dayahead,0.1858,0.6835,0.9821,False,mos-curve-v0
2025-02-12T18:00:00Z,2025-02-13T00:00:00+06:00,2025-02-14T14:00:00+06:00,2025-02-14T08:00:00Z,T2,38,2025-02-12T06:00:00Z,50,dayahead,0.1532,0.6509,0.9496,False,mos-curve-v0
2025-02-12T18:00:00Z,2025-02-13T00:00:00+06:00,2025-02-14T15:00:00+06:00,2025-02-14T09:00:00Z,T2,39,2025-02-12T06:00:00Z,51,dayahead,0.0942,0.5919,0.8905,False,mos-curve-v0
2025-02-12T18:00:00Z,2025-02-13T00:00:00+06:00,2025-02-14T16:00:00+06:00,2025-02-14T10:00:00Z,T2,40,2025-02-12T06:00:00Z,52,dayahead,0.0428,0.5405,0.8391,False,mos-curve-v0
2025-02-12T18:00:00Z,2025-02-13T00:00:00+06:00,2025-02-14T17:00:00+06:00,2025-02-14T11:00:00Z,T2,41,2025-02-12T06:00:00Z,53,dayahead,0.0721,0.5698,0.8684,False,mos-curve-v0
2025-02-12T18:00:00Z,2025-02-13T00:00:00+06:00,2025-02-14T18:00:00+06:00,2025-02-14T12:00:00Z,T2,42,2025-02-12T06:00:00Z,54,dayahead,0.0601,0.5577,0.8564,False,mos-curve-v0
2025-02-12T18:00:00Z,2025-02-13T00:00:00+06:00,2025-02-14T19:00:00+06:00,2025-02-14T13:00:00Z,T2,43,2025-02-12T06:00:00Z,55,dayahead,0.1405,0.4038,0.9178,False,mos-curve-v0
2025-02-12T18:00:00Z,2025-02-13T00:00:00+06:00,2025-02-14T20:00:00+06:00,2025-02-14T14:00:00Z,T2,44,2025-02-12T06:00:00Z,56,dayahead,0.0202,0.2835,0.7975,False,mos-curve-v0
2025-02-12T18:00:00Z,2025-02-13T00:00:00+06:00,2025-02-14T21:00:00+06:00,2025-02-14T15:00:00Z,T2,45,2025-02-12T06:00:00Z,57,dayahead,0.0509,0.3142,0.8282,False,mos-curve-v0
2025-02-12T18:00:00Z,2025-02-13T00:00:00+06:00,2025-02-14T22:00:00+06:00,2025-02-14T16:00:00Z,T2,46,2025-02-12T06:00:00Z,58,dayahead,0.1472,0.4106,0.9246,False,mos-curve-v0
2025-02-12T18:00:00Z,2025-02-13T00:00:00+06:00,2025-02-14T23:00:00+06:00,2025-02-14T17:00:00Z,T2,47,2025-02-12T06:00:00Z,59,dayahead,0.1866,0.4499,0.9639,False,mos-curve-v0
2025-02-13T18:00:00Z,2025-02-14T00:00:00+06:00,2025-02-14T00:00:00+06:00,2025-02-13T18:00:00Z,T1,0,2025-02-13T06:00:00Z,12,dayahead,0.0,0.2111,0.7251,False,mos-curve-v0
2025-02-13T18:00:00Z,2025-02-14T00:00:00+06:00,2025-02-14T01:00:00+06:00,2025-02-13T19:00:00Z,T1,1,2025-02-13T06:00:00Z,13,dayahead,0.0579,0.1402,0.3686,False,mos-curve-v0
2025-02-13T18:00:00Z,2025-02-14T00:00:00+06:00,2025-02-14T02:00:00+06:00,2025-02-13T20:00:00Z,T1,2,2025-02-13T06:00:00Z,14,dayahead,0.0521,0.1344,0.3628,False,mos-curve-v0
2025-02-13T18:00:00Z,2025-02-14T00:00:00+06:00,2025-02-14T03:00:00+06:00,2025-02-13T21:00:00Z,T1,3,2025-02-13T06:00:00Z,15,dayahead,0.0,0.1515,0.6655,False,mos-curve-v0
2025-02-13T18:00:00Z,2025-02-14T00:00:00+06:00,2025-02-14T04:00:00+06:00,2025-02-13T22:00:00Z,T1,4,2025-02-13T06:00:00Z,16,dayahead,0.0505,0.1328,0.3611,False,mos-curve-v0
2025-02-13T18:00:00Z,2025-02-14T00:00:00+06:00,2025-02-14T05:00:00+06:00,2025-02-13T23:00:00Z,T1,5,2025-02-13T06:00:00Z,17,dayahead,0.0183,0.1006,0.329,False,mos-curve-v0
2025-02-13T18:00:00Z,2025-02-14T00:00:00+06:00,2025-02-14T06:00:00+06:00,2025-02-14T00:00:00Z,T1,6,2025-02-13T06:00:00Z,18,dayahead,0.0,0.074,0.3024,False,mos-curve-v0
2025-02-13T18:00:00Z,2025-02-14T00:00:00+06:00,2025-02-14T07:00:00+06:00,2025-02-14T01:00:00Z,T1,7,2025-02-13T06:00:00Z,19,dayahead,0.0019,0.0842,0.3126,False,mos-curve-v0
2025-02-13T18:00:00Z,2025-02-14T00:00:00+06:00,2025-02-14T08:00:00+06:00,2025-02-14T02:00:00Z,T1,8,2025-02-13T06:00:00Z,20,dayahead,0.0295,0.1118,0.3402,False,mos-curve-v0
2025-02-13T18:00:00Z,2025-02-14T00:00:00+06:00,2025-02-14T09:00:00+06:00,2025-02-14T03:00:00Z,T1,9,2025-02-13T06:00:00Z,21,dayahead,0.045,0.1272,0.3556,False,mos-curve-v0
2025-02-13T18:00:00Z,2025-02-14T00:00:00+06:00,2025-02-14T10:00:00+06:00,2025-02-14T04:00:00Z,T1,10,2025-02-13T06:00:00Z,22,dayahead,0.0221,0.1044,0.3328,False,mos-curve-v0
2025-02-13T18:00:00Z,2025-02-14T00:00:00+06:00,2025-02-14T11:00:00+06:00,2025-02-14T05:00:00Z,T1,11,2025-02-13T06:00:00Z,23,dayahead,0.0,0.2534,0.7674,False,mos-curve-v0
2025-02-13T18:00:00Z,2025-02-14T00:00:00+06:00,2025-02-14T12:00:00+06:00,2025-02-14T06:00:00Z,T1,12,2025-02-13T06:00:00Z,24,dayahead,0.0167,0.5144,0.813,False,mos-curve-v0
2025-02-13T18:00:00Z,2025-02-14T00:00:00+06:00,2025-02-14T13:00:00+06:00,2025-02-14T07:00:00Z,T1,13,2025-02-13T06:00:00Z,25,dayahead,0.0874,0.5851,0.8837,False,mos-curve-v0
2025-02-13T18:00:00Z,2025-02-14T00:00:00+06:00,2025-02-14T14:00:00+06:00,2025-02-14T08:00:00Z,T1,14,2025-02-13T06:00:00Z,26,dayahead,0.0635,0.5612,0.8598,False,mos-curve-v0
2025-02-13T18:00:00Z,2025-02-14T00:00:00+06:00,2025-02-14T15:00:00+06:00,2025-02-14T09:00:00Z,T1,15,2025-02-13T06:00:00Z,27,dayahead,0.0323,0.53,0.8287,False,mos-curve-v0
2025-02-13T18:00:00Z,2025-02-14T00:00:00+06:00,2025-02-14T16:00:00+06:00,2025-02-14T10:00:00Z,T1,16,2025-02-13T06:00:00Z,28,dayahead,0.197,0.4603,0.9743,False,mos-curve-v0
2025-02-13T18:00:00Z,2025-02-14T00:00:00+06:00,2025-02-14T17:00:00+06:00,2025-02-14T11:00:00Z,T1,17,2025-02-13T06:00:00Z,29,dayahead,0.1456,0.4089,0.9229,False,mos-curve-v0
2025-02-13T18:00:00Z,2025-02-14T00:00:00+06:00,2025-02-14T18:00:00+06:00,2025-02-14T12:00:00Z,T1,18,2025-02-13T06:00:00Z,30,dayahead,0.0167,0.5144,0.813,False,mos-curve-v0
2025-02-13T18:00:00Z,2025-02-14T00:00:00+06:00,2025-02-14T19:00:00+06:00,2025-02-14T13:00:00Z,T1,19,2025-02-13T06:00:00Z,31,dayahead,0.1074,0.3707,0.8847,False,mos-curve-v0
2025-02-13T18:00:00Z,2025-02-14T00:00:00+06:00,2025-02-14T20:00:00+06:00,2025-02-14T14:00:00Z,T1,20,2025-02-13T06:00:00Z,32,dayahead,0.0173,0.2807,0.7947,False,mos-curve-v0
2025-02-13T18:00:00Z,2025-02-14T00:00:00+06:00,2025-02-14T21:00:00+06:00,2025-02-14T15:00:00Z,T1,21,2025-02-13T06:00:00Z,33,dayahead,0.0646,0.3279,0.8419,False,mos-curve-v0
2025-02-13T18:00:00Z,2025-02-14T00:00:00+06:00,2025-02-14T22:00:00+06:00,2025-02-14T16:00:00Z,T1,22,2025-02-13T06:00:00Z,34,dayahead,0.1439,0.4072,0.9212,False,mos-curve-v0
2025-02-13T18:00:00Z,2025-02-14T00:00:00+06:00,2025-02-14T23:00:00+06:00,2025-02-14T17:00:00Z,T1,23,2025-02-13T06:00:00Z,35,dayahead,0.1762,0.4396,0.9536,False,mos-curve-v0
2025-02-13T18:00:00Z,2025-02-14T00:00:00+06:00,2025-02-15T00:00:00+06:00,2025-02-14T18:00:00Z,T1,24,2025-02-13T06:00:00Z,36,dayahead,0.1472,0.4106,0.9246,False,mos-curve-v0
2025-02-13T18:00:00Z,2025-02-14T00:00:00+06:00,2025-02-15T01:00:00+06:00,2025-02-14T19:00:00Z,T1,25,2025-02-13T06:00:00Z,37,dayahead,0.1321,0.3955,0.9095,False,mos-curve-v0
2025-02-13T18:00:00Z,2025-02-14T00:00:00+06:00,2025-02-15T02:00:00+06:00,2025-02-14T20:00:00Z,T1,26,2025-02-13T06:00:00Z,38,dayahead,0.1557,0.4191,0.9331,False,mos-curve-v0
2025-02-13T18:00:00Z,2025-02-14T00:00:00+06:00,2025-02-15T03:00:00+06:00,2025-02-14T21:00:00Z,T1,27,2025-02-13T06:00:00Z,39,dayahead,0.2039,0.4673,0.9813,False,mos-curve-v0
2025-02-13T18:00:00Z,2025-02-14T00:00:00+06:00,2025-02-15T04:00:00+06:00,2025-02-14T22:00:00Z,T1,28,2025-02-13T06:00:00Z,40,dayahead,0.0062,0.5039,0.8025,False,mos-curve-v0
2025-02-13T18:00:00Z,2025-02-14T00:00:00+06:00,2025-02-15T05:00:00+06:00,2025-02-14T23:00:00Z,T1,29,2025-02-13T06:00:00Z,41,dayahead,0.0857,0.5834,0.882,False,mos-curve-v0
2025-02-13T18:00:00Z,2025-02-14T00:00:00+06:00,2025-02-15T06:00:00+06:00,2025-02-15T00:00:00Z,T1,30,2025-02-13T06:00:00Z,42,dayahead,0.1339,0.6316,0.9303,False,mos-curve-v0
2025-02-13T18:00:00Z,2025-02-14T00:00:00+06:00,2025-02-15T07:00:00+06:00,2025-02-15T01:00:00Z,T1,31,2025-02-13T06:00:00Z,43,dayahead,0.1736,0.6712,0.9699,False,mos-curve-v0
2025-02-13T18:00:00Z,2025-02-14T00:00:00+06:00,2025-02-15T08:00:00+06:00,2025-02-15T02:00:00Z,T1,32,2025-02-13T06:00:00Z,44,dayahead,0.2209,0.7185,1.0,False,mos-curve-v0
2025-02-13T18:00:00Z,2025-02-14T00:00:00+06:00,2025-02-15T09:00:00+06:00,2025-02-15T03:00:00Z,T1,33,2025-02-13T06:00:00Z,45,dayahead,0.2348,0.7325,1.0,False,mos-curve-v0
2025-02-13T18:00:00Z,2025-02-14T00:00:00+06:00,2025-02-15T10:00:00+06:00,2025-02-15T04:00:00Z,T1,34,2025-02-13T06:00:00Z,46,dayahead,0.2882,0.7859,1.0,False,mos-curve-v0
2025-02-13T18:00:00Z,2025-02-14T00:00:00+06:00,2025-02-15T11:00:00+06:00,2025-02-15T05:00:00Z,T1,35,2025-02-13T06:00:00Z,47,dayahead,0.2429,0.7406,1.0,False,mos-curve-v0
2025-02-13T18:00:00Z,2025-02-14T00:00:00+06:00,2025-02-15T12:00:00+06:00,2025-02-15T06:00:00Z,T1,36,2025-02-13T06:00:00Z,48,dayahead,0.3373,0.835,1.0,False,mos-curve-v0
2025-02-13T18:00:00Z,2025-02-14T00:00:00+06:00,2025-02-15T13:00:00+06:00,2025-02-15T07:00:00Z,T1,37,2025-02-13T06:00:00Z,49,dayahead,0.3275,0.8252,1.0,False,mos-curve-v0
2025-02-13T18:00:00Z,2025-02-14T00:00:00+06:00,2025-02-15T14:00:00+06:00,2025-02-15T08:00:00Z,T1,38,2025-02-13T06:00:00Z,50,dayahead,0.1992,0.6969,0.9955,False,mos-curve-v0
2025-02-13T18:00:00Z,2025-02-14T00:00:00+06:00,2025-02-15T15:00:00+06:00,2025-02-15T09:00:00Z,T1,39,2025-02-13T06:00:00Z,51,dayahead,0.0393,0.537,0.8356,False,mos-curve-v0
2025-02-13T18:00:00Z,2025-02-14T00:00:00+06:00,2025-02-15T16:00:00+06:00,2025-02-15T10:00:00Z,T1,40,2025-02-13T06:00:00Z,52,dayahead,0.0849,0.3482,0.8622,False,mos-curve-v0
2025-02-13T18:00:00Z,2025-02-14T00:00:00+06:00,2025-02-15T17:00:00+06:00,2025-02-15T11:00:00Z,T1,41,2025-02-13T06:00:00Z,53,dayahead,0.0,0.1533,0.6673,False,mos-curve-v0
2025-02-13T18:00:00Z,2025-02-14T00:00:00+06:00,2025-02-15T18:00:00+06:00,2025-02-15T12:00:00Z,T1,42,2025-02-13T06:00:00Z,54,dayahead,0.0,0.036,0.2644,False,mos-curve-v0
2025-02-13T18:00:00Z,2025-02-14T00:00:00+06:00,2025-02-15T19:00:00+06:00,2025-02-15T13:00:00Z,T1,43,2025-02-13T06:00:00Z,55,dayahead,0.1888,0.6865,0.9851,False,mos-curve-v0
2025-02-13T18:00:00Z,2025-02-14T00:00:00+06:00,2025-02-15T20:00:00+06:00,2025-02-15T14:00:00Z,T1,44,2025-02-13T06:00:00Z,56,dayahead,0.1674,0.6651,0.9637,False,mos-curve-v0
2025-02-13T18:00:00Z,2025-02-14T00:00:00+06:00,2025-02-15T21:00:00+06:00,2025-02-15T15:00:00Z,T1,45,2025-02-13T06:00:00Z,57,dayahead,0.1642,0.6619,0.9606,False,mos-curve-v0
2025-02-13T18:00:00Z,2025-02-14T00:00:00+06:00,2025-02-15T22:00:00+06:00,2025-02-15T16:00:00Z,T1,46,2025-02-13T06:00:00Z,58,dayahead,0.0772,0.5749,0.8735,False,mos-curve-v0
2025-02-13T18:00:00Z,2025-02-14T00:00:00+06:00,2025-02-15T23:00:00+06:00,2025-02-15T17:00:00Z,T1,47,2025-02-13T06:00:00Z,59,dayahead,0.2109,0.7086,1.0,False,mos-curve-v0
2025-02-13T18:00:00Z,2025-02-14T00:00:00+06:00,2025-02-14T00:00:00+06:00,2025-02-13T18:00:00Z,T2,0,2025-02-13T06:00:00Z,12,dayahead,0.0,0.2111,0.7251,False,mos-curve-v0
2025-02-13T18:00:00Z,2025-02-14T00:00:00+06:00,2025-02-14T01:00:00+06:00,2025-02-13T19:00:00Z,T2,1,2025-02-13T06:00:00Z,13,dayahead,0.0579,0.1402,0.3686,False,mos-curve-v0
2025-02-13T18:00:00Z,2025-02-14T00:00:00+06:00,2025-02-14T02:00:00+06:00,2025-02-13T20:00:00Z,T2,2,2025-02-13T06:00:00Z,14,dayahead,0.0521,0.1344,0.3628,False,mos-curve-v0
2025-02-13T18:00:00Z,2025-02-14T00:00:00+06:00,2025-02-14T03:00:00+06:00,2025-02-13T21:00:00Z,T2,3,2025-02-13T06:00:00Z,15,dayahead,0.0,0.1515,0.6655,False,mos-curve-v0
2025-02-13T18:00:00Z,2025-02-14T00:00:00+06:00,2025-02-14T04:00:00+06:00,2025-02-13T22:00:00Z,T2,4,2025-02-13T06:00:00Z,16,dayahead,0.0505,0.1328,0.3611,False,mos-curve-v0
2025-02-13T18:00:00Z,2025-02-14T00:00:00+06:00,2025-02-14T05:00:00+06:00,2025-02-13T23:00:00Z,T2,5,2025-02-13T06:00:00Z,17,dayahead,0.0183,0.1006,0.329,False,mos-curve-v0
2025-02-13T18:00:00Z,2025-02-14T00:00:00+06:00,2025-02-14T06:00:00+06:00,2025-02-14T00:00:00Z,T2,6,2025-02-13T06:00:00Z,18,dayahead,0.0,0.074,0.3024,False,mos-curve-v0
2025-02-13T18:00:00Z,2025-02-14T00:00:00+06:00,2025-02-14T07:00:00+06:00,2025-02-14T01:00:00Z,T2,7,2025-02-13T06:00:00Z,19,dayahead,0.0019,0.0842,0.3126,False,mos-curve-v0
2025-02-13T18:00:00Z,2025-02-14T00:00:00+06:00,2025-02-14T08:00:00+06:00,2025-02-14T02:00:00Z,T2,8,2025-02-13T06:00:00Z,20,dayahead,0.0295,0.1118,0.3402,False,mos-curve-v0
2025-02-13T18:00:00Z,2025-02-14T00:00:00+06:00,2025-02-14T09:00:00+06:00,2025-02-14T03:00:00Z,T2,9,2025-02-13T06:00:00Z,21,dayahead,0.045,0.1272,0.3556,False,mos-curve-v0
2025-02-13T18:00:00Z,2025-02-14T00:00:00+06:00,2025-02-14T10:00:00+06:00,2025-02-14T04:00:00Z,T2,10,2025-02-13T06:00:00Z,22,dayahead,0.0221,0.1044,0.3328,False,mos-curve-v0
2025-02-13T18:00:00Z,2025-02-14T00:00:00+06:00,2025-02-14T11:00:00+06:00,2025-02-14T05:00:00Z,T2,11,2025-02-13T06:00:00Z,23,dayahead,0.0,0.2534,0.7674,False,mos-curve-v0
2025-02-13T18:00:00Z,2025-02-14T00:00:00+06:00,2025-02-14T12:00:00+06:00,2025-02-14T06:00:00Z,T2,12,2025-02-13T06:00:00Z,24,dayahead,0.0167,0.5144,0.813,False,mos-curve-v0
2025-02-13T18:00:00Z,2025-02-14T00:00:00+06:00,2025-02-14T13:00:00+06:00,2025-02-14T07:00:00Z,T2,13,2025-02-13T06:00:00Z,25,dayahead,0.0874,0.5851,0.8837,False,mos-curve-v0
2025-02-13T18:00:00Z,2025-02-14T00:00:00+06:00,2025-02-14T14:00:00+06:00,2025-02-14T08:00:00Z,T2,14,2025-02-13T06:00:00Z,26,dayahead,0.0635,0.5612,0.8598,False,mos-curve-v0
2025-02-13T18:00:00Z,2025-02-14T00:00:00+06:00,2025-02-14T15:00:00+06:00,2025-02-14T09:00:00Z,T2,15,2025-02-13T06:00:00Z,27,dayahead,0.0323,0.53,0.8287,False,mos-curve-v0
2025-02-13T18:00:00Z,2025-02-14T00:00:00+06:00,2025-02-14T16:00:00+06:00,2025-02-14T10:00:00Z,T2,16,2025-02-13T06:00:00Z,28,dayahead,0.197,0.4603,0.9743,False,mos-curve-v0
2025-02-13T18:00:00Z,2025-02-14T00:00:00+06:00,2025-02-14T17:00:00+06:00,2025-02-14T11:00:00Z,T2,17,2025-02-13T06:00:00Z,29,dayahead,0.1456,0.4089,0.9229,False,mos-curve-v0
2025-02-13T18:00:00Z,2025-02-14T00:00:00+06:00,2025-02-14T18:00:00+06:00,2025-02-14T12:00:00Z,T2,18,2025-02-13T06:00:00Z,30,dayahead,0.0167,0.5144,0.813,False,mos-curve-v0
2025-02-13T18:00:00Z,2025-02-14T00:00:00+06:00,2025-02-14T19:00:00+06:00,2025-02-14T13:00:00Z,T2,19,2025-02-13T06:00:00Z,31,dayahead,0.1074,0.3707,0.8847,False,mos-curve-v0
2025-02-13T18:00:00Z,2025-02-14T00:00:00+06:00,2025-02-14T20:00:00+06:00,2025-02-14T14:00:00Z,T2,20,2025-02-13T06:00:00Z,32,dayahead,0.0173,0.2807,0.7947,False,mos-curve-v0
2025-02-13T18:00:00Z,2025-02-14T00:00:00+06:00,2025-02-14T21:00:00+06:00,2025-02-14T15:00:00Z,T2,21,2025-02-13T06:00:00Z,33,dayahead,0.0646,0.3279,0.8419,False,mos-curve-v0
2025-02-13T18:00:00Z,2025-02-14T00:00:00+06:00,2025-02-14T22:00:00+06:00,2025-02-14T16:00:00Z,T2,22,2025-02-13T06:00:00Z,34,dayahead,0.1439,0.4072,0.9212,False,mos-curve-v0
2025-02-13T18:00:00Z,2025-02-14T00:00:00+06:00,2025-02-14T23:00:00+06:00,2025-02-14T17:00:00Z,T2,23,2025-02-13T06:00:00Z,35,dayahead,0.1762,0.4396,0.9536,False,mos-curve-v0
2025-02-13T18:00:00Z,2025-02-14T00:00:00+06:00,2025-02-15T00:00:00+06:00,2025-02-14T18:00:00Z,T2,24,2025-02-13T06:00:00Z,36,dayahead,0.1472,0.4106,0.9246,False,mos-curve-v0
2025-02-13T18:00:00Z,2025-02-14T00:00:00+06:00,2025-02-15T01:00:00+06:00,2025-02-14T19:00:00Z,T2,25,2025-02-13T06:00:00Z,37,dayahead,0.1321,0.3955,0.9095,False,mos-curve-v0
2025-02-13T18:00:00Z,2025-02-14T00:00:00+06:00,2025-02-15T02:00:00+06:00,2025-02-14T20:00:00Z,T2,26,2025-02-13T06:00:00Z,38,dayahead,0.1557,0.4191,0.9331,False,mos-curve-v0
2025-02-13T18:00:00Z,2025-02-14T00:00:00+06:00,2025-02-15T03:00:00+06:00,2025-02-14T21:00:00Z,T2,27,2025-02-13T06:00:00Z,39,dayahead,0.2039,0.4673,0.9813,False,mos-curve-v0
2025-02-13T18:00:00Z,2025-02-14T00:00:00+06:00,2025-02-15T04:00:00+06:00,2025-02-14T22:00:00Z,T2,28,2025-02-13T06:00:00Z,40,dayahead,0.0062,0.5039,0.8025,False,mos-curve-v0
2025-02-13T18:00:00Z,2025-02-14T00:00:00+06:00,2025-02-15T05:00:00+06:00,2025-02-14T23:00:00Z,T2,29,2025-02-13T06:00:00Z,41,dayahead,0.0857,0.5834,0.882,False,mos-curve-v0
2025-02-13T18:00:00Z,2025-02-14T00:00:00+06:00,2025-02-15T06:00:00+06:00,2025-02-15T00:00:00Z,T2,30,2025-02-13T06:00:00Z,42,dayahead,0.1339,0.6316,0.9303,False,mos-curve-v0
2025-02-13T18:00:00Z,2025-02-14T00:00:00+06:00,2025-02-15T07:00:00+06:00,2025-02-15T01:00:00Z,T2,31,2025-02-13T06:00:00Z,43,dayahead,0.1736,0.6712,0.9699,False,mos-curve-v0
2025-02-13T18:00:00Z,2025-02-14T00:00:00+06:00,2025-02-15T08:00:00+06:00,2025-02-15T02:00:00Z,T2,32,2025-02-13T06:00:00Z,44,dayahead,0.2209,0.7185,1.0,False,mos-curve-v0
2025-02-13T18:00:00Z,2025-02-14T00:00:00+06:00,2025-02-15T09:00:00+06:00,2025-02-15T03:00:00Z,T2,33,2025-02-13T06:00:00Z,45,dayahead,0.2348,0.7325,1.0,False,mos-curve-v0
2025-02-13T18:00:00Z,2025-02-14T00:00:00+06:00,2025-02-15T10:00:00+06:00,2025-02-15T04:00:00Z,T2,34,2025-02-13T06:00:00Z,46,dayahead,0.2882,0.7859,1.0,False,mos-curve-v0
2025-02-13T18:00:00Z,2025-02-14T00:00:00+06:00,2025-02-15T11:00:00+06:00,2025-02-15T05:00:00Z,T2,35,2025-02-13T06:00:00Z,47,dayahead,0.2429,0.7406,1.0,False,mos-curve-v0
2025-02-13T18:00:00Z,2025-02-14T00:00:00+06:00,2025-02-15T12:00:00+06:00,2025-02-15T06:00:00Z,T2,36,2025-02-13T06:00:00Z,48,dayahead,0.3373,0.835,1.0,False,mos-curve-v0
2025-02-13T18:00:00Z,2025-02-14T00:00:00+06:00,2025-02-15T13:00:00+06:00,2025-02-15T07:00:00Z,T2,37,2025-02-13T06:00:00Z,49,dayahead,0.3275,0.8252,1.0,False,mos-curve-v0
2025-02-13T18:00:00Z,2025-02-14T00:00:00+06:00,2025-02-15T14:00:00+06:00,2025-02-15T08:00:00Z,T2,38,2025-02-13T06:00:00Z,50,dayahead,0.1992,0.6969,0.9955,False,mos-curve-v0
2025-02-13T18:00:00Z,2025-02-14T00:00:00+06:00,2025-02-15T15:00:00+06:00,2025-02-15T09:00:00Z,T2,39,2025-02-13T06:00:00Z,51,dayahead,0.0393,0.537,0.8356,False,mos-curve-v0
2025-02-13T18:00:00Z,2025-02-14T00:00:00+06:00,2025-02-15T16:00:00+06:00,2025-02-15T10:00:00Z,T2,40,2025-02-13T06:00:00Z,52,dayahead,0.0849,0.3482,0.8622,False,mos-curve-v0
2025-02-13T18:00:00Z,2025-02-14T00:00:00+06:00,2025-02-15T17:00:00+06:00,2025-02-15T11:00:00Z,T2,41,2025-02-13T06:00:00Z,53,dayahead,0.0,0.1533,0.6673,False,mos-curve-v0
2025-02-13T18:00:00Z,2025-02-14T00:00:00+06:00,2025-02-15T18:00:00+06:00,2025-02-15T12:00:00Z,T2,42,2025-02-13T06:00:00Z,54,dayahead,0.0,0.036,0.2644,False,mos-curve-v0
2025-02-13T18:00:00Z,2025-02-14T00:00:00+06:00,2025-02-15T19:00:00+06:00,2025-02-15T13:00:00Z,T2,43,2025-02-13T06:00:00Z,55,dayahead,0.1888,0.6865,0.9851,False,mos-curve-v0
2025-02-13T18:00:00Z,2025-02-14T00:00:00+06:00,2025-02-15T20:00:00+06:00,2025-02-15T14:00:00Z,T2,44,2025-02-13T06:00:00Z,56,dayahead,0.1674,0.6651,0.9637,False,mos-curve-v0
2025-02-13T18:00:00Z,2025-02-14T00:00:00+06:00,2025-02-15T21:00:00+06:00,2025-02-15T15:00:00Z,T2,45,2025-02-13T06:00:00Z,57,dayahead,0.1642,0.6619,0.9606,False,mos-curve-v0
2025-02-13T18:00:00Z,2025-02-14T00:00:00+06:00,2025-02-15T22:00:00+06:00,2025-02-15T16:00:00Z,T2,46,2025-02-13T06:00:00Z,58,dayahead,0.0772,0.5749,0.8735,False,mos-curve-v0
2025-02-13T18:00:00Z,2025-02-14T00:00:00+06:00,2025-02-15T23:00:00+06:00,2025-02-15T17:00:00Z,T2,47,2025-02-13T06:00:00Z,59,dayahead,0.2109,0.7086,1.0,False,mos-curve-v0
2025-02-14T18:00:00Z,2025-02-15T00:00:00+06:00,2025-02-15T00:00:00+06:00,2025-02-14T18:00:00Z,T1,0,2025-02-14T06:00:00Z,12,dayahead,0.1456,0.4089,0.9229,False,mos-curve-v0
2025-02-14T18:00:00Z,2025-02-15T00:00:00+06:00,2025-02-15T01:00:00+06:00,2025-02-14T19:00:00Z,T1,1,2025-02-14T06:00:00Z,13,dayahead,0.1288,0.3921,0.9061,False,mos-curve-v0
2025-02-14T18:00:00Z,2025-02-15T00:00:00+06:00,2025-02-15T02:00:00+06:00,2025-02-14T20:00:00Z,T1,2,2025-02-14T06:00:00Z,14,dayahead,0.1831,0.4465,0.9605,False,mos-curve-v0
2025-02-14T18:00:00Z,2025-02-15T00:00:00+06:00,2025-02-15T03:00:00+06:00,2025-02-14T21:00:00Z,T1,3,2025-02-14T06:00:00Z,15,dayahead,0.0635,0.5612,0.8598,False,mos-curve-v0
2025-02-14T18:00:00Z,2025-02-15T00:00:00+06:00,2025-02-15T04:00:00+06:00,2025-02-14T22:00:00Z,T1,4,2025-02-14T06:00:00Z,16,dayahead,0.172,0.6697,0.9683,False,mos-curve-v0
2025-02-14T18:00:00Z,2025-02-15T00:00:00+06:00,2025-02-15T05:00:00+06:00,2025-02-14T23:00:00Z,T1,5,2025-02-14T06:00:00Z,17,dayahead,0.2251,0.7228,1.0,False,mos-curve-v0
2025-02-14T18:00:00Z,2025-02-15T00:00:00+06:00,2025-02-15T06:00:00+06:00,2025-02-15T00:00:00Z,T1,6,2025-02-14T06:00:00Z,18,dayahead,0.2279,0.7256,1.0,False,mos-curve-v0
2025-02-14T18:00:00Z,2025-02-15T00:00:00+06:00,2025-02-15T07:00:00+06:00,2025-02-15T01:00:00Z,T1,7,2025-02-14T06:00:00Z,19,dayahead,0.2725,0.7702,1.0,False,mos-curve-v0
2025-02-14T18:00:00Z,2025-02-15T00:00:00+06:00,2025-02-15T08:00:00+06:00,2025-02-15T02:00:00Z,T1,8,2025-02-14T06:00:00Z,20,dayahead,0.3214,0.819,1.0,False,mos-curve-v0
2025-02-14T18:00:00Z,2025-02-15T00:00:00+06:00,2025-02-15T09:00:00+06:00,2025-02-15T03:00:00Z,T1,9,2025-02-14T06:00:00Z,21,dayahead,0.3344,0.8321,1.0,False,mos-curve-v0
2025-02-14T18:00:00Z,2025-02-15T00:00:00+06:00,2025-02-15T10:00:00+06:00,2025-02-15T04:00:00Z,T1,10,2025-02-14T06:00:00Z,22,dayahead,0.3295,0.8272,1.0,False,mos-curve-v0
2025-02-14T18:00:00Z,2025-02-15T00:00:00+06:00,2025-02-15T11:00:00+06:00,2025-02-15T05:00:00Z,T1,11,2025-02-14T06:00:00Z,23,dayahead,0.2638,0.7615,1.0,False,mos-curve-v0
2025-02-14T18:00:00Z,2025-02-15T00:00:00+06:00,2025-02-15T12:00:00+06:00,2025-02-15T06:00:00Z,T1,12,2025-02-14T06:00:00Z,24,dayahead,0.3325,0.8301,1.0,False,mos-curve-v0
2025-02-14T18:00:00Z,2025-02-15T00:00:00+06:00,2025-02-15T13:00:00+06:00,2025-02-15T07:00:00Z,T1,13,2025-02-14T06:00:00Z,25,dayahead,0.2701,0.7677,1.0,False,mos-curve-v0
2025-02-14T18:00:00Z,2025-02-15T00:00:00+06:00,2025-02-15T14:00:00+06:00,2025-02-15T08:00:00Z,T1,14,2025-02-14T06:00:00Z,26,dayahead,0.1705,0.6682,0.9668,False,mos-curve-v0
2025-02-14T18:00:00Z,2025-02-15T00:00:00+06:00,2025-02-15T15:00:00+06:00,2025-02-15T09:00:00Z,T1,15,2025-02-14T06:00:00Z,27,dayahead,0.0341,0.5318,0.8304,False,mos-curve-v0
2025-02-14T18:00:00Z,2025-02-15T00:00:00+06:00,2025-02-15T16:00:00+06:00,2025-02-15T10:00:00Z,T1,16,2025-02-14T06:00:00Z,28,dayahead,0.0092,0.0915,0.3199,False,mos-curve-v0
2025-02-14T18:00:00Z,2025-02-15T00:00:00+06:00,2025-02-15T17:00:00+06:00,2025-02-15T11:00:00Z,T1,17,2025-02-14T06:00:00Z,29,dayahead,0.0255,0.1077,0.3361,False,mos-curve-v0
2025-02-14T18:00:00Z,2025-02-15T00:00:00+06:00,2025-02-15T18:00:00+06:00,2025-02-15T12:00:00Z,T1,18,2025-02-14T06:00:00Z,30,dayahead,0.5586,0.9171,1.0,False,mos-curve-v0
2025-02-14T18:00:00Z,2025-02-15T00:00:00+06:00,2025-02-15T19:00:00+06:00,2025-02-15T13:00:00Z,T1,19,2025-02-14T06:00:00Z,31,dayahead,0.1595,0.6572,0.9559,False,mos-curve-v0
2025-02-14T18:00:00Z,2025-02-15T00:00:00+06:00,2025-02-15T20:00:00+06:00,2025-02-15T14:00:00Z,T1,20,2025-02-14T06:00:00Z,32,dayahead,0.2231,0.4864,1.0,False,mos-curve-v0
2025-02-14T18:00:00Z,2025-02-15T00:00:00+06:00,2025-02-15T21:00:00+06:00,2025-02-15T15:00:00Z,T1,21,2025-02-14T06:00:00Z,33,dayahead,0.142,0.6397,0.9384,False,mos-curve-v0
2025-02-14T18:00:00Z,2025-02-15T00:00:00+06:00,2025-02-15T22:00:00+06:00,2025-02-15T16:00:00Z,T1,22,2025-02-14T06:00:00Z,34,dayahead,0.3172,0.8149,1.0,False,mos-curve-v0
2025-02-14T18:00:00Z,2025-02-15T00:00:00+06:00,2025-02-15T23:00:00+06:00,2025-02-15T17:00:00Z,T1,23,2025-02-14T06:00:00Z,35,dayahead,0.3086,0.8063,1.0,False,mos-curve-v0
2025-02-14T18:00:00Z,2025-02-15T00:00:00+06:00,2025-02-16T00:00:00+06:00,2025-02-15T18:00:00Z,T1,24,2025-02-14T06:00:00Z,36,dayahead,0.314,0.8117,1.0,False,mos-curve-v0
2025-02-14T18:00:00Z,2025-02-15T00:00:00+06:00,2025-02-16T01:00:00+06:00,2025-02-15T19:00:00Z,T1,25,2025-02-14T06:00:00Z,37,dayahead,0.3344,0.8321,1.0,False,mos-curve-v0
2025-02-14T18:00:00Z,2025-02-15T00:00:00+06:00,2025-02-16T02:00:00+06:00,2025-02-15T20:00:00Z,T1,26,2025-02-14T06:00:00Z,38,dayahead,0.2442,0.7419,1.0,False,mos-curve-v0
2025-02-14T18:00:00Z,2025-02-15T00:00:00+06:00,2025-02-16T03:00:00+06:00,2025-02-15T21:00:00Z,T1,27,2025-02-14T06:00:00Z,39,dayahead,0.1339,0.6316,0.9303,False,mos-curve-v0
2025-02-14T18:00:00Z,2025-02-15T00:00:00+06:00,2025-02-16T04:00:00+06:00,2025-02-15T22:00:00Z,T1,28,2025-02-14T06:00:00Z,40,dayahead,0.0462,0.5439,0.8426,False,mos-curve-v0
2025-02-14T18:00:00Z,2025-02-15T00:00:00+06:00,2025-02-16T05:00:00+06:00,2025-02-15T23:00:00Z,T1,29,2025-02-14T06:00:00Z,41,dayahead,0.088,0.3514,0.8654,False,mos-curve-v0
2025-02-14T18:00:00Z,2025-02-15T00:00:00+06:00,2025-02-16T06:00:00+06:00,2025-02-16T00:00:00Z,T1,30,2025-02-14T06:00:00Z,42,dayahead,0.0,0.1551,0.6691,False,mos-curve-v0
2025-02-14T18:00:00Z,2025-02-15T00:00:00+06:00,2025-02-16T07:00:00+06:00,2025-02-16T01:00:00Z,T1,31,2025-02-14T06:00:00Z,43,dayahead,0.0,0.057,0.2854,False,mos-curve-v0
2025-02-14T18:00:00Z,2025-02-15T00:00:00+06:00,2025-02-16T08:00:00+06:00,2025-02-16T02:00:00Z,T1,32,2025-02-14T06:00:00Z,44,dayahead,0.0,0.0516,0.28,False,mos-curve-v0
2025-02-14T18:00:00Z,2025-02-15T00:00:00+06:00,2025-02-16T09:00:00+06:00,2025-02-16T03:00:00Z,T1,33,2025-02-14T06:00:00Z,45,dayahead,0.0,0.0358,0.2642,False,mos-curve-v0
2025-02-14T18:00:00Z,2025-02-15T00:00:00+06:00,2025-02-16T10:00:00+06:00,2025-02-16T04:00:00Z,T1,34,2025-02-14T06:00:00Z,46,dayahead,0.0,0.0248,0.2532,False,mos-curve-v0
2025-02-14T18:00:00Z,2025-02-15T00:00:00+06:00,2025-02-16T11:00:00+06:00,2025-02-16T05:00:00Z,T1,35,2025-02-14T06:00:00Z,47,dayahead,0.0,0.0385,0.2669,False,mos-curve-v0
2025-02-14T18:00:00Z,2025-02-15T00:00:00+06:00,2025-02-16T12:00:00+06:00,2025-02-16T06:00:00Z,T1,36,2025-02-14T06:00:00Z,48,dayahead,0.0,0.0609,0.2893,False,mos-curve-v0
2025-02-14T18:00:00Z,2025-02-15T00:00:00+06:00,2025-02-16T13:00:00+06:00,2025-02-16T07:00:00Z,T1,37,2025-02-14T06:00:00Z,49,dayahead,0.0,0.0755,0.3039,False,mos-curve-v0
2025-02-14T18:00:00Z,2025-02-15T00:00:00+06:00,2025-02-16T14:00:00+06:00,2025-02-16T08:00:00Z,T1,38,2025-02-14T06:00:00Z,50,dayahead,0.0295,0.1118,0.3402,False,mos-curve-v0
2025-02-14T18:00:00Z,2025-02-15T00:00:00+06:00,2025-02-16T15:00:00+06:00,2025-02-16T09:00:00Z,T1,39,2025-02-14T06:00:00Z,51,dayahead,0.0,0.1654,0.6794,False,mos-curve-v0
2025-02-14T18:00:00Z,2025-02-15T00:00:00+06:00,2025-02-16T16:00:00+06:00,2025-02-16T10:00:00Z,T1,40,2025-02-14T06:00:00Z,52,dayahead,0.0,0.2242,0.7382,False,mos-curve-v0
2025-02-14T18:00:00Z,2025-02-15T00:00:00+06:00,2025-02-16T17:00:00+06:00,2025-02-16T11:00:00Z,T1,41,2025-02-14T06:00:00Z,53,dayahead,0.0,0.2378,0.7518,False,mos-curve-v0
2025-02-14T18:00:00Z,2025-02-15T00:00:00+06:00,2025-02-16T18:00:00+06:00,2025-02-16T12:00:00Z,T1,42,2025-02-14T06:00:00Z,54,dayahead,0.0,0.2391,0.7531,False,mos-curve-v0
2025-02-14T18:00:00Z,2025-02-15T00:00:00+06:00,2025-02-16T19:00:00+06:00,2025-02-16T13:00:00Z,T1,43,2025-02-14T06:00:00Z,55,dayahead,0.0,0.256,0.77,False,mos-curve-v0
2025-02-14T18:00:00Z,2025-02-15T00:00:00+06:00,2025-02-16T20:00:00+06:00,2025-02-16T14:00:00Z,T1,44,2025-02-14T06:00:00Z,56,dayahead,0.0,0.2111,0.7251,False,mos-curve-v0
2025-02-14T18:00:00Z,2025-02-15T00:00:00+06:00,2025-02-16T21:00:00+06:00,2025-02-16T15:00:00Z,T1,45,2025-02-14T06:00:00Z,57,dayahead,0.0,0.1683,0.6823,False,mos-curve-v0
2025-02-14T18:00:00Z,2025-02-15T00:00:00+06:00,2025-02-16T22:00:00+06:00,2025-02-16T16:00:00Z,T1,46,2025-02-14T06:00:00Z,58,dayahead,0.017,0.0993,0.3277,False,mos-curve-v0
2025-02-14T18:00:00Z,2025-02-15T00:00:00+06:00,2025-02-16T23:00:00+06:00,2025-02-16T17:00:00Z,T1,47,2025-02-14T06:00:00Z,59,dayahead,0.0,0.0703,0.2987,False,mos-curve-v0
2025-02-14T18:00:00Z,2025-02-15T00:00:00+06:00,2025-02-15T00:00:00+06:00,2025-02-14T18:00:00Z,T2,0,2025-02-14T06:00:00Z,12,dayahead,0.1456,0.4089,0.9229,False,mos-curve-v0
2025-02-14T18:00:00Z,2025-02-15T00:00:00+06:00,2025-02-15T01:00:00+06:00,2025-02-14T19:00:00Z,T2,1,2025-02-14T06:00:00Z,13,dayahead,0.1288,0.3921,0.9061,False,mos-curve-v0
2025-02-14T18:00:00Z,2025-02-15T00:00:00+06:00,2025-02-15T02:00:00+06:00,2025-02-14T20:00:00Z,T2,2,2025-02-14T06:00:00Z,14,dayahead,0.1831,0.4465,0.9605,False,mos-curve-v0
2025-02-14T18:00:00Z,2025-02-15T00:00:00+06:00,2025-02-15T03:00:00+06:00,2025-02-14T21:00:00Z,T2,3,2025-02-14T06:00:00Z,15,dayahead,0.0635,0.5612,0.8598,False,mos-curve-v0
2025-02-14T18:00:00Z,2025-02-15T00:00:00+06:00,2025-02-15T04:00:00+06:00,2025-02-14T22:00:00Z,T2,4,2025-02-14T06:00:00Z,16,dayahead,0.172,0.6697,0.9683,False,mos-curve-v0
2025-02-14T18:00:00Z,2025-02-15T00:00:00+06:00,2025-02-15T05:00:00+06:00,2025-02-14T23:00:00Z,T2,5,2025-02-14T06:00:00Z,17,dayahead,0.2251,0.7228,1.0,False,mos-curve-v0
2025-02-14T18:00:00Z,2025-02-15T00:00:00+06:00,2025-02-15T06:00:00+06:00,2025-02-15T00:00:00Z,T2,6,2025-02-14T06:00:00Z,18,dayahead,0.2279,0.7256,1.0,False,mos-curve-v0
2025-02-14T18:00:00Z,2025-02-15T00:00:00+06:00,2025-02-15T07:00:00+06:00,2025-02-15T01:00:00Z,T2,7,2025-02-14T06:00:00Z,19,dayahead,0.2725,0.7702,1.0,False,mos-curve-v0
2025-02-14T18:00:00Z,2025-02-15T00:00:00+06:00,2025-02-15T08:00:00+06:00,2025-02-15T02:00:00Z,T2,8,2025-02-14T06:00:00Z,20,dayahead,0.3214,0.819,1.0,False,mos-curve-v0
2025-02-14T18:00:00Z,2025-02-15T00:00:00+06:00,2025-02-15T09:00:00+06:00,2025-02-15T03:00:00Z,T2,9,2025-02-14T06:00:00Z,21,dayahead,0.3344,0.8321,1.0,False,mos-curve-v0
2025-02-14T18:00:00Z,2025-02-15T00:00:00+06:00,2025-02-15T10:00:00+06:00,2025-02-15T04:00:00Z,T2,10,2025-02-14T06:00:00Z,22,dayahead,0.3295,0.8272,1.0,False,mos-curve-v0
2025-02-14T18:00:00Z,2025-02-15T00:00:00+06:00,2025-02-15T11:00:00+06:00,2025-02-15T05:00:00Z,T2,11,2025-02-14T06:00:00Z,23,dayahead,0.2638,0.7615,1.0,False,mos-curve-v0
2025-02-14T18:00:00Z,2025-02-15T00:00:00+06:00,2025-02-15T12:00:00+06:00,2025-02-15T06:00:00Z,T2,12,2025-02-14T06:00:00Z,24,dayahead,0.3325,0.8301,1.0,False,mos-curve-v0
2025-02-14T18:00:00Z,2025-02-15T00:00:00+06:00,2025-02-15T13:00:00+06:00,2025-02-15T07:00:00Z,T2,13,2025-02-14T06:00:00Z,25,dayahead,0.2701,0.7677,1.0,False,mos-curve-v0
2025-02-14T18:00:00Z,2025-02-15T00:00:00+06:00,2025-02-15T14:00:00+06:00,2025-02-15T08:00:00Z,T2,14,2025-02-14T06:00:00Z,26,dayahead,0.1705,0.6682,0.9668,False,mos-curve-v0
2025-02-14T18:00:00Z,2025-02-15T00:00:00+06:00,2025-02-15T15:00:00+06:00,2025-02-15T09:00:00Z,T2,15,2025-02-14T06:00:00Z,27,dayahead,0.0341,0.5318,0.8304,False,mos-curve-v0
2025-02-14T18:00:00Z,2025-02-15T00:00:00+06:00,2025-02-15T16:00:00+06:00,2025-02-15T10:00:00Z,T2,16,2025-02-14T06:00:00Z,28,dayahead,0.0092,0.0915,0.3199,False,mos-curve-v0
2025-02-14T18:00:00Z,2025-02-15T00:00:00+06:00,2025-02-15T17:00:00+06:00,2025-02-15T11:00:00Z,T2,17,2025-02-14T06:00:00Z,29,dayahead,0.0255,0.1077,0.3361,False,mos-curve-v0
2025-02-14T18:00:00Z,2025-02-15T00:00:00+06:00,2025-02-15T18:00:00+06:00,2025-02-15T12:00:00Z,T2,18,2025-02-14T06:00:00Z,30,dayahead,0.5586,0.9171,1.0,False,mos-curve-v0
2025-02-14T18:00:00Z,2025-02-15T00:00:00+06:00,2025-02-15T19:00:00+06:00,2025-02-15T13:00:00Z,T2,19,2025-02-14T06:00:00Z,31,dayahead,0.1595,0.6572,0.9559,False,mos-curve-v0
2025-02-14T18:00:00Z,2025-02-15T00:00:00+06:00,2025-02-15T20:00:00+06:00,2025-02-15T14:00:00Z,T2,20,2025-02-14T06:00:00Z,32,dayahead,0.2231,0.4864,1.0,False,mos-curve-v0
2025-02-14T18:00:00Z,2025-02-15T00:00:00+06:00,2025-02-15T21:00:00+06:00,2025-02-15T15:00:00Z,T2,21,2025-02-14T06:00:00Z,33,dayahead,0.142,0.6397,0.9384,False,mos-curve-v0
2025-02-14T18:00:00Z,2025-02-15T00:00:00+06:00,2025-02-15T22:00:00+06:00,2025-02-15T16:00:00Z,T2,22,2025-02-14T06:00:00Z,34,dayahead,0.3172,0.8149,1.0,False,mos-curve-v0
2025-02-14T18:00:00Z,2025-02-15T00:00:00+06:00,2025-02-15T23:00:00+06:00,2025-02-15T17:00:00Z,T2,23,2025-02-14T06:00:00Z,35,dayahead,0.3086,0.8063,1.0,False,mos-curve-v0
2025-02-14T18:00:00Z,2025-02-15T00:00:00+06:00,2025-02-16T00:00:00+06:00,2025-02-15T18:00:00Z,T2,24,2025-02-14T06:00:00Z,36,dayahead,0.314,0.8117,1.0,False,mos-curve-v0
2025-02-14T18:00:00Z,2025-02-15T00:00:00+06:00,2025-02-16T01:00:00+06:00,2025-02-15T19:00:00Z,T2,25,2025-02-14T06:00:00Z,37,dayahead,0.3344,0.8321,1.0,False,mos-curve-v0
2025-02-14T18:00:00Z,2025-02-15T00:00:00+06:00,2025-02-16T02:00:00+06:00,2025-02-15T20:00:00Z,T2,26,2025-02-14T06:00:00Z,38,dayahead,0.2442,0.7419,1.0,False,mos-curve-v0
2025-02-14T18:00:00Z,2025-02-15T00:00:00+06:00,2025-02-16T03:00:00+06:00,2025-02-15T21:00:00Z,T2,27,2025-02-14T06:00:00Z,39,dayahead,0.1339,0.6316,0.9303,False,mos-curve-v0
2025-02-14T18:00:00Z,2025-02-15T00:00:00+06:00,2025-02-16T04:00:00+06:00,2025-02-15T22:00:00Z,T2,28,2025-02-14T06:00:00Z,40,dayahead,0.0462,0.5439,0.8426,False,mos-curve-v0
2025-02-14T18:00:00Z,2025-02-15T00:00:00+06:00,2025-02-16T05:00:00+06:00,2025-02-15T23:00:00Z,T2,29,2025-02-14T06:00:00Z,41,dayahead,0.088,0.3514,0.8654,False,mos-curve-v0
2025-02-14T18:00:00Z,2025-02-15T00:00:00+06:00,2025-02-16T06:00:00+06:00,2025-02-16T00:00:00Z,T2,30,2025-02-14T06:00:00Z,42,dayahead,0.0,0.1551,0.6691,False,mos-curve-v0
2025-02-14T18:00:00Z,2025-02-15T00:00:00+06:00,2025-02-16T07:00:00+06:00,2025-02-16T01:00:00Z,T2,31,2025-02-14T06:00:00Z,43,dayahead,0.0,0.057,0.2854,False,mos-curve-v0
2025-02-14T18:00:00Z,2025-02-15T00:00:00+06:00,2025-02-16T08:00:00+06:00,2025-02-16T02:00:00Z,T2,32,2025-02-14T06:00:00Z,44,dayahead,0.0,0.0516,0.28,False,mos-curve-v0
2025-02-14T18:00:00Z,2025-02-15T00:00:00+06:00,2025-02-16T09:00:00+06:00,2025-02-16T03:00:00Z,T2,33,2025-02-14T06:00:00Z,45,dayahead,0.0,0.0358,0.2642,False,mos-curve-v0
2025-02-14T18:00:00Z,2025-02-15T00:00:00+06:00,2025-02-16T10:00:00+06:00,2025-02-16T04:00:00Z,T2,34,2025-02-14T06:00:00Z,46,dayahead,0.0,0.0248,0.2532,False,mos-curve-v0
2025-02-14T18:00:00Z,2025-02-15T00:00:00+06:00,2025-02-16T11:00:00+06:00,2025-02-16T05:00:00Z,T2,35,2025-02-14T06:00:00Z,47,dayahead,0.0,0.0385,0.2669,False,mos-curve-v0
2025-02-14T18:00:00Z,2025-02-15T00:00:00+06:00,2025-02-16T12:00:00+06:00,2025-02-16T06:00:00Z,T2,36,2025-02-14T06:00:00Z,48,dayahead,0.0,0.0609,0.2893,False,mos-curve-v0
2025-02-14T18:00:00Z,2025-02-15T00:00:00+06:00,2025-02-16T13:00:00+06:00,2025-02-16T07:00:00Z,T2,37,2025-02-14T06:00:00Z,49,dayahead,0.0,0.0755,0.3039,False,mos-curve-v0
2025-02-14T18:00:00Z,2025-02-15T00:00:00+06:00,2025-02-16T14:00:00+06:00,2025-02-16T08:00:00Z,T2,38,2025-02-14T06:00:00Z,50,dayahead,0.0295,0.1118,0.3402,False,mos-curve-v0
2025-02-14T18:00:00Z,2025-02-15T00:00:00+06:00,2025-02-16T15:00:00+06:00,2025-02-16T09:00:00Z,T2,39,2025-02-14T06:00:00Z,51,dayahead,0.0,0.1654,0.6794,False,mos-curve-v0
2025-02-14T18:00:00Z,2025-02-15T00:00:00+06:00,2025-02-16T16:00:00+06:00,2025-02-16T10:00:00Z,T2,40,2025-02-14T06:00:00Z,52,dayahead,0.0,0.2242,0.7382,False,mos-curve-v0
2025-02-14T18:00:00Z,2025-02-15T00:00:00+06:00,2025-02-16T17:00:00+06:00,2025-02-16T11:00:00Z,T2,41,2025-02-14T06:00:00Z,53,dayahead,0.0,0.2378,0.7518,False,mos-curve-v0
2025-02-14T18:00:00Z,2025-02-15T00:00:00+06:00,2025-02-16T18:00:00+06:00,2025-02-16T12:00:00Z,T2,42,2025-02-14T06:00:00Z,54,dayahead,0.0,0.2391,0.7531,False,mos-curve-v0
2025-02-14T18:00:00Z,2025-02-15T00:00:00+06:00,2025-02-16T19:00:00+06:00,2025-02-16T13:00:00Z,T2,43,2025-02-14T06:00:00Z,55,dayahead,0.0,0.256,0.77,False,mos-curve-v0
2025-02-14T18:00:00Z,2025-02-15T00:00:00+06:00,2025-02-16T20:00:00+06:00,2025-02-16T14:00:00Z,T2,44,2025-02-14T06:00:00Z,56,dayahead,0.0,0.2111,0.7251,False,mos-curve-v0
2025-02-14T18:00:00Z,2025-02-15T00:00:00+06:00,2025-02-16T21:00:00+06:00,2025-02-16T15:00:00Z,T2,45,2025-02-14T06:00:00Z,57,dayahead,0.0,0.1683,0.6823,False,mos-curve-v0
2025-02-14T18:00:00Z,2025-02-15T00:00:00+06:00,2025-02-16T22:00:00+06:00,2025-02-16T16:00:00Z,T2,46,2025-02-14T06:00:00Z,58,dayahead,0.017,0.0993,0.3277,False,mos-curve-v0
2025-02-14T18:00:00Z,2025-02-15T00:00:00+06:00,2025-02-16T23:00:00+06:00,2025-02-16T17:00:00Z,T2,47,2025-02-14T06:00:00Z,59,dayahead,0.0,0.0703,0.2987,False,mos-curve-v0
2025-02-15T18:00:00Z,2025-02-16T00:00:00+06:00,2025-02-16T00:00:00+06:00,2025-02-15T18:00:00Z,T1,0,2025-02-15T06:00:00Z,12,dayahead,0.2348,0.7325,1.0,False,mos-curve-v0
2025-02-15T18:00:00Z,2025-02-16T00:00:00+06:00,2025-02-16T01:00:00+06:00,2025-02-15T19:00:00Z,T1,1,2025-02-15T06:00:00Z,13,dayahead,0.1611,0.6588,0.9574,False,mos-curve-v0
2025-02-15T18:00:00Z,2025-02-16T00:00:00+06:00,2025-02-16T02:00:00+06:00,2025-02-15T20:00:00Z,T1,2,2025-02-15T06:00:00Z,14,dayahead,0.1516,0.6493,0.948,False,mos-curve-v0
2025-02-15T18:00:00Z,2025-02-16T00:00:00+06:00,2025-02-16T03:00:00+06:00,2025-02-15T21:00:00Z,T1,3,2025-02-15T06:00:00Z,15,dayahead,0.1225,0.6202,0.9188,False,mos-curve-v0
2025-02-15T18:00:00Z,2025-02-16T00:00:00+06:00,2025-02-16T04:00:00+06:00,2025-02-15T22:00:00Z,T1,4,2025-02-15T06:00:00Z,16,dayahead,0.0566,0.5543,0.8529,False,mos-curve-v0
2025-02-15T18:00:00Z,2025-02-16T00:00:00+06:00,2025-02-16T05:00:00+06:00,2025-02-15T23:00:00Z,T1,5,2025-02-15T06:00:00Z,17,dayahead,0.0817,0.3451,0.859,False,mos-curve-v0
2025-02-15T18:00:00Z,2025-02-16T00:00:00+06:00,2025-02-16T06:00:00+06:00,2025-02-16T00:00:00Z,T1,6,2025-02-15T06:00:00Z,18,dayahead,0.0338,0.116,0.3444,False,mos-curve-v0
2025-02-15T18:00:00Z,2025-02-16T00:00:00+06:00,2025-02-16T07:00:00+06:00,2025-02-16T01:00:00Z,T1,7,2025-02-15T06:00:00Z,19,dayahead,0.0,0.0355,0.2639,False,mos-curve-v0
2025-02-15T18:00:00Z,2025-02-16T00:00:00+06:00,2025-02-16T08:00:00+06:00,2025-02-16T02:00:00Z,T1,8,2025-02-15T06:00:00Z,20,dayahead,0.0,0.0176,0.246,False,mos-curve-v0
2025-02-15T18:00:00Z,2025-02-16T00:00:00+06:00,2025-02-16T09:00:00+06:00,2025-02-16T03:00:00Z,T1,9,2025-02-15T06:00:00Z,21,dayahead,0.0,0.031,0.2594,False,mos-curve-v0
2025-02-15T18:00:00Z,2025-02-16T00:00:00+06:00,2025-02-16T10:00:00+06:00,2025-02-16T04:00:00Z,T1,10,2025-02-15T06:00:00Z,22,dayahead,0.0,0.0128,0.2412,False,mos-curve-v0
2025-02-15T18:00:00Z,2025-02-16T00:00:00+06:00,2025-02-16T11:00:00+06:00,2025-02-16T05:00:00Z,T1,11,2025-02-15T06:00:00Z,23,dayahead,0.0,0.0449,0.2733,False,mos-curve-v0
2025-02-15T18:00:00Z,2025-02-16T00:00:00+06:00,2025-02-16T12:00:00+06:00,2025-02-16T06:00:00Z,T1,12,2025-02-15T06:00:00Z,24,dayahead,0.0164,0.0987,0.3271,False,mos-curve-v0
2025-02-15T18:00:00Z,2025-02-16T00:00:00+06:00,2025-02-16T13:00:00+06:00,2025-02-16T07:00:00Z,T1,13,2025-02-15T06:00:00Z,25,dayahead,0.0,0.1723,0.6863,False,mos-curve-v0
2025-02-15T18:00:00Z,2025-02-16T00:00:00+06:00,2025-02-16T14:00:00+06:00,2025-02-16T08:00:00Z,T1,14,2025-02-15T06:00:00Z,26,dayahead,0.0896,0.353,0.867,False,mos-curve-v0
2025-02-15T18:00:00Z,2025-02-16T00:00:00+06:00,2025-02-16T15:00:00+06:00,2025-02-16T09:00:00Z,T1,15,2025-02-15T06:00:00Z,27,dayahead,0.2231,0.4864,1.0,False,mos-curve-v0
2025-02-15T18:00:00Z,2025-02-16T00:00:00+06:00,2025-02-16T16:00:00+06:00,2025-02-16T10:00:00Z,T1,16,2025-02-15T06:00:00Z,28,dayahead,0.0786,0.3419,0.8559,False,mos-curve-v0
2025-02-15T18:00:00Z,2025-02-16T00:00:00+06:00,2025-02-16T17:00:00+06:00,2025-02-16T11:00:00Z,T1,17,2025-02-15T06:00:00Z,29,dayahead,0.077,0.3403,0.8543,False,mos-curve-v0
2025-02-15T18:00:00Z,2025-02-16T00:00:00+06:00,2025-02-16T18:00:00+06:00,2025-02-16T12:00:00Z,T1,18,2025-02-15T06:00:00Z,30,dayahead,0.1271,0.3905,0.9045,False,mos-curve-v0
2025-02-15T18:00:00Z,2025-02-16T00:00:00+06:00,2025-02-16T19:00:00+06:00,2025-02-16T13:00:00Z,T1,19,2025-02-15T06:00:00Z,31,dayahead,0.0739,0.3372,0.8512,False,mos-curve-v0
2025-02-15T18:00:00Z,2025-02-16T00:00:00+06:00,2025-02-16T20:00:00+06:00,2025-02-16T14:00:00Z,T1,20,2025-02-15T06:00:00Z,32,dayahead,0.0912,0.3546,0.8686,False,mos-curve-v0
2025-02-15T18:00:00Z,2025-02-16T00:00:00+06:00,2025-02-16T21:00:00+06:00,2025-02-16T15:00:00Z,T1,21,2025-02-15T06:00:00Z,33,dayahead,0.0419,0.3053,0.8192,False,mos-curve-v0
2025-02-15T18:00:00Z,2025-02-16T00:00:00+06:00,2025-02-16T22:00:00+06:00,2025-02-16T16:00:00Z,T1,22,2025-02-15T06:00:00Z,34,dayahead,0.0,0.2316,0.7456,False,mos-curve-v0
2025-02-15T18:00:00Z,2025-02-16T00:00:00+06:00,2025-02-16T23:00:00+06:00,2025-02-16T17:00:00Z,T1,23,2025-02-15T06:00:00Z,35,dayahead,0.0,0.1645,0.6785,False,mos-curve-v0
2025-02-15T18:00:00Z,2025-02-16T00:00:00+06:00,2025-02-17T00:00:00+06:00,2025-02-16T18:00:00Z,T1,24,2025-02-15T06:00:00Z,36,dayahead,0.0,0.1645,0.6785,False,mos-curve-v0
2025-02-15T18:00:00Z,2025-02-16T00:00:00+06:00,2025-02-17T01:00:00+06:00,2025-02-16T19:00:00Z,T1,25,2025-02-15T06:00:00Z,37,dayahead,0.0596,0.1419,0.3702,False,mos-curve-v0
2025-02-15T18:00:00Z,2025-02-16T00:00:00+06:00,2025-02-17T02:00:00+06:00,2025-02-16T20:00:00Z,T1,26,2025-02-15T06:00:00Z,38,dayahead,0.0505,0.1328,0.3611,False,mos-curve-v0
2025-02-15T18:00:00Z,2025-02-16T00:00:00+06:00,2025-02-17T03:00:00+06:00,2025-02-16T21:00:00Z,T1,27,2025-02-15T06:00:00Z,39,dayahead,0.0,0.052,0.2804,False,mos-curve-v0
2025-02-15T18:00:00Z,2025-02-16T00:00:00+06:00,2025-02-17T04:00:00+06:00,2025-02-16T22:00:00Z,T1,28,2025-02-15T06:00:00Z,40,dayahead,0.0,0.0238,0.2522,False,mos-curve-v0
2025-02-15T18:00:00Z,2025-02-16T00:00:00+06:00,2025-02-17T05:00:00+06:00,2025-02-16T23:00:00Z,T1,29,2025-02-15T06:00:00Z,41,dayahead,0.0,0.0358,0.2642,False,mos-curve-v0
2025-02-15T18:00:00Z,2025-02-16T00:00:00+06:00,2025-02-17T06:00:00+06:00,2025-02-17T00:00:00Z,T1,30,2025-02-15T06:00:00Z,42,dayahead,0.0,0.0185,0.2469,False,mos-curve-v0
2025-02-15T18:00:00Z,2025-02-16T00:00:00+06:00,2025-02-17T07:00:00+06:00,2025-02-17T01:00:00Z,T1,31,2025-02-15T06:00:00Z,43,dayahead,0.0,0.0158,0.2442,False,mos-curve-v0
2025-02-15T18:00:00Z,2025-02-16T00:00:00+06:00,2025-02-17T08:00:00+06:00,2025-02-17T02:00:00Z,T1,32,2025-02-15T06:00:00Z,44,dayahead,0.0,0.026,0.2544,False,mos-curve-v0
2025-02-15T18:00:00Z,2025-02-16T00:00:00+06:00,2025-02-17T09:00:00+06:00,2025-02-17T03:00:00Z,T1,33,2025-02-15T06:00:00Z,45,dayahead,0.0,0.0426,0.271,False,mos-curve-v0
2025-02-15T18:00:00Z,2025-02-16T00:00:00+06:00,2025-02-17T10:00:00+06:00,2025-02-17T04:00:00Z,T1,34,2025-02-15T06:00:00Z,46,dayahead,0.0,0.0434,0.2718,False,mos-curve-v0
2025-02-15T18:00:00Z,2025-02-16T00:00:00+06:00,2025-02-17T11:00:00+06:00,2025-02-17T05:00:00Z,T1,35,2025-02-15T06:00:00Z,47,dayahead,0.0,0.0452,0.2736,False,mos-curve-v0
2025-02-15T18:00:00Z,2025-02-16T00:00:00+06:00,2025-02-17T12:00:00+06:00,2025-02-17T06:00:00Z,T1,36,2025-02-15T06:00:00Z,48,dayahead,0.0,0.0552,0.2836,False,mos-curve-v0
2025-02-15T18:00:00Z,2025-02-16T00:00:00+06:00,2025-02-17T13:00:00+06:00,2025-02-17T07:00:00Z,T1,37,2025-02-15T06:00:00Z,49,dayahead,0.0,0.0477,0.2761,False,mos-curve-v0
2025-02-15T18:00:00Z,2025-02-16T00:00:00+06:00,2025-02-17T14:00:00+06:00,2025-02-17T08:00:00Z,T1,38,2025-02-15T06:00:00Z,50,dayahead,0.0,0.0334,0.2618,False,mos-curve-v0
2025-02-15T18:00:00Z,2025-02-16T00:00:00+06:00,2025-02-17T15:00:00+06:00,2025-02-17T09:00:00Z,T1,39,2025-02-15T06:00:00Z,51,dayahead,0.0,0.0197,0.2481,False,mos-curve-v0
2025-02-15T18:00:00Z,2025-02-16T00:00:00+06:00,2025-02-17T16:00:00+06:00,2025-02-17T10:00:00Z,T1,40,2025-02-15T06:00:00Z,52,dayahead,0.0,0.0169,0.2453,False,mos-curve-v0
2025-02-15T18:00:00Z,2025-02-16T00:00:00+06:00,2025-02-17T17:00:00+06:00,2025-02-17T11:00:00Z,T1,41,2025-02-15T06:00:00Z,53,dayahead,0.0,0.05,0.2784,False,mos-curve-v0
2025-02-15T18:00:00Z,2025-02-16T00:00:00+06:00,2025-02-17T18:00:00+06:00,2025-02-17T12:00:00Z,T1,42,2025-02-15T06:00:00Z,54,dayahead,0.0,0.1524,0.6664,False,mos-curve-v0
2025-02-15T18:00:00Z,2025-02-16T00:00:00+06:00,2025-02-17T19:00:00+06:00,2025-02-17T13:00:00Z,T1,43,2025-02-15T06:00:00Z,55,dayahead,0.0,0.0613,0.2897,False,mos-curve-v0
2025-02-15T18:00:00Z,2025-02-16T00:00:00+06:00,2025-02-17T20:00:00+06:00,2025-02-17T14:00:00Z,T1,44,2025-02-15T06:00:00Z,56,dayahead,0.0,0.0258,0.2542,False,mos-curve-v0
2025-02-15T18:00:00Z,2025-02-16T00:00:00+06:00,2025-02-17T21:00:00+06:00,2025-02-17T15:00:00Z,T1,45,2025-02-15T06:00:00Z,57,dayahead,0.0,0.0248,0.2532,False,mos-curve-v0
2025-02-15T18:00:00Z,2025-02-16T00:00:00+06:00,2025-02-17T22:00:00+06:00,2025-02-17T16:00:00Z,T1,46,2025-02-15T06:00:00Z,58,dayahead,0.0,0.0377,0.2661,False,mos-curve-v0
2025-02-15T18:00:00Z,2025-02-16T00:00:00+06:00,2025-02-17T23:00:00+06:00,2025-02-17T17:00:00Z,T1,47,2025-02-15T06:00:00Z,59,dayahead,0.0,0.0434,0.2718,False,mos-curve-v0
2025-02-15T18:00:00Z,2025-02-16T00:00:00+06:00,2025-02-16T00:00:00+06:00,2025-02-15T18:00:00Z,T2,0,2025-02-15T06:00:00Z,12,dayahead,0.2348,0.7325,1.0,False,mos-curve-v0
2025-02-15T18:00:00Z,2025-02-16T00:00:00+06:00,2025-02-16T01:00:00+06:00,2025-02-15T19:00:00Z,T2,1,2025-02-15T06:00:00Z,13,dayahead,0.1611,0.6588,0.9574,False,mos-curve-v0
2025-02-15T18:00:00Z,2025-02-16T00:00:00+06:00,2025-02-16T02:00:00+06:00,2025-02-15T20:00:00Z,T2,2,2025-02-15T06:00:00Z,14,dayahead,0.1516,0.6493,0.948,False,mos-curve-v0
2025-02-15T18:00:00Z,2025-02-16T00:00:00+06:00,2025-02-16T03:00:00+06:00,2025-02-15T21:00:00Z,T2,3,2025-02-15T06:00:00Z,15,dayahead,0.1225,0.6202,0.9188,False,mos-curve-v0
2025-02-15T18:00:00Z,2025-02-16T00:00:00+06:00,2025-02-16T04:00:00+06:00,2025-02-15T22:00:00Z,T2,4,2025-02-15T06:00:00Z,16,dayahead,0.0566,0.5543,0.8529,False,mos-curve-v0
2025-02-15T18:00:00Z,2025-02-16T00:00:00+06:00,2025-02-16T05:00:00+06:00,2025-02-15T23:00:00Z,T2,5,2025-02-15T06:00:00Z,17,dayahead,0.0817,0.3451,0.859,False,mos-curve-v0
2025-02-15T18:00:00Z,2025-02-16T00:00:00+06:00,2025-02-16T06:00:00+06:00,2025-02-16T00:00:00Z,T2,6,2025-02-15T06:00:00Z,18,dayahead,0.0338,0.116,0.3444,False,mos-curve-v0
2025-02-15T18:00:00Z,2025-02-16T00:00:00+06:00,2025-02-16T07:00:00+06:00,2025-02-16T01:00:00Z,T2,7,2025-02-15T06:00:00Z,19,dayahead,0.0,0.0355,0.2639,False,mos-curve-v0
2025-02-15T18:00:00Z,2025-02-16T00:00:00+06:00,2025-02-16T08:00:00+06:00,2025-02-16T02:00:00Z,T2,8,2025-02-15T06:00:00Z,20,dayahead,0.0,0.0176,0.246,False,mos-curve-v0
2025-02-15T18:00:00Z,2025-02-16T00:00:00+06:00,2025-02-16T09:00:00+06:00,2025-02-16T03:00:00Z,T2,9,2025-02-15T06:00:00Z,21,dayahead,0.0,0.031,0.2594,False,mos-curve-v0
2025-02-15T18:00:00Z,2025-02-16T00:00:00+06:00,2025-02-16T10:00:00+06:00,2025-02-16T04:00:00Z,T2,10,2025-02-15T06:00:00Z,22,dayahead,0.0,0.0128,0.2412,False,mos-curve-v0
2025-02-15T18:00:00Z,2025-02-16T00:00:00+06:00,2025-02-16T11:00:00+06:00,2025-02-16T05:00:00Z,T2,11,2025-02-15T06:00:00Z,23,dayahead,0.0,0.0449,0.2733,False,mos-curve-v0
2025-02-15T18:00:00Z,2025-02-16T00:00:00+06:00,2025-02-16T12:00:00+06:00,2025-02-16T06:00:00Z,T2,12,2025-02-15T06:00:00Z,24,dayahead,0.0164,0.0987,0.3271,False,mos-curve-v0
2025-02-15T18:00:00Z,2025-02-16T00:00:00+06:00,2025-02-16T13:00:00+06:00,2025-02-16T07:00:00Z,T2,13,2025-02-15T06:00:00Z,25,dayahead,0.0,0.1723,0.6863,False,mos-curve-v0
2025-02-15T18:00:00Z,2025-02-16T00:00:00+06:00,2025-02-16T14:00:00+06:00,2025-02-16T08:00:00Z,T2,14,2025-02-15T06:00:00Z,26,dayahead,0.0896,0.353,0.867,False,mos-curve-v0
2025-02-15T18:00:00Z,2025-02-16T00:00:00+06:00,2025-02-16T15:00:00+06:00,2025-02-16T09:00:00Z,T2,15,2025-02-15T06:00:00Z,27,dayahead,0.2231,0.4864,1.0,False,mos-curve-v0
2025-02-15T18:00:00Z,2025-02-16T00:00:00+06:00,2025-02-16T16:00:00+06:00,2025-02-16T10:00:00Z,T2,16,2025-02-15T06:00:00Z,28,dayahead,0.0786,0.3419,0.8559,False,mos-curve-v0
2025-02-15T18:00:00Z,2025-02-16T00:00:00+06:00,2025-02-16T17:00:00+06:00,2025-02-16T11:00:00Z,T2,17,2025-02-15T06:00:00Z,29,dayahead,0.077,0.3403,0.8543,False,mos-curve-v0
2025-02-15T18:00:00Z,2025-02-16T00:00:00+06:00,2025-02-16T18:00:00+06:00,2025-02-16T12:00:00Z,T2,18,2025-02-15T06:00:00Z,30,dayahead,0.1271,0.3905,0.9045,False,mos-curve-v0
2025-02-15T18:00:00Z,2025-02-16T00:00:00+06:00,2025-02-16T19:00:00+06:00,2025-02-16T13:00:00Z,T2,19,2025-02-15T06:00:00Z,31,dayahead,0.0739,0.3372,0.8512,False,mos-curve-v0
2025-02-15T18:00:00Z,2025-02-16T00:00:00+06:00,2025-02-16T20:00:00+06:00,2025-02-16T14:00:00Z,T2,20,2025-02-15T06:00:00Z,32,dayahead,0.0912,0.3546,0.8686,False,mos-curve-v0
2025-02-15T18:00:00Z,2025-02-16T00:00:00+06:00,2025-02-16T21:00:00+06:00,2025-02-16T15:00:00Z,T2,21,2025-02-15T06:00:00Z,33,dayahead,0.0419,0.3053,0.8192,False,mos-curve-v0
2025-02-15T18:00:00Z,2025-02-16T00:00:00+06:00,2025-02-16T22:00:00+06:00,2025-02-16T16:00:00Z,T2,22,2025-02-15T06:00:00Z,34,dayahead,0.0,0.2316,0.7456,False,mos-curve-v0
2025-02-15T18:00:00Z,2025-02-16T00:00:00+06:00,2025-02-16T23:00:00+06:00,2025-02-16T17:00:00Z,T2,23,2025-02-15T06:00:00Z,35,dayahead,0.0,0.1645,0.6785,False,mos-curve-v0
2025-02-15T18:00:00Z,2025-02-16T00:00:00+06:00,2025-02-17T00:00:00+06:00,2025-02-16T18:00:00Z,T2,24,2025-02-15T06:00:00Z,36,dayahead,0.0,0.1645,0.6785,False,mos-curve-v0
2025-02-15T18:00:00Z,2025-02-16T00:00:00+06:00,2025-02-17T01:00:00+06:00,2025-02-16T19:00:00Z,T2,25,2025-02-15T06:00:00Z,37,dayahead,0.0596,0.1419,0.3702,False,mos-curve-v0
2025-02-15T18:00:00Z,2025-02-16T00:00:00+06:00,2025-02-17T02:00:00+06:00,2025-02-16T20:00:00Z,T2,26,2025-02-15T06:00:00Z,38,dayahead,0.0505,0.1328,0.3611,False,mos-curve-v0
2025-02-15T18:00:00Z,2025-02-16T00:00:00+06:00,2025-02-17T03:00:00+06:00,2025-02-16T21:00:00Z,T2,27,2025-02-15T06:00:00Z,39,dayahead,0.0,0.052,0.2804,False,mos-curve-v0
2025-02-15T18:00:00Z,2025-02-16T00:00:00+06:00,2025-02-17T04:00:00+06:00,2025-02-16T22:00:00Z,T2,28,2025-02-15T06:00:00Z,40,dayahead,0.0,0.0238,0.2522,False,mos-curve-v0
2025-02-15T18:00:00Z,2025-02-16T00:00:00+06:00,2025-02-17T05:00:00+06:00,2025-02-16T23:00:00Z,T2,29,2025-02-15T06:00:00Z,41,dayahead,0.0,0.0358,0.2642,False,mos-curve-v0
2025-02-15T18:00:00Z,2025-02-16T00:00:00+06:00,2025-02-17T06:00:00+06:00,2025-02-17T00:00:00Z,T2,30,2025-02-15T06:00:00Z,42,dayahead,0.0,0.0185,0.2469,False,mos-curve-v0
2025-02-15T18:00:00Z,2025-02-16T00:00:00+06:00,2025-02-17T07:00:00+06:00,2025-02-17T01:00:00Z,T2,31,2025-02-15T06:00:00Z,43,dayahead,0.0,0.0158,0.2442,False,mos-curve-v0
2025-02-15T18:00:00Z,2025-02-16T00:00:00+06:00,2025-02-17T08:00:00+06:00,2025-02-17T02:00:00Z,T2,32,2025-02-15T06:00:00Z,44,dayahead,0.0,0.026,0.2544,False,mos-curve-v0
2025-02-15T18:00:00Z,2025-02-16T00:00:00+06:00,2025-02-17T09:00:00+06:00,2025-02-17T03:00:00Z,T2,33,2025-02-15T06:00:00Z,45,dayahead,0.0,0.0426,0.271,False,mos-curve-v0
2025-02-15T18:00:00Z,2025-02-16T00:00:00+06:00,2025-02-17T10:00:00+06:00,2025-02-17T04:00:00Z,T2,34,2025-02-15T06:00:00Z,46,dayahead,0.0,0.0434,0.2718,False,mos-curve-v0
2025-02-15T18:00:00Z,2025-02-16T00:00:00+06:00,2025-02-17T11:00:00+06:00,2025-02-17T05:00:00Z,T2,35,2025-02-15T06:00:00Z,47,dayahead,0.0,0.0452,0.2736,False,mos-curve-v0
2025-02-15T18:00:00Z,2025-02-16T00:00:00+06:00,2025-02-17T12:00:00+06:00,2025-02-17T06:00:00Z,T2,36,2025-02-15T06:00:00Z,48,dayahead,0.0,0.0552,0.2836,False,mos-curve-v0
2025-02-15T18:00:00Z,2025-02-16T00:00:00+06:00,2025-02-17T13:00:00+06:00,2025-02-17T07:00:00Z,T2,37,2025-02-15T06:00:00Z,49,dayahead,0.0,0.0477,0.2761,False,mos-curve-v0
2025-02-15T18:00:00Z,2025-02-16T00:00:00+06:00,2025-02-17T14:00:00+06:00,2025-02-17T08:00:00Z,T2,38,2025-02-15T06:00:00Z,50,dayahead,0.0,0.0334,0.2618,False,mos-curve-v0
2025-02-15T18:00:00Z,2025-02-16T00:00:00+06:00,2025-02-17T15:00:00+06:00,2025-02-17T09:00:00Z,T2,39,2025-02-15T06:00:00Z,51,dayahead,0.0,0.0197,0.2481,False,mos-curve-v0
2025-02-15T18:00:00Z,2025-02-16T00:00:00+06:00,2025-02-17T16:00:00+06:00,2025-02-17T10:00:00Z,T2,40,2025-02-15T06:00:00Z,52,dayahead,0.0,0.0169,0.2453,False,mos-curve-v0
2025-02-15T18:00:00Z,2025-02-16T00:00:00+06:00,2025-02-17T17:00:00+06:00,2025-02-17T11:00:00Z,T2,41,2025-02-15T06:00:00Z,53,dayahead,0.0,0.05,0.2784,False,mos-curve-v0
2025-02-15T18:00:00Z,2025-02-16T00:00:00+06:00,2025-02-17T18:00:00+06:00,2025-02-17T12:00:00Z,T2,42,2025-02-15T06:00:00Z,54,dayahead,0.0,0.1524,0.6664,False,mos-curve-v0
2025-02-15T18:00:00Z,2025-02-16T00:00:00+06:00,2025-02-17T19:00:00+06:00,2025-02-17T13:00:00Z,T2,43,2025-02-15T06:00:00Z,55,dayahead,0.0,0.0613,0.2897,False,mos-curve-v0
2025-02-15T18:00:00Z,2025-02-16T00:00:00+06:00,2025-02-17T20:00:00+06:00,2025-02-17T14:00:00Z,T2,44,2025-02-15T06:00:00Z,56,dayahead,0.0,0.0258,0.2542,False,mos-curve-v0
2025-02-15T18:00:00Z,2025-02-16T00:00:00+06:00,2025-02-17T21:00:00+06:00,2025-02-17T15:00:00Z,T2,45,2025-02-15T06:00:00Z,57,dayahead,0.0,0.0248,0.2532,False,mos-curve-v0
2025-02-15T18:00:00Z,2025-02-16T00:00:00+06:00,2025-02-17T22:00:00+06:00,2025-02-17T16:00:00Z,T2,46,2025-02-15T06:00:00Z,58,dayahead,0.0,0.0377,0.2661,False,mos-curve-v0
2025-02-15T18:00:00Z,2025-02-16T00:00:00+06:00,2025-02-17T23:00:00+06:00,2025-02-17T17:00:00Z,T2,47,2025-02-15T06:00:00Z,59,dayahead,0.0,0.0434,0.2718,False,mos-curve-v0
2025-02-16T18:00:00Z,2025-02-17T00:00:00+06:00,2025-02-17T00:00:00+06:00,2025-02-16T18:00:00Z,T1,0,2025-02-16T06:00:00Z,12,dayahead,0.0,0.1703,0.6843,False,mos-curve-v0
2025-02-16T18:00:00Z,2025-02-17T00:00:00+06:00,2025-02-17T01:00:00+06:00,2025-02-16T19:00:00Z,T1,1,2025-02-16T06:00:00Z,13,dayahead,0.0014,0.0837,0.3121,False,mos-curve-v0
2025-02-16T18:00:00Z,2025-02-17T00:00:00+06:00,2025-02-17T02:00:00+06:00,2025-02-16T20:00:00Z,T1,2,2025-02-16T06:00:00Z,14,dayahead,0.0,0.0736,0.302,False,mos-curve-v0
2025-02-16T18:00:00Z,2025-02-17T00:00:00+06:00,2025-02-17T03:00:00+06:00,2025-02-16T21:00:00Z,T1,3,2025-02-16T06:00:00Z,15,dayahead,0.0,0.0325,0.2609,False,mos-curve-v0
2025-02-16T18:00:00Z,2025-02-17T00:00:00+06:00,2025-02-17T04:00:00+06:00,2025-02-16T22:00:00Z,T1,4,2025-02-16T06:00:00Z,16,dayahead,0.0,0.0171,0.2455,False,mos-curve-v0
2025-02-16T18:00:00Z,2025-02-17T00:00:00+06:00,2025-02-17T05:00:00+06:00,2025-02-16T23:00:00Z,T1,5,2025-02-16T06:00:00Z,17,dayahead,0.0,0.0233,0.2517,False,mos-curve-v0
2025-02-16T18:00:00Z,2025-02-17T00:00:00+06:00,2025-02-17T06:00:00+06:00,2025-02-17T00:00:00Z,T1,6,2025-02-16T06:00:00Z,18,dayahead,0.0,0.0132,0.2416,False,mos-curve-v0
2025-02-16T18:00:00Z,2025-02-17T00:00:00+06:00,2025-02-17T07:00:00+06:00,2025-02-17T01:00:00Z,T1,7,2025-02-16T06:00:00Z,19,dayahead,0.0,0.0315,0.2599,False,mos-curve-v0
2025-02-16T18:00:00Z,2025-02-17T00:00:00+06:00,2025-02-17T08:00:00+06:00,2025-02-17T02:00:00Z,T1,8,2025-02-16T06:00:00Z,20,dayahead,0.0,0.036,0.2644,False,mos-curve-v0
2025-02-16T18:00:00Z,2025-02-17T00:00:00+06:00,2025-02-17T09:00:00+06:00,2025-02-17T03:00:00Z,T1,9,2025-02-16T06:00:00Z,21,dayahead,0.0,0.0574,0.2858,False,mos-curve-v0
2025-02-16T18:00:00Z,2025-02-17T00:00:00+06:00,2025-02-17T10:00:00+06:00,2025-02-17T04:00:00Z,T1,10,2025-02-16T06:00:00Z,22,dayahead,0.0,0.0321,0.2605,False,mos-curve-v0
2025-02-16T18:00:00Z,2025-02-17T00:00:00+06:00,2025-02-17T11:00:00+06:00,2025-02-17T05:00:00Z,T1,11,2025-02-16T06:00:00Z,23,dayahead,0.0,0.0449,0.2733,False,mos-curve-v0
2025-02-16T18:00:00Z,2025-02-17T00:00:00+06:00,2025-02-17T12:00:00+06:00,2025-02-17T06:00:00Z,T1,12,2025-02-16T06:00:00Z,24,dayahead,0.0,0.0474,0.2758,False,mos-curve-v0
2025-02-16T18:00:00Z,2025-02-17T00:00:00+06:00,2025-02-17T13:00:00+06:00,2025-02-17T07:00:00Z,T1,13,2025-02-16T06:00:00Z,25,dayahead,0.0,0.0292,0.2576,False,mos-curve-v0
2025-02-16T18:00:00Z,2025-02-17T00:00:00+06:00,2025-02-17T14:00:00+06:00,2025-02-17T08:00:00Z,T1,14,2025-02-16T06:00:00Z,26,dayahead,0.0,0.0184,0.2468,False,mos-curve-v0
2025-02-16T18:00:00Z,2025-02-17T00:00:00+06:00,2025-02-17T15:00:00+06:00,2025-02-17T09:00:00Z,T1,15,2025-02-16T06:00:00Z,27,dayahead,0.0,0.0187,0.2471,False,mos-curve-v0
2025-02-16T18:00:00Z,2025-02-17T00:00:00+06:00,2025-02-17T16:00:00+06:00,2025-02-17T10:00:00Z,T1,16,2025-02-16T06:00:00Z,28,dayahead,0.0,0.0377,0.2661,False,mos-curve-v0
2025-02-16T18:00:00Z,2025-02-17T00:00:00+06:00,2025-02-17T17:00:00+06:00,2025-02-17T11:00:00Z,T1,17,2025-02-16T06:00:00Z,29,dayahead,0.0063,0.0886,0.317,False,mos-curve-v0
2025-02-16T18:00:00Z,2025-02-17T00:00:00+06:00,2025-02-17T18:00:00+06:00,2025-02-17T12:00:00Z,T1,18,2025-02-16T06:00:00Z,30,dayahead,0.0604,0.1427,0.3711,False,mos-curve-v0
2025-02-16T18:00:00Z,2025-02-17T00:00:00+06:00,2025-02-17T19:00:00+06:00,2025-02-17T13:00:00Z,T1,19,2025-02-16T06:00:00Z,31,dayahead,0.011,0.0932,0.3216,False,mos-curve-v0
2025-02-16T18:00:00Z,2025-02-17T00:00:00+06:00,2025-02-17T20:00:00+06:00,2025-02-17T14:00:00Z,T1,20,2025-02-16T06:00:00Z,32,dayahead,0.0,0.0589,0.2873,False,mos-curve-v0
2025-02-16T18:00:00Z,2025-02-17T00:00:00+06:00,2025-02-17T21:00:00+06:00,2025-02-17T15:00:00Z,T1,21,2025-02-16T06:00:00Z,33,dayahead,0.0,0.0353,0.2637,False,mos-curve-v0
2025-02-16T18:00:00Z,2025-02-17T00:00:00+06:00,2025-02-17T22:00:00+06:00,2025-02-17T16:00:00Z,T1,22,2025-02-16T06:00:00Z,34,dayahead,0.0,0.0208,0.2492,False,mos-curve-v0
2025-02-16T18:00:00Z,2025-02-17T00:00:00+06:00,2025-02-17T23:00:00+06:00,2025-02-17T17:00:00Z,T1,23,2025-02-16T06:00:00Z,35,dayahead,0.0,0.0205,0.2489,False,mos-curve-v0
2025-02-16T18:00:00Z,2025-02-17T00:00:00+06:00,2025-02-18T00:00:00+06:00,2025-02-17T18:00:00Z,T1,24,2025-02-16T06:00:00Z,36,dayahead,0.0,0.0323,0.2607,False,mos-curve-v0
2025-02-16T18:00:00Z,2025-02-17T00:00:00+06:00,2025-02-18T01:00:00+06:00,2025-02-17T19:00:00Z,T1,25,2025-02-16T06:00:00Z,37,dayahead,0.0,0.0298,0.2582,False,mos-curve-v0
2025-02-16T18:00:00Z,2025-02-17T00:00:00+06:00,2025-02-18T02:00:00+06:00,2025-02-17T20:00:00Z,T1,26,2025-02-16T06:00:00Z,38,dayahead,0.0,0.0406,0.269,False,mos-curve-v0
2025-02-16T18:00:00Z,2025-02-17T00:00:00+06:00,2025-02-18T03:00:00+06:00,2025-02-17T21:00:00Z,T1,27,2025-02-16T06:00:00Z,39,dayahead,0.0,0.0667,0.2951,False,mos-curve-v0
2025-02-16T18:00:00Z,2025-02-17T00:00:00+06:00,2025-02-18T04:00:00+06:00,2025-02-17T22:00:00Z,T1,28,2025-02-16T06:00:00Z,40,dayahead,0.0,0.079,0.3074,False,mos-curve-v0
2025-02-16T18:00:00Z,2025-02-17T00:00:00+06:00,2025-02-18T05:00:00+06:00,2025-02-17T23:00:00Z,T1,29,2025-02-16T06:00:00Z,41,dayahead,0.011,0.0932,0.3216,False,mos-curve-v0
2025-02-16T18:00:00Z,2025-02-17T00:00:00+06:00,2025-02-18T06:00:00+06:00,2025-02-18T00:00:00Z,T1,30,2025-02-16T06:00:00Z,42,dayahead,0.0345,0.1168,0.3452,False,mos-curve-v0
2025-02-16T18:00:00Z,2025-02-17T00:00:00+06:00,2025-02-18T07:00:00+06:00,2025-02-18T01:00:00Z,T1,31,2025-02-16T06:00:00Z,43,dayahead,0.0604,0.1427,0.3711,False,mos-curve-v0
2025-02-16T18:00:00Z,2025-02-17T00:00:00+06:00,2025-02-18T08:00:00+06:00,2025-02-18T02:00:00Z,T1,32,2025-02-16T06:00:00Z,44,dayahead,0.0,0.223,0.737,False,mos-curve-v0
2025-02-16T18:00:00Z,2025-02-17T00:00:00+06:00,2025-02-18T09:00:00+06:00,2025-02-18T03:00:00Z,T1,33,2025-02-16T06:00:00Z,45,dayahead,0.0977,0.361,0.875,False,mos-curve-v0
2025-02-16T18:00:00Z,2025-02-17T00:00:00+06:00,2025-02-18T10:00:00+06:00,2025-02-18T04:00:00Z,T1,34,2025-02-16T06:00:00Z,46,dayahead,0.0,0.2534,0.7674,False,mos-curve-v0
2025-02-16T18:00:00Z,2025-02-17T00:00:00+06:00,2025-02-18T11:00:00+06:00,2025-02-18T05:00:00Z,T1,35,2025-02-16T06:00:00Z,47,dayahead,0.0772,0.5749,0.8735,False,mos-curve-v0
2025-02-16T18:00:00Z,2025-02-17T00:00:00+06:00,2025-02-18T12:00:00+06:00,2025-02-18T06:00:00Z,T1,36,2025-02-16T06:00:00Z,48,dayahead,0.1977,0.6954,0.9941,False,mos-curve-v0
2025-02-16T18:00:00Z,2025-02-17T00:00:00+06:00,2025-02-18T13:00:00+06:00,2025-02-18T07:00:00Z,T1,37,2025-02-16T06:00:00Z,49,dayahead,0.2123,0.71,1.0,False,mos-curve-v0
2025-02-16T18:00:00Z,2025-02-17T00:00:00+06:00,2025-02-18T14:00:00+06:00,2025-02-18T08:00:00Z,T1,38,2025-02-16T06:00:00Z,50,dayahead,0.172,0.6697,0.9683,False,mos-curve-v0
2025-02-16T18:00:00Z,2025-02-17T00:00:00+06:00,2025-02-18T15:00:00+06:00,2025-02-18T09:00:00Z,T1,39,2025-02-16T06:00:00Z,51,dayahead,0.1192,0.6169,0.9155,False,mos-curve-v0
2025-02-16T18:00:00Z,2025-02-17T00:00:00+06:00,2025-02-18T16:00:00+06:00,2025-02-18T10:00:00Z,T1,40,2025-02-16T06:00:00Z,52,dayahead,0.0583,0.556,0.8547,False,mos-curve-v0
2025-02-16T18:00:00Z,2025-02-17T00:00:00+06:00,2025-02-18T17:00:00+06:00,2025-02-18T11:00:00Z,T1,41,2025-02-16T06:00:00Z,53,dayahead,0.0323,0.53,0.8287,False,mos-curve-v0
2025-02-16T18:00:00Z,2025-02-17T00:00:00+06:00,2025-02-18T18:00:00+06:00,2025-02-18T12:00:00Z,T1,42,2025-02-16T06:00:00Z,54,dayahead,0.1076,0.6053,0.9039,False,mos-curve-v0
2025-02-16T18:00:00Z,2025-02-17T00:00:00+06:00,2025-02-18T19:00:00+06:00,2025-02-18T13:00:00Z,T1,43,2025-02-16T06:00:00Z,55,dayahead,0.1677,0.431,0.945,False,mos-curve-v0
2025-02-16T18:00:00Z,2025-02-17T00:00:00+06:00,2025-02-18T20:00:00+06:00,2025-02-18T14:00:00Z,T1,44,2025-02-16T06:00:00Z,56,dayahead,0.0524,0.3157,0.8297,False,mos-curve-v0
2025-02-16T18:00:00Z,2025-02-17T00:00:00+06:00,2025-02-18T21:00:00+06:00,2025-02-18T15:00:00Z,T1,45,2025-02-16T06:00:00Z,57,dayahead,0.0131,0.2765,0.7905,False,mos-curve-v0
2025-02-16T18:00:00Z,2025-02-17T00:00:00+06:00,2025-02-18T22:00:00+06:00,2025-02-18T16:00:00Z,T1,46,2025-02-16T06:00:00Z,58,dayahead,0.0494,0.3127,0.8267,False,mos-curve-v0
2025-02-16T18:00:00Z,2025-02-17T00:00:00+06:00,2025-02-18T23:00:00+06:00,2025-02-18T17:00:00Z,T1,47,2025-02-16T06:00:00Z,59,dayahead,0.0404,0.3038,0.8178,False,mos-curve-v0
2025-02-16T18:00:00Z,2025-02-17T00:00:00+06:00,2025-02-17T00:00:00+06:00,2025-02-16T18:00:00Z,T2,0,2025-02-16T06:00:00Z,12,dayahead,0.0,0.1703,0.6843,False,mos-curve-v0
2025-02-16T18:00:00Z,2025-02-17T00:00:00+06:00,2025-02-17T01:00:00+06:00,2025-02-16T19:00:00Z,T2,1,2025-02-16T06:00:00Z,13,dayahead,0.0014,0.0837,0.3121,False,mos-curve-v0
2025-02-16T18:00:00Z,2025-02-17T00:00:00+06:00,2025-02-17T02:00:00+06:00,2025-02-16T20:00:00Z,T2,2,2025-02-16T06:00:00Z,14,dayahead,0.0,0.0736,0.302,False,mos-curve-v0
2025-02-16T18:00:00Z,2025-02-17T00:00:00+06:00,2025-02-17T03:00:00+06:00,2025-02-16T21:00:00Z,T2,3,2025-02-16T06:00:00Z,15,dayahead,0.0,0.0325,0.2609,False,mos-curve-v0
2025-02-16T18:00:00Z,2025-02-17T00:00:00+06:00,2025-02-17T04:00:00+06:00,2025-02-16T22:00:00Z,T2,4,2025-02-16T06:00:00Z,16,dayahead,0.0,0.0171,0.2455,False,mos-curve-v0
2025-02-16T18:00:00Z,2025-02-17T00:00:00+06:00,2025-02-17T05:00:00+06:00,2025-02-16T23:00:00Z,T2,5,2025-02-16T06:00:00Z,17,dayahead,0.0,0.0233,0.2517,False,mos-curve-v0
2025-02-16T18:00:00Z,2025-02-17T00:00:00+06:00,2025-02-17T06:00:00+06:00,2025-02-17T00:00:00Z,T2,6,2025-02-16T06:00:00Z,18,dayahead,0.0,0.0132,0.2416,False,mos-curve-v0
2025-02-16T18:00:00Z,2025-02-17T00:00:00+06:00,2025-02-17T07:00:00+06:00,2025-02-17T01:00:00Z,T2,7,2025-02-16T06:00:00Z,19,dayahead,0.0,0.0315,0.2599,False,mos-curve-v0
2025-02-16T18:00:00Z,2025-02-17T00:00:00+06:00,2025-02-17T08:00:00+06:00,2025-02-17T02:00:00Z,T2,8,2025-02-16T06:00:00Z,20,dayahead,0.0,0.036,0.2644,False,mos-curve-v0
2025-02-16T18:00:00Z,2025-02-17T00:00:00+06:00,2025-02-17T09:00:00+06:00,2025-02-17T03:00:00Z,T2,9,2025-02-16T06:00:00Z,21,dayahead,0.0,0.0574,0.2858,False,mos-curve-v0
2025-02-16T18:00:00Z,2025-02-17T00:00:00+06:00,2025-02-17T10:00:00+06:00,2025-02-17T04:00:00Z,T2,10,2025-02-16T06:00:00Z,22,dayahead,0.0,0.0321,0.2605,False,mos-curve-v0
2025-02-16T18:00:00Z,2025-02-17T00:00:00+06:00,2025-02-17T11:00:00+06:00,2025-02-17T05:00:00Z,T2,11,2025-02-16T06:00:00Z,23,dayahead,0.0,0.0449,0.2733,False,mos-curve-v0
2025-02-16T18:00:00Z,2025-02-17T00:00:00+06:00,2025-02-17T12:00:00+06:00,2025-02-17T06:00:00Z,T2,12,2025-02-16T06:00:00Z,24,dayahead,0.0,0.0474,0.2758,False,mos-curve-v0
2025-02-16T18:00:00Z,2025-02-17T00:00:00+06:00,2025-02-17T13:00:00+06:00,2025-02-17T07:00:00Z,T2,13,2025-02-16T06:00:00Z,25,dayahead,0.0,0.0292,0.2576,False,mos-curve-v0
2025-02-16T18:00:00Z,2025-02-17T00:00:00+06:00,2025-02-17T14:00:00+06:00,2025-02-17T08:00:00Z,T2,14,2025-02-16T06:00:00Z,26,dayahead,0.0,0.0184,0.2468,False,mos-curve-v0
2025-02-16T18:00:00Z,2025-02-17T00:00:00+06:00,2025-02-17T15:00:00+06:00,2025-02-17T09:00:00Z,T2,15,2025-02-16T06:00:00Z,27,dayahead,0.0,0.0187,0.2471,False,mos-curve-v0
2025-02-16T18:00:00Z,2025-02-17T00:00:00+06:00,2025-02-17T16:00:00+06:00,2025-02-17T10:00:00Z,T2,16,2025-02-16T06:00:00Z,28,dayahead,0.0,0.0377,0.2661,False,mos-curve-v0
2025-02-16T18:00:00Z,2025-02-17T00:00:00+06:00,2025-02-17T17:00:00+06:00,2025-02-17T11:00:00Z,T2,17,2025-02-16T06:00:00Z,29,dayahead,0.0063,0.0886,0.317,False,mos-curve-v0
2025-02-16T18:00:00Z,2025-02-17T00:00:00+06:00,2025-02-17T18:00:00+06:00,2025-02-17T12:00:00Z,T2,18,2025-02-16T06:00:00Z,30,dayahead,0.0604,0.1427,0.3711,False,mos-curve-v0
2025-02-16T18:00:00Z,2025-02-17T00:00:00+06:00,2025-02-17T19:00:00+06:00,2025-02-17T13:00:00Z,T2,19,2025-02-16T06:00:00Z,31,dayahead,0.011,0.0932,0.3216,False,mos-curve-v0
2025-02-16T18:00:00Z,2025-02-17T00:00:00+06:00,2025-02-17T20:00:00+06:00,2025-02-17T14:00:00Z,T2,20,2025-02-16T06:00:00Z,32,dayahead,0.0,0.0589,0.2873,False,mos-curve-v0
2025-02-16T18:00:00Z,2025-02-17T00:00:00+06:00,2025-02-17T21:00:00+06:00,2025-02-17T15:00:00Z,T2,21,2025-02-16T06:00:00Z,33,dayahead,0.0,0.0353,0.2637,False,mos-curve-v0
2025-02-16T18:00:00Z,2025-02-17T00:00:00+06:00,2025-02-17T22:00:00+06:00,2025-02-17T16:00:00Z,T2,22,2025-02-16T06:00:00Z,34,dayahead,0.0,0.0208,0.2492,False,mos-curve-v0
2025-02-16T18:00:00Z,2025-02-17T00:00:00+06:00,2025-02-17T23:00:00+06:00,2025-02-17T17:00:00Z,T2,23,2025-02-16T06:00:00Z,35,dayahead,0.0,0.0205,0.2489,False,mos-curve-v0
2025-02-16T18:00:00Z,2025-02-17T00:00:00+06:00,2025-02-18T00:00:00+06:00,2025-02-17T18:00:00Z,T2,24,2025-02-16T06:00:00Z,36,dayahead,0.0,0.0323,0.2607,False,mos-curve-v0
2025-02-16T18:00:00Z,2025-02-17T00:00:00+06:00,2025-02-18T01:00:00+06:00,2025-02-17T19:00:00Z,T2,25,2025-02-16T06:00:00Z,37,dayahead,0.0,0.0298,0.2582,False,mos-curve-v0
2025-02-16T18:00:00Z,2025-02-17T00:00:00+06:00,2025-02-18T02:00:00+06:00,2025-02-17T20:00:00Z,T2,26,2025-02-16T06:00:00Z,38,dayahead,0.0,0.0406,0.269,False,mos-curve-v0
2025-02-16T18:00:00Z,2025-02-17T00:00:00+06:00,2025-02-18T03:00:00+06:00,2025-02-17T21:00:00Z,T2,27,2025-02-16T06:00:00Z,39,dayahead,0.0,0.0667,0.2951,False,mos-curve-v0
2025-02-16T18:00:00Z,2025-02-17T00:00:00+06:00,2025-02-18T04:00:00+06:00,2025-02-17T22:00:00Z,T2,28,2025-02-16T06:00:00Z,40,dayahead,0.0,0.079,0.3074,False,mos-curve-v0
2025-02-16T18:00:00Z,2025-02-17T00:00:00+06:00,2025-02-18T05:00:00+06:00,2025-02-17T23:00:00Z,T2,29,2025-02-16T06:00:00Z,41,dayahead,0.011,0.0932,0.3216,False,mos-curve-v0
2025-02-16T18:00:00Z,2025-02-17T00:00:00+06:00,2025-02-18T06:00:00+06:00,2025-02-18T00:00:00Z,T2,30,2025-02-16T06:00:00Z,42,dayahead,0.0345,0.1168,0.3452,False,mos-curve-v0
2025-02-16T18:00:00Z,2025-02-17T00:00:00+06:00,2025-02-18T07:00:00+06:00,2025-02-18T01:00:00Z,T2,31,2025-02-16T06:00:00Z,43,dayahead,0.0604,0.1427,0.3711,False,mos-curve-v0
2025-02-16T18:00:00Z,2025-02-17T00:00:00+06:00,2025-02-18T08:00:00+06:00,2025-02-18T02:00:00Z,T2,32,2025-02-16T06:00:00Z,44,dayahead,0.0,0.223,0.737,False,mos-curve-v0
2025-02-16T18:00:00Z,2025-02-17T00:00:00+06:00,2025-02-18T09:00:00+06:00,2025-02-18T03:00:00Z,T2,33,2025-02-16T06:00:00Z,45,dayahead,0.0977,0.361,0.875,False,mos-curve-v0
2025-02-16T18:00:00Z,2025-02-17T00:00:00+06:00,2025-02-18T10:00:00+06:00,2025-02-18T04:00:00Z,T2,34,2025-02-16T06:00:00Z,46,dayahead,0.0,0.2534,0.7674,False,mos-curve-v0
2025-02-16T18:00:00Z,2025-02-17T00:00:00+06:00,2025-02-18T11:00:00+06:00,2025-02-18T05:00:00Z,T2,35,2025-02-16T06:00:00Z,47,dayahead,0.0772,0.5749,0.8735,False,mos-curve-v0
2025-02-16T18:00:00Z,2025-02-17T00:00:00+06:00,2025-02-18T12:00:00+06:00,2025-02-18T06:00:00Z,T2,36,2025-02-16T06:00:00Z,48,dayahead,0.1977,0.6954,0.9941,False,mos-curve-v0
2025-02-16T18:00:00Z,2025-02-17T00:00:00+06:00,2025-02-18T13:00:00+06:00,2025-02-18T07:00:00Z,T2,37,2025-02-16T06:00:00Z,49,dayahead,0.2123,0.71,1.0,False,mos-curve-v0
2025-02-16T18:00:00Z,2025-02-17T00:00:00+06:00,2025-02-18T14:00:00+06:00,2025-02-18T08:00:00Z,T2,38,2025-02-16T06:00:00Z,50,dayahead,0.172,0.6697,0.9683,False,mos-curve-v0
2025-02-16T18:00:00Z,2025-02-17T00:00:00+06:00,2025-02-18T15:00:00+06:00,2025-02-18T09:00:00Z,T2,39,2025-02-16T06:00:00Z,51,dayahead,0.1192,0.6169,0.9155,False,mos-curve-v0
2025-02-16T18:00:00Z,2025-02-17T00:00:00+06:00,2025-02-18T16:00:00+06:00,2025-02-18T10:00:00Z,T2,40,2025-02-16T06:00:00Z,52,dayahead,0.0583,0.556,0.8547,False,mos-curve-v0
2025-02-16T18:00:00Z,2025-02-17T00:00:00+06:00,2025-02-18T17:00:00+06:00,2025-02-18T11:00:00Z,T2,41,2025-02-16T06:00:00Z,53,dayahead,0.0323,0.53,0.8287,False,mos-curve-v0
2025-02-16T18:00:00Z,2025-02-17T00:00:00+06:00,2025-02-18T18:00:00+06:00,2025-02-18T12:00:00Z,T2,42,2025-02-16T06:00:00Z,54,dayahead,0.1076,0.6053,0.9039,False,mos-curve-v0
2025-02-16T18:00:00Z,2025-02-17T00:00:00+06:00,2025-02-18T19:00:00+06:00,2025-02-18T13:00:00Z,T2,43,2025-02-16T06:00:00Z,55,dayahead,0.1677,0.431,0.945,False,mos-curve-v0
2025-02-16T18:00:00Z,2025-02-17T00:00:00+06:00,2025-02-18T20:00:00+06:00,2025-02-18T14:00:00Z,T2,44,2025-02-16T06:00:00Z,56,dayahead,0.0524,0.3157,0.8297,False,mos-curve-v0
2025-02-16T18:00:00Z,2025-02-17T00:00:00+06:00,2025-02-18T21:00:00+06:00,2025-02-18T15:00:00Z,T2,45,2025-02-16T06:00:00Z,57,dayahead,0.0131,0.2765,0.7905,False,mos-curve-v0
2025-02-16T18:00:00Z,2025-02-17T00:00:00+06:00,2025-02-18T22:00:00+06:00,2025-02-18T16:00:00Z,T2,46,2025-02-16T06:00:00Z,58,dayahead,0.0494,0.3127,0.8267,False,mos-curve-v0
2025-02-16T18:00:00Z,2025-02-17T00:00:00+06:00,2025-02-18T23:00:00+06:00,2025-02-18T17:00:00Z,T2,47,2025-02-16T06:00:00Z,59,dayahead,0.0404,0.3038,0.8178,False,mos-curve-v0
2025-02-17T18:00:00Z,2025-02-18T00:00:00+06:00,2025-02-18T00:00:00+06:00,2025-02-17T18:00:00Z,T1,0,2025-02-17T06:00:00Z,12,dayahead,0.0,0.0294,0.2578,False,mos-curve-v0
2025-02-17T18:00:00Z,2025-02-18T00:00:00+06:00,2025-02-18T01:00:00+06:00,2025-02-17T19:00:00Z,T1,1,2025-02-17T06:00:00Z,13,dayahead,0.0,0.0255,0.2539,False,mos-curve-v0
2025-02-17T18:00:00Z,2025-02-18T00:00:00+06:00,2025-02-18T02:00:00+06:00,2025-02-17T20:00:00Z,T1,2,2025-02-17T06:00:00Z,14,dayahead,0.0,0.0306,0.259,False,mos-curve-v0
2025-02-17T18:00:00Z,2025-02-18T00:00:00+06:00,2025-02-18T03:00:00+06:00,2025-02-17T21:00:00Z,T1,3,2025-02-17T06:00:00Z,15,dayahead,0.0,0.0434,0.2718,False,mos-curve-v0
2025-02-17T18:00:00Z,2025-02-18T00:00:00+06:00,2025-02-18T04:00:00+06:00,2025-02-17T22:00:00Z,T1,4,2025-02-17T06:00:00Z,16,dayahead,0.0,0.051,0.2794,False,mos-curve-v0
2025-02-17T18:00:00Z,2025-02-18T00:00:00+06:00,2025-02-18T05:00:00+06:00,2025-02-17T23:00:00Z,T1,5,2025-02-17T06:00:00Z,17,dayahead,0.0,0.0712,0.2996,False,mos-curve-v0
2025-02-17T18:00:00Z,2025-02-18T00:00:00+06:00,2025-02-18T06:00:00+06:00,2025-02-18T00:00:00Z,T1,6,2025-02-17T06:00:00Z,18,dayahead,0.0063,0.0886,0.317,False,mos-curve-v0
2025-02-17T18:00:00Z,2025-02-18T00:00:00+06:00,2025-02-18T07:00:00+06:00,2025-02-18T01:00:00Z,T1,7,2025-02-17T06:00:00Z,19,dayahead,0.0164,0.0987,0.3271,False,mos-curve-v0
2025-02-17T18:00:00Z,2025-02-18T00:00:00+06:00,2025-02-18T08:00:00+06:00,2025-02-18T02:00:00Z,T1,8,2025-02-17T06:00:00Z,20,dayahead,0.0338,0.116,0.3444,False,mos-curve-v0
2025-02-17T18:00:00Z,2025-02-18T00:00:00+06:00,2025-02-18T09:00:00+06:00,2025-02-18T03:00:00Z,T1,9,2025-02-17T06:00:00Z,21,dayahead,0.0,0.1569,0.6709,False,mos-curve-v0
2025-02-17T18:00:00Z,2025-02-18T00:00:00+06:00,2025-02-18T10:00:00+06:00,2025-02-18T04:00:00Z,T1,10,2025-02-17T06:00:00Z,22,dayahead,0.0648,0.147,0.3754,False,mos-curve-v0
2025-02-17T18:00:00Z,2025-02-18T00:00:00+06:00,2025-02-18T11:00:00+06:00,2025-02-18T05:00:00Z,T1,11,2025-02-17T06:00:00Z,23,dayahead,0.1866,0.4499,0.9639,False,mos-curve-v0
2025-02-17T18:00:00Z,2025-02-18T00:00:00+06:00,2025-02-18T12:00:00+06:00,2025-02-18T06:00:00Z,T1,12,2025-02-17T06:00:00Z,24,dayahead,0.2237,0.7214,1.0,False,mos-curve-v0
2025-02-17T18:00:00Z,2025-02-18T00:00:00+06:00,2025-02-18T13:00:00+06:00,2025-02-18T07:00:00Z,T1,13,2025-02-17T06:00:00Z,25,dayahead,0.2375,0.7352,1.0,False,mos-curve-v0
2025-02-17T18:00:00Z,2025-02-18T00:00:00+06:00,2025-02-18T14:00:00+06:00,2025-02-18T08:00:00Z,T1,14,2025-02-17T06:00:00Z,26,dayahead,0.1564,0.6541,0.9527,False,mos-curve-v0
2025-02-17T18:00:00Z,2025-02-18T00:00:00+06:00,2025-02-18T15:00:00+06:00,2025-02-18T09:00:00Z,T1,15,2025-02-17T06:00:00Z,27,dayahead,0.0669,0.5646,0.8633,False,mos-curve-v0
2025-02-17T18:00:00Z,2025-02-18T00:00:00+06:00,2025-02-18T16:00:00+06:00,2025-02-18T10:00:00Z,T1,16,2025-02-17T06:00:00Z,28,dayahead,0.2022,0.4655,0.9795,False,mos-curve-v0
2025-02-17T18:00:00Z,2025-02-18T00:00:00+06:00,2025-02-18T17:00:00+06:00,2025-02-18T11:00:00Z,T1,17,2025-02-17T06:00:00Z,29,dayahead,0.1625,0.4259,0.9399,False,mos-curve-v0
2025-02-17T18:00:00Z,2025-02-18T00:00:00+06:00,2025-02-18T18:00:00+06:00,2025-02-18T12:00:00Z,T1,18,2025-02-17T06:00:00Z,30,dayahead,0.0079,0.5056,0.8043,False,mos-curve-v0
2025-02-17T18:00:00Z,2025-02-18T00:00:00+06:00,2025-02-18T19:00:00+06:00,2025-02-18T13:00:00Z,T1,19,2025-02-17T06:00:00Z,31,dayahead,0.088,0.3514,0.8654,False,mos-curve-v0
2025-02-17T18:00:00Z,2025-02-18T00:00:00+06:00,2025-02-18T20:00:00+06:00,2025-02-18T14:00:00Z,T1,20,2025-02-17T06:00:00Z,32,dayahead,0.0,0.2573,0.7713,False,mos-curve-v0
2025-02-17T18:00:00Z,2025-02-18T00:00:00+06:00,2025-02-18T21:00:00+06:00,2025-02-18T15:00:00Z,T1,21,2025-02-17T06:00:00Z,33,dayahead,0.0021,0.2654,0.7794,False,mos-curve-v0
2025-02-17T18:00:00Z,2025-02-18T00:00:00+06:00,2025-02-18T22:00:00+06:00,2025-02-18T16:00:00Z,T1,22,2025-02-17T06:00:00Z,34,dayahead,0.0509,0.3142,0.8282,False,mos-curve-v0
2025-02-17T18:00:00Z,2025-02-18T00:00:00+06:00,2025-02-18T23:00:00+06:00,2025-02-18T17:00:00Z,T1,23,2025-02-17T06:00:00Z,35,dayahead,0.0646,0.3279,0.8419,False,mos-curve-v0
2025-02-17T18:00:00Z,2025-02-18T00:00:00+06:00,2025-02-19T00:00:00+06:00,2025-02-18T18:00:00Z,T1,24,2025-02-17T06:00:00Z,36,dayahead,0.1139,0.3773,0.8913,False,mos-curve-v0
2025-02-17T18:00:00Z,2025-02-18T00:00:00+06:00,2025-02-19T01:00:00+06:00,2025-02-18T19:00:00Z,T1,25,2025-02-17T06:00:00Z,37,dayahead,0.1439,0.4072,0.9212,False,mos-curve-v0
2025-02-17T18:00:00Z,2025-02-18T00:00:00+06:00,2025-02-19T02:00:00+06:00,2025-02-18T20:00:00Z,T1,26,2025-02-17T06:00:00Z,38,dayahead,0.0615,0.3248,0.8388,False,mos-curve-v0
2025-02-17T18:00:00Z,2025-02-18T00:00:00+06:00,2025-02-19T03:00:00+06:00,2025-02-18T21:00:00Z,T1,27,2025-02-17T06:00:00Z,39,dayahead,0.0,0.2206,0.7346,False,mos-curve-v0
2025-02-17T18:00:00Z,2025-02-18T00:00:00+06:00,2025-02-19T04:00:00+06:00,2025-02-18T22:00:00Z,T1,28,2025-02-17T06:00:00Z,40,dayahead,0.0164,0.0987,0.3271,False,mos-curve-v0
2025-02-17T18:00:00Z,2025-02-18T00:00:00+06:00,2025-02-19T05:00:00+06:00,2025-02-18T23:00:00Z,T1,29,2025-02-17T06:00:00Z,41,dayahead,0.0,0.1814,0.6954,False,mos-curve-v0
2025-02-17T18:00:00Z,2025-02-18T00:00:00+06:00,2025-02-19T06:00:00+06:00,2025-02-19T00:00:00Z,T1,30,2025-02-17T06:00:00Z,42,dayahead,0.1009,0.3642,0.8782,False,mos-curve-v0
2025-02-17T18:00:00Z,2025-02-18T00:00:00+06:00,2025-02-19T07:00:00+06:00,2025-02-19T01:00:00Z,T1,31,2025-02-17T06:00:00Z,43,dayahead,0.0375,0.3008,0.8148,False,mos-curve-v0
2025-02-17T18:00:00Z,2025-02-18T00:00:00+06:00,2025-02-19T08:00:00+06:00,2025-02-19T02:00:00Z,T1,32,2025-02-17T06:00:00Z,44,dayahead,0.0479,0.3112,0.8252,False,mos-curve-v0
2025-02-17T18:00:00Z,2025-02-18T00:00:00+06:00,2025-02-19T09:00:00+06:00,2025-02-19T03:00:00Z,T1,33,2025-02-17T06:00:00Z,45,dayahead,0.1156,0.3789,0.8929,False,mos-curve-v0
2025-02-17T18:00:00Z,2025-02-18T00:00:00+06:00,2025-02-19T10:00:00+06:00,2025-02-19T04:00:00Z,T1,34,2025-02-17T06:00:00Z,46,dayahead,0.0,0.2182,0.7322,False,mos-curve-v0
2025-02-17T18:00:00Z,2025-02-18T00:00:00+06:00,2025-02-19T11:00:00+06:00,2025-02-19T05:00:00Z,T1,35,2025-02-17T06:00:00Z,47,dayahead,0.0048,0.2682,0.7822,False,mos-curve-v0
2025-02-17T18:00:00Z,2025-02-18T00:00:00+06:00,2025-02-19T12:00:00+06:00,2025-02-19T06:00:00Z,T1,36,2025-02-17T06:00:00Z,48,dayahead,0.0316,0.295,0.809,False,mos-curve-v0
2025-02-17T18:00:00Z,2025-02-18T00:00:00+06:00,2025-02-19T13:00:00+06:00,2025-02-19T07:00:00Z,T1,37,2025-02-17T06:00:00Z,49,dayahead,0.0,0.2507,0.7647,False,mos-curve-v0
2025-02-17T18:00:00Z,2025-02-18T00:00:00+06:00,2025-02-19T14:00:00+06:00,2025-02-19T08:00:00Z,T1,38,2025-02-17T06:00:00Z,50,dayahead,0.0,0.1579,0.6718,False,mos-curve-v0
2025-02-17T18:00:00Z,2025-02-18T00:00:00+06:00,2025-02-19T15:00:00+06:00,2025-02-19T09:00:00Z,T1,39,2025-02-17T06:00:00Z,51,dayahead,0.0047,0.0869,0.3153,False,mos-curve-v0
2025-02-17T18:00:00Z,2025-02-18T00:00:00+06:00,2025-02-19T16:00:00+06:00,2025-02-19T10:00:00Z,T1,40,2025-02-17T06:00:00Z,52,dayahead,0.0,0.0685,0.2969,False,mos-curve-v0
2025-02-17T18:00:00Z,2025-02-18T00:00:00+06:00,2025-02-19T17:00:00+06:00,2025-02-19T11:00:00Z,T1,41,2025-02-17T06:00:00Z,53,dayahead,0.0,0.0694,0.2978,False,mos-curve-v0
2025-02-17T18:00:00Z,2025-02-18T00:00:00+06:00,2025-02-19T18:00:00+06:00,2025-02-19T12:00:00Z,T1,42,2025-02-17T06:00:00Z,54,dayahead,0.0,0.0795,0.3079,False,mos-curve-v0
2025-02-17T18:00:00Z,2025-02-18T00:00:00+06:00,2025-02-19T19:00:00+06:00,2025-02-19T13:00:00Z,T1,43,2025-02-17T06:00:00Z,55,dayahead,0.0,0.0765,0.3049,False,mos-curve-v0
2025-02-17T18:00:00Z,2025-02-18T00:00:00+06:00,2025-02-19T20:00:00+06:00,2025-02-19T14:00:00Z,T1,44,2025-02-17T06:00:00Z,56,dayahead,0.0,0.0343,0.2627,False,mos-curve-v0
2025-02-17T18:00:00Z,2025-02-18T00:00:00+06:00,2025-02-19T21:00:00+06:00,2025-02-19T15:00:00Z,T1,45,2025-02-17T06:00:00Z,57,dayahead,0.0,0.0251,0.2535,False,mos-curve-v0
2025-02-17T18:00:00Z,2025-02-18T00:00:00+06:00,2025-02-19T22:00:00+06:00,2025-02-19T16:00:00Z,T1,46,2025-02-17T06:00:00Z,58,dayahead,0.0,0.0202,0.2486,False,mos-curve-v0
2025-02-17T18:00:00Z,2025-02-18T00:00:00+06:00,2025-02-19T23:00:00+06:00,2025-02-19T17:00:00Z,T1,47,2025-02-17T06:00:00Z,59,dayahead,0.0,0.0159,0.2443,False,mos-curve-v0
2025-02-17T18:00:00Z,2025-02-18T00:00:00+06:00,2025-02-18T00:00:00+06:00,2025-02-17T18:00:00Z,T2,0,2025-02-17T06:00:00Z,12,dayahead,0.0,0.0294,0.2578,False,mos-curve-v0
2025-02-17T18:00:00Z,2025-02-18T00:00:00+06:00,2025-02-18T01:00:00+06:00,2025-02-17T19:00:00Z,T2,1,2025-02-17T06:00:00Z,13,dayahead,0.0,0.0255,0.2539,False,mos-curve-v0
2025-02-17T18:00:00Z,2025-02-18T00:00:00+06:00,2025-02-18T02:00:00+06:00,2025-02-17T20:00:00Z,T2,2,2025-02-17T06:00:00Z,14,dayahead,0.0,0.0306,0.259,False,mos-curve-v0
2025-02-17T18:00:00Z,2025-02-18T00:00:00+06:00,2025-02-18T03:00:00+06:00,2025-02-17T21:00:00Z,T2,3,2025-02-17T06:00:00Z,15,dayahead,0.0,0.0434,0.2718,False,mos-curve-v0
2025-02-17T18:00:00Z,2025-02-18T00:00:00+06:00,2025-02-18T04:00:00+06:00,2025-02-17T22:00:00Z,T2,4,2025-02-17T06:00:00Z,16,dayahead,0.0,0.051,0.2794,False,mos-curve-v0
2025-02-17T18:00:00Z,2025-02-18T00:00:00+06:00,2025-02-18T05:00:00+06:00,2025-02-17T23:00:00Z,T2,5,2025-02-17T06:00:00Z,17,dayahead,0.0,0.0712,0.2996,False,mos-curve-v0
2025-02-17T18:00:00Z,2025-02-18T00:00:00+06:00,2025-02-18T06:00:00+06:00,2025-02-18T00:00:00Z,T2,6,2025-02-17T06:00:00Z,18,dayahead,0.0063,0.0886,0.317,False,mos-curve-v0
2025-02-17T18:00:00Z,2025-02-18T00:00:00+06:00,2025-02-18T07:00:00+06:00,2025-02-18T01:00:00Z,T2,7,2025-02-17T06:00:00Z,19,dayahead,0.0164,0.0987,0.3271,False,mos-curve-v0
2025-02-17T18:00:00Z,2025-02-18T00:00:00+06:00,2025-02-18T08:00:00+06:00,2025-02-18T02:00:00Z,T2,8,2025-02-17T06:00:00Z,20,dayahead,0.0338,0.116,0.3444,False,mos-curve-v0
2025-02-17T18:00:00Z,2025-02-18T00:00:00+06:00,2025-02-18T09:00:00+06:00,2025-02-18T03:00:00Z,T2,9,2025-02-17T06:00:00Z,21,dayahead,0.0,0.1569,0.6709,False,mos-curve-v0
2025-02-17T18:00:00Z,2025-02-18T00:00:00+06:00,2025-02-18T10:00:00+06:00,2025-02-18T04:00:00Z,T2,10,2025-02-17T06:00:00Z,22,dayahead,0.0648,0.147,0.3754,False,mos-curve-v0
2025-02-17T18:00:00Z,2025-02-18T00:00:00+06:00,2025-02-18T11:00:00+06:00,2025-02-18T05:00:00Z,T2,11,2025-02-17T06:00:00Z,23,dayahead,0.1866,0.4499,0.9639,False,mos-curve-v0
2025-02-17T18:00:00Z,2025-02-18T00:00:00+06:00,2025-02-18T12:00:00+06:00,2025-02-18T06:00:00Z,T2,12,2025-02-17T06:00:00Z,24,dayahead,0.2237,0.7214,1.0,False,mos-curve-v0
2025-02-17T18:00:00Z,2025-02-18T00:00:00+06:00,2025-02-18T13:00:00+06:00,2025-02-18T07:00:00Z,T2,13,2025-02-17T06:00:00Z,25,dayahead,0.2375,0.7352,1.0,False,mos-curve-v0
2025-02-17T18:00:00Z,2025-02-18T00:00:00+06:00,2025-02-18T14:00:00+06:00,2025-02-18T08:00:00Z,T2,14,2025-02-17T06:00:00Z,26,dayahead,0.1564,0.6541,0.9527,False,mos-curve-v0
2025-02-17T18:00:00Z,2025-02-18T00:00:00+06:00,2025-02-18T15:00:00+06:00,2025-02-18T09:00:00Z,T2,15,2025-02-17T06:00:00Z,27,dayahead,0.0669,0.5646,0.8633,False,mos-curve-v0
2025-02-17T18:00:00Z,2025-02-18T00:00:00+06:00,2025-02-18T16:00:00+06:00,2025-02-18T10:00:00Z,T2,16,2025-02-17T06:00:00Z,28,dayahead,0.2022,0.4655,0.9795,False,mos-curve-v0
2025-02-17T18:00:00Z,2025-02-18T00:00:00+06:00,2025-02-18T17:00:00+06:00,2025-02-18T11:00:00Z,T2,17,2025-02-17T06:00:00Z,29,dayahead,0.1625,0.4259,0.9399,False,mos-curve-v0
2025-02-17T18:00:00Z,2025-02-18T00:00:00+06:00,2025-02-18T18:00:00+06:00,2025-02-18T12:00:00Z,T2,18,2025-02-17T06:00:00Z,30,dayahead,0.0079,0.5056,0.8043,False,mos-curve-v0
2025-02-17T18:00:00Z,2025-02-18T00:00:00+06:00,2025-02-18T19:00:00+06:00,2025-02-18T13:00:00Z,T2,19,2025-02-17T06:00:00Z,31,dayahead,0.088,0.3514,0.8654,False,mos-curve-v0
2025-02-17T18:00:00Z,2025-02-18T00:00:00+06:00,2025-02-18T20:00:00+06:00,2025-02-18T14:00:00Z,T2,20,2025-02-17T06:00:00Z,32,dayahead,0.0,0.2573,0.7713,False,mos-curve-v0
2025-02-17T18:00:00Z,2025-02-18T00:00:00+06:00,2025-02-18T21:00:00+06:00,2025-02-18T15:00:00Z,T2,21,2025-02-17T06:00:00Z,33,dayahead,0.0021,0.2654,0.7794,False,mos-curve-v0
2025-02-17T18:00:00Z,2025-02-18T00:00:00+06:00,2025-02-18T22:00:00+06:00,2025-02-18T16:00:00Z,T2,22,2025-02-17T06:00:00Z,34,dayahead,0.0509,0.3142,0.8282,False,mos-curve-v0
2025-02-17T18:00:00Z,2025-02-18T00:00:00+06:00,2025-02-18T23:00:00+06:00,2025-02-18T17:00:00Z,T2,23,2025-02-17T06:00:00Z,35,dayahead,0.0646,0.3279,0.8419,False,mos-curve-v0
2025-02-17T18:00:00Z,2025-02-18T00:00:00+06:00,2025-02-19T00:00:00+06:00,2025-02-18T18:00:00Z,T2,24,2025-02-17T06:00:00Z,36,dayahead,0.1139,0.3773,0.8913,False,mos-curve-v0
2025-02-17T18:00:00Z,2025-02-18T00:00:00+06:00,2025-02-19T01:00:00+06:00,2025-02-18T19:00:00Z,T2,25,2025-02-17T06:00:00Z,37,dayahead,0.1439,0.4072,0.9212,False,mos-curve-v0
2025-02-17T18:00:00Z,2025-02-18T00:00:00+06:00,2025-02-19T02:00:00+06:00,2025-02-18T20:00:00Z,T2,26,2025-02-17T06:00:00Z,38,dayahead,0.0615,0.3248,0.8388,False,mos-curve-v0
2025-02-17T18:00:00Z,2025-02-18T00:00:00+06:00,2025-02-19T03:00:00+06:00,2025-02-18T21:00:00Z,T2,27,2025-02-17T06:00:00Z,39,dayahead,0.0,0.2206,0.7346,False,mos-curve-v0
2025-02-17T18:00:00Z,2025-02-18T00:00:00+06:00,2025-02-19T04:00:00+06:00,2025-02-18T22:00:00Z,T2,28,2025-02-17T06:00:00Z,40,dayahead,0.0164,0.0987,0.3271,False,mos-curve-v0
2025-02-17T18:00:00Z,2025-02-18T00:00:00+06:00,2025-02-19T05:00:00+06:00,2025-02-18T23:00:00Z,T2,29,2025-02-17T06:00:00Z,41,dayahead,0.0,0.1814,0.6954,False,mos-curve-v0
2025-02-17T18:00:00Z,2025-02-18T00:00:00+06:00,2025-02-19T06:00:00+06:00,2025-02-19T00:00:00Z,T2,30,2025-02-17T06:00:00Z,42,dayahead,0.1009,0.3642,0.8782,False,mos-curve-v0
2025-02-17T18:00:00Z,2025-02-18T00:00:00+06:00,2025-02-19T07:00:00+06:00,2025-02-19T01:00:00Z,T2,31,2025-02-17T06:00:00Z,43,dayahead,0.0375,0.3008,0.8148,False,mos-curve-v0
2025-02-17T18:00:00Z,2025-02-18T00:00:00+06:00,2025-02-19T08:00:00+06:00,2025-02-19T02:00:00Z,T2,32,2025-02-17T06:00:00Z,44,dayahead,0.0479,0.3112,0.8252,False,mos-curve-v0
2025-02-17T18:00:00Z,2025-02-18T00:00:00+06:00,2025-02-19T09:00:00+06:00,2025-02-19T03:00:00Z,T2,33,2025-02-17T06:00:00Z,45,dayahead,0.1156,0.3789,0.8929,False,mos-curve-v0
2025-02-17T18:00:00Z,2025-02-18T00:00:00+06:00,2025-02-19T10:00:00+06:00,2025-02-19T04:00:00Z,T2,34,2025-02-17T06:00:00Z,46,dayahead,0.0,0.2182,0.7322,False,mos-curve-v0
2025-02-17T18:00:00Z,2025-02-18T00:00:00+06:00,2025-02-19T11:00:00+06:00,2025-02-19T05:00:00Z,T2,35,2025-02-17T06:00:00Z,47,dayahead,0.0048,0.2682,0.7822,False,mos-curve-v0
2025-02-17T18:00:00Z,2025-02-18T00:00:00+06:00,2025-02-19T12:00:00+06:00,2025-02-19T06:00:00Z,T2,36,2025-02-17T06:00:00Z,48,dayahead,0.0316,0.295,0.809,False,mos-curve-v0
2025-02-17T18:00:00Z,2025-02-18T00:00:00+06:00,2025-02-19T13:00:00+06:00,2025-02-19T07:00:00Z,T2,37,2025-02-17T06:00:00Z,49,dayahead,0.0,0.2507,0.7647,False,mos-curve-v0
2025-02-17T18:00:00Z,2025-02-18T00:00:00+06:00,2025-02-19T14:00:00+06:00,2025-02-19T08:00:00Z,T2,38,2025-02-17T06:00:00Z,50,dayahead,0.0,0.1579,0.6718,False,mos-curve-v0
2025-02-17T18:00:00Z,2025-02-18T00:00:00+06:00,2025-02-19T15:00:00+06:00,2025-02-19T09:00:00Z,T2,39,2025-02-17T06:00:00Z,51,dayahead,0.0047,0.0869,0.3153,False,mos-curve-v0
2025-02-17T18:00:00Z,2025-02-18T00:00:00+06:00,2025-02-19T16:00:00+06:00,2025-02-19T10:00:00Z,T2,40,2025-02-17T06:00:00Z,52,dayahead,0.0,0.0685,0.2969,False,mos-curve-v0
2025-02-17T18:00:00Z,2025-02-18T00:00:00+06:00,2025-02-19T17:00:00+06:00,2025-02-19T11:00:00Z,T2,41,2025-02-17T06:00:00Z,53,dayahead,0.0,0.0694,0.2978,False,mos-curve-v0
2025-02-17T18:00:00Z,2025-02-18T00:00:00+06:00,2025-02-19T18:00:00+06:00,2025-02-19T12:00:00Z,T2,42,2025-02-17T06:00:00Z,54,dayahead,0.0,0.0795,0.3079,False,mos-curve-v0
2025-02-17T18:00:00Z,2025-02-18T00:00:00+06:00,2025-02-19T19:00:00+06:00,2025-02-19T13:00:00Z,T2,43,2025-02-17T06:00:00Z,55,dayahead,0.0,0.0765,0.3049,False,mos-curve-v0
2025-02-17T18:00:00Z,2025-02-18T00:00:00+06:00,2025-02-19T20:00:00+06:00,2025-02-19T14:00:00Z,T2,44,2025-02-17T06:00:00Z,56,dayahead,0.0,0.0343,0.2627,False,mos-curve-v0
2025-02-17T18:00:00Z,2025-02-18T00:00:00+06:00,2025-02-19T21:00:00+06:00,2025-02-19T15:00:00Z,T2,45,2025-02-17T06:00:00Z,57,dayahead,0.0,0.0251,0.2535,False,mos-curve-v0
2025-02-17T18:00:00Z,2025-02-18T00:00:00+06:00,2025-02-19T22:00:00+06:00,2025-02-19T16:00:00Z,T2,46,2025-02-17T06:00:00Z,58,dayahead,0.0,0.0202,0.2486,False,mos-curve-v0
2025-02-17T18:00:00Z,2025-02-18T00:00:00+06:00,2025-02-19T23:00:00+06:00,2025-02-19T17:00:00Z,T2,47,2025-02-17T06:00:00Z,59,dayahead,0.0,0.0159,0.2443,False,mos-curve-v0
2025-02-18T18:00:00Z,2025-02-19T00:00:00+06:00,2025-02-19T00:00:00+06:00,2025-02-18T18:00:00Z,T1,0,2025-02-18T06:00:00Z,12,dayahead,0.1574,0.4208,0.9348,False,mos-curve-v0
2025-02-18T18:00:00Z,2025-02-19T00:00:00+06:00,2025-02-19T01:00:00+06:00,2025-02-18T19:00:00Z,T1,1,2025-02-18T06:00:00Z,13,dayahead,0.0509,0.3142,0.8282,False,mos-curve-v0
2025-02-18T18:00:00Z,2025-02-19T00:00:00+06:00,2025-02-19T02:00:00+06:00,2025-02-18T20:00:00Z,T1,2,2025-02-18T06:00:00Z,14,dayahead,0.0,0.2587,0.7727,False,mos-curve-v0
2025-02-18T18:00:00Z,2025-02-19T00:00:00+06:00,2025-02-19T03:00:00+06:00,2025-02-18T21:00:00Z,T1,3,2025-02-18T06:00:00Z,15,dayahead,0.0021,0.2654,0.7794,False,mos-curve-v0
2025-02-18T18:00:00Z,2025-02-19T00:00:00+06:00,2025-02-19T04:00:00+06:00,2025-02-18T22:00:00Z,T1,4,2025-02-18T06:00:00Z,16,dayahead,0.0145,0.2779,0.7919,False,mos-curve-v0
2025-02-18T18:00:00Z,2025-02-19T00:00:00+06:00,2025-02-19T05:00:00+06:00,2025-02-18T23:00:00Z,T1,5,2025-02-18T06:00:00Z,17,dayahead,0.0062,0.2695,0.7835,False,mos-curve-v0
2025-02-18T18:00:00Z,2025-02-19T00:00:00+06:00,2025-02-19T06:00:00+06:00,2025-02-19T00:00:00Z,T1,6,2025-02-18T06:00:00Z,18,dayahead,0.0287,0.2921,0.8061,False,mos-curve-v0
2025-02-18T18:00:00Z,2025-02-19T00:00:00+06:00,2025-02-19T07:00:00+06:00,2025-02-19T01:00:00Z,T1,7,2025-02-18T06:00:00Z,19,dayahead,0.0928,0.3562,0.8702,False,mos-curve-v0
2025-02-18T18:00:00Z,2025-02-19T00:00:00+06:00,2025-02-19T08:00:00+06:00,2025-02-19T02:00:00Z,T1,8,2025-02-18T06:00:00Z,20,dayahead,0.1355,0.3988,0.9128,False,mos-curve-v0
2025-02-18T18:00:00Z,2025-02-19T00:00:00+06:00,2025-02-19T09:00:00+06:00,2025-02-19T03:00:00Z,T1,9,2025-02-18T06:00:00Z,21,dayahead,0.0786,0.3419,0.8559,False,mos-curve-v0
2025-02-18T18:00:00Z,2025-02-19T00:00:00+06:00,2025-02-19T10:00:00+06:00,2025-02-19T04:00:00Z,T1,10,2025-02-18T06:00:00Z,22,dayahead,0.0228,0.1051,0.3335,False,mos-curve-v0
2025-02-18T18:00:00Z,2025-02-19T00:00:00+06:00,2025-02-19T11:00:00+06:00,2025-02-19T05:00:00Z,T1,11,2025-02-18T06:00:00Z,23,dayahead,0.0656,0.1479,0.3763,False,mos-curve-v0
2025-02-18T18:00:00Z,2025-02-19T00:00:00+06:00,2025-02-19T12:00:00+06:00,2025-02-19T06:00:00Z,T1,12,2025-02-18T06:00:00Z,24,dayahead,0.0674,0.1497,0.3781,False,mos-curve-v0
2025-02-18T18:00:00Z,2025-02-19T00:00:00+06:00,2025-02-19T13:00:00+06:00,2025-02-19T07:00:00Z,T1,13,2025-02-18T06:00:00Z,25,dayahead,0.0537,0.136,0.3644,False,mos-curve-v0
2025-02-18T18:00:00Z,2025-02-19T00:00:00+06:00,2025-02-19T14:00:00+06:00,2025-02-19T08:00:00Z,T1,14,2025-02-18T06:00:00Z,26,dayahead,0.0345,0.1168,0.3452,False,mos-curve-v0
2025-02-18T18:00:00Z,2025-02-19T00:00:00+06:00,2025-02-19T15:00:00+06:00,2025-02-19T09:00:00Z,T1,15,2025-02-18T06:00:00Z,27,dayahead,0.0208,0.1031,0.3315,False,mos-curve-v0
2025-02-18T18:00:00Z,2025-02-19T00:00:00+06:00,2025-02-19T16:00:00+06:00,2025-02-19T10:00:00Z,T1,16,2025-02-18T06:00:00Z,28,dayahead,0.0202,0.1025,0.3309,False,mos-curve-v0
2025-02-18T18:00:00Z,2025-02-19T00:00:00+06:00,2025-02-19T17:00:00+06:00,2025-02-19T11:00:00Z,T1,17,2025-02-18T06:00:00Z,29,dayahead,0.0133,0.0956,0.324,False,mos-curve-v0
2025-02-18T18:00:00Z,2025-02-19T00:00:00+06:00,2025-02-19T18:00:00+06:00,2025-02-19T12:00:00Z,T1,18,2025-02-18T06:00:00Z,30,dayahead,0.0,0.0816,0.3099,False,mos-curve-v0
2025-02-18T18:00:00Z,2025-02-19T00:00:00+06:00,2025-02-19T19:00:00+06:00,2025-02-19T13:00:00Z,T1,19,2025-02-18T06:00:00Z,31,dayahead,0.0,0.0589,0.2873,False,mos-curve-v0
2025-02-18T18:00:00Z,2025-02-19T00:00:00+06:00,2025-02-19T20:00:00+06:00,2025-02-19T14:00:00Z,T1,20,2025-02-18T06:00:00Z,32,dayahead,0.0,0.0383,0.2666,False,mos-curve-v0
2025-02-18T18:00:00Z,2025-02-19T00:00:00+06:00,2025-02-19T21:00:00+06:00,2025-02-19T15:00:00Z,T1,21,2025-02-18T06:00:00Z,33,dayahead,0.0,0.018,0.2464,False,mos-curve-v0
2025-02-18T18:00:00Z,2025-02-19T00:00:00+06:00,2025-02-19T22:00:00+06:00,2025-02-19T16:00:00Z,T1,22,2025-02-18T06:00:00Z,34,dayahead,0.0,0.0235,0.2519,False,mos-curve-v0
2025-02-18T18:00:00Z,2025-02-19T00:00:00+06:00,2025-02-19T23:00:00+06:00,2025-02-19T17:00:00Z,T1,23,2025-02-18T06:00:00Z,35,dayahead,0.0,0.025,0.2534,False,mos-curve-v0
2025-02-18T18:00:00Z,2025-02-19T00:00:00+06:00,2025-02-20T00:00:00+06:00,2025-02-19T18:00:00Z,T1,24,2025-02-18T06:00:00Z,36,dayahead,0.0,0.0216,0.25,False,mos-curve-v0
2025-02-18T18:00:00Z,2025-02-19T00:00:00+06:00,2025-02-20T01:00:00+06:00,2025-02-19T19:00:00Z,T1,25,2025-02-18T06:00:00Z,37,dayahead,0.0,0.0205,0.2489,False,mos-curve-v0
2025-02-18T18:00:00Z,2025-02-19T00:00:00+06:00,2025-02-20T02:00:00+06:00,2025-02-19T20:00:00Z,T1,26,2025-02-18T06:00:00Z,38,dayahead,0.0,0.0224,0.2508,False,mos-curve-v0
2025-02-18T18:00:00Z,2025-02-19T00:00:00+06:00,2025-02-20T03:00:00+06:00,2025-02-19T21:00:00Z,T1,27,2025-02-18T06:00:00Z,39,dayahead,0.0,0.0218,0.2502,False,mos-curve-v0
2025-02-18T18:00:00Z,2025-02-19T00:00:00+06:00,2025-02-20T04:00:00+06:00,2025-02-19T22:00:00Z,T1,28,2025-02-18T06:00:00Z,40,dayahead,0.0,0.0155,0.2439,False,mos-curve-v0
2025-02-18T18:00:00Z,2025-02-19T00:00:00+06:00,2025-02-20T05:00:00+06:00,2025-02-19T23:00:00Z,T1,29,2025-02-18T06:00:00Z,41,dayahead,0.0,0.0157,0.2441,False,mos-curve-v0
2025-02-18T18:00:00Z,2025-02-19T00:00:00+06:00,2025-02-20T06:00:00+06:00,2025-02-20T00:00:00Z,T1,30,2025-02-18T06:00:00Z,42,dayahead,0.0,0.013,0.2414,False,mos-curve-v0
2025-02-18T18:00:00Z,2025-02-19T00:00:00+06:00,2025-02-20T07:00:00+06:00,2025-02-20T01:00:00Z,T1,31,2025-02-18T06:00:00Z,43,dayahead,0.0,0.0128,0.2412,False,mos-curve-v0
2025-02-18T18:00:00Z,2025-02-19T00:00:00+06:00,2025-02-20T08:00:00+06:00,2025-02-20T02:00:00Z,T1,32,2025-02-18T06:00:00Z,44,dayahead,0.0,0.0198,0.2482,False,mos-curve-v0
2025-02-18T18:00:00Z,2025-02-19T00:00:00+06:00,2025-02-20T09:00:00+06:00,2025-02-20T03:00:00Z,T1,33,2025-02-18T06:00:00Z,45,dayahead,0.0,0.0226,0.2509,False,mos-curve-v0
2025-02-18T18:00:00Z,2025-02-19T00:00:00+06:00,2025-02-20T10:00:00+06:00,2025-02-20T04:00:00Z,T1,34,2025-02-18T06:00:00Z,46,dayahead,0.0,0.0187,0.2471,False,mos-curve-v0
2025-02-18T18:00:00Z,2025-02-19T00:00:00+06:00,2025-02-20T11:00:00+06:00,2025-02-20T05:00:00Z,T1,35,2025-02-18T06:00:00Z,47,dayahead,0.0,0.023,0.2514,False,mos-curve-v0
2025-02-18T18:00:00Z,2025-02-19T00:00:00+06:00,2025-02-20T12:00:00+06:00,2025-02-20T06:00:00Z,T1,36,2025-02-18T06:00:00Z,48,dayahead,0.0,0.0218,0.2502,False,mos-curve-v0
2025-02-18T18:00:00Z,2025-02-19T00:00:00+06:00,2025-02-20T13:00:00+06:00,2025-02-20T07:00:00Z,T1,37,2025-02-18T06:00:00Z,49,dayahead,0.0,0.0363,0.2646,False,mos-curve-v0
2025-02-18T18:00:00Z,2025-02-19T00:00:00+06:00,2025-02-20T14:00:00+06:00,2025-02-20T08:00:00Z,T1,38,2025-02-18T06:00:00Z,50,dayahead,0.0,0.0672,0.2956,False,mos-curve-v0
2025-02-18T18:00:00Z,2025-02-19T00:00:00+06:00,2025-02-20T15:00:00+06:00,2025-02-20T09:00:00Z,T1,39,2025-02-18T06:00:00Z,51,dayahead,0.011,0.0932,0.3216,False,mos-curve-v0
2025-02-18T18:00:00Z,2025-02-19T00:00:00+06:00,2025-02-20T16:00:00+06:00,2025-02-20T10:00:00Z,T1,40,2025-02-18T06:00:00Z,52,dayahead,0.0275,0.1098,0.3381,False,mos-curve-v0
2025-02-18T18:00:00Z,2025-02-19T00:00:00+06:00,2025-02-20T17:00:00+06:00,2025-02-20T11:00:00Z,T1,41,2025-02-18T06:00:00Z,53,dayahead,0.0146,0.0968,0.3252,False,mos-curve-v0
2025-02-18T18:00:00Z,2025-02-19T00:00:00+06:00,2025-02-20T18:00:00+06:00,2025-02-20T12:00:00Z,T1,42,2025-02-18T06:00:00Z,54,dayahead,0.0,0.0698,0.2982,False,mos-curve-v0
2025-02-18T18:00:00Z,2025-02-19T00:00:00+06:00,2025-02-20T19:00:00+06:00,2025-02-20T13:00:00Z,T1,43,2025-02-18T06:00:00Z,55,dayahead,0.0,0.0334,0.2618,False,mos-curve-v0
2025-02-18T18:00:00Z,2025-02-19T00:00:00+06:00,2025-02-20T20:00:00+06:00,2025-02-20T14:00:00Z,T1,44,2025-02-18T06:00:00Z,56,dayahead,0.0,0.0158,0.2442,False,mos-curve-v0
2025-02-18T18:00:00Z,2025-02-19T00:00:00+06:00,2025-02-20T21:00:00+06:00,2025-02-20T15:00:00Z,T1,45,2025-02-18T06:00:00Z,57,dayahead,0.0,0.0187,0.2471,False,mos-curve-v0
2025-02-18T18:00:00Z,2025-02-19T00:00:00+06:00,2025-02-20T22:00:00+06:00,2025-02-20T16:00:00Z,T1,46,2025-02-18T06:00:00Z,58,dayahead,0.0,0.03,0.2584,False,mos-curve-v0
2025-02-18T18:00:00Z,2025-02-19T00:00:00+06:00,2025-02-20T23:00:00+06:00,2025-02-20T17:00:00Z,T1,47,2025-02-18T06:00:00Z,59,dayahead,0.0,0.0353,0.2637,False,mos-curve-v0
2025-02-18T18:00:00Z,2025-02-19T00:00:00+06:00,2025-02-19T00:00:00+06:00,2025-02-18T18:00:00Z,T2,0,2025-02-18T06:00:00Z,12,dayahead,0.1574,0.4208,0.9348,False,mos-curve-v0
2025-02-18T18:00:00Z,2025-02-19T00:00:00+06:00,2025-02-19T01:00:00+06:00,2025-02-18T19:00:00Z,T2,1,2025-02-18T06:00:00Z,13,dayahead,0.0509,0.3142,0.8282,False,mos-curve-v0
2025-02-18T18:00:00Z,2025-02-19T00:00:00+06:00,2025-02-19T02:00:00+06:00,2025-02-18T20:00:00Z,T2,2,2025-02-18T06:00:00Z,14,dayahead,0.0,0.2587,0.7727,False,mos-curve-v0
2025-02-18T18:00:00Z,2025-02-19T00:00:00+06:00,2025-02-19T03:00:00+06:00,2025-02-18T21:00:00Z,T2,3,2025-02-18T06:00:00Z,15,dayahead,0.0021,0.2654,0.7794,False,mos-curve-v0
2025-02-18T18:00:00Z,2025-02-19T00:00:00+06:00,2025-02-19T04:00:00+06:00,2025-02-18T22:00:00Z,T2,4,2025-02-18T06:00:00Z,16,dayahead,0.0145,0.2779,0.7919,False,mos-curve-v0
2025-02-18T18:00:00Z,2025-02-19T00:00:00+06:00,2025-02-19T05:00:00+06:00,2025-02-18T23:00:00Z,T2,5,2025-02-18T06:00:00Z,17,dayahead,0.0062,0.2695,0.7835,False,mos-curve-v0
2025-02-18T18:00:00Z,2025-02-19T00:00:00+06:00,2025-02-19T06:00:00+06:00,2025-02-19T00:00:00Z,T2,6,2025-02-18T06:00:00Z,18,dayahead,0.0287,0.2921,0.8061,False,mos-curve-v0
2025-02-18T18:00:00Z,2025-02-19T00:00:00+06:00,2025-02-19T07:00:00+06:00,2025-02-19T01:00:00Z,T2,7,2025-02-18T06:00:00Z,19,dayahead,0.0928,0.3562,0.8702,False,mos-curve-v0
2025-02-18T18:00:00Z,2025-02-19T00:00:00+06:00,2025-02-19T08:00:00+06:00,2025-02-19T02:00:00Z,T2,8,2025-02-18T06:00:00Z,20,dayahead,0.1355,0.3988,0.9128,False,mos-curve-v0
2025-02-18T18:00:00Z,2025-02-19T00:00:00+06:00,2025-02-19T09:00:00+06:00,2025-02-19T03:00:00Z,T2,9,2025-02-18T06:00:00Z,21,dayahead,0.0786,0.3419,0.8559,False,mos-curve-v0
2025-02-18T18:00:00Z,2025-02-19T00:00:00+06:00,2025-02-19T10:00:00+06:00,2025-02-19T04:00:00Z,T2,10,2025-02-18T06:00:00Z,22,dayahead,0.0228,0.1051,0.3335,False,mos-curve-v0
2025-02-18T18:00:00Z,2025-02-19T00:00:00+06:00,2025-02-19T11:00:00+06:00,2025-02-19T05:00:00Z,T2,11,2025-02-18T06:00:00Z,23,dayahead,0.0656,0.1479,0.3763,False,mos-curve-v0
2025-02-18T18:00:00Z,2025-02-19T00:00:00+06:00,2025-02-19T12:00:00+06:00,2025-02-19T06:00:00Z,T2,12,2025-02-18T06:00:00Z,24,dayahead,0.0674,0.1497,0.3781,False,mos-curve-v0
2025-02-18T18:00:00Z,2025-02-19T00:00:00+06:00,2025-02-19T13:00:00+06:00,2025-02-19T07:00:00Z,T2,13,2025-02-18T06:00:00Z,25,dayahead,0.0537,0.136,0.3644,False,mos-curve-v0
2025-02-18T18:00:00Z,2025-02-19T00:00:00+06:00,2025-02-19T14:00:00+06:00,2025-02-19T08:00:00Z,T2,14,2025-02-18T06:00:00Z,26,dayahead,0.0345,0.1168,0.3452,False,mos-curve-v0
2025-02-18T18:00:00Z,2025-02-19T00:00:00+06:00,2025-02-19T15:00:00+06:00,2025-02-19T09:00:00Z,T2,15,2025-02-18T06:00:00Z,27,dayahead,0.0208,0.1031,0.3315,False,mos-curve-v0
2025-02-18T18:00:00Z,2025-02-19T00:00:00+06:00,2025-02-19T16:00:00+06:00,2025-02-19T10:00:00Z,T2,16,2025-02-18T06:00:00Z,28,dayahead,0.0202,0.1025,0.3309,False,mos-curve-v0
2025-02-18T18:00:00Z,2025-02-19T00:00:00+06:00,2025-02-19T17:00:00+06:00,2025-02-19T11:00:00Z,T2,17,2025-02-18T06:00:00Z,29,dayahead,0.0133,0.0956,0.324,False,mos-curve-v0
2025-02-18T18:00:00Z,2025-02-19T00:00:00+06:00,2025-02-19T18:00:00+06:00,2025-02-19T12:00:00Z,T2,18,2025-02-18T06:00:00Z,30,dayahead,0.0,0.0816,0.3099,False,mos-curve-v0
2025-02-18T18:00:00Z,2025-02-19T00:00:00+06:00,2025-02-19T19:00:00+06:00,2025-02-19T13:00:00Z,T2,19,2025-02-18T06:00:00Z,31,dayahead,0.0,0.0589,0.2873,False,mos-curve-v0
2025-02-18T18:00:00Z,2025-02-19T00:00:00+06:00,2025-02-19T20:00:00+06:00,2025-02-19T14:00:00Z,T2,20,2025-02-18T06:00:00Z,32,dayahead,0.0,0.0383,0.2666,False,mos-curve-v0
2025-02-18T18:00:00Z,2025-02-19T00:00:00+06:00,2025-02-19T21:00:00+06:00,2025-02-19T15:00:00Z,T2,21,2025-02-18T06:00:00Z,33,dayahead,0.0,0.018,0.2464,False,mos-curve-v0
2025-02-18T18:00:00Z,2025-02-19T00:00:00+06:00,2025-02-19T22:00:00+06:00,2025-02-19T16:00:00Z,T2,22,2025-02-18T06:00:00Z,34,dayahead,0.0,0.0235,0.2519,False,mos-curve-v0
2025-02-18T18:00:00Z,2025-02-19T00:00:00+06:00,2025-02-19T23:00:00+06:00,2025-02-19T17:00:00Z,T2,23,2025-02-18T06:00:00Z,35,dayahead,0.0,0.025,0.2534,False,mos-curve-v0
2025-02-18T18:00:00Z,2025-02-19T00:00:00+06:00,2025-02-20T00:00:00+06:00,2025-02-19T18:00:00Z,T2,24,2025-02-18T06:00:00Z,36,dayahead,0.0,0.0216,0.25,False,mos-curve-v0
2025-02-18T18:00:00Z,2025-02-19T00:00:00+06:00,2025-02-20T01:00:00+06:00,2025-02-19T19:00:00Z,T2,25,2025-02-18T06:00:00Z,37,dayahead,0.0,0.0205,0.2489,False,mos-curve-v0
2025-02-18T18:00:00Z,2025-02-19T00:00:00+06:00,2025-02-20T02:00:00+06:00,2025-02-19T20:00:00Z,T2,26,2025-02-18T06:00:00Z,38,dayahead,0.0,0.0224,0.2508,False,mos-curve-v0
2025-02-18T18:00:00Z,2025-02-19T00:00:00+06:00,2025-02-20T03:00:00+06:00,2025-02-19T21:00:00Z,T2,27,2025-02-18T06:00:00Z,39,dayahead,0.0,0.0218,0.2502,False,mos-curve-v0
2025-02-18T18:00:00Z,2025-02-19T00:00:00+06:00,2025-02-20T04:00:00+06:00,2025-02-19T22:00:00Z,T2,28,2025-02-18T06:00:00Z,40,dayahead,0.0,0.0155,0.2439,False,mos-curve-v0
2025-02-18T18:00:00Z,2025-02-19T00:00:00+06:00,2025-02-20T05:00:00+06:00,2025-02-19T23:00:00Z,T2,29,2025-02-18T06:00:00Z,41,dayahead,0.0,0.0157,0.2441,False,mos-curve-v0
2025-02-18T18:00:00Z,2025-02-19T00:00:00+06:00,2025-02-20T06:00:00+06:00,2025-02-20T00:00:00Z,T2,30,2025-02-18T06:00:00Z,42,dayahead,0.0,0.013,0.2414,False,mos-curve-v0
2025-02-18T18:00:00Z,2025-02-19T00:00:00+06:00,2025-02-20T07:00:00+06:00,2025-02-20T01:00:00Z,T2,31,2025-02-18T06:00:00Z,43,dayahead,0.0,0.0128,0.2412,False,mos-curve-v0
2025-02-18T18:00:00Z,2025-02-19T00:00:00+06:00,2025-02-20T08:00:00+06:00,2025-02-20T02:00:00Z,T2,32,2025-02-18T06:00:00Z,44,dayahead,0.0,0.0198,0.2482,False,mos-curve-v0
2025-02-18T18:00:00Z,2025-02-19T00:00:00+06:00,2025-02-20T09:00:00+06:00,2025-02-20T03:00:00Z,T2,33,2025-02-18T06:00:00Z,45,dayahead,0.0,0.0226,0.2509,False,mos-curve-v0
2025-02-18T18:00:00Z,2025-02-19T00:00:00+06:00,2025-02-20T10:00:00+06:00,2025-02-20T04:00:00Z,T2,34,2025-02-18T06:00:00Z,46,dayahead,0.0,0.0187,0.2471,False,mos-curve-v0
2025-02-18T18:00:00Z,2025-02-19T00:00:00+06:00,2025-02-20T11:00:00+06:00,2025-02-20T05:00:00Z,T2,35,2025-02-18T06:00:00Z,47,dayahead,0.0,0.023,0.2514,False,mos-curve-v0
2025-02-18T18:00:00Z,2025-02-19T00:00:00+06:00,2025-02-20T12:00:00+06:00,2025-02-20T06:00:00Z,T2,36,2025-02-18T06:00:00Z,48,dayahead,0.0,0.0218,0.2502,False,mos-curve-v0
2025-02-18T18:00:00Z,2025-02-19T00:00:00+06:00,2025-02-20T13:00:00+06:00,2025-02-20T07:00:00Z,T2,37,2025-02-18T06:00:00Z,49,dayahead,0.0,0.0363,0.2646,False,mos-curve-v0
2025-02-18T18:00:00Z,2025-02-19T00:00:00+06:00,2025-02-20T14:00:00+06:00,2025-02-20T08:00:00Z,T2,38,2025-02-18T06:00:00Z,50,dayahead,0.0,0.0672,0.2956,False,mos-curve-v0
2025-02-18T18:00:00Z,2025-02-19T00:00:00+06:00,2025-02-20T15:00:00+06:00,2025-02-20T09:00:00Z,T2,39,2025-02-18T06:00:00Z,51,dayahead,0.011,0.0932,0.3216,False,mos-curve-v0
2025-02-18T18:00:00Z,2025-02-19T00:00:00+06:00,2025-02-20T16:00:00+06:00,2025-02-20T10:00:00Z,T2,40,2025-02-18T06:00:00Z,52,dayahead,0.0275,0.1098,0.3381,False,mos-curve-v0
2025-02-18T18:00:00Z,2025-02-19T00:00:00+06:00,2025-02-20T17:00:00+06:00,2025-02-20T11:00:00Z,T2,41,2025-02-18T06:00:00Z,53,dayahead,0.0146,0.0968,0.3252,False,mos-curve-v0
2025-02-18T18:00:00Z,2025-02-19T00:00:00+06:00,2025-02-20T18:00:00+06:00,2025-02-20T12:00:00Z,T2,42,2025-02-18T06:00:00Z,54,dayahead,0.0,0.0698,0.2982,False,mos-curve-v0
2025-02-18T18:00:00Z,2025-02-19T00:00:00+06:00,2025-02-20T19:00:00+06:00,2025-02-20T13:00:00Z,T2,43,2025-02-18T06:00:00Z,55,dayahead,0.0,0.0334,0.2618,False,mos-curve-v0
2025-02-18T18:00:00Z,2025-02-19T00:00:00+06:00,2025-02-20T20:00:00+06:00,2025-02-20T14:00:00Z,T2,44,2025-02-18T06:00:00Z,56,dayahead,0.0,0.0158,0.2442,False,mos-curve-v0
2025-02-18T18:00:00Z,2025-02-19T00:00:00+06:00,2025-02-20T21:00:00+06:00,2025-02-20T15:00:00Z,T2,45,2025-02-18T06:00:00Z,57,dayahead,0.0,0.0187,0.2471,False,mos-curve-v0
2025-02-18T18:00:00Z,2025-02-19T00:00:00+06:00,2025-02-20T22:00:00+06:00,2025-02-20T16:00:00Z,T2,46,2025-02-18T06:00:00Z,58,dayahead,0.0,0.03,0.2584,False,mos-curve-v0
2025-02-18T18:00:00Z,2025-02-19T00:00:00+06:00,2025-02-20T23:00:00+06:00,2025-02-20T17:00:00Z,T2,47,2025-02-18T06:00:00Z,59,dayahead,0.0,0.0353,0.2637,False,mos-curve-v0
2025-02-19T18:00:00Z,2025-02-20T00:00:00+06:00,2025-02-20T00:00:00+06:00,2025-02-19T18:00:00Z,T1,0,2025-02-19T06:00:00Z,12,dayahead,0.0,0.0319,0.2603,False,mos-curve-v0
2025-02-19T18:00:00Z,2025-02-20T00:00:00+06:00,2025-02-20T01:00:00+06:00,2025-02-19T19:00:00Z,T1,1,2025-02-19T06:00:00Z,13,dayahead,0.0,0.0204,0.2487,False,mos-curve-v0
2025-02-19T18:00:00Z,2025-02-20T00:00:00+06:00,2025-02-20T02:00:00+06:00,2025-02-19T20:00:00Z,T1,2,2025-02-19T06:00:00Z,14,dayahead,0.0,0.0175,0.2459,False,mos-curve-v0
2025-02-19T18:00:00Z,2025-02-20T00:00:00+06:00,2025-02-20T03:00:00+06:00,2025-02-19T21:00:00Z,T1,3,2025-02-19T06:00:00Z,15,dayahead,0.0,0.0158,0.2442,False,mos-curve-v0
2025-02-19T18:00:00Z,2025-02-20T00:00:00+06:00,2025-02-20T04:00:00+06:00,2025-02-19T22:00:00Z,T1,4,2025-02-19T06:00:00Z,16,dayahead,0.0,0.0138,0.2422,False,mos-curve-v0
2025-02-19T18:00:00Z,2025-02-20T00:00:00+06:00,2025-02-20T05:00:00+06:00,2025-02-19T23:00:00Z,T1,5,2025-02-19T06:00:00Z,17,dayahead,0.0,0.0139,0.2423,False,mos-curve-v0
2025-02-19T18:00:00Z,2025-02-20T00:00:00+06:00,2025-02-20T06:00:00+06:00,2025-02-20T00:00:00Z,T1,6,2025-02-19T06:00:00Z,18,dayahead,0.0,0.0191,0.2475,False,mos-curve-v0
2025-02-19T18:00:00Z,2025-02-20T00:00:00+06:00,2025-02-20T07:00:00+06:00,2025-02-20T01:00:00Z,T1,7,2025-02-19T06:00:00Z,19,dayahead,0.0,0.0271,0.2555,False,mos-curve-v0
2025-02-19T18:00:00Z,2025-02-20T00:00:00+06:00,2025-02-20T08:00:00+06:00,2025-02-20T02:00:00Z,T1,8,2025-02-19T06:00:00Z,20,dayahead,0.0,0.0574,0.2858,False,mos-curve-v0
2025-02-19T18:00:00Z,2025-02-20T00:00:00+06:00,2025-02-20T09:00:00+06:00,2025-02-20T03:00:00Z,T1,9,2025-02-19T06:00:00Z,21,dayahead,0.0,0.0821,0.3105,False,mos-curve-v0
2025-02-19T18:00:00Z,2025-02-20T00:00:00+06:00,2025-02-20T10:00:00+06:00,2025-02-20T04:00:00Z,T1,10,2025-02-19T06:00:00Z,22,dayahead,0.0,0.0703,0.2987,False,mos-curve-v0
2025-02-19T18:00:00Z,2025-02-20T00:00:00+06:00,2025-02-20T11:00:00+06:00,2025-02-20T05:00:00Z,T1,11,2025-02-19T06:00:00Z,23,dayahead,0.0,0.0559,0.2843,False,mos-curve-v0
2025-02-19T18:00:00Z,2025-02-20T00:00:00+06:00,2025-02-20T12:00:00+06:00,2025-02-20T06:00:00Z,T1,12,2025-02-19T06:00:00Z,24,dayahead,0.0,0.0388,0.2672,False,mos-curve-v0
2025-02-19T18:00:00Z,2025-02-20T00:00:00+06:00,2025-02-20T13:00:00+06:00,2025-02-20T07:00:00Z,T1,13,2025-02-19T06:00:00Z,25,dayahead,0.0,0.0269,0.2553,False,mos-curve-v0
2025-02-19T18:00:00Z,2025-02-20T00:00:00+06:00,2025-02-20T14:00:00+06:00,2025-02-20T08:00:00Z,T1,14,2025-02-19T06:00:00Z,26,dayahead,0.0,0.0193,0.2477,False,mos-curve-v0
2025-02-19T18:00:00Z,2025-02-20T00:00:00+06:00,2025-02-20T15:00:00+06:00,2025-02-20T09:00:00Z,T1,15,2025-02-19T06:00:00Z,27,dayahead,0.0,0.0219,0.2503,False,mos-curve-v0
2025-02-19T18:00:00Z,2025-02-20T00:00:00+06:00,2025-02-20T16:00:00+06:00,2025-02-20T10:00:00Z,T1,16,2025-02-19T06:00:00Z,28,dayahead,0.0,0.0258,0.2542,False,mos-curve-v0
2025-02-19T18:00:00Z,2025-02-20T00:00:00+06:00,2025-02-20T17:00:00+06:00,2025-02-20T11:00:00Z,T1,17,2025-02-19T06:00:00Z,29,dayahead,0.0,0.0415,0.2699,False,mos-curve-v0
2025-02-19T18:00:00Z,2025-02-20T00:00:00+06:00,2025-02-20T18:00:00+06:00,2025-02-20T12:00:00Z,T1,18,2025-02-19T06:00:00Z,30,dayahead,0.0,0.0816,0.3099,False,mos-curve-v0
2025-02-19T18:00:00Z,2025-02-20T00:00:00+06:00,2025-02-20T19:00:00+06:00,2025-02-20T13:00:00Z,T1,19,2025-02-19T06:00:00Z,31,dayahead,0.0,0.0775,0.3059,False,mos-curve-v0
2025-02-19T18:00:00Z,2025-02-20T00:00:00+06:00,2025-02-20T20:00:00+06:00,2025-02-20T14:00:00Z,T1,20,2025-02-19T06:00:00Z,32,dayahead,0.0,0.0325,0.2609,False,mos-curve-v0
2025-02-19T18:00:00Z,2025-02-20T00:00:00+06:00,2025-02-20T21:00:00+06:00,2025-02-20T15:00:00Z,T1,21,2025-02-19T06:00:00Z,33,dayahead,0.0,0.016,0.2444,False,mos-curve-v0
2025-02-19T18:00:00Z,2025-02-20T00:00:00+06:00,2025-02-20T22:00:00+06:00,2025-02-20T16:00:00Z,T1,22,2025-02-19T06:00:00Z,34,dayahead,0.0,0.0171,0.2455,False,mos-curve-v0
2025-02-19T18:00:00Z,2025-02-20T00:00:00+06:00,2025-02-20T23:00:00+06:00,2025-02-20T17:00:00Z,T1,23,2025-02-19T06:00:00Z,35,dayahead,0.0,0.019,0.2474,False,mos-curve-v0
2025-02-19T18:00:00Z,2025-02-20T00:00:00+06:00,2025-02-21T00:00:00+06:00,2025-02-20T18:00:00Z,T1,24,2025-02-19T06:00:00Z,36,dayahead,0.0,0.0146,0.243,False,mos-curve-v0
2025-02-19T18:00:00Z,2025-02-20T00:00:00+06:00,2025-02-21T01:00:00+06:00,2025-02-20T19:00:00Z,T1,25,2025-02-19T06:00:00Z,37,dayahead,0.0,0.0146,0.243,False,mos-curve-v0
2025-02-19T18:00:00Z,2025-02-20T00:00:00+06:00,2025-02-21T02:00:00+06:00,2025-02-20T20:00:00Z,T1,26,2025-02-19T06:00:00Z,38,dayahead,0.0,0.0139,0.2423,False,mos-curve-v0
2025-02-19T18:00:00Z,2025-02-20T00:00:00+06:00,2025-02-21T03:00:00+06:00,2025-02-20T21:00:00Z,T1,27,2025-02-19T06:00:00Z,39,dayahead,0.0,0.0159,0.2443,False,mos-curve-v0
2025-02-19T18:00:00Z,2025-02-20T00:00:00+06:00,2025-02-21T04:00:00+06:00,2025-02-20T22:00:00Z,T1,28,2025-02-19T06:00:00Z,40,dayahead,0.0,0.0157,0.2441,False,mos-curve-v0
2025-02-19T18:00:00Z,2025-02-20T00:00:00+06:00,2025-02-21T05:00:00+06:00,2025-02-20T23:00:00Z,T1,29,2025-02-19T06:00:00Z,41,dayahead,0.0,0.0142,0.2426,False,mos-curve-v0
2025-02-19T18:00:00Z,2025-02-20T00:00:00+06:00,2025-02-21T06:00:00+06:00,2025-02-21T00:00:00Z,T1,30,2025-02-19T06:00:00Z,42,dayahead,0.0,0.0257,0.2541,False,mos-curve-v0
2025-02-19T18:00:00Z,2025-02-20T00:00:00+06:00,2025-02-21T07:00:00+06:00,2025-02-21T01:00:00Z,T1,31,2025-02-19T06:00:00Z,43,dayahead,0.0,0.0646,0.293,False,mos-curve-v0
2025-02-19T18:00:00Z,2025-02-20T00:00:00+06:00,2025-02-21T08:00:00+06:00,2025-02-21T02:00:00Z,T1,32,2025-02-19T06:00:00Z,44,dayahead,0.0,0.156,0.67,False,mos-curve-v0
2025-02-19T18:00:00Z,2025-02-20T00:00:00+06:00,2025-02-21T09:00:00+06:00,2025-02-21T03:00:00Z,T1,33,2025-02-19T06:00:00Z,45,dayahead,0.0,0.2494,0.7634,False,mos-curve-v0
2025-02-19T18:00:00Z,2025-02-20T00:00:00+06:00,2025-02-21T10:00:00+06:00,2025-02-21T04:00:00Z,T1,34,2025-02-19T06:00:00Z,46,dayahead,0.0076,0.2709,0.7849,False,mos-curve-v0
2025-02-19T18:00:00Z,2025-02-20T00:00:00+06:00,2025-02-21T11:00:00+06:00,2025-02-21T05:00:00Z,T1,35,2025-02-19T06:00:00Z,47,dayahead,0.1238,0.3872,0.9011,False,mos-curve-v0
2025-02-19T18:00:00Z,2025-02-20T00:00:00+06:00,2025-02-21T12:00:00+06:00,2025-02-21T06:00:00Z,T1,36,2025-02-19T06:00:00Z,48,dayahead,0.1274,0.6251,0.9238,False,mos-curve-v0
2025-02-19T18:00:00Z,2025-02-20T00:00:00+06:00,2025-02-21T13:00:00+06:00,2025-02-21T07:00:00Z,T1,37,2025-02-19T06:00:00Z,49,dayahead,0.2388,0.7365,1.0,False,mos-curve-v0
2025-02-19T18:00:00Z,2025-02-20T00:00:00+06:00,2025-02-21T14:00:00+06:00,2025-02-21T08:00:00Z,T1,38,2025-02-19T06:00:00Z,50,dayahead,0.2509,0.7485,1.0,False,mos-curve-v0
2025-02-19T18:00:00Z,2025-02-20T00:00:00+06:00,2025-02-21T15:00:00+06:00,2025-02-21T09:00:00Z,T1,39,2025-02-19T06:00:00Z,51,dayahead,0.1888,0.6865,0.9851,False,mos-curve-v0
2025-02-19T18:00:00Z,2025-02-20T00:00:00+06:00,2025-02-21T16:00:00+06:00,2025-02-21T10:00:00Z,T1,40,2025-02-19T06:00:00Z,52,dayahead,0.0772,0.5749,0.8735,False,mos-curve-v0
2025-02-19T18:00:00Z,2025-02-20T00:00:00+06:00,2025-02-21T17:00:00+06:00,2025-02-21T11:00:00Z,T1,41,2025-02-19T06:00:00Z,53,dayahead,0.2336,0.4969,1.0,False,mos-curve-v0
2025-02-19T18:00:00Z,2025-02-20T00:00:00+06:00,2025-02-21T18:00:00+06:00,2025-02-21T12:00:00Z,T1,42,2025-02-19T06:00:00Z,54,dayahead,0.1506,0.414,0.928,False,mos-curve-v0
2025-02-19T18:00:00Z,2025-02-20T00:00:00+06:00,2025-02-21T19:00:00+06:00,2025-02-21T13:00:00Z,T1,43,2025-02-19T06:00:00Z,55,dayahead,0.0896,0.353,0.867,False,mos-curve-v0
2025-02-19T18:00:00Z,2025-02-20T00:00:00+06:00,2025-02-21T20:00:00+06:00,2025-02-21T14:00:00Z,T1,44,2025-02-19T06:00:00Z,56,dayahead,0.0539,0.3172,0.8312,False,mos-curve-v0
2025-02-19T18:00:00Z,2025-02-20T00:00:00+06:00,2025-02-21T21:00:00+06:00,2025-02-21T15:00:00Z,T1,45,2025-02-19T06:00:00Z,57,dayahead,0.0896,0.353,0.867,False,mos-curve-v0
2025-02-19T18:00:00Z,2025-02-20T00:00:00+06:00,2025-02-21T22:00:00+06:00,2025-02-21T16:00:00Z,T1,46,2025-02-19T06:00:00Z,58,dayahead,0.1711,0.4344,0.9484,False,mos-curve-v0
2025-02-19T18:00:00Z,2025-02-20T00:00:00+06:00,2025-02-21T23:00:00+06:00,2025-02-21T17:00:00Z,T1,47,2025-02-19T06:00:00Z,59,dayahead,0.0114,0.5091,0.8078,False,mos-curve-v0
2025-02-19T18:00:00Z,2025-02-20T00:00:00+06:00,2025-02-20T00:00:00+06:00,2025-02-19T18:00:00Z,T2,0,2025-02-19T06:00:00Z,12,dayahead,0.0,0.0319,0.2603,False,mos-curve-v0
2025-02-19T18:00:00Z,2025-02-20T00:00:00+06:00,2025-02-20T01:00:00+06:00,2025-02-19T19:00:00Z,T2,1,2025-02-19T06:00:00Z,13,dayahead,0.0,0.0204,0.2487,False,mos-curve-v0
2025-02-19T18:00:00Z,2025-02-20T00:00:00+06:00,2025-02-20T02:00:00+06:00,2025-02-19T20:00:00Z,T2,2,2025-02-19T06:00:00Z,14,dayahead,0.0,0.0175,0.2459,False,mos-curve-v0
2025-02-19T18:00:00Z,2025-02-20T00:00:00+06:00,2025-02-20T03:00:00+06:00,2025-02-19T21:00:00Z,T2,3,2025-02-19T06:00:00Z,15,dayahead,0.0,0.0158,0.2442,False,mos-curve-v0
2025-02-19T18:00:00Z,2025-02-20T00:00:00+06:00,2025-02-20T04:00:00+06:00,2025-02-19T22:00:00Z,T2,4,2025-02-19T06:00:00Z,16,dayahead,0.0,0.0138,0.2422,False,mos-curve-v0
2025-02-19T18:00:00Z,2025-02-20T00:00:00+06:00,2025-02-20T05:00:00+06:00,2025-02-19T23:00:00Z,T2,5,2025-02-19T06:00:00Z,17,dayahead,0.0,0.0139,0.2423,False,mos-curve-v0
2025-02-19T18:00:00Z,2025-02-20T00:00:00+06:00,2025-02-20T06:00:00+06:00,2025-02-20T00:00:00Z,T2,6,2025-02-19T06:00:00Z,18,dayahead,0.0,0.0191,0.2475,False,mos-curve-v0
2025-02-19T18:00:00Z,2025-02-20T00:00:00+06:00,2025-02-20T07:00:00+06:00,2025-02-20T01:00:00Z,T2,7,2025-02-19T06:00:00Z,19,dayahead,0.0,0.0271,0.2555,False,mos-curve-v0
2025-02-19T18:00:00Z,2025-02-20T00:00:00+06:00,2025-02-20T08:00:00+06:00,2025-02-20T02:00:00Z,T2,8,2025-02-19T06:00:00Z,20,dayahead,0.0,0.0574,0.2858,False,mos-curve-v0
2025-02-19T18:00:00Z,2025-02-20T00:00:00+06:00,2025-02-20T09:00:00+06:00,2025-02-20T03:00:00Z,T2,9,2025-02-19T06:00:00Z,21,dayahead,0.0,0.0821,0.3105,False,mos-curve-v0
2025-02-19T18:00:00Z,2025-02-20T00:00:00+06:00,2025-02-20T10:00:00+06:00,2025-02-20T04:00:00Z,T2,10,2025-02-19T06:00:00Z,22,dayahead,0.0,0.0703,0.2987,False,mos-curve-v0
2025-02-19T18:00:00Z,2025-02-20T00:00:00+06:00,2025-02-20T11:00:00+06:00,2025-02-20T05:00:00Z,T2,11,2025-02-19T06:00:00Z,23,dayahead,0.0,0.0559,0.2843,False,mos-curve-v0
2025-02-19T18:00:00Z,2025-02-20T00:00:00+06:00,2025-02-20T12:00:00+06:00,2025-02-20T06:00:00Z,T2,12,2025-02-19T06:00:00Z,24,dayahead,0.0,0.0388,0.2672,False,mos-curve-v0
2025-02-19T18:00:00Z,2025-02-20T00:00:00+06:00,2025-02-20T13:00:00+06:00,2025-02-20T07:00:00Z,T2,13,2025-02-19T06:00:00Z,25,dayahead,0.0,0.0269,0.2553,False,mos-curve-v0
2025-02-19T18:00:00Z,2025-02-20T00:00:00+06:00,2025-02-20T14:00:00+06:00,2025-02-20T08:00:00Z,T2,14,2025-02-19T06:00:00Z,26,dayahead,0.0,0.0193,0.2477,False,mos-curve-v0
2025-02-19T18:00:00Z,2025-02-20T00:00:00+06:00,2025-02-20T15:00:00+06:00,2025-02-20T09:00:00Z,T2,15,2025-02-19T06:00:00Z,27,dayahead,0.0,0.0219,0.2503,False,mos-curve-v0
2025-02-19T18:00:00Z,2025-02-20T00:00:00+06:00,2025-02-20T16:00:00+06:00,2025-02-20T10:00:00Z,T2,16,2025-02-19T06:00:00Z,28,dayahead,0.0,0.0258,0.2542,False,mos-curve-v0
2025-02-19T18:00:00Z,2025-02-20T00:00:00+06:00,2025-02-20T17:00:00+06:00,2025-02-20T11:00:00Z,T2,17,2025-02-19T06:00:00Z,29,dayahead,0.0,0.0415,0.2699,False,mos-curve-v0
2025-02-19T18:00:00Z,2025-02-20T00:00:00+06:00,2025-02-20T18:00:00+06:00,2025-02-20T12:00:00Z,T2,18,2025-02-19T06:00:00Z,30,dayahead,0.0,0.0816,0.3099,False,mos-curve-v0
2025-02-19T18:00:00Z,2025-02-20T00:00:00+06:00,2025-02-20T19:00:00+06:00,2025-02-20T13:00:00Z,T2,19,2025-02-19T06:00:00Z,31,dayahead,0.0,0.0775,0.3059,False,mos-curve-v0
2025-02-19T18:00:00Z,2025-02-20T00:00:00+06:00,2025-02-20T20:00:00+06:00,2025-02-20T14:00:00Z,T2,20,2025-02-19T06:00:00Z,32,dayahead,0.0,0.0325,0.2609,False,mos-curve-v0
2025-02-19T18:00:00Z,2025-02-20T00:00:00+06:00,2025-02-20T21:00:00+06:00,2025-02-20T15:00:00Z,T2,21,2025-02-19T06:00:00Z,33,dayahead,0.0,0.016,0.2444,False,mos-curve-v0
2025-02-19T18:00:00Z,2025-02-20T00:00:00+06:00,2025-02-20T22:00:00+06:00,2025-02-20T16:00:00Z,T2,22,2025-02-19T06:00:00Z,34,dayahead,0.0,0.0171,0.2455,False,mos-curve-v0
2025-02-19T18:00:00Z,2025-02-20T00:00:00+06:00,2025-02-20T23:00:00+06:00,2025-02-20T17:00:00Z,T2,23,2025-02-19T06:00:00Z,35,dayahead,0.0,0.019,0.2474,False,mos-curve-v0
2025-02-19T18:00:00Z,2025-02-20T00:00:00+06:00,2025-02-21T00:00:00+06:00,2025-02-20T18:00:00Z,T2,24,2025-02-19T06:00:00Z,36,dayahead,0.0,0.0146,0.243,False,mos-curve-v0
2025-02-19T18:00:00Z,2025-02-20T00:00:00+06:00,2025-02-21T01:00:00+06:00,2025-02-20T19:00:00Z,T2,25,2025-02-19T06:00:00Z,37,dayahead,0.0,0.0146,0.243,False,mos-curve-v0
2025-02-19T18:00:00Z,2025-02-20T00:00:00+06:00,2025-02-21T02:00:00+06:00,2025-02-20T20:00:00Z,T2,26,2025-02-19T06:00:00Z,38,dayahead,0.0,0.0139,0.2423,False,mos-curve-v0
2025-02-19T18:00:00Z,2025-02-20T00:00:00+06:00,2025-02-21T03:00:00+06:00,2025-02-20T21:00:00Z,T2,27,2025-02-19T06:00:00Z,39,dayahead,0.0,0.0159,0.2443,False,mos-curve-v0
2025-02-19T18:00:00Z,2025-02-20T00:00:00+06:00,2025-02-21T04:00:00+06:00,2025-02-20T22:00:00Z,T2,28,2025-02-19T06:00:00Z,40,dayahead,0.0,0.0157,0.2441,False,mos-curve-v0
2025-02-19T18:00:00Z,2025-02-20T00:00:00+06:00,2025-02-21T05:00:00+06:00,2025-02-20T23:00:00Z,T2,29,2025-02-19T06:00:00Z,41,dayahead,0.0,0.0142,0.2426,False,mos-curve-v0
2025-02-19T18:00:00Z,2025-02-20T00:00:00+06:00,2025-02-21T06:00:00+06:00,2025-02-21T00:00:00Z,T2,30,2025-02-19T06:00:00Z,42,dayahead,0.0,0.0257,0.2541,False,mos-curve-v0
2025-02-19T18:00:00Z,2025-02-20T00:00:00+06:00,2025-02-21T07:00:00+06:00,2025-02-21T01:00:00Z,T2,31,2025-02-19T06:00:00Z,43,dayahead,0.0,0.0646,0.293,False,mos-curve-v0
2025-02-19T18:00:00Z,2025-02-20T00:00:00+06:00,2025-02-21T08:00:00+06:00,2025-02-21T02:00:00Z,T2,32,2025-02-19T06:00:00Z,44,dayahead,0.0,0.156,0.67,False,mos-curve-v0
2025-02-19T18:00:00Z,2025-02-20T00:00:00+06:00,2025-02-21T09:00:00+06:00,2025-02-21T03:00:00Z,T2,33,2025-02-19T06:00:00Z,45,dayahead,0.0,0.2494,0.7634,False,mos-curve-v0
2025-02-19T18:00:00Z,2025-02-20T00:00:00+06:00,2025-02-21T10:00:00+06:00,2025-02-21T04:00:00Z,T2,34,2025-02-19T06:00:00Z,46,dayahead,0.0076,0.2709,0.7849,False,mos-curve-v0
2025-02-19T18:00:00Z,2025-02-20T00:00:00+06:00,2025-02-21T11:00:00+06:00,2025-02-21T05:00:00Z,T2,35,2025-02-19T06:00:00Z,47,dayahead,0.1238,0.3872,0.9011,False,mos-curve-v0
2025-02-19T18:00:00Z,2025-02-20T00:00:00+06:00,2025-02-21T12:00:00+06:00,2025-02-21T06:00:00Z,T2,36,2025-02-19T06:00:00Z,48,dayahead,0.1274,0.6251,0.9238,False,mos-curve-v0
2025-02-19T18:00:00Z,2025-02-20T00:00:00+06:00,2025-02-21T13:00:00+06:00,2025-02-21T07:00:00Z,T2,37,2025-02-19T06:00:00Z,49,dayahead,0.2388,0.7365,1.0,False,mos-curve-v0
2025-02-19T18:00:00Z,2025-02-20T00:00:00+06:00,2025-02-21T14:00:00+06:00,2025-02-21T08:00:00Z,T2,38,2025-02-19T06:00:00Z,50,dayahead,0.2509,0.7485,1.0,False,mos-curve-v0
2025-02-19T18:00:00Z,2025-02-20T00:00:00+06:00,2025-02-21T15:00:00+06:00,2025-02-21T09:00:00Z,T2,39,2025-02-19T06:00:00Z,51,dayahead,0.1888,0.6865,0.9851,False,mos-curve-v0
2025-02-19T18:00:00Z,2025-02-20T00:00:00+06:00,2025-02-21T16:00:00+06:00,2025-02-21T10:00:00Z,T2,40,2025-02-19T06:00:00Z,52,dayahead,0.0772,0.5749,0.8735,False,mos-curve-v0
2025-02-19T18:00:00Z,2025-02-20T00:00:00+06:00,2025-02-21T17:00:00+06:00,2025-02-21T11:00:00Z,T2,41,2025-02-19T06:00:00Z,53,dayahead,0.2336,0.4969,1.0,False,mos-curve-v0
2025-02-19T18:00:00Z,2025-02-20T00:00:00+06:00,2025-02-21T18:00:00+06:00,2025-02-21T12:00:00Z,T2,42,2025-02-19T06:00:00Z,54,dayahead,0.1506,0.414,0.928,False,mos-curve-v0
2025-02-19T18:00:00Z,2025-02-20T00:00:00+06:00,2025-02-21T19:00:00+06:00,2025-02-21T13:00:00Z,T2,43,2025-02-19T06:00:00Z,55,dayahead,0.0896,0.353,0.867,False,mos-curve-v0
2025-02-19T18:00:00Z,2025-02-20T00:00:00+06:00,2025-02-21T20:00:00+06:00,2025-02-21T14:00:00Z,T2,44,2025-02-19T06:00:00Z,56,dayahead,0.0539,0.3172,0.8312,False,mos-curve-v0
2025-02-19T18:00:00Z,2025-02-20T00:00:00+06:00,2025-02-21T21:00:00+06:00,2025-02-21T15:00:00Z,T2,45,2025-02-19T06:00:00Z,57,dayahead,0.0896,0.353,0.867,False,mos-curve-v0
2025-02-19T18:00:00Z,2025-02-20T00:00:00+06:00,2025-02-21T22:00:00+06:00,2025-02-21T16:00:00Z,T2,46,2025-02-19T06:00:00Z,58,dayahead,0.1711,0.4344,0.9484,False,mos-curve-v0
2025-02-19T18:00:00Z,2025-02-20T00:00:00+06:00,2025-02-21T23:00:00+06:00,2025-02-21T17:00:00Z,T2,47,2025-02-19T06:00:00Z,59,dayahead,0.0114,0.5091,0.8078,False,mos-curve-v0
2025-02-20T18:00:00Z,2025-02-21T00:00:00+06:00,2025-02-21T00:00:00+06:00,2025-02-20T18:00:00Z,T1,0,2025-02-20T06:00:00Z,12,dayahead,0.0,0.0567,0.285,False,mos-curve-v0
2025-02-20T18:00:00Z,2025-02-21T00:00:00+06:00,2025-02-21T01:00:00+06:00,2025-02-20T19:00:00Z,T1,1,2025-02-20T06:00:00Z,13,dayahead,0.0,0.0383,0.2666,False,mos-curve-v0
2025-02-20T18:00:00Z,2025-02-21T00:00:00+06:00,2025-02-21T02:00:00+06:00,2025-02-20T20:00:00Z,T1,2,2025-02-20T06:00:00Z,14,dayahead,0.0,0.0246,0.253,False,mos-curve-v0
2025-02-20T18:00:00Z,2025-02-21T00:00:00+06:00,2025-02-21T03:00:00+06:00,2025-02-20T21:00:00Z,T1,3,2025-02-20T06:00:00Z,15,dayahead,0.0,0.0124,0.2408,False,mos-curve-v0
2025-02-20T18:00:00Z,2025-02-21T00:00:00+06:00,2025-02-21T04:00:00+06:00,2025-02-20T22:00:00Z,T1,4,2025-02-20T06:00:00Z,16,dayahead,0.0,0.0127,0.2411,False,mos-curve-v0
2025-02-20T18:00:00Z,2025-02-21T00:00:00+06:00,2025-02-21T05:00:00+06:00,2025-02-20T23:00:00Z,T1,5,2025-02-20T06:00:00Z,17,dayahead,0.0,0.0118,0.2402,False,mos-curve-v0
2025-02-20T18:00:00Z,2025-02-21T00:00:00+06:00,2025-02-21T06:00:00+06:00,2025-02-21T00:00:00Z,T1,6,2025-02-20T06:00:00Z,18,dayahead,0.0,0.0189,0.2473,False,mos-curve-v0
2025-02-20T18:00:00Z,2025-02-21T00:00:00+06:00,2025-02-21T07:00:00+06:00,2025-02-21T01:00:00Z,T1,7,2025-02-20T06:00:00Z,19,dayahead,0.0,0.0383,0.2666,False,mos-curve-v0
2025-02-20T18:00:00Z,2025-02-21T00:00:00+06:00,2025-02-21T08:00:00+06:00,2025-02-21T02:00:00Z,T1,8,2025-02-20T06:00:00Z,20,dayahead,0.0396,0.1219,0.3503,False,mos-curve-v0
2025-02-20T18:00:00Z,2025-02-21T00:00:00+06:00,2025-02-21T09:00:00+06:00,2025-02-21T03:00:00Z,T1,9,2025-02-20T06:00:00Z,21,dayahead,0.0,0.252,0.766,False,mos-curve-v0
2025-02-20T18:00:00Z,2025-02-21T00:00:00+06:00,2025-02-21T10:00:00+06:00,2025-02-21T04:00:00Z,T1,10,2025-02-20T06:00:00Z,22,dayahead,0.0,0.2242,0.7382,False,mos-curve-v0
2025-02-20T18:00:00Z,2025-02-21T00:00:00+06:00,2025-02-21T11:00:00+06:00,2025-02-21T05:00:00Z,T1,11,2025-02-20T06:00:00Z,23,dayahead,0.0801,0.3435,0.8575,False,mos-curve-v0
2025-02-20T18:00:00Z,2025-02-21T00:00:00+06:00,2025-02-21T12:00:00+06:00,2025-02-21T06:00:00Z,T1,12,2025-02-20T06:00:00Z,24,dayahead,0.0652,0.5629,0.8615,False,mos-curve-v0
2025-02-20T18:00:00Z,2025-02-21T00:00:00+06:00,2025-02-21T13:00:00+06:00,2025-02-21T07:00:00Z,T1,13,2025-02-20T06:00:00Z,25,dayahead,0.1962,0.6939,0.9926,False,mos-curve-v0
2025-02-20T18:00:00Z,2025-02-21T00:00:00+06:00,2025-02-21T14:00:00+06:00,2025-02-21T08:00:00Z,T1,14,2025-02-20T06:00:00Z,26,dayahead,0.2123,0.71,1.0,False,mos-curve-v0
2025-02-20T18:00:00Z,2025-02-21T00:00:00+06:00,2025-02-21T15:00:00+06:00,2025-02-21T09:00:00Z,T1,15,2025-02-20T06:00:00Z,27,dayahead,0.1888,0.6865,0.9851,False,mos-curve-v0
2025-02-20T18:00:00Z,2025-02-21T00:00:00+06:00,2025-02-21T16:00:00+06:00,2025-02-21T10:00:00Z,T1,16,2025-02-20T06:00:00Z,28,dayahead,0.0686,0.5663,0.865,False,mos-curve-v0
2025-02-20T18:00:00Z,2025-02-21T00:00:00+06:00,2025-02-21T17:00:00+06:00,2025-02-21T11:00:00Z,T1,17,2025-02-20T06:00:00Z,29,dayahead,0.2266,0.4899,1.0,False,mos-curve-v0
2025-02-20T18:00:00Z,2025-02-21T00:00:00+06:00,2025-02-21T18:00:00+06:00,2025-02-21T12:00:00Z,T1,18,2025-02-20T06:00:00Z,30,dayahead,0.1238,0.3872,0.9011,False,mos-curve-v0
2025-02-20T18:00:00Z,2025-02-21T00:00:00+06:00,2025-02-21T19:00:00+06:00,2025-02-21T13:00:00Z,T1,19,2025-02-20T06:00:00Z,31,dayahead,0.0,0.2534,0.7674,False,mos-curve-v0
2025-02-20T18:00:00Z,2025-02-21T00:00:00+06:00,2025-02-21T20:00:00+06:00,2025-02-21T14:00:00Z,T1,20,2025-02-20T06:00:00Z,32,dayahead,0.0,0.2194,0.7334,False,mos-curve-v0
2025-02-20T18:00:00Z,2025-02-21T00:00:00+06:00,2025-02-21T21:00:00+06:00,2025-02-21T15:00:00Z,T1,21,2025-02-20T06:00:00Z,33,dayahead,0.0,0.2065,0.7205,False,mos-curve-v0
2025-02-20T18:00:00Z,2025-02-21T00:00:00+06:00,2025-02-21T22:00:00+06:00,2025-02-21T16:00:00Z,T1,22,2025-02-20T06:00:00Z,34,dayahead,0.0,0.2468,0.7608,False,mos-curve-v0
2025-02-20T18:00:00Z,2025-02-21T00:00:00+06:00,2025-02-21T23:00:00+06:00,2025-02-21T17:00:00Z,T1,23,2025-02-20T06:00:00Z,35,dayahead,0.0786,0.3419,0.8559,False,mos-curve-v0
2025-02-20T18:00:00Z,2025-02-21T00:00:00+06:00,2025-02-22T00:00:00+06:00,2025-02-21T18:00:00Z,T1,24,2025-02-20T06:00:00Z,36,dayahead,0.1321,0.3955,0.9095,False,mos-curve-v0
2025-02-20T18:00:00Z,2025-02-21T00:00:00+06:00,2025-02-22T01:00:00+06:00,2025-02-21T19:00:00Z,T1,25,2025-02-20T06:00:00Z,37,dayahead,0.1728,0.4362,0.9501,False,mos-curve-v0
2025-02-20T18:00:00Z,2025-02-21T00:00:00+06:00,2025-02-22T02:00:00+06:00,2025-02-21T20:00:00Z,T1,26,2025-02-20T06:00:00Z,38,dayahead,0.0079,0.5056,0.8043,False,mos-curve-v0
2025-02-20T18:00:00Z,2025-02-21T00:00:00+06:00,2025-02-22T03:00:00+06:00,2025-02-21T21:00:00Z,T1,27,2025-02-20T06:00:00Z,39,dayahead,0.0306,0.5283,0.8269,False,mos-curve-v0
2025-02-20T18:00:00Z,2025-02-21T00:00:00+06:00,2025-02-22T04:00:00+06:00,2025-02-21T22:00:00Z,T1,28,2025-02-20T06:00:00Z,40,dayahead,0.0549,0.5526,0.8512,False,mos-curve-v0
2025-02-20T18:00:00Z,2025-02-21T00:00:00+06:00,2025-02-22T05:00:00+06:00,2025-02-21T23:00:00Z,T1,29,2025-02-20T06:00:00Z,41,dayahead,0.1241,0.6218,0.9205,False,mos-curve-v0
2025-02-20T18:00:00Z,2025-02-21T00:00:00+06:00,2025-02-22T06:00:00+06:00,2025-02-22T00:00:00Z,T1,30,2025-02-20T06:00:00Z,42,dayahead,0.2166,0.7143,1.0,False,mos-curve-v0
2025-02-20T18:00:00Z,2025-02-21T00:00:00+06:00,2025-02-22T07:00:00+06:00,2025-02-22T01:00:00Z,T1,31,2025-02-20T06:00:00Z,43,dayahead,0.2612,0.7589,1.0,False,mos-curve-v0
2025-02-20T18:00:00Z,2025-02-21T00:00:00+06:00,2025-02-22T08:00:00+06:00,2025-02-22T02:00:00Z,T1,32,2025-02-20T06:00:00Z,44,dayahead,0.294,0.7917,1.0,False,mos-curve-v0
2025-02-20T18:00:00Z,2025-02-21T00:00:00+06:00,2025-02-22T09:00:00+06:00,2025-02-22T03:00:00Z,T1,33,2025-02-20T06:00:00Z,45,dayahead,0.2835,0.7812,1.0,False,mos-curve-v0
2025-02-20T18:00:00Z,2025-02-21T00:00:00+06:00,2025-02-22T10:00:00+06:00,2025-02-22T04:00:00Z,T1,34,2025-02-20T06:00:00Z,46,dayahead,0.1766,0.6743,0.973,False,mos-curve-v0
2025-02-20T18:00:00Z,2025-02-21T00:00:00+06:00,2025-02-22T11:00:00+06:00,2025-02-22T05:00:00Z,T1,35,2025-02-20T06:00:00Z,47,dayahead,0.294,0.7917,1.0,False,mos-curve-v0
2025-02-20T18:00:00Z,2025-02-21T00:00:00+06:00,2025-02-22T12:00:00+06:00,2025-02-22T06:00:00Z,T1,36,2025-02-20T06:00:00Z,48,dayahead,0.5258,0.8843,0.9693,False,mos-curve-v0
2025-02-20T18:00:00Z,2025-02-21T00:00:00+06:00,2025-02-22T13:00:00+06:00,2025-02-22T07:00:00Z,T1,37,2025-02-20T06:00:00Z,49,dayahead,0.5258,0.8843,0.9693,False,mos-curve-v0
2025-02-20T18:00:00Z,2025-02-21T00:00:00+06:00,2025-02-22T14:00:00+06:00,2025-02-22T08:00:00Z,T1,38,2025-02-20T06:00:00Z,50,dayahead,0.5051,0.8635,0.9485,False,mos-curve-v0
2025-02-20T18:00:00Z,2025-02-21T00:00:00+06:00,2025-02-22T15:00:00+06:00,2025-02-22T09:00:00Z,T1,39,2025-02-20T06:00:00Z,51,dayahead,0.3224,0.8201,1.0,False,mos-curve-v0
2025-02-20T18:00:00Z,2025-02-21T00:00:00+06:00,2025-02-22T16:00:00+06:00,2025-02-22T10:00:00Z,T1,40,2025-02-20T06:00:00Z,52,dayahead,0.2587,0.7564,1.0,False,mos-curve-v0
2025-02-20T18:00:00Z,2025-02-21T00:00:00+06:00,2025-02-22T17:00:00+06:00,2025-02-22T11:00:00Z,T1,41,2025-02-20T06:00:00Z,53,dayahead,0.2094,0.7071,1.0,False,mos-curve-v0
2025-02-20T18:00:00Z,2025-02-21T00:00:00+06:00,2025-02-22T18:00:00+06:00,2025-02-22T12:00:00Z,T1,42,2025-02-20T06:00:00Z,54,dayahead,0.0669,0.5646,0.8633,False,mos-curve-v0
2025-02-20T18:00:00Z,2025-02-21T00:00:00+06:00,2025-02-22T19:00:00+06:00,2025-02-22T13:00:00Z,T1,43,2025-02-20T06:00:00Z,55,dayahead,0.1123,0.3756,0.8896,False,mos-curve-v0
2025-02-20T18:00:00Z,2025-02-21T00:00:00+06:00,2025-02-22T20:00:00+06:00,2025-02-22T14:00:00Z,T1,44,2025-02-20T06:00:00Z,56,dayahead,0.0048,0.2682,0.7822,False,mos-curve-v0
2025-02-20T18:00:00Z,2025-02-21T00:00:00+06:00,2025-02-22T21:00:00+06:00,2025-02-22T15:00:00Z,T1,45,2025-02-20T06:00:00Z,57,dayahead,0.0865,0.3498,0.8638,False,mos-curve-v0
2025-02-20T18:00:00Z,2025-02-21T00:00:00+06:00,2025-02-22T22:00:00+06:00,2025-02-22T16:00:00Z,T1,46,2025-02-20T06:00:00Z,58,dayahead,0.2022,0.4655,0.9795,False,mos-curve-v0
2025-02-20T18:00:00Z,2025-02-21T00:00:00+06:00,2025-02-22T23:00:00+06:00,2025-02-22T17:00:00Z,T1,47,2025-02-20T06:00:00Z,59,dayahead,0.0462,0.5439,0.8426,False,mos-curve-v0
2025-02-20T18:00:00Z,2025-02-21T00:00:00+06:00,2025-02-21T00:00:00+06:00,2025-02-20T18:00:00Z,T2,0,2025-02-20T06:00:00Z,12,dayahead,0.0,0.0567,0.285,False,mos-curve-v0
2025-02-20T18:00:00Z,2025-02-21T00:00:00+06:00,2025-02-21T01:00:00+06:00,2025-02-20T19:00:00Z,T2,1,2025-02-20T06:00:00Z,13,dayahead,0.0,0.0383,0.2666,False,mos-curve-v0
2025-02-20T18:00:00Z,2025-02-21T00:00:00+06:00,2025-02-21T02:00:00+06:00,2025-02-20T20:00:00Z,T2,2,2025-02-20T06:00:00Z,14,dayahead,0.0,0.0246,0.253,False,mos-curve-v0
2025-02-20T18:00:00Z,2025-02-21T00:00:00+06:00,2025-02-21T03:00:00+06:00,2025-02-20T21:00:00Z,T2,3,2025-02-20T06:00:00Z,15,dayahead,0.0,0.0124,0.2408,False,mos-curve-v0
2025-02-20T18:00:00Z,2025-02-21T00:00:00+06:00,2025-02-21T04:00:00+06:00,2025-02-20T22:00:00Z,T2,4,2025-02-20T06:00:00Z,16,dayahead,0.0,0.0127,0.2411,False,mos-curve-v0
2025-02-20T18:00:00Z,2025-02-21T00:00:00+06:00,2025-02-21T05:00:00+06:00,2025-02-20T23:00:00Z,T2,5,2025-02-20T06:00:00Z,17,dayahead,0.0,0.0118,0.2402,False,mos-curve-v0
2025-02-20T18:00:00Z,2025-02-21T00:00:00+06:00,2025-02-21T06:00:00+06:00,2025-02-21T00:00:00Z,T2,6,2025-02-20T06:00:00Z,18,dayahead,0.0,0.0189,0.2473,False,mos-curve-v0
2025-02-20T18:00:00Z,2025-02-21T00:00:00+06:00,2025-02-21T07:00:00+06:00,2025-02-21T01:00:00Z,T2,7,2025-02-20T06:00:00Z,19,dayahead,0.0,0.0383,0.2666,False,mos-curve-v0
2025-02-20T18:00:00Z,2025-02-21T00:00:00+06:00,2025-02-21T08:00:00+06:00,2025-02-21T02:00:00Z,T2,8,2025-02-20T06:00:00Z,20,dayahead,0.0396,0.1219,0.3503,False,mos-curve-v0
2025-02-20T18:00:00Z,2025-02-21T00:00:00+06:00,2025-02-21T09:00:00+06:00,2025-02-21T03:00:00Z,T2,9,2025-02-20T06:00:00Z,21,dayahead,0.0,0.252,0.766,False,mos-curve-v0
2025-02-20T18:00:00Z,2025-02-21T00:00:00+06:00,2025-02-21T10:00:00+06:00,2025-02-21T04:00:00Z,T2,10,2025-02-20T06:00:00Z,22,dayahead,0.0,0.2242,0.7382,False,mos-curve-v0
2025-02-20T18:00:00Z,2025-02-21T00:00:00+06:00,2025-02-21T11:00:00+06:00,2025-02-21T05:00:00Z,T2,11,2025-02-20T06:00:00Z,23,dayahead,0.0801,0.3435,0.8575,False,mos-curve-v0
2025-02-20T18:00:00Z,2025-02-21T00:00:00+06:00,2025-02-21T12:00:00+06:00,2025-02-21T06:00:00Z,T2,12,2025-02-20T06:00:00Z,24,dayahead,0.0652,0.5629,0.8615,False,mos-curve-v0
2025-02-20T18:00:00Z,2025-02-21T00:00:00+06:00,2025-02-21T13:00:00+06:00,2025-02-21T07:00:00Z,T2,13,2025-02-20T06:00:00Z,25,dayahead,0.1962,0.6939,0.9926,False,mos-curve-v0
2025-02-20T18:00:00Z,2025-02-21T00:00:00+06:00,2025-02-21T14:00:00+06:00,2025-02-21T08:00:00Z,T2,14,2025-02-20T06:00:00Z,26,dayahead,0.2123,0.71,1.0,False,mos-curve-v0
2025-02-20T18:00:00Z,2025-02-21T00:00:00+06:00,2025-02-21T15:00:00+06:00,2025-02-21T09:00:00Z,T2,15,2025-02-20T06:00:00Z,27,dayahead,0.1888,0.6865,0.9851,False,mos-curve-v0
2025-02-20T18:00:00Z,2025-02-21T00:00:00+06:00,2025-02-21T16:00:00+06:00,2025-02-21T10:00:00Z,T2,16,2025-02-20T06:00:00Z,28,dayahead,0.0686,0.5663,0.865,False,mos-curve-v0
2025-02-20T18:00:00Z,2025-02-21T00:00:00+06:00,2025-02-21T17:00:00+06:00,2025-02-21T11:00:00Z,T2,17,2025-02-20T06:00:00Z,29,dayahead,0.2266,0.4899,1.0,False,mos-curve-v0
2025-02-20T18:00:00Z,2025-02-21T00:00:00+06:00,2025-02-21T18:00:00+06:00,2025-02-21T12:00:00Z,T2,18,2025-02-20T06:00:00Z,30,dayahead,0.1238,0.3872,0.9011,False,mos-curve-v0
2025-02-20T18:00:00Z,2025-02-21T00:00:00+06:00,2025-02-21T19:00:00+06:00,2025-02-21T13:00:00Z,T2,19,2025-02-20T06:00:00Z,31,dayahead,0.0,0.2534,0.7674,False,mos-curve-v0
2025-02-20T18:00:00Z,2025-02-21T00:00:00+06:00,2025-02-21T20:00:00+06:00,2025-02-21T14:00:00Z,T2,20,2025-02-20T06:00:00Z,32,dayahead,0.0,0.2194,0.7334,False,mos-curve-v0
2025-02-20T18:00:00Z,2025-02-21T00:00:00+06:00,2025-02-21T21:00:00+06:00,2025-02-21T15:00:00Z,T2,21,2025-02-20T06:00:00Z,33,dayahead,0.0,0.2065,0.7205,False,mos-curve-v0
2025-02-20T18:00:00Z,2025-02-21T00:00:00+06:00,2025-02-21T22:00:00+06:00,2025-02-21T16:00:00Z,T2,22,2025-02-20T06:00:00Z,34,dayahead,0.0,0.2468,0.7608,False,mos-curve-v0
2025-02-20T18:00:00Z,2025-02-21T00:00:00+06:00,2025-02-21T23:00:00+06:00,2025-02-21T17:00:00Z,T2,23,2025-02-20T06:00:00Z,35,dayahead,0.0786,0.3419,0.8559,False,mos-curve-v0
2025-02-20T18:00:00Z,2025-02-21T00:00:00+06:00,2025-02-22T00:00:00+06:00,2025-02-21T18:00:00Z,T2,24,2025-02-20T06:00:00Z,36,dayahead,0.1321,0.3955,0.9095,False,mos-curve-v0
2025-02-20T18:00:00Z,2025-02-21T00:00:00+06:00,2025-02-22T01:00:00+06:00,2025-02-21T19:00:00Z,T2,25,2025-02-20T06:00:00Z,37,dayahead,0.1728,0.4362,0.9501,False,mos-curve-v0
2025-02-20T18:00:00Z,2025-02-21T00:00:00+06:00,2025-02-22T02:00:00+06:00,2025-02-21T20:00:00Z,T2,26,2025-02-20T06:00:00Z,38,dayahead,0.0079,0.5056,0.8043,False,mos-curve-v0
2025-02-20T18:00:00Z,2025-02-21T00:00:00+06:00,2025-02-22T03:00:00+06:00,2025-02-21T21:00:00Z,T2,27,2025-02-20T06:00:00Z,39,dayahead,0.0306,0.5283,0.8269,False,mos-curve-v0
2025-02-20T18:00:00Z,2025-02-21T00:00:00+06:00,2025-02-22T04:00:00+06:00,2025-02-21T22:00:00Z,T2,28,2025-02-20T06:00:00Z,40,dayahead,0.0549,0.5526,0.8512,False,mos-curve-v0
2025-02-20T18:00:00Z,2025-02-21T00:00:00+06:00,2025-02-22T05:00:00+06:00,2025-02-21T23:00:00Z,T2,29,2025-02-20T06:00:00Z,41,dayahead,0.1241,0.6218,0.9205,False,mos-curve-v0
2025-02-20T18:00:00Z,2025-02-21T00:00:00+06:00,2025-02-22T06:00:00+06:00,2025-02-22T00:00:00Z,T2,30,2025-02-20T06:00:00Z,42,dayahead,0.2166,0.7143,1.0,False,mos-curve-v0
2025-02-20T18:00:00Z,2025-02-21T00:00:00+06:00,2025-02-22T07:00:00+06:00,2025-02-22T01:00:00Z,T2,31,2025-02-20T06:00:00Z,43,dayahead,0.2612,0.7589,1.0,False,mos-curve-v0
2025-02-20T18:00:00Z,2025-02-21T00:00:00+06:00,2025-02-22T08:00:00+06:00,2025-02-22T02:00:00Z,T2,32,2025-02-20T06:00:00Z,44,dayahead,0.294,0.7917,1.0,False,mos-curve-v0
2025-02-20T18:00:00Z,2025-02-21T00:00:00+06:00,2025-02-22T09:00:00+06:00,2025-02-22T03:00:00Z,T2,33,2025-02-20T06:00:00Z,45,dayahead,0.2835,0.7812,1.0,False,mos-curve-v0
2025-02-20T18:00:00Z,2025-02-21T00:00:00+06:00,2025-02-22T10:00:00+06:00,2025-02-22T04:00:00Z,T2,34,2025-02-20T06:00:00Z,46,dayahead,0.1766,0.6743,0.973,False,mos-curve-v0
2025-02-20T18:00:00Z,2025-02-21T00:00:00+06:00,2025-02-22T11:00:00+06:00,2025-02-22T05:00:00Z,T2,35,2025-02-20T06:00:00Z,47,dayahead,0.294,0.7917,1.0,False,mos-curve-v0
2025-02-20T18:00:00Z,2025-02-21T00:00:00+06:00,2025-02-22T12:00:00+06:00,2025-02-22T06:00:00Z,T2,36,2025-02-20T06:00:00Z,48,dayahead,0.5258,0.8843,0.9693,False,mos-curve-v0
2025-02-20T18:00:00Z,2025-02-21T00:00:00+06:00,2025-02-22T13:00:00+06:00,2025-02-22T07:00:00Z,T2,37,2025-02-20T06:00:00Z,49,dayahead,0.5258,0.8843,0.9693,False,mos-curve-v0
2025-02-20T18:00:00Z,2025-02-21T00:00:00+06:00,2025-02-22T14:00:00+06:00,2025-02-22T08:00:00Z,T2,38,2025-02-20T06:00:00Z,50,dayahead,0.5051,0.8635,0.9485,False,mos-curve-v0
2025-02-20T18:00:00Z,2025-02-21T00:00:00+06:00,2025-02-22T15:00:00+06:00,2025-02-22T09:00:00Z,T2,39,2025-02-20T06:00:00Z,51,dayahead,0.3224,0.8201,1.0,False,mos-curve-v0
2025-02-20T18:00:00Z,2025-02-21T00:00:00+06:00,2025-02-22T16:00:00+06:00,2025-02-22T10:00:00Z,T2,40,2025-02-20T06:00:00Z,52,dayahead,0.2587,0.7564,1.0,False,mos-curve-v0
2025-02-20T18:00:00Z,2025-02-21T00:00:00+06:00,2025-02-22T17:00:00+06:00,2025-02-22T11:00:00Z,T2,41,2025-02-20T06:00:00Z,53,dayahead,0.2094,0.7071,1.0,False,mos-curve-v0
2025-02-20T18:00:00Z,2025-02-21T00:00:00+06:00,2025-02-22T18:00:00+06:00,2025-02-22T12:00:00Z,T2,42,2025-02-20T06:00:00Z,54,dayahead,0.0669,0.5646,0.8633,False,mos-curve-v0
2025-02-20T18:00:00Z,2025-02-21T00:00:00+06:00,2025-02-22T19:00:00+06:00,2025-02-22T13:00:00Z,T2,43,2025-02-20T06:00:00Z,55,dayahead,0.1123,0.3756,0.8896,False,mos-curve-v0
2025-02-20T18:00:00Z,2025-02-21T00:00:00+06:00,2025-02-22T20:00:00+06:00,2025-02-22T14:00:00Z,T2,44,2025-02-20T06:00:00Z,56,dayahead,0.0048,0.2682,0.7822,False,mos-curve-v0
2025-02-20T18:00:00Z,2025-02-21T00:00:00+06:00,2025-02-22T21:00:00+06:00,2025-02-22T15:00:00Z,T2,45,2025-02-20T06:00:00Z,57,dayahead,0.0865,0.3498,0.8638,False,mos-curve-v0
2025-02-20T18:00:00Z,2025-02-21T00:00:00+06:00,2025-02-22T22:00:00+06:00,2025-02-22T16:00:00Z,T2,46,2025-02-20T06:00:00Z,58,dayahead,0.2022,0.4655,0.9795,False,mos-curve-v0
2025-02-20T18:00:00Z,2025-02-21T00:00:00+06:00,2025-02-22T23:00:00+06:00,2025-02-22T17:00:00Z,T2,47,2025-02-20T06:00:00Z,59,dayahead,0.0462,0.5439,0.8426,False,mos-curve-v0
2025-02-21T18:00:00Z,2025-02-22T00:00:00+06:00,2025-02-22T00:00:00+06:00,2025-02-21T18:00:00Z,T1,0,2025-02-21T06:00:00Z,12,dayahead,0.1221,0.3855,0.8995,False,mos-curve-v0
2025-02-21T18:00:00Z,2025-02-22T00:00:00+06:00,2025-02-22T01:00:00+06:00,2025-02-21T19:00:00Z,T1,1,2025-02-21T06:00:00Z,13,dayahead,0.1388,0.4022,0.9162,False,mos-curve-v0
2025-02-21T18:00:00Z,2025-02-22T00:00:00+06:00,2025-02-22T02:00:00+06:00,2025-02-21T20:00:00Z,T1,2,2025-02-21T06:00:00Z,14,dayahead,0.1439,0.4072,0.9212,False,mos-curve-v0
2025-02-21T18:00:00Z,2025-02-22T00:00:00+06:00,2025-02-22T03:00:00+06:00,2025-02-21T21:00:00Z,T1,3,2025-02-21T06:00:00Z,15,dayahead,0.178,0.4413,0.9553,False,mos-curve-v0
2025-02-21T18:00:00Z,2025-02-22T00:00:00+06:00,2025-02-22T04:00:00+06:00,2025-02-21T22:00:00Z,T1,4,2025-02-21T06:00:00Z,16,dayahead,0.0044,0.5021,0.8008,False,mos-curve-v0
2025-02-21T18:00:00Z,2025-02-22T00:00:00+06:00,2025-02-22T05:00:00+06:00,2025-02-21T23:00:00Z,T1,5,2025-02-21T06:00:00Z,17,dayahead,0.0874,0.5851,0.8837,False,mos-curve-v0
2025-02-21T18:00:00Z,2025-02-22T00:00:00+06:00,2025-02-22T06:00:00+06:00,2025-02-22T00:00:00Z,T1,6,2025-02-21T06:00:00Z,18,dayahead,0.172,0.6697,0.9683,False,mos-curve-v0
2025-02-21T18:00:00Z,2025-02-22T00:00:00+06:00,2025-02-22T07:00:00+06:00,2025-02-22T01:00:00Z,T1,7,2025-02-21T06:00:00Z,19,dayahead,0.2495,0.7472,1.0,False,mos-curve-v0
2025-02-21T18:00:00Z,2025-02-22T00:00:00+06:00,2025-02-22T08:00:00+06:00,2025-02-22T02:00:00Z,T1,8,2025-02-21T06:00:00Z,20,dayahead,0.2612,0.7589,1.0,False,mos-curve-v0
2025-02-21T18:00:00Z,2025-02-22T00:00:00+06:00,2025-02-22T09:00:00+06:00,2025-02-22T03:00:00Z,T1,9,2025-02-21T06:00:00Z,21,dayahead,0.2799,0.7776,1.0,False,mos-curve-v0
2025-02-21T18:00:00Z,2025-02-22T00:00:00+06:00,2025-02-22T10:00:00+06:00,2025-02-22T04:00:00Z,T1,10,2025-02-21T06:00:00Z,22,dayahead,0.1812,0.6789,0.9775,False,mos-curve-v0
2025-02-21T18:00:00Z,2025-02-22T00:00:00+06:00,2025-02-22T11:00:00+06:00,2025-02-22T05:00:00Z,T1,11,2025-02-21T06:00:00Z,23,dayahead,0.2495,0.7472,1.0,False,mos-curve-v0
2025-02-21T18:00:00Z,2025-02-22T00:00:00+06:00,2025-02-22T12:00:00+06:00,2025-02-22T06:00:00Z,T1,12,2025-02-21T06:00:00Z,24,dayahead,0.4958,0.8542,0.9392,False,mos-curve-v0
2025-02-21T18:00:00Z,2025-02-22T00:00:00+06:00,2025-02-22T13:00:00+06:00,2025-02-22T07:00:00Z,T1,13,2025-02-21T06:00:00Z,25,dayahead,0.5229,0.8814,0.9664,False,mos-curve-v0
2025-02-21T18:00:00Z,2025-02-22T00:00:00+06:00,2025-02-22T14:00:00+06:00,2025-02-22T08:00:00Z,T1,14,2025-02-21T06:00:00Z,26,dayahead,0.4983,0.8568,0.9418,False,mos-curve-v0
2025-02-21T18:00:00Z,2025-02-22T00:00:00+06:00,2025-02-22T15:00:00+06:00,2025-02-22T09:00:00Z,T1,15,2025-02-21T06:00:00Z,27,dayahead,0.3193,0.817,1.0,False,mos-curve-v0
2025-02-21T18:00:00Z,2025-02-22T00:00:00+06:00,2025-02-22T16:00:00+06:00,2025-02-22T10:00:00Z,T1,16,2025-02-21T06:00:00Z,28,dayahead,0.2094,0.7071,1.0,False,mos-curve-v0
2025-02-21T18:00:00Z,2025-02-22T00:00:00+06:00,2025-02-22T17:00:00+06:00,2025-02-22T11:00:00Z,T1,17,2025-02-21T06:00:00Z,29,dayahead,0.1274,0.6251,0.9238,False,mos-curve-v0
2025-02-21T18:00:00Z,2025-02-22T00:00:00+06:00,2025-02-22T18:00:00+06:00,2025-02-22T12:00:00Z,T1,18,2025-02-21T06:00:00Z,30,dayahead,0.1849,0.4482,0.9622,False,mos-curve-v0
2025-02-21T18:00:00Z,2025-02-22T00:00:00+06:00,2025-02-22T19:00:00+06:00,2025-02-22T13:00:00Z,T1,19,2025-02-21T06:00:00Z,31,dayahead,0.0117,0.2751,0.7891,False,mos-curve-v0
2025-02-21T18:00:00Z,2025-02-22T00:00:00+06:00,2025-02-22T20:00:00+06:00,2025-02-22T14:00:00Z,T1,20,2025-02-21T06:00:00Z,32,dayahead,0.0,0.1693,0.6833,False,mos-curve-v0
2025-02-21T18:00:00Z,2025-02-22T00:00:00+06:00,2025-02-22T21:00:00+06:00,2025-02-22T15:00:00Z,T1,21,2025-02-21T06:00:00Z,33,dayahead,0.0,0.1783,0.6923,False,mos-curve-v0
2025-02-21T18:00:00Z,2025-02-22T00:00:00+06:00,2025-02-22T22:00:00+06:00,2025-02-22T16:00:00Z,T1,22,2025-02-21T06:00:00Z,34,dayahead,0.0,0.2614,0.7754,False,mos-curve-v0
2025-02-21T18:00:00Z,2025-02-22T00:00:00+06:00,2025-02-22T23:00:00+06:00,2025-02-22T17:00:00Z,T1,23,2025-02-21T06:00:00Z,35,dayahead,0.0419,0.3053,0.8192,False,mos-curve-v0
2025-02-21T18:00:00Z,2025-02-22T00:00:00+06:00,2025-02-23T00:00:00+06:00,2025-02-22T18:00:00Z,T1,24,2025-02-21T06:00:00Z,36,dayahead,0.0569,0.3203,0.8343,False,mos-curve-v0
2025-02-21T18:00:00Z,2025-02-22T00:00:00+06:00,2025-02-23T01:00:00+06:00,2025-02-22T19:00:00Z,T1,25,2025-02-21T06:00:00Z,37,dayahead,0.1009,0.3642,0.8782,False,mos-curve-v0
2025-02-21T18:00:00Z,2025-02-22T00:00:00+06:00,2025-02-23T02:00:00+06:00,2025-02-22T20:00:00Z,T1,26,2025-02-21T06:00:00Z,38,dayahead,0.1728,0.4362,0.9501,False,mos-curve-v0
2025-02-21T18:00:00Z,2025-02-22T00:00:00+06:00,2025-02-23T03:00:00+06:00,2025-02-22T21:00:00Z,T1,27,2025-02-21T06:00:00Z,39,dayahead,0.0149,0.5126,0.8113,False,mos-curve-v0
2025-02-21T18:00:00Z,2025-02-22T00:00:00+06:00,2025-02-23T04:00:00+06:00,2025-02-22T22:00:00Z,T1,28,2025-02-21T06:00:00Z,40,dayahead,0.0738,0.5715,0.8701,False,mos-curve-v0
2025-02-21T18:00:00Z,2025-02-22T00:00:00+06:00,2025-02-23T05:00:00+06:00,2025-02-22T23:00:00Z,T1,29,2025-02-21T06:00:00Z,41,dayahead,0.1452,0.6429,0.9416,False,mos-curve-v0
2025-02-21T18:00:00Z,2025-02-22T00:00:00+06:00,2025-02-23T06:00:00+06:00,2025-02-23T00:00:00Z,T1,30,2025-02-21T06:00:00Z,42,dayahead,0.2094,0.7071,1.0,False,mos-curve-v0
2025-02-21T18:00:00Z,2025-02-22T00:00:00+06:00,2025-02-23T07:00:00+06:00,2025-02-23T01:00:00Z,T1,31,2025-02-21T06:00:00Z,43,dayahead,0.265,0.7627,1.0,False,mos-curve-v0
2025-02-21T18:00:00Z,2025-02-22T00:00:00+06:00,2025-02-23T08:00:00+06:00,2025-02-23T02:00:00Z,T1,32,2025-02-21T06:00:00Z,44,dayahead,0.3129,0.8106,1.0,False,mos-curve-v0
2025-02-21T18:00:00Z,2025-02-22T00:00:00+06:00,2025-02-23T09:00:00+06:00,2025-02-23T03:00:00Z,T1,33,2025-02-21T06:00:00Z,45,dayahead,0.3334,0.8311,1.0,False,mos-curve-v0
2025-02-21T18:00:00Z,2025-02-22T00:00:00+06:00,2025-02-23T10:00:00+06:00,2025-02-23T04:00:00Z,T1,34,2025-02-21T06:00:00Z,46,dayahead,0.4958,0.8542,0.9392,False,mos-curve-v0
2025-02-21T18:00:00Z,2025-02-22T00:00:00+06:00,2025-02-23T11:00:00+06:00,2025-02-23T05:00:00Z,T1,35,2025-02-21T06:00:00Z,47,dayahead,0.5034,0.8619,0.9469,False,mos-curve-v0
2025-02-21T18:00:00Z,2025-02-22T00:00:00+06:00,2025-02-23T12:00:00+06:00,2025-02-23T06:00:00Z,T1,36,2025-02-21T06:00:00Z,48,dayahead,0.5663,0.9247,1.0,False,mos-curve-v0
2025-02-21T18:00:00Z,2025-02-22T00:00:00+06:00,2025-02-23T13:00:00+06:00,2025-02-23T07:00:00Z,T1,37,2025-02-21T06:00:00Z,49,dayahead,0.5788,0.9373,1.0,False,mos-curve-v0
2025-02-21T18:00:00Z,2025-02-22T00:00:00+06:00,2025-02-23T14:00:00+06:00,2025-02-23T08:00:00Z,T1,38,2025-02-21T06:00:00Z,50,dayahead,0.5672,0.9257,1.0,False,mos-curve-v0
2025-02-21T18:00:00Z,2025-02-22T00:00:00+06:00,2025-02-23T15:00:00+06:00,2025-02-23T09:00:00Z,T1,39,2025-02-21T06:00:00Z,51,dayahead,0.5419,0.9004,0.9854,False,mos-curve-v0
2025-02-21T18:00:00Z,2025-02-22T00:00:00+06:00,2025-02-23T16:00:00+06:00,2025-02-23T10:00:00Z,T1,40,2025-02-21T06:00:00Z,52,dayahead,0.3513,0.8489,1.0,False,mos-curve-v0
2025-02-21T18:00:00Z,2025-02-22T00:00:00+06:00,2025-02-23T17:00:00+06:00,2025-02-23T11:00:00Z,T1,41,2025-02-21T06:00:00Z,53,dayahead,0.5059,0.8644,0.9494,False,mos-curve-v0
2025-02-21T18:00:00Z,2025-02-22T00:00:00+06:00,2025-02-23T18:00:00+06:00,2025-02-23T12:00:00Z,T1,42,2025-02-21T06:00:00Z,54,dayahead,0.3421,0.8398,1.0,False,mos-curve-v0
2025-02-21T18:00:00Z,2025-02-22T00:00:00+06:00,2025-02-23T19:00:00+06:00,2025-02-23T13:00:00Z,T1,43,2025-02-21T06:00:00Z,55,dayahead,0.287,0.7847,1.0,False,mos-curve-v0
2025-02-21T18:00:00Z,2025-02-22T00:00:00+06:00,2025-02-23T20:00:00+06:00,2025-02-23T14:00:00Z,T1,44,2025-02-21T06:00:00Z,56,dayahead,0.2917,0.7894,1.0,False,mos-curve-v0
2025-02-21T18:00:00Z,2025-02-22T00:00:00+06:00,2025-02-23T21:00:00+06:00,2025-02-23T15:00:00Z,T1,45,2025-02-21T06:00:00Z,57,dayahead,0.3467,0.8444,1.0,False,mos-curve-v0
2025-02-21T18:00:00Z,2025-02-22T00:00:00+06:00,2025-02-23T22:00:00+06:00,2025-02-23T16:00:00Z,T1,46,2025-02-21T06:00:00Z,58,dayahead,0.5107,0.8692,0.9542,False,mos-curve-v0
2025-02-21T18:00:00Z,2025-02-22T00:00:00+06:00,2025-02-23T23:00:00+06:00,2025-02-23T17:00:00Z,T1,47,2025-02-21T06:00:00Z,59,dayahead,0.5001,0.8585,0.9435,False,mos-curve-v0
2025-02-21T18:00:00Z,2025-02-22T00:00:00+06:00,2025-02-22T00:00:00+06:00,2025-02-21T18:00:00Z,T2,0,2025-02-21T06:00:00Z,12,dayahead,0.1221,0.3855,0.8995,False,mos-curve-v0
2025-02-21T18:00:00Z,2025-02-22T00:00:00+06:00,2025-02-22T01:00:00+06:00,2025-02-21T19:00:00Z,T2,1,2025-02-21T06:00:00Z,13,dayahead,0.1388,0.4022,0.9162,False,mos-curve-v0
2025-02-21T18:00:00Z,2025-02-22T00:00:00+06:00,2025-02-22T02:00:00+06:00,2025-02-21T20:00:00Z,T2,2,2025-02-21T06:00:00Z,14,dayahead,0.1439,0.4072,0.9212,False,mos-curve-v0
2025-02-21T18:00:00Z,2025-02-22T00:00:00+06:00,2025-02-22T03:00:00+06:00,2025-02-21T21:00:00Z,T2,3,2025-02-21T06:00:00Z,15,dayahead,0.178,0.4413,0.9553,False,mos-curve-v0
2025-02-21T18:00:00Z,2025-02-22T00:00:00+06:00,2025-02-22T04:00:00+06:00,2025-02-21T22:00:00Z,T2,4,2025-02-21T06:00:00Z,16,dayahead,0.0044,0.5021,0.8008,False,mos-curve-v0
2025-02-21T18:00:00Z,2025-02-22T00:00:00+06:00,2025-02-22T05:00:00+06:00,2025-02-21T23:00:00Z,T2,5,2025-02-21T06:00:00Z,17,dayahead,0.0874,0.5851,0.8837,False,mos-curve-v0
2025-02-21T18:00:00Z,2025-02-22T00:00:00+06:00,2025-02-22T06:00:00+06:00,2025-02-22T00:00:00Z,T2,6,2025-02-21T06:00:00Z,18,dayahead,0.172,0.6697,0.9683,False,mos-curve-v0
2025-02-21T18:00:00Z,2025-02-22T00:00:00+06:00,2025-02-22T07:00:00+06:00,2025-02-22T01:00:00Z,T2,7,2025-02-21T06:00:00Z,19,dayahead,0.2495,0.7472,1.0,False,mos-curve-v0
2025-02-21T18:00:00Z,2025-02-22T00:00:00+06:00,2025-02-22T08:00:00+06:00,2025-02-22T02:00:00Z,T2,8,2025-02-21T06:00:00Z,20,dayahead,0.2612,0.7589,1.0,False,mos-curve-v0
2025-02-21T18:00:00Z,2025-02-22T00:00:00+06:00,2025-02-22T09:00:00+06:00,2025-02-22T03:00:00Z,T2,9,2025-02-21T06:00:00Z,21,dayahead,0.2799,0.7776,1.0,False,mos-curve-v0
2025-02-21T18:00:00Z,2025-02-22T00:00:00+06:00,2025-02-22T10:00:00+06:00,2025-02-22T04:00:00Z,T2,10,2025-02-21T06:00:00Z,22,dayahead,0.1812,0.6789,0.9775,False,mos-curve-v0
2025-02-21T18:00:00Z,2025-02-22T00:00:00+06:00,2025-02-22T11:00:00+06:00,2025-02-22T05:00:00Z,T2,11,2025-02-21T06:00:00Z,23,dayahead,0.2495,0.7472,1.0,False,mos-curve-v0
2025-02-21T18:00:00Z,2025-02-22T00:00:00+06:00,2025-02-22T12:00:00+06:00,2025-02-22T06:00:00Z,T2,12,2025-02-21T06:00:00Z,24,dayahead,0.4958,0.8542,0.9392,False,mos-curve-v0
2025-02-21T18:00:00Z,2025-02-22T00:00:00+06:00,2025-02-22T13:00:00+06:00,2025-02-22T07:00:00Z,T2,13,2025-02-21T06:00:00Z,25,dayahead,0.5229,0.8814,0.9664,False,mos-curve-v0
2025-02-21T18:00:00Z,2025-02-22T00:00:00+06:00,2025-02-22T14:00:00+06:00,2025-02-22T08:00:00Z,T2,14,2025-02-21T06:00:00Z,26,dayahead,0.4983,0.8568,0.9418,False,mos-curve-v0
2025-02-21T18:00:00Z,2025-02-22T00:00:00+06:00,2025-02-22T15:00:00+06:00,2025-02-22T09:00:00Z,T2,15,2025-02-21T06:00:00Z,27,dayahead,0.3193,0.817,1.0,False,mos-curve-v0
2025-02-21T18:00:00Z,2025-02-22T00:00:00+06:00,2025-02-22T16:00:00+06:00,2025-02-22T10:00:00Z,T2,16,2025-02-21T06:00:00Z,28,dayahead,0.2094,0.7071,1.0,False,mos-curve-v0
2025-02-21T18:00:00Z,2025-02-22T00:00:00+06:00,2025-02-22T17:00:00+06:00,2025-02-22T11:00:00Z,T2,17,2025-02-21T06:00:00Z,29,dayahead,0.1274,0.6251,0.9238,False,mos-curve-v0
2025-02-21T18:00:00Z,2025-02-22T00:00:00+06:00,2025-02-22T18:00:00+06:00,2025-02-22T12:00:00Z,T2,18,2025-02-21T06:00:00Z,30,dayahead,0.1849,0.4482,0.9622,False,mos-curve-v0
2025-02-21T18:00:00Z,2025-02-22T00:00:00+06:00,2025-02-22T19:00:00+06:00,2025-02-22T13:00:00Z,T2,19,2025-02-21T06:00:00Z,31,dayahead,0.0117,0.2751,0.7891,False,mos-curve-v0
2025-02-21T18:00:00Z,2025-02-22T00:00:00+06:00,2025-02-22T20:00:00+06:00,2025-02-22T14:00:00Z,T2,20,2025-02-21T06:00:00Z,32,dayahead,0.0,0.1693,0.6833,False,mos-curve-v0
2025-02-21T18:00:00Z,2025-02-22T00:00:00+06:00,2025-02-22T21:00:00+06:00,2025-02-22T15:00:00Z,T2,21,2025-02-21T06:00:00Z,33,dayahead,0.0,0.1783,0.6923,False,mos-curve-v0
2025-02-21T18:00:00Z,2025-02-22T00:00:00+06:00,2025-02-22T22:00:00+06:00,2025-02-22T16:00:00Z,T2,22,2025-02-21T06:00:00Z,34,dayahead,0.0,0.2614,0.7754,False,mos-curve-v0
2025-02-21T18:00:00Z,2025-02-22T00:00:00+06:00,2025-02-22T23:00:00+06:00,2025-02-22T17:00:00Z,T2,23,2025-02-21T06:00:00Z,35,dayahead,0.0419,0.3053,0.8192,False,mos-curve-v0
2025-02-21T18:00:00Z,2025-02-22T00:00:00+06:00,2025-02-23T00:00:00+06:00,2025-02-22T18:00:00Z,T2,24,2025-02-21T06:00:00Z,36,dayahead,0.0569,0.3203,0.8343,False,mos-curve-v0
2025-02-21T18:00:00Z,2025-02-22T00:00:00+06:00,2025-02-23T01:00:00+06:00,2025-02-22T19:00:00Z,T2,25,2025-02-21T06:00:00Z,37,dayahead,0.1009,0.3642,0.8782,False,mos-curve-v0
2025-02-21T18:00:00Z,2025-02-22T00:00:00+06:00,2025-02-23T02:00:00+06:00,2025-02-22T20:00:00Z,T2,26,2025-02-21T06:00:00Z,38,dayahead,0.1728,0.4362,0.9501,False,mos-curve-v0
2025-02-21T18:00:00Z,2025-02-22T00:00:00+06:00,2025-02-23T03:00:00+06:00,2025-02-22T21:00:00Z,T2,27,2025-02-21T06:00:00Z,39,dayahead,0.0149,0.5126,0.8113,False,mos-curve-v0
2025-02-21T18:00:00Z,2025-02-22T00:00:00+06:00,2025-02-23T04:00:00+06:00,2025-02-22T22:00:00Z,T2,28,2025-02-21T06:00:00Z,40,dayahead,0.0738,0.5715,0.8701,False,mos-curve-v0
2025-02-21T18:00:00Z,2025-02-22T00:00:00+06:00,2025-02-23T05:00:00+06:00,2025-02-22T23:00:00Z,T2,29,2025-02-21T06:00:00Z,41,dayahead,0.1452,0.6429,0.9416,False,mos-curve-v0
2025-02-21T18:00:00Z,2025-02-22T00:00:00+06:00,2025-02-23T06:00:00+06:00,2025-02-23T00:00:00Z,T2,30,2025-02-21T06:00:00Z,42,dayahead,0.2094,0.7071,1.0,False,mos-curve-v0
2025-02-21T18:00:00Z,2025-02-22T00:00:00+06:00,2025-02-23T07:00:00+06:00,2025-02-23T01:00:00Z,T2,31,2025-02-21T06:00:00Z,43,dayahead,0.265,0.7627,1.0,False,mos-curve-v0
2025-02-21T18:00:00Z,2025-02-22T00:00:00+06:00,2025-02-23T08:00:00+06:00,2025-02-23T02:00:00Z,T2,32,2025-02-21T06:00:00Z,44,dayahead,0.3129,0.8106,1.0,False,mos-curve-v0
2025-02-21T18:00:00Z,2025-02-22T00:00:00+06:00,2025-02-23T09:00:00+06:00,2025-02-23T03:00:00Z,T2,33,2025-02-21T06:00:00Z,45,dayahead,0.3334,0.8311,1.0,False,mos-curve-v0
2025-02-21T18:00:00Z,2025-02-22T00:00:00+06:00,2025-02-23T10:00:00+06:00,2025-02-23T04:00:00Z,T2,34,2025-02-21T06:00:00Z,46,dayahead,0.4958,0.8542,0.9392,False,mos-curve-v0
2025-02-21T18:00:00Z,2025-02-22T00:00:00+06:00,2025-02-23T11:00:00+06:00,2025-02-23T05:00:00Z,T2,35,2025-02-21T06:00:00Z,47,dayahead,0.5034,0.8619,0.9469,False,mos-curve-v0
2025-02-21T18:00:00Z,2025-02-22T00:00:00+06:00,2025-02-23T12:00:00+06:00,2025-02-23T06:00:00Z,T2,36,2025-02-21T06:00:00Z,48,dayahead,0.5663,0.9247,1.0,False,mos-curve-v0
2025-02-21T18:00:00Z,2025-02-22T00:00:00+06:00,2025-02-23T13:00:00+06:00,2025-02-23T07:00:00Z,T2,37,2025-02-21T06:00:00Z,49,dayahead,0.5788,0.9373,1.0,False,mos-curve-v0
2025-02-21T18:00:00Z,2025-02-22T00:00:00+06:00,2025-02-23T14:00:00+06:00,2025-02-23T08:00:00Z,T2,38,2025-02-21T06:00:00Z,50,dayahead,0.5672,0.9257,1.0,False,mos-curve-v0
2025-02-21T18:00:00Z,2025-02-22T00:00:00+06:00,2025-02-23T15:00:00+06:00,2025-02-23T09:00:00Z,T2,39,2025-02-21T06:00:00Z,51,dayahead,0.5419,0.9004,0.9854,False,mos-curve-v0
2025-02-21T18:00:00Z,2025-02-22T00:00:00+06:00,2025-02-23T16:00:00+06:00,2025-02-23T10:00:00Z,T2,40,2025-02-21T06:00:00Z,52,dayahead,0.3513,0.8489,1.0,False,mos-curve-v0
2025-02-21T18:00:00Z,2025-02-22T00:00:00+06:00,2025-02-23T17:00:00+06:00,2025-02-23T11:00:00Z,T2,41,2025-02-21T06:00:00Z,53,dayahead,0.5059,0.8644,0.9494,False,mos-curve-v0
2025-02-21T18:00:00Z,2025-02-22T00:00:00+06:00,2025-02-23T18:00:00+06:00,2025-02-23T12:00:00Z,T2,42,2025-02-21T06:00:00Z,54,dayahead,0.3421,0.8398,1.0,False,mos-curve-v0
2025-02-21T18:00:00Z,2025-02-22T00:00:00+06:00,2025-02-23T19:00:00+06:00,2025-02-23T13:00:00Z,T2,43,2025-02-21T06:00:00Z,55,dayahead,0.287,0.7847,1.0,False,mos-curve-v0
2025-02-21T18:00:00Z,2025-02-22T00:00:00+06:00,2025-02-23T20:00:00+06:00,2025-02-23T14:00:00Z,T2,44,2025-02-21T06:00:00Z,56,dayahead,0.2917,0.7894,1.0,False,mos-curve-v0
2025-02-21T18:00:00Z,2025-02-22T00:00:00+06:00,2025-02-23T21:00:00+06:00,2025-02-23T15:00:00Z,T2,45,2025-02-21T06:00:00Z,57,dayahead,0.3467,0.8444,1.0,False,mos-curve-v0
2025-02-21T18:00:00Z,2025-02-22T00:00:00+06:00,2025-02-23T22:00:00+06:00,2025-02-23T16:00:00Z,T2,46,2025-02-21T06:00:00Z,58,dayahead,0.5107,0.8692,0.9542,False,mos-curve-v0
2025-02-21T18:00:00Z,2025-02-22T00:00:00+06:00,2025-02-23T23:00:00+06:00,2025-02-23T17:00:00Z,T2,47,2025-02-21T06:00:00Z,59,dayahead,0.5001,0.8585,0.9435,False,mos-curve-v0
2025-02-22T18:00:00Z,2025-02-23T00:00:00+06:00,2025-02-23T00:00:00+06:00,2025-02-22T18:00:00Z,T1,0,2025-02-22T06:00:00Z,12,dayahead,0.1255,0.3888,0.9028,False,mos-curve-v0
2025-02-22T18:00:00Z,2025-02-23T00:00:00+06:00,2025-02-23T01:00:00+06:00,2025-02-22T19:00:00Z,T1,1,2025-02-22T06:00:00Z,13,dayahead,0.1456,0.4089,0.9229,False,mos-curve-v0
2025-02-22T18:00:00Z,2025-02-23T00:00:00+06:00,2025-02-23T02:00:00+06:00,2025-02-22T20:00:00Z,T1,2,2025-02-22T06:00:00Z,14,dayahead,0.1797,0.443,0.957,False,mos-curve-v0
2025-02-22T18:00:00Z,2025-02-23T00:00:00+06:00,2025-02-23T03:00:00+06:00,2025-02-22T21:00:00Z,T1,3,2025-02-22T06:00:00Z,15,dayahead,0.2301,0.4934,1.0,False,mos-curve-v0
2025-02-22T18:00:00Z,2025-02-23T00:00:00+06:00,2025-02-23T04:00:00+06:00,2025-02-22T22:00:00Z,T1,4,2025-02-22T06:00:00Z,16,dayahead,0.041,0.5387,0.8374,False,mos-curve-v0
2025-02-22T18:00:00Z,2025-02-23T00:00:00+06:00,2025-02-23T05:00:00+06:00,2025-02-22T23:00:00Z,T1,5,2025-02-22T06:00:00Z,17,dayahead,0.1291,0.6267,0.9254,False,mos-curve-v0
2025-02-22T18:00:00Z,2025-02-23T00:00:00+06:00,2025-02-23T06:00:00+06:00,2025-02-23T00:00:00Z,T1,6,2025-02-22T06:00:00Z,18,dayahead,0.1977,0.6954,0.9941,False,mos-curve-v0
2025-02-22T18:00:00Z,2025-02-23T00:00:00+06:00,2025-02-23T07:00:00+06:00,2025-02-23T01:00:00Z,T1,7,2025-02-22T06:00:00Z,19,dayahead,0.2625,0.7602,1.0,False,mos-curve-v0
2025-02-22T18:00:00Z,2025-02-23T00:00:00+06:00,2025-02-23T08:00:00+06:00,2025-02-23T02:00:00Z,T1,8,2025-02-22T06:00:00Z,20,dayahead,0.2858,0.7835,1.0,False,mos-curve-v0
2025-02-22T18:00:00Z,2025-02-23T00:00:00+06:00,2025-02-23T09:00:00+06:00,2025-02-23T03:00:00Z,T1,9,2025-02-22T06:00:00Z,21,dayahead,0.275,0.7727,1.0,False,mos-curve-v0
2025-02-22T18:00:00Z,2025-02-23T00:00:00+06:00,2025-02-23T10:00:00+06:00,2025-02-23T04:00:00Z,T1,10,2025-02-22T06:00:00Z,22,dayahead,0.2561,0.7538,1.0,False,mos-curve-v0
2025-02-22T18:00:00Z,2025-02-23T00:00:00+06:00,2025-02-23T11:00:00+06:00,2025-02-23T05:00:00Z,T1,11,2025-02-22T06:00:00Z,23,dayahead,0.2388,0.7365,1.0,False,mos-curve-v0
2025-02-22T18:00:00Z,2025-02-23T00:00:00+06:00,2025-02-23T12:00:00+06:00,2025-02-23T06:00:00Z,T1,12,2025-02-22T06:00:00Z,24,dayahead,0.4949,0.8534,0.9384,False,mos-curve-v0
2025-02-22T18:00:00Z,2025-02-23T00:00:00+06:00,2025-02-23T13:00:00+06:00,2025-02-23T07:00:00Z,T1,13,2025-02-22T06:00:00Z,25,dayahead,0.5474,0.9059,0.9909,False,mos-curve-v0
2025-02-22T18:00:00Z,2025-02-23T00:00:00+06:00,2025-02-23T14:00:00+06:00,2025-02-23T08:00:00Z,T1,14,2025-02-22T06:00:00Z,26,dayahead,0.5537,0.9122,0.9972,False,mos-curve-v0
2025-02-22T18:00:00Z,2025-02-23T00:00:00+06:00,2025-02-23T15:00:00+06:00,2025-02-23T09:00:00Z,T1,15,2025-02-22T06:00:00Z,27,dayahead,0.5387,0.8972,0.9822,False,mos-curve-v0
2025-02-22T18:00:00Z,2025-02-23T00:00:00+06:00,2025-02-23T16:00:00+06:00,2025-02-23T10:00:00Z,T1,16,2025-02-22T06:00:00Z,28,dayahead,0.3449,0.8426,1.0,False,mos-curve-v0
2025-02-22T18:00:00Z,2025-02-23T00:00:00+06:00,2025-02-23T17:00:00+06:00,2025-02-23T11:00:00Z,T1,17,2025-02-22T06:00:00Z,29,dayahead,0.5059,0.8644,0.9494,False,mos-curve-v0
2025-02-22T18:00:00Z,2025-02-23T00:00:00+06:00,2025-02-23T18:00:00+06:00,2025-02-23T12:00:00Z,T1,18,2025-02-22T06:00:00Z,30,dayahead,0.5034,0.8619,0.9469,False,mos-curve-v0
2025-02-22T18:00:00Z,2025-02-23T00:00:00+06:00,2025-02-23T19:00:00+06:00,2025-02-23T13:00:00Z,T1,19,2025-02-22T06:00:00Z,31,dayahead,0.2997,0.7974,1.0,False,mos-curve-v0
2025-02-22T18:00:00Z,2025-02-23T00:00:00+06:00,2025-02-23T20:00:00+06:00,2025-02-23T14:00:00Z,T1,20,2025-02-22T06:00:00Z,32,dayahead,0.2509,0.7485,1.0,False,mos-curve-v0
2025-02-22T18:00:00Z,2025-02-23T00:00:00+06:00,2025-02-23T21:00:00+06:00,2025-02-23T15:00:00Z,T1,21,2025-02-22T06:00:00Z,33,dayahead,0.2415,0.7392,1.0,False,mos-curve-v0
2025-02-22T18:00:00Z,2025-02-23T00:00:00+06:00,2025-02-23T22:00:00+06:00,2025-02-23T16:00:00Z,T1,22,2025-02-22T06:00:00Z,34,dayahead,0.3053,0.803,1.0,False,mos-curve-v0
2025-02-22T18:00:00Z,2025-02-23T00:00:00+06:00,2025-02-23T23:00:00+06:00,2025-02-23T17:00:00Z,T1,23,2025-02-22T06:00:00Z,35,dayahead,0.5107,0.8692,0.9542,False,mos-curve-v0
2025-02-22T18:00:00Z,2025-02-23T00:00:00+06:00,2025-02-24T00:00:00+06:00,2025-02-23T18:00:00Z,T1,24,2025-02-22T06:00:00Z,36,dayahead,0.5368,0.8952,0.9802,False,mos-curve-v0
2025-02-22T18:00:00Z,2025-02-23T00:00:00+06:00,2025-02-24T01:00:00+06:00,2025-02-23T19:00:00Z,T1,25,2025-02-22T06:00:00Z,37,dayahead,0.545,0.9034,0.9884,False,mos-curve-v0
2025-02-22T18:00:00Z,2025-02-23T00:00:00+06:00,2025-02-24T02:00:00+06:00,2025-02-23T20:00:00Z,T1,26,2025-02-22T06:00:00Z,38,dayahead,0.5554,0.9139,0.9989,False,mos-curve-v0
2025-02-22T18:00:00Z,2025-02-23T00:00:00+06:00,2025-02-24T03:00:00+06:00,2025-02-23T21:00:00Z,T1,27,2025-02-22T06:00:00Z,39,dayahead,0.5677,0.9262,1.0,False,mos-curve-v0
2025-02-22T18:00:00Z,2025-02-23T00:00:00+06:00,2025-02-24T04:00:00+06:00,2025-02-23T22:00:00Z,T1,28,2025-02-22T06:00:00Z,40,dayahead,0.593,0.9515,1.0,False,mos-curve-v0
2025-02-22T18:00:00Z,2025-02-23T00:00:00+06:00,2025-02-24T05:00:00+06:00,2025-02-23T23:00:00Z,T1,29,2025-02-22T06:00:00Z,41,dayahead,0.5812,0.9397,1.0,False,mos-curve-v0
2025-02-22T18:00:00Z,2025-02-23T00:00:00+06:00,2025-02-24T06:00:00+06:00,2025-02-24T00:00:00Z,T1,30,2025-02-22T06:00:00Z,42,dayahead,0.5843,0.9428,1.0,False,mos-curve-v0
2025-02-22T18:00:00Z,2025-02-23T00:00:00+06:00,2025-02-24T07:00:00+06:00,2025-02-24T01:00:00Z,T1,31,2025-02-22T06:00:00Z,43,dayahead,0.5732,0.9317,1.0,False,mos-curve-v0
2025-02-22T18:00:00Z,2025-02-23T00:00:00+06:00,2025-02-24T08:00:00+06:00,2025-02-24T02:00:00Z,T1,32,2025-02-22T06:00:00Z,44,dayahead,0.5321,0.8906,0.9756,False,mos-curve-v0
2025-02-22T18:00:00Z,2025-02-23T00:00:00+06:00,2025-02-24T09:00:00+06:00,2025-02-24T03:00:00Z,T1,33,2025-02-22T06:00:00Z,45,dayahead,0.287,0.7847,1.0,False,mos-curve-v0
2025-02-22T18:00:00Z,2025-02-23T00:00:00+06:00,2025-02-24T10:00:00+06:00,2025-02-24T04:00:00Z,T1,34,2025-02-22T06:00:00Z,46,dayahead,0.1484,0.6461,0.9448,False,mos-curve-v0
2025-02-22T18:00:00Z,2025-02-23T00:00:00+06:00,2025-02-24T11:00:00+06:00,2025-02-24T05:00:00Z,T1,35,2025-02-22T06:00:00Z,47,dayahead,0.0566,0.5543,0.8529,False,mos-curve-v0
2025-02-22T18:00:00Z,2025-02-23T00:00:00+06:00,2025-02-24T12:00:00+06:00,2025-02-24T06:00:00Z,T1,36,2025-02-22T06:00:00Z,48,dayahead,0.1468,0.6445,0.9432,False,mos-curve-v0
2025-02-22T18:00:00Z,2025-02-23T00:00:00+06:00,2025-02-24T13:00:00+06:00,2025-02-24T07:00:00Z,T1,37,2025-02-22T06:00:00Z,49,dayahead,0.2535,0.7512,1.0,False,mos-curve-v0
2025-02-22T18:00:00Z,2025-02-23T00:00:00+06:00,2025-02-24T14:00:00+06:00,2025-02-24T08:00:00Z,T1,38,2025-02-22T06:00:00Z,50,dayahead,0.2036,0.7013,0.9999,False,mos-curve-v0
2025-02-22T18:00:00Z,2025-02-23T00:00:00+06:00,2025-02-24T15:00:00+06:00,2025-02-24T09:00:00Z,T1,39,2025-02-22T06:00:00Z,51,dayahead,0.1658,0.6635,0.9621,False,mos-curve-v0
2025-02-22T18:00:00Z,2025-02-23T00:00:00+06:00,2025-02-24T16:00:00+06:00,2025-02-24T10:00:00Z,T1,40,2025-02-22T06:00:00Z,52,dayahead,0.1192,0.6169,0.9155,False,mos-curve-v0
2025-02-22T18:00:00Z,2025-02-23T00:00:00+06:00,2025-02-24T17:00:00+06:00,2025-02-24T11:00:00Z,T1,41,2025-02-22T06:00:00Z,53,dayahead,0.1258,0.6235,0.9221,False,mos-curve-v0
2025-02-22T18:00:00Z,2025-02-23T00:00:00+06:00,2025-02-24T18:00:00+06:00,2025-02-24T12:00:00Z,T1,42,2025-02-22T06:00:00Z,54,dayahead,0.0514,0.5491,0.8478,False,mos-curve-v0
2025-02-22T18:00:00Z,2025-02-23T00:00:00+06:00,2025-02-24T19:00:00+06:00,2025-02-24T13:00:00Z,T1,43,2025-02-22T06:00:00Z,55,dayahead,0.1241,0.6218,0.9205,False,mos-curve-v0
2025-02-22T18:00:00Z,2025-02-23T00:00:00+06:00,2025-02-24T20:00:00+06:00,2025-02-24T14:00:00Z,T1,44,2025-02-22T06:00:00Z,56,dayahead,0.1888,0.6865,0.9851,False,mos-curve-v0
2025-02-22T18:00:00Z,2025-02-23T00:00:00+06:00,2025-02-24T21:00:00+06:00,2025-02-24T15:00:00Z,T1,45,2025-02-22T06:00:00Z,57,dayahead,0.2279,0.7256,1.0,False,mos-curve-v0
2025-02-22T18:00:00Z,2025-02-23T00:00:00+06:00,2025-02-24T22:00:00+06:00,2025-02-24T16:00:00Z,T1,46,2025-02-22T06:00:00Z,58,dayahead,0.2774,0.7751,1.0,False,mos-curve-v0
2025-02-22T18:00:00Z,2025-02-23T00:00:00+06:00,2025-02-24T23:00:00+06:00,2025-02-24T17:00:00Z,T1,47,2025-02-22T06:00:00Z,59,dayahead,0.294,0.7917,1.0,False,mos-curve-v0
2025-02-22T18:00:00Z,2025-02-23T00:00:00+06:00,2025-02-23T00:00:00+06:00,2025-02-22T18:00:00Z,T2,0,2025-02-22T06:00:00Z,12,dayahead,0.1255,0.3888,0.9028,False,mos-curve-v0
2025-02-22T18:00:00Z,2025-02-23T00:00:00+06:00,2025-02-23T01:00:00+06:00,2025-02-22T19:00:00Z,T2,1,2025-02-22T06:00:00Z,13,dayahead,0.1456,0.4089,0.9229,False,mos-curve-v0
2025-02-22T18:00:00Z,2025-02-23T00:00:00+06:00,2025-02-23T02:00:00+06:00,2025-02-22T20:00:00Z,T2,2,2025-02-22T06:00:00Z,14,dayahead,0.1797,0.443,0.957,False,mos-curve-v0
2025-02-22T18:00:00Z,2025-02-23T00:00:00+06:00,2025-02-23T03:00:00+06:00,2025-02-22T21:00:00Z,T2,3,2025-02-22T06:00:00Z,15,dayahead,0.2301,0.4934,1.0,False,mos-curve-v0
2025-02-22T18:00:00Z,2025-02-23T00:00:00+06:00,2025-02-23T04:00:00+06:00,2025-02-22T22:00:00Z,T2,4,2025-02-22T06:00:00Z,16,dayahead,0.041,0.5387,0.8374,False,mos-curve-v0
2025-02-22T18:00:00Z,2025-02-23T00:00:00+06:00,2025-02-23T05:00:00+06:00,2025-02-22T23:00:00Z,T2,5,2025-02-22T06:00:00Z,17,dayahead,0.1291,0.6267,0.9254,False,mos-curve-v0
2025-02-22T18:00:00Z,2025-02-23T00:00:00+06:00,2025-02-23T06:00:00+06:00,2025-02-23T00:00:00Z,T2,6,2025-02-22T06:00:00Z,18,dayahead,0.1977,0.6954,0.9941,False,mos-curve-v0
2025-02-22T18:00:00Z,2025-02-23T00:00:00+06:00,2025-02-23T07:00:00+06:00,2025-02-23T01:00:00Z,T2,7,2025-02-22T06:00:00Z,19,dayahead,0.2625,0.7602,1.0,False,mos-curve-v0
2025-02-22T18:00:00Z,2025-02-23T00:00:00+06:00,2025-02-23T08:00:00+06:00,2025-02-23T02:00:00Z,T2,8,2025-02-22T06:00:00Z,20,dayahead,0.2858,0.7835,1.0,False,mos-curve-v0
2025-02-22T18:00:00Z,2025-02-23T00:00:00+06:00,2025-02-23T09:00:00+06:00,2025-02-23T03:00:00Z,T2,9,2025-02-22T06:00:00Z,21,dayahead,0.275,0.7727,1.0,False,mos-curve-v0
2025-02-22T18:00:00Z,2025-02-23T00:00:00+06:00,2025-02-23T10:00:00+06:00,2025-02-23T04:00:00Z,T2,10,2025-02-22T06:00:00Z,22,dayahead,0.2561,0.7538,1.0,False,mos-curve-v0
2025-02-22T18:00:00Z,2025-02-23T00:00:00+06:00,2025-02-23T11:00:00+06:00,2025-02-23T05:00:00Z,T2,11,2025-02-22T06:00:00Z,23,dayahead,0.2388,0.7365,1.0,False,mos-curve-v0
2025-02-22T18:00:00Z,2025-02-23T00:00:00+06:00,2025-02-23T12:00:00+06:00,2025-02-23T06:00:00Z,T2,12,2025-02-22T06:00:00Z,24,dayahead,0.4949,0.8534,0.9384,False,mos-curve-v0
2025-02-22T18:00:00Z,2025-02-23T00:00:00+06:00,2025-02-23T13:00:00+06:00,2025-02-23T07:00:00Z,T2,13,2025-02-22T06:00:00Z,25,dayahead,0.5474,0.9059,0.9909,False,mos-curve-v0
2025-02-22T18:00:00Z,2025-02-23T00:00:00+06:00,2025-02-23T14:00:00+06:00,2025-02-23T08:00:00Z,T2,14,2025-02-22T06:00:00Z,26,dayahead,0.5537,0.9122,0.9972,False,mos-curve-v0
2025-02-22T18:00:00Z,2025-02-23T00:00:00+06:00,2025-02-23T15:00:00+06:00,2025-02-23T09:00:00Z,T2,15,2025-02-22T06:00:00Z,27,dayahead,0.5387,0.8972,0.9822,False,mos-curve-v0
2025-02-22T18:00:00Z,2025-02-23T00:00:00+06:00,2025-02-23T16:00:00+06:00,2025-02-23T10:00:00Z,T2,16,2025-02-22T06:00:00Z,28,dayahead,0.3449,0.8426,1.0,False,mos-curve-v0
2025-02-22T18:00:00Z,2025-02-23T00:00:00+06:00,2025-02-23T17:00:00+06:00,2025-02-23T11:00:00Z,T2,17,2025-02-22T06:00:00Z,29,dayahead,0.5059,0.8644,0.9494,False,mos-curve-v0
2025-02-22T18:00:00Z,2025-02-23T00:00:00+06:00,2025-02-23T18:00:00+06:00,2025-02-23T12:00:00Z,T2,18,2025-02-22T06:00:00Z,30,dayahead,0.5034,0.8619,0.9469,False,mos-curve-v0
2025-02-22T18:00:00Z,2025-02-23T00:00:00+06:00,2025-02-23T19:00:00+06:00,2025-02-23T13:00:00Z,T2,19,2025-02-22T06:00:00Z,31,dayahead,0.2997,0.7974,1.0,False,mos-curve-v0
2025-02-22T18:00:00Z,2025-02-23T00:00:00+06:00,2025-02-23T20:00:00+06:00,2025-02-23T14:00:00Z,T2,20,2025-02-22T06:00:00Z,32,dayahead,0.2509,0.7485,1.0,False,mos-curve-v0
2025-02-22T18:00:00Z,2025-02-23T00:00:00+06:00,2025-02-23T21:00:00+06:00,2025-02-23T15:00:00Z,T2,21,2025-02-22T06:00:00Z,33,dayahead,0.2415,0.7392,1.0,False,mos-curve-v0
2025-02-22T18:00:00Z,2025-02-23T00:00:00+06:00,2025-02-23T22:00:00+06:00,2025-02-23T16:00:00Z,T2,22,2025-02-22T06:00:00Z,34,dayahead,0.3053,0.803,1.0,False,mos-curve-v0
2025-02-22T18:00:00Z,2025-02-23T00:00:00+06:00,2025-02-23T23:00:00+06:00,2025-02-23T17:00:00Z,T2,23,2025-02-22T06:00:00Z,35,dayahead,0.5107,0.8692,0.9542,False,mos-curve-v0
2025-02-22T18:00:00Z,2025-02-23T00:00:00+06:00,2025-02-24T00:00:00+06:00,2025-02-23T18:00:00Z,T2,24,2025-02-22T06:00:00Z,36,dayahead,0.5368,0.8952,0.9802,False,mos-curve-v0
2025-02-22T18:00:00Z,2025-02-23T00:00:00+06:00,2025-02-24T01:00:00+06:00,2025-02-23T19:00:00Z,T2,25,2025-02-22T06:00:00Z,37,dayahead,0.545,0.9034,0.9884,False,mos-curve-v0
2025-02-22T18:00:00Z,2025-02-23T00:00:00+06:00,2025-02-24T02:00:00+06:00,2025-02-23T20:00:00Z,T2,26,2025-02-22T06:00:00Z,38,dayahead,0.5554,0.9139,0.9989,False,mos-curve-v0
2025-02-22T18:00:00Z,2025-02-23T00:00:00+06:00,2025-02-24T03:00:00+06:00,2025-02-23T21:00:00Z,T2,27,2025-02-22T06:00:00Z,39,dayahead,0.5677,0.9262,1.0,False,mos-curve-v0
2025-02-22T18:00:00Z,2025-02-23T00:00:00+06:00,2025-02-24T04:00:00+06:00,2025-02-23T22:00:00Z,T2,28,2025-02-22T06:00:00Z,40,dayahead,0.593,0.9515,1.0,False,mos-curve-v0
2025-02-22T18:00:00Z,2025-02-23T00:00:00+06:00,2025-02-24T05:00:00+06:00,2025-02-23T23:00:00Z,T2,29,2025-02-22T06:00:00Z,41,dayahead,0.5812,0.9397,1.0,False,mos-curve-v0
2025-02-22T18:00:00Z,2025-02-23T00:00:00+06:00,2025-02-24T06:00:00+06:00,2025-02-24T00:00:00Z,T2,30,2025-02-22T06:00:00Z,42,dayahead,0.5843,0.9428,1.0,False,mos-curve-v0
2025-02-22T18:00:00Z,2025-02-23T00:00:00+06:00,2025-02-24T07:00:00+06:00,2025-02-24T01:00:00Z,T2,31,2025-02-22T06:00:00Z,43,dayahead,0.5732,0.9317,1.0,False,mos-curve-v0
2025-02-22T18:00:00Z,2025-02-23T00:00:00+06:00,2025-02-24T08:00:00+06:00,2025-02-24T02:00:00Z,T2,32,2025-02-22T06:00:00Z,44,dayahead,0.5321,0.8906,0.9756,False,mos-curve-v0
2025-02-22T18:00:00Z,2025-02-23T00:00:00+06:00,2025-02-24T09:00:00+06:00,2025-02-24T03:00:00Z,T2,33,2025-02-22T06:00:00Z,45,dayahead,0.287,0.7847,1.0,False,mos-curve-v0
2025-02-22T18:00:00Z,2025-02-23T00:00:00+06:00,2025-02-24T10:00:00+06:00,2025-02-24T04:00:00Z,T2,34,2025-02-22T06:00:00Z,46,dayahead,0.1484,0.6461,0.9448,False,mos-curve-v0
2025-02-22T18:00:00Z,2025-02-23T00:00:00+06:00,2025-02-24T11:00:00+06:00,2025-02-24T05:00:00Z,T2,35,2025-02-22T06:00:00Z,47,dayahead,0.0566,0.5543,0.8529,False,mos-curve-v0
2025-02-22T18:00:00Z,2025-02-23T00:00:00+06:00,2025-02-24T12:00:00+06:00,2025-02-24T06:00:00Z,T2,36,2025-02-22T06:00:00Z,48,dayahead,0.1468,0.6445,0.9432,False,mos-curve-v0
2025-02-22T18:00:00Z,2025-02-23T00:00:00+06:00,2025-02-24T13:00:00+06:00,2025-02-24T07:00:00Z,T2,37,2025-02-22T06:00:00Z,49,dayahead,0.2535,0.7512,1.0,False,mos-curve-v0
2025-02-22T18:00:00Z,2025-02-23T00:00:00+06:00,2025-02-24T14:00:00+06:00,2025-02-24T08:00:00Z,T2,38,2025-02-22T06:00:00Z,50,dayahead,0.2036,0.7013,0.9999,False,mos-curve-v0
2025-02-22T18:00:00Z,2025-02-23T00:00:00+06:00,2025-02-24T15:00:00+06:00,2025-02-24T09:00:00Z,T2,39,2025-02-22T06:00:00Z,51,dayahead,0.1658,0.6635,0.9621,False,mos-curve-v0
2025-02-22T18:00:00Z,2025-02-23T00:00:00+06:00,2025-02-24T16:00:00+06:00,2025-02-24T10:00:00Z,T2,40,2025-02-22T06:00:00Z,52,dayahead,0.1192,0.6169,0.9155,False,mos-curve-v0
2025-02-22T18:00:00Z,2025-02-23T00:00:00+06:00,2025-02-24T17:00:00+06:00,2025-02-24T11:00:00Z,T2,41,2025-02-22T06:00:00Z,53,dayahead,0.1258,0.6235,0.9221,False,mos-curve-v0
2025-02-22T18:00:00Z,2025-02-23T00:00:00+06:00,2025-02-24T18:00:00+06:00,2025-02-24T12:00:00Z,T2,42,2025-02-22T06:00:00Z,54,dayahead,0.0514,0.5491,0.8478,False,mos-curve-v0
2025-02-22T18:00:00Z,2025-02-23T00:00:00+06:00,2025-02-24T19:00:00+06:00,2025-02-24T13:00:00Z,T2,43,2025-02-22T06:00:00Z,55,dayahead,0.1241,0.6218,0.9205,False,mos-curve-v0
2025-02-22T18:00:00Z,2025-02-23T00:00:00+06:00,2025-02-24T20:00:00+06:00,2025-02-24T14:00:00Z,T2,44,2025-02-22T06:00:00Z,56,dayahead,0.1888,0.6865,0.9851,False,mos-curve-v0
2025-02-22T18:00:00Z,2025-02-23T00:00:00+06:00,2025-02-24T21:00:00+06:00,2025-02-24T15:00:00Z,T2,45,2025-02-22T06:00:00Z,57,dayahead,0.2279,0.7256,1.0,False,mos-curve-v0
2025-02-22T18:00:00Z,2025-02-23T00:00:00+06:00,2025-02-24T22:00:00+06:00,2025-02-24T16:00:00Z,T2,46,2025-02-22T06:00:00Z,58,dayahead,0.2774,0.7751,1.0,False,mos-curve-v0
2025-02-22T18:00:00Z,2025-02-23T00:00:00+06:00,2025-02-24T23:00:00+06:00,2025-02-24T17:00:00Z,T2,47,2025-02-22T06:00:00Z,59,dayahead,0.294,0.7917,1.0,False,mos-curve-v0
2025-02-23T18:00:00Z,2025-02-24T00:00:00+06:00,2025-02-24T00:00:00+06:00,2025-02-23T18:00:00Z,T1,0,2025-02-23T06:00:00Z,12,dayahead,0.5374,0.8959,0.9809,False,mos-curve-v0
2025-02-23T18:00:00Z,2025-02-24T00:00:00+06:00,2025-02-24T01:00:00+06:00,2025-02-23T19:00:00Z,T1,1,2025-02-23T06:00:00Z,13,dayahead,0.5503,0.9088,0.9938,False,mos-curve-v0
2025-02-23T18:00:00Z,2025-02-24T00:00:00+06:00,2025-02-24T02:00:00+06:00,2025-02-23T20:00:00Z,T1,2,2025-02-23T06:00:00Z,14,dayahead,0.5592,0.9176,1.0,False,mos-curve-v0
2025-02-23T18:00:00Z,2025-02-24T00:00:00+06:00,2025-02-24T03:00:00+06:00,2025-02-23T21:00:00Z,T1,3,2025-02-23T06:00:00Z,15,dayahead,0.5658,0.9242,1.0,False,mos-curve-v0
2025-02-23T18:00:00Z,2025-02-24T00:00:00+06:00,2025-02-24T04:00:00+06:00,2025-02-23T22:00:00Z,T1,4,2025-02-23T06:00:00Z,16,dayahead,0.5723,0.9308,1.0,False,mos-curve-v0
2025-02-23T18:00:00Z,2025-02-24T00:00:00+06:00,2025-02-24T05:00:00+06:00,2025-02-23T23:00:00Z,T1,5,2025-02-23T06:00:00Z,17,dayahead,0.5835,0.942,1.0,False,mos-curve-v0
2025-02-23T18:00:00Z,2025-02-24T00:00:00+06:00,2025-02-24T06:00:00+06:00,2025-02-24T00:00:00Z,T1,6,2025-02-23T06:00:00Z,18,dayahead,0.5576,0.916,1.0,False,mos-curve-v0
2025-02-23T18:00:00Z,2025-02-24T00:00:00+06:00,2025-02-24T07:00:00+06:00,2025-02-24T01:00:00Z,T1,7,2025-02-23T06:00:00Z,19,dayahead,0.5146,0.8731,0.9581,False,mos-curve-v0
2025-02-23T18:00:00Z,2025-02-24T00:00:00+06:00,2025-02-24T08:00:00+06:00,2025-02-24T02:00:00Z,T1,8,2025-02-23T06:00:00Z,20,dayahead,0.3354,0.8331,1.0,False,mos-curve-v0
2025-02-23T18:00:00Z,2025-02-24T00:00:00+06:00,2025-02-24T09:00:00+06:00,2025-02-24T03:00:00Z,T1,9,2025-02-23T06:00:00Z,21,dayahead,0.2442,0.7419,1.0,False,mos-curve-v0
2025-02-23T18:00:00Z,2025-02-24T00:00:00+06:00,2025-02-24T10:00:00+06:00,2025-02-24T04:00:00Z,T1,10,2025-02-23T06:00:00Z,22,dayahead,0.2638,0.7615,1.0,False,mos-curve-v0
2025-02-23T18:00:00Z,2025-02-24T00:00:00+06:00,2025-02-24T11:00:00+06:00,2025-02-24T05:00:00Z,T1,11,2025-02-23T06:00:00Z,23,dayahead,0.0874,0.5851,0.8837,False,mos-curve-v0
2025-02-23T18:00:00Z,2025-02-24T00:00:00+06:00,2025-02-24T12:00:00+06:00,2025-02-24T06:00:00Z,T1,12,2025-02-23T06:00:00Z,24,dayahead,0.1532,0.6509,0.9496,False,mos-curve-v0
2025-02-23T18:00:00Z,2025-02-24T00:00:00+06:00,2025-02-24T13:00:00+06:00,2025-02-24T07:00:00Z,T1,13,2025-02-23T06:00:00Z,25,dayahead,0.2762,0.7739,1.0,False,mos-curve-v0
2025-02-23T18:00:00Z,2025-02-24T00:00:00+06:00,2025-02-24T14:00:00+06:00,2025-02-24T08:00:00Z,T1,14,2025-02-23T06:00:00Z,26,dayahead,0.294,0.7917,1.0,False,mos-curve-v0
2025-02-23T18:00:00Z,2025-02-24T00:00:00+06:00,2025-02-24T15:00:00+06:00,2025-02-24T09:00:00Z,T1,15,2025-02-23T06:00:00Z,27,dayahead,0.2823,0.78,1.0,False,mos-curve-v0
2025-02-23T18:00:00Z,2025-02-24T00:00:00+06:00,2025-02-24T16:00:00+06:00,2025-02-24T10:00:00Z,T1,16,2025-02-23T06:00:00Z,28,dayahead,0.172,0.6697,0.9683,False,mos-curve-v0
2025-02-23T18:00:00Z,2025-02-24T00:00:00+06:00,2025-02-24T17:00:00+06:00,2025-02-24T11:00:00Z,T1,17,2025-02-23T06:00:00Z,29,dayahead,0.1093,0.6069,0.9056,False,mos-curve-v0
2025-02-23T18:00:00Z,2025-02-24T00:00:00+06:00,2025-02-24T18:00:00+06:00,2025-02-24T12:00:00Z,T1,18,2025-02-23T06:00:00Z,30,dayahead,0.0044,0.5021,0.8008,False,mos-curve-v0
2025-02-23T18:00:00Z,2025-02-24T00:00:00+06:00,2025-02-24T19:00:00+06:00,2025-02-24T13:00:00Z,T1,19,2025-02-23T06:00:00Z,31,dayahead,0.0219,0.5196,0.8182,False,mos-curve-v0
2025-02-23T18:00:00Z,2025-02-24T00:00:00+06:00,2025-02-24T20:00:00+06:00,2025-02-24T14:00:00Z,T1,20,2025-02-23T06:00:00Z,32,dayahead,0.1977,0.6954,0.9941,False,mos-curve-v0
2025-02-23T18:00:00Z,2025-02-24T00:00:00+06:00,2025-02-24T21:00:00+06:00,2025-02-24T15:00:00Z,T1,21,2025-02-23T06:00:00Z,33,dayahead,0.5091,0.8676,0.9526,False,mos-curve-v0
2025-02-23T18:00:00Z,2025-02-24T00:00:00+06:00,2025-02-24T22:00:00+06:00,2025-02-24T16:00:00Z,T1,22,2025-02-23T06:00:00Z,34,dayahead,0.5696,0.9281,1.0,False,mos-curve-v0
2025-02-23T18:00:00Z,2025-02-24T00:00:00+06:00,2025-02-24T23:00:00+06:00,2025-02-24T17:00:00Z,T1,23,2025-02-23T06:00:00Z,35,dayahead,0.5865,0.945,1.0,False,mos-curve-v0
2025-02-23T18:00:00Z,2025-02-24T00:00:00+06:00,2025-02-25T00:00:00+06:00,2025-02-24T18:00:00Z,T1,24,2025-02-23T06:00:00Z,36,dayahead,0.5831,0.9416,1.0,False,mos-curve-v0
2025-02-23T18:00:00Z,2025-02-24T00:00:00+06:00,2025-02-25T01:00:00+06:00,2025-02-24T19:00:00Z,T1,25,2025-02-23T06:00:00Z,37,dayahead,0.5532,0.9116,0.9966,False,mos-curve-v0
2025-02-23T18:00:00Z,2025-02-24T00:00:00+06:00,2025-02-25T02:00:00+06:00,2025-02-24T20:00:00Z,T1,26,2025-02-23T06:00:00Z,38,dayahead,0.3411,0.8388,1.0,False,mos-curve-v0
2025-02-23T18:00:00Z,2025-02-24T00:00:00+06:00,2025-02-25T03:00:00+06:00,2025-02-24T21:00:00Z,T1,27,2025-02-23T06:00:00Z,39,dayahead,0.0428,0.5405,0.8391,False,mos-curve-v0
2025-02-23T18:00:00Z,2025-02-24T00:00:00+06:00,2025-02-25T04:00:00+06:00,2025-02-24T22:00:00Z,T1,28,2025-02-23T06:00:00Z,40,dayahead,0.0,0.1645,0.6785,False,mos-curve-v0
2025-02-23T18:00:00Z,2025-02-24T00:00:00+06:00,2025-02-25T05:00:00+06:00,2025-02-24T23:00:00Z,T1,29,2025-02-23T06:00:00Z,41,dayahead,0.0,0.1877,0.7017,False,mos-curve-v0
2025-02-23T18:00:00Z,2025-02-24T00:00:00+06:00,2025-02-25T06:00:00+06:00,2025-02-25T00:00:00Z,T1,30,2025-02-23T06:00:00Z,42,dayahead,0.0092,0.0915,0.3199,False,mos-curve-v0
2025-02-23T18:00:00Z,2025-02-24T00:00:00+06:00,2025-02-25T07:00:00+06:00,2025-02-25T01:00:00Z,T1,31,2025-02-23T06:00:00Z,43,dayahead,0.0,0.0284,0.2568,False,mos-curve-v0
2025-02-23T18:00:00Z,2025-02-24T00:00:00+06:00,2025-02-25T08:00:00+06:00,2025-02-25T02:00:00Z,T1,32,2025-02-23T06:00:00Z,44,dayahead,0.0,0.039,0.2674,False,mos-curve-v0
2025-02-23T18:00:00Z,2025-02-24T00:00:00+06:00,2025-02-25T09:00:00+06:00,2025-02-25T03:00:00Z,T1,33,2025-02-23T06:00:00Z,45,dayahead,0.0,0.0302,0.2586,False,mos-curve-v0
2025-02-23T18:00:00Z,2025-02-24T00:00:00+06:00,2025-02-25T10:00:00+06:00,2025-02-25T04:00:00Z,T1,34,2025-02-23T06:00:00Z,46,dayahead,0.0,0.0398,0.2682,False,mos-curve-v0
2025-02-23T18:00:00Z,2025-02-24T00:00:00+06:00,2025-02-25T11:00:00+06:00,2025-02-25T05:00:00Z,T1,35,2025-02-23T06:00:00Z,47,dayahead,0.0,0.0271,0.2555,False,mos-curve-v0
2025-02-23T18:00:00Z,2025-02-24T00:00:00+06:00,2025-02-25T12:00:00+06:00,2025-02-25T06:00:00Z,T1,36,2025-02-23T06:00:00Z,48,dayahead,0.0,0.0446,0.273,False,mos-curve-v0
2025-02-23T18:00:00Z,2025-02-24T00:00:00+06:00,2025-02-25T13:00:00+06:00,2025-02-25T07:00:00Z,T1,37,2025-02-23T06:00:00Z,49,dayahead,0.0676,0.331,0.845,False,mos-curve-v0
2025-02-23T18:00:00Z,2025-02-24T00:00:00+06:00,2025-02-25T14:00:00+06:00,2025-02-25T08:00:00Z,T1,38,2025-02-23T06:00:00Z,50,dayahead,0.2137,0.7114,1.0,False,mos-curve-v0
2025-02-23T18:00:00Z,2025-02-24T00:00:00+06:00,2025-02-25T15:00:00+06:00,2025-02-25T09:00:00Z,T1,39,2025-02-23T06:00:00Z,51,dayahead,0.5001,0.8585,0.9435,False,mos-curve-v0
2025-02-23T18:00:00Z,2025-02-24T00:00:00+06:00,2025-02-25T16:00:00+06:00,2025-02-25T10:00:00Z,T1,40,2025-02-23T06:00:00Z,52,dayahead,0.5131,0.8716,0.9566,False,mos-curve-v0
2025-02-23T18:00:00Z,2025-02-24T00:00:00+06:00,2025-02-25T17:00:00+06:00,2025-02-25T11:00:00Z,T1,41,2025-02-23T06:00:00Z,53,dayahead,0.3495,0.8471,1.0,False,mos-curve-v0
2025-02-23T18:00:00Z,2025-02-24T00:00:00+06:00,2025-02-25T18:00:00+06:00,2025-02-25T12:00:00Z,T1,42,2025-02-23T06:00:00Z,54,dayahead,0.2456,0.7433,1.0,False,mos-curve-v0
2025-02-23T18:00:00Z,2025-02-24T00:00:00+06:00,2025-02-25T19:00:00+06:00,2025-02-25T13:00:00Z,T1,43,2025-02-23T06:00:00Z,55,dayahead,0.0646,0.3279,0.8419,False,mos-curve-v0
2025-02-23T18:00:00Z,2025-02-24T00:00:00+06:00,2025-02-25T20:00:00+06:00,2025-02-25T14:00:00Z,T1,44,2025-02-23T06:00:00Z,56,dayahead,0.0,0.0282,0.2566,False,mos-curve-v0
2025-02-23T18:00:00Z,2025-02-24T00:00:00+06:00,2025-02-25T21:00:00+06:00,2025-02-25T15:00:00Z,T1,45,2025-02-23T06:00:00Z,57,dayahead,0.0,0.1654,0.6794,False,mos-curve-v0
2025-02-23T18:00:00Z,2025-02-24T00:00:00+06:00,2025-02-25T22:00:00+06:00,2025-02-25T16:00:00Z,T1,46,2025-02-23T06:00:00Z,58,dayahead,0.0,0.2077,0.7216,False,mos-curve-v0
2025-02-23T18:00:00Z,2025-02-24T00:00:00+06:00,2025-02-25T23:00:00+06:00,2025-02-25T17:00:00Z,T1,47,2025-02-23T06:00:00Z,59,dayahead,0.0,0.1909,0.7049,False,mos-curve-v0
2025-02-23T18:00:00Z,2025-02-24T00:00:00+06:00,2025-02-24T00:00:00+06:00,2025-02-23T18:00:00Z,T2,0,2025-02-23T06:00:00Z,12,dayahead,0.5374,0.8959,0.9809,False,mos-curve-v0
2025-02-23T18:00:00Z,2025-02-24T00:00:00+06:00,2025-02-24T01:00:00+06:00,2025-02-23T19:00:00Z,T2,1,2025-02-23T06:00:00Z,13,dayahead,0.5503,0.9088,0.9938,False,mos-curve-v0
2025-02-23T18:00:00Z,2025-02-24T00:00:00+06:00,2025-02-24T02:00:00+06:00,2025-02-23T20:00:00Z,T2,2,2025-02-23T06:00:00Z,14,dayahead,0.5592,0.9176,1.0,False,mos-curve-v0
2025-02-23T18:00:00Z,2025-02-24T00:00:00+06:00,2025-02-24T03:00:00+06:00,2025-02-23T21:00:00Z,T2,3,2025-02-23T06:00:00Z,15,dayahead,0.5658,0.9242,1.0,False,mos-curve-v0
2025-02-23T18:00:00Z,2025-02-24T00:00:00+06:00,2025-02-24T04:00:00+06:00,2025-02-23T22:00:00Z,T2,4,2025-02-23T06:00:00Z,16,dayahead,0.5723,0.9308,1.0,False,mos-curve-v0
2025-02-23T18:00:00Z,2025-02-24T00:00:00+06:00,2025-02-24T05:00:00+06:00,2025-02-23T23:00:00Z,T2,5,2025-02-23T06:00:00Z,17,dayahead,0.5835,0.942,1.0,False,mos-curve-v0
2025-02-23T18:00:00Z,2025-02-24T00:00:00+06:00,2025-02-24T06:00:00+06:00,2025-02-24T00:00:00Z,T2,6,2025-02-23T06:00:00Z,18,dayahead,0.5576,0.916,1.0,False,mos-curve-v0
2025-02-23T18:00:00Z,2025-02-24T00:00:00+06:00,2025-02-24T07:00:00+06:00,2025-02-24T01:00:00Z,T2,7,2025-02-23T06:00:00Z,19,dayahead,0.5146,0.8731,0.9581,False,mos-curve-v0
2025-02-23T18:00:00Z,2025-02-24T00:00:00+06:00,2025-02-24T08:00:00+06:00,2025-02-24T02:00:00Z,T2,8,2025-02-23T06:00:00Z,20,dayahead,0.3354,0.8331,1.0,False,mos-curve-v0
2025-02-23T18:00:00Z,2025-02-24T00:00:00+06:00,2025-02-24T09:00:00+06:00,2025-02-24T03:00:00Z,T2,9,2025-02-23T06:00:00Z,21,dayahead,0.2442,0.7419,1.0,False,mos-curve-v0
2025-02-23T18:00:00Z,2025-02-24T00:00:00+06:00,2025-02-24T10:00:00+06:00,2025-02-24T04:00:00Z,T2,10,2025-02-23T06:00:00Z,22,dayahead,0.2638,0.7615,1.0,False,mos-curve-v0
2025-02-23T18:00:00Z,2025-02-24T00:00:00+06:00,2025-02-24T11:00:00+06:00,2025-02-24T05:00:00Z,T2,11,2025-02-23T06:00:00Z,23,dayahead,0.0874,0.5851,0.8837,False,mos-curve-v0
2025-02-23T18:00:00Z,2025-02-24T00:00:00+06:00,2025-02-24T12:00:00+06:00,2025-02-24T06:00:00Z,T2,12,2025-02-23T06:00:00Z,24,dayahead,0.1532,0.6509,0.9496,False,mos-curve-v0
2025-02-23T18:00:00Z,2025-02-24T00:00:00+06:00,2025-02-24T13:00:00+06:00,2025-02-24T07:00:00Z,T2,13,2025-02-23T06:00:00Z,25,dayahead,0.2762,0.7739,1.0,False,mos-curve-v0
2025-02-23T18:00:00Z,2025-02-24T00:00:00+06:00,2025-02-24T14:00:00+06:00,2025-02-24T08:00:00Z,T2,14,2025-02-23T06:00:00Z,26,dayahead,0.294,0.7917,1.0,False,mos-curve-v0
2025-02-23T18:00:00Z,2025-02-24T00:00:00+06:00,2025-02-24T15:00:00+06:00,2025-02-24T09:00:00Z,T2,15,2025-02-23T06:00:00Z,27,dayahead,0.2823,0.78,1.0,False,mos-curve-v0
2025-02-23T18:00:00Z,2025-02-24T00:00:00+06:00,2025-02-24T16:00:00+06:00,2025-02-24T10:00:00Z,T2,16,2025-02-23T06:00:00Z,28,dayahead,0.172,0.6697,0.9683,False,mos-curve-v0
2025-02-23T18:00:00Z,2025-02-24T00:00:00+06:00,2025-02-24T17:00:00+06:00,2025-02-24T11:00:00Z,T2,17,2025-02-23T06:00:00Z,29,dayahead,0.1093,0.6069,0.9056,False,mos-curve-v0
2025-02-23T18:00:00Z,2025-02-24T00:00:00+06:00,2025-02-24T18:00:00+06:00,2025-02-24T12:00:00Z,T2,18,2025-02-23T06:00:00Z,30,dayahead,0.0044,0.5021,0.8008,False,mos-curve-v0
2025-02-23T18:00:00Z,2025-02-24T00:00:00+06:00,2025-02-24T19:00:00+06:00,2025-02-24T13:00:00Z,T2,19,2025-02-23T06:00:00Z,31,dayahead,0.0219,0.5196,0.8182,False,mos-curve-v0
2025-02-23T18:00:00Z,2025-02-24T00:00:00+06:00,2025-02-24T20:00:00+06:00,2025-02-24T14:00:00Z,T2,20,2025-02-23T06:00:00Z,32,dayahead,0.1977,0.6954,0.9941,False,mos-curve-v0
2025-02-23T18:00:00Z,2025-02-24T00:00:00+06:00,2025-02-24T21:00:00+06:00,2025-02-24T15:00:00Z,T2,21,2025-02-23T06:00:00Z,33,dayahead,0.5091,0.8676,0.9526,False,mos-curve-v0
2025-02-23T18:00:00Z,2025-02-24T00:00:00+06:00,2025-02-24T22:00:00+06:00,2025-02-24T16:00:00Z,T2,22,2025-02-23T06:00:00Z,34,dayahead,0.5696,0.9281,1.0,False,mos-curve-v0
2025-02-23T18:00:00Z,2025-02-24T00:00:00+06:00,2025-02-24T23:00:00+06:00,2025-02-24T17:00:00Z,T2,23,2025-02-23T06:00:00Z,35,dayahead,0.5865,0.945,1.0,False,mos-curve-v0
2025-02-23T18:00:00Z,2025-02-24T00:00:00+06:00,2025-02-25T00:00:00+06:00,2025-02-24T18:00:00Z,T2,24,2025-02-23T06:00:00Z,36,dayahead,0.5831,0.9416,1.0,False,mos-curve-v0
2025-02-23T18:00:00Z,2025-02-24T00:00:00+06:00,2025-02-25T01:00:00+06:00,2025-02-24T19:00:00Z,T2,25,2025-02-23T06:00:00Z,37,dayahead,0.5532,0.9116,0.9966,False,mos-curve-v0
2025-02-23T18:00:00Z,2025-02-24T00:00:00+06:00,2025-02-25T02:00:00+06:00,2025-02-24T20:00:00Z,T2,26,2025-02-23T06:00:00Z,38,dayahead,0.3411,0.8388,1.0,False,mos-curve-v0
2025-02-23T18:00:00Z,2025-02-24T00:00:00+06:00,2025-02-25T03:00:00+06:00,2025-02-24T21:00:00Z,T2,27,2025-02-23T06:00:00Z,39,dayahead,0.0428,0.5405,0.8391,False,mos-curve-v0
2025-02-23T18:00:00Z,2025-02-24T00:00:00+06:00,2025-02-25T04:00:00+06:00,2025-02-24T22:00:00Z,T2,28,2025-02-23T06:00:00Z,40,dayahead,0.0,0.1645,0.6785,False,mos-curve-v0
2025-02-23T18:00:00Z,2025-02-24T00:00:00+06:00,2025-02-25T05:00:00+06:00,2025-02-24T23:00:00Z,T2,29,2025-02-23T06:00:00Z,41,dayahead,0.0,0.1877,0.7017,False,mos-curve-v0
2025-02-23T18:00:00Z,2025-02-24T00:00:00+06:00,2025-02-25T06:00:00+06:00,2025-02-25T00:00:00Z,T2,30,2025-02-23T06:00:00Z,42,dayahead,0.0092,0.0915,0.3199,False,mos-curve-v0
2025-02-23T18:00:00Z,2025-02-24T00:00:00+06:00,2025-02-25T07:00:00+06:00,2025-02-25T01:00:00Z,T2,31,2025-02-23T06:00:00Z,43,dayahead,0.0,0.0284,0.2568,False,mos-curve-v0
2025-02-23T18:00:00Z,2025-02-24T00:00:00+06:00,2025-02-25T08:00:00+06:00,2025-02-25T02:00:00Z,T2,32,2025-02-23T06:00:00Z,44,dayahead,0.0,0.039,0.2674,False,mos-curve-v0
2025-02-23T18:00:00Z,2025-02-24T00:00:00+06:00,2025-02-25T09:00:00+06:00,2025-02-25T03:00:00Z,T2,33,2025-02-23T06:00:00Z,45,dayahead,0.0,0.0302,0.2586,False,mos-curve-v0
2025-02-23T18:00:00Z,2025-02-24T00:00:00+06:00,2025-02-25T10:00:00+06:00,2025-02-25T04:00:00Z,T2,34,2025-02-23T06:00:00Z,46,dayahead,0.0,0.0398,0.2682,False,mos-curve-v0
2025-02-23T18:00:00Z,2025-02-24T00:00:00+06:00,2025-02-25T11:00:00+06:00,2025-02-25T05:00:00Z,T2,35,2025-02-23T06:00:00Z,47,dayahead,0.0,0.0271,0.2555,False,mos-curve-v0
2025-02-23T18:00:00Z,2025-02-24T00:00:00+06:00,2025-02-25T12:00:00+06:00,2025-02-25T06:00:00Z,T2,36,2025-02-23T06:00:00Z,48,dayahead,0.0,0.0446,0.273,False,mos-curve-v0
2025-02-23T18:00:00Z,2025-02-24T00:00:00+06:00,2025-02-25T13:00:00+06:00,2025-02-25T07:00:00Z,T2,37,2025-02-23T06:00:00Z,49,dayahead,0.0676,0.331,0.845,False,mos-curve-v0
2025-02-23T18:00:00Z,2025-02-24T00:00:00+06:00,2025-02-25T14:00:00+06:00,2025-02-25T08:00:00Z,T2,38,2025-02-23T06:00:00Z,50,dayahead,0.2137,0.7114,1.0,False,mos-curve-v0
2025-02-23T18:00:00Z,2025-02-24T00:00:00+06:00,2025-02-25T15:00:00+06:00,2025-02-25T09:00:00Z,T2,39,2025-02-23T06:00:00Z,51,dayahead,0.5001,0.8585,0.9435,False,mos-curve-v0
2025-02-23T18:00:00Z,2025-02-24T00:00:00+06:00,2025-02-25T16:00:00+06:00,2025-02-25T10:00:00Z,T2,40,2025-02-23T06:00:00Z,52,dayahead,0.5131,0.8716,0.9566,False,mos-curve-v0
2025-02-23T18:00:00Z,2025-02-24T00:00:00+06:00,2025-02-25T17:00:00+06:00,2025-02-25T11:00:00Z,T2,41,2025-02-23T06:00:00Z,53,dayahead,0.3495,0.8471,1.0,False,mos-curve-v0
2025-02-23T18:00:00Z,2025-02-24T00:00:00+06:00,2025-02-25T18:00:00+06:00,2025-02-25T12:00:00Z,T2,42,2025-02-23T06:00:00Z,54,dayahead,0.2456,0.7433,1.0,False,mos-curve-v0
2025-02-23T18:00:00Z,2025-02-24T00:00:00+06:00,2025-02-25T19:00:00+06:00,2025-02-25T13:00:00Z,T2,43,2025-02-23T06:00:00Z,55,dayahead,0.0646,0.3279,0.8419,False,mos-curve-v0
2025-02-23T18:00:00Z,2025-02-24T00:00:00+06:00,2025-02-25T20:00:00+06:00,2025-02-25T14:00:00Z,T2,44,2025-02-23T06:00:00Z,56,dayahead,0.0,0.0282,0.2566,False,mos-curve-v0
2025-02-23T18:00:00Z,2025-02-24T00:00:00+06:00,2025-02-25T21:00:00+06:00,2025-02-25T15:00:00Z,T2,45,2025-02-23T06:00:00Z,57,dayahead,0.0,0.1654,0.6794,False,mos-curve-v0
2025-02-23T18:00:00Z,2025-02-24T00:00:00+06:00,2025-02-25T22:00:00+06:00,2025-02-25T16:00:00Z,T2,46,2025-02-23T06:00:00Z,58,dayahead,0.0,0.2077,0.7216,False,mos-curve-v0
2025-02-23T18:00:00Z,2025-02-24T00:00:00+06:00,2025-02-25T23:00:00+06:00,2025-02-25T17:00:00Z,T2,47,2025-02-23T06:00:00Z,59,dayahead,0.0,0.1909,0.7049,False,mos-curve-v0
2025-02-24T18:00:00Z,2025-02-25T00:00:00+06:00,2025-02-25T00:00:00+06:00,2025-02-24T18:00:00Z,T1,0,2025-02-24T06:00:00Z,12,dayahead,0.5051,0.8635,0.9485,False,mos-curve-v0
2025-02-24T18:00:00Z,2025-02-25T00:00:00+06:00,2025-02-25T01:00:00+06:00,2025-02-24T19:00:00Z,T1,1,2025-02-24T06:00:00Z,13,dayahead,0.3182,0.8159,1.0,False,mos-curve-v0
2025-02-24T18:00:00Z,2025-02-25T00:00:00+06:00,2025-02-25T02:00:00+06:00,2025-02-24T20:00:00Z,T1,2,2025-02-24T06:00:00Z,14,dayahead,0.2713,0.769,1.0,False,mos-curve-v0
2025-02-24T18:00:00Z,2025-02-25T00:00:00+06:00,2025-02-25T03:00:00+06:00,2025-02-24T21:00:00Z,T1,3,2025-02-24T06:00:00Z,15,dayahead,0.2336,0.4969,1.0,False,mos-curve-v0
2025-02-24T18:00:00Z,2025-02-25T00:00:00+06:00,2025-02-25T04:00:00+06:00,2025-02-24T22:00:00Z,T1,4,2025-02-24T06:00:00Z,16,dayahead,0.0707,0.3341,0.8481,False,mos-curve-v0
2025-02-24T18:00:00Z,2025-02-25T00:00:00+06:00,2025-02-25T05:00:00+06:00,2025-02-24T23:00:00Z,T1,5,2025-02-24T06:00:00Z,17,dayahead,0.0648,0.147,0.3754,False,mos-curve-v0
2025-02-24T18:00:00Z,2025-02-25T00:00:00+06:00,2025-02-25T06:00:00+06:00,2025-02-25T00:00:00Z,T1,6,2025-02-24T06:00:00Z,18,dayahead,0.0,0.0377,0.2661,False,mos-curve-v0
2025-02-24T18:00:00Z,2025-02-25T00:00:00+06:00,2025-02-25T07:00:00+06:00,2025-02-25T01:00:00Z,T1,7,2025-02-24T06:00:00Z,19,dayahead,0.0,0.026,0.2544,False,mos-curve-v0
2025-02-24T18:00:00Z,2025-02-25T00:00:00+06:00,2025-02-25T08:00:00+06:00,2025-02-25T02:00:00Z,T1,8,2025-02-24T06:00:00Z,20,dayahead,0.0,0.0415,0.2699,False,mos-curve-v0
2025-02-24T18:00:00Z,2025-02-25T00:00:00+06:00,2025-02-25T09:00:00+06:00,2025-02-25T03:00:00Z,T1,9,2025-02-24T06:00:00Z,21,dayahead,0.0,0.0401,0.2685,False,mos-curve-v0
2025-02-24T18:00:00Z,2025-02-25T00:00:00+06:00,2025-02-25T10:00:00+06:00,2025-02-25T04:00:00Z,T1,10,2025-02-24T06:00:00Z,22,dayahead,0.0,0.0195,0.2479,False,mos-curve-v0
2025-02-24T18:00:00Z,2025-02-25T00:00:00+06:00,2025-02-25T11:00:00+06:00,2025-02-25T05:00:00Z,T1,11,2025-02-24T06:00:00Z,23,dayahead,0.0,0.0363,0.2646,False,mos-curve-v0
2025-02-24T18:00:00Z,2025-02-25T00:00:00+06:00,2025-02-25T12:00:00+06:00,2025-02-25T06:00:00Z,T1,12,2025-02-24T06:00:00Z,24,dayahead,0.0075,0.0897,0.3181,False,mos-curve-v0
2025-02-24T18:00:00Z,2025-02-25T00:00:00+06:00,2025-02-25T13:00:00+06:00,2025-02-25T07:00:00Z,T1,13,2025-02-24T06:00:00Z,25,dayahead,0.1456,0.4089,0.9229,False,mos-curve-v0
2025-02-24T18:00:00Z,2025-02-25T00:00:00+06:00,2025-02-25T14:00:00+06:00,2025-02-25T08:00:00Z,T1,14,2025-02-24T06:00:00Z,26,dayahead,0.3255,0.8231,1.0,False,mos-curve-v0
2025-02-24T18:00:00Z,2025-02-25T00:00:00+06:00,2025-02-25T15:00:00+06:00,2025-02-25T09:00:00Z,T1,15,2025-02-24T06:00:00Z,27,dayahead,0.5321,0.8906,0.9756,False,mos-curve-v0
2025-02-24T18:00:00Z,2025-02-25T00:00:00+06:00,2025-02-25T16:00:00+06:00,2025-02-25T10:00:00Z,T1,16,2025-02-24T06:00:00Z,28,dayahead,0.53,0.8885,0.9735,False,mos-curve-v0
2025-02-24T18:00:00Z,2025-02-25T00:00:00+06:00,2025-02-25T17:00:00+06:00,2025-02-25T11:00:00Z,T1,17,2025-02-24T06:00:00Z,29,dayahead,0.4983,0.8568,0.9418,False,mos-curve-v0
2025-02-24T18:00:00Z,2025-02-25T00:00:00+06:00,2025-02-25T18:00:00+06:00,2025-02-25T12:00:00Z,T1,18,2025-02-24T06:00:00Z,30,dayahead,0.2917,0.7894,1.0,False,mos-curve-v0
2025-02-24T18:00:00Z,2025-02-25T00:00:00+06:00,2025-02-25T19:00:00+06:00,2025-02-25T13:00:00Z,T1,19,2025-02-24T06:00:00Z,31,dayahead,0.1751,0.6728,0.9714,False,mos-curve-v0
2025-02-24T18:00:00Z,2025-02-25T00:00:00+06:00,2025-02-25T20:00:00+06:00,2025-02-25T14:00:00Z,T1,20,2025-02-24T06:00:00Z,32,dayahead,0.0,0.1743,0.6883,False,mos-curve-v0
2025-02-24T18:00:00Z,2025-02-25T00:00:00+06:00,2025-02-25T21:00:00+06:00,2025-02-25T15:00:00Z,T1,21,2025-02-24T06:00:00Z,33,dayahead,0.0,0.0346,0.263,False,mos-curve-v0
2025-02-24T18:00:00Z,2025-02-25T00:00:00+06:00,2025-02-25T22:00:00+06:00,2025-02-25T16:00:00Z,T1,22,2025-02-24T06:00:00Z,34,dayahead,0.0,0.0306,0.259,False,mos-curve-v0
2025-02-24T18:00:00Z,2025-02-25T00:00:00+06:00,2025-02-25T23:00:00+06:00,2025-02-25T17:00:00Z,T1,23,2025-02-24T06:00:00Z,35,dayahead,0.0,0.0241,0.2525,False,mos-curve-v0
2025-02-24T18:00:00Z,2025-02-25T00:00:00+06:00,2025-02-26T00:00:00+06:00,2025-02-25T18:00:00Z,T1,24,2025-02-24T06:00:00Z,36,dayahead,0.0,0.0351,0.2634,False,mos-curve-v0
2025-02-24T18:00:00Z,2025-02-25T00:00:00+06:00,2025-02-26T01:00:00+06:00,2025-02-25T19:00:00Z,T1,25,2025-02-24T06:00:00Z,37,dayahead,0.0,0.016,0.2444,False,mos-curve-v0
2025-02-24T18:00:00Z,2025-02-25T00:00:00+06:00,2025-02-26T02:00:00+06:00,2025-02-25T20:00:00Z,T1,26,2025-02-24T06:00:00Z,38,dayahead,0.0,0.0158,0.2442,False,mos-curve-v0
2025-02-24T18:00:00Z,2025-02-25T00:00:00+06:00,2025-02-26T03:00:00+06:00,2025-02-25T21:00:00Z,T1,27,2025-02-24T06:00:00Z,39,dayahead,0.0,0.0266,0.2549,False,mos-curve-v0
2025-02-24T18:00:00Z,2025-02-25T00:00:00+06:00,2025-02-26T04:00:00+06:00,2025-02-25T22:00:00Z,T1,28,2025-02-24T06:00:00Z,40,dayahead,0.0,0.0258,0.2542,False,mos-curve-v0
2025-02-24T18:00:00Z,2025-02-25T00:00:00+06:00,2025-02-26T05:00:00+06:00,2025-02-25T23:00:00Z,T1,29,2025-02-24T06:00:00Z,41,dayahead,0.0,0.0215,0.2499,False,mos-curve-v0
2025-02-24T18:00:00Z,2025-02-25T00:00:00+06:00,2025-02-26T06:00:00+06:00,2025-02-26T00:00:00Z,T1,30,2025-02-24T06:00:00Z,42,dayahead,0.0,0.0429,0.2713,False,mos-curve-v0
2025-02-24T18:00:00Z,2025-02-25T00:00:00+06:00,2025-02-26T07:00:00+06:00,2025-02-26T01:00:00Z,T1,31,2025-02-24T06:00:00Z,43,dayahead,0.2166,0.7143,1.0,False,mos-curve-v0
2025-02-24T18:00:00Z,2025-02-25T00:00:00+06:00,2025-02-26T08:00:00+06:00,2025-02-26T02:00:00Z,T1,32,2025-02-24T06:00:00Z,44,dayahead,0.3285,0.8262,1.0,False,mos-curve-v0
2025-02-24T18:00:00Z,2025-02-25T00:00:00+06:00,2025-02-26T09:00:00+06:00,2025-02-26T03:00:00Z,T1,33,2025-02-24T06:00:00Z,45,dayahead,0.3504,0.848,1.0,False,mos-curve-v0
2025-02-24T18:00:00Z,2025-02-25T00:00:00+06:00,2025-02-26T10:00:00+06:00,2025-02-26T04:00:00Z,T1,34,2025-02-24T06:00:00Z,46,dayahead,0.2612,0.7589,1.0,False,mos-curve-v0
2025-02-24T18:00:00Z,2025-02-25T00:00:00+06:00,2025-02-26T11:00:00+06:00,2025-02-26T05:00:00Z,T1,35,2025-02-24T06:00:00Z,47,dayahead,0.5754,0.9339,1.0,False,mos-curve-v0
2025-02-24T18:00:00Z,2025-02-25T00:00:00+06:00,2025-02-26T12:00:00+06:00,2025-02-26T06:00:00Z,T1,36,2025-02-24T06:00:00Z,48,dayahead,0.5993,0.9578,1.0,False,mos-curve-v0
2025-02-24T18:00:00Z,2025-02-25T00:00:00+06:00,2025-02-26T13:00:00+06:00,2025-02-26T07:00:00Z,T1,37,2025-02-24T06:00:00Z,49,dayahead,0.6163,0.9748,1.0,False,mos-curve-v0
2025-02-24T18:00:00Z,2025-02-25T00:00:00+06:00,2025-02-26T14:00:00+06:00,2025-02-26T08:00:00Z,T1,38,2025-02-24T06:00:00Z,50,dayahead,0.6108,0.9693,1.0,False,mos-curve-v0
2025-02-24T18:00:00Z,2025-02-25T00:00:00+06:00,2025-02-26T15:00:00+06:00,2025-02-26T09:00:00Z,T1,39,2025-02-24T06:00:00Z,51,dayahead,0.6286,0.9871,1.0,False,mos-curve-v0
2025-02-24T18:00:00Z,2025-02-25T00:00:00+06:00,2025-02-26T16:00:00+06:00,2025-02-26T10:00:00Z,T1,40,2025-02-24T06:00:00Z,52,dayahead,0.6315,0.99,1.0,False,mos-curve-v0
2025-02-24T18:00:00Z,2025-02-25T00:00:00+06:00,2025-02-26T17:00:00+06:00,2025-02-26T11:00:00Z,T1,41,2025-02-24T06:00:00Z,53,dayahead,0.6315,0.99,1.0,False,mos-curve-v0
2025-02-24T18:00:00Z,2025-02-25T00:00:00+06:00,2025-02-26T18:00:00+06:00,2025-02-26T12:00:00Z,T1,42,2025-02-24T06:00:00Z,54,dayahead,0.6315,0.99,1.0,False,mos-curve-v0
2025-02-24T18:00:00Z,2025-02-25T00:00:00+06:00,2025-02-26T19:00:00+06:00,2025-02-26T13:00:00Z,T1,43,2025-02-24T06:00:00Z,55,dayahead,0.6315,0.99,1.0,False,mos-curve-v0
2025-02-24T18:00:00Z,2025-02-25T00:00:00+06:00,2025-02-26T20:00:00+06:00,2025-02-26T14:00:00Z,T1,44,2025-02-24T06:00:00Z,56,dayahead,0.6301,0.9886,1.0,False,mos-curve-v0
2025-02-24T18:00:00Z,2025-02-25T00:00:00+06:00,2025-02-26T21:00:00+06:00,2025-02-26T15:00:00Z,T1,45,2025-02-24T06:00:00Z,57,dayahead,0.6198,0.9783,1.0,False,mos-curve-v0
2025-02-24T18:00:00Z,2025-02-25T00:00:00+06:00,2025-02-26T22:00:00+06:00,2025-02-26T16:00:00Z,T1,46,2025-02-24T06:00:00Z,58,dayahead,0.6116,0.9701,1.0,False,mos-curve-v0
2025-02-24T18:00:00Z,2025-02-25T00:00:00+06:00,2025-02-26T23:00:00+06:00,2025-02-26T17:00:00Z,T1,47,2025-02-24T06:00:00Z,59,dayahead,0.5754,0.9339,1.0,False,mos-curve-v0
2025-02-24T18:00:00Z,2025-02-25T00:00:00+06:00,2025-02-25T00:00:00+06:00,2025-02-24T18:00:00Z,T2,0,2025-02-24T06:00:00Z,12,dayahead,0.5051,0.8635,0.9485,False,mos-curve-v0
2025-02-24T18:00:00Z,2025-02-25T00:00:00+06:00,2025-02-25T01:00:00+06:00,2025-02-24T19:00:00Z,T2,1,2025-02-24T06:00:00Z,13,dayahead,0.3182,0.8159,1.0,False,mos-curve-v0
2025-02-24T18:00:00Z,2025-02-25T00:00:00+06:00,2025-02-25T02:00:00+06:00,2025-02-24T20:00:00Z,T2,2,2025-02-24T06:00:00Z,14,dayahead,0.2713,0.769,1.0,False,mos-curve-v0
2025-02-24T18:00:00Z,2025-02-25T00:00:00+06:00,2025-02-25T03:00:00+06:00,2025-02-24T21:00:00Z,T2,3,2025-02-24T06:00:00Z,15,dayahead,0.2336,0.4969,1.0,False,mos-curve-v0
2025-02-24T18:00:00Z,2025-02-25T00:00:00+06:00,2025-02-25T04:00:00+06:00,2025-02-24T22:00:00Z,T2,4,2025-02-24T06:00:00Z,16,dayahead,0.0707,0.3341,0.8481,False,mos-curve-v0
2025-02-24T18:00:00Z,2025-02-25T00:00:00+06:00,2025-02-25T05:00:00+06:00,2025-02-24T23:00:00Z,T2,5,2025-02-24T06:00:00Z,17,dayahead,0.0648,0.147,0.3754,False,mos-curve-v0
2025-02-24T18:00:00Z,2025-02-25T00:00:00+06:00,2025-02-25T06:00:00+06:00,2025-02-25T00:00:00Z,T2,6,2025-02-24T06:00:00Z,18,dayahead,0.0,0.0377,0.2661,False,mos-curve-v0
2025-02-24T18:00:00Z,2025-02-25T00:00:00+06:00,2025-02-25T07:00:00+06:00,2025-02-25T01:00:00Z,T2,7,2025-02-24T06:00:00Z,19,dayahead,0.0,0.026,0.2544,False,mos-curve-v0
2025-02-24T18:00:00Z,2025-02-25T00:00:00+06:00,2025-02-25T08:00:00+06:00,2025-02-25T02:00:00Z,T2,8,2025-02-24T06:00:00Z,20,dayahead,0.0,0.0415,0.2699,False,mos-curve-v0
2025-02-24T18:00:00Z,2025-02-25T00:00:00+06:00,2025-02-25T09:00:00+06:00,2025-02-25T03:00:00Z,T2,9,2025-02-24T06:00:00Z,21,dayahead,0.0,0.0401,0.2685,False,mos-curve-v0
2025-02-24T18:00:00Z,2025-02-25T00:00:00+06:00,2025-02-25T10:00:00+06:00,2025-02-25T04:00:00Z,T2,10,2025-02-24T06:00:00Z,22,dayahead,0.0,0.0195,0.2479,False,mos-curve-v0
2025-02-24T18:00:00Z,2025-02-25T00:00:00+06:00,2025-02-25T11:00:00+06:00,2025-02-25T05:00:00Z,T2,11,2025-02-24T06:00:00Z,23,dayahead,0.0,0.0363,0.2646,False,mos-curve-v0
2025-02-24T18:00:00Z,2025-02-25T00:00:00+06:00,2025-02-25T12:00:00+06:00,2025-02-25T06:00:00Z,T2,12,2025-02-24T06:00:00Z,24,dayahead,0.0075,0.0897,0.3181,False,mos-curve-v0
2025-02-24T18:00:00Z,2025-02-25T00:00:00+06:00,2025-02-25T13:00:00+06:00,2025-02-25T07:00:00Z,T2,13,2025-02-24T06:00:00Z,25,dayahead,0.1456,0.4089,0.9229,False,mos-curve-v0
2025-02-24T18:00:00Z,2025-02-25T00:00:00+06:00,2025-02-25T14:00:00+06:00,2025-02-25T08:00:00Z,T2,14,2025-02-24T06:00:00Z,26,dayahead,0.3255,0.8231,1.0,False,mos-curve-v0
2025-02-24T18:00:00Z,2025-02-25T00:00:00+06:00,2025-02-25T15:00:00+06:00,2025-02-25T09:00:00Z,T2,15,2025-02-24T06:00:00Z,27,dayahead,0.5321,0.8906,0.9756,False,mos-curve-v0
2025-02-24T18:00:00Z,2025-02-25T00:00:00+06:00,2025-02-25T16:00:00+06:00,2025-02-25T10:00:00Z,T2,16,2025-02-24T06:00:00Z,28,dayahead,0.53,0.8885,0.9735,False,mos-curve-v0
2025-02-24T18:00:00Z,2025-02-25T00:00:00+06:00,2025-02-25T17:00:00+06:00,2025-02-25T11:00:00Z,T2,17,2025-02-24T06:00:00Z,29,dayahead,0.4983,0.8568,0.9418,False,mos-curve-v0
2025-02-24T18:00:00Z,2025-02-25T00:00:00+06:00,2025-02-25T18:00:00+06:00,2025-02-25T12:00:00Z,T2,18,2025-02-24T06:00:00Z,30,dayahead,0.2917,0.7894,1.0,False,mos-curve-v0
2025-02-24T18:00:00Z,2025-02-25T00:00:00+06:00,2025-02-25T19:00:00+06:00,2025-02-25T13:00:00Z,T2,19,2025-02-24T06:00:00Z,31,dayahead,0.1751,0.6728,0.9714,False,mos-curve-v0
2025-02-24T18:00:00Z,2025-02-25T00:00:00+06:00,2025-02-25T20:00:00+06:00,2025-02-25T14:00:00Z,T2,20,2025-02-24T06:00:00Z,32,dayahead,0.0,0.1743,0.6883,False,mos-curve-v0
2025-02-24T18:00:00Z,2025-02-25T00:00:00+06:00,2025-02-25T21:00:00+06:00,2025-02-25T15:00:00Z,T2,21,2025-02-24T06:00:00Z,33,dayahead,0.0,0.0346,0.263,False,mos-curve-v0
2025-02-24T18:00:00Z,2025-02-25T00:00:00+06:00,2025-02-25T22:00:00+06:00,2025-02-25T16:00:00Z,T2,22,2025-02-24T06:00:00Z,34,dayahead,0.0,0.0306,0.259,False,mos-curve-v0
2025-02-24T18:00:00Z,2025-02-25T00:00:00+06:00,2025-02-25T23:00:00+06:00,2025-02-25T17:00:00Z,T2,23,2025-02-24T06:00:00Z,35,dayahead,0.0,0.0241,0.2525,False,mos-curve-v0
2025-02-24T18:00:00Z,2025-02-25T00:00:00+06:00,2025-02-26T00:00:00+06:00,2025-02-25T18:00:00Z,T2,24,2025-02-24T06:00:00Z,36,dayahead,0.0,0.0351,0.2634,False,mos-curve-v0
2025-02-24T18:00:00Z,2025-02-25T00:00:00+06:00,2025-02-26T01:00:00+06:00,2025-02-25T19:00:00Z,T2,25,2025-02-24T06:00:00Z,37,dayahead,0.0,0.016,0.2444,False,mos-curve-v0
2025-02-24T18:00:00Z,2025-02-25T00:00:00+06:00,2025-02-26T02:00:00+06:00,2025-02-25T20:00:00Z,T2,26,2025-02-24T06:00:00Z,38,dayahead,0.0,0.0158,0.2442,False,mos-curve-v0
2025-02-24T18:00:00Z,2025-02-25T00:00:00+06:00,2025-02-26T03:00:00+06:00,2025-02-25T21:00:00Z,T2,27,2025-02-24T06:00:00Z,39,dayahead,0.0,0.0266,0.2549,False,mos-curve-v0
2025-02-24T18:00:00Z,2025-02-25T00:00:00+06:00,2025-02-26T04:00:00+06:00,2025-02-25T22:00:00Z,T2,28,2025-02-24T06:00:00Z,40,dayahead,0.0,0.0258,0.2542,False,mos-curve-v0
2025-02-24T18:00:00Z,2025-02-25T00:00:00+06:00,2025-02-26T05:00:00+06:00,2025-02-25T23:00:00Z,T2,29,2025-02-24T06:00:00Z,41,dayahead,0.0,0.0215,0.2499,False,mos-curve-v0
2025-02-24T18:00:00Z,2025-02-25T00:00:00+06:00,2025-02-26T06:00:00+06:00,2025-02-26T00:00:00Z,T2,30,2025-02-24T06:00:00Z,42,dayahead,0.0,0.0429,0.2713,False,mos-curve-v0
2025-02-24T18:00:00Z,2025-02-25T00:00:00+06:00,2025-02-26T07:00:00+06:00,2025-02-26T01:00:00Z,T2,31,2025-02-24T06:00:00Z,43,dayahead,0.2166,0.7143,1.0,False,mos-curve-v0
2025-02-24T18:00:00Z,2025-02-25T00:00:00+06:00,2025-02-26T08:00:00+06:00,2025-02-26T02:00:00Z,T2,32,2025-02-24T06:00:00Z,44,dayahead,0.3285,0.8262,1.0,False,mos-curve-v0
2025-02-24T18:00:00Z,2025-02-25T00:00:00+06:00,2025-02-26T09:00:00+06:00,2025-02-26T03:00:00Z,T2,33,2025-02-24T06:00:00Z,45,dayahead,0.3504,0.848,1.0,False,mos-curve-v0
2025-02-24T18:00:00Z,2025-02-25T00:00:00+06:00,2025-02-26T10:00:00+06:00,2025-02-26T04:00:00Z,T2,34,2025-02-24T06:00:00Z,46,dayahead,0.2612,0.7589,1.0,False,mos-curve-v0
2025-02-24T18:00:00Z,2025-02-25T00:00:00+06:00,2025-02-26T11:00:00+06:00,2025-02-26T05:00:00Z,T2,35,2025-02-24T06:00:00Z,47,dayahead,0.5754,0.9339,1.0,False,mos-curve-v0
2025-02-24T18:00:00Z,2025-02-25T00:00:00+06:00,2025-02-26T12:00:00+06:00,2025-02-26T06:00:00Z,T2,36,2025-02-24T06:00:00Z,48,dayahead,0.5993,0.9578,1.0,False,mos-curve-v0
2025-02-24T18:00:00Z,2025-02-25T00:00:00+06:00,2025-02-26T13:00:00+06:00,2025-02-26T07:00:00Z,T2,37,2025-02-24T06:00:00Z,49,dayahead,0.6163,0.9748,1.0,False,mos-curve-v0
2025-02-24T18:00:00Z,2025-02-25T00:00:00+06:00,2025-02-26T14:00:00+06:00,2025-02-26T08:00:00Z,T2,38,2025-02-24T06:00:00Z,50,dayahead,0.6108,0.9693,1.0,False,mos-curve-v0
2025-02-24T18:00:00Z,2025-02-25T00:00:00+06:00,2025-02-26T15:00:00+06:00,2025-02-26T09:00:00Z,T2,39,2025-02-24T06:00:00Z,51,dayahead,0.6286,0.9871,1.0,False,mos-curve-v0
2025-02-24T18:00:00Z,2025-02-25T00:00:00+06:00,2025-02-26T16:00:00+06:00,2025-02-26T10:00:00Z,T2,40,2025-02-24T06:00:00Z,52,dayahead,0.6315,0.99,1.0,False,mos-curve-v0
2025-02-24T18:00:00Z,2025-02-25T00:00:00+06:00,2025-02-26T17:00:00+06:00,2025-02-26T11:00:00Z,T2,41,2025-02-24T06:00:00Z,53,dayahead,0.6315,0.99,1.0,False,mos-curve-v0
2025-02-24T18:00:00Z,2025-02-25T00:00:00+06:00,2025-02-26T18:00:00+06:00,2025-02-26T12:00:00Z,T2,42,2025-02-24T06:00:00Z,54,dayahead,0.6315,0.99,1.0,False,mos-curve-v0
2025-02-24T18:00:00Z,2025-02-25T00:00:00+06:00,2025-02-26T19:00:00+06:00,2025-02-26T13:00:00Z,T2,43,2025-02-24T06:00:00Z,55,dayahead,0.6315,0.99,1.0,False,mos-curve-v0
2025-02-24T18:00:00Z,2025-02-25T00:00:00+06:00,2025-02-26T20:00:00+06:00,2025-02-26T14:00:00Z,T2,44,2025-02-24T06:00:00Z,56,dayahead,0.6301,0.9886,1.0,False,mos-curve-v0
2025-02-24T18:00:00Z,2025-02-25T00:00:00+06:00,2025-02-26T21:00:00+06:00,2025-02-26T15:00:00Z,T2,45,2025-02-24T06:00:00Z,57,dayahead,0.6198,0.9783,1.0,False,mos-curve-v0
2025-02-24T18:00:00Z,2025-02-25T00:00:00+06:00,2025-02-26T22:00:00+06:00,2025-02-26T16:00:00Z,T2,46,2025-02-24T06:00:00Z,58,dayahead,0.6116,0.9701,1.0,False,mos-curve-v0
2025-02-24T18:00:00Z,2025-02-25T00:00:00+06:00,2025-02-26T23:00:00+06:00,2025-02-26T17:00:00Z,T2,47,2025-02-24T06:00:00Z,59,dayahead,0.5754,0.9339,1.0,False,mos-curve-v0
2025-02-25T18:00:00Z,2025-02-26T00:00:00+06:00,2025-02-26T00:00:00+06:00,2025-02-25T18:00:00Z,T1,0,2025-02-25T06:00:00Z,12,dayahead,0.0173,0.2807,0.7947,False,mos-curve-v0
2025-02-25T18:00:00Z,2025-02-26T00:00:00+06:00,2025-02-26T01:00:00+06:00,2025-02-25T19:00:00Z,T1,1,2025-02-25T06:00:00Z,13,dayahead,0.0,0.1713,0.6853,False,mos-curve-v0
2025-02-25T18:00:00Z,2025-02-26T00:00:00+06:00,2025-02-26T02:00:00+06:00,2025-02-25T20:00:00Z,T1,2,2025-02-25T06:00:00Z,14,dayahead,0.0,0.1723,0.6863,False,mos-curve-v0
2025-02-25T18:00:00Z,2025-02-26T00:00:00+06:00,2025-02-26T03:00:00+06:00,2025-02-25T21:00:00Z,T1,3,2025-02-25T06:00:00Z,15,dayahead,0.0,0.2614,0.7754,False,mos-curve-v0
2025-02-25T18:00:00Z,2025-02-26T00:00:00+06:00,2025-02-26T04:00:00+06:00,2025-02-25T22:00:00Z,T1,4,2025-02-25T06:00:00Z,16,dayahead,0.0331,0.2964,0.8104,False,mos-curve-v0
2025-02-25T18:00:00Z,2025-02-26T00:00:00+06:00,2025-02-26T05:00:00+06:00,2025-02-25T23:00:00Z,T1,5,2025-02-25T06:00:00Z,17,dayahead,0.0,0.2442,0.7582,False,mos-curve-v0
2025-02-25T18:00:00Z,2025-02-26T00:00:00+06:00,2025-02-26T06:00:00+06:00,2025-02-26T00:00:00Z,T1,6,2025-02-25T06:00:00Z,18,dayahead,0.0,0.217,0.731,False,mos-curve-v0
2025-02-25T18:00:00Z,2025-02-26T00:00:00+06:00,2025-02-26T07:00:00+06:00,2025-02-26T01:00:00Z,T1,7,2025-02-25T06:00:00Z,19,dayahead,0.0942,0.5919,0.8905,False,mos-curve-v0
2025-02-25T18:00:00Z,2025-02-26T00:00:00+06:00,2025-02-26T08:00:00+06:00,2025-02-26T02:00:00Z,T1,8,2025-02-25T06:00:00Z,20,dayahead,0.3203,0.818,1.0,False,mos-curve-v0
2025-02-25T18:00:00Z,2025-02-26T00:00:00+06:00,2025-02-26T09:00:00+06:00,2025-02-26T03:00:00Z,T1,9,2025-02-25T06:00:00Z,21,dayahead,0.6118,0.9703,1.0,False,mos-curve-v0
2025-02-25T18:00:00Z,2025-02-26T00:00:00+06:00,2025-02-26T10:00:00+06:00,2025-02-26T04:00:00Z,T1,10,2025-02-25T06:00:00Z,22,dayahead,0.6126,0.9711,1.0,False,mos-curve-v0
2025-02-25T18:00:00Z,2025-02-26T00:00:00+06:00,2025-02-26T11:00:00+06:00,2025-02-26T05:00:00Z,T1,11,2025-02-25T06:00:00Z,23,dayahead,0.6049,0.9634,1.0,False,mos-curve-v0
2025-02-25T18:00:00Z,2025-02-26T00:00:00+06:00,2025-02-26T12:00:00+06:00,2025-02-26T06:00:00Z,T1,12,2025-02-25T06:00:00Z,24,dayahead,0.5917,0.9502,1.0,False,mos-curve-v0
2025-02-25T18:00:00Z,2025-02-26T00:00:00+06:00,2025-02-26T13:00:00+06:00,2025-02-26T07:00:00Z,T1,13,2025-02-25T06:00:00Z,25,dayahead,0.5958,0.9543,1.0,False,mos-curve-v0
2025-02-25T18:00:00Z,2025-02-26T00:00:00+06:00,2025-02-26T14:00:00+06:00,2025-02-26T08:00:00Z,T1,14,2025-02-25T06:00:00Z,26,dayahead,0.6266,0.9851,1.0,False,mos-curve-v0
2025-02-25T18:00:00Z,2025-02-26T00:00:00+06:00,2025-02-26T15:00:00+06:00,2025-02-26T09:00:00Z,T1,15,2025-02-25T06:00:00Z,27,dayahead,0.6315,0.99,1.0,False,mos-curve-v0
2025-02-25T18:00:00Z,2025-02-26T00:00:00+06:00,2025-02-26T16:00:00+06:00,2025-02-26T10:00:00Z,T1,16,2025-02-25T06:00:00Z,28,dayahead,0.6315,0.99,1.0,False,mos-curve-v0
2025-02-25T18:00:00Z,2025-02-26T00:00:00+06:00,2025-02-26T17:00:00+06:00,2025-02-26T11:00:00Z,T1,17,2025-02-25T06:00:00Z,29,dayahead,0.6315,0.99,1.0,False,mos-curve-v0
2025-02-25T18:00:00Z,2025-02-26T00:00:00+06:00,2025-02-26T18:00:00+06:00,2025-02-26T12:00:00Z,T1,18,2025-02-25T06:00:00Z,30,dayahead,0.6315,0.99,1.0,False,mos-curve-v0
2025-02-25T18:00:00Z,2025-02-26T00:00:00+06:00,2025-02-26T19:00:00+06:00,2025-02-26T13:00:00Z,T1,19,2025-02-25T06:00:00Z,31,dayahead,0.6315,0.99,1.0,False,mos-curve-v0
2025-02-25T18:00:00Z,2025-02-26T00:00:00+06:00,2025-02-26T20:00:00+06:00,2025-02-26T14:00:00Z,T1,20,2025-02-25T06:00:00Z,32,dayahead,0.6315,0.99,1.0,False,mos-curve-v0
2025-02-25T18:00:00Z,2025-02-26T00:00:00+06:00,2025-02-26T21:00:00+06:00,2025-02-26T15:00:00Z,T1,21,2025-02-25T06:00:00Z,33,dayahead,0.6192,0.9777,1.0,False,mos-curve-v0
2025-02-25T18:00:00Z,2025-02-26T00:00:00+06:00,2025-02-26T22:00:00+06:00,2025-02-26T16:00:00Z,T1,22,2025-02-25T06:00:00Z,34,dayahead,0.6036,0.9621,1.0,False,mos-curve-v0
2025-02-25T18:00:00Z,2025-02-26T00:00:00+06:00,2025-02-26T23:00:00+06:00,2025-02-26T17:00:00Z,T1,23,2025-02-25T06:00:00Z,35,dayahead,0.5955,0.954,1.0,False,mos-curve-v0
2025-02-25T18:00:00Z,2025-02-26T00:00:00+06:00,2025-02-27T00:00:00+06:00,2025-02-26T18:00:00Z,T1,24,2025-02-25T06:00:00Z,36,dayahead,0.5099,0.8684,0.9534,False,mos-curve-v0
2025-02-25T18:00:00Z,2025-02-26T00:00:00+06:00,2025-02-27T01:00:00+06:00,2025-02-26T19:00:00Z,T1,25,2025-02-25T06:00:00Z,37,dayahead,0.3354,0.8331,1.0,False,mos-curve-v0
2025-02-25T18:00:00Z,2025-02-26T00:00:00+06:00,2025-02-27T02:00:00+06:00,2025-02-26T20:00:00Z,T1,26,2025-02-25T06:00:00Z,38,dayahead,0.2548,0.7525,1.0,False,mos-curve-v0
2025-02-25T18:00:00Z,2025-02-26T00:00:00+06:00,2025-02-27T03:00:00+06:00,2025-02-26T21:00:00Z,T1,27,2025-02-25T06:00:00Z,39,dayahead,0.1142,0.6119,0.9106,False,mos-curve-v0
2025-02-25T18:00:00Z,2025-02-26T00:00:00+06:00,2025-02-27T04:00:00+06:00,2025-02-26T22:00:00Z,T1,28,2025-02-25T06:00:00Z,40,dayahead,0.1156,0.3789,0.8929,False,mos-curve-v0
2025-02-25T18:00:00Z,2025-02-26T00:00:00+06:00,2025-02-27T05:00:00+06:00,2025-02-26T23:00:00Z,T1,29,2025-02-25T06:00:00Z,41,dayahead,0.0,0.1964,0.7104,False,mos-curve-v0
2025-02-25T18:00:00Z,2025-02-26T00:00:00+06:00,2025-02-27T06:00:00+06:00,2025-02-27T00:00:00Z,T1,30,2025-02-25T06:00:00Z,42,dayahead,0.0,0.065,0.2934,False,mos-curve-v0
2025-02-25T18:00:00Z,2025-02-26T00:00:00+06:00,2025-02-27T07:00:00+06:00,2025-02-27T01:00:00Z,T1,31,2025-02-25T06:00:00Z,43,dayahead,0.0,0.0112,0.2396,False,mos-curve-v0
2025-02-25T18:00:00Z,2025-02-26T00:00:00+06:00,2025-02-27T08:00:00+06:00,2025-02-27T02:00:00Z,T1,32,2025-02-25T06:00:00Z,44,dayahead,0.0,0.0235,0.2519,False,mos-curve-v0
2025-02-25T18:00:00Z,2025-02-26T00:00:00+06:00,2025-02-27T09:00:00+06:00,2025-02-27T03:00:00Z,T1,33,2025-02-25T06:00:00Z,45,dayahead,0.0,0.0388,0.2672,False,mos-curve-v0
2025-02-25T18:00:00Z,2025-02-26T00:00:00+06:00,2025-02-27T10:00:00+06:00,2025-02-27T04:00:00Z,T1,34,2025-02-25T06:00:00Z,46,dayahead,0.0,0.0676,0.296,False,mos-curve-v0
2025-02-25T18:00:00Z,2025-02-26T00:00:00+06:00,2025-02-27T11:00:00+06:00,2025-02-27T05:00:00Z,T1,35,2025-02-25T06:00:00Z,47,dayahead,0.0,0.0755,0.3039,False,mos-curve-v0
2025-02-25T18:00:00Z,2025-02-26T00:00:00+06:00,2025-02-27T12:00:00+06:00,2025-02-27T06:00:00Z,T1,36,2025-02-25T06:00:00Z,48,dayahead,0.0,0.1825,0.6965,False,mos-curve-v0
2025-02-25T18:00:00Z,2025-02-26T00:00:00+06:00,2025-02-27T13:00:00+06:00,2025-02-27T07:00:00Z,T1,37,2025-02-25T06:00:00Z,49,dayahead,0.0173,0.2807,0.7947,False,mos-curve-v0
2025-02-25T18:00:00Z,2025-02-26T00:00:00+06:00,2025-02-27T14:00:00+06:00,2025-02-27T08:00:00Z,T1,38,2025-02-25T06:00:00Z,50,dayahead,0.0,0.2328,0.7468,False,mos-curve-v0
2025-02-25T18:00:00Z,2025-02-26T00:00:00+06:00,2025-02-27T15:00:00+06:00,2025-02-27T09:00:00Z,T1,39,2025-02-25T06:00:00Z,51,dayahead,0.0389,0.1212,0.3495,False,mos-curve-v0
2025-02-25T18:00:00Z,2025-02-26T00:00:00+06:00,2025-02-27T16:00:00+06:00,2025-02-27T10:00:00Z,T1,40,2025-02-25T06:00:00Z,52,dayahead,0.0,0.08,0.3084,False,mos-curve-v0
2025-02-25T18:00:00Z,2025-02-26T00:00:00+06:00,2025-02-27T17:00:00+06:00,2025-02-27T11:00:00Z,T1,41,2025-02-25T06:00:00Z,53,dayahead,0.0,0.0548,0.2832,False,mos-curve-v0
2025-02-25T18:00:00Z,2025-02-26T00:00:00+06:00,2025-02-27T18:00:00+06:00,2025-02-27T12:00:00Z,T1,42,2025-02-25T06:00:00Z,54,dayahead,0.0,0.0471,0.2755,False,mos-curve-v0
2025-02-25T18:00:00Z,2025-02-26T00:00:00+06:00,2025-02-27T19:00:00+06:00,2025-02-27T13:00:00Z,T1,43,2025-02-25T06:00:00Z,55,dayahead,0.0,0.0166,0.245,False,mos-curve-v0
2025-02-25T18:00:00Z,2025-02-26T00:00:00+06:00,2025-02-27T20:00:00+06:00,2025-02-27T14:00:00Z,T1,44,2025-02-25T06:00:00Z,56,dayahead,0.0571,0.1393,0.3677,False,mos-curve-v0
2025-02-25T18:00:00Z,2025-02-26T00:00:00+06:00,2025-02-27T21:00:00+06:00,2025-02-27T15:00:00Z,T1,45,2025-02-25T06:00:00Z,57,dayahead,0.0,0.202,0.716,False,mos-curve-v0
2025-02-25T18:00:00Z,2025-02-26T00:00:00+06:00,2025-02-27T22:00:00+06:00,2025-02-27T16:00:00Z,T1,46,2025-02-25T06:00:00Z,58,dayahead,0.0,0.1804,0.6944,False,mos-curve-v0
2025-02-25T18:00:00Z,2025-02-26T00:00:00+06:00,2025-02-27T23:00:00+06:00,2025-02-27T17:00:00Z,T1,47,2025-02-25T06:00:00Z,59,dayahead,0.0,0.2031,0.7171,False,mos-curve-v0
2025-02-25T18:00:00Z,2025-02-26T00:00:00+06:00,2025-02-26T00:00:00+06:00,2025-02-25T18:00:00Z,T2,0,2025-02-25T06:00:00Z,12,dayahead,0.0173,0.2807,0.7947,False,mos-curve-v0
2025-02-25T18:00:00Z,2025-02-26T00:00:00+06:00,2025-02-26T01:00:00+06:00,2025-02-25T19:00:00Z,T2,1,2025-02-25T06:00:00Z,13,dayahead,0.0,0.1713,0.6853,False,mos-curve-v0
2025-02-25T18:00:00Z,2025-02-26T00:00:00+06:00,2025-02-26T02:00:00+06:00,2025-02-25T20:00:00Z,T2,2,2025-02-25T06:00:00Z,14,dayahead,0.0,0.1723,0.6863,False,mos-curve-v0
2025-02-25T18:00:00Z,2025-02-26T00:00:00+06:00,2025-02-26T03:00:00+06:00,2025-02-25T21:00:00Z,T2,3,2025-02-25T06:00:00Z,15,dayahead,0.0,0.2614,0.7754,False,mos-curve-v0
2025-02-25T18:00:00Z,2025-02-26T00:00:00+06:00,2025-02-26T04:00:00+06:00,2025-02-25T22:00:00Z,T2,4,2025-02-25T06:00:00Z,16,dayahead,0.0331,0.2964,0.8104,False,mos-curve-v0
2025-02-25T18:00:00Z,2025-02-26T00:00:00+06:00,2025-02-26T05:00:00+06:00,2025-02-25T23:00:00Z,T2,5,2025-02-25T06:00:00Z,17,dayahead,0.0,0.2442,0.7582,False,mos-curve-v0
2025-02-25T18:00:00Z,2025-02-26T00:00:00+06:00,2025-02-26T06:00:00+06:00,2025-02-26T00:00:00Z,T2,6,2025-02-25T06:00:00Z,18,dayahead,0.0,0.217,0.731,False,mos-curve-v0
2025-02-25T18:00:00Z,2025-02-26T00:00:00+06:00,2025-02-26T07:00:00+06:00,2025-02-26T01:00:00Z,T2,7,2025-02-25T06:00:00Z,19,dayahead,0.0942,0.5919,0.8905,False,mos-curve-v0
2025-02-25T18:00:00Z,2025-02-26T00:00:00+06:00,2025-02-26T08:00:00+06:00,2025-02-26T02:00:00Z,T2,8,2025-02-25T06:00:00Z,20,dayahead,0.3203,0.818,1.0,False,mos-curve-v0
2025-02-25T18:00:00Z,2025-02-26T00:00:00+06:00,2025-02-26T09:00:00+06:00,2025-02-26T03:00:00Z,T2,9,2025-02-25T06:00:00Z,21,dayahead,0.6118,0.9703,1.0,False,mos-curve-v0
2025-02-25T18:00:00Z,2025-02-26T00:00:00+06:00,2025-02-26T10:00:00+06:00,2025-02-26T04:00:00Z,T2,10,2025-02-25T06:00:00Z,22,dayahead,0.6126,0.9711,1.0,False,mos-curve-v0
2025-02-25T18:00:00Z,2025-02-26T00:00:00+06:00,2025-02-26T11:00:00+06:00,2025-02-26T05:00:00Z,T2,11,2025-02-25T06:00:00Z,23,dayahead,0.6049,0.9634,1.0,False,mos-curve-v0
2025-02-25T18:00:00Z,2025-02-26T00:00:00+06:00,2025-02-26T12:00:00+06:00,2025-02-26T06:00:00Z,T2,12,2025-02-25T06:00:00Z,24,dayahead,0.5917,0.9502,1.0,False,mos-curve-v0
2025-02-25T18:00:00Z,2025-02-26T00:00:00+06:00,2025-02-26T13:00:00+06:00,2025-02-26T07:00:00Z,T2,13,2025-02-25T06:00:00Z,25,dayahead,0.5958,0.9543,1.0,False,mos-curve-v0
2025-02-25T18:00:00Z,2025-02-26T00:00:00+06:00,2025-02-26T14:00:00+06:00,2025-02-26T08:00:00Z,T2,14,2025-02-25T06:00:00Z,26,dayahead,0.6266,0.9851,1.0,False,mos-curve-v0
2025-02-25T18:00:00Z,2025-02-26T00:00:00+06:00,2025-02-26T15:00:00+06:00,2025-02-26T09:00:00Z,T2,15,2025-02-25T06:00:00Z,27,dayahead,0.6315,0.99,1.0,False,mos-curve-v0
2025-02-25T18:00:00Z,2025-02-26T00:00:00+06:00,2025-02-26T16:00:00+06:00,2025-02-26T10:00:00Z,T2,16,2025-02-25T06:00:00Z,28,dayahead,0.6315,0.99,1.0,False,mos-curve-v0
2025-02-25T18:00:00Z,2025-02-26T00:00:00+06:00,2025-02-26T17:00:00+06:00,2025-02-26T11:00:00Z,T2,17,2025-02-25T06:00:00Z,29,dayahead,0.6315,0.99,1.0,False,mos-curve-v0
2025-02-25T18:00:00Z,2025-02-26T00:00:00+06:00,2025-02-26T18:00:00+06:00,2025-02-26T12:00:00Z,T2,18,2025-02-25T06:00:00Z,30,dayahead,0.6315,0.99,1.0,False,mos-curve-v0
2025-02-25T18:00:00Z,2025-02-26T00:00:00+06:00,2025-02-26T19:00:00+06:00,2025-02-26T13:00:00Z,T2,19,2025-02-25T06:00:00Z,31,dayahead,0.6315,0.99,1.0,False,mos-curve-v0
2025-02-25T18:00:00Z,2025-02-26T00:00:00+06:00,2025-02-26T20:00:00+06:00,2025-02-26T14:00:00Z,T2,20,2025-02-25T06:00:00Z,32,dayahead,0.6315,0.99,1.0,False,mos-curve-v0
2025-02-25T18:00:00Z,2025-02-26T00:00:00+06:00,2025-02-26T21:00:00+06:00,2025-02-26T15:00:00Z,T2,21,2025-02-25T06:00:00Z,33,dayahead,0.6192,0.9777,1.0,False,mos-curve-v0
2025-02-25T18:00:00Z,2025-02-26T00:00:00+06:00,2025-02-26T22:00:00+06:00,2025-02-26T16:00:00Z,T2,22,2025-02-25T06:00:00Z,34,dayahead,0.6036,0.9621,1.0,False,mos-curve-v0
2025-02-25T18:00:00Z,2025-02-26T00:00:00+06:00,2025-02-26T23:00:00+06:00,2025-02-26T17:00:00Z,T2,23,2025-02-25T06:00:00Z,35,dayahead,0.5955,0.954,1.0,False,mos-curve-v0
2025-02-25T18:00:00Z,2025-02-26T00:00:00+06:00,2025-02-27T00:00:00+06:00,2025-02-26T18:00:00Z,T2,24,2025-02-25T06:00:00Z,36,dayahead,0.5099,0.8684,0.9534,False,mos-curve-v0
2025-02-25T18:00:00Z,2025-02-26T00:00:00+06:00,2025-02-27T01:00:00+06:00,2025-02-26T19:00:00Z,T2,25,2025-02-25T06:00:00Z,37,dayahead,0.3354,0.8331,1.0,False,mos-curve-v0
2025-02-25T18:00:00Z,2025-02-26T00:00:00+06:00,2025-02-27T02:00:00+06:00,2025-02-26T20:00:00Z,T2,26,2025-02-25T06:00:00Z,38,dayahead,0.2548,0.7525,1.0,False,mos-curve-v0
2025-02-25T18:00:00Z,2025-02-26T00:00:00+06:00,2025-02-27T03:00:00+06:00,2025-02-26T21:00:00Z,T2,27,2025-02-25T06:00:00Z,39,dayahead,0.1142,0.6119,0.9106,False,mos-curve-v0
2025-02-25T18:00:00Z,2025-02-26T00:00:00+06:00,2025-02-27T04:00:00+06:00,2025-02-26T22:00:00Z,T2,28,2025-02-25T06:00:00Z,40,dayahead,0.1156,0.3789,0.8929,False,mos-curve-v0
2025-02-25T18:00:00Z,2025-02-26T00:00:00+06:00,2025-02-27T05:00:00+06:00,2025-02-26T23:00:00Z,T2,29,2025-02-25T06:00:00Z,41,dayahead,0.0,0.1964,0.7104,False,mos-curve-v0
2025-02-25T18:00:00Z,2025-02-26T00:00:00+06:00,2025-02-27T06:00:00+06:00,2025-02-27T00:00:00Z,T2,30,2025-02-25T06:00:00Z,42,dayahead,0.0,0.065,0.2934,False,mos-curve-v0
2025-02-25T18:00:00Z,2025-02-26T00:00:00+06:00,2025-02-27T07:00:00+06:00,2025-02-27T01:00:00Z,T2,31,2025-02-25T06:00:00Z,43,dayahead,0.0,0.0112,0.2396,False,mos-curve-v0
2025-02-25T18:00:00Z,2025-02-26T00:00:00+06:00,2025-02-27T08:00:00+06:00,2025-02-27T02:00:00Z,T2,32,2025-02-25T06:00:00Z,44,dayahead,0.0,0.0235,0.2519,False,mos-curve-v0
2025-02-25T18:00:00Z,2025-02-26T00:00:00+06:00,2025-02-27T09:00:00+06:00,2025-02-27T03:00:00Z,T2,33,2025-02-25T06:00:00Z,45,dayahead,0.0,0.0388,0.2672,False,mos-curve-v0
2025-02-25T18:00:00Z,2025-02-26T00:00:00+06:00,2025-02-27T10:00:00+06:00,2025-02-27T04:00:00Z,T2,34,2025-02-25T06:00:00Z,46,dayahead,0.0,0.0676,0.296,False,mos-curve-v0
2025-02-25T18:00:00Z,2025-02-26T00:00:00+06:00,2025-02-27T11:00:00+06:00,2025-02-27T05:00:00Z,T2,35,2025-02-25T06:00:00Z,47,dayahead,0.0,0.0755,0.3039,False,mos-curve-v0
2025-02-25T18:00:00Z,2025-02-26T00:00:00+06:00,2025-02-27T12:00:00+06:00,2025-02-27T06:00:00Z,T2,36,2025-02-25T06:00:00Z,48,dayahead,0.0,0.1825,0.6965,False,mos-curve-v0
2025-02-25T18:00:00Z,2025-02-26T00:00:00+06:00,2025-02-27T13:00:00+06:00,2025-02-27T07:00:00Z,T2,37,2025-02-25T06:00:00Z,49,dayahead,0.0173,0.2807,0.7947,False,mos-curve-v0
2025-02-25T18:00:00Z,2025-02-26T00:00:00+06:00,2025-02-27T14:00:00+06:00,2025-02-27T08:00:00Z,T2,38,2025-02-25T06:00:00Z,50,dayahead,0.0,0.2328,0.7468,False,mos-curve-v0
2025-02-25T18:00:00Z,2025-02-26T00:00:00+06:00,2025-02-27T15:00:00+06:00,2025-02-27T09:00:00Z,T2,39,2025-02-25T06:00:00Z,51,dayahead,0.0389,0.1212,0.3495,False,mos-curve-v0
2025-02-25T18:00:00Z,2025-02-26T00:00:00+06:00,2025-02-27T16:00:00+06:00,2025-02-27T10:00:00Z,T2,40,2025-02-25T06:00:00Z,52,dayahead,0.0,0.08,0.3084,False,mos-curve-v0
2025-02-25T18:00:00Z,2025-02-26T00:00:00+06:00,2025-02-27T17:00:00+06:00,2025-02-27T11:00:00Z,T2,41,2025-02-25T06:00:00Z,53,dayahead,0.0,0.0548,0.2832,False,mos-curve-v0
2025-02-25T18:00:00Z,2025-02-26T00:00:00+06:00,2025-02-27T18:00:00+06:00,2025-02-27T12:00:00Z,T2,42,2025-02-25T06:00:00Z,54,dayahead,0.0,0.0471,0.2755,False,mos-curve-v0
2025-02-25T18:00:00Z,2025-02-26T00:00:00+06:00,2025-02-27T19:00:00+06:00,2025-02-27T13:00:00Z,T2,43,2025-02-25T06:00:00Z,55,dayahead,0.0,0.0166,0.245,False,mos-curve-v0
2025-02-25T18:00:00Z,2025-02-26T00:00:00+06:00,2025-02-27T20:00:00+06:00,2025-02-27T14:00:00Z,T2,44,2025-02-25T06:00:00Z,56,dayahead,0.0571,0.1393,0.3677,False,mos-curve-v0
2025-02-25T18:00:00Z,2025-02-26T00:00:00+06:00,2025-02-27T21:00:00+06:00,2025-02-27T15:00:00Z,T2,45,2025-02-25T06:00:00Z,57,dayahead,0.0,0.202,0.716,False,mos-curve-v0
2025-02-25T18:00:00Z,2025-02-26T00:00:00+06:00,2025-02-27T22:00:00+06:00,2025-02-27T16:00:00Z,T2,46,2025-02-25T06:00:00Z,58,dayahead,0.0,0.1804,0.6944,False,mos-curve-v0
2025-02-25T18:00:00Z,2025-02-26T00:00:00+06:00,2025-02-27T23:00:00+06:00,2025-02-27T17:00:00Z,T2,47,2025-02-25T06:00:00Z,59,dayahead,0.0,0.2031,0.7171,False,mos-curve-v0
2025-02-26T18:00:00Z,2025-02-27T00:00:00+06:00,2025-02-27T00:00:00+06:00,2025-02-26T18:00:00Z,T1,0,2025-02-26T06:00:00Z,12,dayahead,0.2738,0.7715,1.0,False,mos-curve-v0
2025-02-26T18:00:00Z,2025-02-27T00:00:00+06:00,2025-02-27T01:00:00+06:00,2025-02-26T19:00:00Z,T1,1,2025-02-26T06:00:00Z,13,dayahead,0.0669,0.5646,0.8633,False,mos-curve-v0
2025-02-26T18:00:00Z,2025-02-27T00:00:00+06:00,2025-02-27T02:00:00+06:00,2025-02-26T20:00:00Z,T1,2,2025-02-26T06:00:00Z,14,dayahead,0.0584,0.3218,0.8358,False,mos-curve-v0
2025-02-26T18:00:00Z,2025-02-27T00:00:00+06:00,2025-02-27T03:00:00+06:00,2025-02-26T21:00:00Z,T1,3,2025-02-26T06:00:00Z,15,dayahead,0.0587,0.141,0.3694,False,mos-curve-v0
2025-02-26T18:00:00Z,2025-02-27T00:00:00+06:00,2025-02-27T04:00:00+06:00,2025-02-26T22:00:00Z,T1,4,2025-02-26T06:00:00Z,16,dayahead,0.0,0.0487,0.277,False,mos-curve-v0
2025-02-26T18:00:00Z,2025-02-27T00:00:00+06:00,2025-02-27T05:00:00+06:00,2025-02-26T23:00:00Z,T1,5,2025-02-26T06:00:00Z,17,dayahead,0.0,0.0258,0.2542,False,mos-curve-v0
2025-02-26T18:00:00Z,2025-02-27T00:00:00+06:00,2025-02-27T06:00:00+06:00,2025-02-27T00:00:00Z,T1,6,2025-02-26T06:00:00Z,18,dayahead,0.0,0.0187,0.2471,False,mos-curve-v0
2025-02-26T18:00:00Z,2025-02-27T00:00:00+06:00,2025-02-27T07:00:00+06:00,2025-02-27T01:00:00Z,T1,7,2025-02-26T06:00:00Z,19,dayahead,0.0,0.0477,0.2761,False,mos-curve-v0
2025-02-26T18:00:00Z,2025-02-27T00:00:00+06:00,2025-02-27T08:00:00+06:00,2025-02-27T02:00:00Z,T1,8,2025-02-26T06:00:00Z,20,dayahead,0.0302,0.1125,0.3409,False,mos-curve-v0
2025-02-26T18:00:00Z,2025-02-27T00:00:00+06:00,2025-02-27T09:00:00+06:00,2025-02-27T03:00:00Z,T1,9,2025-02-26T06:00:00Z,21,dayahead,0.0241,0.1064,0.3348,False,mos-curve-v0
2025-02-26T18:00:00Z,2025-02-27T00:00:00+06:00,2025-02-27T10:00:00+06:00,2025-02-27T04:00:00Z,T1,10,2025-02-26T06:00:00Z,22,dayahead,0.0,0.1654,0.6794,False,mos-curve-v0
2025-02-26T18:00:00Z,2025-02-27T00:00:00+06:00,2025-02-27T11:00:00+06:00,2025-02-27T05:00:00Z,T1,11,2025-02-26T06:00:00Z,23,dayahead,0.1139,0.3773,0.8913,False,mos-curve-v0
2025-02-26T18:00:00Z,2025-02-27T00:00:00+06:00,2025-02-27T12:00:00+06:00,2025-02-27T06:00:00Z,T1,12,2025-02-26T06:00:00Z,24,dayahead,0.1574,0.4208,0.9348,False,mos-curve-v0
2025-02-26T18:00:00Z,2025-02-27T00:00:00+06:00,2025-02-27T13:00:00+06:00,2025-02-27T07:00:00Z,T1,13,2025-02-26T06:00:00Z,25,dayahead,0.1557,0.4191,0.9331,False,mos-curve-v0
2025-02-26T18:00:00Z,2025-02-27T00:00:00+06:00,2025-02-27T14:00:00+06:00,2025-02-27T08:00:00Z,T1,14,2025-02-26T06:00:00Z,26,dayahead,0.0494,0.3127,0.8267,False,mos-curve-v0
2025-02-26T18:00:00Z,2025-02-27T00:00:00+06:00,2025-02-27T15:00:00+06:00,2025-02-27T09:00:00Z,T1,15,2025-02-26T06:00:00Z,27,dayahead,0.0,0.1964,0.7104,False,mos-curve-v0
2025-02-26T18:00:00Z,2025-02-27T00:00:00+06:00,2025-02-27T16:00:00+06:00,2025-02-27T10:00:00Z,T1,16,2025-02-26T06:00:00Z,28,dayahead,0.0295,0.1118,0.3402,False,mos-curve-v0
2025-02-26T18:00:00Z,2025-02-27T00:00:00+06:00,2025-02-27T17:00:00+06:00,2025-02-27T11:00:00Z,T1,17,2025-02-26T06:00:00Z,29,dayahead,0.0,0.0681,0.2964,False,mos-curve-v0
2025-02-26T18:00:00Z,2025-02-27T00:00:00+06:00,2025-02-27T18:00:00+06:00,2025-02-27T12:00:00Z,T1,18,2025-02-26T06:00:00Z,30,dayahead,0.0,0.0593,0.2877,False,mos-curve-v0
2025-02-26T18:00:00Z,2025-02-27T00:00:00+06:00,2025-02-27T19:00:00+06:00,2025-02-27T13:00:00Z,T1,19,2025-02-26T06:00:00Z,31,dayahead,0.0,0.0258,0.2542,False,mos-curve-v0
2025-02-26T18:00:00Z,2025-02-27T00:00:00+06:00,2025-02-27T20:00:00+06:00,2025-02-27T14:00:00Z,T1,20,2025-02-26T06:00:00Z,32,dayahead,0.0259,0.2892,0.8032,False,mos-curve-v0
2025-02-26T18:00:00Z,2025-02-27T00:00:00+06:00,2025-02-27T21:00:00+06:00,2025-02-27T15:00:00Z,T1,21,2025-02-26T06:00:00Z,33,dayahead,0.0464,0.3097,0.8237,False,mos-curve-v0
2025-02-26T18:00:00Z,2025-02-27T00:00:00+06:00,2025-02-27T22:00:00+06:00,2025-02-27T16:00:00Z,T1,22,2025-02-26T06:00:00Z,34,dayahead,0.0692,0.3325,0.8465,False,mos-curve-v0
2025-02-26T18:00:00Z,2025-02-27T00:00:00+06:00,2025-02-27T23:00:00+06:00,2025-02-27T17:00:00Z,T1,23,2025-02-26T06:00:00Z,35,dayahead,0.0,0.2194,0.7334,False,mos-curve-v0
2025-02-26T18:00:00Z,2025-02-27T00:00:00+06:00,2025-02-28T00:00:00+06:00,2025-02-27T18:00:00Z,T1,24,2025-02-26T06:00:00Z,36,dayahead,0.0331,0.1153,0.3437,False,mos-curve-v0
2025-02-26T18:00:00Z,2025-02-27T00:00:00+06:00,2025-02-28T01:00:00+06:00,2025-02-27T19:00:00Z,T1,25,2025-02-26T06:00:00Z,37,dayahead,0.0465,0.1288,0.3572,False,mos-curve-v0
2025-02-26T18:00:00Z,2025-02-27T00:00:00+06:00,2025-02-28T02:00:00+06:00,2025-02-27T20:00:00Z,T1,26,2025-02-26T06:00:00Z,38,dayahead,0.0,0.0676,0.296,False,mos-curve-v0
2025-02-26T18:00:00Z,2025-02-27T00:00:00+06:00,2025-02-28T03:00:00+06:00,2025-02-27T21:00:00Z,T1,27,2025-02-26T06:00:00Z,39,dayahead,0.0,0.0629,0.2913,False,mos-curve-v0
2025-02-26T18:00:00Z,2025-02-27T00:00:00+06:00,2025-02-28T04:00:00+06:00,2025-02-27T22:00:00Z,T1,28,2025-02-26T06:00:00Z,40,dayahead,0.0,0.0816,0.3099,False,mos-curve-v0
2025-02-26T18:00:00Z,2025-02-27T00:00:00+06:00,2025-02-28T05:00:00+06:00,2025-02-27T23:00:00Z,T1,29,2025-02-26T06:00:00Z,41,dayahead,0.0014,0.0837,0.3121,False,mos-curve-v0
2025-02-26T18:00:00Z,2025-02-27T00:00:00+06:00,2025-02-28T06:00:00+06:00,2025-02-28T00:00:00Z,T1,30,2025-02-26T06:00:00Z,42,dayahead,0.0235,0.1057,0.3341,False,mos-curve-v0
2025-02-26T18:00:00Z,2025-02-27T00:00:00+06:00,2025-02-28T07:00:00+06:00,2025-02-28T01:00:00Z,T1,31,2025-02-26T06:00:00Z,43,dayahead,0.0309,0.1132,0.3416,False,mos-curve-v0
2025-02-26T18:00:00Z,2025-02-27T00:00:00+06:00,2025-02-28T08:00:00+06:00,2025-02-28T02:00:00Z,T1,32,2025-02-26T06:00:00Z,44,dayahead,0.0047,0.0869,0.3153,False,mos-curve-v0
2025-02-26T18:00:00Z,2025-02-27T00:00:00+06:00,2025-02-28T09:00:00+06:00,2025-02-28T03:00:00Z,T1,33,2025-02-26T06:00:00Z,45,dayahead,0.0268,0.1091,0.3375,False,mos-curve-v0
2025-02-26T18:00:00Z,2025-02-27T00:00:00+06:00,2025-02-28T10:00:00+06:00,2025-02-28T04:00:00Z,T1,34,2025-02-26T06:00:00Z,46,dayahead,0.0,0.0663,0.2947,False,mos-curve-v0
2025-02-26T18:00:00Z,2025-02-27T00:00:00+06:00,2025-02-28T11:00:00+06:00,2025-02-28T05:00:00Z,T1,35,2025-02-26T06:00:00Z,47,dayahead,0.0,0.079,0.3074,False,mos-curve-v0
2025-02-26T18:00:00Z,2025-02-27T00:00:00+06:00,2025-02-28T12:00:00+06:00,2025-02-28T06:00:00Z,T1,36,2025-02-26T06:00:00Z,48,dayahead,0.0,0.0816,0.3099,False,mos-curve-v0
2025-02-26T18:00:00Z,2025-02-27T00:00:00+06:00,2025-02-28T13:00:00+06:00,2025-02-28T07:00:00Z,T1,37,2025-02-26T06:00:00Z,49,dayahead,0.0275,0.1098,0.3381,False,mos-curve-v0
2025-02-26T18:00:00Z,2025-02-27T00:00:00+06:00,2025-02-28T14:00:00+06:00,2025-02-28T08:00:00Z,T1,38,2025-02-26T06:00:00Z,50,dayahead,0.0282,0.1104,0.3388,False,mos-curve-v0
2025-02-26T18:00:00Z,2025-02-27T00:00:00+06:00,2025-02-28T15:00:00+06:00,2025-02-28T09:00:00Z,T1,39,2025-02-26T06:00:00Z,51,dayahead,0.0537,0.136,0.3644,False,mos-curve-v0
2025-02-26T18:00:00Z,2025-02-27T00:00:00+06:00,2025-02-28T16:00:00+06:00,2025-02-28T10:00:00Z,T1,40,2025-02-26T06:00:00Z,52,dayahead,0.0331,0.1153,0.3437,False,mos-curve-v0
2025-02-26T18:00:00Z,2025-02-27T00:00:00+06:00,2025-02-28T17:00:00+06:00,2025-02-28T11:00:00Z,T1,41,2025-02-26T06:00:00Z,53,dayahead,0.0121,0.0944,0.3228,False,mos-curve-v0
2025-02-26T18:00:00Z,2025-02-27T00:00:00+06:00,2025-02-28T18:00:00+06:00,2025-02-28T12:00:00Z,T1,42,2025-02-26T06:00:00Z,54,dayahead,0.0,0.081,0.3094,False,mos-curve-v0
2025-02-26T18:00:00Z,2025-02-27T00:00:00+06:00,2025-02-28T19:00:00+06:00,2025-02-28T13:00:00Z,T1,43,2025-02-26T06:00:00Z,55,dayahead,0.0,0.1607,0.6746,False,mos-curve-v0
2025-02-26T18:00:00Z,2025-02-27T00:00:00+06:00,2025-02-28T20:00:00+06:00,2025-02-28T14:00:00Z,T1,44,2025-02-26T06:00:00Z,56,dayahead,0.0,0.2088,0.7228,False,mos-curve-v0
2025-02-26T18:00:00Z,2025-02-27T00:00:00+06:00,2025-02-28T21:00:00+06:00,2025-02-28T15:00:00Z,T1,45,2025-02-26T06:00:00Z,57,dayahead,0.0,0.2123,0.7263,False,mos-curve-v0
2025-02-26T18:00:00Z,2025-02-27T00:00:00+06:00,2025-02-28T22:00:00+06:00,2025-02-28T16:00:00Z,T1,46,2025-02-26T06:00:00Z,58,dayahead,0.0,0.21,0.724,False,mos-curve-v0
2025-02-26T18:00:00Z,2025-02-27T00:00:00+06:00,2025-02-28T23:00:00+06:00,2025-02-28T17:00:00Z,T1,47,2025-02-26T06:00:00Z,59,dayahead,0.0,0.2316,0.7456,False,mos-curve-v0
2025-02-26T18:00:00Z,2025-02-27T00:00:00+06:00,2025-02-27T00:00:00+06:00,2025-02-26T18:00:00Z,T2,0,2025-02-26T06:00:00Z,12,dayahead,0.2738,0.7715,1.0,False,mos-curve-v0
2025-02-26T18:00:00Z,2025-02-27T00:00:00+06:00,2025-02-27T01:00:00+06:00,2025-02-26T19:00:00Z,T2,1,2025-02-26T06:00:00Z,13,dayahead,0.0669,0.5646,0.8633,False,mos-curve-v0
2025-02-26T18:00:00Z,2025-02-27T00:00:00+06:00,2025-02-27T02:00:00+06:00,2025-02-26T20:00:00Z,T2,2,2025-02-26T06:00:00Z,14,dayahead,0.0584,0.3218,0.8358,False,mos-curve-v0
2025-02-26T18:00:00Z,2025-02-27T00:00:00+06:00,2025-02-27T03:00:00+06:00,2025-02-26T21:00:00Z,T2,3,2025-02-26T06:00:00Z,15,dayahead,0.0587,0.141,0.3694,False,mos-curve-v0
2025-02-26T18:00:00Z,2025-02-27T00:00:00+06:00,2025-02-27T04:00:00+06:00,2025-02-26T22:00:00Z,T2,4,2025-02-26T06:00:00Z,16,dayahead,0.0,0.0487,0.277,False,mos-curve-v0
2025-02-26T18:00:00Z,2025-02-27T00:00:00+06:00,2025-02-27T05:00:00+06:00,2025-02-26T23:00:00Z,T2,5,2025-02-26T06:00:00Z,17,dayahead,0.0,0.0258,0.2542,False,mos-curve-v0
2025-02-26T18:00:00Z,2025-02-27T00:00:00+06:00,2025-02-27T06:00:00+06:00,2025-02-27T00:00:00Z,T2,6,2025-02-26T06:00:00Z,18,dayahead,0.0,0.0187,0.2471,False,mos-curve-v0
2025-02-26T18:00:00Z,2025-02-27T00:00:00+06:00,2025-02-27T07:00:00+06:00,2025-02-27T01:00:00Z,T2,7,2025-02-26T06:00:00Z,19,dayahead,0.0,0.0477,0.2761,False,mos-curve-v0
2025-02-26T18:00:00Z,2025-02-27T00:00:00+06:00,2025-02-27T08:00:00+06:00,2025-02-27T02:00:00Z,T2,8,2025-02-26T06:00:00Z,20,dayahead,0.0302,0.1125,0.3409,False,mos-curve-v0
2025-02-26T18:00:00Z,2025-02-27T00:00:00+06:00,2025-02-27T09:00:00+06:00,2025-02-27T03:00:00Z,T2,9,2025-02-26T06:00:00Z,21,dayahead,0.0241,0.1064,0.3348,False,mos-curve-v0
2025-02-26T18:00:00Z,2025-02-27T00:00:00+06:00,2025-02-27T10:00:00+06:00,2025-02-27T04:00:00Z,T2,10,2025-02-26T06:00:00Z,22,dayahead,0.0,0.1654,0.6794,False,mos-curve-v0
2025-02-26T18:00:00Z,2025-02-27T00:00:00+06:00,2025-02-27T11:00:00+06:00,2025-02-27T05:00:00Z,T2,11,2025-02-26T06:00:00Z,23,dayahead,0.1139,0.3773,0.8913,False,mos-curve-v0
2025-02-26T18:00:00Z,2025-02-27T00:00:00+06:00,2025-02-27T12:00:00+06:00,2025-02-27T06:00:00Z,T2,12,2025-02-26T06:00:00Z,24,dayahead,0.1574,0.4208,0.9348,False,mos-curve-v0
2025-02-26T18:00:00Z,2025-02-27T00:00:00+06:00,2025-02-27T13:00:00+06:00,2025-02-27T07:00:00Z,T2,13,2025-02-26T06:00:00Z,25,dayahead,0.1557,0.4191,0.9331,False,mos-curve-v0
2025-02-26T18:00:00Z,2025-02-27T00:00:00+06:00,2025-02-27T14:00:00+06:00,2025-02-27T08:00:00Z,T2,14,2025-02-26T06:00:00Z,26,dayahead,0.0494,0.3127,0.8267,False,mos-curve-v0
2025-02-26T18:00:00Z,2025-02-27T00:00:00+06:00,2025-02-27T15:00:00+06:00,2025-02-27T09:00:00Z,T2,15,2025-02-26T06:00:00Z,27,dayahead,0.0,0.1964,0.7104,False,mos-curve-v0
2025-02-26T18:00:00Z,2025-02-27T00:00:00+06:00,2025-02-27T16:00:00+06:00,2025-02-27T10:00:00Z,T2,16,2025-02-26T06:00:00Z,28,dayahead,0.0295,0.1118,0.3402,False,mos-curve-v0
2025-02-26T18:00:00Z,2025-02-27T00:00:00+06:00,2025-02-27T17:00:00+06:00,2025-02-27T11:00:00Z,T2,17,2025-02-26T06:00:00Z,29,dayahead,0.0,0.0681,0.2964,False,mos-curve-v0
2025-02-26T18:00:00Z,2025-02-27T00:00:00+06:00,2025-02-27T18:00:00+06:00,2025-02-27T12:00:00Z,T2,18,2025-02-26T06:00:00Z,30,dayahead,0.0,0.0593,0.2877,False,mos-curve-v0
2025-02-26T18:00:00Z,2025-02-27T00:00:00+06:00,2025-02-27T19:00:00+06:00,2025-02-27T13:00:00Z,T2,19,2025-02-26T06:00:00Z,31,dayahead,0.0,0.0258,0.2542,False,mos-curve-v0
2025-02-26T18:00:00Z,2025-02-27T00:00:00+06:00,2025-02-27T20:00:00+06:00,2025-02-27T14:00:00Z,T2,20,2025-02-26T06:00:00Z,32,dayahead,0.0259,0.2892,0.8032,False,mos-curve-v0
2025-02-26T18:00:00Z,2025-02-27T00:00:00+06:00,2025-02-27T21:00:00+06:00,2025-02-27T15:00:00Z,T2,21,2025-02-26T06:00:00Z,33,dayahead,0.0464,0.3097,0.8237,False,mos-curve-v0
2025-02-26T18:00:00Z,2025-02-27T00:00:00+06:00,2025-02-27T22:00:00+06:00,2025-02-27T16:00:00Z,T2,22,2025-02-26T06:00:00Z,34,dayahead,0.0692,0.3325,0.8465,False,mos-curve-v0
2025-02-26T18:00:00Z,2025-02-27T00:00:00+06:00,2025-02-27T23:00:00+06:00,2025-02-27T17:00:00Z,T2,23,2025-02-26T06:00:00Z,35,dayahead,0.0,0.2194,0.7334,False,mos-curve-v0
2025-02-26T18:00:00Z,2025-02-27T00:00:00+06:00,2025-02-28T00:00:00+06:00,2025-02-27T18:00:00Z,T2,24,2025-02-26T06:00:00Z,36,dayahead,0.0331,0.1153,0.3437,False,mos-curve-v0
2025-02-26T18:00:00Z,2025-02-27T00:00:00+06:00,2025-02-28T01:00:00+06:00,2025-02-27T19:00:00Z,T2,25,2025-02-26T06:00:00Z,37,dayahead,0.0465,0.1288,0.3572,False,mos-curve-v0
2025-02-26T18:00:00Z,2025-02-27T00:00:00+06:00,2025-02-28T02:00:00+06:00,2025-02-27T20:00:00Z,T2,26,2025-02-26T06:00:00Z,38,dayahead,0.0,0.0676,0.296,False,mos-curve-v0
2025-02-26T18:00:00Z,2025-02-27T00:00:00+06:00,2025-02-28T03:00:00+06:00,2025-02-27T21:00:00Z,T2,27,2025-02-26T06:00:00Z,39,dayahead,0.0,0.0629,0.2913,False,mos-curve-v0
2025-02-26T18:00:00Z,2025-02-27T00:00:00+06:00,2025-02-28T04:00:00+06:00,2025-02-27T22:00:00Z,T2,28,2025-02-26T06:00:00Z,40,dayahead,0.0,0.0816,0.3099,False,mos-curve-v0
2025-02-26T18:00:00Z,2025-02-27T00:00:00+06:00,2025-02-28T05:00:00+06:00,2025-02-27T23:00:00Z,T2,29,2025-02-26T06:00:00Z,41,dayahead,0.0014,0.0837,0.3121,False,mos-curve-v0
2025-02-26T18:00:00Z,2025-02-27T00:00:00+06:00,2025-02-28T06:00:00+06:00,2025-02-28T00:00:00Z,T2,30,2025-02-26T06:00:00Z,42,dayahead,0.0235,0.1057,0.3341,False,mos-curve-v0
2025-02-26T18:00:00Z,2025-02-27T00:00:00+06:00,2025-02-28T07:00:00+06:00,2025-02-28T01:00:00Z,T2,31,2025-02-26T06:00:00Z,43,dayahead,0.0309,0.1132,0.3416,False,mos-curve-v0
2025-02-26T18:00:00Z,2025-02-27T00:00:00+06:00,2025-02-28T08:00:00+06:00,2025-02-28T02:00:00Z,T2,32,2025-02-26T06:00:00Z,44,dayahead,0.0047,0.0869,0.3153,False,mos-curve-v0
2025-02-26T18:00:00Z,2025-02-27T00:00:00+06:00,2025-02-28T09:00:00+06:00,2025-02-28T03:00:00Z,T2,33,2025-02-26T06:00:00Z,45,dayahead,0.0268,0.1091,0.3375,False,mos-curve-v0
2025-02-26T18:00:00Z,2025-02-27T00:00:00+06:00,2025-02-28T10:00:00+06:00,2025-02-28T04:00:00Z,T2,34,2025-02-26T06:00:00Z,46,dayahead,0.0,0.0663,0.2947,False,mos-curve-v0
2025-02-26T18:00:00Z,2025-02-27T00:00:00+06:00,2025-02-28T11:00:00+06:00,2025-02-28T05:00:00Z,T2,35,2025-02-26T06:00:00Z,47,dayahead,0.0,0.079,0.3074,False,mos-curve-v0
2025-02-26T18:00:00Z,2025-02-27T00:00:00+06:00,2025-02-28T12:00:00+06:00,2025-02-28T06:00:00Z,T2,36,2025-02-26T06:00:00Z,48,dayahead,0.0,0.0816,0.3099,False,mos-curve-v0
2025-02-26T18:00:00Z,2025-02-27T00:00:00+06:00,2025-02-28T13:00:00+06:00,2025-02-28T07:00:00Z,T2,37,2025-02-26T06:00:00Z,49,dayahead,0.0275,0.1098,0.3381,False,mos-curve-v0
2025-02-26T18:00:00Z,2025-02-27T00:00:00+06:00,2025-02-28T14:00:00+06:00,2025-02-28T08:00:00Z,T2,38,2025-02-26T06:00:00Z,50,dayahead,0.0282,0.1104,0.3388,False,mos-curve-v0
2025-02-26T18:00:00Z,2025-02-27T00:00:00+06:00,2025-02-28T15:00:00+06:00,2025-02-28T09:00:00Z,T2,39,2025-02-26T06:00:00Z,51,dayahead,0.0537,0.136,0.3644,False,mos-curve-v0
2025-02-26T18:00:00Z,2025-02-27T00:00:00+06:00,2025-02-28T16:00:00+06:00,2025-02-28T10:00:00Z,T2,40,2025-02-26T06:00:00Z,52,dayahead,0.0331,0.1153,0.3437,False,mos-curve-v0
2025-02-26T18:00:00Z,2025-02-27T00:00:00+06:00,2025-02-28T17:00:00+06:00,2025-02-28T11:00:00Z,T2,41,2025-02-26T06:00:00Z,53,dayahead,0.0121,0.0944,0.3228,False,mos-curve-v0
2025-02-26T18:00:00Z,2025-02-27T00:00:00+06:00,2025-02-28T18:00:00+06:00,2025-02-28T12:00:00Z,T2,42,2025-02-26T06:00:00Z,54,dayahead,0.0,0.081,0.3094,False,mos-curve-v0
2025-02-26T18:00:00Z,2025-02-27T00:00:00+06:00,2025-02-28T19:00:00+06:00,2025-02-28T13:00:00Z,T2,43,2025-02-26T06:00:00Z,55,dayahead,0.0,0.1607,0.6746,False,mos-curve-v0
2025-02-26T18:00:00Z,2025-02-27T00:00:00+06:00,2025-02-28T20:00:00+06:00,2025-02-28T14:00:00Z,T2,44,2025-02-26T06:00:00Z,56,dayahead,0.0,0.2088,0.7228,False,mos-curve-v0
2025-02-26T18:00:00Z,2025-02-27T00:00:00+06:00,2025-02-28T21:00:00+06:00,2025-02-28T15:00:00Z,T2,45,2025-02-26T06:00:00Z,57,dayahead,0.0,0.2123,0.7263,False,mos-curve-v0
2025-02-26T18:00:00Z,2025-02-27T00:00:00+06:00,2025-02-28T22:00:00+06:00,2025-02-28T16:00:00Z,T2,46,2025-02-26T06:00:00Z,58,dayahead,0.0,0.21,0.724,False,mos-curve-v0
2025-02-26T18:00:00Z,2025-02-27T00:00:00+06:00,2025-02-28T23:00:00+06:00,2025-02-28T17:00:00Z,T2,47,2025-02-26T06:00:00Z,59,dayahead,0.0,0.2316,0.7456,False,mos-curve-v0
2025-02-27T18:00:00Z,2025-02-28T00:00:00+06:00,2025-02-28T00:00:00+06:00,2025-02-27T18:00:00Z,T1,0,2025-02-27T06:00:00Z,12,dayahead,0.0656,0.1479,0.3763,False,mos-curve-v0
2025-02-27T18:00:00Z,2025-02-28T00:00:00+06:00,2025-02-28T01:00:00+06:00,2025-02-27T19:00:00Z,T1,1,2025-02-27T06:00:00Z,13,dayahead,0.0,0.1713,0.6853,False,mos-curve-v0
2025-02-27T18:00:00Z,2025-02-28T00:00:00+06:00,2025-02-28T02:00:00+06:00,2025-02-27T20:00:00Z,T1,2,2025-02-27T06:00:00Z,14,dayahead,0.0302,0.1125,0.3409,False,mos-curve-v0
2025-02-27T18:00:00Z,2025-02-28T00:00:00+06:00,2025-02-28T03:00:00+06:00,2025-02-27T21:00:00Z,T1,3,2025-02-27T06:00:00Z,15,dayahead,0.0086,0.0909,0.3193,False,mos-curve-v0
2025-02-27T18:00:00Z,2025-02-28T00:00:00+06:00,2025-02-28T04:00:00+06:00,2025-02-27T22:00:00Z,T1,4,2025-02-27T06:00:00Z,16,dayahead,0.0665,0.1488,0.3772,False,mos-curve-v0
2025-02-27T18:00:00Z,2025-02-28T00:00:00+06:00,2025-02-28T05:00:00+06:00,2025-02-27T23:00:00Z,T1,5,2025-02-27T06:00:00Z,17,dayahead,0.0,0.1703,0.6843,False,mos-curve-v0
2025-02-27T18:00:00Z,2025-02-28T00:00:00+06:00,2025-02-28T06:00:00+06:00,2025-02-28T00:00:00Z,T1,6,2025-02-27T06:00:00Z,18,dayahead,0.0,0.0585,0.2869,False,mos-curve-v0
2025-02-27T18:00:00Z,2025-02-28T00:00:00+06:00,2025-02-28T07:00:00+06:00,2025-02-28T01:00:00Z,T1,7,2025-02-27T06:00:00Z,19,dayahead,0.0546,0.1368,0.3652,False,mos-curve-v0
2025-02-27T18:00:00Z,2025-02-28T00:00:00+06:00,2025-02-28T08:00:00+06:00,2025-02-28T02:00:00Z,T1,8,2025-02-27T06:00:00Z,20,dayahead,0.0261,0.1084,0.3368,False,mos-curve-v0
2025-02-27T18:00:00Z,2025-02-28T00:00:00+06:00,2025-02-28T09:00:00+06:00,2025-02-28T03:00:00Z,T1,9,2025-02-27T06:00:00Z,21,dayahead,0.0268,0.1091,0.3375,False,mos-curve-v0
2025-02-27T18:00:00Z,2025-02-28T00:00:00+06:00,2025-02-28T10:00:00+06:00,2025-02-28T04:00:00Z,T1,10,2025-02-27T06:00:00Z,22,dayahead,0.0235,0.1057,0.3341,False,mos-curve-v0
2025-02-27T18:00:00Z,2025-02-28T00:00:00+06:00,2025-02-28T11:00:00+06:00,2025-02-28T05:00:00Z,T1,11,2025-02-27T06:00:00Z,23,dayahead,0.0596,0.1419,0.3702,False,mos-curve-v0
2025-02-27T18:00:00Z,2025-02-28T00:00:00+06:00,2025-02-28T12:00:00+06:00,2025-02-28T06:00:00Z,T1,12,2025-02-27T06:00:00Z,24,dayahead,0.0,0.1607,0.6746,False,mos-curve-v0
2025-02-27T18:00:00Z,2025-02-28T00:00:00+06:00,2025-02-28T13:00:00+06:00,2025-02-28T07:00:00Z,T1,13,2025-02-27T06:00:00Z,25,dayahead,0.0562,0.1385,0.3669,False,mos-curve-v0
2025-02-27T18:00:00Z,2025-02-28T00:00:00+06:00,2025-02-28T14:00:00+06:00,2025-02-28T08:00:00Z,T1,14,2025-02-27T06:00:00Z,26,dayahead,0.0,0.2316,0.7456,False,mos-curve-v0
2025-02-27T18:00:00Z,2025-02-28T00:00:00+06:00,2025-02-28T15:00:00+06:00,2025-02-28T09:00:00Z,T1,15,2025-02-27T06:00:00Z,27,dayahead,0.0,0.2378,0.7518,False,mos-curve-v0
2025-02-27T18:00:00Z,2025-02-28T00:00:00+06:00,2025-02-28T16:00:00+06:00,2025-02-28T10:00:00Z,T1,16,2025-02-27T06:00:00Z,28,dayahead,0.0,0.1703,0.6843,False,mos-curve-v0
2025-02-27T18:00:00Z,2025-02-28T00:00:00+06:00,2025-02-28T17:00:00+06:00,2025-02-28T11:00:00Z,T1,17,2025-02-27T06:00:00Z,29,dayahead,0.0596,0.1419,0.3702,False,mos-curve-v0
2025-02-27T18:00:00Z,2025-02-28T00:00:00+06:00,2025-02-28T18:00:00+06:00,2025-02-28T12:00:00Z,T1,18,2025-02-27T06:00:00Z,30,dayahead,0.0,0.1533,0.6673,False,mos-curve-v0
2025-02-27T18:00:00Z,2025-02-28T00:00:00+06:00,2025-02-28T19:00:00+06:00,2025-02-28T13:00:00Z,T1,19,2025-02-27T06:00:00Z,31,dayahead,0.0,0.1773,0.6913,False,mos-curve-v0
2025-02-27T18:00:00Z,2025-02-28T00:00:00+06:00,2025-02-28T20:00:00+06:00,2025-02-28T14:00:00Z,T1,20,2025-02-27T06:00:00Z,32,dayahead,0.0,0.223,0.737,False,mos-curve-v0
2025-02-27T18:00:00Z,2025-02-28T00:00:00+06:00,2025-02-28T21:00:00+06:00,2025-02-28T15:00:00Z,T1,21,2025-02-27T06:00:00Z,33,dayahead,0.0,0.2534,0.7674,False,mos-curve-v0
2025-02-27T18:00:00Z,2025-02-28T00:00:00+06:00,2025-02-28T22:00:00+06:00,2025-02-28T16:00:00Z,T1,22,2025-02-27T06:00:00Z,34,dayahead,0.0,0.1506,0.6646,False,mos-curve-v0
2025-02-27T18:00:00Z,2025-02-28T00:00:00+06:00,2025-02-28T23:00:00+06:00,2025-02-28T17:00:00Z,T1,23,2025-02-27T06:00:00Z,35,dayahead,0.0127,0.095,0.3234,False,mos-curve-v0
2025-02-27T18:00:00Z,2025-02-28T00:00:00+06:00,2025-03-01T00:00:00+06:00,2025-02-28T18:00:00Z,T1,24,2025-02-27T06:00:00Z,36,dayahead,0.0,0.0721,0.3005,False,mos-curve-v0
2025-02-27T18:00:00Z,2025-02-28T00:00:00+06:00,2025-03-01T01:00:00+06:00,2025-02-28T19:00:00Z,T1,25,2025-02-27T06:00:00Z,37,dayahead,0.0,0.051,0.2794,False,mos-curve-v0
2025-02-27T18:00:00Z,2025-02-28T00:00:00+06:00,2025-03-01T02:00:00+06:00,2025-02-28T20:00:00Z,T1,26,2025-02-27T06:00:00Z,38,dayahead,0.0,0.0292,0.2576,False,mos-curve-v0
2025-02-27T18:00:00Z,2025-02-28T00:00:00+06:00,2025-03-01T03:00:00+06:00,2025-02-28T21:00:00Z,T1,27,2025-02-27T06:00:00Z,39,dayahead,0.0,0.0355,0.2639,False,mos-curve-v0
2025-02-27T18:00:00Z,2025-02-28T00:00:00+06:00,2025-03-01T04:00:00+06:00,2025-02-28T22:00:00Z,T1,28,2025-02-27T06:00:00Z,40,dayahead,0.0,0.049,0.2774,False,mos-curve-v0
2025-02-27T18:00:00Z,2025-02-28T00:00:00+06:00,2025-03-01T05:00:00+06:00,2025-02-28T23:00:00Z,T1,29,2025-02-27T06:00:00Z,41,dayahead,0.0,0.0534,0.2818,False,mos-curve-v0
2025-02-27T18:00:00Z,2025-02-28T00:00:00+06:00,2025-03-01T06:00:00+06:00,2025-03-01T00:00:00Z,T1,30,2025-02-27T06:00:00Z,42,dayahead,0.0,0.0315,0.2599,False,mos-curve-v0
2025-02-27T18:00:00Z,2025-02-28T00:00:00+06:00,2025-03-01T07:00:00+06:00,2025-03-01T01:00:00Z,T1,31,2025-02-27T06:00:00Z,43,dayahead,0.0,0.0243,0.2527,False,mos-curve-v0
2025-02-27T18:00:00Z,2025-02-28T00:00:00+06:00,2025-03-01T08:00:00+06:00,2025-03-01T02:00:00Z,T1,32,2025-02-27T06:00:00Z,44,dayahead,0.0,0.0128,0.2412,False,mos-curve-v0
2025-02-27T18:00:00Z,2025-02-28T00:00:00+06:00,2025-03-01T09:00:00+06:00,2025-03-01T03:00:00Z,T1,33,2025-02-27T06:00:00Z,45,dayahead,0.0,0.0166,0.245,False,mos-curve-v0
2025-02-27T18:00:00Z,2025-02-28T00:00:00+06:00,2025-03-01T10:00:00+06:00,2025-03-01T04:00:00Z,T1,34,2025-02-27T06:00:00Z,46,dayahead,0.0,0.0197,0.2481,False,mos-curve-v0
2025-02-27T18:00:00Z,2025-02-28T00:00:00+06:00,2025-03-01T11:00:00+06:00,2025-03-01T05:00:00Z,T1,35,2025-02-27T06:00:00Z,47,dayahead,0.0,0.0198,0.2482,False,mos-curve-v0
2025-02-27T18:00:00Z,2025-02-28T00:00:00+06:00,2025-03-01T12:00:00+06:00,2025-03-01T06:00:00Z,T1,36,2025-02-27T06:00:00Z,48,dayahead,0.0,0.0161,0.2445,False,mos-curve-v0
2025-02-27T18:00:00Z,2025-02-28T00:00:00+06:00,2025-03-01T13:00:00+06:00,2025-03-01T07:00:00Z,T1,37,2025-02-27T06:00:00Z,49,dayahead,0.0,0.0153,0.2437,False,mos-curve-v0
2025-02-27T18:00:00Z,2025-02-28T00:00:00+06:00,2025-03-01T14:00:00+06:00,2025-03-01T08:00:00Z,T1,38,2025-02-27T06:00:00Z,50,dayahead,0.0,0.0124,0.2408,False,mos-curve-v0
2025-02-27T18:00:00Z,2025-02-28T00:00:00+06:00,2025-03-01T15:00:00+06:00,2025-03-01T09:00:00Z,T1,39,2025-02-27T06:00:00Z,51,dayahead,0.0,0.0161,0.2445,False,mos-curve-v0
2025-02-27T18:00:00Z,2025-02-28T00:00:00+06:00,2025-03-01T16:00:00+06:00,2025-03-01T10:00:00Z,T1,40,2025-02-27T06:00:00Z,52,dayahead,0.0,0.0115,0.2399,False,mos-curve-v0
2025-02-27T18:00:00Z,2025-02-28T00:00:00+06:00,2025-03-01T17:00:00+06:00,2025-03-01T11:00:00Z,T1,41,2025-02-27T06:00:00Z,53,dayahead,0.0,0.0199,0.2483,False,mos-curve-v0
2025-02-27T18:00:00Z,2025-02-28T00:00:00+06:00,2025-03-01T18:00:00+06:00,2025-03-01T12:00:00Z,T1,42,2025-02-27T06:00:00Z,54,dayahead,0.0,0.0337,0.2621,False,mos-curve-v0
2025-02-27T18:00:00Z,2025-02-28T00:00:00+06:00,2025-03-01T19:00:00+06:00,2025-03-01T13:00:00Z,T1,43,2025-02-27T06:00:00Z,55,dayahead,0.0261,0.1084,0.3368,False,mos-curve-v0
2025-02-27T18:00:00Z,2025-02-28T00:00:00+06:00,2025-03-01T20:00:00+06:00,2025-03-01T14:00:00Z,T1,44,2025-02-27T06:00:00Z,56,dayahead,0.0117,0.2751,0.7891,False,mos-curve-v0
2025-02-27T18:00:00Z,2025-02-28T00:00:00+06:00,2025-03-01T21:00:00+06:00,2025-03-01T15:00:00Z,T1,45,2025-02-27T06:00:00Z,57,dayahead,0.1659,0.4293,0.9433,False,mos-curve-v0
2025-02-27T18:00:00Z,2025-02-28T00:00:00+06:00,2025-03-01T22:00:00+06:00,2025-03-01T16:00:00Z,T1,46,2025-02-27T06:00:00Z,58,dayahead,0.0823,0.58,0.8786,False,mos-curve-v0
2025-02-27T18:00:00Z,2025-02-28T00:00:00+06:00,2025-03-01T23:00:00+06:00,2025-03-01T17:00:00Z,T1,47,2025-02-27T06:00:00Z,59,dayahead,0.0823,0.58,0.8786,False,mos-curve-v0
2025-02-27T18:00:00Z,2025-02-28T00:00:00+06:00,2025-02-28T00:00:00+06:00,2025-02-27T18:00:00Z,T2,0,2025-02-27T06:00:00Z,12,dayahead,0.0656,0.1479,0.3763,False,mos-curve-v0
2025-02-27T18:00:00Z,2025-02-28T00:00:00+06:00,2025-02-28T01:00:00+06:00,2025-02-27T19:00:00Z,T2,1,2025-02-27T06:00:00Z,13,dayahead,0.0,0.1713,0.6853,False,mos-curve-v0
2025-02-27T18:00:00Z,2025-02-28T00:00:00+06:00,2025-02-28T02:00:00+06:00,2025-02-27T20:00:00Z,T2,2,2025-02-27T06:00:00Z,14,dayahead,0.0302,0.1125,0.3409,False,mos-curve-v0
2025-02-27T18:00:00Z,2025-02-28T00:00:00+06:00,2025-02-28T03:00:00+06:00,2025-02-27T21:00:00Z,T2,3,2025-02-27T06:00:00Z,15,dayahead,0.0086,0.0909,0.3193,False,mos-curve-v0
2025-02-27T18:00:00Z,2025-02-28T00:00:00+06:00,2025-02-28T04:00:00+06:00,2025-02-27T22:00:00Z,T2,4,2025-02-27T06:00:00Z,16,dayahead,0.0665,0.1488,0.3772,False,mos-curve-v0
2025-02-27T18:00:00Z,2025-02-28T00:00:00+06:00,2025-02-28T05:00:00+06:00,2025-02-27T23:00:00Z,T2,5,2025-02-27T06:00:00Z,17,dayahead,0.0,0.1703,0.6843,False,mos-curve-v0
2025-02-27T18:00:00Z,2025-02-28T00:00:00+06:00,2025-02-28T06:00:00+06:00,2025-02-28T00:00:00Z,T2,6,2025-02-27T06:00:00Z,18,dayahead,0.0,0.0585,0.2869,False,mos-curve-v0
2025-02-27T18:00:00Z,2025-02-28T00:00:00+06:00,2025-02-28T07:00:00+06:00,2025-02-28T01:00:00Z,T2,7,2025-02-27T06:00:00Z,19,dayahead,0.0546,0.1368,0.3652,False,mos-curve-v0
2025-02-27T18:00:00Z,2025-02-28T00:00:00+06:00,2025-02-28T08:00:00+06:00,2025-02-28T02:00:00Z,T2,8,2025-02-27T06:00:00Z,20,dayahead,0.0261,0.1084,0.3368,False,mos-curve-v0
2025-02-27T18:00:00Z,2025-02-28T00:00:00+06:00,2025-02-28T09:00:00+06:00,2025-02-28T03:00:00Z,T2,9,2025-02-27T06:00:00Z,21,dayahead,0.0268,0.1091,0.3375,False,mos-curve-v0
2025-02-27T18:00:00Z,2025-02-28T00:00:00+06:00,2025-02-28T10:00:00+06:00,2025-02-28T04:00:00Z,T2,10,2025-02-27T06:00:00Z,22,dayahead,0.0235,0.1057,0.3341,False,mos-curve-v0
2025-02-27T18:00:00Z,2025-02-28T00:00:00+06:00,2025-02-28T11:00:00+06:00,2025-02-28T05:00:00Z,T2,11,2025-02-27T06:00:00Z,23,dayahead,0.0596,0.1419,0.3702,False,mos-curve-v0
2025-02-27T18:00:00Z,2025-02-28T00:00:00+06:00,2025-02-28T12:00:00+06:00,2025-02-28T06:00:00Z,T2,12,2025-02-27T06:00:00Z,24,dayahead,0.0,0.1607,0.6746,False,mos-curve-v0
2025-02-27T18:00:00Z,2025-02-28T00:00:00+06:00,2025-02-28T13:00:00+06:00,2025-02-28T07:00:00Z,T2,13,2025-02-27T06:00:00Z,25,dayahead,0.0562,0.1385,0.3669,False,mos-curve-v0
2025-02-27T18:00:00Z,2025-02-28T00:00:00+06:00,2025-02-28T14:00:00+06:00,2025-02-28T08:00:00Z,T2,14,2025-02-27T06:00:00Z,26,dayahead,0.0,0.2316,0.7456,False,mos-curve-v0
2025-02-27T18:00:00Z,2025-02-28T00:00:00+06:00,2025-02-28T15:00:00+06:00,2025-02-28T09:00:00Z,T2,15,2025-02-27T06:00:00Z,27,dayahead,0.0,0.2378,0.7518,False,mos-curve-v0
2025-02-27T18:00:00Z,2025-02-28T00:00:00+06:00,2025-02-28T16:00:00+06:00,2025-02-28T10:00:00Z,T2,16,2025-02-27T06:00:00Z,28,dayahead,0.0,0.1703,0.6843,False,mos-curve-v0
2025-02-27T18:00:00Z,2025-02-28T00:00:00+06:00,2025-02-28T17:00:00+06:00,2025-02-28T11:00:00Z,T2,17,2025-02-27T06:00:00Z,29,dayahead,0.0596,0.1419,0.3702,False,mos-curve-v0
2025-02-27T18:00:00Z,2025-02-28T00:00:00+06:00,2025-02-28T18:00:00+06:00,2025-02-28T12:00:00Z,T2,18,2025-02-27T06:00:00Z,30,dayahead,0.0,0.1533,0.6673,False,mos-curve-v0
2025-02-27T18:00:00Z,2025-02-28T00:00:00+06:00,2025-02-28T19:00:00+06:00,2025-02-28T13:00:00Z,T2,19,2025-02-27T06:00:00Z,31,dayahead,0.0,0.1773,0.6913,False,mos-curve-v0
2025-02-27T18:00:00Z,2025-02-28T00:00:00+06:00,2025-02-28T20:00:00+06:00,2025-02-28T14:00:00Z,T2,20,2025-02-27T06:00:00Z,32,dayahead,0.0,0.223,0.737,False,mos-curve-v0
2025-02-27T18:00:00Z,2025-02-28T00:00:00+06:00,2025-02-28T21:00:00+06:00,2025-02-28T15:00:00Z,T2,21,2025-02-27T06:00:00Z,33,dayahead,0.0,0.2534,0.7674,False,mos-curve-v0
2025-02-27T18:00:00Z,2025-02-28T00:00:00+06:00,2025-02-28T22:00:00+06:00,2025-02-28T16:00:00Z,T2,22,2025-02-27T06:00:00Z,34,dayahead,0.0,0.1506,0.6646,False,mos-curve-v0
2025-02-27T18:00:00Z,2025-02-28T00:00:00+06:00,2025-02-28T23:00:00+06:00,2025-02-28T17:00:00Z,T2,23,2025-02-27T06:00:00Z,35,dayahead,0.0127,0.095,0.3234,False,mos-curve-v0
2025-02-27T18:00:00Z,2025-02-28T00:00:00+06:00,2025-03-01T00:00:00+06:00,2025-02-28T18:00:00Z,T2,24,2025-02-27T06:00:00Z,36,dayahead,0.0,0.0721,0.3005,False,mos-curve-v0
2025-02-27T18:00:00Z,2025-02-28T00:00:00+06:00,2025-03-01T01:00:00+06:00,2025-02-28T19:00:00Z,T2,25,2025-02-27T06:00:00Z,37,dayahead,0.0,0.051,0.2794,False,mos-curve-v0
2025-02-27T18:00:00Z,2025-02-28T00:00:00+06:00,2025-03-01T02:00:00+06:00,2025-02-28T20:00:00Z,T2,26,2025-02-27T06:00:00Z,38,dayahead,0.0,0.0292,0.2576,False,mos-curve-v0
2025-02-27T18:00:00Z,2025-02-28T00:00:00+06:00,2025-03-01T03:00:00+06:00,2025-02-28T21:00:00Z,T2,27,2025-02-27T06:00:00Z,39,dayahead,0.0,0.0355,0.2639,False,mos-curve-v0
2025-02-27T18:00:00Z,2025-02-28T00:00:00+06:00,2025-03-01T04:00:00+06:00,2025-02-28T22:00:00Z,T2,28,2025-02-27T06:00:00Z,40,dayahead,0.0,0.049,0.2774,False,mos-curve-v0
2025-02-27T18:00:00Z,2025-02-28T00:00:00+06:00,2025-03-01T05:00:00+06:00,2025-02-28T23:00:00Z,T2,29,2025-02-27T06:00:00Z,41,dayahead,0.0,0.0534,0.2818,False,mos-curve-v0
2025-02-27T18:00:00Z,2025-02-28T00:00:00+06:00,2025-03-01T06:00:00+06:00,2025-03-01T00:00:00Z,T2,30,2025-02-27T06:00:00Z,42,dayahead,0.0,0.0315,0.2599,False,mos-curve-v0
2025-02-27T18:00:00Z,2025-02-28T00:00:00+06:00,2025-03-01T07:00:00+06:00,2025-03-01T01:00:00Z,T2,31,2025-02-27T06:00:00Z,43,dayahead,0.0,0.0243,0.2527,False,mos-curve-v0
2025-02-27T18:00:00Z,2025-02-28T00:00:00+06:00,2025-03-01T08:00:00+06:00,2025-03-01T02:00:00Z,T2,32,2025-02-27T06:00:00Z,44,dayahead,0.0,0.0128,0.2412,False,mos-curve-v0
2025-02-27T18:00:00Z,2025-02-28T00:00:00+06:00,2025-03-01T09:00:00+06:00,2025-03-01T03:00:00Z,T2,33,2025-02-27T06:00:00Z,45,dayahead,0.0,0.0166,0.245,False,mos-curve-v0
2025-02-27T18:00:00Z,2025-02-28T00:00:00+06:00,2025-03-01T10:00:00+06:00,2025-03-01T04:00:00Z,T2,34,2025-02-27T06:00:00Z,46,dayahead,0.0,0.0197,0.2481,False,mos-curve-v0
2025-02-27T18:00:00Z,2025-02-28T00:00:00+06:00,2025-03-01T11:00:00+06:00,2025-03-01T05:00:00Z,T2,35,2025-02-27T06:00:00Z,47,dayahead,0.0,0.0198,0.2482,False,mos-curve-v0
2025-02-27T18:00:00Z,2025-02-28T00:00:00+06:00,2025-03-01T12:00:00+06:00,2025-03-01T06:00:00Z,T2,36,2025-02-27T06:00:00Z,48,dayahead,0.0,0.0161,0.2445,False,mos-curve-v0
2025-02-27T18:00:00Z,2025-02-28T00:00:00+06:00,2025-03-01T13:00:00+06:00,2025-03-01T07:00:00Z,T2,37,2025-02-27T06:00:00Z,49,dayahead,0.0,0.0153,0.2437,False,mos-curve-v0
2025-02-27T18:00:00Z,2025-02-28T00:00:00+06:00,2025-03-01T14:00:00+06:00,2025-03-01T08:00:00Z,T2,38,2025-02-27T06:00:00Z,50,dayahead,0.0,0.0124,0.2408,False,mos-curve-v0
2025-02-27T18:00:00Z,2025-02-28T00:00:00+06:00,2025-03-01T15:00:00+06:00,2025-03-01T09:00:00Z,T2,39,2025-02-27T06:00:00Z,51,dayahead,0.0,0.0161,0.2445,False,mos-curve-v0
2025-02-27T18:00:00Z,2025-02-28T00:00:00+06:00,2025-03-01T16:00:00+06:00,2025-03-01T10:00:00Z,T2,40,2025-02-27T06:00:00Z,52,dayahead,0.0,0.0115,0.2399,False,mos-curve-v0
2025-02-27T18:00:00Z,2025-02-28T00:00:00+06:00,2025-03-01T17:00:00+06:00,2025-03-01T11:00:00Z,T2,41,2025-02-27T06:00:00Z,53,dayahead,0.0,0.0199,0.2483,False,mos-curve-v0
2025-02-27T18:00:00Z,2025-02-28T00:00:00+06:00,2025-03-01T18:00:00+06:00,2025-03-01T12:00:00Z,T2,42,2025-02-27T06:00:00Z,54,dayahead,0.0,0.0337,0.2621,False,mos-curve-v0
2025-02-27T18:00:00Z,2025-02-28T00:00:00+06:00,2025-03-01T19:00:00+06:00,2025-03-01T13:00:00Z,T2,43,2025-02-27T06:00:00Z,55,dayahead,0.0261,0.1084,0.3368,False,mos-curve-v0
2025-02-27T18:00:00Z,2025-02-28T00:00:00+06:00,2025-03-01T20:00:00+06:00,2025-03-01T14:00:00Z,T2,44,2025-02-27T06:00:00Z,56,dayahead,0.0117,0.2751,0.7891,False,mos-curve-v0
2025-02-27T18:00:00Z,2025-02-28T00:00:00+06:00,2025-03-01T21:00:00+06:00,2025-03-01T15:00:00Z,T2,45,2025-02-27T06:00:00Z,57,dayahead,0.1659,0.4293,0.9433,False,mos-curve-v0
2025-02-27T18:00:00Z,2025-02-28T00:00:00+06:00,2025-03-01T22:00:00+06:00,2025-03-01T16:00:00Z,T2,46,2025-02-27T06:00:00Z,58,dayahead,0.0823,0.58,0.8786,False,mos-curve-v0
2025-02-27T18:00:00Z,2025-02-28T00:00:00+06:00,2025-03-01T23:00:00+06:00,2025-03-01T17:00:00Z,T2,47,2025-02-27T06:00:00Z,59,dayahead,0.0823,0.58,0.8786,False,mos-curve-v0
2025-02-28T18:00:00Z,2025-03-01T00:00:00+06:00,2025-03-01T00:00:00+06:00,2025-02-28T18:00:00Z,T1,0,2025-02-28T06:00:00Z,12,dayahead,0.0,0.2366,0.7506,False,mos-curve-v0
2025-02-28T18:00:00Z,2025-03-01T00:00:00+06:00,2025-03-01T01:00:00+06:00,2025-02-28T19:00:00Z,T1,1,2025-02-28T06:00:00Z,13,dayahead,0.0,0.2494,0.7634,False,mos-curve-v0
2025-02-28T18:00:00Z,2025-03-01T00:00:00+06:00,2025-03-01T02:00:00+06:00,2025-02-28T20:00:00Z,T1,2,2025-02-28T06:00:00Z,14,dayahead,0.0622,0.1444,0.3728,False,mos-curve-v0
2025-02-28T18:00:00Z,2025-03-01T00:00:00+06:00,2025-03-01T03:00:00+06:00,2025-02-28T21:00:00Z,T1,3,2025-02-28T06:00:00Z,15,dayahead,0.0215,0.1038,0.3322,False,mos-curve-v0
2025-02-28T18:00:00Z,2025-03-01T00:00:00+06:00,2025-03-01T04:00:00+06:00,2025-02-28T22:00:00Z,T1,4,2025-02-28T06:00:00Z,16,dayahead,0.0,0.0731,0.3015,False,mos-curve-v0
2025-02-28T18:00:00Z,2025-03-01T00:00:00+06:00,2025-03-01T05:00:00+06:00,2025-02-28T23:00:00Z,T1,5,2025-02-28T06:00:00Z,17,dayahead,0.0,0.0654,0.2938,False,mos-curve-v0
2025-02-28T18:00:00Z,2025-03-01T00:00:00+06:00,2025-03-01T06:00:00+06:00,2025-03-01T00:00:00Z,T1,6,2025-02-28T06:00:00Z,18,dayahead,0.0,0.0681,0.2964,False,mos-curve-v0
2025-02-28T18:00:00Z,2025-03-01T00:00:00+06:00,2025-03-01T07:00:00+06:00,2025-03-01T01:00:00Z,T1,7,2025-02-28T06:00:00Z,19,dayahead,0.0,0.0765,0.3049,False,mos-curve-v0
2025-02-28T18:00:00Z,2025-03-01T00:00:00+06:00,2025-03-01T08:00:00+06:00,2025-03-01T02:00:00Z,T1,8,2025-02-28T06:00:00Z,20,dayahead,0.0009,0.0831,0.3115,False,mos-curve-v0
2025-02-28T18:00:00Z,2025-03-01T00:00:00+06:00,2025-03-01T09:00:00+06:00,2025-03-01T03:00:00Z,T1,9,2025-02-28T06:00:00Z,21,dayahead,0.0,0.0601,0.2885,False,mos-curve-v0
2025-02-28T18:00:00Z,2025-03-01T00:00:00+06:00,2025-03-01T10:00:00+06:00,2025-03-01T04:00:00Z,T1,10,2025-02-28T06:00:00Z,22,dayahead,0.0,0.052,0.2804,False,mos-curve-v0
2025-02-28T18:00:00Z,2025-03-01T00:00:00+06:00,2025-03-01T11:00:00+06:00,2025-03-01T05:00:00Z,T1,11,2025-02-28T06:00:00Z,23,dayahead,0.0,0.0534,0.2818,False,mos-curve-v0
2025-02-28T18:00:00Z,2025-03-01T00:00:00+06:00,2025-03-01T12:00:00+06:00,2025-03-01T06:00:00Z,T1,12,2025-02-28T06:00:00Z,24,dayahead,0.0,0.0423,0.2707,False,mos-curve-v0
2025-02-28T18:00:00Z,2025-03-01T00:00:00+06:00,2025-03-01T13:00:00+06:00,2025-03-01T07:00:00Z,T1,13,2025-02-28T06:00:00Z,25,dayahead,0.0,0.0471,0.2755,False,mos-curve-v0
2025-02-28T18:00:00Z,2025-03-01T00:00:00+06:00,2025-03-01T14:00:00+06:00,2025-03-01T08:00:00Z,T1,14,2025-02-28T06:00:00Z,26,dayahead,0.0,0.0321,0.2605,False,mos-curve-v0
2025-02-28T18:00:00Z,2025-03-01T00:00:00+06:00,2025-03-01T15:00:00+06:00,2025-03-01T09:00:00Z,T1,15,2025-02-28T06:00:00Z,27,dayahead,0.0,0.026,0.2544,False,mos-curve-v0
2025-02-28T18:00:00Z,2025-03-01T00:00:00+06:00,2025-03-01T16:00:00+06:00,2025-03-01T10:00:00Z,T1,16,2025-02-28T06:00:00Z,28,dayahead,0.0,0.0319,0.2603,False,mos-curve-v0
2025-02-28T18:00:00Z,2025-03-01T00:00:00+06:00,2025-03-01T17:00:00+06:00,2025-03-01T11:00:00Z,T1,17,2025-02-28T06:00:00Z,29,dayahead,0.0,0.0358,0.2642,False,mos-curve-v0
2025-02-28T18:00:00Z,2025-03-01T00:00:00+06:00,2025-03-01T18:00:00+06:00,2025-03-01T12:00:00Z,T1,18,2025-02-28T06:00:00Z,30,dayahead,0.0,0.0315,0.2599,False,mos-curve-v0
2025-02-28T18:00:00Z,2025-03-01T00:00:00+06:00,2025-03-01T19:00:00+06:00,2025-03-01T13:00:00Z,T1,19,2025-02-28T06:00:00Z,31,dayahead,0.0,0.0214,0.2497,False,mos-curve-v0
2025-02-28T18:00:00Z,2025-03-01T00:00:00+06:00,2025-03-01T20:00:00+06:00,2025-03-01T14:00:00Z,T1,20,2025-02-28T06:00:00Z,32,dayahead,0.0,0.0617,0.2901,False,mos-curve-v0
2025-02-28T18:00:00Z,2025-03-01T00:00:00+06:00,2025-03-01T21:00:00+06:00,2025-03-01T15:00:00Z,T1,21,2025-02-28T06:00:00Z,33,dayahead,0.0,0.1888,0.7028,False,mos-curve-v0
2025-02-28T18:00:00Z,2025-03-01T00:00:00+06:00,2025-03-01T22:00:00+06:00,2025-03-01T16:00:00Z,T1,22,2025-02-28T06:00:00Z,34,dayahead,0.2231,0.4864,1.0,False,mos-curve-v0
2025-02-28T18:00:00Z,2025-03-01T00:00:00+06:00,2025-03-01T23:00:00+06:00,2025-03-01T17:00:00Z,T1,23,2025-02-28T06:00:00Z,35,dayahead,0.2231,0.4864,1.0,False,mos-curve-v0
2025-02-28T18:00:00Z,2025-03-01T00:00:00+06:00,2025-03-02T00:00:00+06:00,2025-03-01T18:00:00Z,T1,24,2025-02-28T06:00:00Z,36,dayahead,0.2057,0.469,0.983,False,mos-curve-v0
2025-02-28T18:00:00Z,2025-03-01T00:00:00+06:00,2025-03-02T01:00:00+06:00,2025-03-01T19:00:00Z,T1,25,2025-02-28T06:00:00Z,37,dayahead,0.1797,0.443,0.957,False,mos-curve-v0
2025-02-28T18:00:00Z,2025-03-01T00:00:00+06:00,2025-03-02T02:00:00+06:00,2025-03-01T20:00:00Z,T1,26,2025-02-28T06:00:00Z,38,dayahead,0.0944,0.3578,0.8718,False,mos-curve-v0
2025-02-28T18:00:00Z,2025-03-01T00:00:00+06:00,2025-03-02T03:00:00+06:00,2025-03-01T21:00:00Z,T1,27,2025-02-28T06:00:00Z,39,dayahead,0.0302,0.2935,0.8075,False,mos-curve-v0
2025-02-28T18:00:00Z,2025-03-01T00:00:00+06:00,2025-03-02T04:00:00+06:00,2025-03-01T22:00:00Z,T1,28,2025-02-28T06:00:00Z,40,dayahead,0.0007,0.2641,0.7781,False,mos-curve-v0
2025-02-28T18:00:00Z,2025-03-01T00:00:00+06:00,2025-03-02T05:00:00+06:00,2025-03-01T23:00:00Z,T1,29,2025-02-28T06:00:00Z,41,dayahead,0.0103,0.2737,0.7877,False,mos-curve-v0
2025-02-28T18:00:00Z,2025-03-01T00:00:00+06:00,2025-03-02T06:00:00+06:00,2025-03-02T00:00:00Z,T1,30,2025-02-28T06:00:00Z,42,dayahead,0.0331,0.2964,0.8104,False,mos-curve-v0
2025-02-28T18:00:00Z,2025-03-01T00:00:00+06:00,2025-03-02T07:00:00+06:00,2025-03-02T01:00:00Z,T1,31,2025-02-28T06:00:00Z,43,dayahead,0.036,0.2994,0.8134,False,mos-curve-v0
2025-02-28T18:00:00Z,2025-03-01T00:00:00+06:00,2025-03-02T08:00:00+06:00,2025-03-02T02:00:00Z,T1,32,2025-02-28T06:00:00Z,44,dayahead,0.0817,0.3451,0.859,False,mos-curve-v0
2025-02-28T18:00:00Z,2025-03-01T00:00:00+06:00,2025-03-02T09:00:00+06:00,2025-03-02T03:00:00Z,T1,33,2025-02-28T06:00:00Z,45,dayahead,0.0,0.26,0.774,False,mos-curve-v0
2025-02-28T18:00:00Z,2025-03-01T00:00:00+06:00,2025-03-02T10:00:00+06:00,2025-03-02T04:00:00Z,T1,34,2025-02-28T06:00:00Z,46,dayahead,0.1288,0.3921,0.9061,False,mos-curve-v0
2025-02-28T18:00:00Z,2025-03-01T00:00:00+06:00,2025-03-02T11:00:00+06:00,2025-03-02T05:00:00Z,T1,35,2025-02-28T06:00:00Z,47,dayahead,0.1627,0.6604,0.959,False,mos-curve-v0
2025-02-28T18:00:00Z,2025-03-01T00:00:00+06:00,2025-03-02T12:00:00+06:00,2025-03-02T06:00:00Z,T1,36,2025-02-28T06:00:00Z,48,dayahead,0.3064,0.8041,1.0,False,mos-curve-v0
2025-02-28T18:00:00Z,2025-03-01T00:00:00+06:00,2025-03-02T13:00:00+06:00,2025-03-02T07:00:00Z,T1,37,2025-02-28T06:00:00Z,49,dayahead,0.3325,0.8301,1.0,False,mos-curve-v0
2025-02-28T18:00:00Z,2025-03-01T00:00:00+06:00,2025-03-02T14:00:00+06:00,2025-03-02T08:00:00Z,T1,38,2025-02-28T06:00:00Z,50,dayahead,0.3097,0.8074,1.0,False,mos-curve-v0
2025-02-28T18:00:00Z,2025-03-01T00:00:00+06:00,2025-03-02T15:00:00+06:00,2025-03-02T09:00:00Z,T1,39,2025-02-28T06:00:00Z,51,dayahead,0.2774,0.7751,1.0,False,mos-curve-v0
2025-02-28T18:00:00Z,2025-03-01T00:00:00+06:00,2025-03-02T16:00:00+06:00,2025-03-02T10:00:00Z,T1,40,2025-02-28T06:00:00Z,52,dayahead,0.2123,0.71,1.0,False,mos-curve-v0
2025-02-28T18:00:00Z,2025-03-01T00:00:00+06:00,2025-03-02T17:00:00+06:00,2025-03-02T11:00:00Z,T1,41,2025-02-28T06:00:00Z,53,dayahead,0.1452,0.6429,0.9416,False,mos-curve-v0
2025-02-28T18:00:00Z,2025-03-01T00:00:00+06:00,2025-03-02T18:00:00+06:00,2025-03-02T12:00:00Z,T1,42,2025-02-28T06:00:00Z,54,dayahead,0.0908,0.5885,0.8871,False,mos-curve-v0
2025-02-28T18:00:00Z,2025-03-01T00:00:00+06:00,2025-03-02T19:00:00+06:00,2025-03-02T13:00:00Z,T1,43,2025-02-28T06:00:00Z,55,dayahead,0.0254,0.5231,0.8217,False,mos-curve-v0
2025-02-28T18:00:00Z,2025-03-01T00:00:00+06:00,2025-03-02T20:00:00+06:00,2025-03-02T14:00:00Z,T1,44,2025-02-28T06:00:00Z,56,dayahead,0.1305,0.3938,0.9078,False,mos-curve-v0
2025-02-28T18:00:00Z,2025-03-01T00:00:00+06:00,2025-03-02T21:00:00+06:00,2025-03-02T15:00:00Z,T1,45,2025-02-28T06:00:00Z,57,dayahead,0.1489,0.4123,0.9263,False,mos-curve-v0
2025-02-28T18:00:00Z,2025-03-01T00:00:00+06:00,2025-03-02T22:00:00+06:00,2025-03-02T16:00:00Z,T1,46,2025-02-28T06:00:00Z,58,dayahead,0.0669,0.5646,0.8633,False,mos-curve-v0
2025-02-28T18:00:00Z,2025-03-01T00:00:00+06:00,2025-03-02T23:00:00+06:00,2025-03-02T17:00:00Z,T1,47,2025-02-28T06:00:00Z,59,dayahead,0.1689,0.6666,0.9652,False,mos-curve-v0
2025-02-28T18:00:00Z,2025-03-01T00:00:00+06:00,2025-03-01T00:00:00+06:00,2025-02-28T18:00:00Z,T2,0,2025-02-28T06:00:00Z,12,dayahead,0.0,0.2366,0.7506,False,mos-curve-v0
2025-02-28T18:00:00Z,2025-03-01T00:00:00+06:00,2025-03-01T01:00:00+06:00,2025-02-28T19:00:00Z,T2,1,2025-02-28T06:00:00Z,13,dayahead,0.0,0.2494,0.7634,False,mos-curve-v0
2025-02-28T18:00:00Z,2025-03-01T00:00:00+06:00,2025-03-01T02:00:00+06:00,2025-02-28T20:00:00Z,T2,2,2025-02-28T06:00:00Z,14,dayahead,0.0622,0.1444,0.3728,False,mos-curve-v0
2025-02-28T18:00:00Z,2025-03-01T00:00:00+06:00,2025-03-01T03:00:00+06:00,2025-02-28T21:00:00Z,T2,3,2025-02-28T06:00:00Z,15,dayahead,0.0215,0.1038,0.3322,False,mos-curve-v0
2025-02-28T18:00:00Z,2025-03-01T00:00:00+06:00,2025-03-01T04:00:00+06:00,2025-02-28T22:00:00Z,T2,4,2025-02-28T06:00:00Z,16,dayahead,0.0,0.0731,0.3015,False,mos-curve-v0
2025-02-28T18:00:00Z,2025-03-01T00:00:00+06:00,2025-03-01T05:00:00+06:00,2025-02-28T23:00:00Z,T2,5,2025-02-28T06:00:00Z,17,dayahead,0.0,0.0654,0.2938,False,mos-curve-v0
2025-02-28T18:00:00Z,2025-03-01T00:00:00+06:00,2025-03-01T06:00:00+06:00,2025-03-01T00:00:00Z,T2,6,2025-02-28T06:00:00Z,18,dayahead,0.0,0.0681,0.2964,False,mos-curve-v0
2025-02-28T18:00:00Z,2025-03-01T00:00:00+06:00,2025-03-01T07:00:00+06:00,2025-03-01T01:00:00Z,T2,7,2025-02-28T06:00:00Z,19,dayahead,0.0,0.0765,0.3049,False,mos-curve-v0
2025-02-28T18:00:00Z,2025-03-01T00:00:00+06:00,2025-03-01T08:00:00+06:00,2025-03-01T02:00:00Z,T2,8,2025-02-28T06:00:00Z,20,dayahead,0.0009,0.0831,0.3115,False,mos-curve-v0
2025-02-28T18:00:00Z,2025-03-01T00:00:00+06:00,2025-03-01T09:00:00+06:00,2025-03-01T03:00:00Z,T2,9,2025-02-28T06:00:00Z,21,dayahead,0.0,0.0601,0.2885,False,mos-curve-v0
2025-02-28T18:00:00Z,2025-03-01T00:00:00+06:00,2025-03-01T10:00:00+06:00,2025-03-01T04:00:00Z,T2,10,2025-02-28T06:00:00Z,22,dayahead,0.0,0.052,0.2804,False,mos-curve-v0
2025-02-28T18:00:00Z,2025-03-01T00:00:00+06:00,2025-03-01T11:00:00+06:00,2025-03-01T05:00:00Z,T2,11,2025-02-28T06:00:00Z,23,dayahead,0.0,0.0534,0.2818,False,mos-curve-v0
2025-02-28T18:00:00Z,2025-03-01T00:00:00+06:00,2025-03-01T12:00:00+06:00,2025-03-01T06:00:00Z,T2,12,2025-02-28T06:00:00Z,24,dayahead,0.0,0.0423,0.2707,False,mos-curve-v0
2025-02-28T18:00:00Z,2025-03-01T00:00:00+06:00,2025-03-01T13:00:00+06:00,2025-03-01T07:00:00Z,T2,13,2025-02-28T06:00:00Z,25,dayahead,0.0,0.0471,0.2755,False,mos-curve-v0
2025-02-28T18:00:00Z,2025-03-01T00:00:00+06:00,2025-03-01T14:00:00+06:00,2025-03-01T08:00:00Z,T2,14,2025-02-28T06:00:00Z,26,dayahead,0.0,0.0321,0.2605,False,mos-curve-v0
2025-02-28T18:00:00Z,2025-03-01T00:00:00+06:00,2025-03-01T15:00:00+06:00,2025-03-01T09:00:00Z,T2,15,2025-02-28T06:00:00Z,27,dayahead,0.0,0.026,0.2544,False,mos-curve-v0
2025-02-28T18:00:00Z,2025-03-01T00:00:00+06:00,2025-03-01T16:00:00+06:00,2025-03-01T10:00:00Z,T2,16,2025-02-28T06:00:00Z,28,dayahead,0.0,0.0319,0.2603,False,mos-curve-v0
2025-02-28T18:00:00Z,2025-03-01T00:00:00+06:00,2025-03-01T17:00:00+06:00,2025-03-01T11:00:00Z,T2,17,2025-02-28T06:00:00Z,29,dayahead,0.0,0.0358,0.2642,False,mos-curve-v0
2025-02-28T18:00:00Z,2025-03-01T00:00:00+06:00,2025-03-01T18:00:00+06:00,2025-03-01T12:00:00Z,T2,18,2025-02-28T06:00:00Z,30,dayahead,0.0,0.0315,0.2599,False,mos-curve-v0
2025-02-28T18:00:00Z,2025-03-01T00:00:00+06:00,2025-03-01T19:00:00+06:00,2025-03-01T13:00:00Z,T2,19,2025-02-28T06:00:00Z,31,dayahead,0.0,0.0214,0.2497,False,mos-curve-v0
2025-02-28T18:00:00Z,2025-03-01T00:00:00+06:00,2025-03-01T20:00:00+06:00,2025-03-01T14:00:00Z,T2,20,2025-02-28T06:00:00Z,32,dayahead,0.0,0.0617,0.2901,False,mos-curve-v0
2025-02-28T18:00:00Z,2025-03-01T00:00:00+06:00,2025-03-01T21:00:00+06:00,2025-03-01T15:00:00Z,T2,21,2025-02-28T06:00:00Z,33,dayahead,0.0,0.1888,0.7028,False,mos-curve-v0
2025-02-28T18:00:00Z,2025-03-01T00:00:00+06:00,2025-03-01T22:00:00+06:00,2025-03-01T16:00:00Z,T2,22,2025-02-28T06:00:00Z,34,dayahead,0.2231,0.4864,1.0,False,mos-curve-v0
2025-02-28T18:00:00Z,2025-03-01T00:00:00+06:00,2025-03-01T23:00:00+06:00,2025-03-01T17:00:00Z,T2,23,2025-02-28T06:00:00Z,35,dayahead,0.2231,0.4864,1.0,False,mos-curve-v0
2025-02-28T18:00:00Z,2025-03-01T00:00:00+06:00,2025-03-02T00:00:00+06:00,2025-03-01T18:00:00Z,T2,24,2025-02-28T06:00:00Z,36,dayahead,0.2057,0.469,0.983,False,mos-curve-v0
2025-02-28T18:00:00Z,2025-03-01T00:00:00+06:00,2025-03-02T01:00:00+06:00,2025-03-01T19:00:00Z,T2,25,2025-02-28T06:00:00Z,37,dayahead,0.1797,0.443,0.957,False,mos-curve-v0
2025-02-28T18:00:00Z,2025-03-01T00:00:00+06:00,2025-03-02T02:00:00+06:00,2025-03-01T20:00:00Z,T2,26,2025-02-28T06:00:00Z,38,dayahead,0.0944,0.3578,0.8718,False,mos-curve-v0
2025-02-28T18:00:00Z,2025-03-01T00:00:00+06:00,2025-03-02T03:00:00+06:00,2025-03-01T21:00:00Z,T2,27,2025-02-28T06:00:00Z,39,dayahead,0.0302,0.2935,0.8075,False,mos-curve-v0
2025-02-28T18:00:00Z,2025-03-01T00:00:00+06:00,2025-03-02T04:00:00+06:00,2025-03-01T22:00:00Z,T2,28,2025-02-28T06:00:00Z,40,dayahead,0.0007,0.2641,0.7781,False,mos-curve-v0
2025-02-28T18:00:00Z,2025-03-01T00:00:00+06:00,2025-03-02T05:00:00+06:00,2025-03-01T23:00:00Z,T2,29,2025-02-28T06:00:00Z,41,dayahead,0.0103,0.2737,0.7877,False,mos-curve-v0
2025-02-28T18:00:00Z,2025-03-01T00:00:00+06:00,2025-03-02T06:00:00+06:00,2025-03-02T00:00:00Z,T2,30,2025-02-28T06:00:00Z,42,dayahead,0.0331,0.2964,0.8104,False,mos-curve-v0
2025-02-28T18:00:00Z,2025-03-01T00:00:00+06:00,2025-03-02T07:00:00+06:00,2025-03-02T01:00:00Z,T2,31,2025-02-28T06:00:00Z,43,dayahead,0.036,0.2994,0.8134,False,mos-curve-v0
2025-02-28T18:00:00Z,2025-03-01T00:00:00+06:00,2025-03-02T08:00:00+06:00,2025-03-02T02:00:00Z,T2,32,2025-02-28T06:00:00Z,44,dayahead,0.0817,0.3451,0.859,False,mos-curve-v0
2025-02-28T18:00:00Z,2025-03-01T00:00:00+06:00,2025-03-02T09:00:00+06:00,2025-03-02T03:00:00Z,T2,33,2025-02-28T06:00:00Z,45,dayahead,0.0,0.26,0.774,False,mos-curve-v0
2025-02-28T18:00:00Z,2025-03-01T00:00:00+06:00,2025-03-02T10:00:00+06:00,2025-03-02T04:00:00Z,T2,34,2025-02-28T06:00:00Z,46,dayahead,0.1288,0.3921,0.9061,False,mos-curve-v0
2025-02-28T18:00:00Z,2025-03-01T00:00:00+06:00,2025-03-02T11:00:00+06:00,2025-03-02T05:00:00Z,T2,35,2025-02-28T06:00:00Z,47,dayahead,0.1627,0.6604,0.959,False,mos-curve-v0
2025-02-28T18:00:00Z,2025-03-01T00:00:00+06:00,2025-03-02T12:00:00+06:00,2025-03-02T06:00:00Z,T2,36,2025-02-28T06:00:00Z,48,dayahead,0.3064,0.8041,1.0,False,mos-curve-v0
2025-02-28T18:00:00Z,2025-03-01T00:00:00+06:00,2025-03-02T13:00:00+06:00,2025-03-02T07:00:00Z,T2,37,2025-02-28T06:00:00Z,49,dayahead,0.3325,0.8301,1.0,False,mos-curve-v0
2025-02-28T18:00:00Z,2025-03-01T00:00:00+06:00,2025-03-02T14:00:00+06:00,2025-03-02T08:00:00Z,T2,38,2025-02-28T06:00:00Z,50,dayahead,0.3097,0.8074,1.0,False,mos-curve-v0
2025-02-28T18:00:00Z,2025-03-01T00:00:00+06:00,2025-03-02T15:00:00+06:00,2025-03-02T09:00:00Z,T2,39,2025-02-28T06:00:00Z,51,dayahead,0.2774,0.7751,1.0,False,mos-curve-v0
2025-02-28T18:00:00Z,2025-03-01T00:00:00+06:00,2025-03-02T16:00:00+06:00,2025-03-02T10:00:00Z,T2,40,2025-02-28T06:00:00Z,52,dayahead,0.2123,0.71,1.0,False,mos-curve-v0
2025-02-28T18:00:00Z,2025-03-01T00:00:00+06:00,2025-03-02T17:00:00+06:00,2025-03-02T11:00:00Z,T2,41,2025-02-28T06:00:00Z,53,dayahead,0.1452,0.6429,0.9416,False,mos-curve-v0
2025-02-28T18:00:00Z,2025-03-01T00:00:00+06:00,2025-03-02T18:00:00+06:00,2025-03-02T12:00:00Z,T2,42,2025-02-28T06:00:00Z,54,dayahead,0.0908,0.5885,0.8871,False,mos-curve-v0
2025-02-28T18:00:00Z,2025-03-01T00:00:00+06:00,2025-03-02T19:00:00+06:00,2025-03-02T13:00:00Z,T2,43,2025-02-28T06:00:00Z,55,dayahead,0.0254,0.5231,0.8217,False,mos-curve-v0
2025-02-28T18:00:00Z,2025-03-01T00:00:00+06:00,2025-03-02T20:00:00+06:00,2025-03-02T14:00:00Z,T2,44,2025-02-28T06:00:00Z,56,dayahead,0.1305,0.3938,0.9078,False,mos-curve-v0
2025-02-28T18:00:00Z,2025-03-01T00:00:00+06:00,2025-03-02T21:00:00+06:00,2025-03-02T15:00:00Z,T2,45,2025-02-28T06:00:00Z,57,dayahead,0.1489,0.4123,0.9263,False,mos-curve-v0
2025-02-28T18:00:00Z,2025-03-01T00:00:00+06:00,2025-03-02T22:00:00+06:00,2025-03-02T16:00:00Z,T2,46,2025-02-28T06:00:00Z,58,dayahead,0.0669,0.5646,0.8633,False,mos-curve-v0
2025-02-28T18:00:00Z,2025-03-01T00:00:00+06:00,2025-03-02T23:00:00+06:00,2025-03-02T17:00:00Z,T2,47,2025-02-28T06:00:00Z,59,dayahead,0.1689,0.6666,0.9652,False,mos-curve-v0
