target_time_scada,target_time_utc,turbine,p50,p10,p90,issue_time_utc_used,nwp_run_init_utc,lead_h,p50_h25_48,power_mw
2025-02-01T00:00:00+06:00,2025-01-31T18:00:00Z,T1,0.5021,0.0044,0.8008,2025-01-31T18:00:00Z,2025-01-31T06:00:00Z,0,,1.2552
2025-02-01T00:00:00+06:00,2025-01-31T18:00:00Z,T2,0.5021,0.0044,0.8008,2025-01-31T18:00:00Z,2025-01-31T06:00:00Z,0,,1.2552
2025-02-01T01:00:00+06:00,2025-01-31T19:00:00Z,T1,0.3955,0.1321,0.9095,2025-01-31T18:00:00Z,2025-01-31T06:00:00Z,1,,0.9888
2025-02-01T01:00:00+06:00,2025-01-31T19:00:00Z,T2,0.3955,0.1321,0.9095,2025-01-31T18:00:00Z,2025-01-31T06:00:00Z,1,,0.9888
2025-02-01T02:00:00+06:00,2025-01-31T20:00:00Z,T1,0.3658,0.1025,0.8798,2025-01-31T18:00:00Z,2025-01-31T06:00:00Z,2,,0.9145
2025-02-01T02:00:00+06:00,2025-01-31T20:00:00Z,T2,0.3658,0.1025,0.8798,2025-01-31T18:00:00Z,2025-01-31T06:00:00Z,2,,0.9145
2025-02-01T03:00:00+06:00,2025-01-31T21:00:00Z,T1,0.3142,0.0509,0.8282,2025-01-31T18:00:00Z,2025-01-31T06:00:00Z,3,,0.7855
2025-02-01T03:00:00+06:00,2025-01-31T21:00:00Z,T2,0.3142,0.0509,0.8282,2025-01-31T18:00:00Z,2025-01-31T06:00:00Z,3,,0.7855
2025-02-01T04:00:00+06:00,2025-01-31T22:00:00Z,T1,0.1794,0.0,0.6934,2025-01-31T18:00:00Z,2025-01-31T06:00:00Z,4,,0.4485
2025-02-01T04:00:00+06:00,2025-01-31T22:00:00Z,T2,0.1794,0.0,0.6934,2025-01-31T18:00:00Z,2025-01-31T06:00:00Z,4,,0.4485
2025-02-01T05:00:00+06:00,2025-01-31T23:00:00Z,T1,0.1377,0.0554,0.366,2025-01-31T18:00:00Z,2025-01-31T06:00:00Z,5,,0.3442
2025-02-01T05:00:00+06:00,2025-01-31T23:00:00Z,T2,0.1377,0.0554,0.366,2025-01-31T18:00:00Z,2025-01-31T06:00:00Z,5,,0.3442
2025-02-01T06:00:00+06:00,2025-02-01T00:00:00Z,T1,0.1723,0.0,0.6863,2025-01-31T18:00:00Z,2025-01-31T06:00:00Z,6,,0.4308
2025-02-01T06:00:00+06:00,2025-02-01T00:00:00Z,T2,0.1723,0.0,0.6863,2025-01-31T18:00:00Z,2025-01-31T06:00:00Z,6,,0.4308
2025-02-01T07:00:00+06:00,2025-02-01T01:00:00Z,T1,0.2206,0.0,0.7346,2025-01-31T18:00:00Z,2025-01-31T06:00:00Z,7,,0.5515
2025-02-01T07:00:00+06:00,2025-02-01T01:00:00Z,T2,0.2206,0.0,0.7346,2025-01-31T18:00:00Z,2025-01-31T06:00:00Z,7,,0.5515
2025-02-01T08:00:00+06:00,2025-02-01T02:00:00Z,T1,0.1733,0.0,0.6873,2025-01-31T18:00:00Z,2025-01-31T06:00:00Z,8,,0.4332
2025-02-01T08:00:00+06:00,2025-02-01T02:00:00Z,T2,0.1733,0.0,0.6873,2025-01-31T18:00:00Z,2025-01-31T06:00:00Z,8,,0.4332
2025-02-01T09:00:00+06:00,2025-02-01T03:00:00Z,T1,0.0708,0.0,0.2992,2025-01-31T18:00:00Z,2025-01-31T06:00:00Z,9,,0.177
2025-02-01T09:00:00+06:00,2025-02-01T03:00:00Z,T2,0.0708,0.0,0.2992,2025-01-31T18:00:00Z,2025-01-31T06:00:00Z,9,,0.177
2025-02-01T10:00:00+06:00,2025-02-01T04:00:00Z,T1,0.0246,0.0,0.253,2025-01-31T18:00:00Z,2025-01-31T06:00:00Z,10,,0.0615
2025-02-01T10:00:00+06:00,2025-02-01T04:00:00Z,T2,0.0246,0.0,0.253,2025-01-31T18:00:00Z,2025-01-31T06:00:00Z,10,,0.0615
2025-02-01T11:00:00+06:00,2025-02-01T05:00:00Z,T1,0.0163,0.0,0.2447,2025-01-31T18:00:00Z,2025-01-31T06:00:00Z,11,,0.0407
2025-02-01T11:00:00+06:00,2025-02-01T05:00:00Z,T2,0.0163,0.0,0.2447,2025-01-31T18:00:00Z,2025-01-31T06:00:00Z,11,,0.0407
2025-02-01T12:00:00+06:00,2025-02-01T06:00:00Z,T1,0.0321,0.0,0.2605,2025-01-31T18:00:00Z,2025-01-31T06:00:00Z,12,,0.0802
2025-02-01T12:00:00+06:00,2025-02-01T06:00:00Z,T2,0.0321,0.0,0.2605,2025-01-31T18:00:00Z,2025-01-31T06:00:00Z,12,,0.0802
2025-02-01T13:00:00+06:00,2025-02-01T07:00:00Z,T1,0.0437,0.0,0.2721,2025-01-31T18:00:00Z,2025-01-31T06:00:00Z,13,,0.1093
2025-02-01T13:00:00+06:00,2025-02-01T07:00:00Z,T2,0.0437,0.0,0.2721,2025-01-31T18:00:00Z,2025-01-31T06:00:00Z,13,,0.1093
2025-02-01T14:00:00+06:00,2025-02-01T08:00:00Z,T1,0.0601,0.0,0.2885,2025-01-31T18:00:00Z,2025-01-31T06:00:00Z,14,,0.1502
2025-02-01T14:00:00+06:00,2025-02-01T08:00:00Z,T2,0.0601,0.0,0.2885,2025-01-31T18:00:00Z,2025-01-31T06:00:00Z,14,,0.1502
2025-02-01T15:00:00+06:00,2025-02-01T09:00:00Z,T1,0.0721,0.0,0.3005,2025-01-31T18:00:00Z,2025-01-31T06:00:00Z,15,,0.1802
2025-02-01T15:00:00+06:00,2025-02-01T09:00:00Z,T2,0.0721,0.0,0.3005,2025-01-31T18:00:00Z,2025-01-31T06:00:00Z,15,,0.1802
2025-02-01T16:00:00+06:00,2025-02-01T10:00:00Z,T1,0.0974,0.0152,0.3258,2025-01-31T18:00:00Z,2025-01-31T06:00:00Z,16,,0.2435
2025-02-01T16:00:00+06:00,2025-02-01T10:00:00Z,T2,0.0974,0.0152,0.3258,2025-01-31T18:00:00Z,2025-01-31T06:00:00Z,16,,0.2435
2025-02-01T17:00:00+06:00,2025-02-01T11:00:00Z,T1,0.2641,0.0007,0.7781,2025-01-31T18:00:00Z,2025-01-31T06:00:00Z,17,,0.6602
2025-02-01T17:00:00+06:00,2025-02-01T11:00:00Z,T2,0.2641,0.0007,0.7781,2025-01-31T18:00:00Z,2025-01-31T06:00:00Z,17,,0.6602
2025-02-01T18:00:00+06:00,2025-02-01T12:00:00Z,T1,0.6053,0.1076,0.9039,2025-01-31T18:00:00Z,2025-01-31T06:00:00Z,18,,1.5132
2025-02-01T18:00:00+06:00,2025-02-01T12:00:00Z,T2,0.6053,0.1076,0.9039,2025-01-31T18:00:00Z,2025-01-31T06:00:00Z,18,,1.5132
2025-02-01T19:00:00+06:00,2025-02-01T13:00:00Z,T1,0.6998,0.2021,0.9985,2025-01-31T18:00:00Z,2025-01-31T06:00:00Z,19,,1.7495
2025-02-01T19:00:00+06:00,2025-02-01T13:00:00Z,T2,0.6998,0.2021,0.9985,2025-01-31T18:00:00Z,2025-01-31T06:00:00Z,19,,1.7495
2025-02-01T20:00:00+06:00,2025-02-01T14:00:00Z,T1,0.7859,0.2882,1.0,2025-01-31T18:00:00Z,2025-01-31T06:00:00Z,20,,1.9648
2025-02-01T20:00:00+06:00,2025-02-01T14:00:00Z,T2,0.7859,0.2882,1.0,2025-01-31T18:00:00Z,2025-01-31T06:00:00Z,20,,1.9648
2025-02-01T21:00:00+06:00,2025-02-01T15:00:00Z,T1,0.7871,0.2894,1.0,2025-01-31T18:00:00Z,2025-01-31T06:00:00Z,21,,1.9678
2025-02-01T21:00:00+06:00,2025-02-01T15:00:00Z,T2,0.7871,0.2894,1.0,2025-01-31T18:00:00Z,2025-01-31T06:00:00Z,21,,1.9678
2025-02-01T22:00:00+06:00,2025-02-01T16:00:00Z,T1,0.6865,0.1888,0.9851,2025-01-31T18:00:00Z,2025-01-31T06:00:00Z,22,,1.7162
2025-02-01T22:00:00+06:00,2025-02-01T16:00:00Z,T2,0.6865,0.1888,0.9851,2025-01-31T18:00:00Z,2025-01-31T06:00:00Z,22,,1.7162
2025-02-01T23:00:00+06:00,2025-02-01T17:00:00Z,T1,0.6267,0.1291,0.9254,2025-01-31T18:00:00Z,2025-01-31T06:00:00Z,23,,1.5668
2025-02-01T23:00:00+06:00,2025-02-01T17:00:00Z,T2,0.6267,0.1291,0.9254,2025-01-31T18:00:00Z,2025-01-31T06:00:00Z,23,,1.5668
2025-02-02T00:00:00+06:00,2025-02-01T18:00:00Z,T1,0.5885,0.0908,0.8871,2025-02-01T18:00:00Z,2025-02-01T06:00:00Z,0,0.5834,1.4712
2025-02-02T00:00:00+06:00,2025-02-01T18:00:00Z,T2,0.5885,0.0908,0.8871,2025-02-01T18:00:00Z,2025-02-01T06:00:00Z,0,0.5834,1.4712
2025-02-02T01:00:00+06:00,2025-02-01T19:00:00Z,T1,0.5196,0.0219,0.8182,2025-02-01T18:00:00Z,2025-02-01T06:00:00Z,1,0.5004,1.299
2025-02-02T01:00:00+06:00,2025-02-01T19:00:00Z,T2,0.5196,0.0219,0.8182,2025-02-01T18:00:00Z,2025-02-01T06:00:00Z,1,0.5004,1.299
2025-02-02T02:00:00+06:00,2025-02-01T20:00:00Z,T1,0.4725,0.2091,0.9865,2025-02-01T18:00:00Z,2025-02-01T06:00:00Z,2,0.4638,1.1812
2025-02-02T02:00:00+06:00,2025-02-01T20:00:00Z,T2,0.4725,0.2091,0.9865,2025-02-01T18:00:00Z,2025-02-01T06:00:00Z,2,0.4638,1.1812
2025-02-02T03:00:00+06:00,2025-02-01T21:00:00Z,T1,0.4362,0.1728,0.9501,2025-02-01T18:00:00Z,2025-02-01T06:00:00Z,3,0.4038,1.0905
2025-02-02T03:00:00+06:00,2025-02-01T21:00:00Z,T2,0.4362,0.1728,0.9501,2025-02-01T18:00:00Z,2025-02-01T06:00:00Z,3,0.4038,1.0905
2025-02-02T04:00:00+06:00,2025-02-01T22:00:00Z,T1,0.3435,0.0801,0.8575,2025-02-01T18:00:00Z,2025-02-01T06:00:00Z,4,0.3514,0.8588
2025-02-02T04:00:00+06:00,2025-02-01T22:00:00Z,T2,0.3435,0.0801,0.8575,2025-02-01T18:00:00Z,2025-02-01T06:00:00Z,4,0.3514,0.8588
2025-02-02T05:00:00+06:00,2025-02-01T23:00:00Z,T1,0.2751,0.0117,0.7891,2025-02-01T18:00:00Z,2025-02-01T06:00:00Z,5,0.2111,0.6878
2025-02-02T05:00:00+06:00,2025-02-01T23:00:00Z,T2,0.2751,0.0117,0.7891,2025-02-01T18:00:00Z,2025-02-01T06:00:00Z,5,0.2111,0.6878
2025-02-02T06:00:00+06:00,2025-02-02T00:00:00Z,T1,0.1763,0.0,0.6903,2025-02-01T18:00:00Z,2025-02-01T06:00:00Z,6,0.0999,0.4408
2025-02-02T06:00:00+06:00,2025-02-02T00:00:00Z,T2,0.1763,0.0,0.6903,2025-02-01T18:00:00Z,2025-02-01T06:00:00Z,6,0.0999,0.4408
2025-02-02T07:00:00+06:00,2025-02-02T01:00:00Z,T1,0.1111,0.0289,0.3395,2025-02-01T18:00:00Z,2025-02-01T06:00:00Z,7,0.0837,0.2778
2025-02-02T07:00:00+06:00,2025-02-02T01:00:00Z,T2,0.1111,0.0289,0.3395,2025-02-01T18:00:00Z,2025-02-01T06:00:00Z,7,0.0837,0.2778
2025-02-02T08:00:00+06:00,2025-02-02T02:00:00Z,T1,0.0987,0.0164,0.3271,2025-02-01T18:00:00Z,2025-02-01T06:00:00Z,8,0.0903,0.2468
2025-02-02T08:00:00+06:00,2025-02-02T02:00:00Z,T2,0.0987,0.0164,0.3271,2025-02-01T18:00:00Z,2025-02-01T06:00:00Z,8,0.0903,0.2468
2025-02-02T09:00:00+06:00,2025-02-02T03:00:00Z,T1,0.1098,0.0275,0.3381,2025-02-01T18:00:00Z,2025-02-01T06:00:00Z,9,0.1038,0.2745
2025-02-02T09:00:00+06:00,2025-02-02T03:00:00Z,T2,0.1098,0.0275,0.3381,2025-02-01T18:00:00Z,2025-02-01T06:00:00Z,9,0.1038,0.2745
2025-02-02T10:00:00+06:00,2025-02-02T04:00:00Z,T1,0.1038,0.0215,0.3322,2025-02-01T18:00:00Z,2025-02-01T06:00:00Z,10,0.1132,0.2595
2025-02-02T10:00:00+06:00,2025-02-02T04:00:00Z,T2,0.1038,0.0215,0.3322,2025-02-01T18:00:00Z,2025-02-01T06:00:00Z,10,0.1132,0.2595
2025-02-02T11:00:00+06:00,2025-02-02T05:00:00Z,T1,0.0869,0.0047,0.3153,2025-02-01T18:00:00Z,2025-02-01T06:00:00Z,11,0.1044,0.2172
2025-02-02T11:00:00+06:00,2025-02-02T05:00:00Z,T2,0.0869,0.0047,0.3153,2025-02-01T18:00:00Z,2025-02-01T06:00:00Z,11,0.1044,0.2172
2025-02-02T12:00:00+06:00,2025-02-02T06:00:00Z,T1,0.0981,0.0158,0.3265,2025-02-01T18:00:00Z,2025-02-01T06:00:00Z,12,0.1189,0.2453
2025-02-02T12:00:00+06:00,2025-02-02T06:00:00Z,T2,0.0981,0.0158,0.3265,2025-02-01T18:00:00Z,2025-02-01T06:00:00Z,12,0.1189,0.2453
2025-02-02T13:00:00+06:00,2025-02-02T07:00:00Z,T1,0.1077,0.0255,0.3361,2025-02-01T18:00:00Z,2025-02-01T06:00:00Z,13,0.1654,0.2692
2025-02-02T13:00:00+06:00,2025-02-02T07:00:00Z,T2,0.1077,0.0255,0.3361,2025-02-01T18:00:00Z,2025-02-01T06:00:00Z,13,0.1654,0.2692
2025-02-02T14:00:00+06:00,2025-02-02T08:00:00Z,T1,0.0956,0.0133,0.324,2025-02-01T18:00:00Z,2025-02-01T06:00:00Z,14,0.1783,0.239
2025-02-02T14:00:00+06:00,2025-02-02T08:00:00Z,T2,0.0956,0.0133,0.324,2025-02-01T18:00:00Z,2025-02-01T06:00:00Z,14,0.1783,0.239
2025-02-02T15:00:00+06:00,2025-02-02T09:00:00Z,T1,0.0559,0.0,0.2843,2025-02-01T18:00:00Z,2025-02-01T06:00:00Z,15,0.1249,0.1397
2025-02-02T15:00:00+06:00,2025-02-02T09:00:00Z,T2,0.0559,0.0,0.2843,2025-02-01T18:00:00Z,2025-02-01T06:00:00Z,15,0.1249,0.1397
2025-02-02T16:00:00+06:00,2025-02-02T10:00:00Z,T1,0.0483,0.0,0.2767,2025-02-01T18:00:00Z,2025-02-01T06:00:00Z,16,0.0875,0.1208
2025-02-02T16:00:00+06:00,2025-02-02T10:00:00Z,T2,0.0483,0.0,0.2767,2025-02-01T18:00:00Z,2025-02-01T06:00:00Z,16,0.0875,0.1208
2025-02-02T17:00:00+06:00,2025-02-02T11:00:00Z,T1,0.0388,0.0,0.2672,2025-02-01T18:00:00Z,2025-02-01T06:00:00Z,17,0.0903,0.097
2025-02-02T17:00:00+06:00,2025-02-02T11:00:00Z,T2,0.0388,0.0,0.2672,2025-02-01T18:00:00Z,2025-02-01T06:00:00Z,17,0.0903,0.097
2025-02-02T18:00:00+06:00,2025-02-02T12:00:00Z,T1,0.025,0.0,0.2534,2025-02-01T18:00:00Z,2025-02-01T06:00:00Z,18,0.0897,0.0625
2025-02-02T18:00:00+06:00,2025-02-02T12:00:00Z,T2,0.025,0.0,0.2534,2025-02-01T18:00:00Z,2025-02-01T06:00:00Z,18,0.0897,0.0625
2025-02-02T19:00:00+06:00,2025-02-02T13:00:00Z,T1,0.0224,0.0,0.2508,2025-02-01T18:00:00Z,2025-02-01T06:00:00Z,19,0.0726,0.056
2025-02-02T19:00:00+06:00,2025-02-02T13:00:00Z,T2,0.0224,0.0,0.2508,2025-02-01T18:00:00Z,2025-02-01T06:00:00Z,19,0.0726,0.056
2025-02-02T20:00:00+06:00,2025-02-02T14:00:00Z,T1,0.0396,0.0,0.268,2025-02-01T18:00:00Z,2025-02-01T06:00:00Z,20,0.0909,0.099
2025-02-02T20:00:00+06:00,2025-02-02T14:00:00Z,T2,0.0396,0.0,0.268,2025-02-01T18:00:00Z,2025-02-01T06:00:00Z,20,0.0909,0.099
2025-02-02T21:00:00+06:00,2025-02-02T15:00:00Z,T1,0.074,0.0,0.3024,2025-02-01T18:00:00Z,2025-02-01T06:00:00Z,21,0.1393,0.185
2025-02-02T21:00:00+06:00,2025-02-02T15:00:00Z,T2,0.074,0.0,0.3024,2025-02-01T18:00:00Z,2025-02-01T06:00:00Z,21,0.1393,0.185
2025-02-02T22:00:00+06:00,2025-02-02T16:00:00Z,T1,0.1125,0.0302,0.3409,2025-02-01T18:00:00Z,2025-02-01T06:00:00Z,22,0.1753,0.2812
2025-02-02T22:00:00+06:00,2025-02-02T16:00:00Z,T2,0.1125,0.0302,0.3409,2025-02-01T18:00:00Z,2025-02-01T06:00:00Z,22,0.1753,0.2812
2025-02-02T23:00:00+06:00,2025-02-02T17:00:00Z,T1,0.1616,0.0,0.6756,2025-02-01T18:00:00Z,2025-02-01T06:00:00Z,23,0.1753,0.404
2025-02-02T23:00:00+06:00,2025-02-02T17:00:00Z,T2,0.1616,0.0,0.6756,2025-02-01T18:00:00Z,2025-02-01T06:00:00Z,23,0.1753,0.404
2025-02-03T00:00:00+06:00,2025-02-02T18:00:00Z,T1,0.2682,0.0048,0.7822,2025-02-02T18:00:00Z,2025-02-02T06:00:00Z,0,0.2088,0.6705
2025-02-03T00:00:00+06:00,2025-02-02T18:00:00Z,T2,0.2682,0.0048,0.7822,2025-02-02T18:00:00Z,2025-02-02T06:00:00Z,0,0.2088,0.6705
2025-02-03T01:00:00+06:00,2025-02-02T19:00:00Z,T1,0.3658,0.1025,0.8798,2025-02-02T18:00:00Z,2025-02-02T06:00:00Z,1,0.2242,0.9145
2025-02-03T01:00:00+06:00,2025-02-02T19:00:00Z,T2,0.3658,0.1025,0.8798,2025-02-02T18:00:00Z,2025-02-02T06:00:00Z,1,0.2242,0.9145
2025-02-03T02:00:00+06:00,2025-02-02T20:00:00Z,T1,0.4327,0.1694,0.9467,2025-02-02T18:00:00Z,2025-02-02T06:00:00Z,2,0.2682,1.0818
2025-02-03T02:00:00+06:00,2025-02-02T20:00:00Z,T2,0.4327,0.1694,0.9467,2025-02-02T18:00:00Z,2025-02-02T06:00:00Z,2,0.2682,1.0818
2025-02-03T03:00:00+06:00,2025-02-02T21:00:00Z,T1,0.4864,0.2231,1.0,2025-02-02T18:00:00Z,2025-02-02T06:00:00Z,3,0.3233,1.216
2025-02-03T03:00:00+06:00,2025-02-02T21:00:00Z,T2,0.4864,0.2231,1.0,2025-02-02T18:00:00Z,2025-02-02T06:00:00Z,3,0.3233,1.216
2025-02-03T04:00:00+06:00,2025-02-02T22:00:00Z,T1,0.5178,0.0202,0.8165,2025-02-02T18:00:00Z,2025-02-02T06:00:00Z,4,0.4396,1.2945
2025-02-03T04:00:00+06:00,2025-02-02T22:00:00Z,T2,0.5178,0.0202,0.8165,2025-02-02T18:00:00Z,2025-02-02T06:00:00Z,4,0.4396,1.2945
2025-02-03T05:00:00+06:00,2025-02-02T23:00:00Z,T1,0.5526,0.0549,0.8512,2025-02-02T18:00:00Z,2025-02-02T06:00:00Z,5,0.5021,1.3815
2025-02-03T05:00:00+06:00,2025-02-02T23:00:00Z,T2,0.5526,0.0549,0.8512,2025-02-02T18:00:00Z,2025-02-02T06:00:00Z,5,0.5021,1.3815
2025-02-03T06:00:00+06:00,2025-02-03T00:00:00Z,T1,0.5952,0.0975,0.8939,2025-02-02T18:00:00Z,2025-02-02T06:00:00Z,6,0.5868,1.488
2025-02-03T06:00:00+06:00,2025-02-03T00:00:00Z,T2,0.5952,0.0975,0.8939,2025-02-02T18:00:00Z,2025-02-02T06:00:00Z,6,0.5868,1.488
2025-02-03T07:00:00+06:00,2025-02-03T01:00:00Z,T1,0.6316,0.1339,0.9303,2025-02-02T18:00:00Z,2025-02-02T06:00:00Z,7,0.6604,1.579
2025-02-03T07:00:00+06:00,2025-02-03T01:00:00Z,T2,0.6316,0.1339,0.9303,2025-02-02T18:00:00Z,2025-02-02T06:00:00Z,7,0.6604,1.579
2025-02-03T08:00:00+06:00,2025-02-03T02:00:00Z,T1,0.6774,0.1797,0.976,2025-02-02T18:00:00Z,2025-02-02T06:00:00Z,8,0.6804,1.6935
2025-02-03T08:00:00+06:00,2025-02-03T02:00:00Z,T2,0.6774,0.1797,0.976,2025-02-02T18:00:00Z,2025-02-02T06:00:00Z,8,0.6804,1.6935
2025-02-03T09:00:00+06:00,2025-02-03T03:00:00Z,T1,0.6804,0.1827,0.9791,2025-02-02T18:00:00Z,2025-02-02T06:00:00Z,9,0.7071,1.701
2025-02-03T09:00:00+06:00,2025-02-03T03:00:00Z,T2,0.6804,0.1827,0.9791,2025-02-02T18:00:00Z,2025-02-02T06:00:00Z,9,0.7071,1.701
2025-02-03T10:00:00+06:00,2025-02-03T04:00:00Z,T1,0.6712,0.1736,0.9699,2025-02-02T18:00:00Z,2025-02-02T06:00:00Z,10,0.7042,1.678
2025-02-03T10:00:00+06:00,2025-02-03T04:00:00Z,T2,0.6712,0.1736,0.9699,2025-02-02T18:00:00Z,2025-02-02T06:00:00Z,10,0.7042,1.678
2025-02-03T11:00:00+06:00,2025-02-03T05:00:00Z,T1,0.6251,0.1274,0.9238,2025-02-02T18:00:00Z,2025-02-02T06:00:00Z,11,0.6954,1.5627
2025-02-03T11:00:00+06:00,2025-02-03T05:00:00Z,T2,0.6251,0.1274,0.9238,2025-02-02T18:00:00Z,2025-02-02T06:00:00Z,11,0.6954,1.5627
2025-02-03T12:00:00+06:00,2025-02-03T06:00:00Z,T1,0.7071,0.2094,1.0,2025-02-02T18:00:00Z,2025-02-02T06:00:00Z,12,0.7997,1.7678
2025-02-03T12:00:00+06:00,2025-02-03T06:00:00Z,T2,0.7071,0.2094,1.0,2025-02-02T18:00:00Z,2025-02-02T06:00:00Z,12,0.7997,1.7678
2025-02-03T13:00:00+06:00,2025-02-03T07:00:00Z,T1,0.7963,0.2986,1.0,2025-02-02T18:00:00Z,2025-02-02T06:00:00Z,13,0.8585,1.9908
2025-02-03T13:00:00+06:00,2025-02-03T07:00:00Z,T2,0.7963,0.2986,1.0,2025-02-02T18:00:00Z,2025-02-02T06:00:00Z,13,0.8585,1.9908
2025-02-03T14:00:00+06:00,2025-02-03T08:00:00Z,T1,0.8041,0.3064,1.0,2025-02-02T18:00:00Z,2025-02-02T06:00:00Z,14,0.8965,2.0102
2025-02-03T14:00:00+06:00,2025-02-03T08:00:00Z,T2,0.8041,0.3064,1.0,2025-02-02T18:00:00Z,2025-02-02T06:00:00Z,14,0.8965,2.0102
2025-02-03T15:00:00+06:00,2025-02-03T09:00:00Z,T1,0.8388,0.3411,1.0,2025-02-02T18:00:00Z,2025-02-02T06:00:00Z,15,0.8892,2.097
2025-02-03T15:00:00+06:00,2025-02-03T09:00:00Z,T2,0.8388,0.3411,1.0,2025-02-02T18:00:00Z,2025-02-02T06:00:00Z,15,0.8892,2.097
2025-02-03T16:00:00+06:00,2025-02-03T10:00:00Z,T1,0.78,0.2823,1.0,2025-02-02T18:00:00Z,2025-02-02T06:00:00Z,16,0.7963,1.95
2025-02-03T16:00:00+06:00,2025-02-03T10:00:00Z,T2,0.78,0.2823,1.0,2025-02-02T18:00:00Z,2025-02-02T06:00:00Z,16,0.7963,1.95
2025-02-03T17:00:00+06:00,2025-02-03T11:00:00Z,T1,0.7576,0.2599,1.0,2025-02-02T18:00:00Z,2025-02-02T06:00:00Z,17,0.7499,1.894
2025-02-03T17:00:00+06:00,2025-02-03T11:00:00Z,T2,0.7576,0.2599,1.0,2025-02-02T18:00:00Z,2025-02-02T06:00:00Z,17,0.7499,1.894
2025-02-03T18:00:00+06:00,2025-02-03T12:00:00Z,T1,0.6682,0.1705,0.9668,2025-02-02T18:00:00Z,2025-02-02T06:00:00Z,18,0.6682,1.6705
2025-02-03T18:00:00+06:00,2025-02-03T12:00:00Z,T2,0.6682,0.1705,0.9668,2025-02-02T18:00:00Z,2025-02-02T06:00:00Z,18,0.6682,1.6705
2025-02-03T19:00:00+06:00,2025-02-03T13:00:00Z,T1,0.6284,0.1307,0.927,2025-02-02T18:00:00Z,2025-02-02T06:00:00Z,19,0.6541,1.571
2025-02-03T19:00:00+06:00,2025-02-03T13:00:00Z,T2,0.6284,0.1307,0.927,2025-02-02T18:00:00Z,2025-02-02T06:00:00Z,19,0.6541,1.571
2025-02-03T20:00:00+06:00,2025-02-03T14:00:00Z,T1,0.6572,0.1595,0.9559,2025-02-02T18:00:00Z,2025-02-02T06:00:00Z,20,0.6743,1.643
2025-02-03T20:00:00+06:00,2025-02-03T14:00:00Z,T2,0.6572,0.1595,0.9559,2025-02-02T18:00:00Z,2025-02-02T06:00:00Z,20,0.6743,1.643
2025-02-03T21:00:00+06:00,2025-02-03T15:00:00Z,T1,0.6939,0.1962,0.9926,2025-02-02T18:00:00Z,2025-02-02T06:00:00Z,21,0.7297,1.7348
2025-02-03T21:00:00+06:00,2025-02-03T15:00:00Z,T2,0.6939,0.1962,0.9926,2025-02-02T18:00:00Z,2025-02-02T06:00:00Z,21,0.7297,1.7348
2025-02-03T22:00:00+06:00,2025-02-03T16:00:00Z,T1,0.7589,0.2612,1.0,2025-02-02T18:00:00Z,2025-02-02T06:00:00Z,22,0.7963,1.8972
2025-02-03T22:00:00+06:00,2025-02-03T16:00:00Z,T2,0.7589,0.2612,1.0,2025-02-02T18:00:00Z,2025-02-02T06:00:00Z,22,0.7963,1.8972
2025-02-03T23:00:00+06:00,2025-02-03T17:00:00Z,T1,0.7917,0.294,1.0,2025-02-02T18:00:00Z,2025-02-02T06:00:00Z,23,0.8159,1.9792
2025-02-03T23:00:00+06:00,2025-02-03T17:00:00Z,T2,0.7917,0.294,1.0,2025-02-02T18:00:00Z,2025-02-02T06:00:00Z,23,0.8159,1.9792
2025-02-04T00:00:00+06:00,2025-02-03T18:00:00Z,T1,0.901,0.5425,0.986,2025-02-03T18:00:00Z,2025-02-03T06:00:00Z,0,0.7894,2.2525
2025-02-04T00:00:00+06:00,2025-02-03T18:00:00Z,T2,0.901,0.5425,0.986,2025-02-03T18:00:00Z,2025-02-03T06:00:00Z,0,0.7894,2.2525
2025-02-04T01:00:00+06:00,2025-02-03T19:00:00Z,T1,0.8784,0.52,0.9634,2025-02-03T18:00:00Z,2025-02-03T06:00:00Z,1,0.7512,2.196
2025-02-04T01:00:00+06:00,2025-02-03T19:00:00Z,T2,0.8784,0.52,0.9634,2025-02-03T18:00:00Z,2025-02-03T06:00:00Z,1,0.7512,2.196
2025-02-04T02:00:00+06:00,2025-02-03T20:00:00Z,T1,0.8525,0.494,0.9375,2025-02-03T18:00:00Z,2025-02-03T06:00:00Z,2,0.7589,2.1312
2025-02-04T02:00:00+06:00,2025-02-03T20:00:00Z,T2,0.8525,0.494,0.9375,2025-02-03T18:00:00Z,2025-02-03T06:00:00Z,2,0.7589,2.1312
2025-02-04T03:00:00+06:00,2025-02-03T21:00:00Z,T1,0.8644,0.5059,0.9494,2025-02-03T18:00:00Z,2025-02-03T06:00:00Z,3,0.7997,2.161
2025-02-04T03:00:00+06:00,2025-02-03T21:00:00Z,T2,0.8644,0.5059,0.9494,2025-02-03T18:00:00Z,2025-02-03T06:00:00Z,3,0.7997,2.161
2025-02-04T04:00:00+06:00,2025-02-03T22:00:00Z,T1,0.87,0.5115,0.955,2025-02-03T18:00:00Z,2025-02-03T06:00:00Z,4,0.8426,2.175
2025-02-04T04:00:00+06:00,2025-02-03T22:00:00Z,T2,0.87,0.5115,0.955,2025-02-03T18:00:00Z,2025-02-03T06:00:00Z,4,0.8426,2.175
2025-02-04T05:00:00+06:00,2025-02-03T23:00:00Z,T1,0.8864,0.5279,0.9714,2025-02-03T18:00:00Z,2025-02-03T06:00:00Z,5,0.8507,2.216
2025-02-04T05:00:00+06:00,2025-02-03T23:00:00Z,T2,0.8864,0.5279,0.9714,2025-02-03T18:00:00Z,2025-02-03T06:00:00Z,5,0.8507,2.216
2025-02-04T06:00:00+06:00,2025-02-04T00:00:00Z,T1,0.901,0.5425,0.986,2025-02-03T18:00:00Z,2025-02-03T06:00:00Z,6,0.8676,2.2525
2025-02-04T06:00:00+06:00,2025-02-04T00:00:00Z,T2,0.901,0.5425,0.986,2025-02-03T18:00:00Z,2025-02-03T06:00:00Z,6,0.8676,2.2525
2025-02-04T07:00:00+06:00,2025-02-04T01:00:00Z,T1,0.904,0.5456,0.9891,2025-02-03T18:00:00Z,2025-02-03T06:00:00Z,7,0.8489,2.26
2025-02-04T07:00:00+06:00,2025-02-04T01:00:00Z,T2,0.904,0.5456,0.9891,2025-02-03T18:00:00Z,2025-02-03T06:00:00Z,7,0.8489,2.26
2025-02-04T08:00:00+06:00,2025-02-04T02:00:00Z,T1,0.8899,0.5314,0.9749,2025-02-03T18:00:00Z,2025-02-03T06:00:00Z,8,0.8762,2.2248
2025-02-04T08:00:00+06:00,2025-02-04T02:00:00Z,T2,0.8899,0.5314,0.9749,2025-02-03T18:00:00Z,2025-02-03T06:00:00Z,8,0.8762,2.2248
2025-02-04T09:00:00+06:00,2025-02-04T03:00:00Z,T1,0.8747,0.5162,0.9597,2025-02-03T18:00:00Z,2025-02-03T06:00:00Z,9,0.8762,2.1868
2025-02-04T09:00:00+06:00,2025-02-04T03:00:00Z,T2,0.8747,0.5162,0.9597,2025-02-03T18:00:00Z,2025-02-03T06:00:00Z,9,0.8762,2.1868
2025-02-04T10:00:00+06:00,2025-02-04T04:00:00Z,T1,0.8444,0.3467,1.0,2025-02-03T18:00:00Z,2025-02-03T06:00:00Z,10,0.8716,2.111
2025-02-04T10:00:00+06:00,2025-02-04T04:00:00Z,T2,0.8444,0.3467,1.0,2025-02-03T18:00:00Z,2025-02-03T06:00:00Z,10,0.8716,2.111
2025-02-04T11:00:00+06:00,2025-02-04T05:00:00Z,T1,0.6835,0.1858,0.9821,2025-02-03T18:00:00Z,2025-02-03T06:00:00Z,11,0.8627,1.7088
2025-02-04T11:00:00+06:00,2025-02-04T05:00:00Z,T2,0.6835,0.1858,0.9821,2025-02-03T18:00:00Z,2025-02-03T06:00:00Z,11,0.8627,1.7088
2025-02-04T12:00:00+06:00,2025-02-04T06:00:00Z,T1,0.476,0.2126,0.99,2025-02-03T18:00:00Z,2025-02-03T06:00:00Z,12,0.856,1.19
2025-02-04T12:00:00+06:00,2025-02-04T06:00:00Z,T2,0.476,0.2126,0.99,2025-02-03T18:00:00Z,2025-02-03T06:00:00Z,12,0.856,1.19
2025-02-04T13:00:00+06:00,2025-02-04T07:00:00Z,T1,0.295,0.0316,0.809,2025-02-03T18:00:00Z,2025-02-03T06:00:00Z,13,0.7512,0.7375
2025-02-04T13:00:00+06:00,2025-02-04T07:00:00Z,T2,0.295,0.0316,0.809,2025-02-03T18:00:00Z,2025-02-03T06:00:00Z,13,0.7512,0.7375
2025-02-04T14:00:00+06:00,2025-02-04T08:00:00Z,T1,0.0638,0.0,0.2921,2025-02-03T18:00:00Z,2025-02-03T06:00:00Z,14,0.4864,0.1595
2025-02-04T14:00:00+06:00,2025-02-04T08:00:00Z,T2,0.0638,0.0,0.2921,2025-02-03T18:00:00Z,2025-02-03T06:00:00Z,14,0.4864,0.1595
2025-02-04T15:00:00+06:00,2025-02-04T09:00:00Z,T1,0.0401,0.0,0.2685,2025-02-03T18:00:00Z,2025-02-03T06:00:00Z,15,0.1139,0.1002
2025-02-04T15:00:00+06:00,2025-02-04T09:00:00Z,T2,0.0401,0.0,0.2685,2025-02-03T18:00:00Z,2025-02-03T06:00:00Z,15,0.1139,0.1002
2025-02-04T16:00:00+06:00,2025-02-04T10:00:00Z,T1,0.0726,0.0,0.301,2025-02-03T18:00:00Z,2025-02-03T06:00:00Z,16,0.0537,0.1815
2025-02-04T16:00:00+06:00,2025-02-04T10:00:00Z,T2,0.0726,0.0,0.301,2025-02-03T18:00:00Z,2025-02-03T06:00:00Z,16,0.0537,0.1815
2025-02-04T17:00:00+06:00,2025-02-04T11:00:00Z,T1,0.1344,0.0521,0.3628,2025-02-03T18:00:00Z,2025-02-03T06:00:00Z,17,0.0496,0.336
2025-02-04T17:00:00+06:00,2025-02-04T11:00:00Z,T2,0.1344,0.0521,0.3628,2025-02-03T18:00:00Z,2025-02-03T06:00:00Z,17,0.0496,0.336
2025-02-04T18:00:00+06:00,2025-02-04T12:00:00Z,T1,0.1645,0.0,0.6785,2025-02-03T18:00:00Z,2025-02-03T06:00:00Z,18,0.1006,0.4112
2025-02-04T18:00:00+06:00,2025-02-04T12:00:00Z,T2,0.1645,0.0,0.6785,2025-02-03T18:00:00Z,2025-02-03T06:00:00Z,18,0.1006,0.4112
2025-02-04T19:00:00+06:00,2025-02-04T13:00:00Z,T1,0.1693,0.0,0.6833,2025-02-03T18:00:00Z,2025-02-03T06:00:00Z,19,0.1453,0.4232
2025-02-04T19:00:00+06:00,2025-02-04T13:00:00Z,T2,0.1693,0.0,0.6833,2025-02-03T18:00:00Z,2025-02-03T06:00:00Z,19,0.1453,0.4232
2025-02-04T20:00:00+06:00,2025-02-04T14:00:00Z,T1,0.1773,0.0,0.6913,2025-02-03T18:00:00Z,2025-02-03T06:00:00Z,20,0.147,0.4432
2025-02-04T20:00:00+06:00,2025-02-04T14:00:00Z,T2,0.1773,0.0,0.6913,2025-02-03T18:00:00Z,2025-02-03T06:00:00Z,20,0.147,0.4432
2025-02-04T21:00:00+06:00,2025-02-04T15:00:00Z,T1,0.1635,0.0,0.6775,2025-02-03T18:00:00Z,2025-02-03T06:00:00Z,21,0.1453,0.4088
2025-02-04T21:00:00+06:00,2025-02-04T15:00:00Z,T2,0.1635,0.0,0.6775,2025-02-03T18:00:00Z,2025-02-03T06:00:00Z,21,0.1453,0.4088
2025-02-04T22:00:00+06:00,2025-02-04T16:00:00Z,T1,0.1569,0.0,0.6709,2025-02-03T18:00:00Z,2025-02-03T06:00:00Z,22,0.128,0.3923
2025-02-04T22:00:00+06:00,2025-02-04T16:00:00Z,T2,0.1569,0.0,0.6709,2025-02-03T18:00:00Z,2025-02-03T06:00:00Z,22,0.128,0.3923
2025-02-04T23:00:00+06:00,2025-02-04T17:00:00Z,T1,0.1226,0.0404,0.351,2025-02-03T18:00:00Z,2025-02-03T06:00:00Z,23,0.0962,0.3065
2025-02-04T23:00:00+06:00,2025-02-04T17:00:00Z,T2,0.1226,0.0404,0.351,2025-02-03T18:00:00Z,2025-02-03T06:00:00Z,23,0.0962,0.3065
2025-02-05T00:00:00+06:00,2025-02-04T18:00:00Z,T1,0.1352,0.0529,0.3636,2025-02-04T18:00:00Z,2025-02-04T06:00:00Z,0,0.0842,0.338
2025-02-05T00:00:00+06:00,2025-02-04T18:00:00Z,T2,0.1352,0.0529,0.3636,2025-02-04T18:00:00Z,2025-02-04T06:00:00Z,0,0.0842,0.338
2025-02-05T01:00:00+06:00,2025-02-04T19:00:00Z,T1,0.0869,0.0047,0.3153,2025-02-04T18:00:00Z,2025-02-04T06:00:00Z,1,0.0578,0.2172
2025-02-05T01:00:00+06:00,2025-02-04T19:00:00Z,T2,0.0869,0.0047,0.3153,2025-02-04T18:00:00Z,2025-02-04T06:00:00Z,1,0.0578,0.2172
2025-02-05T02:00:00+06:00,2025-02-04T20:00:00Z,T1,0.057,0.0,0.2854,2025-02-04T18:00:00Z,2025-02-04T06:00:00Z,2,0.0375,0.1425
2025-02-05T02:00:00+06:00,2025-02-04T20:00:00Z,T2,0.057,0.0,0.2854,2025-02-04T18:00:00Z,2025-02-04T06:00:00Z,2,0.0375,0.1425
2025-02-05T03:00:00+06:00,2025-02-04T21:00:00Z,T1,0.0325,0.0,0.2609,2025-02-04T18:00:00Z,2025-02-04T06:00:00Z,3,0.0197,0.0812
2025-02-05T03:00:00+06:00,2025-02-04T21:00:00Z,T2,0.0325,0.0,0.2609,2025-02-04T18:00:00Z,2025-02-04T06:00:00Z,3,0.0197,0.0812
2025-02-05T04:00:00+06:00,2025-02-04T22:00:00Z,T1,0.0209,0.0,0.2493,2025-02-04T18:00:00Z,2025-02-04T06:00:00Z,4,0.0121,0.0522
2025-02-05T04:00:00+06:00,2025-02-04T22:00:00Z,T2,0.0209,0.0,0.2493,2025-02-04T18:00:00Z,2025-02-04T06:00:00Z,4,0.0121,0.0522
2025-02-05T05:00:00+06:00,2025-02-04T23:00:00Z,T1,0.0108,0.0,0.2392,2025-02-04T18:00:00Z,2025-02-04T06:00:00Z,5,0.0166,0.027
2025-02-05T05:00:00+06:00,2025-02-04T23:00:00Z,T2,0.0108,0.0,0.2392,2025-02-04T18:00:00Z,2025-02-04T06:00:00Z,5,0.0166,0.027
2025-02-05T06:00:00+06:00,2025-02-05T00:00:00Z,T1,0.025,0.0,0.2534,2025-02-04T18:00:00Z,2025-02-04T06:00:00Z,6,0.0251,0.0625
2025-02-05T06:00:00+06:00,2025-02-05T00:00:00Z,T2,0.025,0.0,0.2534,2025-02-04T18:00:00Z,2025-02-04T06:00:00Z,6,0.0251,0.0625
2025-02-05T07:00:00+06:00,2025-02-05T01:00:00Z,T1,0.0555,0.0,0.2839,2025-02-04T18:00:00Z,2025-02-04T06:00:00Z,7,0.0332,0.1388
2025-02-05T07:00:00+06:00,2025-02-05T01:00:00Z,T2,0.0555,0.0,0.2839,2025-02-04T18:00:00Z,2025-02-04T06:00:00Z,7,0.0332,0.1388
2025-02-05T08:00:00+06:00,2025-02-05T02:00:00Z,T1,0.095,0.0127,0.3234,2025-02-04T18:00:00Z,2025-02-04T06:00:00Z,8,0.0506,0.2375
2025-02-05T08:00:00+06:00,2025-02-05T02:00:00Z,T2,0.095,0.0127,0.3234,2025-02-04T18:00:00Z,2025-02-04T06:00:00Z,8,0.0506,0.2375
2025-02-05T09:00:00+06:00,2025-02-05T03:00:00Z,T1,0.0999,0.0177,0.3283,2025-02-04T18:00:00Z,2025-02-04T06:00:00Z,9,0.0654,0.2498
2025-02-05T09:00:00+06:00,2025-02-05T03:00:00Z,T2,0.0999,0.0177,0.3283,2025-02-04T18:00:00Z,2025-02-04T06:00:00Z,9,0.0654,0.2498
2025-02-05T10:00:00+06:00,2025-02-05T04:00:00Z,T1,0.08,0.0,0.3084,2025-02-04T18:00:00Z,2025-02-04T06:00:00Z,10,0.076,0.2
2025-02-05T10:00:00+06:00,2025-02-05T04:00:00Z,T2,0.08,0.0,0.3084,2025-02-04T18:00:00Z,2025-02-04T06:00:00Z,10,0.076,0.2
2025-02-05T11:00:00+06:00,2025-02-05T05:00:00Z,T1,0.1402,0.0579,0.3686,2025-02-04T18:00:00Z,2025-02-04T06:00:00Z,11,0.081,0.3505
2025-02-05T11:00:00+06:00,2025-02-05T05:00:00Z,T2,0.1402,0.0579,0.3686,2025-02-04T18:00:00Z,2025-02-04T06:00:00Z,11,0.081,0.3505
2025-02-05T12:00:00+06:00,2025-02-05T06:00:00Z,T1,0.1597,0.0,0.6737,2025-02-04T18:00:00Z,2025-02-04T06:00:00Z,12,0.0582,0.3992
2025-02-05T12:00:00+06:00,2025-02-05T06:00:00Z,T2,0.1597,0.0,0.6737,2025-02-04T18:00:00Z,2025-02-04T06:00:00Z,12,0.0582,0.3992
2025-02-05T13:00:00+06:00,2025-02-05T07:00:00Z,T1,0.1344,0.0521,0.3628,2025-02-04T18:00:00Z,2025-02-04T06:00:00Z,13,0.0393,0.336
2025-02-05T13:00:00+06:00,2025-02-05T07:00:00Z,T2,0.1344,0.0521,0.3628,2025-02-04T18:00:00Z,2025-02-04T06:00:00Z,13,0.0393,0.336
2025-02-05T14:00:00+06:00,2025-02-05T08:00:00Z,T1,0.0795,0.0,0.3079,2025-02-04T18:00:00Z,2025-02-04T06:00:00Z,14,0.0237,0.1988
2025-02-05T14:00:00+06:00,2025-02-05T08:00:00Z,T2,0.0795,0.0,0.3079,2025-02-04T18:00:00Z,2025-02-04T06:00:00Z,14,0.0237,0.1988
2025-02-05T15:00:00+06:00,2025-02-05T09:00:00Z,T1,0.08,0.0,0.3084,2025-02-04T18:00:00Z,2025-02-04T06:00:00Z,15,0.0226,0.2
2025-02-05T15:00:00+06:00,2025-02-05T09:00:00Z,T2,0.08,0.0,0.3084,2025-02-04T18:00:00Z,2025-02-04T06:00:00Z,15,0.0226,0.2
2025-02-05T16:00:00+06:00,2025-02-05T10:00:00Z,T1,0.0831,0.0009,0.3115,2025-02-04T18:00:00Z,2025-02-04T06:00:00Z,16,0.017,0.2078
2025-02-05T16:00:00+06:00,2025-02-05T10:00:00Z,T2,0.0831,0.0009,0.3115,2025-02-04T18:00:00Z,2025-02-04T06:00:00Z,16,0.017,0.2078
2025-02-05T17:00:00+06:00,2025-02-05T11:00:00Z,T1,0.0552,0.0,0.2836,2025-02-04T18:00:00Z,2025-02-04T06:00:00Z,17,0.0132,0.138
2025-02-05T17:00:00+06:00,2025-02-05T11:00:00Z,T2,0.0552,0.0,0.2836,2025-02-04T18:00:00Z,2025-02-04T06:00:00Z,17,0.0132,0.138
2025-02-05T18:00:00+06:00,2025-02-05T12:00:00Z,T1,0.0341,0.0,0.2625,2025-02-04T18:00:00Z,2025-02-04T06:00:00Z,18,0.0153,0.0852
2025-02-05T18:00:00+06:00,2025-02-05T12:00:00Z,T2,0.0341,0.0,0.2625,2025-02-04T18:00:00Z,2025-02-04T06:00:00Z,18,0.0153,0.0852
2025-02-05T19:00:00+06:00,2025-02-05T13:00:00Z,T1,0.0184,0.0,0.2468,2025-02-04T18:00:00Z,2025-02-04T06:00:00Z,19,0.0229,0.046
2025-02-05T19:00:00+06:00,2025-02-05T13:00:00Z,T2,0.0184,0.0,0.2468,2025-02-04T18:00:00Z,2025-02-04T06:00:00Z,19,0.0229,0.046
2025-02-05T20:00:00+06:00,2025-02-05T14:00:00Z,T1,0.0194,0.0,0.2478,2025-02-04T18:00:00Z,2025-02-04T06:00:00Z,20,0.0248,0.0485
2025-02-05T20:00:00+06:00,2025-02-05T14:00:00Z,T2,0.0194,0.0,0.2478,2025-02-04T18:00:00Z,2025-02-04T06:00:00Z,20,0.0248,0.0485
2025-02-05T21:00:00+06:00,2025-02-05T15:00:00Z,T1,0.0216,0.0,0.25,2025-02-04T18:00:00Z,2025-02-04T06:00:00Z,21,0.0227,0.054
2025-02-05T21:00:00+06:00,2025-02-05T15:00:00Z,T2,0.0216,0.0,0.25,2025-02-04T18:00:00Z,2025-02-04T06:00:00Z,21,0.0227,0.054
2025-02-05T22:00:00+06:00,2025-02-05T16:00:00Z,T1,0.0325,0.0,0.2609,2025-02-04T18:00:00Z,2025-02-04T06:00:00Z,22,0.0246,0.0812
2025-02-05T22:00:00+06:00,2025-02-05T16:00:00Z,T2,0.0325,0.0,0.2609,2025-02-04T18:00:00Z,2025-02-04T06:00:00Z,22,0.0246,0.0812
2025-02-05T23:00:00+06:00,2025-02-05T17:00:00Z,T1,0.0298,0.0,0.2582,2025-02-04T18:00:00Z,2025-02-04T06:00:00Z,23,0.0306,0.0745
2025-02-05T23:00:00+06:00,2025-02-05T17:00:00Z,T2,0.0298,0.0,0.2582,2025-02-04T18:00:00Z,2025-02-04T06:00:00Z,23,0.0306,0.0745
2025-02-06T00:00:00+06:00,2025-02-05T18:00:00Z,T1,0.0171,0.0,0.2455,2025-02-05T18:00:00Z,2025-02-05T06:00:00Z,0,0.0226,0.0428
2025-02-06T00:00:00+06:00,2025-02-05T18:00:00Z,T2,0.0171,0.0,0.2455,2025-02-05T18:00:00Z,2025-02-05T06:00:00Z,0,0.0226,0.0428
2025-02-06T01:00:00+06:00,2025-02-05T19:00:00Z,T1,0.0161,0.0,0.2445,2025-02-05T18:00:00Z,2025-02-05T06:00:00Z,1,0.0163,0.0402
2025-02-06T01:00:00+06:00,2025-02-05T19:00:00Z,T2,0.0161,0.0,0.2445,2025-02-05T18:00:00Z,2025-02-05T06:00:00Z,1,0.0163,0.0402
2025-02-06T02:00:00+06:00,2025-02-05T20:00:00Z,T1,0.0315,0.0,0.2599,2025-02-05T18:00:00Z,2025-02-05T06:00:00Z,2,0.0124,0.0788
2025-02-06T02:00:00+06:00,2025-02-05T20:00:00Z,T2,0.0315,0.0,0.2599,2025-02-05T18:00:00Z,2025-02-05T06:00:00Z,2,0.0124,0.0788
2025-02-06T03:00:00+06:00,2025-02-05T21:00:00Z,T1,0.0703,0.0,0.2987,2025-02-05T18:00:00Z,2025-02-05T06:00:00Z,3,0.029,0.1758
2025-02-06T03:00:00+06:00,2025-02-05T21:00:00Z,T2,0.0703,0.0,0.2987,2025-02-05T18:00:00Z,2025-02-05T06:00:00Z,3,0.029,0.1758
2025-02-06T04:00:00+06:00,2025-02-05T22:00:00Z,T1,0.1794,0.0,0.6934,2025-02-05T18:00:00Z,2025-02-05T06:00:00Z,4,0.0755,0.4485
2025-02-06T04:00:00+06:00,2025-02-05T22:00:00Z,T2,0.1794,0.0,0.6934,2025-02-05T18:00:00Z,2025-02-05T06:00:00Z,4,0.0755,0.4485
2025-02-06T05:00:00+06:00,2025-02-05T23:00:00Z,T1,0.3157,0.0524,0.8297,2025-02-05T18:00:00Z,2025-02-05T06:00:00Z,5,0.1393,0.7892
2025-02-06T05:00:00+06:00,2025-02-05T23:00:00Z,T2,0.3157,0.0524,0.8297,2025-02-05T18:00:00Z,2025-02-05T06:00:00Z,5,0.1393,0.7892
2025-02-06T06:00:00+06:00,2025-02-06T00:00:00Z,T1,0.431,0.1677,0.945,2025-02-05T18:00:00Z,2025-02-05T06:00:00Z,6,0.2008,1.0775
2025-02-06T06:00:00+06:00,2025-02-06T00:00:00Z,T2,0.431,0.1677,0.945,2025-02-05T18:00:00Z,2025-02-05T06:00:00Z,6,0.2008,1.0775
2025-02-06T07:00:00+06:00,2025-02-06T01:00:00Z,T1,0.4638,0.2004,0.9778,2025-02-05T18:00:00Z,2025-02-05T06:00:00Z,7,0.3325,1.1595
2025-02-06T07:00:00+06:00,2025-02-06T01:00:00Z,T2,0.4638,0.2004,0.9778,2025-02-05T18:00:00Z,2025-02-05T06:00:00Z,7,0.3325,1.1595
2025-02-06T08:00:00+06:00,2025-02-06T02:00:00Z,T1,0.4499,0.1866,0.9639,2025-02-05T18:00:00Z,2025-02-05T06:00:00Z,8,0.3872,1.1248
2025-02-06T08:00:00+06:00,2025-02-06T02:00:00Z,T2,0.4499,0.1866,0.9639,2025-02-05T18:00:00Z,2025-02-05T06:00:00Z,8,0.3872,1.1248
2025-02-06T09:00:00+06:00,2025-02-06T03:00:00Z,T1,0.4259,0.1625,0.9399,2025-02-05T18:00:00Z,2025-02-05T06:00:00Z,9,0.4072,1.0648
2025-02-06T09:00:00+06:00,2025-02-06T03:00:00Z,T2,0.4259,0.1625,0.9399,2025-02-05T18:00:00Z,2025-02-05T06:00:00Z,9,0.4072,1.0648
2025-02-06T10:00:00+06:00,2025-02-06T04:00:00Z,T1,0.4742,0.2109,0.9882,2025-02-05T18:00:00Z,2025-02-05T06:00:00Z,10,0.3451,1.1855
2025-02-06T10:00:00+06:00,2025-02-06T04:00:00Z,T2,0.4742,0.2109,0.9882,2025-02-05T18:00:00Z,2025-02-05T06:00:00Z,10,0.3451,1.1855
2025-02-06T11:00:00+06:00,2025-02-06T05:00:00Z,T1,0.4725,0.2091,0.9865,2025-02-05T18:00:00Z,2025-02-05T06:00:00Z,11,0.3341,1.1812
2025-02-06T11:00:00+06:00,2025-02-06T05:00:00Z,T2,0.4725,0.2091,0.9865,2025-02-05T18:00:00Z,2025-02-05T06:00:00Z,11,0.3341,1.1812
2025-02-06T12:00:00+06:00,2025-02-06T06:00:00Z,T1,0.5144,0.0167,0.813,2025-02-05T18:00:00Z,2025-02-05T06:00:00Z,12,0.3707,1.286
2025-02-06T12:00:00+06:00,2025-02-06T06:00:00Z,T2,0.5144,0.0167,0.813,2025-02-05T18:00:00Z,2025-02-05T06:00:00Z,12,0.3707,1.286
2025-02-06T13:00:00+06:00,2025-02-06T07:00:00Z,T1,0.5663,0.0686,0.865,2025-02-05T18:00:00Z,2025-02-05T06:00:00Z,13,0.4379,1.4158
2025-02-06T13:00:00+06:00,2025-02-06T07:00:00Z,T2,0.5663,0.0686,0.865,2025-02-05T18:00:00Z,2025-02-05T06:00:00Z,13,0.4379,1.4158
2025-02-06T14:00:00+06:00,2025-02-06T08:00:00Z,T1,0.4917,0.2283,1.0,2025-02-05T18:00:00Z,2025-02-05T06:00:00Z,14,0.4396,1.2292
2025-02-06T14:00:00+06:00,2025-02-06T08:00:00Z,T2,0.4917,0.2283,1.0,2025-02-05T18:00:00Z,2025-02-05T06:00:00Z,14,0.4396,1.2292
2025-02-06T15:00:00+06:00,2025-02-06T09:00:00Z,T1,0.4847,0.2213,0.9987,2025-02-05T18:00:00Z,2025-02-05T06:00:00Z,15,0.537,1.2118
2025-02-06T15:00:00+06:00,2025-02-06T09:00:00Z,T2,0.4847,0.2213,0.9987,2025-02-05T18:00:00Z,2025-02-05T06:00:00Z,15,0.537,1.2118
2025-02-06T16:00:00+06:00,2025-02-06T10:00:00Z,T1,0.414,0.1506,0.928,2025-02-05T18:00:00Z,2025-02-05T06:00:00Z,16,0.4638,1.035
2025-02-06T16:00:00+06:00,2025-02-06T10:00:00Z,T2,0.414,0.1506,0.928,2025-02-05T18:00:00Z,2025-02-05T06:00:00Z,16,0.4638,1.035
2025-02-06T17:00:00+06:00,2025-02-06T11:00:00Z,T1,0.414,0.1506,0.928,2025-02-05T18:00:00Z,2025-02-05T06:00:00Z,17,0.4379,1.035
2025-02-06T17:00:00+06:00,2025-02-06T11:00:00Z,T2,0.414,0.1506,0.928,2025-02-05T18:00:00Z,2025-02-05T06:00:00Z,17,0.4379,1.035
2025-02-06T18:00:00+06:00,2025-02-06T12:00:00Z,T1,0.3435,0.0801,0.8575,2025-02-05T18:00:00Z,2025-02-05T06:00:00Z,18,0.3872,0.8588
2025-02-06T18:00:00+06:00,2025-02-06T12:00:00Z,T2,0.3435,0.0801,0.8575,2025-02-05T18:00:00Z,2025-02-05T06:00:00Z,18,0.3872,0.8588
2025-02-06T19:00:00+06:00,2025-02-06T13:00:00Z,T1,0.3658,0.1025,0.8798,2025-02-05T18:00:00Z,2025-02-05T06:00:00Z,19,0.3988,0.9145
2025-02-06T19:00:00+06:00,2025-02-06T13:00:00Z,T2,0.3658,0.1025,0.8798,2025-02-05T18:00:00Z,2025-02-05T06:00:00Z,19,0.3988,0.9145
2025-02-06T20:00:00+06:00,2025-02-06T14:00:00Z,T1,0.3955,0.1321,0.9095,2025-02-05T18:00:00Z,2025-02-05T06:00:00Z,20,0.3773,0.9888
2025-02-06T20:00:00+06:00,2025-02-06T14:00:00Z,T2,0.3955,0.1321,0.9095,2025-02-05T18:00:00Z,2025-02-05T06:00:00Z,20,0.3773,0.9888
2025-02-06T21:00:00+06:00,2025-02-06T15:00:00Z,T1,0.443,0.1797,0.957,2025-02-05T18:00:00Z,2025-02-05T06:00:00Z,21,0.4829,1.1075
2025-02-06T21:00:00+06:00,2025-02-06T15:00:00Z,T2,0.443,0.1797,0.957,2025-02-05T18:00:00Z,2025-02-05T06:00:00Z,21,0.4829,1.1075
2025-02-06T22:00:00+06:00,2025-02-06T16:00:00Z,T1,0.4952,0.2318,1.0,2025-02-05T18:00:00Z,2025-02-05T06:00:00Z,22,0.5144,1.238
2025-02-06T22:00:00+06:00,2025-02-06T16:00:00Z,T2,0.4952,0.2318,1.0,2025-02-05T18:00:00Z,2025-02-05T06:00:00Z,22,0.5144,1.238
2025-02-06T23:00:00+06:00,2025-02-06T17:00:00Z,T1,0.4655,0.2022,0.9795,2025-02-05T18:00:00Z,2025-02-05T06:00:00Z,23,0.5612,1.1638
2025-02-06T23:00:00+06:00,2025-02-06T17:00:00Z,T2,0.4655,0.2022,0.9795,2025-02-05T18:00:00Z,2025-02-05T06:00:00Z,23,0.5612,1.1638
2025-02-07T00:00:00+06:00,2025-02-06T18:00:00Z,T1,0.3724,0.109,0.8863,2025-02-06T18:00:00Z,2025-02-06T06:00:00Z,0,0.4551,0.931
2025-02-07T00:00:00+06:00,2025-02-06T18:00:00Z,T2,0.3724,0.109,0.8863,2025-02-06T18:00:00Z,2025-02-06T06:00:00Z,0,0.4551,0.931
2025-02-07T01:00:00+06:00,2025-02-06T19:00:00Z,T1,0.353,0.0896,0.867,2025-02-06T18:00:00Z,2025-02-06T06:00:00Z,1,0.4293,0.8825
2025-02-07T01:00:00+06:00,2025-02-06T19:00:00Z,T2,0.353,0.0896,0.867,2025-02-06T18:00:00Z,2025-02-06T06:00:00Z,1,0.4293,0.8825
2025-02-07T02:00:00+06:00,2025-02-06T20:00:00Z,T1,0.2807,0.0173,0.7947,2025-02-06T18:00:00Z,2025-02-06T06:00:00Z,2,0.4259,0.7018
2025-02-07T02:00:00+06:00,2025-02-06T20:00:00Z,T2,0.2807,0.0173,0.7947,2025-02-06T18:00:00Z,2025-02-06T06:00:00Z,2,0.4259,0.7018
2025-02-07T03:00:00+06:00,2025-02-06T21:00:00Z,T1,0.2534,0.0,0.7674,2025-02-06T18:00:00Z,2025-02-06T06:00:00Z,3,0.4413,0.6335
2025-02-07T03:00:00+06:00,2025-02-06T21:00:00Z,T2,0.2534,0.0,0.7674,2025-02-06T18:00:00Z,2025-02-06T06:00:00Z,3,0.4413,0.6335
2025-02-07T04:00:00+06:00,2025-02-06T22:00:00Z,T1,0.3082,0.0449,0.8222,2025-02-06T18:00:00Z,2025-02-06T06:00:00Z,4,0.469,0.7705
2025-02-07T04:00:00+06:00,2025-02-06T22:00:00Z,T2,0.3082,0.0449,0.8222,2025-02-06T18:00:00Z,2025-02-06T06:00:00Z,4,0.469,0.7705
2025-02-07T05:00:00+06:00,2025-02-06T23:00:00Z,T1,0.3855,0.1221,0.8995,2025-02-06T18:00:00Z,2025-02-06T06:00:00Z,5,0.4864,0.9638
2025-02-07T05:00:00+06:00,2025-02-06T23:00:00Z,T2,0.3855,0.1221,0.8995,2025-02-06T18:00:00Z,2025-02-06T06:00:00Z,5,0.4864,0.9638
2025-02-07T06:00:00+06:00,2025-02-07T00:00:00Z,T1,0.4072,0.1439,0.9212,2025-02-06T18:00:00Z,2025-02-06T06:00:00Z,6,0.4742,1.018
2025-02-07T06:00:00+06:00,2025-02-07T00:00:00Z,T2,0.4072,0.1439,0.9212,2025-02-06T18:00:00Z,2025-02-06T06:00:00Z,6,0.4742,1.018
2025-02-07T07:00:00+06:00,2025-02-07T01:00:00Z,T1,0.4276,0.1642,0.9416,2025-02-06T18:00:00Z,2025-02-06T06:00:00Z,7,0.4707,1.069
2025-02-07T07:00:00+06:00,2025-02-07T01:00:00Z,T2,0.4276,0.1642,0.9416,2025-02-06T18:00:00Z,2025-02-06T06:00:00Z,7,0.4707,1.069
2025-02-07T08:00:00+06:00,2025-02-07T02:00:00Z,T1,0.4482,0.1849,0.9622,2025-02-06T18:00:00Z,2025-02-06T06:00:00Z,8,0.4638,1.1205
2025-02-07T08:00:00+06:00,2025-02-07T02:00:00Z,T2,0.4482,0.1849,0.9622,2025-02-06T18:00:00Z,2025-02-06T06:00:00Z,8,0.4638,1.1205
2025-02-07T09:00:00+06:00,2025-02-07T03:00:00Z,T1,0.476,0.2126,0.99,2025-02-06T18:00:00Z,2025-02-06T06:00:00Z,9,0.4517,1.19
2025-02-07T09:00:00+06:00,2025-02-07T03:00:00Z,T2,0.476,0.2126,0.99,2025-02-06T18:00:00Z,2025-02-06T06:00:00Z,9,0.4517,1.19
2025-02-07T10:00:00+06:00,2025-02-07T04:00:00Z,T1,0.4952,0.2318,1.0,2025-02-06T18:00:00Z,2025-02-06T06:00:00Z,10,0.4362,1.238
2025-02-07T10:00:00+06:00,2025-02-07T04:00:00Z,T2,0.4952,0.2318,1.0,2025-02-06T18:00:00Z,2025-02-06T06:00:00Z,10,0.4362,1.238
2025-02-07T11:00:00+06:00,2025-02-07T05:00:00Z,T1,0.6493,0.1516,0.948,2025-02-06T18:00:00Z,2025-02-06T06:00:00Z,11,0.5335,1.6232
2025-02-07T11:00:00+06:00,2025-02-07T05:00:00Z,T2,0.6493,0.1516,0.948,2025-02-06T18:00:00Z,2025-02-06T06:00:00Z,11,0.5335,1.6232
2025-02-07T12:00:00+06:00,2025-02-07T06:00:00Z,T1,0.5646,0.0669,0.8633,2025-02-06T18:00:00Z,2025-02-06T06:00:00Z,12,0.6251,1.4115
2025-02-07T12:00:00+06:00,2025-02-07T06:00:00Z,T2,0.5646,0.0669,0.8633,2025-02-06T18:00:00Z,2025-02-06T06:00:00Z,12,0.6251,1.4115
2025-02-07T13:00:00+06:00,2025-02-07T07:00:00Z,T1,0.5543,0.0566,0.8529,2025-02-06T18:00:00Z,2025-02-06T06:00:00Z,13,0.6604,1.3858
2025-02-07T13:00:00+06:00,2025-02-07T07:00:00Z,T2,0.5543,0.0566,0.8529,2025-02-06T18:00:00Z,2025-02-06T06:00:00Z,13,0.6604,1.3858
2025-02-07T14:00:00+06:00,2025-02-07T08:00:00Z,T1,0.6895,0.1918,0.9881,2025-02-06T18:00:00Z,2025-02-06T06:00:00Z,14,0.794,1.7238
2025-02-07T14:00:00+06:00,2025-02-07T08:00:00Z,T2,0.6895,0.1918,0.9881,2025-02-06T18:00:00Z,2025-02-06T06:00:00Z,14,0.794,1.7238
2025-02-07T15:00:00+06:00,2025-02-07T09:00:00Z,T1,0.6998,0.2021,0.9985,2025-02-06T18:00:00Z,2025-02-06T06:00:00Z,15,0.8627,1.7495
2025-02-07T15:00:00+06:00,2025-02-07T09:00:00Z,T2,0.6998,0.2021,0.9985,2025-02-06T18:00:00Z,2025-02-06T06:00:00Z,15,0.8627,1.7495
2025-02-07T16:00:00+06:00,2025-02-07T10:00:00Z,T1,0.4969,0.2336,1.0,2025-02-06T18:00:00Z,2025-02-06T06:00:00Z,16,0.6819,1.2422
2025-02-07T16:00:00+06:00,2025-02-07T10:00:00Z,T2,0.4969,0.2336,1.0,2025-02-06T18:00:00Z,2025-02-06T06:00:00Z,16,0.6819,1.2422
2025-02-07T17:00:00+06:00,2025-02-07T11:00:00Z,T1,0.3955,0.1321,0.9095,2025-02-06T18:00:00Z,2025-02-06T06:00:00Z,17,0.5885,0.9888
2025-02-07T17:00:00+06:00,2025-02-07T11:00:00Z,T2,0.3955,0.1321,0.9095,2025-02-06T18:00:00Z,2025-02-06T06:00:00Z,17,0.5885,0.9888
2025-02-07T18:00:00+06:00,2025-02-07T12:00:00Z,T1,0.2654,0.0021,0.7794,2025-02-06T18:00:00Z,2025-02-06T06:00:00Z,18,0.4673,0.6635
2025-02-07T18:00:00+06:00,2025-02-07T12:00:00Z,T2,0.2654,0.0021,0.7794,2025-02-06T18:00:00Z,2025-02-06T06:00:00Z,18,0.4673,0.6635
2025-02-07T19:00:00+06:00,2025-02-07T13:00:00Z,T1,0.1825,0.0,0.6965,2025-02-06T18:00:00Z,2025-02-06T06:00:00Z,19,0.3038,0.4562
2025-02-07T19:00:00+06:00,2025-02-07T13:00:00Z,T2,0.1825,0.0,0.6965,2025-02-06T18:00:00Z,2025-02-06T06:00:00Z,19,0.3038,0.4562
2025-02-07T20:00:00+06:00,2025-02-07T14:00:00Z,T1,0.1703,0.0,0.6843,2025-02-06T18:00:00Z,2025-02-06T06:00:00Z,20,0.2378,0.4258
2025-02-07T20:00:00+06:00,2025-02-07T14:00:00Z,T2,0.1703,0.0,0.6843,2025-02-06T18:00:00Z,2025-02-06T06:00:00Z,20,0.2378,0.4258
2025-02-07T21:00:00+06:00,2025-02-07T15:00:00Z,T1,0.2123,0.0,0.7263,2025-02-06T18:00:00Z,2025-02-06T06:00:00Z,21,0.2468,0.5307
2025-02-07T21:00:00+06:00,2025-02-07T15:00:00Z,T2,0.2123,0.0,0.7263,2025-02-06T18:00:00Z,2025-02-06T06:00:00Z,21,0.2468,0.5307
2025-02-07T22:00:00+06:00,2025-02-07T16:00:00Z,T1,0.2668,0.0034,0.7808,2025-02-06T18:00:00Z,2025-02-06T06:00:00Z,22,0.2353,0.667
2025-02-07T22:00:00+06:00,2025-02-07T16:00:00Z,T2,0.2668,0.0034,0.7808,2025-02-06T18:00:00Z,2025-02-06T06:00:00Z,22,0.2353,0.667
2025-02-07T23:00:00+06:00,2025-02-07T17:00:00Z,T1,0.3038,0.0404,0.8178,2025-02-06T18:00:00Z,2025-02-06T06:00:00Z,23,0.217,0.7595
2025-02-07T23:00:00+06:00,2025-02-07T17:00:00Z,T2,0.3038,0.0404,0.8178,2025-02-06T18:00:00Z,2025-02-06T06:00:00Z,23,0.217,0.7595
2025-02-08T00:00:00+06:00,2025-02-07T18:00:00Z,T1,0.2158,0.0,0.7298,2025-02-07T18:00:00Z,2025-02-07T06:00:00Z,0,0.2964,0.5395
2025-02-08T00:00:00+06:00,2025-02-07T18:00:00Z,T2,0.2158,0.0,0.7298,2025-02-07T18:00:00Z,2025-02-07T06:00:00Z,0,0.2964,0.5395
2025-02-08T01:00:00+06:00,2025-02-07T19:00:00Z,T1,0.2341,0.0,0.7481,2025-02-07T18:00:00Z,2025-02-07T06:00:00Z,1,0.2442,0.5853
2025-02-08T01:00:00+06:00,2025-02-07T19:00:00Z,T2,0.2341,0.0,0.7481,2025-02-07T18:00:00Z,2025-02-07T06:00:00Z,1,0.2442,0.5853
2025-02-08T02:00:00+06:00,2025-02-07T20:00:00Z,T1,0.2654,0.0021,0.7794,2025-02-07T18:00:00Z,2025-02-07T06:00:00Z,2,0.1888,0.6635
2025-02-08T02:00:00+06:00,2025-02-07T20:00:00Z,T2,0.2654,0.0021,0.7794,2025-02-07T18:00:00Z,2025-02-07T06:00:00Z,2,0.1888,0.6635
2025-02-08T03:00:00+06:00,2025-02-07T21:00:00Z,T1,0.3067,0.0434,0.8207,2025-02-07T18:00:00Z,2025-02-07T06:00:00Z,3,0.1794,0.7667
2025-02-08T03:00:00+06:00,2025-02-07T21:00:00Z,T2,0.3067,0.0434,0.8207,2025-02-07T18:00:00Z,2025-02-07T06:00:00Z,3,0.1794,0.7667
2025-02-08T04:00:00+06:00,2025-02-07T22:00:00Z,T1,0.3023,0.039,0.8163,2025-02-07T18:00:00Z,2025-02-07T06:00:00Z,4,0.2146,0.7558
2025-02-08T04:00:00+06:00,2025-02-07T22:00:00Z,T2,0.3023,0.039,0.8163,2025-02-07T18:00:00Z,2025-02-07T06:00:00Z,4,0.2146,0.7558
2025-02-08T05:00:00+06:00,2025-02-07T23:00:00Z,T1,0.2587,0.0,0.7727,2025-02-07T18:00:00Z,2025-02-07T06:00:00Z,5,0.2641,0.6467
2025-02-08T05:00:00+06:00,2025-02-07T23:00:00Z,T2,0.2587,0.0,0.7727,2025-02-07T18:00:00Z,2025-02-07T06:00:00Z,5,0.2641,0.6467
2025-02-08T06:00:00+06:00,2025-02-08T00:00:00Z,T1,0.2807,0.0173,0.7947,2025-02-07T18:00:00Z,2025-02-07T06:00:00Z,6,0.2892,0.7018
2025-02-08T06:00:00+06:00,2025-02-08T00:00:00Z,T2,0.2807,0.0173,0.7947,2025-02-07T18:00:00Z,2025-02-07T06:00:00Z,6,0.2892,0.7018
2025-02-08T07:00:00+06:00,2025-02-08T01:00:00Z,T1,0.2378,0.0,0.7518,2025-02-07T18:00:00Z,2025-02-07T06:00:00Z,7,0.2218,0.5945
2025-02-08T07:00:00+06:00,2025-02-08T01:00:00Z,T2,0.2378,0.0,0.7518,2025-02-07T18:00:00Z,2025-02-07T06:00:00Z,7,0.2218,0.5945
2025-02-08T08:00:00+06:00,2025-02-08T02:00:00Z,T1,0.2468,0.0,0.7608,2025-02-07T18:00:00Z,2025-02-07T06:00:00Z,8,0.2135,0.617
2025-02-08T08:00:00+06:00,2025-02-08T02:00:00Z,T2,0.2468,0.0,0.7608,2025-02-07T18:00:00Z,2025-02-07T06:00:00Z,8,0.2135,0.617
2025-02-08T09:00:00+06:00,2025-02-08T03:00:00Z,T1,0.1814,0.0,0.6954,2025-02-07T18:00:00Z,2025-02-07T06:00:00Z,9,0.1783,0.4535
2025-02-08T09:00:00+06:00,2025-02-08T03:00:00Z,T2,0.1814,0.0,0.6954,2025-02-07T18:00:00Z,2025-02-07T06:00:00Z,9,0.1783,0.4535
2025-02-08T10:00:00+06:00,2025-02-08T04:00:00Z,T1,0.256,0.0,0.77,2025-02-07T18:00:00Z,2025-02-07T06:00:00Z,10,0.217,0.64
2025-02-08T10:00:00+06:00,2025-02-08T04:00:00Z,T2,0.256,0.0,0.77,2025-02-07T18:00:00Z,2025-02-07T06:00:00Z,10,0.217,0.64
2025-02-08T11:00:00+06:00,2025-02-08T05:00:00Z,T1,0.414,0.1506,0.928,2025-02-07T18:00:00Z,2025-02-07T06:00:00Z,11,0.3264,1.035
2025-02-08T11:00:00+06:00,2025-02-08T05:00:00Z,T2,0.414,0.1506,0.928,2025-02-07T18:00:00Z,2025-02-07T06:00:00Z,11,0.3264,1.035
2025-02-08T12:00:00+06:00,2025-02-08T06:00:00Z,T1,0.3067,0.0434,0.8207,2025-02-07T18:00:00Z,2025-02-07T06:00:00Z,12,0.1814,0.7667
2025-02-08T12:00:00+06:00,2025-02-08T06:00:00Z,T2,0.3067,0.0434,0.8207,2025-02-07T18:00:00Z,2025-02-07T06:00:00Z,12,0.1814,0.7667
2025-02-08T13:00:00+06:00,2025-02-08T07:00:00Z,T1,0.3466,0.0833,0.8606,2025-02-07T18:00:00Z,2025-02-07T06:00:00Z,13,0.1607,0.8665
2025-02-08T13:00:00+06:00,2025-02-08T07:00:00Z,T2,0.3466,0.0833,0.8606,2025-02-07T18:00:00Z,2025-02-07T06:00:00Z,13,0.1607,0.8665
2025-02-08T14:00:00+06:00,2025-02-08T08:00:00Z,T1,0.353,0.0896,0.867,2025-02-07T18:00:00Z,2025-02-07T06:00:00Z,14,0.1444,0.8825
2025-02-08T14:00:00+06:00,2025-02-08T08:00:00Z,T2,0.353,0.0896,0.867,2025-02-07T18:00:00Z,2025-02-07T06:00:00Z,14,0.1444,0.8825
2025-02-08T15:00:00+06:00,2025-02-08T09:00:00Z,T1,0.3142,0.0509,0.8282,2025-02-07T18:00:00Z,2025-02-07T06:00:00Z,15,0.0999,0.7855
2025-02-08T15:00:00+06:00,2025-02-08T09:00:00Z,T2,0.3142,0.0509,0.8282,2025-02-07T18:00:00Z,2025-02-07T06:00:00Z,15,0.0999,0.7855
2025-02-08T16:00:00+06:00,2025-02-08T10:00:00Z,T1,0.2088,0.0,0.7228,2025-02-07T18:00:00Z,2025-02-07T06:00:00Z,16,0.0909,0.522
2025-02-08T16:00:00+06:00,2025-02-08T10:00:00Z,T2,0.2088,0.0,0.7228,2025-02-07T18:00:00Z,2025-02-07T06:00:00Z,16,0.0909,0.522
2025-02-08T17:00:00+06:00,2025-02-08T11:00:00Z,T1,0.1025,0.0202,0.3309,2025-02-07T18:00:00Z,2025-02-07T06:00:00Z,17,0.0589,0.2562
2025-02-08T17:00:00+06:00,2025-02-08T11:00:00Z,T2,0.1025,0.0202,0.3309,2025-02-07T18:00:00Z,2025-02-07T06:00:00Z,17,0.0589,0.2562
2025-02-08T18:00:00+06:00,2025-02-08T12:00:00Z,T1,0.0415,0.0,0.2699,2025-02-07T18:00:00Z,2025-02-07T06:00:00Z,18,0.0426,0.1038
2025-02-08T18:00:00+06:00,2025-02-08T12:00:00Z,T2,0.0415,0.0,0.2699,2025-02-07T18:00:00Z,2025-02-07T06:00:00Z,18,0.0426,0.1038
2025-02-08T19:00:00+06:00,2025-02-08T13:00:00Z,T1,0.0176,0.0,0.246,2025-02-07T18:00:00Z,2025-02-07T06:00:00Z,19,0.0339,0.044
2025-02-08T19:00:00+06:00,2025-02-08T13:00:00Z,T2,0.0176,0.0,0.246,2025-02-07T18:00:00Z,2025-02-07T06:00:00Z,19,0.0339,0.044
2025-02-08T20:00:00+06:00,2025-02-08T14:00:00Z,T1,0.0235,0.0,0.2519,2025-02-07T18:00:00Z,2025-02-07T06:00:00Z,20,0.0248,0.0588
2025-02-08T20:00:00+06:00,2025-02-08T14:00:00Z,T2,0.0235,0.0,0.2519,2025-02-07T18:00:00Z,2025-02-07T06:00:00Z,20,0.0248,0.0588
2025-02-08T21:00:00+06:00,2025-02-08T15:00:00Z,T1,0.0267,0.0,0.2551,2025-02-07T18:00:00Z,2025-02-07T06:00:00Z,21,0.0315,0.0668
2025-02-08T21:00:00+06:00,2025-02-08T15:00:00Z,T2,0.0267,0.0,0.2551,2025-02-07T18:00:00Z,2025-02-07T06:00:00Z,21,0.0315,0.0668
2025-02-08T22:00:00+06:00,2025-02-08T16:00:00Z,T1,0.0277,0.0,0.2561,2025-02-07T18:00:00Z,2025-02-07T06:00:00Z,22,0.0313,0.0692
2025-02-08T22:00:00+06:00,2025-02-08T16:00:00Z,T2,0.0277,0.0,0.2561,2025-02-07T18:00:00Z,2025-02-07T06:00:00Z,22,0.0313,0.0692
2025-02-08T23:00:00+06:00,2025-02-08T17:00:00Z,T1,0.039,0.0,0.2674,2025-02-07T18:00:00Z,2025-02-07T06:00:00Z,23,0.0269,0.0975
2025-02-08T23:00:00+06:00,2025-02-08T17:00:00Z,T2,0.039,0.0,0.2674,2025-02-07T18:00:00Z,2025-02-07T06:00:00Z,23,0.0269,0.0975
2025-02-09T00:00:00+06:00,2025-02-08T18:00:00Z,T1,0.0726,0.0,0.301,2025-02-08T18:00:00Z,2025-02-08T06:00:00Z,0,0.0487,0.1815
2025-02-09T00:00:00+06:00,2025-02-08T18:00:00Z,T2,0.0726,0.0,0.301,2025-02-08T18:00:00Z,2025-02-08T06:00:00Z,0,0.0487,0.1815
2025-02-09T01:00:00+06:00,2025-02-08T19:00:00Z,T1,0.116,0.0338,0.3444,2025-02-08T18:00:00Z,2025-02-08T06:00:00Z,1,0.0821,0.29
2025-02-09T01:00:00+06:00,2025-02-08T19:00:00Z,T2,0.116,0.0338,0.3444,2025-02-08T18:00:00Z,2025-02-08T06:00:00Z,1,0.0821,0.29
2025-02-09T02:00:00+06:00,2025-02-08T20:00:00Z,T1,0.1057,0.0235,0.3341,2025-02-08T18:00:00Z,2025-02-08T06:00:00Z,2,0.0915,0.2642
2025-02-09T02:00:00+06:00,2025-02-08T20:00:00Z,T2,0.1057,0.0235,0.3341,2025-02-08T18:00:00Z,2025-02-08T06:00:00Z,2,0.0915,0.2642
2025-02-09T03:00:00+06:00,2025-02-08T21:00:00Z,T1,0.0837,0.0014,0.3121,2025-02-08T18:00:00Z,2025-02-08T06:00:00Z,3,0.0537,0.2092
2025-02-09T03:00:00+06:00,2025-02-08T21:00:00Z,T2,0.0837,0.0014,0.3121,2025-02-08T18:00:00Z,2025-02-08T06:00:00Z,3,0.0537,0.2092
2025-02-09T04:00:00+06:00,2025-02-08T22:00:00Z,T1,0.0703,0.0,0.2987,2025-02-08T18:00:00Z,2025-02-08T06:00:00Z,4,0.0319,0.1758
2025-02-09T04:00:00+06:00,2025-02-08T22:00:00Z,T2,0.0703,0.0,0.2987,2025-02-08T18:00:00Z,2025-02-08T06:00:00Z,4,0.0319,0.1758
2025-02-09T05:00:00+06:00,2025-02-08T23:00:00Z,T1,0.077,0.0,0.3054,2025-02-08T18:00:00Z,2025-02-08T06:00:00Z,5,0.0246,0.1925
2025-02-09T05:00:00+06:00,2025-02-08T23:00:00Z,T2,0.077,0.0,0.3054,2025-02-08T18:00:00Z,2025-02-08T06:00:00Z,5,0.0246,0.1925
2025-02-09T06:00:00+06:00,2025-02-09T00:00:00Z,T1,0.0617,0.0,0.2901,2025-02-08T18:00:00Z,2025-02-08T06:00:00Z,6,0.0218,0.1542
2025-02-09T06:00:00+06:00,2025-02-09T00:00:00Z,T2,0.0617,0.0,0.2901,2025-02-08T18:00:00Z,2025-02-08T06:00:00Z,6,0.0218,0.1542
2025-02-09T07:00:00+06:00,2025-02-09T01:00:00Z,T1,0.0277,0.0,0.2561,2025-02-08T18:00:00Z,2025-02-08T06:00:00Z,7,0.0235,0.0692
2025-02-09T07:00:00+06:00,2025-02-09T01:00:00Z,T2,0.0277,0.0,0.2561,2025-02-08T18:00:00Z,2025-02-08T06:00:00Z,7,0.0235,0.0692
2025-02-09T08:00:00+06:00,2025-02-09T02:00:00Z,T1,0.0248,0.0,0.2532,2025-02-08T18:00:00Z,2025-02-08T06:00:00Z,8,0.0185,0.062
2025-02-09T08:00:00+06:00,2025-02-09T02:00:00Z,T2,0.0248,0.0,0.2532,2025-02-08T18:00:00Z,2025-02-08T06:00:00Z,8,0.0185,0.062
2025-02-09T09:00:00+06:00,2025-02-09T03:00:00Z,T1,0.0189,0.0,0.2473,2025-02-08T18:00:00Z,2025-02-08T06:00:00Z,9,0.0348,0.0472
2025-02-09T09:00:00+06:00,2025-02-09T03:00:00Z,T2,0.0189,0.0,0.2473,2025-02-08T18:00:00Z,2025-02-08T06:00:00Z,9,0.0348,0.0472
2025-02-09T10:00:00+06:00,2025-02-09T04:00:00Z,T1,0.0176,0.0,0.246,2025-02-08T18:00:00Z,2025-02-08T06:00:00Z,10,0.0432,0.044
2025-02-09T10:00:00+06:00,2025-02-09T04:00:00Z,T2,0.0176,0.0,0.246,2025-02-08T18:00:00Z,2025-02-08T06:00:00Z,10,0.0432,0.044
2025-02-09T11:00:00+06:00,2025-02-09T05:00:00Z,T1,0.0134,0.0,0.2418,2025-02-08T18:00:00Z,2025-02-08T06:00:00Z,11,0.0685,0.0335
2025-02-09T11:00:00+06:00,2025-02-09T05:00:00Z,T2,0.0134,0.0,0.2418,2025-02-08T18:00:00Z,2025-02-08T06:00:00Z,11,0.0685,0.0335
2025-02-09T12:00:00+06:00,2025-02-09T06:00:00Z,T1,0.0197,0.0,0.2481,2025-02-08T18:00:00Z,2025-02-08T06:00:00Z,12,0.065,0.0492
2025-02-09T12:00:00+06:00,2025-02-09T06:00:00Z,T2,0.0197,0.0,0.2481,2025-02-08T18:00:00Z,2025-02-08T06:00:00Z,12,0.065,0.0492
2025-02-09T13:00:00+06:00,2025-02-09T07:00:00Z,T1,0.0377,0.0,0.2661,2025-02-08T18:00:00Z,2025-02-08T06:00:00Z,13,0.0816,0.0942
2025-02-09T13:00:00+06:00,2025-02-09T07:00:00Z,T2,0.0377,0.0,0.2661,2025-02-08T18:00:00Z,2025-02-08T06:00:00Z,13,0.0816,0.0942
2025-02-09T14:00:00+06:00,2025-02-09T08:00:00Z,T1,0.0875,0.0052,0.3159,2025-02-08T18:00:00Z,2025-02-08T06:00:00Z,14,0.0944,0.2188
2025-02-09T14:00:00+06:00,2025-02-09T08:00:00Z,T2,0.0875,0.0052,0.3159,2025-02-08T18:00:00Z,2025-02-08T06:00:00Z,14,0.0944,0.2188
2025-02-09T15:00:00+06:00,2025-02-09T09:00:00Z,T1,0.0875,0.0052,0.3159,2025-02-08T18:00:00Z,2025-02-08T06:00:00Z,15,0.1189,0.2188
2025-02-09T15:00:00+06:00,2025-02-09T09:00:00Z,T2,0.0875,0.0052,0.3159,2025-02-08T18:00:00Z,2025-02-08T06:00:00Z,15,0.1189,0.2188
2025-02-09T16:00:00+06:00,2025-02-09T10:00:00Z,T1,0.079,0.0,0.3074,2025-02-08T18:00:00Z,2025-02-08T06:00:00Z,16,0.1713,0.1975
2025-02-09T16:00:00+06:00,2025-02-09T10:00:00Z,T2,0.079,0.0,0.3074,2025-02-08T18:00:00Z,2025-02-08T06:00:00Z,16,0.1713,0.1975
2025-02-09T17:00:00+06:00,2025-02-09T11:00:00Z,T1,0.2242,0.0,0.7382,2025-02-08T18:00:00Z,2025-02-08T06:00:00Z,17,0.414,0.5605
2025-02-09T17:00:00+06:00,2025-02-09T11:00:00Z,T2,0.2242,0.0,0.7382,2025-02-08T18:00:00Z,2025-02-08T06:00:00Z,17,0.414,0.5605
2025-02-09T18:00:00+06:00,2025-02-09T12:00:00Z,T1,0.4448,0.1814,0.9587,2025-02-08T18:00:00Z,2025-02-08T06:00:00Z,18,0.6202,1.112
2025-02-09T18:00:00+06:00,2025-02-09T12:00:00Z,T2,0.4448,0.1814,0.9587,2025-02-08T18:00:00Z,2025-02-08T06:00:00Z,18,0.6202,1.112
2025-02-09T19:00:00+06:00,2025-02-09T13:00:00Z,T1,0.6333,0.1356,0.9319,2025-02-08T18:00:00Z,2025-02-08T06:00:00Z,19,0.6477,1.5832
2025-02-09T19:00:00+06:00,2025-02-09T13:00:00Z,T2,0.6333,0.1356,0.9319,2025-02-08T18:00:00Z,2025-02-08T06:00:00Z,19,0.6477,1.5832
2025-02-09T20:00:00+06:00,2025-02-09T14:00:00Z,T1,0.7906,0.2929,1.0,2025-02-08T18:00:00Z,2025-02-08T06:00:00Z,20,0.7214,1.9765
2025-02-09T20:00:00+06:00,2025-02-09T14:00:00Z,T2,0.7906,0.2929,1.0,2025-02-08T18:00:00Z,2025-02-08T06:00:00Z,20,0.7214,1.9765
2025-02-09T21:00:00+06:00,2025-02-09T15:00:00Z,T1,0.8534,0.4949,0.9384,2025-02-08T18:00:00Z,2025-02-08T06:00:00Z,21,0.7114,2.1335
2025-02-09T21:00:00+06:00,2025-02-09T15:00:00Z,T2,0.8534,0.4949,0.9384,2025-02-08T18:00:00Z,2025-02-08T06:00:00Z,21,0.7114,2.1335
2025-02-09T22:00:00+06:00,2025-02-09T16:00:00Z,T1,0.8754,0.5169,0.9604,2025-02-08T18:00:00Z,2025-02-08T06:00:00Z,22,0.6759,2.1885
2025-02-09T22:00:00+06:00,2025-02-09T16:00:00Z,T2,0.8754,0.5169,0.9604,2025-02-08T18:00:00Z,2025-02-08T06:00:00Z,22,0.6759,2.1885
2025-02-09T23:00:00+06:00,2025-02-09T17:00:00Z,T1,0.8221,0.3244,1.0,2025-02-08T18:00:00Z,2025-02-08T06:00:00Z,23,0.6619,2.0552
2025-02-09T23:00:00+06:00,2025-02-09T17:00:00Z,T2,0.8221,0.3244,1.0,2025-02-08T18:00:00Z,2025-02-08T06:00:00Z,23,0.6619,2.0552
2025-02-10T00:00:00+06:00,2025-02-09T18:00:00Z,T1,0.8878,0.5293,0.9728,2025-02-09T18:00:00Z,2025-02-09T06:00:00Z,0,0.8762,2.2195
2025-02-10T00:00:00+06:00,2025-02-09T18:00:00Z,T2,0.8878,0.5293,0.9728,2025-02-09T18:00:00Z,2025-02-09T06:00:00Z,0,0.8762,2.2195
2025-02-10T01:00:00+06:00,2025-02-09T19:00:00Z,T1,0.9166,0.5581,1.0,2025-02-09T18:00:00Z,2025-02-09T06:00:00Z,1,0.9424,2.2915
2025-02-10T01:00:00+06:00,2025-02-09T19:00:00Z,T2,0.9166,0.5581,1.0,2025-02-09T18:00:00Z,2025-02-09T06:00:00Z,1,0.9424,2.2915
2025-02-10T02:00:00+06:00,2025-02-09T20:00:00Z,T1,0.9495,0.591,1.0,2025-02-09T18:00:00Z,2025-02-09T06:00:00Z,2,0.9726,2.3738
2025-02-10T02:00:00+06:00,2025-02-09T20:00:00Z,T2,0.9495,0.591,1.0,2025-02-09T18:00:00Z,2025-02-09T06:00:00Z,2,0.9726,2.3738
2025-02-10T03:00:00+06:00,2025-02-09T21:00:00Z,T1,0.9606,0.6021,1.0,2025-02-09T18:00:00Z,2025-02-09T06:00:00Z,3,0.9453,2.4015
2025-02-10T03:00:00+06:00,2025-02-09T21:00:00Z,T2,0.9606,0.6021,1.0,2025-02-09T18:00:00Z,2025-02-09T06:00:00Z,3,0.9453,2.4015
2025-02-10T04:00:00+06:00,2025-02-09T22:00:00Z,T1,0.9308,0.5723,1.0,2025-02-09T18:00:00Z,2025-02-09T06:00:00Z,4,0.9368,2.327
2025-02-10T04:00:00+06:00,2025-02-09T22:00:00Z,T2,0.9308,0.5723,1.0,2025-02-09T18:00:00Z,2025-02-09T06:00:00Z,4,0.9368,2.327
2025-02-10T05:00:00+06:00,2025-02-09T23:00:00Z,T1,0.9139,0.5554,0.9989,2025-02-09T18:00:00Z,2025-02-09T06:00:00Z,5,0.8978,2.2848
2025-02-10T05:00:00+06:00,2025-02-09T23:00:00Z,T2,0.9139,0.5554,0.9989,2025-02-09T18:00:00Z,2025-02-09T06:00:00Z,5,0.8978,2.2848
2025-02-10T06:00:00+06:00,2025-02-10T00:00:00Z,T1,0.9671,0.6086,1.0,2025-02-09T18:00:00Z,2025-02-09T06:00:00Z,6,0.915,2.4178
2025-02-10T06:00:00+06:00,2025-02-10T00:00:00Z,T2,0.9671,0.6086,1.0,2025-02-09T18:00:00Z,2025-02-09T06:00:00Z,6,0.915,2.4178
2025-02-10T07:00:00+06:00,2025-02-10T01:00:00Z,T1,0.9676,0.6091,1.0,2025-02-09T18:00:00Z,2025-02-09T06:00:00Z,7,0.9313,2.419
2025-02-10T07:00:00+06:00,2025-02-10T01:00:00Z,T2,0.9676,0.6091,1.0,2025-02-09T18:00:00Z,2025-02-09T06:00:00Z,7,0.9313,2.419
2025-02-10T08:00:00+06:00,2025-02-10T02:00:00Z,T1,0.9634,0.6049,1.0,2025-02-09T18:00:00Z,2025-02-09T06:00:00Z,8,0.9335,2.4085
2025-02-10T08:00:00+06:00,2025-02-10T02:00:00Z,T2,0.9634,0.6049,1.0,2025-02-09T18:00:00Z,2025-02-09T06:00:00Z,8,0.9335,2.4085
2025-02-10T09:00:00+06:00,2025-02-10T03:00:00Z,T1,0.9488,0.5904,1.0,2025-02-09T18:00:00Z,2025-02-09T06:00:00Z,9,0.8965,2.372
2025-02-10T09:00:00+06:00,2025-02-10T03:00:00Z,T2,0.9488,0.5904,1.0,2025-02-09T18:00:00Z,2025-02-09T06:00:00Z,9,0.8965,2.372
2025-02-10T10:00:00+06:00,2025-02-10T04:00:00Z,T1,0.904,0.5456,0.9891,2025-02-09T18:00:00Z,2025-02-09T06:00:00Z,10,0.8435,2.26
2025-02-10T10:00:00+06:00,2025-02-10T04:00:00Z,T2,0.904,0.5456,0.9891,2025-02-09T18:00:00Z,2025-02-09T06:00:00Z,10,0.8435,2.26
2025-02-10T11:00:00+06:00,2025-02-10T05:00:00Z,T1,0.7392,0.2415,1.0,2025-02-09T18:00:00Z,2025-02-09T06:00:00Z,11,0.6728,1.848
2025-02-10T11:00:00+06:00,2025-02-10T05:00:00Z,T2,0.7392,0.2415,1.0,2025-02-09T18:00:00Z,2025-02-09T06:00:00Z,11,0.6728,1.848
2025-02-10T12:00:00+06:00,2025-02-10T06:00:00Z,T1,0.6003,0.1026,0.8989,2025-02-09T18:00:00Z,2025-02-09T06:00:00Z,12,0.2031,1.5007
2025-02-10T12:00:00+06:00,2025-02-10T06:00:00Z,T2,0.6003,0.1026,0.8989,2025-02-09T18:00:00Z,2025-02-09T06:00:00Z,12,0.2031,1.5007
2025-02-10T13:00:00+06:00,2025-02-10T07:00:00Z,T1,0.2573,0.0,0.7713,2025-02-09T18:00:00Z,2025-02-09T06:00:00Z,13,0.0721,0.6432
2025-02-10T13:00:00+06:00,2025-02-10T07:00:00Z,T2,0.2573,0.0,0.7713,2025-02-09T18:00:00Z,2025-02-09T06:00:00Z,13,0.0721,0.6432
2025-02-10T14:00:00+06:00,2025-02-10T08:00:00Z,T1,0.1654,0.0,0.6794,2025-02-09T18:00:00Z,2025-02-09T06:00:00Z,14,0.074,0.4135
2025-02-10T14:00:00+06:00,2025-02-10T08:00:00Z,T2,0.1654,0.0,0.6794,2025-02-09T18:00:00Z,2025-02-09T06:00:00Z,14,0.074,0.4135
2025-02-10T15:00:00+06:00,2025-02-10T09:00:00Z,T1,0.1336,0.0513,0.362,2025-02-09T18:00:00Z,2025-02-09T06:00:00Z,15,0.0847,0.334
2025-02-10T15:00:00+06:00,2025-02-10T09:00:00Z,T2,0.1336,0.0513,0.362,2025-02-09T18:00:00Z,2025-02-09T06:00:00Z,15,0.0847,0.334
2025-02-10T16:00:00+06:00,2025-02-10T10:00:00Z,T1,0.0921,0.0098,0.3204,2025-02-09T18:00:00Z,2025-02-09T06:00:00Z,16,0.0987,0.2302
2025-02-10T16:00:00+06:00,2025-02-10T10:00:00Z,T2,0.0921,0.0098,0.3204,2025-02-09T18:00:00Z,2025-02-09T06:00:00Z,16,0.0987,0.2302
2025-02-10T17:00:00+06:00,2025-02-10T11:00:00Z,T1,0.0694,0.0,0.2978,2025-02-09T18:00:00Z,2025-02-09T06:00:00Z,17,0.0816,0.1735
2025-02-10T17:00:00+06:00,2025-02-10T11:00:00Z,T2,0.0694,0.0,0.2978,2025-02-09T18:00:00Z,2025-02-09T06:00:00Z,17,0.0816,0.1735
2025-02-10T18:00:00+06:00,2025-02-10T12:00:00Z,T1,0.0663,0.0,0.2947,2025-02-09T18:00:00Z,2025-02-09T06:00:00Z,18,0.0601,0.1658
2025-02-10T18:00:00+06:00,2025-02-10T12:00:00Z,T2,0.0663,0.0,0.2947,2025-02-09T18:00:00Z,2025-02-09T06:00:00Z,18,0.0601,0.1658
2025-02-10T19:00:00+06:00,2025-02-10T13:00:00Z,T1,0.0292,0.0,0.2576,2025-02-09T18:00:00Z,2025-02-09T06:00:00Z,19,0.0353,0.073
2025-02-10T19:00:00+06:00,2025-02-10T13:00:00Z,T2,0.0292,0.0,0.2576,2025-02-09T18:00:00Z,2025-02-09T06:00:00Z,19,0.0353,0.073
2025-02-10T20:00:00+06:00,2025-02-10T14:00:00Z,T1,0.0224,0.0,0.2508,2025-02-09T18:00:00Z,2025-02-09T06:00:00Z,20,0.0266,0.056
2025-02-10T20:00:00+06:00,2025-02-10T14:00:00Z,T2,0.0224,0.0,0.2508,2025-02-09T18:00:00Z,2025-02-09T06:00:00Z,20,0.0266,0.056
2025-02-10T21:00:00+06:00,2025-02-10T15:00:00Z,T1,0.0275,0.0,0.2559,2025-02-09T18:00:00Z,2025-02-09T06:00:00Z,21,0.0294,0.0688
2025-02-10T21:00:00+06:00,2025-02-10T15:00:00Z,T2,0.0275,0.0,0.2559,2025-02-09T18:00:00Z,2025-02-09T06:00:00Z,21,0.0294,0.0688
2025-02-10T22:00:00+06:00,2025-02-10T16:00:00Z,T1,0.024,0.0,0.2524,2025-02-09T18:00:00Z,2025-02-09T06:00:00Z,22,0.0292,0.06
2025-02-10T22:00:00+06:00,2025-02-10T16:00:00Z,T2,0.024,0.0,0.2524,2025-02-09T18:00:00Z,2025-02-09T06:00:00Z,22,0.0292,0.06
2025-02-10T23:00:00+06:00,2025-02-10T17:00:00Z,T1,0.0452,0.0,0.2736,2025-02-09T18:00:00Z,2025-02-09T06:00:00Z,23,0.0555,0.113
2025-02-10T23:00:00+06:00,2025-02-10T17:00:00Z,T2,0.0452,0.0,0.2736,2025-02-09T18:00:00Z,2025-02-09T06:00:00Z,23,0.0555,0.113
2025-02-11T00:00:00+06:00,2025-02-10T18:00:00Z,T1,0.2779,0.0145,0.7919,2025-02-10T18:00:00Z,2025-02-10T06:00:00Z,0,0.079,0.6948
2025-02-11T00:00:00+06:00,2025-02-10T18:00:00Z,T2,0.2779,0.0145,0.7919,2025-02-10T18:00:00Z,2025-02-10T06:00:00Z,0,0.079,0.6948
2025-02-11T01:00:00+06:00,2025-02-10T19:00:00Z,T1,0.3626,0.0993,0.8766,2025-02-10T18:00:00Z,2025-02-10T06:00:00Z,1,0.1453,0.9065
2025-02-11T01:00:00+06:00,2025-02-10T19:00:00Z,T2,0.3626,0.0993,0.8766,2025-02-10T18:00:00Z,2025-02-10T06:00:00Z,1,0.1453,0.9065
2025-02-11T02:00:00+06:00,2025-02-10T20:00:00Z,T1,0.3872,0.1238,0.9011,2025-02-10T18:00:00Z,2025-02-10T06:00:00Z,2,0.2146,0.968
2025-02-11T02:00:00+06:00,2025-02-10T20:00:00Z,T2,0.3872,0.1238,0.9011,2025-02-10T18:00:00Z,2025-02-10T06:00:00Z,2,0.2146,0.968
2025-02-11T03:00:00+06:00,2025-02-10T21:00:00Z,T1,0.4551,0.1918,0.9691,2025-02-10T18:00:00Z,2025-02-10T06:00:00Z,3,0.2935,1.1378
2025-02-11T03:00:00+06:00,2025-02-10T21:00:00Z,T2,0.4551,0.1918,0.9691,2025-02-10T18:00:00Z,2025-02-10T06:00:00Z,3,0.2935,1.1378
2025-02-11T04:00:00+06:00,2025-02-10T22:00:00Z,T1,0.5885,0.0908,0.8871,2025-02-10T18:00:00Z,2025-02-10T06:00:00Z,4,0.361,1.4712
2025-02-11T04:00:00+06:00,2025-02-10T22:00:00Z,T2,0.5885,0.0908,0.8871,2025-02-10T18:00:00Z,2025-02-10T06:00:00Z,4,0.361,1.4712
2025-02-11T05:00:00+06:00,2025-02-10T23:00:00Z,T1,0.6284,0.1307,0.927,2025-02-10T18:00:00Z,2025-02-10T06:00:00Z,5,0.4413,1.571
2025-02-11T05:00:00+06:00,2025-02-10T23:00:00Z,T2,0.6284,0.1307,0.927,2025-02-10T18:00:00Z,2025-02-10T06:00:00Z,5,0.4413,1.571
2025-02-11T06:00:00+06:00,2025-02-11T00:00:00Z,T1,0.6136,0.1159,0.9122,2025-02-10T18:00:00Z,2025-02-10T06:00:00Z,6,0.4517,1.534
2025-02-11T06:00:00+06:00,2025-02-11T00:00:00Z,T2,0.6136,0.1159,0.9122,2025-02-10T18:00:00Z,2025-02-10T06:00:00Z,6,0.4517,1.534
2025-02-11T07:00:00+06:00,2025-02-11T01:00:00Z,T1,0.6169,0.1192,0.9155,2025-02-10T18:00:00Z,2025-02-10T06:00:00Z,7,0.5266,1.5423
2025-02-11T07:00:00+06:00,2025-02-11T01:00:00Z,T2,0.6169,0.1192,0.9155,2025-02-10T18:00:00Z,2025-02-10T06:00:00Z,7,0.5266,1.5423
2025-02-11T08:00:00+06:00,2025-02-11T02:00:00Z,T1,0.6572,0.1595,0.9559,2025-02-10T18:00:00Z,2025-02-10T06:00:00Z,8,0.5885,1.643
2025-02-11T08:00:00+06:00,2025-02-11T02:00:00Z,T2,0.6572,0.1595,0.9559,2025-02-10T18:00:00Z,2025-02-10T06:00:00Z,8,0.5885,1.643
2025-02-11T09:00:00+06:00,2025-02-11T03:00:00Z,T1,0.6525,0.1548,0.9511,2025-02-10T18:00:00Z,2025-02-10T06:00:00Z,9,0.6381,1.6312
2025-02-11T09:00:00+06:00,2025-02-11T03:00:00Z,T2,0.6525,0.1548,0.9511,2025-02-10T18:00:00Z,2025-02-10T06:00:00Z,9,0.6381,1.6312
2025-02-11T10:00:00+06:00,2025-02-11T04:00:00Z,T1,0.691,0.1933,0.9896,2025-02-10T18:00:00Z,2025-02-10T06:00:00Z,10,0.7214,1.7275
2025-02-11T10:00:00+06:00,2025-02-11T04:00:00Z,T2,0.691,0.1933,0.9896,2025-02-10T18:00:00Z,2025-02-10T06:00:00Z,10,0.7214,1.7275
2025-02-11T11:00:00+06:00,2025-02-11T05:00:00Z,T1,0.7472,0.2495,1.0,2025-02-10T18:00:00Z,2025-02-10T06:00:00Z,11,0.769,1.868
2025-02-11T11:00:00+06:00,2025-02-11T05:00:00Z,T2,0.7472,0.2495,1.0,2025-02-10T18:00:00Z,2025-02-10T06:00:00Z,11,0.769,1.868
2025-02-11T12:00:00+06:00,2025-02-11T06:00:00Z,T1,0.8843,0.5258,0.9693,2025-02-10T18:00:00Z,2025-02-10T06:00:00Z,12,0.8676,2.2108
2025-02-11T12:00:00+06:00,2025-02-11T06:00:00Z,T2,0.8843,0.5258,0.9693,2025-02-10T18:00:00Z,2025-02-10T06:00:00Z,12,0.8676,2.2108
2025-02-11T13:00:00+06:00,2025-02-11T07:00:00Z,T1,0.9111,0.5526,0.9961,2025-02-10T18:00:00Z,2025-02-10T06:00:00Z,13,0.9004,2.2778
2025-02-11T13:00:00+06:00,2025-02-11T07:00:00Z,T2,0.9111,0.5526,0.9961,2025-02-10T18:00:00Z,2025-02-10T06:00:00Z,13,0.9004,2.2778
2025-02-11T14:00:00+06:00,2025-02-11T08:00:00Z,T1,0.8972,0.5387,0.9822,2025-02-10T18:00:00Z,2025-02-10T06:00:00Z,14,0.8952,2.243
2025-02-11T14:00:00+06:00,2025-02-11T08:00:00Z,T2,0.8972,0.5387,0.9822,2025-02-10T18:00:00Z,2025-02-10T06:00:00Z,14,0.8952,2.243
2025-02-11T15:00:00+06:00,2025-02-11T09:00:00Z,T1,0.8585,0.5001,0.9435,2025-02-10T18:00:00Z,2025-02-10T06:00:00Z,15,0.8585,2.1463
2025-02-11T15:00:00+06:00,2025-02-11T09:00:00Z,T2,0.8585,0.5001,0.9435,2025-02-10T18:00:00Z,2025-02-10T06:00:00Z,15,0.8585,2.1463
2025-02-11T16:00:00+06:00,2025-02-11T10:00:00Z,T1,0.8471,0.3495,1.0,2025-02-10T18:00:00Z,2025-02-10T06:00:00Z,16,0.834,2.1178
2025-02-11T16:00:00+06:00,2025-02-11T10:00:00Z,T2,0.8471,0.3495,1.0,2025-02-10T18:00:00Z,2025-02-10T06:00:00Z,16,0.834,2.1178
2025-02-11T17:00:00+06:00,2025-02-11T11:00:00Z,T1,0.8471,0.3495,1.0,2025-02-10T18:00:00Z,2025-02-10T06:00:00Z,17,0.8471,2.1178
2025-02-11T17:00:00+06:00,2025-02-11T11:00:00Z,T2,0.8471,0.3495,1.0,2025-02-10T18:00:00Z,2025-02-10T06:00:00Z,17,0.8471,2.1178
2025-02-11T18:00:00+06:00,2025-02-11T12:00:00Z,T1,0.7963,0.2986,1.0,2025-02-10T18:00:00Z,2025-02-10T06:00:00Z,18,0.7727,1.9908
2025-02-11T18:00:00+06:00,2025-02-11T12:00:00Z,T2,0.7963,0.2986,1.0,2025-02-10T18:00:00Z,2025-02-10T06:00:00Z,18,0.7727,1.9908
2025-02-11T19:00:00+06:00,2025-02-11T13:00:00Z,T1,0.7269,0.2293,1.0,2025-02-10T18:00:00Z,2025-02-10T06:00:00Z,19,0.6651,1.8172
2025-02-11T19:00:00+06:00,2025-02-11T13:00:00Z,T2,0.7269,0.2293,1.0,2025-02-10T18:00:00Z,2025-02-10T06:00:00Z,19,0.6651,1.8172
2025-02-11T20:00:00+06:00,2025-02-11T14:00:00Z,T1,0.6865,0.1888,0.9851,2025-02-10T18:00:00Z,2025-02-10T06:00:00Z,20,0.6397,1.7162
2025-02-11T20:00:00+06:00,2025-02-11T14:00:00Z,T2,0.6865,0.1888,0.9851,2025-02-10T18:00:00Z,2025-02-10T06:00:00Z,20,0.6397,1.7162
2025-02-11T21:00:00+06:00,2025-02-11T15:00:00Z,T1,0.6984,0.2007,0.997,2025-02-10T18:00:00Z,2025-02-10T06:00:00Z,21,0.6541,1.746
2025-02-11T21:00:00+06:00,2025-02-11T15:00:00Z,T2,0.6984,0.2007,0.997,2025-02-10T18:00:00Z,2025-02-10T06:00:00Z,21,0.6541,1.746
2025-02-11T22:00:00+06:00,2025-02-11T16:00:00Z,T1,0.7512,0.2535,1.0,2025-02-10T18:00:00Z,2025-02-10T06:00:00Z,22,0.7028,1.878
2025-02-11T22:00:00+06:00,2025-02-11T16:00:00Z,T2,0.7512,0.2535,1.0,2025-02-10T18:00:00Z,2025-02-10T06:00:00Z,22,0.7028,1.878
2025-02-11T23:00:00+06:00,2025-02-11T17:00:00Z,T1,0.7129,0.2152,1.0,2025-02-10T18:00:00Z,2025-02-10T06:00:00Z,23,0.7042,1.7822
2025-02-11T23:00:00+06:00,2025-02-11T17:00:00Z,T2,0.7129,0.2152,1.0,2025-02-10T18:00:00Z,2025-02-10T06:00:00Z,23,0.7042,1.7822
2025-02-12T00:00:00+06:00,2025-02-11T18:00:00Z,T1,0.6202,0.1225,0.9188,2025-02-11T18:00:00Z,2025-02-11T06:00:00Z,0,0.4089,1.5505
2025-02-12T00:00:00+06:00,2025-02-11T18:00:00Z,T2,0.6202,0.1225,0.9188,2025-02-11T18:00:00Z,2025-02-11T06:00:00Z,0,0.4089,1.5505
2025-02-12T01:00:00+06:00,2025-02-11T19:00:00Z,T1,0.0858,0.0036,0.3142,2025-02-11T18:00:00Z,2025-02-11T06:00:00Z,1,0.0248,0.2145
2025-02-12T01:00:00+06:00,2025-02-11T19:00:00Z,T2,0.0858,0.0036,0.3142,2025-02-11T18:00:00Z,2025-02-11T06:00:00Z,1,0.0248,0.2145
2025-02-12T02:00:00+06:00,2025-02-11T20:00:00Z,T1,0.217,0.0,0.731,2025-02-11T18:00:00Z,2025-02-11T06:00:00Z,2,0.3938,0.5425
2025-02-12T02:00:00+06:00,2025-02-11T20:00:00Z,T2,0.217,0.0,0.731,2025-02-11T18:00:00Z,2025-02-11T06:00:00Z,2,0.3938,0.5425
2025-02-12T03:00:00+06:00,2025-02-11T21:00:00Z,T1,0.4038,0.1405,0.9178,2025-02-11T18:00:00Z,2025-02-11T06:00:00Z,3,0.3971,1.0095
2025-02-12T03:00:00+06:00,2025-02-11T21:00:00Z,T2,0.4038,0.1405,0.9178,2025-02-11T18:00:00Z,2025-02-11T06:00:00Z,3,0.3971,1.0095
2025-02-12T04:00:00+06:00,2025-02-11T22:00:00Z,T1,0.4795,0.2161,0.9934,2025-02-11T18:00:00Z,2025-02-11T06:00:00Z,4,0.4534,1.1988
2025-02-12T04:00:00+06:00,2025-02-11T22:00:00Z,T2,0.4795,0.2161,0.9934,2025-02-11T18:00:00Z,2025-02-11T06:00:00Z,4,0.4534,1.1988
2025-02-12T05:00:00+06:00,2025-02-11T23:00:00Z,T1,0.4379,0.1745,0.9519,2025-02-11T18:00:00Z,2025-02-11T06:00:00Z,5,0.4259,1.0948
2025-02-12T05:00:00+06:00,2025-02-11T23:00:00Z,T2,0.4379,0.1745,0.9519,2025-02-11T18:00:00Z,2025-02-11T06:00:00Z,5,0.4259,1.0948
2025-02-12T06:00:00+06:00,2025-02-12T00:00:00Z,T1,0.443,0.1797,0.957,2025-02-11T18:00:00Z,2025-02-11T06:00:00Z,6,0.4259,1.1075
2025-02-12T06:00:00+06:00,2025-02-12T00:00:00Z,T2,0.443,0.1797,0.957,2025-02-11T18:00:00Z,2025-02-11T06:00:00Z,6,0.4259,1.1075
2025-02-12T07:00:00+06:00,2025-02-12T01:00:00Z,T1,0.4157,0.1523,0.9297,2025-02-11T18:00:00Z,2025-02-11T06:00:00Z,7,0.3888,1.0392
2025-02-12T07:00:00+06:00,2025-02-12T01:00:00Z,T2,0.4157,0.1523,0.9297,2025-02-11T18:00:00Z,2025-02-11T06:00:00Z,7,0.3888,1.0392
2025-02-12T08:00:00+06:00,2025-02-12T02:00:00Z,T1,0.3724,0.109,0.8863,2025-02-11T18:00:00Z,2025-02-11T06:00:00Z,8,0.4022,0.931
2025-02-12T08:00:00+06:00,2025-02-12T02:00:00Z,T2,0.3724,0.109,0.8863,2025-02-11T18:00:00Z,2025-02-11T06:00:00Z,8,0.4022,0.931
2025-02-12T09:00:00+06:00,2025-02-12T03:00:00Z,T1,0.3097,0.0464,0.8237,2025-02-11T18:00:00Z,2025-02-11T06:00:00Z,9,0.3372,0.7742
2025-02-12T09:00:00+06:00,2025-02-12T03:00:00Z,T2,0.3097,0.0464,0.8237,2025-02-11T18:00:00Z,2025-02-11T06:00:00Z,9,0.3372,0.7742
2025-02-12T10:00:00+06:00,2025-02-12T04:00:00Z,T1,0.1888,0.0,0.7028,2025-02-11T18:00:00Z,2025-02-11T06:00:00Z,10,0.2417,0.472
2025-02-12T10:00:00+06:00,2025-02-12T04:00:00Z,T2,0.1888,0.0,0.7028,2025-02-11T18:00:00Z,2025-02-11T06:00:00Z,10,0.2417,0.472
2025-02-12T11:00:00+06:00,2025-02-12T05:00:00Z,T1,0.2668,0.0034,0.7808,2025-02-11T18:00:00Z,2025-02-11T06:00:00Z,11,0.3279,0.667
2025-02-12T11:00:00+06:00,2025-02-12T05:00:00Z,T2,0.2668,0.0034,0.7808,2025-02-11T18:00:00Z,2025-02-11T06:00:00Z,11,0.3279,0.667
2025-02-12T12:00:00+06:00,2025-02-12T06:00:00Z,T1,0.4482,0.1849,0.9622,2025-02-11T18:00:00Z,2025-02-11T06:00:00Z,12,0.3594,1.1205
2025-02-12T12:00:00+06:00,2025-02-12T06:00:00Z,T2,0.4482,0.1849,0.9622,2025-02-11T18:00:00Z,2025-02-11T06:00:00Z,12,0.3594,1.1205
2025-02-12T13:00:00+06:00,2025-02-12T07:00:00Z,T1,0.4569,0.1935,0.9709,2025-02-11T18:00:00Z,2025-02-11T06:00:00Z,13,0.3127,1.1422
2025-02-12T13:00:00+06:00,2025-02-12T07:00:00Z,T2,0.4569,0.1935,0.9709,2025-02-11T18:00:00Z,2025-02-11T06:00:00Z,13,0.3127,1.1422
2025-02-12T14:00:00+06:00,2025-02-12T08:00:00Z,T1,0.4517,0.1883,0.9657,2025-02-11T18:00:00Z,2025-02-11T06:00:00Z,14,0.3498,1.1292
2025-02-12T14:00:00+06:00,2025-02-12T08:00:00Z,T2,0.4517,0.1883,0.9657,2025-02-11T18:00:00Z,2025-02-11T06:00:00Z,14,0.3498,1.1292
2025-02-12T15:00:00+06:00,2025-02-12T09:00:00Z,T1,0.4055,0.1422,0.9195,2025-02-11T18:00:00Z,2025-02-11T06:00:00Z,15,0.4072,1.0138
2025-02-12T15:00:00+06:00,2025-02-12T09:00:00Z,T2,0.4055,0.1422,0.9195,2025-02-11T18:00:00Z,2025-02-11T06:00:00Z,15,0.4072,1.0138
2025-02-12T16:00:00+06:00,2025-02-12T10:00:00Z,T1,0.5646,0.0669,0.8633,2025-02-11T18:00:00Z,2025-02-11T06:00:00Z,16,0.5126,1.4115
2025-02-12T16:00:00+06:00,2025-02-12T10:00:00Z,T2,0.5646,0.0669,0.8633,2025-02-11T18:00:00Z,2025-02-11T06:00:00Z,16,0.5126,1.4115
2025-02-12T17:00:00+06:00,2025-02-12T11:00:00Z,T1,0.53,0.0323,0.8287,2025-02-11T18:00:00Z,2025-02-11T06:00:00Z,17,0.5196,1.325
2025-02-12T17:00:00+06:00,2025-02-12T11:00:00Z,T2,0.53,0.0323,0.8287,2025-02-11T18:00:00Z,2025-02-11T06:00:00Z,17,0.5196,1.325
2025-02-12T18:00:00+06:00,2025-02-12T12:00:00Z,T1,0.6429,0.1452,0.9416,2025-02-11T18:00:00Z,2025-02-11T06:00:00Z,18,0.4812,1.6072
2025-02-12T18:00:00+06:00,2025-02-12T12:00:00Z,T2,0.6429,0.1452,0.9416,2025-02-11T18:00:00Z,2025-02-11T06:00:00Z,18,0.4812,1.6072
2025-02-12T19:00:00+06:00,2025-02-12T13:00:00Z,T1,0.4986,0.2353,1.0,2025-02-11T18:00:00Z,2025-02-11T06:00:00Z,19,0.2994,1.2465
2025-02-12T19:00:00+06:00,2025-02-12T13:00:00Z,T2,0.4986,0.2353,1.0,2025-02-11T18:00:00Z,2025-02-11T06:00:00Z,19,0.2994,1.2465
2025-02-12T20:00:00+06:00,2025-02-12T14:00:00Z,T1,0.3157,0.0524,0.8297,2025-02-11T18:00:00Z,2025-02-11T06:00:00Z,20,0.2266,0.7892
2025-02-12T20:00:00+06:00,2025-02-12T14:00:00Z,T2,0.3157,0.0524,0.8297,2025-02-11T18:00:00Z,2025-02-11T06:00:00Z,20,0.2266,0.7892
2025-02-12T21:00:00+06:00,2025-02-12T15:00:00Z,T1,0.2008,0.0,0.7148,2025-02-11T18:00:00Z,2025-02-11T06:00:00Z,21,0.1953,0.502
2025-02-12T21:00:00+06:00,2025-02-12T15:00:00Z,T2,0.2008,0.0,0.7148,2025-02-11T18:00:00Z,2025-02-11T06:00:00Z,21,0.1953,0.502
2025-02-12T22:00:00+06:00,2025-02-12T16:00:00Z,T1,0.192,0.0,0.706,2025-02-11T18:00:00Z,2025-02-11T06:00:00Z,22,0.1488,0.48
2025-02-12T22:00:00+06:00,2025-02-12T16:00:00Z,T2,0.192,0.0,0.706,2025-02-11T18:00:00Z,2025-02-11T06:00:00Z,22,0.1488,0.48
2025-02-12T23:00:00+06:00,2025-02-12T17:00:00Z,T1,0.1625,0.0,0.6765,2025-02-11T18:00:00Z,2025-02-11T06:00:00Z,23,0.1288,0.4062
2025-02-12T23:00:00+06:00,2025-02-12T17:00:00Z,T2,0.1625,0.0,0.6765,2025-02-11T18:00:00Z,2025-02-11T06:00:00Z,23,0.1288,0.4062
2025-02-13T00:00:00+06:00,2025-02-12T18:00:00Z,T1,0.1909,0.0,0.7049,2025-02-12T18:00:00Z,2025-02-12T06:00:00Z,0,0.1377,0.4772
2025-02-13T00:00:00+06:00,2025-02-12T18:00:00Z,T2,0.1909,0.0,0.7049,2025-02-12T18:00:00Z,2025-02-12T06:00:00Z,0,0.1377,0.4772
2025-02-13T01:00:00+06:00,2025-02-12T19:00:00Z,T1,0.202,0.0,0.716,2025-02-12T18:00:00Z,2025-02-12T06:00:00Z,1,0.0993,0.505
2025-02-13T01:00:00+06:00,2025-02-12T19:00:00Z,T2,0.202,0.0,0.716,2025-02-12T18:00:00Z,2025-02-12T06:00:00Z,1,0.0993,0.505
2025-02-13T02:00:00+06:00,2025-02-12T20:00:00Z,T1,0.2088,0.0,0.7228,2025-02-12T18:00:00Z,2025-02-12T06:00:00Z,2,0.1012,0.522
2025-02-13T02:00:00+06:00,2025-02-12T20:00:00Z,T2,0.2088,0.0,0.7228,2025-02-12T18:00:00Z,2025-02-12T06:00:00Z,2,0.1012,0.522
2025-02-13T03:00:00+06:00,2025-02-12T21:00:00Z,T1,0.2468,0.0,0.7608,2025-02-12T18:00:00Z,2025-02-12T06:00:00Z,3,0.1257,0.617
2025-02-13T03:00:00+06:00,2025-02-12T21:00:00Z,T2,0.2468,0.0,0.7608,2025-02-12T18:00:00Z,2025-02-12T06:00:00Z,3,0.1257,0.617
2025-02-13T04:00:00+06:00,2025-02-12T22:00:00Z,T1,0.2587,0.0,0.7727,2025-02-12T18:00:00Z,2025-02-12T06:00:00Z,4,0.136,0.6467
2025-02-13T04:00:00+06:00,2025-02-12T22:00:00Z,T2,0.2587,0.0,0.7727,2025-02-12T18:00:00Z,2025-02-12T06:00:00Z,4,0.136,0.6467
2025-02-13T05:00:00+06:00,2025-02-12T23:00:00Z,T1,0.2779,0.0145,0.7919,2025-02-12T18:00:00Z,2025-02-12T06:00:00Z,5,0.132,0.6948
2025-02-13T05:00:00+06:00,2025-02-12T23:00:00Z,T2,0.2779,0.0145,0.7919,2025-02-12T18:00:00Z,2025-02-12T06:00:00Z,5,0.132,0.6948
2025-02-13T06:00:00+06:00,2025-02-13T00:00:00Z,T1,0.217,0.0,0.731,2025-02-12T18:00:00Z,2025-02-12T06:00:00Z,6,0.1057,0.5425
2025-02-13T06:00:00+06:00,2025-02-13T00:00:00Z,T2,0.217,0.0,0.731,2025-02-12T18:00:00Z,2025-02-12T06:00:00Z,6,0.1057,0.5425
2025-02-13T07:00:00+06:00,2025-02-13T01:00:00Z,T1,0.1132,0.0309,0.3416,2025-02-12T18:00:00Z,2025-02-12T06:00:00Z,7,0.0582,0.283
2025-02-13T07:00:00+06:00,2025-02-13T01:00:00Z,T2,0.1132,0.0309,0.3416,2025-02-12T18:00:00Z,2025-02-12T06:00:00Z,7,0.0582,0.283
2025-02-13T08:00:00+06:00,2025-02-13T02:00:00Z,T1,0.0468,0.0,0.2751,2025-02-12T18:00:00Z,2025-02-12T06:00:00Z,8,0.0298,0.117
2025-02-13T08:00:00+06:00,2025-02-13T02:00:00Z,T2,0.0468,0.0,0.2751,2025-02-12T18:00:00Z,2025-02-12T06:00:00Z,8,0.0298,0.117
2025-02-13T09:00:00+06:00,2025-02-13T03:00:00Z,T1,0.0197,0.0,0.2481,2025-02-12T18:00:00Z,2025-02-12T06:00:00Z,9,0.0174,0.0492
2025-02-13T09:00:00+06:00,2025-02-13T03:00:00Z,T2,0.0197,0.0,0.2481,2025-02-12T18:00:00Z,2025-02-12T06:00:00Z,9,0.0174,0.0492
2025-02-13T10:00:00+06:00,2025-02-13T04:00:00Z,T1,0.0174,0.0,0.2458,2025-02-12T18:00:00Z,2025-02-12T06:00:00Z,10,0.0115,0.0435
2025-02-13T10:00:00+06:00,2025-02-13T04:00:00Z,T2,0.0174,0.0,0.2458,2025-02-12T18:00:00Z,2025-02-12T06:00:00Z,10,0.0115,0.0435
2025-02-13T11:00:00+06:00,2025-02-13T05:00:00Z,T1,0.0238,0.0,0.2522,2025-02-12T18:00:00Z,2025-02-12T06:00:00Z,11,0.0154,0.0595
2025-02-13T11:00:00+06:00,2025-02-13T05:00:00Z,T2,0.0238,0.0,0.2522,2025-02-12T18:00:00Z,2025-02-12T06:00:00Z,11,0.0154,0.0595
2025-02-13T12:00:00+06:00,2025-02-13T06:00:00Z,T1,0.0334,0.0,0.2618,2025-02-12T18:00:00Z,2025-02-12T06:00:00Z,12,0.0224,0.0835
2025-02-13T12:00:00+06:00,2025-02-13T06:00:00Z,T2,0.0334,0.0,0.2618,2025-02-12T18:00:00Z,2025-02-12T06:00:00Z,12,0.0224,0.0835
2025-02-13T13:00:00+06:00,2025-02-13T07:00:00Z,T1,0.0605,0.0,0.2889,2025-02-12T18:00:00Z,2025-02-12T06:00:00Z,13,0.0409,0.1512
2025-02-13T13:00:00+06:00,2025-02-13T07:00:00Z,T2,0.0605,0.0,0.2889,2025-02-12T18:00:00Z,2025-02-12T06:00:00Z,13,0.0409,0.1512
2025-02-13T14:00:00+06:00,2025-02-13T08:00:00Z,T1,0.076,0.0,0.3044,2025-02-12T18:00:00Z,2025-02-12T06:00:00Z,14,0.0638,0.19
2025-02-13T14:00:00+06:00,2025-02-13T08:00:00Z,T2,0.076,0.0,0.3044,2025-02-12T18:00:00Z,2025-02-12T06:00:00Z,14,0.0638,0.19
2025-02-13T15:00:00+06:00,2025-02-13T09:00:00Z,T1,0.0858,0.0036,0.3142,2025-02-12T18:00:00Z,2025-02-12T06:00:00Z,15,0.0993,0.2145
2025-02-13T15:00:00+06:00,2025-02-13T09:00:00Z,T2,0.0858,0.0036,0.3142,2025-02-12T18:00:00Z,2025-02-12T06:00:00Z,15,0.0993,0.2145
2025-02-13T16:00:00+06:00,2025-02-13T10:00:00Z,T1,0.0926,0.0104,0.321,2025-02-12T18:00:00Z,2025-02-12T06:00:00Z,16,0.1506,0.2315
2025-02-13T16:00:00+06:00,2025-02-13T10:00:00Z,T2,0.0926,0.0104,0.321,2025-02-12T18:00:00Z,2025-02-12T06:00:00Z,16,0.1506,0.2315
2025-02-13T17:00:00+06:00,2025-02-13T11:00:00Z,T1,0.1219,0.0396,0.3503,2025-02-12T18:00:00Z,2025-02-12T06:00:00Z,17,0.2378,0.3047
2025-02-13T17:00:00+06:00,2025-02-13T11:00:00Z,T2,0.1219,0.0396,0.3503,2025-02-12T18:00:00Z,2025-02-12T06:00:00Z,17,0.2378,0.3047
2025-02-13T18:00:00+06:00,2025-02-13T12:00:00Z,T1,0.1479,0.0656,0.3763,2025-02-12T18:00:00Z,2025-02-12T06:00:00Z,18,0.2964,0.3698
2025-02-13T18:00:00+06:00,2025-02-13T12:00:00Z,T2,0.1479,0.0656,0.3763,2025-02-12T18:00:00Z,2025-02-12T06:00:00Z,18,0.2964,0.3698
2025-02-13T19:00:00+06:00,2025-02-13T13:00:00Z,T1,0.0956,0.0133,0.324,2025-02-12T18:00:00Z,2025-02-12T06:00:00Z,19,0.2994,0.239
2025-02-13T19:00:00+06:00,2025-02-13T13:00:00Z,T2,0.0956,0.0133,0.324,2025-02-12T18:00:00Z,2025-02-12T06:00:00Z,19,0.2994,0.239
2025-02-13T20:00:00+06:00,2025-02-13T14:00:00Z,T1,0.0617,0.0,0.2901,2025-02-12T18:00:00Z,2025-02-12T06:00:00Z,20,0.2291,0.1542
2025-02-13T20:00:00+06:00,2025-02-13T14:00:00Z,T2,0.0617,0.0,0.2901,2025-02-12T18:00:00Z,2025-02-12T06:00:00Z,20,0.2291,0.1542
2025-02-13T21:00:00+06:00,2025-02-13T15:00:00Z,T1,0.1551,0.0,0.6691,2025-02-12T18:00:00Z,2025-02-12T06:00:00Z,21,0.3142,0.3878
2025-02-13T21:00:00+06:00,2025-02-13T15:00:00Z,T2,0.1551,0.0,0.6691,2025-02-12T18:00:00Z,2025-02-12T06:00:00Z,21,0.3142,0.3878
2025-02-13T22:00:00+06:00,2025-02-13T16:00:00Z,T1,0.3435,0.0801,0.8575,2025-02-12T18:00:00Z,2025-02-12T06:00:00Z,22,0.4707,0.8588
2025-02-13T22:00:00+06:00,2025-02-13T16:00:00Z,T2,0.3435,0.0801,0.8575,2025-02-12T18:00:00Z,2025-02-12T06:00:00Z,22,0.4707,0.8588
2025-02-13T23:00:00+06:00,2025-02-13T17:00:00Z,T1,0.3546,0.0912,0.8686,2025-02-12T18:00:00Z,2025-02-12T06:00:00Z,23,0.5021,0.8865
2025-02-13T23:00:00+06:00,2025-02-13T17:00:00Z,T2,0.3546,0.0912,0.8686,2025-02-12T18:00:00Z,2025-02-12T06:00:00Z,23,0.5021,0.8865
2025-02-14T00:00:00+06:00,2025-02-13T18:00:00Z,T1,0.2111,0.0,0.7251,2025-02-13T18:00:00Z,2025-02-13T06:00:00Z,0,0.295,0.5278
2025-02-14T00:00:00+06:00,2025-02-13T18:00:00Z,T2,0.2111,0.0,0.7251,2025-02-13T18:00:00Z,2025-02-13T06:00:00Z,0,0.295,0.5278
2025-02-14T01:00:00+06:00,2025-02-13T19:00:00Z,T1,0.1402,0.0579,0.3686,2025-02-13T18:00:00Z,2025-02-13T06:00:00Z,1,0.3203,0.3505
2025-02-14T01:00:00+06:00,2025-02-13T19:00:00Z,T2,0.1402,0.0579,0.3686,2025-02-13T18:00:00Z,2025-02-13T06:00:00Z,1,0.3203,0.3505
2025-02-14T02:00:00+06:00,2025-02-13T20:00:00Z,T1,0.1344,0.0521,0.3628,2025-02-13T18:00:00Z,2025-02-13T06:00:00Z,2,0.2994,0.336
2025-02-14T02:00:00+06:00,2025-02-13T20:00:00Z,T2,0.1344,0.0521,0.3628,2025-02-13T18:00:00Z,2025-02-13T06:00:00Z,2,0.2994,0.336
2025-02-14T03:00:00+06:00,2025-02-13T21:00:00Z,T1,0.1515,0.0,0.6655,2025-02-13T18:00:00Z,2025-02-13T06:00:00Z,3,0.2266,0.3787
2025-02-14T03:00:00+06:00,2025-02-13T21:00:00Z,T2,0.1515,0.0,0.6655,2025-02-13T18:00:00Z,2025-02-13T06:00:00Z,3,0.2266,0.3787
2025-02-14T04:00:00+06:00,2025-02-13T22:00:00Z,T1,0.1328,0.0505,0.3611,2025-02-13T18:00:00Z,2025-02-13T06:00:00Z,4,0.1597,0.332
2025-02-14T04:00:00+06:00,2025-02-13T22:00:00Z,T2,0.1328,0.0505,0.3611,2025-02-13T18:00:00Z,2025-02-13T06:00:00Z,4,0.1597,0.332
2025-02-14T05:00:00+06:00,2025-02-13T23:00:00Z,T1,0.1006,0.0183,0.329,2025-02-13T18:00:00Z,2025-02-13T06:00:00Z,5,0.0956,0.2515
2025-02-14T05:00:00+06:00,2025-02-13T23:00:00Z,T2,0.1006,0.0183,0.329,2025-02-13T18:00:00Z,2025-02-13T06:00:00Z,5,0.0956,0.2515
2025-02-14T06:00:00+06:00,2025-02-14T00:00:00Z,T1,0.074,0.0,0.3024,2025-02-13T18:00:00Z,2025-02-13T06:00:00Z,6,0.0956,0.185
2025-02-14T06:00:00+06:00,2025-02-14T00:00:00Z,T2,0.074,0.0,0.3024,2025-02-13T18:00:00Z,2025-02-13T06:00:00Z,6,0.0956,0.185
2025-02-14T07:00:00+06:00,2025-02-14T01:00:00Z,T1,0.0842,0.0019,0.3126,2025-02-13T18:00:00Z,2025-02-13T06:00:00Z,7,0.1204,0.2105
2025-02-14T07:00:00+06:00,2025-02-14T01:00:00Z,T2,0.0842,0.0019,0.3126,2025-02-13T18:00:00Z,2025-02-13T06:00:00Z,7,0.1204,0.2105
2025-02-14T08:00:00+06:00,2025-02-14T02:00:00Z,T1,0.1118,0.0295,0.3402,2025-02-13T18:00:00Z,2025-02-13T06:00:00Z,8,0.136,0.2795
2025-02-14T08:00:00+06:00,2025-02-14T02:00:00Z,T2,0.1118,0.0295,0.3402,2025-02-13T18:00:00Z,2025-02-13T06:00:00Z,8,0.136,0.2795
2025-02-14T09:00:00+06:00,2025-02-14T03:00:00Z,T1,0.1272,0.045,0.3556,2025-02-13T18:00:00Z,2025-02-13T06:00:00Z,9,0.1352,0.318
2025-02-14T09:00:00+06:00,2025-02-14T03:00:00Z,T2,0.1272,0.045,0.3556,2025-02-13T18:00:00Z,2025-02-13T06:00:00Z,9,0.1352,0.318
2025-02-14T10:00:00+06:00,2025-02-14T04:00:00Z,T1,0.1044,0.0221,0.3328,2025-02-13T18:00:00Z,2025-02-13T06:00:00Z,10,0.1226,0.261
2025-02-14T10:00:00+06:00,2025-02-14T04:00:00Z,T2,0.1044,0.0221,0.3328,2025-02-13T18:00:00Z,2025-02-13T06:00:00Z,10,0.1226,0.261
2025-02-14T11:00:00+06:00,2025-02-14T05:00:00Z,T1,0.2534,0.0,0.7674,2025-02-13T18:00:00Z,2025-02-13T06:00:00Z,11,0.3388,0.6335
2025-02-14T11:00:00+06:00,2025-02-14T05:00:00Z,T2,0.2534,0.0,0.7674,2025-02-13T18:00:00Z,2025-02-13T06:00:00Z,11,0.3388,0.6335
2025-02-14T12:00:00+06:00,2025-02-14T06:00:00Z,T1,0.5144,0.0167,0.813,2025-02-13T18:00:00Z,2025-02-13T06:00:00Z,12,0.6152,1.286
2025-02-14T12:00:00+06:00,2025-02-14T06:00:00Z,T2,0.5144,0.0167,0.813,2025-02-13T18:00:00Z,2025-02-13T06:00:00Z,12,0.6152,1.286
2025-02-14T13:00:00+06:00,2025-02-14T07:00:00Z,T1,0.5851,0.0874,0.8837,2025-02-13T18:00:00Z,2025-02-13T06:00:00Z,13,0.6835,1.4627
2025-02-14T13:00:00+06:00,2025-02-14T07:00:00Z,T2,0.5851,0.0874,0.8837,2025-02-13T18:00:00Z,2025-02-13T06:00:00Z,13,0.6835,1.4627
2025-02-14T14:00:00+06:00,2025-02-14T08:00:00Z,T1,0.5612,0.0635,0.8598,2025-02-13T18:00:00Z,2025-02-13T06:00:00Z,14,0.6509,1.403
2025-02-14T14:00:00+06:00,2025-02-14T08:00:00Z,T2,0.5612,0.0635,0.8598,2025-02-13T18:00:00Z,2025-02-13T06:00:00Z,14,0.6509,1.403
2025-02-14T15:00:00+06:00,2025-02-14T09:00:00Z,T1,0.53,0.0323,0.8287,2025-02-13T18:00:00Z,2025-02-13T06:00:00Z,15,0.5919,1.325
2025-02-14T15:00:00+06:00,2025-02-14T09:00:00Z,T2,0.53,0.0323,0.8287,2025-02-13T18:00:00Z,2025-02-13T06:00:00Z,15,0.5919,1.325
2025-02-14T16:00:00+06:00,2025-02-14T10:00:00Z,T1,0.4603,0.197,0.9743,2025-02-13T18:00:00Z,2025-02-13T06:00:00Z,16,0.5405,1.1508
2025-02-14T16:00:00+06:00,2025-02-14T10:00:00Z,T2,0.4603,0.197,0.9743,2025-02-13T18:00:00Z,2025-02-13T06:00:00Z,16,0.5405,1.1508
2025-02-14T17:00:00+06:00,2025-02-14T11:00:00Z,T1,0.4089,0.1456,0.9229,2025-02-13T18:00:00Z,2025-02-13T06:00:00Z,17,0.5698,1.0222
2025-02-14T17:00:00+06:00,2025-02-14T11:00:00Z,T2,0.4089,0.1456,0.9229,2025-02-13T18:00:00Z,2025-02-13T06:00:00Z,17,0.5698,1.0222
2025-02-14T18:00:00+06:00,2025-02-14T12:00:00Z,T1,0.5144,0.0167,0.813,2025-02-13T18:00:00Z,2025-02-13T06:00:00Z,18,0.5577,1.286
2025-02-14T18:00:00+06:00,2025-02-14T12:00:00Z,T2,0.5144,0.0167,0.813,2025-02-13T18:00:00Z,2025-02-13T06:00:00Z,18,0.5577,1.286
2025-02-14T19:00:00+06:00,2025-02-14T13:00:00Z,T1,0.3707,0.1074,0.8847,2025-02-13T18:00:00Z,2025-02-13T06:00:00Z,19,0.4038,0.9268
2025-02-14T19:00:00+06:00,2025-02-14T13:00:00Z,T2,0.3707,0.1074,0.8847,2025-02-13T18:00:00Z,2025-02-13T06:00:00Z,19,0.4038,0.9268
2025-02-14T20:00:00+06:00,2025-02-14T14:00:00Z,T1,0.2807,0.0173,0.7947,2025-02-13T18:00:00Z,2025-02-13T06:00:00Z,20,0.2835,0.7018
2025-02-14T20:00:00+06:00,2025-02-14T14:00:00Z,T2,0.2807,0.0173,0.7947,2025-02-13T18:00:00Z,2025-02-13T06:00:00Z,20,0.2835,0.7018
2025-02-14T21:00:00+06:00,2025-02-14T15:00:00Z,T1,0.3279,0.0646,0.8419,2025-02-13T18:00:00Z,2025-02-13T06:00:00Z,21,0.3142,0.8198
2025-02-14T21:00:00+06:00,2025-02-14T15:00:00Z,T2,0.3279,0.0646,0.8419,2025-02-13T18:00:00Z,2025-02-13T06:00:00Z,21,0.3142,0.8198
2025-02-14T22:00:00+06:00,2025-02-14T16:00:00Z,T1,0.4072,0.1439,0.9212,2025-02-13T18:00:00Z,2025-02-13T06:00:00Z,22,0.4106,1.018
2025-02-14T22:00:00+06:00,2025-02-14T16:00:00Z,T2,0.4072,0.1439,0.9212,2025-02-13T18:00:00Z,2025-02-13T06:00:00Z,22,0.4106,1.018
2025-02-14T23:00:00+06:00,2025-02-14T17:00:00Z,T1,0.4396,0.1762,0.9536,2025-02-13T18:00:00Z,2025-02-13T06:00:00Z,23,0.4499,1.099
2025-02-14T23:00:00+06:00,2025-02-14T17:00:00Z,T2,0.4396,0.1762,0.9536,2025-02-13T18:00:00Z,2025-02-13T06:00:00Z,23,0.4499,1.099
2025-02-15T00:00:00+06:00,2025-02-14T18:00:00Z,T1,0.4089,0.1456,0.9229,2025-02-14T18:00:00Z,2025-02-14T06:00:00Z,0,0.4106,1.0222
2025-02-15T00:00:00+06:00,2025-02-14T18:00:00Z,T2,0.4089,0.1456,0.9229,2025-02-14T18:00:00Z,2025-02-14T06:00:00Z,0,0.4106,1.0222
2025-02-15T01:00:00+06:00,2025-02-14T19:00:00Z,T1,0.3921,0.1288,0.9061,2025-02-14T18:00:00Z,2025-02-14T06:00:00Z,1,0.3955,0.9802
2025-02-15T01:00:00+06:00,2025-02-14T19:00:00Z,T2,0.3921,0.1288,0.9061,2025-02-14T18:00:00Z,2025-02-14T06:00:00Z,1,0.3955,0.9802
2025-02-15T02:00:00+06:00,2025-02-14T20:00:00Z,T1,0.4465,0.1831,0.9605,2025-02-14T18:00:00Z,2025-02-14T06:00:00Z,2,0.4191,1.1162
2025-02-15T02:00:00+06:00,2025-02-14T20:00:00Z,T2,0.4465,0.1831,0.9605,2025-02-14T18:00:00Z,2025-02-14T06:00:00Z,2,0.4191,1.1162
2025-02-15T03:00:00+06:00,2025-02-14T21:00:00Z,T1,0.5612,0.0635,0.8598,2025-02-14T18:00:00Z,2025-02-14T06:00:00Z,3,0.4673,1.403
2025-02-15T03:00:00+06:00,2025-02-14T21:00:00Z,T2,0.5612,0.0635,0.8598,2025-02-14T18:00:00Z,2025-02-14T06:00:00Z,3,0.4673,1.403
2025-02-15T04:00:00+06:00,2025-02-14T22:00:00Z,T1,0.6697,0.172,0.9683,2025-02-14T18:00:00Z,2025-02-14T06:00:00Z,4,0.5039,1.6742
2025-02-15T04:00:00+06:00,2025-02-14T22:00:00Z,T2,0.6697,0.172,0.9683,2025-02-14T18:00:00Z,2025-02-14T06:00:00Z,4,0.5039,1.6742
2025-02-15T05:00:00+06:00,2025-02-14T23:00:00Z,T1,0.7228,0.2251,1.0,2025-02-14T18:00:00Z,2025-02-14T06:00:00Z,5,0.5834,1.807
2025-02-15T05:00:00+06:00,2025-02-14T23:00:00Z,T2,0.7228,0.2251,1.0,2025-02-14T18:00:00Z,2025-02-14T06:00:00Z,5,0.5834,1.807
2025-02-15T06:00:00+06:00,2025-02-15T00:00:00Z,T1,0.7256,0.2279,1.0,2025-02-14T18:00:00Z,2025-02-14T06:00:00Z,6,0.6316,1.814
2025-02-15T06:00:00+06:00,2025-02-15T00:00:00Z,T2,0.7256,0.2279,1.0,2025-02-14T18:00:00Z,2025-02-14T06:00:00Z,6,0.6316,1.814
2025-02-15T07:00:00+06:00,2025-02-15T01:00:00Z,T1,0.7702,0.2725,1.0,2025-02-14T18:00:00Z,2025-02-14T06:00:00Z,7,0.6712,1.9255
2025-02-15T07:00:00+06:00,2025-02-15T01:00:00Z,T2,0.7702,0.2725,1.0,2025-02-14T18:00:00Z,2025-02-14T06:00:00Z,7,0.6712,1.9255
2025-02-15T08:00:00+06:00,2025-02-15T02:00:00Z,T1,0.819,0.3214,1.0,2025-02-14T18:00:00Z,2025-02-14T06:00:00Z,8,0.7185,2.0475
2025-02-15T08:00:00+06:00,2025-02-15T02:00:00Z,T2,0.819,0.3214,1.0,2025-02-14T18:00:00Z,2025-02-14T06:00:00Z,8,0.7185,2.0475
2025-02-15T09:00:00+06:00,2025-02-15T03:00:00Z,T1,0.8321,0.3344,1.0,2025-02-14T18:00:00Z,2025-02-14T06:00:00Z,9,0.7325,2.0802
2025-02-15T09:00:00+06:00,2025-02-15T03:00:00Z,T2,0.8321,0.3344,1.0,2025-02-14T18:00:00Z,2025-02-14T06:00:00Z,9,0.7325,2.0802
2025-02-15T10:00:00+06:00,2025-02-15T04:00:00Z,T1,0.8272,0.3295,1.0,2025-02-14T18:00:00Z,2025-02-14T06:00:00Z,10,0.7859,2.068
2025-02-15T10:00:00+06:00,2025-02-15T04:00:00Z,T2,0.8272,0.3295,1.0,2025-02-14T18:00:00Z,2025-02-14T06:00:00Z,10,0.7859,2.068
2025-02-15T11:00:00+06:00,2025-02-15T05:00:00Z,T1,0.7615,0.2638,1.0,2025-02-14T18:00:00Z,2025-02-14T06:00:00Z,11,0.7406,1.9038
2025-02-15T11:00:00+06:00,2025-02-15T05:00:00Z,T2,0.7615,0.2638,1.0,2025-02-14T18:00:00Z,2025-02-14T06:00:00Z,11,0.7406,1.9038
2025-02-15T12:00:00+06:00,2025-02-15T06:00:00Z,T1,0.8301,0.3325,1.0,2025-02-14T18:00:00Z,2025-02-14T06:00:00Z,12,0.835,2.0752
2025-02-15T12:00:00+06:00,2025-02-15T06:00:00Z,T2,0.8301,0.3325,1.0,2025-02-14T18:00:00Z,2025-02-14T06:00:00Z,12,0.835,2.0752
2025-02-15T13:00:00+06:00,2025-02-15T07:00:00Z,T1,0.7677,0.2701,1.0,2025-02-14T18:00:00Z,2025-02-14T06:00:00Z,13,0.8252,1.9192
2025-02-15T13:00:00+06:00,2025-02-15T07:00:00Z,T2,0.7677,0.2701,1.0,2025-02-14T18:00:00Z,2025-02-14T06:00:00Z,13,0.8252,1.9192
2025-02-15T14:00:00+06:00,2025-02-15T08:00:00Z,T1,0.6682,0.1705,0.9668,2025-02-14T18:00:00Z,2025-02-14T06:00:00Z,14,0.6969,1.6705
2025-02-15T14:00:00+06:00,2025-02-15T08:00:00Z,T2,0.6682,0.1705,0.9668,2025-02-14T18:00:00Z,2025-02-14T06:00:00Z,14,0.6969,1.6705
2025-02-15T15:00:00+06:00,2025-02-15T09:00:00Z,T1,0.5318,0.0341,0.8304,2025-02-14T18:00:00Z,2025-02-14T06:00:00Z,15,0.537,1.3295
2025-02-15T15:00:00+06:00,2025-02-15T09:00:00Z,T2,0.5318,0.0341,0.8304,2025-02-14T18:00:00Z,2025-02-14T06:00:00Z,15,0.537,1.3295
2025-02-15T16:00:00+06:00,2025-02-15T10:00:00Z,T1,0.0915,0.0092,0.3199,2025-02-14T18:00:00Z,2025-02-14T06:00:00Z,16,0.3482,0.2288
2025-02-15T16:00:00+06:00,2025-02-15T10:00:00Z,T2,0.0915,0.0092,0.3199,2025-02-14T18:00:00Z,2025-02-14T06:00:00Z,16,0.3482,0.2288
2025-02-15T17:00:00+06:00,2025-02-15T11:00:00Z,T1,0.1077,0.0255,0.3361,2025-02-14T18:00:00Z,2025-02-14T06:00:00Z,17,0.1533,0.2692
2025-02-15T17:00:00+06:00,2025-02-15T11:00:00Z,T2,0.1077,0.0255,0.3361,2025-02-14T18:00:00Z,2025-02-14T06:00:00Z,17,0.1533,0.2692
2025-02-15T18:00:00+06:00,2025-02-15T12:00:00Z,T1,0.9171,0.5586,1.0,2025-02-14T18:00:00Z,2025-02-14T06:00:00Z,18,0.036,2.2928
2025-02-15T18:00:00+06:00,2025-02-15T12:00:00Z,T2,0.9171,0.5586,1.0,2025-02-14T18:00:00Z,2025-02-14T06:00:00Z,18,0.036,2.2928
2025-02-15T19:00:00+06:00,2025-02-15T13:00:00Z,T1,0.6572,0.1595,0.9559,2025-02-14T18:00:00Z,2025-02-14T06:00:00Z,19,0.6865,1.643
2025-02-15T19:00:00+06:00,2025-02-15T13:00:00Z,T2,0.6572,0.1595,0.9559,2025-02-14T18:00:00Z,2025-02-14T06:00:00Z,19,0.6865,1.643
2025-02-15T20:00:00+06:00,2025-02-15T14:00:00Z,T1,0.4864,0.2231,1.0,2025-02-14T18:00:00Z,2025-02-14T06:00:00Z,20,0.6651,1.216
2025-02-15T20:00:00+06:00,2025-02-15T14:00:00Z,T2,0.4864,0.2231,1.0,2025-02-14T18:00:00Z,2025-02-14T06:00:00Z,20,0.6651,1.216
2025-02-15T21:00:00+06:00,2025-02-15T15:00:00Z,T1,0.6397,0.142,0.9384,2025-02-14T18:00:00Z,2025-02-14T06:00:00Z,21,0.6619,1.5992
2025-02-15T21:00:00+06:00,2025-02-15T15:00:00Z,T2,0.6397,0.142,0.9384,2025-02-14T18:00:00Z,2025-02-14T06:00:00Z,21,0.6619,1.5992
2025-02-15T22:00:00+06:00,2025-02-15T16:00:00Z,T1,0.8149,0.3172,1.0,2025-02-14T18:00:00Z,2025-02-14T06:00:00Z,22,0.5749,2.0372
2025-02-15T22:00:00+06:00,2025-02-15T16:00:00Z,T2,0.8149,0.3172,1.0,2025-02-14T18:00:00Z,2025-02-14T06:00:00Z,22,0.5749,2.0372
2025-02-15T23:00:00+06:00,2025-02-15T17:00:00Z,T1,0.8063,0.3086,1.0,2025-02-14T18:00:00Z,2025-02-14T06:00:00Z,23,0.7086,2.0158
2025-02-15T23:00:00+06:00,2025-02-15T17:00:00Z,T2,0.8063,0.3086,1.0,2025-02-14T18:00:00Z,2025-02-14T06:00:00Z,23,0.7086,2.0158
2025-02-16T00:00:00+06:00,2025-02-15T18:00:00Z,T1,0.7325,0.2348,1.0,2025-02-15T18:00:00Z,2025-02-15T06:00:00Z,0,0.8117,1.8312
2025-02-16T00:00:00+06:00,2025-02-15T18:00:00Z,T2,0.7325,0.2348,1.0,2025-02-15T18:00:00Z,2025-02-15T06:00:00Z,0,0.8117,1.8312
2025-02-16T01:00:00+06:00,2025-02-15T19:00:00Z,T1,0.6588,0.1611,0.9574,2025-02-15T18:00:00Z,2025-02-15T06:00:00Z,1,0.8321,1.647
2025-02-16T01:00:00+06:00,2025-02-15T19:00:00Z,T2,0.6588,0.1611,0.9574,2025-02-15T18:00:00Z,2025-02-15T06:00:00Z,1,0.8321,1.647
2025-02-16T02:00:00+06:00,2025-02-15T20:00:00Z,T1,0.6493,0.1516,0.948,2025-02-15T18:00:00Z,2025-02-15T06:00:00Z,2,0.7419,1.6232
2025-02-16T02:00:00+06:00,2025-02-15T20:00:00Z,T2,0.6493,0.1516,0.948,2025-02-15T18:00:00Z,2025-02-15T06:00:00Z,2,0.7419,1.6232
2025-02-16T03:00:00+06:00,2025-02-15T21:00:00Z,T1,0.6202,0.1225,0.9188,2025-02-15T18:00:00Z,2025-02-15T06:00:00Z,3,0.6316,1.5505
2025-02-16T03:00:00+06:00,2025-02-15T21:00:00Z,T2,0.6202,0.1225,0.9188,2025-02-15T18:00:00Z,2025-02-15T06:00:00Z,3,0.6316,1.5505
2025-02-16T04:00:00+06:00,2025-02-15T22:00:00Z,T1,0.5543,0.0566,0.8529,2025-02-15T18:00:00Z,2025-02-15T06:00:00Z,4,0.5439,1.3858
2025-02-16T04:00:00+06:00,2025-02-15T22:00:00Z,T2,0.5543,0.0566,0.8529,2025-02-15T18:00:00Z,2025-02-15T06:00:00Z,4,0.5439,1.3858
2025-02-16T05:00:00+06:00,2025-02-15T23:00:00Z,T1,0.3451,0.0817,0.859,2025-02-15T18:00:00Z,2025-02-15T06:00:00Z,5,0.3514,0.8628
2025-02-16T05:00:00+06:00,2025-02-15T23:00:00Z,T2,0.3451,0.0817,0.859,2025-02-15T18:00:00Z,2025-02-15T06:00:00Z,5,0.3514,0.8628
2025-02-16T06:00:00+06:00,2025-02-16T00:00:00Z,T1,0.116,0.0338,0.3444,2025-02-15T18:00:00Z,2025-02-15T06:00:00Z,6,0.1551,0.29
2025-02-16T06:00:00+06:00,2025-02-16T00:00:00Z,T2,0.116,0.0338,0.3444,2025-02-15T18:00:00Z,2025-02-15T06:00:00Z,6,0.1551,0.29
2025-02-16T07:00:00+06:00,2025-02-16T01:00:00Z,T1,0.0355,0.0,0.2639,2025-02-15T18:00:00Z,2025-02-15T06:00:00Z,7,0.057,0.0888
2025-02-16T07:00:00+06:00,2025-02-16T01:00:00Z,T2,0.0355,0.0,0.2639,2025-02-15T18:00:00Z,2025-02-15T06:00:00Z,7,0.057,0.0888
2025-02-16T08:00:00+06:00,2025-02-16T02:00:00Z,T1,0.0176,0.0,0.246,2025-02-15T18:00:00Z,2025-02-15T06:00:00Z,8,0.0516,0.044
2025-02-16T08:00:00+06:00,2025-02-16T02:00:00Z,T2,0.0176,0.0,0.246,2025-02-15T18:00:00Z,2025-02-15T06:00:00Z,8,0.0516,0.044
2025-02-16T09:00:00+06:00,2025-02-16T03:00:00Z,T1,0.031,0.0,0.2594,2025-02-15T18:00:00Z,2025-02-15T06:00:00Z,9,0.0358,0.0775
2025-02-16T09:00:00+06:00,2025-02-16T03:00:00Z,T2,0.031,0.0,0.2594,2025-02-15T18:00:00Z,2025-02-15T06:00:00Z,9,0.0358,0.0775
2025-02-16T10:00:00+06:00,2025-02-16T04:00:00Z,T1,0.0128,0.0,0.2412,2025-02-15T18:00:00Z,2025-02-15T06:00:00Z,10,0.0248,0.032
2025-02-16T10:00:00+06:00,2025-02-16T04:00:00Z,T2,0.0128,0.0,0.2412,2025-02-15T18:00:00Z,2025-02-15T06:00:00Z,10,0.0248,0.032
2025-02-16T11:00:00+06:00,2025-02-16T05:00:00Z,T1,0.0449,0.0,0.2733,2025-02-15T18:00:00Z,2025-02-15T06:00:00Z,11,0.0385,0.1122
2025-02-16T11:00:00+06:00,2025-02-16T05:00:00Z,T2,0.0449,0.0,0.2733,2025-02-15T18:00:00Z,2025-02-15T06:00:00Z,11,0.0385,0.1122
2025-02-16T12:00:00+06:00,2025-02-16T06:00:00Z,T1,0.0987,0.0164,0.3271,2025-02-15T18:00:00Z,2025-02-15T06:00:00Z,12,0.0609,0.2468
2025-02-16T12:00:00+06:00,2025-02-16T06:00:00Z,T2,0.0987,0.0164,0.3271,2025-02-15T18:00:00Z,2025-02-15T06:00:00Z,12,0.0609,0.2468
2025-02-16T13:00:00+06:00,2025-02-16T07:00:00Z,T1,0.1723,0.0,0.6863,2025-02-15T18:00:00Z,2025-02-15T06:00:00Z,13,0.0755,0.4308
2025-02-16T13:00:00+06:00,2025-02-16T07:00:00Z,T2,0.1723,0.0,0.6863,2025-02-15T18:00:00Z,2025-02-15T06:00:00Z,13,0.0755,0.4308
2025-02-16T14:00:00+06:00,2025-02-16T08:00:00Z,T1,0.353,0.0896,0.867,2025-02-15T18:00:00Z,2025-02-15T06:00:00Z,14,0.1118,0.8825
2025-02-16T14:00:00+06:00,2025-02-16T08:00:00Z,T2,0.353,0.0896,0.867,2025-02-15T18:00:00Z,2025-02-15T06:00:00Z,14,0.1118,0.8825
2025-02-16T15:00:00+06:00,2025-02-16T09:00:00Z,T1,0.4864,0.2231,1.0,2025-02-15T18:00:00Z,2025-02-15T06:00:00Z,15,0.1654,1.216
2025-02-16T15:00:00+06:00,2025-02-16T09:00:00Z,T2,0.4864,0.2231,1.0,2025-02-15T18:00:00Z,2025-02-15T06:00:00Z,15,0.1654,1.216
2025-02-16T16:00:00+06:00,2025-02-16T10:00:00Z,T1,0.3419,0.0786,0.8559,2025-02-15T18:00:00Z,2025-02-15T06:00:00Z,16,0.2242,0.8547
2025-02-16T16:00:00+06:00,2025-02-16T10:00:00Z,T2,0.3419,0.0786,0.8559,2025-02-15T18:00:00Z,2025-02-15T06:00:00Z,16,0.2242,0.8547
2025-02-16T17:00:00+06:00,2025-02-16T11:00:00Z,T1,0.3403,0.077,0.8543,2025-02-15T18:00:00Z,2025-02-15T06:00:00Z,17,0.2378,0.8508
2025-02-16T17:00:00+06:00,2025-02-16T11:00:00Z,T2,0.3403,0.077,0.8543,2025-02-15T18:00:00Z,2025-02-15T06:00:00Z,17,0.2378,0.8508
2025-02-16T18:00:00+06:00,2025-02-16T12:00:00Z,T1,0.3905,0.1271,0.9045,2025-02-15T18:00:00Z,2025-02-15T06:00:00Z,18,0.2391,0.9762
2025-02-16T18:00:00+06:00,2025-02-16T12:00:00Z,T2,0.3905,0.1271,0.9045,2025-02-15T18:00:00Z,2025-02-15T06:00:00Z,18,0.2391,0.9762
2025-02-16T19:00:00+06:00,2025-02-16T13:00:00Z,T1,0.3372,0.0739,0.8512,2025-02-15T18:00:00Z,2025-02-15T06:00:00Z,19,0.256,0.843
2025-02-16T19:00:00+06:00,2025-02-16T13:00:00Z,T2,0.3372,0.0739,0.8512,2025-02-15T18:00:00Z,2025-02-15T06:00:00Z,19,0.256,0.843
2025-02-16T20:00:00+06:00,2025-02-16T14:00:00Z,T1,0.3546,0.0912,0.8686,2025-02-15T18:00:00Z,2025-02-15T06:00:00Z,20,0.2111,0.8865
2025-02-16T20:00:00+06:00,2025-02-16T14:00:00Z,T2,0.3546,0.0912,0.8686,2025-02-15T18:00:00Z,2025-02-15T06:00:00Z,20,0.2111,0.8865
2025-02-16T21:00:00+06:00,2025-02-16T15:00:00Z,T1,0.3053,0.0419,0.8192,2025-02-15T18:00:00Z,2025-02-15T06:00:00Z,21,0.1683,0.7632
2025-02-16T21:00:00+06:00,2025-02-16T15:00:00Z,T2,0.3053,0.0419,0.8192,2025-02-15T18:00:00Z,2025-02-15T06:00:00Z,21,0.1683,0.7632
2025-02-16T22:00:00+06:00,2025-02-16T16:00:00Z,T1,0.2316,0.0,0.7456,2025-02-15T18:00:00Z,2025-02-15T06:00:00Z,22,0.0993,0.579
2025-02-16T22:00:00+06:00,2025-02-16T16:00:00Z,T2,0.2316,0.0,0.7456,2025-02-15T18:00:00Z,2025-02-15T06:00:00Z,22,0.0993,0.579
2025-02-16T23:00:00+06:00,2025-02-16T17:00:00Z,T1,0.1645,0.0,0.6785,2025-02-15T18:00:00Z,2025-02-15T06:00:00Z,23,0.0703,0.4112
2025-02-16T23:00:00+06:00,2025-02-16T17:00:00Z,T2,0.1645,0.0,0.6785,2025-02-15T18:00:00Z,2025-02-15T06:00:00Z,23,0.0703,0.4112
2025-02-17T00:00:00+06:00,2025-02-16T18:00:00Z,T1,0.1703,0.0,0.6843,2025-02-16T18:00:00Z,2025-02-16T06:00:00Z,0,0.1645,0.4258
2025-02-17T00:00:00+06:00,2025-02-16T18:00:00Z,T2,0.1703,0.0,0.6843,2025-02-16T18:00:00Z,2025-02-16T06:00:00Z,0,0.1645,0.4258
2025-02-17T01:00:00+06:00,2025-02-16T19:00:00Z,T1,0.0837,0.0014,0.3121,2025-02-16T18:00:00Z,2025-02-16T06:00:00Z,1,0.1419,0.2092
2025-02-17T01:00:00+06:00,2025-02-16T19:00:00Z,T2,0.0837,0.0014,0.3121,2025-02-16T18:00:00Z,2025-02-16T06:00:00Z,1,0.1419,0.2092
2025-02-17T02:00:00+06:00,2025-02-16T20:00:00Z,T1,0.0736,0.0,0.302,2025-02-16T18:00:00Z,2025-02-16T06:00:00Z,2,0.1328,0.184
2025-02-17T02:00:00+06:00,2025-02-16T20:00:00Z,T2,0.0736,0.0,0.302,2025-02-16T18:00:00Z,2025-02-16T06:00:00Z,2,0.1328,0.184
2025-02-17T03:00:00+06:00,2025-02-16T21:00:00Z,T1,0.0325,0.0,0.2609,2025-02-16T18:00:00Z,2025-02-16T06:00:00Z,3,0.052,0.0812
2025-02-17T03:00:00+06:00,2025-02-16T21:00:00Z,T2,0.0325,0.0,0.2609,2025-02-16T18:00:00Z,2025-02-16T06:00:00Z,3,0.052,0.0812
2025-02-17T04:00:00+06:00,2025-02-16T22:00:00Z,T1,0.0171,0.0,0.2455,2025-02-16T18:00:00Z,2025-02-16T06:00:00Z,4,0.0238,0.0428
2025-02-17T04:00:00+06:00,2025-02-16T22:00:00Z,T2,0.0171,0.0,0.2455,2025-02-16T18:00:00Z,2025-02-16T06:00:00Z,4,0.0238,0.0428
2025-02-17T05:00:00+06:00,2025-02-16T23:00:00Z,T1,0.0233,0.0,0.2517,2025-02-16T18:00:00Z,2025-02-16T06:00:00Z,5,0.0358,0.0582
2025-02-17T05:00:00+06:00,2025-02-16T23:00:00Z,T2,0.0233,0.0,0.2517,2025-02-16T18:00:00Z,2025-02-16T06:00:00Z,5,0.0358,0.0582
2025-02-17T06:00:00+06:00,2025-02-17T00:00:00Z,T1,0.0132,0.0,0.2416,2025-02-16T18:00:00Z,2025-02-16T06:00:00Z,6,0.0185,0.033
2025-02-17T06:00:00+06:00,2025-02-17T00:00:00Z,T2,0.0132,0.0,0.2416,2025-02-16T18:00:00Z,2025-02-16T06:00:00Z,6,0.0185,0.033
2025-02-17T07:00:00+06:00,2025-02-17T01:00:00Z,T1,0.0315,0.0,0.2599,2025-02-16T18:00:00Z,2025-02-16T06:00:00Z,7,0.0158,0.0788
2025-02-17T07:00:00+06:00,2025-02-17T01:00:00Z,T2,0.0315,0.0,0.2599,2025-02-16T18:00:00Z,2025-02-16T06:00:00Z,7,0.0158,0.0788
2025-02-17T08:00:00+06:00,2025-02-17T02:00:00Z,T1,0.036,0.0,0.2644,2025-02-16T18:00:00Z,2025-02-16T06:00:00Z,8,0.026,0.09
2025-02-17T08:00:00+06:00,2025-02-17T02:00:00Z,T2,0.036,0.0,0.2644,2025-02-16T18:00:00Z,2025-02-16T06:00:00Z,8,0.026,0.09
2025-02-17T09:00:00+06:00,2025-02-17T03:00:00Z,T1,0.0574,0.0,0.2858,2025-02-16T18:00:00Z,2025-02-16T06:00:00Z,9,0.0426,0.1435
2025-02-17T09:00:00+06:00,2025-02-17T03:00:00Z,T2,0.0574,0.0,0.2858,2025-02-16T18:00:00Z,2025-02-16T06:00:00Z,9,0.0426,0.1435
2025-02-17T10:00:00+06:00,2025-02-17T04:00:00Z,T1,0.0321,0.0,0.2605,2025-02-16T18:00:00Z,2025-02-16T06:00:00Z,10,0.0434,0.0802
2025-02-17T10:00:00+06:00,2025-02-17T04:00:00Z,T2,0.0321,0.0,0.2605,2025-02-16T18:00:00Z,2025-02-16T06:00:00Z,10,0.0434,0.0802
2025-02-17T11:00:00+06:00,2025-02-17T05:00:00Z,T1,0.0449,0.0,0.2733,2025-02-16T18:00:00Z,2025-02-16T06:00:00Z,11,0.0452,0.1122
2025-02-17T11:00:00+06:00,2025-02-17T05:00:00Z,T2,0.0449,0.0,0.2733,2025-02-16T18:00:00Z,2025-02-16T06:00:00Z,11,0.0452,0.1122
2025-02-17T12:00:00+06:00,2025-02-17T06:00:00Z,T1,0.0474,0.0,0.2758,2025-02-16T18:00:00Z,2025-02-16T06:00:00Z,12,0.0552,0.1185
2025-02-17T12:00:00+06:00,2025-02-17T06:00:00Z,T2,0.0474,0.0,0.2758,2025-02-16T18:00:00Z,2025-02-16T06:00:00Z,12,0.0552,0.1185
2025-02-17T13:00:00+06:00,2025-02-17T07:00:00Z,T1,0.0292,0.0,0.2576,2025-02-16T18:00:00Z,2025-02-16T06:00:00Z,13,0.0477,0.073
2025-02-17T13:00:00+06:00,2025-02-17T07:00:00Z,T2,0.0292,0.0,0.2576,2025-02-16T18:00:00Z,2025-02-16T06:00:00Z,13,0.0477,0.073
2025-02-17T14:00:00+06:00,2025-02-17T08:00:00Z,T1,0.0184,0.0,0.2468,2025-02-16T18:00:00Z,2025-02-16T06:00:00Z,14,0.0334,0.046
2025-02-17T14:00:00+06:00,2025-02-17T08:00:00Z,T2,0.0184,0.0,0.2468,2025-02-16T18:00:00Z,2025-02-16T06:00:00Z,14,0.0334,0.046
2025-02-17T15:00:00+06:00,2025-02-17T09:00:00Z,T1,0.0187,0.0,0.2471,2025-02-16T18:00:00Z,2025-02-16T06:00:00Z,15,0.0197,0.0468
2025-02-17T15:00:00+06:00,2025-02-17T09:00:00Z,T2,0.0187,0.0,0.2471,2025-02-16T18:00:00Z,2025-02-16T06:00:00Z,15,0.0197,0.0468
2025-02-17T16:00:00+06:00,2025-02-17T10:00:00Z,T1,0.0377,0.0,0.2661,2025-02-16T18:00:00Z,2025-02-16T06:00:00Z,16,0.0169,0.0942
2025-02-17T16:00:00+06:00,2025-02-17T10:00:00Z,T2,0.0377,0.0,0.2661,2025-02-16T18:00:00Z,2025-02-16T06:00:00Z,16,0.0169,0.0942
2025-02-17T17:00:00+06:00,2025-02-17T11:00:00Z,T1,0.0886,0.0063,0.317,2025-02-16T18:00:00Z,2025-02-16T06:00:00Z,17,0.05,0.2215
2025-02-17T17:00:00+06:00,2025-02-17T11:00:00Z,T2,0.0886,0.0063,0.317,2025-02-16T18:00:00Z,2025-02-16T06:00:00Z,17,0.05,0.2215
2025-02-17T18:00:00+06:00,2025-02-17T12:00:00Z,T1,0.1427,0.0604,0.3711,2025-02-16T18:00:00Z,2025-02-16T06:00:00Z,18,0.1524,0.3568
2025-02-17T18:00:00+06:00,2025-02-17T12:00:00Z,T2,0.1427,0.0604,0.3711,2025-02-16T18:00:00Z,2025-02-16T06:00:00Z,18,0.1524,0.3568
2025-02-17T19:00:00+06:00,2025-02-17T13:00:00Z,T1,0.0932,0.011,0.3216,2025-02-16T18:00:00Z,2025-02-16T06:00:00Z,19,0.0613,0.233
2025-02-17T19:00:00+06:00,2025-02-17T13:00:00Z,T2,0.0932,0.011,0.3216,2025-02-16T18:00:00Z,2025-02-16T06:00:00Z,19,0.0613,0.233
2025-02-17T20:00:00+06:00,2025-02-17T14:00:00Z,T1,0.0589,0.0,0.2873,2025-02-16T18:00:00Z,2025-02-16T06:00:00Z,20,0.0258,0.1472
2025-02-17T20:00:00+06:00,2025-02-17T14:00:00Z,T2,0.0589,0.0,0.2873,2025-02-16T18:00:00Z,2025-02-16T06:00:00Z,20,0.0258,0.1472
2025-02-17T21:00:00+06:00,2025-02-17T15:00:00Z,T1,0.0353,0.0,0.2637,2025-02-16T18:00:00Z,2025-02-16T06:00:00Z,21,0.0248,0.0882
2025-02-17T21:00:00+06:00,2025-02-17T15:00:00Z,T2,0.0353,0.0,0.2637,2025-02-16T18:00:00Z,2025-02-16T06:00:00Z,21,0.0248,0.0882
2025-02-17T22:00:00+06:00,2025-02-17T16:00:00Z,T1,0.0208,0.0,0.2492,2025-02-16T18:00:00Z,2025-02-16T06:00:00Z,22,0.0377,0.052
2025-02-17T22:00:00+06:00,2025-02-17T16:00:00Z,T2,0.0208,0.0,0.2492,2025-02-16T18:00:00Z,2025-02-16T06:00:00Z,22,0.0377,0.052
2025-02-17T23:00:00+06:00,2025-02-17T17:00:00Z,T1,0.0205,0.0,0.2489,2025-02-16T18:00:00Z,2025-02-16T06:00:00Z,23,0.0434,0.0512
2025-02-17T23:00:00+06:00,2025-02-17T17:00:00Z,T2,0.0205,0.0,0.2489,2025-02-16T18:00:00Z,2025-02-16T06:00:00Z,23,0.0434,0.0512
2025-02-18T00:00:00+06:00,2025-02-17T18:00:00Z,T1,0.0294,0.0,0.2578,2025-02-17T18:00:00Z,2025-02-17T06:00:00Z,0,0.0323,0.0735
2025-02-18T00:00:00+06:00,2025-02-17T18:00:00Z,T2,0.0294,0.0,0.2578,2025-02-17T18:00:00Z,2025-02-17T06:00:00Z,0,0.0323,0.0735
2025-02-18T01:00:00+06:00,2025-02-17T19:00:00Z,T1,0.0255,0.0,0.2539,2025-02-17T18:00:00Z,2025-02-17T06:00:00Z,1,0.0298,0.0638
2025-02-18T01:00:00+06:00,2025-02-17T19:00:00Z,T2,0.0255,0.0,0.2539,2025-02-17T18:00:00Z,2025-02-17T06:00:00Z,1,0.0298,0.0638
2025-02-18T02:00:00+06:00,2025-02-17T20:00:00Z,T1,0.0306,0.0,0.259,2025-02-17T18:00:00Z,2025-02-17T06:00:00Z,2,0.0406,0.0765
2025-02-18T02:00:00+06:00,2025-02-17T20:00:00Z,T2,0.0306,0.0,0.259,2025-02-17T18:00:00Z,2025-02-17T06:00:00Z,2,0.0406,0.0765
2025-02-18T03:00:00+06:00,2025-02-17T21:00:00Z,T1,0.0434,0.0,0.2718,2025-02-17T18:00:00Z,2025-02-17T06:00:00Z,3,0.0667,0.1085
2025-02-18T03:00:00+06:00,2025-02-17T21:00:00Z,T2,0.0434,0.0,0.2718,2025-02-17T18:00:00Z,2025-02-17T06:00:00Z,3,0.0667,0.1085
2025-02-18T04:00:00+06:00,2025-02-17T22:00:00Z,T1,0.051,0.0,0.2794,2025-02-17T18:00:00Z,2025-02-17T06:00:00Z,4,0.079,0.1275
2025-02-18T04:00:00+06:00,2025-02-17T22:00:00Z,T2,0.051,0.0,0.2794,2025-02-17T18:00:00Z,2025-02-17T06:00:00Z,4,0.079,0.1275
2025-02-18T05:00:00+06:00,2025-02-17T23:00:00Z,T1,0.0712,0.0,0.2996,2025-02-17T18:00:00Z,2025-02-17T06:00:00Z,5,0.0932,0.178
2025-02-18T05:00:00+06:00,2025-02-17T23:00:00Z,T2,0.0712,0.0,0.2996,2025-02-17T18:00:00Z,2025-02-17T06:00:00Z,5,0.0932,0.178
2025-02-18T06:00:00+06:00,2025-02-18T00:00:00Z,T1,0.0886,0.0063,0.317,2025-02-17T18:00:00Z,2025-02-17T06:00:00Z,6,0.1168,0.2215
2025-02-18T06:00:00+06:00,2025-02-18T00:00:00Z,T2,0.0886,0.0063,0.317,2025-02-17T18:00:00Z,2025-02-17T06:00:00Z,6,0.1168,0.2215
2025-02-18T07:00:00+06:00,2025-02-18T01:00:00Z,T1,0.0987,0.0164,0.3271,2025-02-17T18:00:00Z,2025-02-17T06:00:00Z,7,0.1427,0.2468
2025-02-18T07:00:00+06:00,2025-02-18T01:00:00Z,T2,0.0987,0.0164,0.3271,2025-02-17T18:00:00Z,2025-02-17T06:00:00Z,7,0.1427,0.2468
2025-02-18T08:00:00+06:00,2025-02-18T02:00:00Z,T1,0.116,0.0338,0.3444,2025-02-17T18:00:00Z,2025-02-17T06:00:00Z,8,0.223,0.29
2025-02-18T08:00:00+06:00,2025-02-18T02:00:00Z,T2,0.116,0.0338,0.3444,2025-02-17T18:00:00Z,2025-02-17T06:00:00Z,8,0.223,0.29
2025-02-18T09:00:00+06:00,2025-02-18T03:00:00Z,T1,0.1569,0.0,0.6709,2025-02-17T18:00:00Z,2025-02-17T06:00:00Z,9,0.361,0.3923
2025-02-18T09:00:00+06:00,2025-02-18T03:00:00Z,T2,0.1569,0.0,0.6709,2025-02-17T18:00:00Z,2025-02-17T06:00:00Z,9,0.361,0.3923
2025-02-18T10:00:00+06:00,2025-02-18T04:00:00Z,T1,0.147,0.0648,0.3754,2025-02-17T18:00:00Z,2025-02-17T06:00:00Z,10,0.2534,0.3675
2025-02-18T10:00:00+06:00,2025-02-18T04:00:00Z,T2,0.147,0.0648,0.3754,2025-02-17T18:00:00Z,2025-02-17T06:00:00Z,10,0.2534,0.3675
2025-02-18T11:00:00+06:00,2025-02-18T05:00:00Z,T1,0.4499,0.1866,0.9639,2025-02-17T18:00:00Z,2025-02-17T06:00:00Z,11,0.5749,1.1248
2025-02-18T11:00:00+06:00,2025-02-18T05:00:00Z,T2,0.4499,0.1866,0.9639,2025-02-17T18:00:00Z,2025-02-17T06:00:00Z,11,0.5749,1.1248
2025-02-18T12:00:00+06:00,2025-02-18T06:00:00Z,T1,0.7214,0.2237,1.0,2025-02-17T18:00:00Z,2025-02-17T06:00:00Z,12,0.6954,1.8035
2025-02-18T12:00:00+06:00,2025-02-18T06:00:00Z,T2,0.7214,0.2237,1.0,2025-02-17T18:00:00Z,2025-02-17T06:00:00Z,12,0.6954,1.8035
2025-02-18T13:00:00+06:00,2025-02-18T07:00:00Z,T1,0.7352,0.2375,1.0,2025-02-17T18:00:00Z,2025-02-17T06:00:00Z,13,0.71,1.838
2025-02-18T13:00:00+06:00,2025-02-18T07:00:00Z,T2,0.7352,0.2375,1.0,2025-02-17T18:00:00Z,2025-02-17T06:00:00Z,13,0.71,1.838
2025-02-18T14:00:00+06:00,2025-02-18T08:00:00Z,T1,0.6541,0.1564,0.9527,2025-02-17T18:00:00Z,2025-02-17T06:00:00Z,14,0.6697,1.6353
2025-02-18T14:00:00+06:00,2025-02-18T08:00:00Z,T2,0.6541,0.1564,0.9527,2025-02-17T18:00:00Z,2025-02-17T06:00:00Z,14,0.6697,1.6353
2025-02-18T15:00:00+06:00,2025-02-18T09:00:00Z,T1,0.5646,0.0669,0.8633,2025-02-17T18:00:00Z,2025-02-17T06:00:00Z,15,0.6169,1.4115
2025-02-18T15:00:00+06:00,2025-02-18T09:00:00Z,T2,0.5646,0.0669,0.8633,2025-02-17T18:00:00Z,2025-02-17T06:00:00Z,15,0.6169,1.4115
2025-02-18T16:00:00+06:00,2025-02-18T10:00:00Z,T1,0.4655,0.2022,0.9795,2025-02-17T18:00:00Z,2025-02-17T06:00:00Z,16,0.556,1.1638
2025-02-18T16:00:00+06:00,2025-02-18T10:00:00Z,T2,0.4655,0.2022,0.9795,2025-02-17T18:00:00Z,2025-02-17T06:00:00Z,16,0.556,1.1638
2025-02-18T17:00:00+06:00,2025-02-18T11:00:00Z,T1,0.4259,0.1625,0.9399,2025-02-17T18:00:00Z,2025-02-17T06:00:00Z,17,0.53,1.0648
2025-02-18T17:00:00+06:00,2025-02-18T11:00:00Z,T2,0.4259,0.1625,0.9399,2025-02-17T18:00:00Z,2025-02-17T06:00:00Z,17,0.53,1.0648
2025-02-18T18:00:00+06:00,2025-02-18T12:00:00Z,T1,0.5056,0.0079,0.8043,2025-02-17T18:00:00Z,2025-02-17T06:00:00Z,18,0.6053,1.264
2025-02-18T18:00:00+06:00,2025-02-18T12:00:00Z,T2,0.5056,0.0079,0.8043,2025-02-17T18:00:00Z,2025-02-17T06:00:00Z,18,0.6053,1.264
2025-02-18T19:00:00+06:00,2025-02-18T13:00:00Z,T1,0.3514,0.088,0.8654,2025-02-17T18:00:00Z,2025-02-17T06:00:00Z,19,0.431,0.8785
2025-02-18T19:00:00+06:00,2025-02-18T13:00:00Z,T2,0.3514,0.088,0.8654,2025-02-17T18:00:00Z,2025-02-17T06:00:00Z,19,0.431,0.8785
2025-02-18T20:00:00+06:00,2025-02-18T14:00:00Z,T1,0.2573,0.0,0.7713,2025-02-17T18:00:00Z,2025-02-17T06:00:00Z,20,0.3157,0.6432
2025-02-18T20:00:00+06:00,2025-02-18T14:00:00Z,T2,0.2573,0.0,0.7713,2025-02-17T18:00:00Z,2025-02-17T06:00:00Z,20,0.3157,0.6432
2025-02-18T21:00:00+06:00,2025-02-18T15:00:00Z,T1,0.2654,0.0021,0.7794,2025-02-17T18:00:00Z,2025-02-17T06:00:00Z,21,0.2765,0.6635
2025-02-18T21:00:00+06:00,2025-02-18T15:00:00Z,T2,0.2654,0.0021,0.7794,2025-02-17T18:00:00Z,2025-02-17T06:00:00Z,21,0.2765,0.6635
2025-02-18T22:00:00+06:00,2025-02-18T16:00:00Z,T1,0.3142,0.0509,0.8282,2025-02-17T18:00:00Z,2025-02-17T06:00:00Z,22,0.3127,0.7855
2025-02-18T22:00:00+06:00,2025-02-18T16:00:00Z,T2,0.3142,0.0509,0.8282,2025-02-17T18:00:00Z,2025-02-17T06:00:00Z,22,0.3127,0.7855
2025-02-18T23:00:00+06:00,2025-02-18T17:00:00Z,T1,0.3279,0.0646,0.8419,2025-02-17T18:00:00Z,2025-02-17T06:00:00Z,23,0.3038,0.8198
2025-02-18T23:00:00+06:00,2025-02-18T17:00:00Z,T2,0.3279,0.0646,0.8419,2025-02-17T18:00:00Z,2025-02-17T06:00:00Z,23,0.3038,0.8198
2025-02-19T00:00:00+06:00,2025-02-18T18:00:00Z,T1,0.4208,0.1574,0.9348,2025-02-18T18:00:00Z,2025-02-18T06:00:00Z,0,0.3773,1.052
2025-02-19T00:00:00+06:00,2025-02-18T18:00:00Z,T2,0.4208,0.1574,0.9348,2025-02-18T18:00:00Z,2025-02-18T06:00:00Z,0,0.3773,1.052
2025-02-19T01:00:00+06:00,2025-02-18T19:00:00Z,T1,0.3142,0.0509,0.8282,2025-02-18T18:00:00Z,2025-02-18T06:00:00Z,1,0.4072,0.7855
2025-02-19T01:00:00+06:00,2025-02-18T19:00:00Z,T2,0.3142,0.0509,0.8282,2025-02-18T18:00:00Z,2025-02-18T06:00:00Z,1,0.4072,0.7855
2025-02-19T02:00:00+06:00,2025-02-18T20:00:00Z,T1,0.2587,0.0,0.7727,2025-02-18T18:00:00Z,2025-02-18T06:00:00Z,2,0.3248,0.6467
2025-02-19T02:00:00+06:00,2025-02-18T20:00:00Z,T2,0.2587,0.0,0.7727,2025-02-18T18:00:00Z,2025-02-18T06:00:00Z,2,0.3248,0.6467
2025-02-19T03:00:00+06:00,2025-02-18T21:00:00Z,T1,0.2654,0.0021,0.7794,2025-02-18T18:00:00Z,2025-02-18T06:00:00Z,3,0.2206,0.6635
2025-02-19T03:00:00+06:00,2025-02-18T21:00:00Z,T2,0.2654,0.0021,0.7794,2025-02-18T18:00:00Z,2025-02-18T06:00:00Z,3,0.2206,0.6635
2025-02-19T04:00:00+06:00,2025-02-18T22:00:00Z,T1,0.2779,0.0145,0.7919,2025-02-18T18:00:00Z,2025-02-18T06:00:00Z,4,0.0987,0.6948
2025-02-19T04:00:00+06:00,2025-02-18T22:00:00Z,T2,0.2779,0.0145,0.7919,2025-02-18T18:00:00Z,2025-02-18T06:00:00Z,4,0.0987,0.6948
2025-02-19T05:00:00+06:00,2025-02-18T23:00:00Z,T1,0.2695,0.0062,0.7835,2025-02-18T18:00:00Z,2025-02-18T06:00:00Z,5,0.1814,0.6738
2025-02-19T05:00:00+06:00,2025-02-18T23:00:00Z,T2,0.2695,0.0062,0.7835,2025-02-18T18:00:00Z,2025-02-18T06:00:00Z,5,0.1814,0.6738
2025-02-19T06:00:00+06:00,2025-02-19T00:00:00Z,T1,0.2921,0.0287,0.8061,2025-02-18T18:00:00Z,2025-02-18T06:00:00Z,6,0.3642,0.7303
2025-02-19T06:00:00+06:00,2025-02-19T00:00:00Z,T2,0.2921,0.0287,0.8061,2025-02-18T18:00:00Z,2025-02-18T06:00:00Z,6,0.3642,0.7303
2025-02-19T07:00:00+06:00,2025-02-19T01:00:00Z,T1,0.3562,0.0928,0.8702,2025-02-18T18:00:00Z,2025-02-18T06:00:00Z,7,0.3008,0.8905
2025-02-19T07:00:00+06:00,2025-02-19T01:00:00Z,T2,0.3562,0.0928,0.8702,2025-02-18T18:00:00Z,2025-02-18T06:00:00Z,7,0.3008,0.8905
2025-02-19T08:00:00+06:00,2025-02-19T02:00:00Z,T1,0.3988,0.1355,0.9128,2025-02-18T18:00:00Z,2025-02-18T06:00:00Z,8,0.3112,0.997
2025-02-19T08:00:00+06:00,2025-02-19T02:00:00Z,T2,0.3988,0.1355,0.9128,2025-02-18T18:00:00Z,2025-02-18T06:00:00Z,8,0.3112,0.997
2025-02-19T09:00:00+06:00,2025-02-19T03:00:00Z,T1,0.3419,0.0786,0.8559,2025-02-18T18:00:00Z,2025-02-18T06:00:00Z,9,0.3789,0.8547
2025-02-19T09:00:00+06:00,2025-02-19T03:00:00Z,T2,0.3419,0.0786,0.8559,2025-02-18T18:00:00Z,2025-02-18T06:00:00Z,9,0.3789,0.8547
2025-02-19T10:00:00+06:00,2025-02-19T04:00:00Z,T1,0.1051,0.0228,0.3335,2025-02-18T18:00:00Z,2025-02-18T06:00:00Z,10,0.2182,0.2628
2025-02-19T10:00:00+06:00,2025-02-19T04:00:00Z,T2,0.1051,0.0228,0.3335,2025-02-18T18:00:00Z,2025-02-18T06:00:00Z,10,0.2182,0.2628
2025-02-19T11:00:00+06:00,2025-02-19T05:00:00Z,T1,0.1479,0.0656,0.3763,2025-02-18T18:00:00Z,2025-02-18T06:00:00Z,11,0.2682,0.3698
2025-02-19T11:00:00+06:00,2025-02-19T05:00:00Z,T2,0.1479,0.0656,0.3763,2025-02-18T18:00:00Z,2025-02-18T06:00:00Z,11,0.2682,0.3698
2025-02-19T12:00:00+06:00,2025-02-19T06:00:00Z,T1,0.1497,0.0674,0.3781,2025-02-18T18:00:00Z,2025-02-18T06:00:00Z,12,0.295,0.3742
2025-02-19T12:00:00+06:00,2025-02-19T06:00:00Z,T2,0.1497,0.0674,0.3781,2025-02-18T18:00:00Z,2025-02-18T06:00:00Z,12,0.295,0.3742
2025-02-19T13:00:00+06:00,2025-02-19T07:00:00Z,T1,0.136,0.0537,0.3644,2025-02-18T18:00:00Z,2025-02-18T06:00:00Z,13,0.2507,0.34
2025-02-19T13:00:00+06:00,2025-02-19T07:00:00Z,T2,0.136,0.0537,0.3644,2025-02-18T18:00:00Z,2025-02-18T06:00:00Z,13,0.2507,0.34
2025-02-19T14:00:00+06:00,2025-02-19T08:00:00Z,T1,0.1168,0.0345,0.3452,2025-02-18T18:00:00Z,2025-02-18T06:00:00Z,14,0.1579,0.292
2025-02-19T14:00:00+06:00,2025-02-19T08:00:00Z,T2,0.1168,0.0345,0.3452,2025-02-18T18:00:00Z,2025-02-18T06:00:00Z,14,0.1579,0.292
2025-02-19T15:00:00+06:00,2025-02-19T09:00:00Z,T1,0.1031,0.0208,0.3315,2025-02-18T18:00:00Z,2025-02-18T06:00:00Z,15,0.0869,0.2578
2025-02-19T15:00:00+06:00,2025-02-19T09:00:00Z,T2,0.1031,0.0208,0.3315,2025-02-18T18:00:00Z,2025-02-18T06:00:00Z,15,0.0869,0.2578
2025-02-19T16:00:00+06:00,2025-02-19T10:00:00Z,T1,0.1025,0.0202,0.3309,2025-02-18T18:00:00Z,2025-02-18T06:00:00Z,16,0.0685,0.2562
2025-02-19T16:00:00+06:00,2025-02-19T10:00:00Z,T2,0.1025,0.0202,0.3309,2025-02-18T18:00:00Z,2025-02-18T06:00:00Z,16,0.0685,0.2562
2025-02-19T17:00:00+06:00,2025-02-19T11:00:00Z,T1,0.0956,0.0133,0.324,2025-02-18T18:00:00Z,2025-02-18T06:00:00Z,17,0.0694,0.239
2025-02-19T17:00:00+06:00,2025-02-19T11:00:00Z,T2,0.0956,0.0133,0.324,2025-02-18T18:00:00Z,2025-02-18T06:00:00Z,17,0.0694,0.239
2025-02-19T18:00:00+06:00,2025-02-19T12:00:00Z,T1,0.0816,0.0,0.3099,2025-02-18T18:00:00Z,2025-02-18T06:00:00Z,18,0.0795,0.204
2025-02-19T18:00:00+06:00,2025-02-19T12:00:00Z,T2,0.0816,0.0,0.3099,2025-02-18T18:00:00Z,2025-02-18T06:00:00Z,18,0.0795,0.204
2025-02-19T19:00:00+06:00,2025-02-19T13:00:00Z,T1,0.0589,0.0,0.2873,2025-02-18T18:00:00Z,2025-02-18T06:00:00Z,19,0.0765,0.1472
2025-02-19T19:00:00+06:00,2025-02-19T13:00:00Z,T2,0.0589,0.0,0.2873,2025-02-18T18:00:00Z,2025-02-18T06:00:00Z,19,0.0765,0.1472
2025-02-19T20:00:00+06:00,2025-02-19T14:00:00Z,T1,0.0383,0.0,0.2666,2025-02-18T18:00:00Z,2025-02-18T06:00:00Z,20,0.0343,0.0958
2025-02-19T20:00:00+06:00,2025-02-19T14:00:00Z,T2,0.0383,0.0,0.2666,2025-02-18T18:00:00Z,2025-02-18T06:00:00Z,20,0.0343,0.0958
2025-02-19T21:00:00+06:00,2025-02-19T15:00:00Z,T1,0.018,0.0,0.2464,2025-02-18T18:00:00Z,2025-02-18T06:00:00Z,21,0.0251,0.045
2025-02-19T21:00:00+06:00,2025-02-19T15:00:00Z,T2,0.018,0.0,0.2464,2025-02-18T18:00:00Z,2025-02-18T06:00:00Z,21,0.0251,0.045
2025-02-19T22:00:00+06:00,2025-02-19T16:00:00Z,T1,0.0235,0.0,0.2519,2025-02-18T18:00:00Z,2025-02-18T06:00:00Z,22,0.0202,0.0588
2025-02-19T22:00:00+06:00,2025-02-19T16:00:00Z,T2,0.0235,0.0,0.2519,2025-02-18T18:00:00Z,2025-02-18T06:00:00Z,22,0.0202,0.0588
2025-02-19T23:00:00+06:00,2025-02-19T17:00:00Z,T1,0.025,0.0,0.2534,2025-02-18T18:00:00Z,2025-02-18T06:00:00Z,23,0.0159,0.0625
2025-02-19T23:00:00+06:00,2025-02-19T17:00:00Z,T2,0.025,0.0,0.2534,2025-02-18T18:00:00Z,2025-02-18T06:00:00Z,23,0.0159,0.0625
2025-02-20T00:00:00+06:00,2025-02-19T18:00:00Z,T1,0.0319,0.0,0.2603,2025-02-19T18:00:00Z,2025-02-19T06:00:00Z,0,0.0216,0.0797
2025-02-20T00:00:00+06:00,2025-02-19T18:00:00Z,T2,0.0319,0.0,0.2603,2025-02-19T18:00:00Z,2025-02-19T06:00:00Z,0,0.0216,0.0797
2025-02-20T01:00:00+06:00,2025-02-19T19:00:00Z,T1,0.0204,0.0,0.2487,2025-02-19T18:00:00Z,2025-02-19T06:00:00Z,1,0.0205,0.051
2025-02-20T01:00:00+06:00,2025-02-19T19:00:00Z,T2,0.0204,0.0,0.2487,2025-02-19T18:00:00Z,2025-02-19T06:00:00Z,1,0.0205,0.051
2025-02-20T02:00:00+06:00,2025-02-19T20:00:00Z,T1,0.0175,0.0,0.2459,2025-02-19T18:00:00Z,2025-02-19T06:00:00Z,2,0.0224,0.0438
2025-02-20T02:00:00+06:00,2025-02-19T20:00:00Z,T2,0.0175,0.0,0.2459,2025-02-19T18:00:00Z,2025-02-19T06:00:00Z,2,0.0224,0.0438
2025-02-20T03:00:00+06:00,2025-02-19T21:00:00Z,T1,0.0158,0.0,0.2442,2025-02-19T18:00:00Z,2025-02-19T06:00:00Z,3,0.0218,0.0395
2025-02-20T03:00:00+06:00,2025-02-19T21:00:00Z,T2,0.0158,0.0,0.2442,2025-02-19T18:00:00Z,2025-02-19T06:00:00Z,3,0.0218,0.0395
2025-02-20T04:00:00+06:00,2025-02-19T22:00:00Z,T1,0.0138,0.0,0.2422,2025-02-19T18:00:00Z,2025-02-19T06:00:00Z,4,0.0155,0.0345
2025-02-20T04:00:00+06:00,2025-02-19T22:00:00Z,T2,0.0138,0.0,0.2422,2025-02-19T18:00:00Z,2025-02-19T06:00:00Z,4,0.0155,0.0345
2025-02-20T05:00:00+06:00,2025-02-19T23:00:00Z,T1,0.0139,0.0,0.2423,2025-02-19T18:00:00Z,2025-02-19T06:00:00Z,5,0.0157,0.0347
2025-02-20T05:00:00+06:00,2025-02-19T23:00:00Z,T2,0.0139,0.0,0.2423,2025-02-19T18:00:00Z,2025-02-19T06:00:00Z,5,0.0157,0.0347
2025-02-20T06:00:00+06:00,2025-02-20T00:00:00Z,T1,0.0191,0.0,0.2475,2025-02-19T18:00:00Z,2025-02-19T06:00:00Z,6,0.013,0.0478
2025-02-20T06:00:00+06:00,2025-02-20T00:00:00Z,T2,0.0191,0.0,0.2475,2025-02-19T18:00:00Z,2025-02-19T06:00:00Z,6,0.013,0.0478
2025-02-20T07:00:00+06:00,2025-02-20T01:00:00Z,T1,0.0271,0.0,0.2555,2025-02-19T18:00:00Z,2025-02-19T06:00:00Z,7,0.0128,0.0678
2025-02-20T07:00:00+06:00,2025-02-20T01:00:00Z,T2,0.0271,0.0,0.2555,2025-02-19T18:00:00Z,2025-02-19T06:00:00Z,7,0.0128,0.0678
2025-02-20T08:00:00+06:00,2025-02-20T02:00:00Z,T1,0.0574,0.0,0.2858,2025-02-19T18:00:00Z,2025-02-19T06:00:00Z,8,0.0198,0.1435
2025-02-20T08:00:00+06:00,2025-02-20T02:00:00Z,T2,0.0574,0.0,0.2858,2025-02-19T18:00:00Z,2025-02-19T06:00:00Z,8,0.0198,0.1435
2025-02-20T09:00:00+06:00,2025-02-20T03:00:00Z,T1,0.0821,0.0,0.3105,2025-02-19T18:00:00Z,2025-02-19T06:00:00Z,9,0.0226,0.2052
2025-02-20T09:00:00+06:00,2025-02-20T03:00:00Z,T2,0.0821,0.0,0.3105,2025-02-19T18:00:00Z,2025-02-19T06:00:00Z,9,0.0226,0.2052
2025-02-20T10:00:00+06:00,2025-02-20T04:00:00Z,T1,0.0703,0.0,0.2987,2025-02-19T18:00:00Z,2025-02-19T06:00:00Z,10,0.0187,0.1758
2025-02-20T10:00:00+06:00,2025-02-20T04:00:00Z,T2,0.0703,0.0,0.2987,2025-02-19T18:00:00Z,2025-02-19T06:00:00Z,10,0.0187,0.1758
2025-02-20T11:00:00+06:00,2025-02-20T05:00:00Z,T1,0.0559,0.0,0.2843,2025-02-19T18:00:00Z,2025-02-19T06:00:00Z,11,0.023,0.1397
2025-02-20T11:00:00+06:00,2025-02-20T05:00:00Z,T2,0.0559,0.0,0.2843,2025-02-19T18:00:00Z,2025-02-19T06:00:00Z,11,0.023,0.1397
2025-02-20T12:00:00+06:00,2025-02-20T06:00:00Z,T1,0.0388,0.0,0.2672,2025-02-19T18:00:00Z,2025-02-19T06:00:00Z,12,0.0218,0.097
2025-02-20T12:00:00+06:00,2025-02-20T06:00:00Z,T2,0.0388,0.0,0.2672,2025-02-19T18:00:00Z,2025-02-19T06:00:00Z,12,0.0218,0.097
2025-02-20T13:00:00+06:00,2025-02-20T07:00:00Z,T1,0.0269,0.0,0.2553,2025-02-19T18:00:00Z,2025-02-19T06:00:00Z,13,0.0363,0.0672
2025-02-20T13:00:00+06:00,2025-02-20T07:00:00Z,T2,0.0269,0.0,0.2553,2025-02-19T18:00:00Z,2025-02-19T06:00:00Z,13,0.0363,0.0672
2025-02-20T14:00:00+06:00,2025-02-20T08:00:00Z,T1,0.0193,0.0,0.2477,2025-02-19T18:00:00Z,2025-02-19T06:00:00Z,14,0.0672,0.0482
2025-02-20T14:00:00+06:00,2025-02-20T08:00:00Z,T2,0.0193,0.0,0.2477,2025-02-19T18:00:00Z,2025-02-19T06:00:00Z,14,0.0672,0.0482
2025-02-20T15:00:00+06:00,2025-02-20T09:00:00Z,T1,0.0219,0.0,0.2503,2025-02-19T18:00:00Z,2025-02-19T06:00:00Z,15,0.0932,0.0548
2025-02-20T15:00:00+06:00,2025-02-20T09:00:00Z,T2,0.0219,0.0,0.2503,2025-02-19T18:00:00Z,2025-02-19T06:00:00Z,15,0.0932,0.0548
2025-02-20T16:00:00+06:00,2025-02-20T10:00:00Z,T1,0.0258,0.0,0.2542,2025-02-19T18:00:00Z,2025-02-19T06:00:00Z,16,0.1098,0.0645
2025-02-20T16:00:00+06:00,2025-02-20T10:00:00Z,T2,0.0258,0.0,0.2542,2025-02-19T18:00:00Z,2025-02-19T06:00:00Z,16,0.1098,0.0645
2025-02-20T17:00:00+06:00,2025-02-20T11:00:00Z,T1,0.0415,0.0,0.2699,2025-02-19T18:00:00Z,2025-02-19T06:00:00Z,17,0.0968,0.1038
2025-02-20T17:00:00+06:00,2025-02-20T11:00:00Z,T2,0.0415,0.0,0.2699,2025-02-19T18:00:00Z,2025-02-19T06:00:00Z,17,0.0968,0.1038
2025-02-20T18:00:00+06:00,2025-02-20T12:00:00Z,T1,0.0816,0.0,0.3099,2025-02-19T18:00:00Z,2025-02-19T06:00:00Z,18,0.0698,0.204
2025-02-20T18:00:00+06:00,2025-02-20T12:00:00Z,T2,0.0816,0.0,0.3099,2025-02-19T18:00:00Z,2025-02-19T06:00:00Z,18,0.0698,0.204
2025-02-20T19:00:00+06:00,2025-02-20T13:00:00Z,T1,0.0775,0.0,0.3059,2025-02-19T18:00:00Z,2025-02-19T06:00:00Z,19,0.0334,0.1938
2025-02-20T19:00:00+06:00,2025-02-20T13:00:00Z,T2,0.0775,0.0,0.3059,2025-02-19T18:00:00Z,2025-02-19T06:00:00Z,19,0.0334,0.1938
2025-02-20T20:00:00+06:00,2025-02-20T14:00:00Z,T1,0.0325,0.0,0.2609,2025-02-19T18:00:00Z,2025-02-19T06:00:00Z,20,0.0158,0.0812
2025-02-20T20:00:00+06:00,2025-02-20T14:00:00Z,T2,0.0325,0.0,0.2609,2025-02-19T18:00:00Z,2025-02-19T06:00:00Z,20,0.0158,0.0812
2025-02-20T21:00:00+06:00,2025-02-20T15:00:00Z,T1,0.016,0.0,0.2444,2025-02-19T18:00:00Z,2025-02-19T06:00:00Z,21,0.0187,0.04
2025-02-20T21:00:00+06:00,2025-02-20T15:00:00Z,T2,0.016,0.0,0.2444,2025-02-19T18:00:00Z,2025-02-19T06:00:00Z,21,0.0187,0.04
2025-02-20T22:00:00+06:00,2025-02-20T16:00:00Z,T1,0.0171,0.0,0.2455,2025-02-19T18:00:00Z,2025-02-19T06:00:00Z,22,0.03,0.0428
2025-02-20T22:00:00+06:00,2025-02-20T16:00:00Z,T2,0.0171,0.0,0.2455,2025-02-19T18:00:00Z,2025-02-19T06:00:00Z,22,0.03,0.0428
2025-02-20T23:00:00+06:00,2025-02-20T17:00:00Z,T1,0.019,0.0,0.2474,2025-02-19T18:00:00Z,2025-02-19T06:00:00Z,23,0.0353,0.0475
2025-02-20T23:00:00+06:00,2025-02-20T17:00:00Z,T2,0.019,0.0,0.2474,2025-02-19T18:00:00Z,2025-02-19T06:00:00Z,23,0.0353,0.0475
2025-02-21T00:00:00+06:00,2025-02-20T18:00:00Z,T1,0.0567,0.0,0.285,2025-02-20T18:00:00Z,2025-02-20T06:00:00Z,0,0.0146,0.1417
2025-02-21T00:00:00+06:00,2025-02-20T18:00:00Z,T2,0.0567,0.0,0.285,2025-02-20T18:00:00Z,2025-02-20T06:00:00Z,0,0.0146,0.1417
2025-02-21T01:00:00+06:00,2025-02-20T19:00:00Z,T1,0.0383,0.0,0.2666,2025-02-20T18:00:00Z,2025-02-20T06:00:00Z,1,0.0146,0.0958
2025-02-21T01:00:00+06:00,2025-02-20T19:00:00Z,T2,0.0383,0.0,0.2666,2025-02-20T18:00:00Z,2025-02-20T06:00:00Z,1,0.0146,0.0958
2025-02-21T02:00:00+06:00,2025-02-20T20:00:00Z,T1,0.0246,0.0,0.253,2025-02-20T18:00:00Z,2025-02-20T06:00:00Z,2,0.0139,0.0615
2025-02-21T02:00:00+06:00,2025-02-20T20:00:00Z,T2,0.0246,0.0,0.253,2025-02-20T18:00:00Z,2025-02-20T06:00:00Z,2,0.0139,0.0615
2025-02-21T03:00:00+06:00,2025-02-20T21:00:00Z,T1,0.0124,0.0,0.2408,2025-02-20T18:00:00Z,2025-02-20T06:00:00Z,3,0.0159,0.031
2025-02-21T03:00:00+06:00,2025-02-20T21:00:00Z,T2,0.0124,0.0,0.2408,2025-02-20T18:00:00Z,2025-02-20T06:00:00Z,3,0.0159,0.031
2025-02-21T04:00:00+06:00,2025-02-20T22:00:00Z,T1,0.0127,0.0,0.2411,2025-02-20T18:00:00Z,2025-02-20T06:00:00Z,4,0.0157,0.0318
2025-02-21T04:00:00+06:00,2025-02-20T22:00:00Z,T2,0.0127,0.0,0.2411,2025-02-20T18:00:00Z,2025-02-20T06:00:00Z,4,0.0157,0.0318
2025-02-21T05:00:00+06:00,2025-02-20T23:00:00Z,T1,0.0118,0.0,0.2402,2025-02-20T18:00:00Z,2025-02-20T06:00:00Z,5,0.0142,0.0295
2025-02-21T05:00:00+06:00,2025-02-20T23:00:00Z,T2,0.0118,0.0,0.2402,2025-02-20T18:00:00Z,2025-02-20T06:00:00Z,5,0.0142,0.0295
2025-02-21T06:00:00+06:00,2025-02-21T00:00:00Z,T1,0.0189,0.0,0.2473,2025-02-20T18:00:00Z,2025-02-20T06:00:00Z,6,0.0257,0.0472
2025-02-21T06:00:00+06:00,2025-02-21T00:00:00Z,T2,0.0189,0.0,0.2473,2025-02-20T18:00:00Z,2025-02-20T06:00:00Z,6,0.0257,0.0472
2025-02-21T07:00:00+06:00,2025-02-21T01:00:00Z,T1,0.0383,0.0,0.2666,2025-02-20T18:00:00Z,2025-02-20T06:00:00Z,7,0.0646,0.0958
2025-02-21T07:00:00+06:00,2025-02-21T01:00:00Z,T2,0.0383,0.0,0.2666,2025-02-20T18:00:00Z,2025-02-20T06:00:00Z,7,0.0646,0.0958
2025-02-21T08:00:00+06:00,2025-02-21T02:00:00Z,T1,0.1219,0.0396,0.3503,2025-02-20T18:00:00Z,2025-02-20T06:00:00Z,8,0.156,0.3047
2025-02-21T08:00:00+06:00,2025-02-21T02:00:00Z,T2,0.1219,0.0396,0.3503,2025-02-20T18:00:00Z,2025-02-20T06:00:00Z,8,0.156,0.3047
2025-02-21T09:00:00+06:00,2025-02-21T03:00:00Z,T1,0.252,0.0,0.766,2025-02-20T18:00:00Z,2025-02-20T06:00:00Z,9,0.2494,0.63
2025-02-21T09:00:00+06:00,2025-02-21T03:00:00Z,T2,0.252,0.0,0.766,2025-02-20T18:00:00Z,2025-02-20T06:00:00Z,9,0.2494,0.63
2025-02-21T10:00:00+06:00,2025-02-21T04:00:00Z,T1,0.2242,0.0,0.7382,2025-02-20T18:00:00Z,2025-02-20T06:00:00Z,10,0.2709,0.5605
2025-02-21T10:00:00+06:00,2025-02-21T04:00:00Z,T2,0.2242,0.0,0.7382,2025-02-20T18:00:00Z,2025-02-20T06:00:00Z,10,0.2709,0.5605
2025-02-21T11:00:00+06:00,2025-02-21T05:00:00Z,T1,0.3435,0.0801,0.8575,2025-02-20T18:00:00Z,2025-02-20T06:00:00Z,11,0.3872,0.8588
2025-02-21T11:00:00+06:00,2025-02-21T05:00:00Z,T2,0.3435,0.0801,0.8575,2025-02-20T18:00:00Z,2025-02-20T06:00:00Z,11,0.3872,0.8588
2025-02-21T12:00:00+06:00,2025-02-21T06:00:00Z,T1,0.5629,0.0652,0.8615,2025-02-20T18:00:00Z,2025-02-20T06:00:00Z,12,0.6251,1.4072
2025-02-21T12:00:00+06:00,2025-02-21T06:00:00Z,T2,0.5629,0.0652,0.8615,2025-02-20T18:00:00Z,2025-02-20T06:00:00Z,12,0.6251,1.4072
2025-02-21T13:00:00+06:00,2025-02-21T07:00:00Z,T1,0.6939,0.1962,0.9926,2025-02-20T18:00:00Z,2025-02-20T06:00:00Z,13,0.7365,1.7348
2025-02-21T13:00:00+06:00,2025-02-21T07:00:00Z,T2,0.6939,0.1962,0.9926,2025-02-20T18:00:00Z,2025-02-20T06:00:00Z,13,0.7365,1.7348
2025-02-21T14:00:00+06:00,2025-02-21T08:00:00Z,T1,0.71,0.2123,1.0,2025-02-20T18:00:00Z,2025-02-20T06:00:00Z,14,0.7485,1.775
2025-02-21T14:00:00+06:00,2025-02-21T08:00:00Z,T2,0.71,0.2123,1.0,2025-02-20T18:00:00Z,2025-02-20T06:00:00Z,14,0.7485,1.775
2025-02-21T15:00:00+06:00,2025-02-21T09:00:00Z,T1,0.6865,0.1888,0.9851,2025-02-20T18:00:00Z,2025-02-20T06:00:00Z,15,0.6865,1.7162
2025-02-21T15:00:00+06:00,2025-02-21T09:00:00Z,T2,0.6865,0.1888,0.9851,2025-02-20T18:00:00Z,2025-02-20T06:00:00Z,15,0.6865,1.7162
2025-02-21T16:00:00+06:00,2025-02-21T10:00:00Z,T1,0.5663,0.0686,0.865,2025-02-20T18:00:00Z,2025-02-20T06:00:00Z,16,0.5749,1.4158
2025-02-21T16:00:00+06:00,2025-02-21T10:00:00Z,T2,0.5663,0.0686,0.865,2025-02-20T18:00:00Z,2025-02-20T06:00:00Z,16,0.5749,1.4158
2025-02-21T17:00:00+06:00,2025-02-21T11:00:00Z,T1,0.4899,0.2266,1.0,2025-02-20T18:00:00Z,2025-02-20T06:00:00Z,17,0.4969,1.2248
2025-02-21T17:00:00+06:00,2025-02-21T11:00:00Z,T2,0.4899,0.2266,1.0,2025-02-20T18:00:00Z,2025-02-20T06:00:00Z,17,0.4969,1.2248
2025-02-21T18:00:00+06:00,2025-02-21T12:00:00Z,T1,0.3872,0.1238,0.9011,2025-02-20T18:00:00Z,2025-02-20T06:00:00Z,18,0.414,0.968
2025-02-21T18:00:00+06:00,2025-02-21T12:00:00Z,T2,0.3872,0.1238,0.9011,2025-02-20T18:00:00Z,2025-02-20T06:00:00Z,18,0.414,0.968
2025-02-21T19:00:00+06:00,2025-02-21T13:00:00Z,T1,0.2534,0.0,0.7674,2025-02-20T18:00:00Z,2025-02-20T06:00:00Z,19,0.353,0.6335
2025-02-21T19:00:00+06:00,2025-02-21T13:00:00Z,T2,0.2534,0.0,0.7674,2025-02-20T18:00:00Z,2025-02-20T06:00:00Z,19,0.353,0.6335
2025-02-21T20:00:00+06:00,2025-02-21T14:00:00Z,T1,0.2194,0.0,0.7334,2025-02-20T18:00:00Z,2025-02-20T06:00:00Z,20,0.3172,0.5485
2025-02-21T20:00:00+06:00,2025-02-21T14:00:00Z,T2,0.2194,0.0,0.7334,2025-02-20T18:00:00Z,2025-02-20T06:00:00Z,20,0.3172,0.5485
2025-02-21T21:00:00+06:00,2025-02-21T15:00:00Z,T1,0.2065,0.0,0.7205,2025-02-20T18:00:00Z,2025-02-20T06:00:00Z,21,0.353,0.5162
2025-02-21T21:00:00+06:00,2025-02-21T15:00:00Z,T2,0.2065,0.0,0.7205,2025-02-20T18:00:00Z,2025-02-20T06:00:00Z,21,0.353,0.5162
2025-02-21T22:00:00+06:00,2025-02-21T16:00:00Z,T1,0.2468,0.0,0.7608,2025-02-20T18:00:00Z,2025-02-20T06:00:00Z,22,0.4344,0.617
2025-02-21T22:00:00+06:00,2025-02-21T16:00:00Z,T2,0.2468,0.0,0.7608,2025-02-20T18:00:00Z,2025-02-20T06:00:00Z,22,0.4344,0.617
2025-02-21T23:00:00+06:00,2025-02-21T17:00:00Z,T1,0.3419,0.0786,0.8559,2025-02-20T18:00:00Z,2025-02-20T06:00:00Z,23,0.5091,0.8547
2025-02-21T23:00:00+06:00,2025-02-21T17:00:00Z,T2,0.3419,0.0786,0.8559,2025-02-20T18:00:00Z,2025-02-20T06:00:00Z,23,0.5091,0.8547
2025-02-22T00:00:00+06:00,2025-02-21T18:00:00Z,T1,0.3855,0.1221,0.8995,2025-02-21T18:00:00Z,2025-02-21T06:00:00Z,0,0.3955,0.9638
2025-02-22T00:00:00+06:00,2025-02-21T18:00:00Z,T2,0.3855,0.1221,0.8995,2025-02-21T18:00:00Z,2025-02-21T06:00:00Z,0,0.3955,0.9638
2025-02-22T01:00:00+06:00,2025-02-21T19:00:00Z,T1,0.4022,0.1388,0.9162,2025-02-21T18:00:00Z,2025-02-21T06:00:00Z,1,0.4362,1.0055
2025-02-22T01:00:00+06:00,2025-02-21T19:00:00Z,T2,0.4022,0.1388,0.9162,2025-02-21T18:00:00Z,2025-02-21T06:00:00Z,1,0.4362,1.0055
2025-02-22T02:00:00+06:00,2025-02-21T20:00:00Z,T1,0.4072,0.1439,0.9212,2025-02-21T18:00:00Z,2025-02-21T06:00:00Z,2,0.5056,1.018
2025-02-22T02:00:00+06:00,2025-02-21T20:00:00Z,T2,0.4072,0.1439,0.9212,2025-02-21T18:00:00Z,2025-02-21T06:00:00Z,2,0.5056,1.018
2025-02-22T03:00:00+06:00,2025-02-21T21:00:00Z,T1,0.4413,0.178,0.9553,2025-02-21T18:00:00Z,2025-02-21T06:00:00Z,3,0.5283,1.1032
2025-02-22T03:00:00+06:00,2025-02-21T21:00:00Z,T2,0.4413,0.178,0.9553,2025-02-21T18:00:00Z,2025-02-21T06:00:00Z,3,0.5283,1.1032
2025-02-22T04:00:00+06:00,2025-02-21T22:00:00Z,T1,0.5021,0.0044,0.8008,2025-02-21T18:00:00Z,2025-02-21T06:00:00Z,4,0.5526,1.2552
2025-02-22T04:00:00+06:00,2025-02-21T22:00:00Z,T2,0.5021,0.0044,0.8008,2025-02-21T18:00:00Z,2025-02-21T06:00:00Z,4,0.5526,1.2552
2025-02-22T05:00:00+06:00,2025-02-21T23:00:00Z,T1,0.5851,0.0874,0.8837,2025-02-21T18:00:00Z,2025-02-21T06:00:00Z,5,0.6218,1.4627
2025-02-22T05:00:00+06:00,2025-02-21T23:00:00Z,T2,0.5851,0.0874,0.8837,2025-02-21T18:00:00Z,2025-02-21T06:00:00Z,5,0.6218,1.4627
2025-02-22T06:00:00+06:00,2025-02-22T00:00:00Z,T1,0.6697,0.172,0.9683,2025-02-21T18:00:00Z,2025-02-21T06:00:00Z,6,0.7143,1.6742
2025-02-22T06:00:00+06:00,2025-02-22T00:00:00Z,T2,0.6697,0.172,0.9683,2025-02-21T18:00:00Z,2025-02-21T06:00:00Z,6,0.7143,1.6742
2025-02-22T07:00:00+06:00,2025-02-22T01:00:00Z,T1,0.7472,0.2495,1.0,2025-02-21T18:00:00Z,2025-02-21T06:00:00Z,7,0.7589,1.868
2025-02-22T07:00:00+06:00,2025-02-22T01:00:00Z,T2,0.7472,0.2495,1.0,2025-02-21T18:00:00Z,2025-02-21T06:00:00Z,7,0.7589,1.868
2025-02-22T08:00:00+06:00,2025-02-22T02:00:00Z,T1,0.7589,0.2612,1.0,2025-02-21T18:00:00Z,2025-02-21T06:00:00Z,8,0.7917,1.8972
2025-02-22T08:00:00+06:00,2025-02-22T02:00:00Z,T2,0.7589,0.2612,1.0,2025-02-21T18:00:00Z,2025-02-21T06:00:00Z,8,0.7917,1.8972
2025-02-22T09:00:00+06:00,2025-02-22T03:00:00Z,T1,0.7776,0.2799,1.0,2025-02-21T18:00:00Z,2025-02-21T06:00:00Z,9,0.7812,1.944
2025-02-22T09:00:00+06:00,2025-02-22T03:00:00Z,T2,0.7776,0.2799,1.0,2025-02-21T18:00:00Z,2025-02-21T06:00:00Z,9,0.7812,1.944
2025-02-22T10:00:00+06:00,2025-02-22T04:00:00Z,T1,0.6789,0.1812,0.9775,2025-02-21T18:00:00Z,2025-02-21T06:00:00Z,10,0.6743,1.6972
2025-02-22T10:00:00+06:00,2025-02-22T04:00:00Z,T2,0.6789,0.1812,0.9775,2025-02-21T18:00:00Z,2025-02-21T06:00:00Z,10,0.6743,1.6972
2025-02-22T11:00:00+06:00,2025-02-22T05:00:00Z,T1,0.7472,0.2495,1.0,2025-02-21T18:00:00Z,2025-02-21T06:00:00Z,11,0.7917,1.868
2025-02-22T11:00:00+06:00,2025-02-22T05:00:00Z,T2,0.7472,0.2495,1.0,2025-02-21T18:00:00Z,2025-02-21T06:00:00Z,11,0.7917,1.868
2025-02-22T12:00:00+06:00,2025-02-22T06:00:00Z,T1,0.8542,0.4958,0.9392,2025-02-21T18:00:00Z,2025-02-21T06:00:00Z,12,0.8843,2.1355
2025-02-22T12:00:00+06:00,2025-02-22T06:00:00Z,T2,0.8542,0.4958,0.9392,2025-02-21T18:00:00Z,2025-02-21T06:00:00Z,12,0.8843,2.1355
2025-02-22T13:00:00+06:00,2025-02-22T07:00:00Z,T1,0.8814,0.5229,0.9664,2025-02-21T18:00:00Z,2025-02-21T06:00:00Z,13,0.8843,2.2035
2025-02-22T13:00:00+06:00,2025-02-22T07:00:00Z,T2,0.8814,0.5229,0.9664,2025-02-21T18:00:00Z,2025-02-21T06:00:00Z,13,0.8843,2.2035
2025-02-22T14:00:00+06:00,2025-02-22T08:00:00Z,T1,0.8568,0.4983,0.9418,2025-02-21T18:00:00Z,2025-02-21T06:00:00Z,14,0.8635,2.142
2025-02-22T14:00:00+06:00,2025-02-22T08:00:00Z,T2,0.8568,0.4983,0.9418,2025-02-21T18:00:00Z,2025-02-21T06:00:00Z,14,0.8635,2.142
2025-02-22T15:00:00+06:00,2025-02-22T09:00:00Z,T1,0.817,0.3193,1.0,2025-02-21T18:00:00Z,2025-02-21T06:00:00Z,15,0.8201,2.0425
2025-02-22T15:00:00+06:00,2025-02-22T09:00:00Z,T2,0.817,0.3193,1.0,2025-02-21T18:00:00Z,2025-02-21T06:00:00Z,15,0.8201,2.0425
2025-02-22T16:00:00+06:00,2025-02-22T10:00:00Z,T1,0.7071,0.2094,1.0,2025-02-21T18:00:00Z,2025-02-21T06:00:00Z,16,0.7564,1.7678
2025-02-22T16:00:00+06:00,2025-02-22T10:00:00Z,T2,0.7071,0.2094,1.0,2025-02-21T18:00:00Z,2025-02-21T06:00:00Z,16,0.7564,1.7678
2025-02-22T17:00:00+06:00,2025-02-22T11:00:00Z,T1,0.6251,0.1274,0.9238,2025-02-21T18:00:00Z,2025-02-21T06:00:00Z,17,0.7071,1.5627
2025-02-22T17:00:00+06:00,2025-02-22T11:00:00Z,T2,0.6251,0.1274,0.9238,2025-02-21T18:00:00Z,2025-02-21T06:00:00Z,17,0.7071,1.5627
2025-02-22T18:00:00+06:00,2025-02-22T12:00:00Z,T1,0.4482,0.1849,0.9622,2025-02-21T18:00:00Z,2025-02-21T06:00:00Z,18,0.5646,1.1205
2025-02-22T18:00:00+06:00,2025-02-22T12:00:00Z,T2,0.4482,0.1849,0.9622,2025-02-21T18:00:00Z,2025-02-21T06:00:00Z,18,0.5646,1.1205
2025-02-22T19:00:00+06:00,2025-02-22T13:00:00Z,T1,0.2751,0.0117,0.7891,2025-02-21T18:00:00Z,2025-02-21T06:00:00Z,19,0.3756,0.6878
2025-02-22T19:00:00+06:00,2025-02-22T13:00:00Z,T2,0.2751,0.0117,0.7891,2025-02-21T18:00:00Z,2025-02-21T06:00:00Z,19,0.3756,0.6878
2025-02-22T20:00:00+06:00,2025-02-22T14:00:00Z,T1,0.1693,0.0,0.6833,2025-02-21T18:00:00Z,2025-02-21T06:00:00Z,20,0.2682,0.4232
2025-02-22T20:00:00+06:00,2025-02-22T14:00:00Z,T2,0.1693,0.0,0.6833,2025-02-21T18:00:00Z,2025-02-21T06:00:00Z,20,0.2682,0.4232
2025-02-22T21:00:00+06:00,2025-02-22T15:00:00Z,T1,0.1783,0.0,0.6923,2025-02-21T18:00:00Z,2025-02-21T06:00:00Z,21,0.3498,0.4458
2025-02-22T21:00:00+06:00,2025-02-22T15:00:00Z,T2,0.1783,0.0,0.6923,2025-02-21T18:00:00Z,2025-02-21T06:00:00Z,21,0.3498,0.4458
2025-02-22T22:00:00+06:00,2025-02-22T16:00:00Z,T1,0.2614,0.0,0.7754,2025-02-21T18:00:00Z,2025-02-21T06:00:00Z,22,0.4655,0.6535
2025-02-22T22:00:00+06:00,2025-02-22T16:00:00Z,T2,0.2614,0.0,0.7754,2025-02-21T18:00:00Z,2025-02-21T06:00:00Z,22,0.4655,0.6535
2025-02-22T23:00:00+06:00,2025-02-22T17:00:00Z,T1,0.3053,0.0419,0.8192,2025-02-21T18:00:00Z,2025-02-21T06:00:00Z,23,0.5439,0.7632
2025-02-22T23:00:00+06:00,2025-02-22T17:00:00Z,T2,0.3053,0.0419,0.8192,2025-02-21T18:00:00Z,2025-02-21T06:00:00Z,23,0.5439,0.7632
2025-02-23T00:00:00+06:00,2025-02-22T18:00:00Z,T1,0.3888,0.1255,0.9028,2025-02-22T18:00:00Z,2025-02-22T06:00:00Z,0,0.3203,0.972
2025-02-23T00:00:00+06:00,2025-02-22T18:00:00Z,T2,0.3888,0.1255,0.9028,2025-02-22T18:00:00Z,2025-02-22T06:00:00Z,0,0.3203,0.972
2025-02-23T01:00:00+06:00,2025-02-22T19:00:00Z,T1,0.4089,0.1456,0.9229,2025-02-22T18:00:00Z,2025-02-22T06:00:00Z,1,0.3642,1.0222
2025-02-23T01:00:00+06:00,2025-02-22T19:00:00Z,T2,0.4089,0.1456,0.9229,2025-02-22T18:00:00Z,2025-02-22T06:00:00Z,1,0.3642,1.0222
2025-02-23T02:00:00+06:00,2025-02-22T20:00:00Z,T1,0.443,0.1797,0.957,2025-02-22T18:00:00Z,2025-02-22T06:00:00Z,2,0.4362,1.1075
2025-02-23T02:00:00+06:00,2025-02-22T20:00:00Z,T2,0.443,0.1797,0.957,2025-02-22T18:00:00Z,2025-02-22T06:00:00Z,2,0.4362,1.1075
2025-02-23T03:00:00+06:00,2025-02-22T21:00:00Z,T1,0.4934,0.2301,1.0,2025-02-22T18:00:00Z,2025-02-22T06:00:00Z,3,0.5126,1.2335
2025-02-23T03:00:00+06:00,2025-02-22T21:00:00Z,T2,0.4934,0.2301,1.0,2025-02-22T18:00:00Z,2025-02-22T06:00:00Z,3,0.5126,1.2335
2025-02-23T04:00:00+06:00,2025-02-22T22:00:00Z,T1,0.5387,0.041,0.8374,2025-02-22T18:00:00Z,2025-02-22T06:00:00Z,4,0.5715,1.3467
2025-02-23T04:00:00+06:00,2025-02-22T22:00:00Z,T2,0.5387,0.041,0.8374,2025-02-22T18:00:00Z,2025-02-22T06:00:00Z,4,0.5715,1.3467
2025-02-23T05:00:00+06:00,2025-02-22T23:00:00Z,T1,0.6267,0.1291,0.9254,2025-02-22T18:00:00Z,2025-02-22T06:00:00Z,5,0.6429,1.5668
2025-02-23T05:00:00+06:00,2025-02-22T23:00:00Z,T2,0.6267,0.1291,0.9254,2025-02-22T18:00:00Z,2025-02-22T06:00:00Z,5,0.6429,1.5668
2025-02-23T06:00:00+06:00,2025-02-23T00:00:00Z,T1,0.6954,0.1977,0.9941,2025-02-22T18:00:00Z,2025-02-22T06:00:00Z,6,0.7071,1.7385
2025-02-23T06:00:00+06:00,2025-02-23T00:00:00Z,T2,0.6954,0.1977,0.9941,2025-02-22T18:00:00Z,2025-02-22T06:00:00Z,6,0.7071,1.7385
2025-02-23T07:00:00+06:00,2025-02-23T01:00:00Z,T1,0.7602,0.2625,1.0,2025-02-22T18:00:00Z,2025-02-22T06:00:00Z,7,0.7627,1.9005
2025-02-23T07:00:00+06:00,2025-02-23T01:00:00Z,T2,0.7602,0.2625,1.0,2025-02-22T18:00:00Z,2025-02-22T06:00:00Z,7,0.7627,1.9005
2025-02-23T08:00:00+06:00,2025-02-23T02:00:00Z,T1,0.7835,0.2858,1.0,2025-02-22T18:00:00Z,2025-02-22T06:00:00Z,8,0.8106,1.9588
2025-02-23T08:00:00+06:00,2025-02-23T02:00:00Z,T2,0.7835,0.2858,1.0,2025-02-22T18:00:00Z,2025-02-22T06:00:00Z,8,0.8106,1.9588
2025-02-23T09:00:00+06:00,2025-02-23T03:00:00Z,T1,0.7727,0.275,1.0,2025-02-22T18:00:00Z,2025-02-22T06:00:00Z,9,0.8311,1.9318
2025-02-23T09:00:00+06:00,2025-02-23T03:00:00Z,T2,0.7727,0.275,1.0,2025-02-22T18:00:00Z,2025-02-22T06:00:00Z,9,0.8311,1.9318
2025-02-23T10:00:00+06:00,2025-02-23T04:00:00Z,T1,0.7538,0.2561,1.0,2025-02-22T18:00:00Z,2025-02-22T06:00:00Z,10,0.8542,1.8845
2025-02-23T10:00:00+06:00,2025-02-23T04:00:00Z,T2,0.7538,0.2561,1.0,2025-02-22T18:00:00Z,2025-02-22T06:00:00Z,10,0.8542,1.8845
2025-02-23T11:00:00+06:00,2025-02-23T05:00:00Z,T1,0.7365,0.2388,1.0,2025-02-22T18:00:00Z,2025-02-22T06:00:00Z,11,0.8619,1.8412
2025-02-23T11:00:00+06:00,2025-02-23T05:00:00Z,T2,0.7365,0.2388,1.0,2025-02-22T18:00:00Z,2025-02-22T06:00:00Z,11,0.8619,1.8412
2025-02-23T12:00:00+06:00,2025-02-23T06:00:00Z,T1,0.8534,0.4949,0.9384,2025-02-22T18:00:00Z,2025-02-22T06:00:00Z,12,0.9247,2.1335
2025-02-23T12:00:00+06:00,2025-02-23T06:00:00Z,T2,0.8534,0.4949,0.9384,2025-02-22T18:00:00Z,2025-02-22T06:00:00Z,12,0.9247,2.1335
2025-02-23T13:00:00+06:00,2025-02-23T07:00:00Z,T1,0.9059,0.5474,0.9909,2025-02-22T18:00:00Z,2025-02-22T06:00:00Z,13,0.9373,2.2648
2025-02-23T13:00:00+06:00,2025-02-23T07:00:00Z,T2,0.9059,0.5474,0.9909,2025-02-22T18:00:00Z,2025-02-22T06:00:00Z,13,0.9373,2.2648
2025-02-23T14:00:00+06:00,2025-02-23T08:00:00Z,T1,0.9122,0.5537,0.9972,2025-02-22T18:00:00Z,2025-02-22T06:00:00Z,14,0.9257,2.2805
2025-02-23T14:00:00+06:00,2025-02-23T08:00:00Z,T2,0.9122,0.5537,0.9972,2025-02-22T18:00:00Z,2025-02-22T06:00:00Z,14,0.9257,2.2805
2025-02-23T15:00:00+06:00,2025-02-23T09:00:00Z,T1,0.8972,0.5387,0.9822,2025-02-22T18:00:00Z,2025-02-22T06:00:00Z,15,0.9004,2.243
2025-02-23T15:00:00+06:00,2025-02-23T09:00:00Z,T2,0.8972,0.5387,0.9822,2025-02-22T18:00:00Z,2025-02-22T06:00:00Z,15,0.9004,2.243
2025-02-23T16:00:00+06:00,2025-02-23T10:00:00Z,T1,0.8426,0.3449,1.0,2025-02-22T18:00:00Z,2025-02-22T06:00:00Z,16,0.8489,2.1065
2025-02-23T16:00:00+06:00,2025-02-23T10:00:00Z,T2,0.8426,0.3449,1.0,2025-02-22T18:00:00Z,2025-02-22T06:00:00Z,16,0.8489,2.1065
2025-02-23T17:00:00+06:00,2025-02-23T11:00:00Z,T1,0.8644,0.5059,0.9494,2025-02-22T18:00:00Z,2025-02-22T06:00:00Z,17,0.8644,2.161
2025-02-23T17:00:00+06:00,2025-02-23T11:00:00Z,T2,0.8644,0.5059,0.9494,2025-02-22T18:00:00Z,2025-02-22T06:00:00Z,17,0.8644,2.161
2025-02-23T18:00:00+06:00,2025-02-23T12:00:00Z,T1,0.8619,0.5034,0.9469,2025-02-22T18:00:00Z,2025-02-22T06:00:00Z,18,0.8398,2.1548
2025-02-23T18:00:00+06:00,2025-02-23T12:00:00Z,T2,0.8619,0.5034,0.9469,2025-02-22T18:00:00Z,2025-02-22T06:00:00Z,18,0.8398,2.1548
2025-02-23T19:00:00+06:00,2025-02-23T13:00:00Z,T1,0.7974,0.2997,1.0,2025-02-22T18:00:00Z,2025-02-22T06:00:00Z,19,0.7847,1.9935
2025-02-23T19:00:00+06:00,2025-02-23T13:00:00Z,T2,0.7974,0.2997,1.0,2025-02-22T18:00:00Z,2025-02-22T06:00:00Z,19,0.7847,1.9935
2025-02-23T20:00:00+06:00,2025-02-23T14:00:00Z,T1,0.7485,0.2509,1.0,2025-02-22T18:00:00Z,2025-02-22T06:00:00Z,20,0.7894,1.8712
2025-02-23T20:00:00+06:00,2025-02-23T14:00:00Z,T2,0.7485,0.2509,1.0,2025-02-22T18:00:00Z,2025-02-22T06:00:00Z,20,0.7894,1.8712
2025-02-23T21:00:00+06:00,2025-02-23T15:00:00Z,T1,0.7392,0.2415,1.0,2025-02-22T18:00:00Z,2025-02-22T06:00:00Z,21,0.8444,1.848
2025-02-23T21:00:00+06:00,2025-02-23T15:00:00Z,T2,0.7392,0.2415,1.0,2025-02-22T18:00:00Z,2025-02-22T06:00:00Z,21,0.8444,1.848
2025-02-23T22:00:00+06:00,2025-02-23T16:00:00Z,T1,0.803,0.3053,1.0,2025-02-22T18:00:00Z,2025-02-22T06:00:00Z,22,0.8692,2.0075
2025-02-23T22:00:00+06:00,2025-02-23T16:00:00Z,T2,0.803,0.3053,1.0,2025-02-22T18:00:00Z,2025-02-22T06:00:00Z,22,0.8692,2.0075
2025-02-23T23:00:00+06:00,2025-02-23T17:00:00Z,T1,0.8692,0.5107,0.9542,2025-02-22T18:00:00Z,2025-02-22T06:00:00Z,23,0.8585,2.173
2025-02-23T23:00:00+06:00,2025-02-23T17:00:00Z,T2,0.8692,0.5107,0.9542,2025-02-22T18:00:00Z,2025-02-22T06:00:00Z,23,0.8585,2.173
2025-02-24T00:00:00+06:00,2025-02-23T18:00:00Z,T1,0.8959,0.5374,0.9809,2025-02-23T18:00:00Z,2025-02-23T06:00:00Z,0,0.8952,2.2398
2025-02-24T00:00:00+06:00,2025-02-23T18:00:00Z,T2,0.8959,0.5374,0.9809,2025-02-23T18:00:00Z,2025-02-23T06:00:00Z,0,0.8952,2.2398
2025-02-24T01:00:00+06:00,2025-02-23T19:00:00Z,T1,0.9088,0.5503,0.9938,2025-02-23T18:00:00Z,2025-02-23T06:00:00Z,1,0.9034,2.272
2025-02-24T01:00:00+06:00,2025-02-23T19:00:00Z,T2,0.9088,0.5503,0.9938,2025-02-23T18:00:00Z,2025-02-23T06:00:00Z,1,0.9034,2.272
2025-02-24T02:00:00+06:00,2025-02-23T20:00:00Z,T1,0.9176,0.5592,1.0,2025-02-23T18:00:00Z,2025-02-23T06:00:00Z,2,0.9139,2.294
2025-02-24T02:00:00+06:00,2025-02-23T20:00:00Z,T2,0.9176,0.5592,1.0,2025-02-23T18:00:00Z,2025-02-23T06:00:00Z,2,0.9139,2.294
2025-02-24T03:00:00+06:00,2025-02-23T21:00:00Z,T1,0.9242,0.5658,1.0,2025-02-23T18:00:00Z,2025-02-23T06:00:00Z,3,0.9262,2.3105
2025-02-24T03:00:00+06:00,2025-02-23T21:00:00Z,T2,0.9242,0.5658,1.0,2025-02-23T18:00:00Z,2025-02-23T06:00:00Z,3,0.9262,2.3105
2025-02-24T04:00:00+06:00,2025-02-23T22:00:00Z,T1,0.9308,0.5723,1.0,2025-02-23T18:00:00Z,2025-02-23T06:00:00Z,4,0.9515,2.327
2025-02-24T04:00:00+06:00,2025-02-23T22:00:00Z,T2,0.9308,0.5723,1.0,2025-02-23T18:00:00Z,2025-02-23T06:00:00Z,4,0.9515,2.327
2025-02-24T05:00:00+06:00,2025-02-23T23:00:00Z,T1,0.942,0.5835,1.0,2025-02-23T18:00:00Z,2025-02-23T06:00:00Z,5,0.9397,2.355
2025-02-24T05:00:00+06:00,2025-02-23T23:00:00Z,T2,0.942,0.5835,1.0,2025-02-23T18:00:00Z,2025-02-23T06:00:00Z,5,0.9397,2.355
2025-02-24T06:00:00+06:00,2025-02-24T00:00:00Z,T1,0.916,0.5576,1.0,2025-02-23T18:00:00Z,2025-02-23T06:00:00Z,6,0.9428,2.29
2025-02-24T06:00:00+06:00,2025-02-24T00:00:00Z,T2,0.916,0.5576,1.0,2025-02-23T18:00:00Z,2025-02-23T06:00:00Z,6,0.9428,2.29
2025-02-24T07:00:00+06:00,2025-02-24T01:00:00Z,T1,0.8731,0.5146,0.9581,2025-02-23T18:00:00Z,2025-02-23T06:00:00Z,7,0.9317,2.1828
2025-02-24T07:00:00+06:00,2025-02-24T01:00:00Z,T2,0.8731,0.5146,0.9581,2025-02-23T18:00:00Z,2025-02-23T06:00:00Z,7,0.9317,2.1828
2025-02-24T08:00:00+06:00,2025-02-24T02:00:00Z,T1,0.8331,0.3354,1.0,2025-02-23T18:00:00Z,2025-02-23T06:00:00Z,8,0.8906,2.0828
2025-02-24T08:00:00+06:00,2025-02-24T02:00:00Z,T2,0.8331,0.3354,1.0,2025-02-23T18:00:00Z,2025-02-23T06:00:00Z,8,0.8906,2.0828
2025-02-24T09:00:00+06:00,2025-02-24T03:00:00Z,T1,0.7419,0.2442,1.0,2025-02-23T18:00:00Z,2025-02-23T06:00:00Z,9,0.7847,1.8548
2025-02-24T09:00:00+06:00,2025-02-24T03:00:00Z,T2,0.7419,0.2442,1.0,2025-02-23T18:00:00Z,2025-02-23T06:00:00Z,9,0.7847,1.8548
2025-02-24T10:00:00+06:00,2025-02-24T04:00:00Z,T1,0.7615,0.2638,1.0,2025-02-23T18:00:00Z,2025-02-23T06:00:00Z,10,0.6461,1.9038
2025-02-24T10:00:00+06:00,2025-02-24T04:00:00Z,T2,0.7615,0.2638,1.0,2025-02-23T18:00:00Z,2025-02-23T06:00:00Z,10,0.6461,1.9038
2025-02-24T11:00:00+06:00,2025-02-24T05:00:00Z,T1,0.5851,0.0874,0.8837,2025-02-23T18:00:00Z,2025-02-23T06:00:00Z,11,0.5543,1.4627
2025-02-24T11:00:00+06:00,2025-02-24T05:00:00Z,T2,0.5851,0.0874,0.8837,2025-02-23T18:00:00Z,2025-02-23T06:00:00Z,11,0.5543,1.4627
2025-02-24T12:00:00+06:00,2025-02-24T06:00:00Z,T1,0.6509,0.1532,0.9496,2025-02-23T18:00:00Z,2025-02-23T06:00:00Z,12,0.6445,1.6272
2025-02-24T12:00:00+06:00,2025-02-24T06:00:00Z,T2,0.6509,0.1532,0.9496,2025-02-23T18:00:00Z,2025-02-23T06:00:00Z,12,0.6445,1.6272
2025-02-24T13:00:00+06:00,2025-02-24T07:00:00Z,T1,0.7739,0.2762,1.0,2025-02-23T18:00:00Z,2025-02-23T06:00:00Z,13,0.7512,1.9348
2025-02-24T13:00:00+06:00,2025-02-24T07:00:00Z,T2,0.7739,0.2762,1.0,2025-02-23T18:00:00Z,2025-02-23T06:00:00Z,13,0.7512,1.9348
2025-02-24T14:00:00+06:00,2025-02-24T08:00:00Z,T1,0.7917,0.294,1.0,2025-02-23T18:00:00Z,2025-02-23T06:00:00Z,14,0.7013,1.9792
2025-02-24T14:00:00+06:00,2025-02-24T08:00:00Z,T2,0.7917,0.294,1.0,2025-02-23T18:00:00Z,2025-02-23T06:00:00Z,14,0.7013,1.9792
2025-02-24T15:00:00+06:00,2025-02-24T09:00:00Z,T1,0.78,0.2823,1.0,2025-02-23T18:00:00Z,2025-02-23T06:00:00Z,15,0.6635,1.95
2025-02-24T15:00:00+06:00,2025-02-24T09:00:00Z,T2,0.78,0.2823,1.0,2025-02-23T18:00:00Z,2025-02-23T06:00:00Z,15,0.6635,1.95
2025-02-24T16:00:00+06:00,2025-02-24T10:00:00Z,T1,0.6697,0.172,0.9683,2025-02-23T18:00:00Z,2025-02-23T06:00:00Z,16,0.6169,1.6742
2025-02-24T16:00:00+06:00,2025-02-24T10:00:00Z,T2,0.6697,0.172,0.9683,2025-02-23T18:00:00Z,2025-02-23T06:00:00Z,16,0.6169,1.6742
2025-02-24T17:00:00+06:00,2025-02-24T11:00:00Z,T1,0.6069,0.1093,0.9056,2025-02-23T18:00:00Z,2025-02-23T06:00:00Z,17,0.6235,1.5172
2025-02-24T17:00:00+06:00,2025-02-24T11:00:00Z,T2,0.6069,0.1093,0.9056,2025-02-23T18:00:00Z,2025-02-23T06:00:00Z,17,0.6235,1.5172
2025-02-24T18:00:00+06:00,2025-02-24T12:00:00Z,T1,0.5021,0.0044,0.8008,2025-02-23T18:00:00Z,2025-02-23T06:00:00Z,18,0.5491,1.2552
2025-02-24T18:00:00+06:00,2025-02-24T12:00:00Z,T2,0.5021,0.0044,0.8008,2025-02-23T18:00:00Z,2025-02-23T06:00:00Z,18,0.5491,1.2552
2025-02-24T19:00:00+06:00,2025-02-24T13:00:00Z,T1,0.5196,0.0219,0.8182,2025-02-23T18:00:00Z,2025-02-23T06:00:00Z,19,0.6218,1.299
2025-02-24T19:00:00+06:00,2025-02-24T13:00:00Z,T2,0.5196,0.0219,0.8182,2025-02-23T18:00:00Z,2025-02-23T06:00:00Z,19,0.6218,1.299
2025-02-24T20:00:00+06:00,2025-02-24T14:00:00Z,T1,0.6954,0.1977,0.9941,2025-02-23T18:00:00Z,2025-02-23T06:00:00Z,20,0.6865,1.7385
2025-02-24T20:00:00+06:00,2025-02-24T14:00:00Z,T2,0.6954,0.1977,0.9941,2025-02-23T18:00:00Z,2025-02-23T06:00:00Z,20,0.6865,1.7385
2025-02-24T21:00:00+06:00,2025-02-24T15:00:00Z,T1,0.8676,0.5091,0.9526,2025-02-23T18:00:00Z,2025-02-23T06:00:00Z,21,0.7256,2.169
2025-02-24T21:00:00+06:00,2025-02-24T15:00:00Z,T2,0.8676,0.5091,0.9526,2025-02-23T18:00:00Z,2025-02-23T06:00:00Z,21,0.7256,2.169
2025-02-24T22:00:00+06:00,2025-02-24T16:00:00Z,T1,0.9281,0.5696,1.0,2025-02-23T18:00:00Z,2025-02-23T06:00:00Z,22,0.7751,2.3202
2025-02-24T22:00:00+06:00,2025-02-24T16:00:00Z,T2,0.9281,0.5696,1.0,2025-02-23T18:00:00Z,2025-02-23T06:00:00Z,22,0.7751,2.3202
2025-02-24T23:00:00+06:00,2025-02-24T17:00:00Z,T1,0.945,0.5865,1.0,2025-02-23T18:00:00Z,2025-02-23T06:00:00Z,23,0.7917,2.3625
2025-02-24T23:00:00+06:00,2025-02-24T17:00:00Z,T2,0.945,0.5865,1.0,2025-02-23T18:00:00Z,2025-02-23T06:00:00Z,23,0.7917,2.3625
2025-02-25T00:00:00+06:00,2025-02-24T18:00:00Z,T1,0.8635,0.5051,0.9485,2025-02-24T18:00:00Z,2025-02-24T06:00:00Z,0,0.9416,2.1588
2025-02-25T00:00:00+06:00,2025-02-24T18:00:00Z,T2,0.8635,0.5051,0.9485,2025-02-24T18:00:00Z,2025-02-24T06:00:00Z,0,0.9416,2.1588
2025-02-25T01:00:00+06:00,2025-02-24T19:00:00Z,T1,0.8159,0.3182,1.0,2025-02-24T18:00:00Z,2025-02-24T06:00:00Z,1,0.9116,2.0397
2025-02-25T01:00:00+06:00,2025-02-24T19:00:00Z,T2,0.8159,0.3182,1.0,2025-02-24T18:00:00Z,2025-02-24T06:00:00Z,1,0.9116,2.0397
2025-02-25T02:00:00+06:00,2025-02-24T20:00:00Z,T1,0.769,0.2713,1.0,2025-02-24T18:00:00Z,2025-02-24T06:00:00Z,2,0.8388,1.9225
2025-02-25T02:00:00+06:00,2025-02-24T20:00:00Z,T2,0.769,0.2713,1.0,2025-02-24T18:00:00Z,2025-02-24T06:00:00Z,2,0.8388,1.9225
2025-02-25T03:00:00+06:00,2025-02-24T21:00:00Z,T1,0.4969,0.2336,1.0,2025-02-24T18:00:00Z,2025-02-24T06:00:00Z,3,0.5405,1.2422
2025-02-25T03:00:00+06:00,2025-02-24T21:00:00Z,T2,0.4969,0.2336,1.0,2025-02-24T18:00:00Z,2025-02-24T06:00:00Z,3,0.5405,1.2422
2025-02-25T04:00:00+06:00,2025-02-24T22:00:00Z,T1,0.3341,0.0707,0.8481,2025-02-24T18:00:00Z,2025-02-24T06:00:00Z,4,0.1645,0.8352
2025-02-25T04:00:00+06:00,2025-02-24T22:00:00Z,T2,0.3341,0.0707,0.8481,2025-02-24T18:00:00Z,2025-02-24T06:00:00Z,4,0.1645,0.8352
2025-02-25T05:00:00+06:00,2025-02-24T23:00:00Z,T1,0.147,0.0648,0.3754,2025-02-24T18:00:00Z,2025-02-24T06:00:00Z,5,0.1877,0.3675
2025-02-25T05:00:00+06:00,2025-02-24T23:00:00Z,T2,0.147,0.0648,0.3754,2025-02-24T18:00:00Z,2025-02-24T06:00:00Z,5,0.1877,0.3675
2025-02-25T06:00:00+06:00,2025-02-25T00:00:00Z,T1,0.0377,0.0,0.2661,2025-02-24T18:00:00Z,2025-02-24T06:00:00Z,6,0.0915,0.0942
2025-02-25T06:00:00+06:00,2025-02-25T00:00:00Z,T2,0.0377,0.0,0.2661,2025-02-24T18:00:00Z,2025-02-24T06:00:00Z,6,0.0915,0.0942
2025-02-25T07:00:00+06:00,2025-02-25T01:00:00Z,T1,0.026,0.0,0.2544,2025-02-24T18:00:00Z,2025-02-24T06:00:00Z,7,0.0284,0.065
2025-02-25T07:00:00+06:00,2025-02-25T01:00:00Z,T2,0.026,0.0,0.2544,2025-02-24T18:00:00Z,2025-02-24T06:00:00Z,7,0.0284,0.065
2025-02-25T08:00:00+06:00,2025-02-25T02:00:00Z,T1,0.0415,0.0,0.2699,2025-02-24T18:00:00Z,2025-02-24T06:00:00Z,8,0.039,0.1038
2025-02-25T08:00:00+06:00,2025-02-25T02:00:00Z,T2,0.0415,0.0,0.2699,2025-02-24T18:00:00Z,2025-02-24T06:00:00Z,8,0.039,0.1038
2025-02-25T09:00:00+06:00,2025-02-25T03:00:00Z,T1,0.0401,0.0,0.2685,2025-02-24T18:00:00Z,2025-02-24T06:00:00Z,9,0.0302,0.1002
2025-02-25T09:00:00+06:00,2025-02-25T03:00:00Z,T2,0.0401,0.0,0.2685,2025-02-24T18:00:00Z,2025-02-24T06:00:00Z,9,0.0302,0.1002
2025-02-25T10:00:00+06:00,2025-02-25T04:00:00Z,T1,0.0195,0.0,0.2479,2025-02-24T18:00:00Z,2025-02-24T06:00:00Z,10,0.0398,0.0488
2025-02-25T10:00:00+06:00,2025-02-25T04:00:00Z,T2,0.0195,0.0,0.2479,2025-02-24T18:00:00Z,2025-02-24T06:00:00Z,10,0.0398,0.0488
2025-02-25T11:00:00+06:00,2025-02-25T05:00:00Z,T1,0.0363,0.0,0.2646,2025-02-24T18:00:00Z,2025-02-24T06:00:00Z,11,0.0271,0.0908
2025-02-25T11:00:00+06:00,2025-02-25T05:00:00Z,T2,0.0363,0.0,0.2646,2025-02-24T18:00:00Z,2025-02-24T06:00:00Z,11,0.0271,0.0908
2025-02-25T12:00:00+06:00,2025-02-25T06:00:00Z,T1,0.0897,0.0075,0.3181,2025-02-24T18:00:00Z,2025-02-24T06:00:00Z,12,0.0446,0.2242
2025-02-25T12:00:00+06:00,2025-02-25T06:00:00Z,T2,0.0897,0.0075,0.3181,2025-02-24T18:00:00Z,2025-02-24T06:00:00Z,12,0.0446,0.2242
2025-02-25T13:00:00+06:00,2025-02-25T07:00:00Z,T1,0.4089,0.1456,0.9229,2025-02-24T18:00:00Z,2025-02-24T06:00:00Z,13,0.331,1.0222
2025-02-25T13:00:00+06:00,2025-02-25T07:00:00Z,T2,0.4089,0.1456,0.9229,2025-02-24T18:00:00Z,2025-02-24T06:00:00Z,13,0.331,1.0222
2025-02-25T14:00:00+06:00,2025-02-25T08:00:00Z,T1,0.8231,0.3255,1.0,2025-02-24T18:00:00Z,2025-02-24T06:00:00Z,14,0.7114,2.0578
2025-02-25T14:00:00+06:00,2025-02-25T08:00:00Z,T2,0.8231,0.3255,1.0,2025-02-24T18:00:00Z,2025-02-24T06:00:00Z,14,0.7114,2.0578
2025-02-25T15:00:00+06:00,2025-02-25T09:00:00Z,T1,0.8906,0.5321,0.9756,2025-02-24T18:00:00Z,2025-02-24T06:00:00Z,15,0.8585,2.2265
2025-02-25T15:00:00+06:00,2025-02-25T09:00:00Z,T2,0.8906,0.5321,0.9756,2025-02-24T18:00:00Z,2025-02-24T06:00:00Z,15,0.8585,2.2265
2025-02-25T16:00:00+06:00,2025-02-25T10:00:00Z,T1,0.8885,0.53,0.9735,2025-02-24T18:00:00Z,2025-02-24T06:00:00Z,16,0.8716,2.2212
2025-02-25T16:00:00+06:00,2025-02-25T10:00:00Z,T2,0.8885,0.53,0.9735,2025-02-24T18:00:00Z,2025-02-24T06:00:00Z,16,0.8716,2.2212
2025-02-25T17:00:00+06:00,2025-02-25T11:00:00Z,T1,0.8568,0.4983,0.9418,2025-02-24T18:00:00Z,2025-02-24T06:00:00Z,17,0.8471,2.142
2025-02-25T17:00:00+06:00,2025-02-25T11:00:00Z,T2,0.8568,0.4983,0.9418,2025-02-24T18:00:00Z,2025-02-24T06:00:00Z,17,0.8471,2.142
2025-02-25T18:00:00+06:00,2025-02-25T12:00:00Z,T1,0.7894,0.2917,1.0,2025-02-24T18:00:00Z,2025-02-24T06:00:00Z,18,0.7433,1.9735
2025-02-25T18:00:00+06:00,2025-02-25T12:00:00Z,T2,0.7894,0.2917,1.0,2025-02-24T18:00:00Z,2025-02-24T06:00:00Z,18,0.7433,1.9735
2025-02-25T19:00:00+06:00,2025-02-25T13:00:00Z,T1,0.6728,0.1751,0.9714,2025-02-24T18:00:00Z,2025-02-24T06:00:00Z,19,0.3279,1.682
2025-02-25T19:00:00+06:00,2025-02-25T13:00:00Z,T2,0.6728,0.1751,0.9714,2025-02-24T18:00:00Z,2025-02-24T06:00:00Z,19,0.3279,1.682
2025-02-25T20:00:00+06:00,2025-02-25T14:00:00Z,T1,0.1743,0.0,0.6883,2025-02-24T18:00:00Z,2025-02-24T06:00:00Z,20,0.0282,0.4358
2025-02-25T20:00:00+06:00,2025-02-25T14:00:00Z,T2,0.1743,0.0,0.6883,2025-02-24T18:00:00Z,2025-02-24T06:00:00Z,20,0.0282,0.4358
2025-02-25T21:00:00+06:00,2025-02-25T15:00:00Z,T1,0.0346,0.0,0.263,2025-02-24T18:00:00Z,2025-02-24T06:00:00Z,21,0.1654,0.0865
2025-02-25T21:00:00+06:00,2025-02-25T15:00:00Z,T2,0.0346,0.0,0.263,2025-02-24T18:00:00Z,2025-02-24T06:00:00Z,21,0.1654,0.0865
2025-02-25T22:00:00+06:00,2025-02-25T16:00:00Z,T1,0.0306,0.0,0.259,2025-02-24T18:00:00Z,2025-02-24T06:00:00Z,22,0.2077,0.0765
2025-02-25T22:00:00+06:00,2025-02-25T16:00:00Z,T2,0.0306,0.0,0.259,2025-02-24T18:00:00Z,2025-02-24T06:00:00Z,22,0.2077,0.0765
2025-02-25T23:00:00+06:00,2025-02-25T17:00:00Z,T1,0.0241,0.0,0.2525,2025-02-24T18:00:00Z,2025-02-24T06:00:00Z,23,0.1909,0.0602
2025-02-25T23:00:00+06:00,2025-02-25T17:00:00Z,T2,0.0241,0.0,0.2525,2025-02-24T18:00:00Z,2025-02-24T06:00:00Z,23,0.1909,0.0602
2025-02-26T00:00:00+06:00,2025-02-25T18:00:00Z,T1,0.2807,0.0173,0.7947,2025-02-25T18:00:00Z,2025-02-25T06:00:00Z,0,0.0351,0.7018
2025-02-26T00:00:00+06:00,2025-02-25T18:00:00Z,T2,0.2807,0.0173,0.7947,2025-02-25T18:00:00Z,2025-02-25T06:00:00Z,0,0.0351,0.7018
2025-02-26T01:00:00+06:00,2025-02-25T19:00:00Z,T1,0.1713,0.0,0.6853,2025-02-25T18:00:00Z,2025-02-25T06:00:00Z,1,0.016,0.4282
2025-02-26T01:00:00+06:00,2025-02-25T19:00:00Z,T2,0.1713,0.0,0.6853,2025-02-25T18:00:00Z,2025-02-25T06:00:00Z,1,0.016,0.4282
2025-02-26T02:00:00+06:00,2025-02-25T20:00:00Z,T1,0.1723,0.0,0.6863,2025-02-25T18:00:00Z,2025-02-25T06:00:00Z,2,0.0158,0.4308
2025-02-26T02:00:00+06:00,2025-02-25T20:00:00Z,T2,0.1723,0.0,0.6863,2025-02-25T18:00:00Z,2025-02-25T06:00:00Z,2,0.0158,0.4308
2025-02-26T03:00:00+06:00,2025-02-25T21:00:00Z,T1,0.2614,0.0,0.7754,2025-02-25T18:00:00Z,2025-02-25T06:00:00Z,3,0.0266,0.6535
2025-02-26T03:00:00+06:00,2025-02-25T21:00:00Z,T2,0.2614,0.0,0.7754,2025-02-25T18:00:00Z,2025-02-25T06:00:00Z,3,0.0266,0.6535
2025-02-26T04:00:00+06:00,2025-02-25T22:00:00Z,T1,0.2964,0.0331,0.8104,2025-02-25T18:00:00Z,2025-02-25T06:00:00Z,4,0.0258,0.741
2025-02-26T04:00:00+06:00,2025-02-25T22:00:00Z,T2,0.2964,0.0331,0.8104,2025-02-25T18:00:00Z,2025-02-25T06:00:00Z,4,0.0258,0.741
2025-02-26T05:00:00+06:00,2025-02-25T23:00:00Z,T1,0.2442,0.0,0.7582,2025-02-25T18:00:00Z,2025-02-25T06:00:00Z,5,0.0215,0.6105
2025-02-26T05:00:00+06:00,2025-02-25T23:00:00Z,T2,0.2442,0.0,0.7582,2025-02-25T18:00:00Z,2025-02-25T06:00:00Z,5,0.0215,0.6105
2025-02-26T06:00:00+06:00,2025-02-26T00:00:00Z,T1,0.217,0.0,0.731,2025-02-25T18:00:00Z,2025-02-25T06:00:00Z,6,0.0429,0.5425
2025-02-26T06:00:00+06:00,2025-02-26T00:00:00Z,T2,0.217,0.0,0.731,2025-02-25T18:00:00Z,2025-02-25T06:00:00Z,6,0.0429,0.5425
2025-02-26T07:00:00+06:00,2025-02-26T01:00:00Z,T1,0.5919,0.0942,0.8905,2025-02-25T18:00:00Z,2025-02-25T06:00:00Z,7,0.7143,1.4797
2025-02-26T07:00:00+06:00,2025-02-26T01:00:00Z,T2,0.5919,0.0942,0.8905,2025-02-25T18:00:00Z,2025-02-25T06:00:00Z,7,0.7143,1.4797
2025-02-26T08:00:00+06:00,2025-02-26T02:00:00Z,T1,0.818,0.3203,1.0,2025-02-25T18:00:00Z,2025-02-25T06:00:00Z,8,0.8262,2.045
2025-02-26T08:00:00+06:00,2025-02-26T02:00:00Z,T2,0.818,0.3203,1.0,2025-02-25T18:00:00Z,2025-02-25T06:00:00Z,8,0.8262,2.045
2025-02-26T09:00:00+06:00,2025-02-26T03:00:00Z,T1,0.9703,0.6118,1.0,2025-02-25T18:00:00Z,2025-02-25T06:00:00Z,9,0.848,2.4258
2025-02-26T09:00:00+06:00,2025-02-26T03:00:00Z,T2,0.9703,0.6118,1.0,2025-02-25T18:00:00Z,2025-02-25T06:00:00Z,9,0.848,2.4258
2025-02-26T10:00:00+06:00,2025-02-26T04:00:00Z,T1,0.9711,0.6126,1.0,2025-02-25T18:00:00Z,2025-02-25T06:00:00Z,10,0.7589,2.4278
2025-02-26T10:00:00+06:00,2025-02-26T04:00:00Z,T2,0.9711,0.6126,1.0,2025-02-25T18:00:00Z,2025-02-25T06:00:00Z,10,0.7589,2.4278
2025-02-26T11:00:00+06:00,2025-02-26T05:00:00Z,T1,0.9634,0.6049,1.0,2025-02-25T18:00:00Z,2025-02-25T06:00:00Z,11,0.9339,2.4085
2025-02-26T11:00:00+06:00,2025-02-26T05:00:00Z,T2,0.9634,0.6049,1.0,2025-02-25T18:00:00Z,2025-02-25T06:00:00Z,11,0.9339,2.4085
2025-02-26T12:00:00+06:00,2025-02-26T06:00:00Z,T1,0.9502,0.5917,1.0,2025-02-25T18:00:00Z,2025-02-25T06:00:00Z,12,0.9578,2.3755
2025-02-26T12:00:00+06:00,2025-02-26T06:00:00Z,T2,0.9502,0.5917,1.0,2025-02-25T18:00:00Z,2025-02-25T06:00:00Z,12,0.9578,2.3755
2025-02-26T13:00:00+06:00,2025-02-26T07:00:00Z,T1,0.9543,0.5958,1.0,2025-02-25T18:00:00Z,2025-02-25T06:00:00Z,13,0.9748,2.3858
2025-02-26T13:00:00+06:00,2025-02-26T07:00:00Z,T2,0.9543,0.5958,1.0,2025-02-25T18:00:00Z,2025-02-25T06:00:00Z,13,0.9748,2.3858
2025-02-26T14:00:00+06:00,2025-02-26T08:00:00Z,T1,0.9851,0.6266,1.0,2025-02-25T18:00:00Z,2025-02-25T06:00:00Z,14,0.9693,2.4627
2025-02-26T14:00:00+06:00,2025-02-26T08:00:00Z,T2,0.9851,0.6266,1.0,2025-02-25T18:00:00Z,2025-02-25T06:00:00Z,14,0.9693,2.4627
2025-02-26T15:00:00+06:00,2025-02-26T09:00:00Z,T1,0.99,0.6315,1.0,2025-02-25T18:00:00Z,2025-02-25T06:00:00Z,15,0.9871,2.475
2025-02-26T15:00:00+06:00,2025-02-26T09:00:00Z,T2,0.99,0.6315,1.0,2025-02-25T18:00:00Z,2025-02-25T06:00:00Z,15,0.9871,2.475
2025-02-26T16:00:00+06:00,2025-02-26T10:00:00Z,T1,0.99,0.6315,1.0,2025-02-25T18:00:00Z,2025-02-25T06:00:00Z,16,0.99,2.475
2025-02-26T16:00:00+06:00,2025-02-26T10:00:00Z,T2,0.99,0.6315,1.0,2025-02-25T18:00:00Z,2025-02-25T06:00:00Z,16,0.99,2.475
2025-02-26T17:00:00+06:00,2025-02-26T11:00:00Z,T1,0.99,0.6315,1.0,2025-02-25T18:00:00Z,2025-02-25T06:00:00Z,17,0.99,2.475
2025-02-26T17:00:00+06:00,2025-02-26T11:00:00Z,T2,0.99,0.6315,1.0,2025-02-25T18:00:00Z,2025-02-25T06:00:00Z,17,0.99,2.475
2025-02-26T18:00:00+06:00,2025-02-26T12:00:00Z,T1,0.99,0.6315,1.0,2025-02-25T18:00:00Z,2025-02-25T06:00:00Z,18,0.99,2.475
2025-02-26T18:00:00+06:00,2025-02-26T12:00:00Z,T2,0.99,0.6315,1.0,2025-02-25T18:00:00Z,2025-02-25T06:00:00Z,18,0.99,2.475
2025-02-26T19:00:00+06:00,2025-02-26T13:00:00Z,T1,0.99,0.6315,1.0,2025-02-25T18:00:00Z,2025-02-25T06:00:00Z,19,0.99,2.475
2025-02-26T19:00:00+06:00,2025-02-26T13:00:00Z,T2,0.99,0.6315,1.0,2025-02-25T18:00:00Z,2025-02-25T06:00:00Z,19,0.99,2.475
2025-02-26T20:00:00+06:00,2025-02-26T14:00:00Z,T1,0.99,0.6315,1.0,2025-02-25T18:00:00Z,2025-02-25T06:00:00Z,20,0.9886,2.475
2025-02-26T20:00:00+06:00,2025-02-26T14:00:00Z,T2,0.99,0.6315,1.0,2025-02-25T18:00:00Z,2025-02-25T06:00:00Z,20,0.9886,2.475
2025-02-26T21:00:00+06:00,2025-02-26T15:00:00Z,T1,0.9777,0.6192,1.0,2025-02-25T18:00:00Z,2025-02-25T06:00:00Z,21,0.9783,2.4443
2025-02-26T21:00:00+06:00,2025-02-26T15:00:00Z,T2,0.9777,0.6192,1.0,2025-02-25T18:00:00Z,2025-02-25T06:00:00Z,21,0.9783,2.4443
2025-02-26T22:00:00+06:00,2025-02-26T16:00:00Z,T1,0.9621,0.6036,1.0,2025-02-25T18:00:00Z,2025-02-25T06:00:00Z,22,0.9701,2.4052
2025-02-26T22:00:00+06:00,2025-02-26T16:00:00Z,T2,0.9621,0.6036,1.0,2025-02-25T18:00:00Z,2025-02-25T06:00:00Z,22,0.9701,2.4052
2025-02-26T23:00:00+06:00,2025-02-26T17:00:00Z,T1,0.954,0.5955,1.0,2025-02-25T18:00:00Z,2025-02-25T06:00:00Z,23,0.9339,2.385
2025-02-26T23:00:00+06:00,2025-02-26T17:00:00Z,T2,0.954,0.5955,1.0,2025-02-25T18:00:00Z,2025-02-25T06:00:00Z,23,0.9339,2.385
2025-02-27T00:00:00+06:00,2025-02-26T18:00:00Z,T1,0.7715,0.2738,1.0,2025-02-26T18:00:00Z,2025-02-26T06:00:00Z,0,0.8684,1.9288
2025-02-27T00:00:00+06:00,2025-02-26T18:00:00Z,T2,0.7715,0.2738,1.0,2025-02-26T18:00:00Z,2025-02-26T06:00:00Z,0,0.8684,1.9288
2025-02-27T01:00:00+06:00,2025-02-26T19:00:00Z,T1,0.5646,0.0669,0.8633,2025-02-26T18:00:00Z,2025-02-26T06:00:00Z,1,0.8331,1.4115
2025-02-27T01:00:00+06:00,2025-02-26T19:00:00Z,T2,0.5646,0.0669,0.8633,2025-02-26T18:00:00Z,2025-02-26T06:00:00Z,1,0.8331,1.4115
2025-02-27T02:00:00+06:00,2025-02-26T20:00:00Z,T1,0.3218,0.0584,0.8358,2025-02-26T18:00:00Z,2025-02-26T06:00:00Z,2,0.7525,0.8045
2025-02-27T02:00:00+06:00,2025-02-26T20:00:00Z,T2,0.3218,0.0584,0.8358,2025-02-26T18:00:00Z,2025-02-26T06:00:00Z,2,0.7525,0.8045
2025-02-27T03:00:00+06:00,2025-02-26T21:00:00Z,T1,0.141,0.0587,0.3694,2025-02-26T18:00:00Z,2025-02-26T06:00:00Z,3,0.6119,0.3525
2025-02-27T03:00:00+06:00,2025-02-26T21:00:00Z,T2,0.141,0.0587,0.3694,2025-02-26T18:00:00Z,2025-02-26T06:00:00Z,3,0.6119,0.3525
2025-02-27T04:00:00+06:00,2025-02-26T22:00:00Z,T1,0.0487,0.0,0.277,2025-02-26T18:00:00Z,2025-02-26T06:00:00Z,4,0.3789,0.1218
2025-02-27T04:00:00+06:00,2025-02-26T22:00:00Z,T2,0.0487,0.0,0.277,2025-02-26T18:00:00Z,2025-02-26T06:00:00Z,4,0.3789,0.1218
2025-02-27T05:00:00+06:00,2025-02-26T23:00:00Z,T1,0.0258,0.0,0.2542,2025-02-26T18:00:00Z,2025-02-26T06:00:00Z,5,0.1964,0.0645
2025-02-27T05:00:00+06:00,2025-02-26T23:00:00Z,T2,0.0258,0.0,0.2542,2025-02-26T18:00:00Z,2025-02-26T06:00:00Z,5,0.1964,0.0645
2025-02-27T06:00:00+06:00,2025-02-27T00:00:00Z,T1,0.0187,0.0,0.2471,2025-02-26T18:00:00Z,2025-02-26T06:00:00Z,6,0.065,0.0468
2025-02-27T06:00:00+06:00,2025-02-27T00:00:00Z,T2,0.0187,0.0,0.2471,2025-02-26T18:00:00Z,2025-02-26T06:00:00Z,6,0.065,0.0468
2025-02-27T07:00:00+06:00,2025-02-27T01:00:00Z,T1,0.0477,0.0,0.2761,2025-02-26T18:00:00Z,2025-02-26T06:00:00Z,7,0.0112,0.1192
2025-02-27T07:00:00+06:00,2025-02-27T01:00:00Z,T2,0.0477,0.0,0.2761,2025-02-26T18:00:00Z,2025-02-26T06:00:00Z,7,0.0112,0.1192
2025-02-27T08:00:00+06:00,2025-02-27T02:00:00Z,T1,0.1125,0.0302,0.3409,2025-02-26T18:00:00Z,2025-02-26T06:00:00Z,8,0.0235,0.2812
2025-02-27T08:00:00+06:00,2025-02-27T02:00:00Z,T2,0.1125,0.0302,0.3409,2025-02-26T18:00:00Z,2025-02-26T06:00:00Z,8,0.0235,0.2812
2025-02-27T09:00:00+06:00,2025-02-27T03:00:00Z,T1,0.1064,0.0241,0.3348,2025-02-26T18:00:00Z,2025-02-26T06:00:00Z,9,0.0388,0.266
2025-02-27T09:00:00+06:00,2025-02-27T03:00:00Z,T2,0.1064,0.0241,0.3348,2025-02-26T18:00:00Z,2025-02-26T06:00:00Z,9,0.0388,0.266
2025-02-27T10:00:00+06:00,2025-02-27T04:00:00Z,T1,0.1654,0.0,0.6794,2025-02-26T18:00:00Z,2025-02-26T06:00:00Z,10,0.0676,0.4135
2025-02-27T10:00:00+06:00,2025-02-27T04:00:00Z,T2,0.1654,0.0,0.6794,2025-02-26T18:00:00Z,2025-02-26T06:00:00Z,10,0.0676,0.4135
2025-02-27T11:00:00+06:00,2025-02-27T05:00:00Z,T1,0.3773,0.1139,0.8913,2025-02-26T18:00:00Z,2025-02-26T06:00:00Z,11,0.0755,0.9432
2025-02-27T11:00:00+06:00,2025-02-27T05:00:00Z,T2,0.3773,0.1139,0.8913,2025-02-26T18:00:00Z,2025-02-26T06:00:00Z,11,0.0755,0.9432
2025-02-27T12:00:00+06:00,2025-02-27T06:00:00Z,T1,0.4208,0.1574,0.9348,2025-02-26T18:00:00Z,2025-02-26T06:00:00Z,12,0.1825,1.052
2025-02-27T12:00:00+06:00,2025-02-27T06:00:00Z,T2,0.4208,0.1574,0.9348,2025-02-26T18:00:00Z,2025-02-26T06:00:00Z,12,0.1825,1.052
2025-02-27T13:00:00+06:00,2025-02-27T07:00:00Z,T1,0.4191,0.1557,0.9331,2025-02-26T18:00:00Z,2025-02-26T06:00:00Z,13,0.2807,1.0478
2025-02-27T13:00:00+06:00,2025-02-27T07:00:00Z,T2,0.4191,0.1557,0.9331,2025-02-26T18:00:00Z,2025-02-26T06:00:00Z,13,0.2807,1.0478
2025-02-27T14:00:00+06:00,2025-02-27T08:00:00Z,T1,0.3127,0.0494,0.8267,2025-02-26T18:00:00Z,2025-02-26T06:00:00Z,14,0.2328,0.7817
2025-02-27T14:00:00+06:00,2025-02-27T08:00:00Z,T2,0.3127,0.0494,0.8267,2025-02-26T18:00:00Z,2025-02-26T06:00:00Z,14,0.2328,0.7817
2025-02-27T15:00:00+06:00,2025-02-27T09:00:00Z,T1,0.1964,0.0,0.7104,2025-02-26T18:00:00Z,2025-02-26T06:00:00Z,15,0.1212,0.491
2025-02-27T15:00:00+06:00,2025-02-27T09:00:00Z,T2,0.1964,0.0,0.7104,2025-02-26T18:00:00Z,2025-02-26T06:00:00Z,15,0.1212,0.491
2025-02-27T16:00:00+06:00,2025-02-27T10:00:00Z,T1,0.1118,0.0295,0.3402,2025-02-26T18:00:00Z,2025-02-26T06:00:00Z,16,0.08,0.2795
2025-02-27T16:00:00+06:00,2025-02-27T10:00:00Z,T2,0.1118,0.0295,0.3402,2025-02-26T18:00:00Z,2025-02-26T06:00:00Z,16,0.08,0.2795
2025-02-27T17:00:00+06:00,2025-02-27T11:00:00Z,T1,0.0681,0.0,0.2964,2025-02-26T18:00:00Z,2025-02-26T06:00:00Z,17,0.0548,0.1702
2025-02-27T17:00:00+06:00,2025-02-27T11:00:00Z,T2,0.0681,0.0,0.2964,2025-02-26T18:00:00Z,2025-02-26T06:00:00Z,17,0.0548,0.1702
2025-02-27T18:00:00+06:00,2025-02-27T12:00:00Z,T1,0.0593,0.0,0.2877,2025-02-26T18:00:00Z,2025-02-26T06:00:00Z,18,0.0471,0.1482
2025-02-27T18:00:00+06:00,2025-02-27T12:00:00Z,T2,0.0593,0.0,0.2877,2025-02-26T18:00:00Z,2025-02-26T06:00:00Z,18,0.0471,0.1482
2025-02-27T19:00:00+06:00,2025-02-27T13:00:00Z,T1,0.0258,0.0,0.2542,2025-02-26T18:00:00Z,2025-02-26T06:00:00Z,19,0.0166,0.0645
2025-02-27T19:00:00+06:00,2025-02-27T13:00:00Z,T2,0.0258,0.0,0.2542,2025-02-26T18:00:00Z,2025-02-26T06:00:00Z,19,0.0166,0.0645
2025-02-27T20:00:00+06:00,2025-02-27T14:00:00Z,T1,0.2892,0.0259,0.8032,2025-02-26T18:00:00Z,2025-02-26T06:00:00Z,20,0.1393,0.723
2025-02-27T20:00:00+06:00,2025-02-27T14:00:00Z,T2,0.2892,0.0259,0.8032,2025-02-26T18:00:00Z,2025-02-26T06:00:00Z,20,0.1393,0.723
2025-02-27T21:00:00+06:00,2025-02-27T15:00:00Z,T1,0.3097,0.0464,0.8237,2025-02-26T18:00:00Z,2025-02-26T06:00:00Z,21,0.202,0.7742
2025-02-27T21:00:00+06:00,2025-02-27T15:00:00Z,T2,0.3097,0.0464,0.8237,2025-02-26T18:00:00Z,2025-02-26T06:00:00Z,21,0.202,0.7742
2025-02-27T22:00:00+06:00,2025-02-27T16:00:00Z,T1,0.3325,0.0692,0.8465,2025-02-26T18:00:00Z,2025-02-26T06:00:00Z,22,0.1804,0.8312
2025-02-27T22:00:00+06:00,2025-02-27T16:00:00Z,T2,0.3325,0.0692,0.8465,2025-02-26T18:00:00Z,2025-02-26T06:00:00Z,22,0.1804,0.8312
2025-02-27T23:00:00+06:00,2025-02-27T17:00:00Z,T1,0.2194,0.0,0.7334,2025-02-26T18:00:00Z,2025-02-26T06:00:00Z,23,0.2031,0.5485
2025-02-27T23:00:00+06:00,2025-02-27T17:00:00Z,T2,0.2194,0.0,0.7334,2025-02-26T18:00:00Z,2025-02-26T06:00:00Z,23,0.2031,0.5485
2025-02-28T00:00:00+06:00,2025-02-27T18:00:00Z,T1,0.1479,0.0656,0.3763,2025-02-27T18:00:00Z,2025-02-27T06:00:00Z,0,0.1153,0.3698
2025-02-28T00:00:00+06:00,2025-02-27T18:00:00Z,T2,0.1479,0.0656,0.3763,2025-02-27T18:00:00Z,2025-02-27T06:00:00Z,0,0.1153,0.3698
2025-02-28T01:00:00+06:00,2025-02-27T19:00:00Z,T1,0.1713,0.0,0.6853,2025-02-27T18:00:00Z,2025-02-27T06:00:00Z,1,0.1288,0.4282
2025-02-28T01:00:00+06:00,2025-02-27T19:00:00Z,T2,0.1713,0.0,0.6853,2025-02-27T18:00:00Z,2025-02-27T06:00:00Z,1,0.1288,0.4282
2025-02-28T02:00:00+06:00,2025-02-27T20:00:00Z,T1,0.1125,0.0302,0.3409,2025-02-27T18:00:00Z,2025-02-27T06:00:00Z,2,0.0676,0.2812
2025-02-28T02:00:00+06:00,2025-02-27T20:00:00Z,T2,0.1125,0.0302,0.3409,2025-02-27T18:00:00Z,2025-02-27T06:00:00Z,2,0.0676,0.2812
2025-02-28T03:00:00+06:00,2025-02-27T21:00:00Z,T1,0.0909,0.0086,0.3193,2025-02-27T18:00:00Z,2025-02-27T06:00:00Z,3,0.0629,0.2272
2025-02-28T03:00:00+06:00,2025-02-27T21:00:00Z,T2,0.0909,0.0086,0.3193,2025-02-27T18:00:00Z,2025-02-27T06:00:00Z,3,0.0629,0.2272
2025-02-28T04:00:00+06:00,2025-02-27T22:00:00Z,T1,0.1488,0.0665,0.3772,2025-02-27T18:00:00Z,2025-02-27T06:00:00Z,4,0.0816,0.372
2025-02-28T04:00:00+06:00,2025-02-27T22:00:00Z,T2,0.1488,0.0665,0.3772,2025-02-27T18:00:00Z,2025-02-27T06:00:00Z,4,0.0816,0.372
2025-02-28T05:00:00+06:00,2025-02-27T23:00:00Z,T1,0.1703,0.0,0.6843,2025-02-27T18:00:00Z,2025-02-27T06:00:00Z,5,0.0837,0.4258
2025-02-28T05:00:00+06:00,2025-02-27T23:00:00Z,T2,0.1703,0.0,0.6843,2025-02-27T18:00:00Z,2025-02-27T06:00:00Z,5,0.0837,0.4258
2025-02-28T06:00:00+06:00,2025-02-28T00:00:00Z,T1,0.0585,0.0,0.2869,2025-02-27T18:00:00Z,2025-02-27T06:00:00Z,6,0.1057,0.1463
2025-02-28T06:00:00+06:00,2025-02-28T00:00:00Z,T2,0.0585,0.0,0.2869,2025-02-27T18:00:00Z,2025-02-27T06:00:00Z,6,0.1057,0.1463
2025-02-28T07:00:00+06:00,2025-02-28T01:00:00Z,T1,0.1368,0.0546,0.3652,2025-02-27T18:00:00Z,2025-02-27T06:00:00Z,7,0.1132,0.342
2025-02-28T07:00:00+06:00,2025-02-28T01:00:00Z,T2,0.1368,0.0546,0.3652,2025-02-27T18:00:00Z,2025-02-27T06:00:00Z,7,0.1132,0.342
2025-02-28T08:00:00+06:00,2025-02-28T02:00:00Z,T1,0.1084,0.0261,0.3368,2025-02-27T18:00:00Z,2025-02-27T06:00:00Z,8,0.0869,0.271
2025-02-28T08:00:00+06:00,2025-02-28T02:00:00Z,T2,0.1084,0.0261,0.3368,2025-02-27T18:00:00Z,2025-02-27T06:00:00Z,8,0.0869,0.271
2025-02-28T09:00:00+06:00,2025-02-28T03:00:00Z,T1,0.1091,0.0268,0.3375,2025-02-27T18:00:00Z,2025-02-27T06:00:00Z,9,0.1091,0.2728
2025-02-28T09:00:00+06:00,2025-02-28T03:00:00Z,T2,0.1091,0.0268,0.3375,2025-02-27T18:00:00Z,2025-02-27T06:00:00Z,9,0.1091,0.2728
2025-02-28T10:00:00+06:00,2025-02-28T04:00:00Z,T1,0.1057,0.0235,0.3341,2025-02-27T18:00:00Z,2025-02-27T06:00:00Z,10,0.0663,0.2642
2025-02-28T10:00:00+06:00,2025-02-28T04:00:00Z,T2,0.1057,0.0235,0.3341,2025-02-27T18:00:00Z,2025-02-27T06:00:00Z,10,0.0663,0.2642
2025-02-28T11:00:00+06:00,2025-02-28T05:00:00Z,T1,0.1419,0.0596,0.3702,2025-02-27T18:00:00Z,2025-02-27T06:00:00Z,11,0.079,0.3548
2025-02-28T11:00:00+06:00,2025-02-28T05:00:00Z,T2,0.1419,0.0596,0.3702,2025-02-27T18:00:00Z,2025-02-27T06:00:00Z,11,0.079,0.3548
2025-02-28T12:00:00+06:00,2025-02-28T06:00:00Z,T1,0.1607,0.0,0.6746,2025-02-27T18:00:00Z,2025-02-27T06:00:00Z,12,0.0816,0.4018
2025-02-28T12:00:00+06:00,2025-02-28T06:00:00Z,T2,0.1607,0.0,0.6746,2025-02-27T18:00:00Z,2025-02-27T06:00:00Z,12,0.0816,0.4018
2025-02-28T13:00:00+06:00,2025-02-28T07:00:00Z,T1,0.1385,0.0562,0.3669,2025-02-27T18:00:00Z,2025-02-27T06:00:00Z,13,0.1098,0.3463
2025-02-28T13:00:00+06:00,2025-02-28T07:00:00Z,T2,0.1385,0.0562,0.3669,2025-02-27T18:00:00Z,2025-02-27T06:00:00Z,13,0.1098,0.3463
2025-02-28T14:00:00+06:00,2025-02-28T08:00:00Z,T1,0.2316,0.0,0.7456,2025-02-27T18:00:00Z,2025-02-27T06:00:00Z,14,0.1104,0.579
2025-02-28T14:00:00+06:00,2025-02-28T08:00:00Z,T2,0.2316,0.0,0.7456,2025-02-27T18:00:00Z,2025-02-27T06:00:00Z,14,0.1104,0.579
2025-02-28T15:00:00+06:00,2025-02-28T09:00:00Z,T1,0.2378,0.0,0.7518,2025-02-27T18:00:00Z,2025-02-27T06:00:00Z,15,0.136,0.5945
2025-02-28T15:00:00+06:00,2025-02-28T09:00:00Z,T2,0.2378,0.0,0.7518,2025-02-27T18:00:00Z,2025-02-27T06:00:00Z,15,0.136,0.5945
2025-02-28T16:00:00+06:00,2025-02-28T10:00:00Z,T1,0.1703,0.0,0.6843,2025-02-27T18:00:00Z,2025-02-27T06:00:00Z,16,0.1153,0.4258
2025-02-28T16:00:00+06:00,2025-02-28T10:00:00Z,T2,0.1703,0.0,0.6843,2025-02-27T18:00:00Z,2025-02-27T06:00:00Z,16,0.1153,0.4258
2025-02-28T17:00:00+06:00,2025-02-28T11:00:00Z,T1,0.1419,0.0596,0.3702,2025-02-27T18:00:00Z,2025-02-27T06:00:00Z,17,0.0944,0.3548
2025-02-28T17:00:00+06:00,2025-02-28T11:00:00Z,T2,0.1419,0.0596,0.3702,2025-02-27T18:00:00Z,2025-02-27T06:00:00Z,17,0.0944,0.3548
2025-02-28T18:00:00+06:00,2025-02-28T12:00:00Z,T1,0.1533,0.0,0.6673,2025-02-27T18:00:00Z,2025-02-27T06:00:00Z,18,0.081,0.3832
2025-02-28T18:00:00+06:00,2025-02-28T12:00:00Z,T2,0.1533,0.0,0.6673,2025-02-27T18:00:00Z,2025-02-27T06:00:00Z,18,0.081,0.3832
2025-02-28T19:00:00+06:00,2025-02-28T13:00:00Z,T1,0.1773,0.0,0.6913,2025-02-27T18:00:00Z,2025-02-27T06:00:00Z,19,0.1607,0.4432
2025-02-28T19:00:00+06:00,2025-02-28T13:00:00Z,T2,0.1773,0.0,0.6913,2025-02-27T18:00:00Z,2025-02-27T06:00:00Z,19,0.1607,0.4432
2025-02-28T20:00:00+06:00,2025-02-28T14:00:00Z,T1,0.223,0.0,0.737,2025-02-27T18:00:00Z,2025-02-27T06:00:00Z,20,0.2088,0.5575
2025-02-28T20:00:00+06:00,2025-02-28T14:00:00Z,T2,0.223,0.0,0.737,2025-02-27T18:00:00Z,2025-02-27T06:00:00Z,20,0.2088,0.5575
2025-02-28T21:00:00+06:00,2025-02-28T15:00:00Z,T1,0.2534,0.0,0.7674,2025-02-27T18:00:00Z,2025-02-27T06:00:00Z,21,0.2123,0.6335
2025-02-28T21:00:00+06:00,2025-02-28T15:00:00Z,T2,0.2534,0.0,0.7674,2025-02-27T18:00:00Z,2025-02-27T06:00:00Z,21,0.2123,0.6335
2025-02-28T22:00:00+06:00,2025-02-28T16:00:00Z,T1,0.1506,0.0,0.6646,2025-02-27T18:00:00Z,2025-02-27T06:00:00Z,22,0.21,0.3765
2025-02-28T22:00:00+06:00,2025-02-28T16:00:00Z,T2,0.1506,0.0,0.6646,2025-02-27T18:00:00Z,2025-02-27T06:00:00Z,22,0.21,0.3765
2025-02-28T23:00:00+06:00,2025-02-28T17:00:00Z,T1,0.095,0.0127,0.3234,2025-02-27T18:00:00Z,2025-02-27T06:00:00Z,23,0.2316,0.2375
2025-02-28T23:00:00+06:00,2025-02-28T17:00:00Z,T2,0.095,0.0127,0.3234,2025-02-27T18:00:00Z,2025-02-27T06:00:00Z,23,0.2316,0.2375
2025-03-01T00:00:00+06:00,2025-02-28T18:00:00Z,T1,0.2366,0.0,0.7506,2025-02-28T18:00:00Z,2025-02-28T06:00:00Z,0,0.0721,0.5915
2025-03-01T00:00:00+06:00,2025-02-28T18:00:00Z,T2,0.2366,0.0,0.7506,2025-02-28T18:00:00Z,2025-02-28T06:00:00Z,0,0.0721,0.5915
2025-03-01T01:00:00+06:00,2025-02-28T19:00:00Z,T1,0.2494,0.0,0.7634,2025-02-28T18:00:00Z,2025-02-28T06:00:00Z,1,0.051,0.6235
2025-03-01T01:00:00+06:00,2025-02-28T19:00:00Z,T2,0.2494,0.0,0.7634,2025-02-28T18:00:00Z,2025-02-28T06:00:00Z,1,0.051,0.6235
2025-03-01T02:00:00+06:00,2025-02-28T20:00:00Z,T1,0.1444,0.0622,0.3728,2025-02-28T18:00:00Z,2025-02-28T06:00:00Z,2,0.0292,0.361
2025-03-01T02:00:00+06:00,2025-02-28T20:00:00Z,T2,0.1444,0.0622,0.3728,2025-02-28T18:00:00Z,2025-02-28T06:00:00Z,2,0.0292,0.361
2025-03-01T03:00:00+06:00,2025-02-28T21:00:00Z,T1,0.1038,0.0215,0.3322,2025-02-28T18:00:00Z,2025-02-28T06:00:00Z,3,0.0355,0.2595
2025-03-01T03:00:00+06:00,2025-02-28T21:00:00Z,T2,0.1038,0.0215,0.3322,2025-02-28T18:00:00Z,2025-02-28T06:00:00Z,3,0.0355,0.2595
2025-03-01T04:00:00+06:00,2025-02-28T22:00:00Z,T1,0.0731,0.0,0.3015,2025-02-28T18:00:00Z,2025-02-28T06:00:00Z,4,0.049,0.1828
2025-03-01T04:00:00+06:00,2025-02-28T22:00:00Z,T2,0.0731,0.0,0.3015,2025-02-28T18:00:00Z,2025-02-28T06:00:00Z,4,0.049,0.1828
2025-03-01T05:00:00+06:00,2025-02-28T23:00:00Z,T1,0.0654,0.0,0.2938,2025-02-28T18:00:00Z,2025-02-28T06:00:00Z,5,0.0534,0.1635
2025-03-01T05:00:00+06:00,2025-02-28T23:00:00Z,T2,0.0654,0.0,0.2938,2025-02-28T18:00:00Z,2025-02-28T06:00:00Z,5,0.0534,0.1635
2025-03-01T06:00:00+06:00,2025-03-01T00:00:00Z,T1,0.0681,0.0,0.2964,2025-02-28T18:00:00Z,2025-02-28T06:00:00Z,6,0.0315,0.1702
2025-03-01T06:00:00+06:00,2025-03-01T00:00:00Z,T2,0.0681,0.0,0.2964,2025-02-28T18:00:00Z,2025-02-28T06:00:00Z,6,0.0315,0.1702
2025-03-01T07:00:00+06:00,2025-03-01T01:00:00Z,T1,0.0765,0.0,0.3049,2025-02-28T18:00:00Z,2025-02-28T06:00:00Z,7,0.0243,0.1912
2025-03-01T07:00:00+06:00,2025-03-01T01:00:00Z,T2,0.0765,0.0,0.3049,2025-02-28T18:00:00Z,2025-02-28T06:00:00Z,7,0.0243,0.1912
2025-03-01T08:00:00+06:00,2025-03-01T02:00:00Z,T1,0.0831,0.0009,0.3115,2025-02-28T18:00:00Z,2025-02-28T06:00:00Z,8,0.0128,0.2078
2025-03-01T08:00:00+06:00,2025-03-01T02:00:00Z,T2,0.0831,0.0009,0.3115,2025-02-28T18:00:00Z,2025-02-28T06:00:00Z,8,0.0128,0.2078
2025-03-01T09:00:00+06:00,2025-03-01T03:00:00Z,T1,0.0601,0.0,0.2885,2025-02-28T18:00:00Z,2025-02-28T06:00:00Z,9,0.0166,0.1502
2025-03-01T09:00:00+06:00,2025-03-01T03:00:00Z,T2,0.0601,0.0,0.2885,2025-02-28T18:00:00Z,2025-02-28T06:00:00Z,9,0.0166,0.1502
2025-03-01T10:00:00+06:00,2025-03-01T04:00:00Z,T1,0.052,0.0,0.2804,2025-02-28T18:00:00Z,2025-02-28T06:00:00Z,10,0.0197,0.13
2025-03-01T10:00:00+06:00,2025-03-01T04:00:00Z,T2,0.052,0.0,0.2804,2025-02-28T18:00:00Z,2025-02-28T06:00:00Z,10,0.0197,0.13
2025-03-01T11:00:00+06:00,2025-03-01T05:00:00Z,T1,0.0534,0.0,0.2818,2025-02-28T18:00:00Z,2025-02-28T06:00:00Z,11,0.0198,0.1335
2025-03-01T11:00:00+06:00,2025-03-01T05:00:00Z,T2,0.0534,0.0,0.2818,2025-02-28T18:00:00Z,2025-02-28T06:00:00Z,11,0.0198,0.1335
2025-03-01T12:00:00+06:00,2025-03-01T06:00:00Z,T1,0.0423,0.0,0.2707,2025-02-28T18:00:00Z,2025-02-28T06:00:00Z,12,0.0161,0.1058
2025-03-01T12:00:00+06:00,2025-03-01T06:00:00Z,T2,0.0423,0.0,0.2707,2025-02-28T18:00:00Z,2025-02-28T06:00:00Z,12,0.0161,0.1058
2025-03-01T13:00:00+06:00,2025-03-01T07:00:00Z,T1,0.0471,0.0,0.2755,2025-02-28T18:00:00Z,2025-02-28T06:00:00Z,13,0.0153,0.1178
2025-03-01T13:00:00+06:00,2025-03-01T07:00:00Z,T2,0.0471,0.0,0.2755,2025-02-28T18:00:00Z,2025-02-28T06:00:00Z,13,0.0153,0.1178
2025-03-01T14:00:00+06:00,2025-03-01T08:00:00Z,T1,0.0321,0.0,0.2605,2025-02-28T18:00:00Z,2025-02-28T06:00:00Z,14,0.0124,0.0802
2025-03-01T14:00:00+06:00,2025-03-01T08:00:00Z,T2,0.0321,0.0,0.2605,2025-02-28T18:00:00Z,2025-02-28T06:00:00Z,14,0.0124,0.0802
2025-03-01T15:00:00+06:00,2025-03-01T09:00:00Z,T1,0.026,0.0,0.2544,2025-02-28T18:00:00Z,2025-02-28T06:00:00Z,15,0.0161,0.065
2025-03-01T15:00:00+06:00,2025-03-01T09:00:00Z,T2,0.026,0.0,0.2544,2025-02-28T18:00:00Z,2025-02-28T06:00:00Z,15,0.0161,0.065
2025-03-01T16:00:00+06:00,2025-03-01T10:00:00Z,T1,0.0319,0.0,0.2603,2025-02-28T18:00:00Z,2025-02-28T06:00:00Z,16,0.0115,0.0797
2025-03-01T16:00:00+06:00,2025-03-01T10:00:00Z,T2,0.0319,0.0,0.2603,2025-02-28T18:00:00Z,2025-02-28T06:00:00Z,16,0.0115,0.0797
2025-03-01T17:00:00+06:00,2025-03-01T11:00:00Z,T1,0.0358,0.0,0.2642,2025-02-28T18:00:00Z,2025-02-28T06:00:00Z,17,0.0199,0.0895
2025-03-01T17:00:00+06:00,2025-03-01T11:00:00Z,T2,0.0358,0.0,0.2642,2025-02-28T18:00:00Z,2025-02-28T06:00:00Z,17,0.0199,0.0895
2025-03-01T18:00:00+06:00,2025-03-01T12:00:00Z,T1,0.0315,0.0,0.2599,2025-02-28T18:00:00Z,2025-02-28T06:00:00Z,18,0.0337,0.0788
2025-03-01T18:00:00+06:00,2025-03-01T12:00:00Z,T2,0.0315,0.0,0.2599,2025-02-28T18:00:00Z,2025-02-28T06:00:00Z,18,0.0337,0.0788
2025-03-01T19:00:00+06:00,2025-03-01T13:00:00Z,T1,0.0214,0.0,0.2497,2025-02-28T18:00:00Z,2025-02-28T06:00:00Z,19,0.1084,0.0535
2025-03-01T19:00:00+06:00,2025-03-01T13:00:00Z,T2,0.0214,0.0,0.2497,2025-02-28T18:00:00Z,2025-02-28T06:00:00Z,19,0.1084,0.0535
2025-03-01T20:00:00+06:00,2025-03-01T14:00:00Z,T1,0.0617,0.0,0.2901,2025-02-28T18:00:00Z,2025-02-28T06:00:00Z,20,0.2751,0.1542
2025-03-01T20:00:00+06:00,2025-03-01T14:00:00Z,T2,0.0617,0.0,0.2901,2025-02-28T18:00:00Z,2025-02-28T06:00:00Z,20,0.2751,0.1542
2025-03-01T21:00:00+06:00,2025-03-01T15:00:00Z,T1,0.1888,0.0,0.7028,2025-02-28T18:00:00Z,2025-02-28T06:00:00Z,21,0.4293,0.472
2025-03-01T21:00:00+06:00,2025-03-01T15:00:00Z,T2,0.1888,0.0,0.7028,2025-02-28T18:00:00Z,2025-02-28T06:00:00Z,21,0.4293,0.472
2025-03-01T22:00:00+06:00,2025-03-01T16:00:00Z,T1,0.4864,0.2231,1.0,2025-02-28T18:00:00Z,2025-02-28T06:00:00Z,22,0.58,1.216
2025-03-01T22:00:00+06:00,2025-03-01T16:00:00Z,T2,0.4864,0.2231,1.0,2025-02-28T18:00:00Z,2025-02-28T06:00:00Z,22,0.58,1.216
2025-03-01T23:00:00+06:00,2025-03-01T17:00:00Z,T1,0.4864,0.2231,1.0,2025-02-28T18:00:00Z,2025-02-28T06:00:00Z,23,0.58,1.216
2025-03-01T23:00:00+06:00,2025-03-01T17:00:00Z,T2,0.4864,0.2231,1.0,2025-02-28T18:00:00Z,2025-02-28T06:00:00Z,23,0.58,1.216
