target_time_utc,target_time_scada,turbine,p50_h1_24,p50_h25_48,p10,p90,issue_time_utc_used,nwp_run_init_utc,lead_h,model_version
2026-01-31T18:00:00Z,2026-02-01T00:00:00+06:00,T1,0.016896,,,,2026-01-31T18:00:00Z,2026-01-31T06:00:00Z,0,mos-logistic-v0
2026-01-31T18:00:00Z,2026-02-01T00:00:00+06:00,T2,0.016896,,,,2026-01-31T18:00:00Z,2026-01-31T06:00:00Z,0,mos-logistic-v0
2026-01-31T19:00:00Z,2026-02-01T01:00:00+06:00,T1,0.021464,,,,2026-01-31T18:00:00Z,2026-01-31T06:00:00Z,1,mos-logistic-v0
2026-01-31T19:00:00Z,2026-02-01T01:00:00+06:00,T2,0.021464,,,,2026-01-31T18:00:00Z,2026-01-31T06:00:00Z,1,mos-logistic-v0
2026-01-31T20:00:00Z,2026-02-01T02:00:00+06:00,T1,0.033132,,,,2026-01-31T18:00:00Z,2026-01-31T06:00:00Z,2,mos-logistic-v0
2026-01-31T20:00:00Z,2026-02-01T02:00:00+06:00,T2,0.033132,,,,2026-01-31T18:00:00Z,2026-01-31T06:00:00Z,2,mos-logistic-v0
2026-01-31T21:00:00Z,2026-02-01T03:00:00+06:00,T1,0.027233,,,,2026-01-31T18:00:00Z,2026-01-31T06:00:00Z,3,mos-logistic-v0
2026-01-31T21:00:00Z,2026-02-01T03:00:00+06:00,T2,0.027233,,,,2026-01-31T18:00:00Z,2026-01-31T06:00:00Z,3,mos-logistic-v0
2026-01-31T22:00:00Z,2026-02-01T04:00:00+06:00,T1,0.01535,,,,2026-01-31T18:00:00Z,2026-01-31T06:00:00Z,4,mos-logistic-v0
2026-01-31T22:00:00Z,2026-02-01T04:00:00+06:00,T2,0.01535,,,,2026-01-31T18:00:00Z,2026-01-31T06:00:00Z,4,mos-logistic-v0
2026-01-31T23:00:00Z,2026-02-01T05:00:00+06:00,T1,0.013658,,,,2026-01-31T18:00:00Z,2026-01-31T06:00:00Z,5,mos-logistic-v0
2026-01-31T23:00:00Z,2026-02-01T05:00:00+06:00,T2,0.013658,,,,2026-01-31T18:00:00Z,2026-01-31T06:00:00Z,5,mos-logistic-v0
2026-02-01T00:00:00Z,2026-02-01T06:00:00+06:00,T1,0.018094,,,,2026-01-31T18:00:00Z,2026-01-31T06:00:00Z,6,mos-logistic-v0
2026-02-01T00:00:00Z,2026-02-01T06:00:00+06:00,T2,0.018094,,,,2026-01-31T18:00:00Z,2026-01-31T06:00:00Z,6,mos-logistic-v0
2026-02-01T01:00:00Z,2026-02-01T07:00:00+06:00,T1,0.027982,,,,2026-01-31T18:00:00Z,2026-01-31T06:00:00Z,7,mos-logistic-v0
2026-02-01T01:00:00Z,2026-02-01T07:00:00+06:00,T2,0.027982,,,,2026-01-31T18:00:00Z,2026-01-31T06:00:00Z,7,mos-logistic-v0
2026-02-01T02:00:00Z,2026-02-01T08:00:00+06:00,T1,0.044791,,,,2026-01-31T18:00:00Z,2026-01-31T06:00:00Z,8,mos-logistic-v0
2026-02-01T02:00:00Z,2026-02-01T08:00:00+06:00,T2,0.044791,,,,2026-01-31T18:00:00Z,2026-01-31T06:00:00Z,8,mos-logistic-v0
2026-02-01T03:00:00Z,2026-02-01T09:00:00+06:00,T1,0.106604,,,,2026-01-31T18:00:00Z,2026-01-31T06:00:00Z,9,mos-logistic-v0
2026-02-01T03:00:00Z,2026-02-01T09:00:00+06:00,T2,0.106604,,,,2026-01-31T18:00:00Z,2026-01-31T06:00:00Z,9,mos-logistic-v0
2026-02-01T04:00:00Z,2026-02-01T10:00:00+06:00,T1,0.115546,,,,2026-01-31T18:00:00Z,2026-01-31T06:00:00Z,10,mos-logistic-v0
2026-02-01T04:00:00Z,2026-02-01T10:00:00+06:00,T2,0.115546,,,,2026-01-31T18:00:00Z,2026-01-31T06:00:00Z,10,mos-logistic-v0
2026-02-01T05:00:00Z,2026-02-01T11:00:00+06:00,T1,0.065642,,,,2026-01-31T18:00:00Z,2026-01-31T06:00:00Z,11,mos-logistic-v0
2026-02-01T05:00:00Z,2026-02-01T11:00:00+06:00,T2,0.065642,,,,2026-01-31T18:00:00Z,2026-01-31T06:00:00Z,11,mos-logistic-v0
2026-02-01T06:00:00Z,2026-02-01T12:00:00+06:00,T1,0.113426,,,,2026-01-31T18:00:00Z,2026-01-31T06:00:00Z,12,mos-logistic-v0
2026-02-01T06:00:00Z,2026-02-01T12:00:00+06:00,T2,0.113426,,,,2026-01-31T18:00:00Z,2026-01-31T06:00:00Z,12,mos-logistic-v0
2026-02-01T07:00:00Z,2026-02-01T13:00:00+06:00,T1,0.133771,,,,2026-01-31T18:00:00Z,2026-01-31T06:00:00Z,13,mos-logistic-v0
2026-02-01T07:00:00Z,2026-02-01T13:00:00+06:00,T2,0.133771,,,,2026-01-31T18:00:00Z,2026-01-31T06:00:00Z,13,mos-logistic-v0
2026-02-01T08:00:00Z,2026-02-01T14:00:00+06:00,T1,0.156198,,,,2026-01-31T18:00:00Z,2026-01-31T06:00:00Z,14,mos-logistic-v0
2026-02-01T08:00:00Z,2026-02-01T14:00:00+06:00,T2,0.156198,,,,2026-01-31T18:00:00Z,2026-01-31T06:00:00Z,14,mos-logistic-v0
2026-02-01T09:00:00Z,2026-02-01T15:00:00+06:00,T1,0.168516,,,,2026-01-31T18:00:00Z,2026-01-31T06:00:00Z,15,mos-logistic-v0
2026-02-01T09:00:00Z,2026-02-01T15:00:00+06:00,T2,0.168516,,,,2026-01-31T18:00:00Z,2026-01-31T06:00:00Z,15,mos-logistic-v0
2026-02-01T10:00:00Z,2026-02-01T16:00:00+06:00,T1,0.174458,,,,2026-01-31T18:00:00Z,2026-01-31T06:00:00Z,16,mos-logistic-v0
2026-02-01T10:00:00Z,2026-02-01T16:00:00+06:00,T2,0.174458,,,,2026-01-31T18:00:00Z,2026-01-31T06:00:00Z,16,mos-logistic-v0
2026-02-01T11:00:00Z,2026-02-01T17:00:00+06:00,T1,0.356067,,,,2026-01-31T18:00:00Z,2026-01-31T06:00:00Z,17,mos-logistic-v0
2026-02-01T11:00:00Z,2026-02-01T17:00:00+06:00,T2,0.356067,,,,2026-01-31T18:00:00Z,2026-01-31T06:00:00Z,17,mos-logistic-v0
2026-02-01T12:00:00Z,2026-02-01T18:00:00+06:00,T1,0.375467,,,,2026-01-31T18:00:00Z,2026-01-31T06:00:00Z,18,mos-logistic-v0
2026-02-01T12:00:00Z,2026-02-01T18:00:00+06:00,T2,0.375467,,,,2026-01-31T18:00:00Z,2026-01-31T06:00:00Z,18,mos-logistic-v0
2026-02-01T13:00:00Z,2026-02-01T19:00:00+06:00,T1,0.396943,,,,2026-01-31T18:00:00Z,2026-01-31T06:00:00Z,19,mos-logistic-v0
2026-02-01T13:00:00Z,2026-02-01T19:00:00+06:00,T2,0.396943,,,,2026-01-31T18:00:00Z,2026-01-31T06:00:00Z,19,mos-logistic-v0
2026-02-01T14:00:00Z,2026-02-01T20:00:00+06:00,T1,0.427329,,,,2026-01-31T18:00:00Z,2026-01-31T06:00:00Z,20,mos-logistic-v0
2026-02-01T14:00:00Z,2026-02-01T20:00:00+06:00,T2,0.427329,,,,2026-01-31T18:00:00Z,2026-01-31T06:00:00Z,20,mos-logistic-v0
2026-02-01T15:00:00Z,2026-02-01T21:00:00+06:00,T1,0.468673,,,,2026-01-31T18:00:00Z,2026-01-31T06:00:00Z,21,mos-logistic-v0
2026-02-01T15:00:00Z,2026-02-01T21:00:00+06:00,T2,0.468673,,,,2026-01-31T18:00:00Z,2026-01-31T06:00:00Z,21,mos-logistic-v0
2026-02-01T16:00:00Z,2026-02-01T22:00:00+06:00,T1,0.449635,,,,2026-01-31T18:00:00Z,2026-01-31T06:00:00Z,22,mos-logistic-v0
2026-02-01T16:00:00Z,2026-02-01T22:00:00+06:00,T2,0.449635,,,,2026-01-31T18:00:00Z,2026-01-31T06:00:00Z,22,mos-logistic-v0
2026-02-01T17:00:00Z,2026-02-01T23:00:00+06:00,T1,0.453087,,,,2026-01-31T18:00:00Z,2026-01-31T06:00:00Z,23,mos-logistic-v0
2026-02-01T17:00:00Z,2026-02-01T23:00:00+06:00,T2,0.453087,,,,2026-01-31T18:00:00Z,2026-01-31T06:00:00Z,23,mos-logistic-v0
2026-02-01T18:00:00Z,2026-02-02T00:00:00+06:00,T1,0.417127,0.434166,,,2026-02-01T18:00:00Z,2026-02-01T06:00:00Z,0,mos-logistic-v0
2026-02-01T18:00:00Z,2026-02-02T00:00:00+06:00,T2,0.417127,0.434166,,,2026-02-01T18:00:00Z,2026-02-01T06:00:00Z,0,mos-logistic-v0
2026-02-01T19:00:00Z,2026-02-02T01:00:00+06:00,T1,0.451361,0.437593,,,2026-02-01T18:00:00Z,2026-02-01T06:00:00Z,1,mos-logistic-v0
2026-02-01T19:00:00Z,2026-02-02T01:00:00+06:00,T2,0.451361,0.437593,,,2026-02-01T18:00:00Z,2026-02-01T06:00:00Z,1,mos-logistic-v0
2026-02-01T20:00:00Z,2026-02-02T02:00:00+06:00,T1,0.447911,0.456544,,,2026-02-01T18:00:00Z,2026-02-01T06:00:00Z,2,mos-logistic-v0
2026-02-01T20:00:00Z,2026-02-02T02:00:00+06:00,T2,0.447911,0.456544,,,2026-02-01T18:00:00Z,2026-02-01T06:00:00Z,2,mos-logistic-v0
2026-02-01T21:00:00Z,2026-02-02T03:00:00+06:00,T1,0.398613,0.475621,,,2026-02-01T18:00:00Z,2026-02-01T06:00:00Z,3,mos-logistic-v0
2026-02-01T21:00:00Z,2026-02-02T03:00:00+06:00,T2,0.398613,0.475621,,,2026-02-01T18:00:00Z,2026-02-01T06:00:00Z,3,mos-logistic-v0
2026-02-01T22:00:00Z,2026-02-02T04:00:00+06:00,T1,0.441027,0.46347,,,2026-02-01T18:00:00Z,2026-02-01T06:00:00Z,4,mos-logistic-v0
2026-02-01T22:00:00Z,2026-02-02T04:00:00+06:00,T2,0.441027,0.46347,,,2026-02-01T18:00:00Z,2026-02-01T06:00:00Z,4,mos-logistic-v0
2026-02-01T23:00:00Z,2026-02-02T05:00:00+06:00,T1,0.517416,0.475621,,,2026-02-01T18:00:00Z,2026-02-01T06:00:00Z,5,mos-logistic-v0
2026-02-01T23:00:00Z,2026-02-02T05:00:00+06:00,T2,0.517416,0.475621,,,2026-02-01T18:00:00Z,2026-02-01T06:00:00Z,5,mos-logistic-v0
2026-02-02T00:00:00Z,2026-02-02T06:00:00+06:00,T1,0.541722,0.505225,,,2026-02-01T18:00:00Z,2026-02-01T06:00:00Z,6,mos-logistic-v0
2026-02-02T00:00:00Z,2026-02-02T06:00:00+06:00,T2,0.541722,0.505225,,,2026-02-01T18:00:00Z,2026-02-01T06:00:00Z,6,mos-logistic-v0
2026-02-02T01:00:00Z,2026-02-02T07:00:00+06:00,T1,0.576074,0.520896,,,2026-02-01T18:00:00Z,2026-02-01T06:00:00Z,7,mos-logistic-v0
2026-02-02T01:00:00Z,2026-02-02T07:00:00+06:00,T2,0.576074,0.520896,,,2026-02-01T18:00:00Z,2026-02-01T06:00:00Z,7,mos-logistic-v0
2026-02-02T02:00:00Z,2026-02-02T08:00:00+06:00,T1,0.606385,0.505225,,,2026-02-01T18:00:00Z,2026-02-01T06:00:00Z,8,mos-logistic-v0
2026-02-02T02:00:00Z,2026-02-02T08:00:00+06:00,T2,0.606385,0.505225,,,2026-02-01T18:00:00Z,2026-02-01T06:00:00Z,8,mos-logistic-v0
2026-02-02T03:00:00Z,2026-02-02T09:00:00+06:00,T1,0.616321,0.479099,,,2026-02-01T18:00:00Z,2026-02-01T06:00:00Z,9,mos-logistic-v0
2026-02-02T03:00:00Z,2026-02-02T09:00:00+06:00,T2,0.616321,0.479099,,,2026-02-01T18:00:00Z,2026-02-01T06:00:00Z,9,mos-logistic-v0
2026-02-02T04:00:00Z,2026-02-02T10:00:00+06:00,T1,0.719294,0.616321,,,2026-02-01T18:00:00Z,2026-02-01T06:00:00Z,10,mos-logistic-v0
2026-02-02T04:00:00Z,2026-02-02T10:00:00+06:00,T2,0.719294,0.616321,,,2026-02-01T18:00:00Z,2026-02-01T06:00:00Z,10,mos-logistic-v0
2026-02-02T05:00:00Z,2026-02-02T11:00:00+06:00,T1,0.548635,0.489544,,,2026-02-01T18:00:00Z,2026-02-01T06:00:00Z,11,mos-logistic-v0
2026-02-02T05:00:00Z,2026-02-02T11:00:00+06:00,T2,0.548635,0.489544,,,2026-02-01T18:00:00Z,2026-02-01T06:00:00Z,11,mos-logistic-v0
2026-02-02T06:00:00Z,2026-02-02T12:00:00+06:00,T1,0.621254,0.631043,,,2026-02-01T18:00:00Z,2026-02-01T06:00:00Z,12,mos-logistic-v0
2026-02-02T06:00:00Z,2026-02-02T12:00:00+06:00,T2,0.621254,0.631043,,,2026-02-01T18:00:00Z,2026-02-01T06:00:00Z,12,mos-logistic-v0
2026-02-02T07:00:00Z,2026-02-02T13:00:00+06:00,T1,0.68582,0.760794,,,2026-02-01T18:00:00Z,2026-02-01T06:00:00Z,13,mos-logistic-v0
2026-02-02T07:00:00Z,2026-02-02T13:00:00+06:00,T2,0.68582,0.760794,,,2026-02-01T18:00:00Z,2026-02-01T06:00:00Z,13,mos-logistic-v0
2026-02-02T08:00:00Z,2026-02-02T14:00:00+06:00,T1,0.742587,0.848338,,,2026-02-01T18:00:00Z,2026-02-01T06:00:00Z,14,mos-logistic-v0
2026-02-02T08:00:00Z,2026-02-02T14:00:00+06:00,T2,0.742587,0.848338,,,2026-02-01T18:00:00Z,2026-02-01T06:00:00Z,14,mos-logistic-v0
2026-02-02T09:00:00Z,2026-02-02T15:00:00+06:00,T1,0.770794,0.832456,,,2026-02-01T18:00:00Z,2026-02-01T06:00:00Z,15,mos-logistic-v0
2026-02-02T09:00:00Z,2026-02-02T15:00:00+06:00,T2,0.770794,0.832456,,,2026-02-01T18:00:00Z,2026-02-01T06:00:00Z,15,mos-logistic-v0
2026-02-02T10:00:00Z,2026-02-02T16:00:00+06:00,T1,0.712204,0.656609,,,2026-02-01T18:00:00Z,2026-02-01T06:00:00Z,16,mos-logistic-v0
2026-02-02T10:00:00Z,2026-02-02T16:00:00+06:00,T2,0.712204,0.656609,,,2026-02-01T18:00:00Z,2026-02-01T06:00:00Z,16,mos-logistic-v0
2026-02-02T11:00:00Z,2026-02-02T17:00:00+06:00,T1,0.679782,0.165607,,,2026-02-01T18:00:00Z,2026-02-01T06:00:00Z,17,mos-logistic-v0
2026-02-02T11:00:00Z,2026-02-02T17:00:00+06:00,T2,0.679782,0.165607,,,2026-02-01T18:00:00Z,2026-02-01T06:00:00Z,17,mos-logistic-v0
2026-02-02T12:00:00Z,2026-02-02T18:00:00+06:00,T1,0.385324,0.0379,,,2026-02-01T18:00:00Z,2026-02-01T06:00:00Z,18,mos-logistic-v0
2026-02-02T12:00:00Z,2026-02-02T18:00:00+06:00,T2,0.385324,0.0379,,,2026-02-01T18:00:00Z,2026-02-01T06:00:00Z,18,mos-logistic-v0
2026-02-02T13:00:00Z,2026-02-02T19:00:00+06:00,T1,0.11134,0.064371,,,2026-02-01T18:00:00Z,2026-02-01T06:00:00Z,19,mos-logistic-v0
2026-02-02T13:00:00Z,2026-02-02T19:00:00+06:00,T2,0.11134,0.064371,,,2026-02-01T18:00:00Z,2026-02-01T06:00:00Z,19,mos-logistic-v0
2026-02-02T14:00:00Z,2026-02-02T20:00:00+06:00,T1,0.072353,0.205507,,,2026-02-01T18:00:00Z,2026-02-01T06:00:00Z,20,mos-logistic-v0
2026-02-02T14:00:00Z,2026-02-02T20:00:00+06:00,T2,0.072353,0.205507,,,2026-02-01T18:00:00Z,2026-02-01T06:00:00Z,20,mos-logistic-v0
2026-02-02T15:00:00Z,2026-02-02T21:00:00+06:00,T1,0.031818,0.198763,,,2026-02-01T18:00:00Z,2026-02-01T06:00:00Z,21,mos-logistic-v0
2026-02-02T15:00:00Z,2026-02-02T21:00:00+06:00,T2,0.031818,0.198763,,,2026-02-01T18:00:00Z,2026-02-01T06:00:00Z,21,mos-logistic-v0
2026-02-02T16:00:00Z,2026-02-02T22:00:00+06:00,T1,0.040525,0.230436,,,2026-02-01T18:00:00Z,2026-02-01T06:00:00Z,22,mos-logistic-v0
2026-02-02T16:00:00Z,2026-02-02T22:00:00+06:00,T2,0.040525,0.230436,,,2026-02-01T18:00:00Z,2026-02-01T06:00:00Z,22,mos-logistic-v0
2026-02-02T17:00:00Z,2026-02-02T23:00:00+06:00,T1,0.046615,0.165607,,,2026-02-01T18:00:00Z,2026-02-01T06:00:00Z,23,mos-logistic-v0
2026-02-02T17:00:00Z,2026-02-02T23:00:00+06:00,T2,0.046615,0.165607,,,2026-02-01T18:00:00Z,2026-02-01T06:00:00Z,23,mos-logistic-v0
2026-02-02T18:00:00Z,2026-02-03T00:00:00+06:00,T1,0.253433,0.084956,,,2026-02-02T18:00:00Z,2026-02-02T06:00:00Z,0,mos-logistic-v0
2026-02-02T18:00:00Z,2026-02-03T00:00:00+06:00,T2,0.253433,0.084956,,,2026-02-02T18:00:00Z,2026-02-02T06:00:00Z,0,mos-logistic-v0
2026-02-02T19:00:00Z,2026-02-03T01:00:00+06:00,T1,0.249497,0.17749,,,2026-02-02T18:00:00Z,2026-02-02T06:00:00Z,1,mos-logistic-v0
2026-02-02T19:00:00Z,2026-02-03T01:00:00+06:00,T2,0.249497,0.17749,,,2026-02-02T18:00:00Z,2026-02-02T06:00:00Z,1,mos-logistic-v0
2026-02-02T20:00:00Z,2026-02-03T02:00:00+06:00,T1,0.391948,0.296439,,,2026-02-02T18:00:00Z,2026-02-02T06:00:00Z,2,mos-logistic-v0
2026-02-02T20:00:00Z,2026-02-03T02:00:00+06:00,T2,0.391948,0.296439,,,2026-02-02T18:00:00Z,2026-02-02T06:00:00Z,2,mos-logistic-v0
2026-02-02T21:00:00Z,2026-02-03T03:00:00+06:00,T1,0.482579,0.435879,,,2026-02-02T18:00:00Z,2026-02-02T06:00:00Z,3,mos-logistic-v0
2026-02-02T21:00:00Z,2026-02-03T03:00:00+06:00,T2,0.482579,0.435879,,,2026-02-02T18:00:00Z,2026-02-02T06:00:00Z,3,mos-logistic-v0
2026-02-02T22:00:00Z,2026-02-03T04:00:00+06:00,T1,0.541722,0.466938,,,2026-02-02T18:00:00Z,2026-02-02T06:00:00Z,4,mos-logistic-v0
2026-02-02T22:00:00Z,2026-02-03T04:00:00+06:00,T2,0.541722,0.466938,,,2026-02-02T18:00:00Z,2026-02-02T06:00:00Z,4,mos-logistic-v0
2026-02-02T23:00:00Z,2026-02-03T05:00:00+06:00,T1,0.460005,0.365713,,,2026-02-02T18:00:00Z,2026-02-02T06:00:00Z,5,mos-logistic-v0
2026-02-02T23:00:00Z,2026-02-03T05:00:00+06:00,T2,0.460005,0.365713,,,2026-02-02T18:00:00Z,2026-02-02T06:00:00Z,5,mos-logistic-v0
2026-02-03T00:00:00Z,2026-02-03T06:00:00+06:00,T1,0.398613,0.269582,,,2026-02-02T18:00:00Z,2026-02-02T06:00:00Z,6,mos-logistic-v0
2026-02-03T00:00:00Z,2026-02-03T06:00:00+06:00,T2,0.398613,0.269582,,,2026-02-02T18:00:00Z,2026-02-02T06:00:00Z,6,mos-logistic-v0
2026-02-03T01:00:00Z,2026-02-03T07:00:00+06:00,T1,0.290658,0.323256,,,2026-02-02T18:00:00Z,2026-02-02T06:00:00Z,7,mos-logistic-v0
2026-02-03T01:00:00Z,2026-02-03T07:00:00+06:00,T2,0.290658,0.323256,,,2026-02-02T18:00:00Z,2026-02-02T06:00:00Z,7,mos-logistic-v0
2026-02-03T02:00:00Z,2026-02-03T08:00:00+06:00,T1,0.158044,0.305235,,,2026-02-02T18:00:00Z,2026-02-02T06:00:00Z,8,mos-logistic-v0
2026-02-03T02:00:00Z,2026-02-03T08:00:00+06:00,T2,0.158044,0.305235,,,2026-02-02T18:00:00Z,2026-02-02T06:00:00Z,8,mos-logistic-v0
2026-02-03T03:00:00Z,2026-02-03T09:00:00+06:00,T1,0.041623,0.019508,,,2026-02-02T18:00:00Z,2026-02-02T06:00:00Z,9,mos-logistic-v0
2026-02-03T03:00:00Z,2026-02-03T09:00:00+06:00,T2,0.041623,0.019508,,,2026-02-02T18:00:00Z,2026-02-02T06:00:00Z,9,mos-logistic-v0
2026-02-03T04:00:00Z,2026-02-03T10:00:00+06:00,T1,0.107269,0.043613,,,2026-02-02T18:00:00Z,2026-02-02T06:00:00Z,10,mos-logistic-v0
2026-02-03T04:00:00Z,2026-02-03T10:00:00+06:00,T2,0.107269,0.043613,,,2026-02-02T18:00:00Z,2026-02-02T06:00:00Z,10,mos-logistic-v0
2026-02-03T05:00:00Z,2026-02-03T11:00:00+06:00,T1,0.09227,0.037647,,,2026-02-02T18:00:00Z,2026-02-02T06:00:00Z,11,mos-logistic-v0
2026-02-03T05:00:00Z,2026-02-03T11:00:00+06:00,T2,0.09227,0.037647,,,2026-02-02T18:00:00Z,2026-02-02T06:00:00Z,11,mos-logistic-v0
2026-02-03T06:00:00Z,2026-02-03T12:00:00+06:00,T1,0.262775,0.130574,,,2026-02-02T18:00:00Z,2026-02-02T06:00:00Z,12,mos-logistic-v0
2026-02-03T06:00:00Z,2026-02-03T12:00:00+06:00,T2,0.262775,0.130574,,,2026-02-02T18:00:00Z,2026-02-02T06:00:00Z,12,mos-logistic-v0
2026-02-03T07:00:00Z,2026-02-03T13:00:00+06:00,T1,0.231675,0.122113,,,2026-02-02T18:00:00Z,2026-02-02T06:00:00Z,13,mos-logistic-v0
2026-02-03T07:00:00Z,2026-02-03T13:00:00+06:00,T2,0.231675,0.122113,,,2026-02-02T18:00:00Z,2026-02-02T06:00:00Z,13,mos-logistic-v0
2026-02-03T08:00:00Z,2026-02-03T14:00:00+06:00,T1,0.086046,0.059513,,,2026-02-02T18:00:00Z,2026-02-02T06:00:00Z,14,mos-logistic-v0
2026-02-03T08:00:00Z,2026-02-03T14:00:00+06:00,T2,0.086046,0.059513,,,2026-02-02T18:00:00Z,2026-02-02T06:00:00Z,14,mos-logistic-v0
2026-02-03T09:00:00Z,2026-02-03T15:00:00+06:00,T1,0.088827,0.079692,,,2026-02-02T18:00:00Z,2026-02-02T06:00:00Z,15,mos-logistic-v0
2026-02-03T09:00:00Z,2026-02-03T15:00:00+06:00,T2,0.088827,0.079692,,,2026-02-02T18:00:00Z,2026-02-02T06:00:00Z,15,mos-logistic-v0
2026-02-03T10:00:00Z,2026-02-03T16:00:00+06:00,T1,0.054639,0.241748,,,2026-02-02T18:00:00Z,2026-02-02T06:00:00Z,16,mos-logistic-v0
2026-02-03T10:00:00Z,2026-02-03T16:00:00+06:00,T2,0.054639,0.241748,,,2026-02-02T18:00:00Z,2026-02-02T06:00:00Z,16,mos-logistic-v0
2026-02-03T11:00:00Z,2026-02-03T17:00:00+06:00,T1,0.088827,0.225529,,,2026-02-02T18:00:00Z,2026-02-02T06:00:00Z,17,mos-logistic-v0
2026-02-03T11:00:00Z,2026-02-03T17:00:00+06:00,T2,0.088827,0.225529,,,2026-02-02T18:00:00Z,2026-02-02T06:00:00Z,17,mos-logistic-v0
2026-02-03T12:00:00Z,2026-02-03T18:00:00+06:00,T1,0.157119,0.268212,,,2026-02-02T18:00:00Z,2026-02-02T06:00:00Z,18,mos-logistic-v0
2026-02-03T12:00:00Z,2026-02-03T18:00:00+06:00,T2,0.157119,0.268212,,,2026-02-02T18:00:00Z,2026-02-02T06:00:00Z,18,mos-logistic-v0
2026-02-03T13:00:00Z,2026-02-03T19:00:00+06:00,T1,0.405315,0.491286,,,2026-02-02T18:00:00Z,2026-02-02T06:00:00Z,19,mos-logistic-v0
2026-02-03T13:00:00Z,2026-02-03T19:00:00+06:00,T2,0.405315,0.491286,,,2026-02-02T18:00:00Z,2026-02-02T06:00:00Z,19,mos-logistic-v0
2026-02-03T14:00:00Z,2026-02-03T20:00:00+06:00,T1,0.862963,0.591316,,,2026-02-02T18:00:00Z,2026-02-02T06:00:00Z,20,mos-logistic-v0
2026-02-03T14:00:00Z,2026-02-03T20:00:00+06:00,T2,0.862963,0.591316,,,2026-02-02T18:00:00Z,2026-02-02T06:00:00Z,20,mos-logistic-v0
2026-02-03T15:00:00Z,2026-02-03T21:00:00+06:00,T1,0.809966,0.520896,,,2026-02-02T18:00:00Z,2026-02-02T06:00:00Z,21,mos-logistic-v0
2026-02-03T15:00:00Z,2026-02-03T21:00:00+06:00,T2,0.809966,0.520896,,,2026-02-02T18:00:00Z,2026-02-02T06:00:00Z,21,mos-logistic-v0
2026-02-03T16:00:00Z,2026-02-03T22:00:00+06:00,T1,0.643928,0.382028,,,2026-02-02T18:00:00Z,2026-02-02T06:00:00Z,22,mos-logistic-v0
2026-02-03T16:00:00Z,2026-02-03T22:00:00+06:00,T2,0.643928,0.382028,,,2026-02-02T18:00:00Z,2026-02-02T06:00:00Z,22,mos-logistic-v0
2026-02-03T17:00:00Z,2026-02-03T23:00:00+06:00,T1,0.393611,0.343387,,,2026-02-02T18:00:00Z,2026-02-02T06:00:00Z,23,mos-logistic-v0
2026-02-03T17:00:00Z,2026-02-03T23:00:00+06:00,T2,0.393611,0.343387,,,2026-02-02T18:00:00Z,2026-02-02T06:00:00Z,23,mos-logistic-v0
2026-02-03T18:00:00Z,2026-02-04T00:00:00+06:00,T1,0.491286,0.46347,,,2026-02-03T18:00:00Z,2026-02-03T06:00:00Z,0,mos-logistic-v0
2026-02-03T18:00:00Z,2026-02-04T00:00:00+06:00,T2,0.491286,0.46347,,,2026-02-03T18:00:00Z,2026-02-03T06:00:00Z,0,mos-logistic-v0
2026-02-03T19:00:00Z,2026-02-04T01:00:00+06:00,T1,0.368953,0.539991,,,2026-02-03T18:00:00Z,2026-02-03T06:00:00Z,1,mos-logistic-v0
2026-02-03T19:00:00Z,2026-02-04T01:00:00+06:00,T2,0.368953,0.539991,,,2026-02-03T18:00:00Z,2026-02-03T06:00:00Z,1,mos-logistic-v0
2026-02-03T20:00:00Z,2026-02-04T02:00:00+06:00,T1,0.437593,0.510451,,,2026-02-03T18:00:00Z,2026-02-03T06:00:00Z,2,mos-logistic-v0
2026-02-03T20:00:00Z,2026-02-04T02:00:00+06:00,T2,0.437593,0.510451,,,2026-02-03T18:00:00Z,2026-02-03T06:00:00Z,2,mos-logistic-v0
2026-02-03T21:00:00Z,2026-02-04T03:00:00+06:00,T1,0.453087,0.472146,,,2026-02-03T18:00:00Z,2026-02-03T06:00:00Z,3,mos-logistic-v0
2026-02-03T21:00:00Z,2026-02-04T03:00:00+06:00,T2,0.453087,0.472146,,,2026-02-03T18:00:00Z,2026-02-03T06:00:00Z,3,mos-logistic-v0
2026-02-03T22:00:00Z,2026-02-04T04:00:00+06:00,T1,0.434166,0.382028,,,2026-02-03T18:00:00Z,2026-02-03T06:00:00Z,4,mos-logistic-v0
2026-02-03T22:00:00Z,2026-02-04T04:00:00+06:00,T2,0.434166,0.382028,,,2026-02-03T18:00:00Z,2026-02-03T06:00:00Z,4,mos-logistic-v0
2026-02-03T23:00:00Z,2026-02-04T05:00:00+06:00,T1,0.491286,0.302287,,,2026-02-03T18:00:00Z,2026-02-03T06:00:00Z,5,mos-logistic-v0
2026-02-03T23:00:00Z,2026-02-04T05:00:00+06:00,T2,0.491286,0.302287,,,2026-02-03T18:00:00Z,2026-02-03T06:00:00Z,5,mos-logistic-v0
2026-02-04T00:00:00Z,2026-02-04T06:00:00+06:00,T1,0.364098,0.296439,,,2026-02-03T18:00:00Z,2026-02-03T06:00:00Z,6,mos-logistic-v0
2026-02-04T00:00:00Z,2026-02-04T06:00:00+06:00,T2,0.364098,0.296439,,,2026-02-03T18:00:00Z,2026-02-03T06:00:00Z,6,mos-logistic-v0
2026-02-04T01:00:00Z,2026-02-04T07:00:00+06:00,T1,0.461737,0.334021,,,2026-02-03T18:00:00Z,2026-02-03T06:00:00Z,7,mos-logistic-v0
2026-02-04T01:00:00Z,2026-02-04T07:00:00+06:00,T2,0.461737,0.334021,,,2026-02-03T18:00:00Z,2026-02-03T06:00:00Z,7,mos-logistic-v0
2026-02-04T02:00:00Z,2026-02-04T08:00:00+06:00,T1,0.673683,0.486061,,,2026-02-03T18:00:00Z,2026-02-03T06:00:00Z,8,mos-logistic-v0
2026-02-04T02:00:00Z,2026-02-04T08:00:00+06:00,T2,0.673683,0.486061,,,2026-02-03T18:00:00Z,2026-02-03T06:00:00Z,8,mos-logistic-v0
2026-02-04T03:00:00Z,2026-02-04T09:00:00+06:00,T1,0.741252,0.661308,,,2026-02-03T18:00:00Z,2026-02-03T06:00:00Z,9,mos-logistic-v0
2026-02-04T03:00:00Z,2026-02-04T09:00:00+06:00,T2,0.741252,0.661308,,,2026-02-03T18:00:00Z,2026-02-03T06:00:00Z,9,mos-logistic-v0
2026-02-04T04:00:00Z,2026-02-04T10:00:00+06:00,T1,0.664423,0.579475,,,2026-02-03T18:00:00Z,2026-02-03T06:00:00Z,10,mos-logistic-v0
2026-02-04T04:00:00Z,2026-02-04T10:00:00+06:00,T2,0.664423,0.579475,,,2026-02-03T18:00:00Z,2026-02-03T06:00:00Z,10,mos-logistic-v0
2026-02-04T05:00:00Z,2026-02-04T11:00:00+06:00,T1,0.491286,0.437593,,,2026-02-03T18:00:00Z,2026-02-03T06:00:00Z,11,mos-logistic-v0
2026-02-04T05:00:00Z,2026-02-04T11:00:00+06:00,T2,0.491286,0.437593,,,2026-02-03T18:00:00Z,2026-02-03T06:00:00Z,11,mos-logistic-v0
2026-02-04T06:00:00Z,2026-02-04T12:00:00+06:00,T1,0.340251,0.283525,,,2026-02-03T18:00:00Z,2026-02-03T06:00:00Z,12,mos-logistic-v0
2026-02-04T06:00:00Z,2026-02-04T12:00:00+06:00,T2,0.340251,0.283525,,,2026-02-03T18:00:00Z,2026-02-03T06:00:00Z,12,mos-logistic-v0
2026-02-04T07:00:00Z,2026-02-04T13:00:00+06:00,T1,0.286365,0.148989,,,2026-02-03T18:00:00Z,2026-02-03T06:00:00Z,13,mos-logistic-v0
2026-02-04T07:00:00Z,2026-02-04T13:00:00+06:00,T2,0.286365,0.148989,,,2026-02-03T18:00:00Z,2026-02-03T06:00:00Z,13,mos-logistic-v0
2026-02-04T08:00:00Z,2026-02-04T14:00:00+06:00,T1,0.280702,0.137862,,,2026-02-03T18:00:00Z,2026-02-03T06:00:00Z,14,mos-logistic-v0
2026-02-04T08:00:00Z,2026-02-04T14:00:00+06:00,T2,0.280702,0.137862,,,2026-02-03T18:00:00Z,2026-02-03T06:00:00Z,14,mos-logistic-v0
2026-02-04T09:00:00Z,2026-02-04T15:00:00+06:00,T1,0.253433,0.184725,,,2026-02-03T18:00:00Z,2026-02-03T06:00:00Z,15,mos-logistic-v0
2026-02-04T09:00:00Z,2026-02-04T15:00:00+06:00,T2,0.253433,0.184725,,,2026-02-03T18:00:00Z,2026-02-03T06:00:00Z,15,mos-logistic-v0
2026-02-04T10:00:00Z,2026-02-04T16:00:00+06:00,T1,0.202114,0.164646,,,2026-02-03T18:00:00Z,2026-02-03T06:00:00Z,16,mos-logistic-v0
2026-02-04T10:00:00Z,2026-02-04T16:00:00+06:00,T2,0.202114,0.164646,,,2026-02-03T18:00:00Z,2026-02-03T06:00:00Z,16,mos-logistic-v0
2026-02-04T11:00:00Z,2026-02-04T17:00:00+06:00,T1,0.132966,0.105942,,,2026-02-03T18:00:00Z,2026-02-03T06:00:00Z,17,mos-logistic-v0
2026-02-04T11:00:00Z,2026-02-04T17:00:00+06:00,T2,0.132966,0.105942,,,2026-02-03T18:00:00Z,2026-02-03T06:00:00Z,17,mos-logistic-v0
2026-02-04T12:00:00Z,2026-02-04T18:00:00+06:00,T1,0.088264,0.077173,,,2026-02-03T18:00:00Z,2026-02-03T06:00:00Z,18,mos-logistic-v0
2026-02-04T12:00:00Z,2026-02-04T18:00:00+06:00,T2,0.088264,0.077173,,,2026-02-03T18:00:00Z,2026-02-03T06:00:00Z,18,mos-logistic-v0
2026-02-04T13:00:00Z,2026-02-04T19:00:00+06:00,T1,0.030349,0.03225,,,2026-02-03T18:00:00Z,2026-02-03T06:00:00Z,19,mos-logistic-v0
2026-02-04T13:00:00Z,2026-02-04T19:00:00+06:00,T2,0.030349,0.03225,,,2026-02-03T18:00:00Z,2026-02-03T06:00:00Z,19,mos-logistic-v0
2026-02-04T14:00:00Z,2026-02-04T20:00:00+06:00,T1,0.080205,0.044199,,,2026-02-03T18:00:00Z,2026-02-03T06:00:00Z,20,mos-logistic-v0
2026-02-04T14:00:00Z,2026-02-04T20:00:00+06:00,T2,0.080205,0.044199,,,2026-02-03T18:00:00Z,2026-02-03T06:00:00Z,20,mos-logistic-v0
2026-02-04T15:00:00Z,2026-02-04T21:00:00+06:00,T1,0.429036,0.46347,,,2026-02-03T18:00:00Z,2026-02-03T06:00:00Z,21,mos-logistic-v0
2026-02-04T15:00:00Z,2026-02-04T21:00:00+06:00,T2,0.429036,0.46347,,,2026-02-03T18:00:00Z,2026-02-03T06:00:00Z,21,mos-logistic-v0
2026-02-04T16:00:00Z,2026-02-04T22:00:00+06:00,T1,0.510451,0.582868,,,2026-02-03T18:00:00Z,2026-02-03T06:00:00Z,22,mos-logistic-v0
2026-02-04T16:00:00Z,2026-02-04T22:00:00+06:00,T2,0.510451,0.582868,,,2026-02-03T18:00:00Z,2026-02-03T06:00:00Z,22,mos-logistic-v0
2026-02-04T17:00:00Z,2026-02-04T23:00:00+06:00,T1,0.645525,0.624528,,,2026-02-03T18:00:00Z,2026-02-03T06:00:00Z,23,mos-logistic-v0
2026-02-04T17:00:00Z,2026-02-04T23:00:00+06:00,T2,0.645525,0.624528,,,2026-02-03T18:00:00Z,2026-02-03T06:00:00Z,23,mos-logistic-v0
2026-02-04T18:00:00Z,2026-02-05T00:00:00+06:00,T1,0.635898,0.688816,,,2026-02-04T18:00:00Z,2026-02-04T06:00:00Z,0,mos-logistic-v0
2026-02-04T18:00:00Z,2026-02-05T00:00:00+06:00,T2,0.635898,0.688816,,,2026-02-04T18:00:00Z,2026-02-04T06:00:00Z,0,mos-logistic-v0
2026-02-04T19:00:00Z,2026-02-05T01:00:00+06:00,T1,0.659745,0.709338,,,2026-02-04T18:00:00Z,2026-02-04T06:00:00Z,1,mos-logistic-v0
2026-02-04T19:00:00Z,2026-02-05T01:00:00+06:00,T2,0.659745,0.709338,,,2026-02-04T18:00:00Z,2026-02-04T06:00:00Z,1,mos-logistic-v0
2026-02-04T20:00:00Z,2026-02-05T02:00:00+06:00,T1,0.722101,0.762061,,,2026-02-04T18:00:00Z,2026-02-04T06:00:00Z,2,mos-logistic-v0
2026-02-04T20:00:00Z,2026-02-05T02:00:00+06:00,T2,0.722101,0.762061,,,2026-02-04T18:00:00Z,2026-02-04T06:00:00Z,2,mos-logistic-v0
2026-02-04T21:00:00Z,2026-02-05T03:00:00+06:00,T1,0.811036,0.838208,,,2026-02-04T18:00:00Z,2026-02-04T06:00:00Z,3,mos-logistic-v0
2026-02-04T21:00:00Z,2026-02-05T03:00:00+06:00,T2,0.811036,0.838208,,,2026-02-04T18:00:00Z,2026-02-04T06:00:00Z,3,mos-logistic-v0
2026-02-04T22:00:00Z,2026-02-05T04:00:00+06:00,T1,0.89071,0.89206,,,2026-02-04T18:00:00Z,2026-02-04T06:00:00Z,4,mos-logistic-v0
2026-02-04T22:00:00Z,2026-02-05T04:00:00+06:00,T2,0.89071,0.89206,,,2026-02-04T18:00:00Z,2026-02-04T06:00:00Z,4,mos-logistic-v0
2026-02-04T23:00:00Z,2026-02-05T05:00:00+06:00,T1,0.930403,0.923813,,,2026-02-04T18:00:00Z,2026-02-04T06:00:00Z,5,mos-logistic-v0
2026-02-04T23:00:00Z,2026-02-05T05:00:00+06:00,T2,0.930403,0.923813,,,2026-02-04T18:00:00Z,2026-02-04T06:00:00Z,5,mos-logistic-v0
2026-02-05T00:00:00Z,2026-02-05T06:00:00+06:00,T1,0.958097,0.948169,,,2026-02-04T18:00:00Z,2026-02-04T06:00:00Z,6,mos-logistic-v0
2026-02-05T00:00:00Z,2026-02-05T06:00:00+06:00,T2,0.958097,0.948169,,,2026-02-04T18:00:00Z,2026-02-04T06:00:00Z,6,mos-logistic-v0
2026-02-05T01:00:00Z,2026-02-05T07:00:00+06:00,T1,0.970858,0.95149,,,2026-02-04T18:00:00Z,2026-02-04T06:00:00Z,7,mos-logistic-v0
2026-02-05T01:00:00Z,2026-02-05T07:00:00+06:00,T2,0.970858,0.95149,,,2026-02-04T18:00:00Z,2026-02-04T06:00:00Z,7,mos-logistic-v0
2026-02-05T02:00:00Z,2026-02-05T08:00:00+06:00,T1,0.97438,0.960545,,,2026-02-04T18:00:00Z,2026-02-04T06:00:00Z,8,mos-logistic-v0
2026-02-05T02:00:00Z,2026-02-05T08:00:00+06:00,T2,0.97438,0.960545,,,2026-02-04T18:00:00Z,2026-02-04T06:00:00Z,8,mos-logistic-v0
2026-02-05T03:00:00Z,2026-02-05T09:00:00+06:00,T1,0.972766,0.955208,,,2026-02-04T18:00:00Z,2026-02-04T06:00:00Z,9,mos-logistic-v0
2026-02-05T03:00:00Z,2026-02-05T09:00:00+06:00,T2,0.972766,0.955208,,,2026-02-04T18:00:00Z,2026-02-04T06:00:00Z,9,mos-logistic-v0
2026-02-05T04:00:00Z,2026-02-05T10:00:00+06:00,T1,0.953384,0.95149,,,2026-02-04T18:00:00Z,2026-02-04T06:00:00Z,10,mos-logistic-v0
2026-02-05T04:00:00Z,2026-02-05T10:00:00+06:00,T2,0.953384,0.95149,,,2026-02-04T18:00:00Z,2026-02-04T06:00:00Z,10,mos-logistic-v0
2026-02-05T05:00:00Z,2026-02-05T11:00:00+06:00,T1,0.966868,0.962605,,,2026-02-04T18:00:00Z,2026-02-04T06:00:00Z,11,mos-logistic-v0
2026-02-05T05:00:00Z,2026-02-05T11:00:00+06:00,T2,0.966868,0.962605,,,2026-02-04T18:00:00Z,2026-02-04T06:00:00Z,11,mos-logistic-v0
2026-02-05T06:00:00Z,2026-02-05T12:00:00+06:00,T1,0.974205,0.980492,,,2026-02-04T18:00:00Z,2026-02-04T06:00:00Z,12,mos-logistic-v0
2026-02-05T06:00:00Z,2026-02-05T12:00:00+06:00,T2,0.974205,0.980492,,,2026-02-04T18:00:00Z,2026-02-04T06:00:00Z,12,mos-logistic-v0
2026-02-05T07:00:00Z,2026-02-05T13:00:00+06:00,T1,0.979537,0.985961,,,2026-02-04T18:00:00Z,2026-02-04T06:00:00Z,13,mos-logistic-v0
2026-02-05T07:00:00Z,2026-02-05T13:00:00+06:00,T2,0.979537,0.985961,,,2026-02-04T18:00:00Z,2026-02-04T06:00:00Z,13,mos-logistic-v0
2026-02-05T08:00:00Z,2026-02-05T14:00:00+06:00,T1,0.963103,0.974205,,,2026-02-04T18:00:00Z,2026-02-04T06:00:00Z,14,mos-logistic-v0
2026-02-05T08:00:00Z,2026-02-05T14:00:00+06:00,T2,0.963103,0.974205,,,2026-02-04T18:00:00Z,2026-02-04T06:00:00Z,14,mos-logistic-v0
2026-02-05T09:00:00Z,2026-02-05T15:00:00+06:00,T1,0.925752,0.944269,,,2026-02-04T18:00:00Z,2026-02-04T06:00:00Z,15,mos-logistic-v0
2026-02-05T09:00:00Z,2026-02-05T15:00:00+06:00,T2,0.925752,0.944269,,,2026-02-04T18:00:00Z,2026-02-04T06:00:00Z,15,mos-logistic-v0
2026-02-05T10:00:00Z,2026-02-05T16:00:00+06:00,T1,0.796757,0.813163,,,2026-02-04T18:00:00Z,2026-02-04T06:00:00Z,16,mos-logistic-v0
2026-02-05T10:00:00Z,2026-02-05T16:00:00+06:00,T2,0.796757,0.813163,,,2026-02-04T18:00:00Z,2026-02-04T06:00:00Z,16,mos-logistic-v0
2026-02-05T11:00:00Z,2026-02-05T17:00:00+06:00,T1,0.726277,0.775683,,,2026-02-04T18:00:00Z,2026-02-04T06:00:00Z,17,mos-logistic-v0
2026-02-05T11:00:00Z,2026-02-05T17:00:00+06:00,T2,0.726277,0.775683,,,2026-02-04T18:00:00Z,2026-02-04T06:00:00Z,17,mos-logistic-v0
2026-02-05T12:00:00Z,2026-02-05T18:00:00+06:00,T1,0.54518,0.577776,,,2026-02-04T18:00:00Z,2026-02-04T06:00:00Z,18,mos-logistic-v0
2026-02-05T12:00:00Z,2026-02-05T18:00:00+06:00,T2,0.54518,0.577776,,,2026-02-04T18:00:00Z,2026-02-04T06:00:00Z,18,mos-logistic-v0
2026-02-05T13:00:00Z,2026-02-05T19:00:00+06:00,T1,0.473883,0.579475,,,2026-02-04T18:00:00Z,2026-02-04T06:00:00Z,19,mos-logistic-v0
2026-02-05T13:00:00Z,2026-02-05T19:00:00+06:00,T2,0.473883,0.579475,,,2026-02-04T18:00:00Z,2026-02-04T06:00:00Z,19,mos-logistic-v0
2026-02-05T14:00:00Z,2026-02-05T20:00:00+06:00,T1,0.499998,0.651879,,,2026-02-04T18:00:00Z,2026-02-04T06:00:00Z,20,mos-logistic-v0
2026-02-05T14:00:00Z,2026-02-05T20:00:00+06:00,T2,0.499998,0.651879,,,2026-02-04T18:00:00Z,2026-02-04T06:00:00Z,20,mos-logistic-v0
2026-02-05T15:00:00Z,2026-02-05T21:00:00+06:00,T1,0.441027,0.715053,,,2026-02-04T18:00:00Z,2026-02-04T06:00:00Z,21,mos-logistic-v0
2026-02-05T15:00:00Z,2026-02-05T21:00:00+06:00,T2,0.441027,0.715053,,,2026-02-04T18:00:00Z,2026-02-04T06:00:00Z,21,mos-logistic-v0
2026-02-05T16:00:00Z,2026-02-05T22:00:00+06:00,T1,0.536526,0.743917,,,2026-02-04T18:00:00Z,2026-02-04T06:00:00Z,22,mos-logistic-v0
2026-02-05T16:00:00Z,2026-02-05T22:00:00+06:00,T2,0.536526,0.743917,,,2026-02-04T18:00:00Z,2026-02-04T06:00:00Z,22,mos-logistic-v0
2026-02-05T17:00:00Z,2026-02-05T23:00:00+06:00,T1,0.473883,0.770794,,,2026-02-04T18:00:00Z,2026-02-04T06:00:00Z,23,mos-logistic-v0
2026-02-05T17:00:00Z,2026-02-05T23:00:00+06:00,T2,0.473883,0.770794,,,2026-02-04T18:00:00Z,2026-02-04T06:00:00Z,23,mos-logistic-v0
2026-02-05T18:00:00Z,2026-02-06T00:00:00+06:00,T1,0.49477,0.591316,,,2026-02-05T18:00:00Z,2026-02-05T06:00:00Z,0,mos-logistic-v0
2026-02-05T18:00:00Z,2026-02-06T00:00:00+06:00,T2,0.49477,0.591316,,,2026-02-05T18:00:00Z,2026-02-05T06:00:00Z,0,mos-logistic-v0
2026-02-05T19:00:00Z,2026-02-06T01:00:00+06:00,T1,0.382028,0.632664,,,2026-02-05T18:00:00Z,2026-02-05T06:00:00Z,1,mos-logistic-v0
2026-02-05T19:00:00Z,2026-02-06T01:00:00+06:00,T2,0.382028,0.632664,,,2026-02-05T18:00:00Z,2026-02-05T06:00:00Z,1,mos-logistic-v0
2026-02-05T20:00:00Z,2026-02-06T02:00:00+06:00,T1,0.29354,0.447911,,,2026-02-05T18:00:00Z,2026-02-05T06:00:00Z,2,mos-logistic-v0
2026-02-05T20:00:00Z,2026-02-06T02:00:00+06:00,T2,0.29354,0.447911,,,2026-02-05T18:00:00Z,2026-02-05T06:00:00Z,2,mos-logistic-v0
2026-02-05T21:00:00Z,2026-02-06T03:00:00+06:00,T1,0.262775,0.299355,,,2026-02-05T18:00:00Z,2026-02-05T06:00:00Z,3,mos-logistic-v0
2026-02-05T21:00:00Z,2026-02-06T03:00:00+06:00,T2,0.262775,0.299355,,,2026-02-05T18:00:00Z,2026-02-05T06:00:00Z,3,mos-logistic-v0
2026-02-05T22:00:00Z,2026-02-06T04:00:00+06:00,T1,0.211256,0.258744,,,2026-02-05T18:00:00Z,2026-02-05T06:00:00Z,4,mos-logistic-v0
2026-02-05T22:00:00Z,2026-02-06T04:00:00+06:00,T2,0.211256,0.258744,,,2026-02-05T18:00:00Z,2026-02-05T06:00:00Z,4,mos-logistic-v0
2026-02-05T23:00:00Z,2026-02-06T05:00:00+06:00,T1,0.116978,0.192186,,,2026-02-05T18:00:00Z,2026-02-05T06:00:00Z,5,mos-logistic-v0
2026-02-05T23:00:00Z,2026-02-06T05:00:00+06:00,T2,0.116978,0.192186,,,2026-02-05T18:00:00Z,2026-02-05T06:00:00Z,5,mos-logistic-v0
2026-02-06T00:00:00Z,2026-02-06T06:00:00+06:00,T1,0.060298,0.024764,,,2026-02-05T18:00:00Z,2026-02-05T06:00:00Z,6,mos-logistic-v0
2026-02-06T00:00:00Z,2026-02-06T06:00:00+06:00,T2,0.060298,0.024764,,,2026-02-05T18:00:00Z,2026-02-05T06:00:00Z,6,mos-logistic-v0
2026-02-06T01:00:00Z,2026-02-06T07:00:00+06:00,T1,0.043324,0.460005,,,2026-02-05T18:00:00Z,2026-02-05T06:00:00Z,7,mos-logistic-v0
2026-02-06T01:00:00Z,2026-02-06T07:00:00+06:00,T2,0.043324,0.460005,,,2026-02-05T18:00:00Z,2026-02-05T06:00:00Z,7,mos-logistic-v0
2026-02-06T02:00:00Z,2026-02-06T08:00:00+06:00,T1,0.487802,0.606385,,,2026-02-05T18:00:00Z,2026-02-05T06:00:00Z,8,mos-logistic-v0
2026-02-06T02:00:00Z,2026-02-06T08:00:00+06:00,T2,0.487802,0.606385,,,2026-02-05T18:00:00Z,2026-02-05T06:00:00Z,8,mos-logistic-v0
2026-02-06T03:00:00Z,2026-02-06T09:00:00+06:00,T1,0.619612,0.332472,,,2026-02-05T18:00:00Z,2026-02-05T06:00:00Z,9,mos-logistic-v0
2026-02-06T03:00:00Z,2026-02-06T09:00:00+06:00,T2,0.619612,0.332472,,,2026-02-05T18:00:00Z,2026-02-05T06:00:00Z,9,mos-logistic-v0
2026-02-06T04:00:00Z,2026-02-06T10:00:00+06:00,T1,0.324783,0.598037,,,2026-02-05T18:00:00Z,2026-02-05T06:00:00Z,10,mos-logistic-v0
2026-02-06T04:00:00Z,2026-02-06T10:00:00+06:00,T2,0.324783,0.598037,,,2026-02-05T18:00:00Z,2026-02-05T06:00:00Z,10,mos-logistic-v0
2026-02-06T05:00:00Z,2026-02-06T11:00:00+06:00,T1,0.102686,0.805637,,,2026-02-05T18:00:00Z,2026-02-05T06:00:00Z,11,mos-logistic-v0
2026-02-06T05:00:00Z,2026-02-06T11:00:00+06:00,T2,0.102686,0.805637,,,2026-02-05T18:00:00Z,2026-02-05T06:00:00Z,11,mos-logistic-v0
2026-02-06T06:00:00Z,2026-02-06T12:00:00+06:00,T1,0.300819,0.967749,,,2026-02-05T18:00:00Z,2026-02-05T06:00:00Z,12,mos-logistic-v0
2026-02-06T06:00:00Z,2026-02-06T12:00:00+06:00,T2,0.300819,0.967749,,,2026-02-05T18:00:00Z,2026-02-05T06:00:00Z,12,mos-logistic-v0
2026-02-06T07:00:00Z,2026-02-06T13:00:00+06:00,T1,0.828531,0.985669,,,2026-02-05T18:00:00Z,2026-02-05T06:00:00Z,13,mos-logistic-v0
2026-02-06T07:00:00Z,2026-02-06T13:00:00+06:00,T2,0.828531,0.985669,,,2026-02-05T18:00:00Z,2026-02-05T06:00:00Z,13,mos-logistic-v0
2026-02-06T08:00:00Z,2026-02-06T14:00:00+06:00,T1,0.902951,0.98557,,,2026-02-05T18:00:00Z,2026-02-05T06:00:00Z,14,mos-logistic-v0
2026-02-06T08:00:00Z,2026-02-06T14:00:00+06:00,T2,0.902951,0.98557,,,2026-02-05T18:00:00Z,2026-02-05T06:00:00Z,14,mos-logistic-v0
2026-02-06T09:00:00Z,2026-02-06T15:00:00+06:00,T1,0.973853,0.989487,,,2026-02-05T18:00:00Z,2026-02-05T06:00:00Z,15,mos-logistic-v0
2026-02-06T09:00:00Z,2026-02-06T15:00:00+06:00,T2,0.973853,0.989487,,,2026-02-05T18:00:00Z,2026-02-05T06:00:00Z,15,mos-logistic-v0
2026-02-06T10:00:00Z,2026-02-06T16:00:00+06:00,T1,0.98785,0.989631,,,2026-02-05T18:00:00Z,2026-02-05T06:00:00Z,16,mos-logistic-v0
2026-02-06T10:00:00Z,2026-02-06T16:00:00+06:00,T2,0.98785,0.989631,,,2026-02-05T18:00:00Z,2026-02-05T06:00:00Z,16,mos-logistic-v0
2026-02-06T11:00:00Z,2026-02-06T17:00:00+06:00,T1,0.99,0.984005,,,2026-02-05T18:00:00Z,2026-02-05T06:00:00Z,17,mos-logistic-v0
2026-02-06T11:00:00Z,2026-02-06T17:00:00+06:00,T2,0.99,0.984005,,,2026-02-05T18:00:00Z,2026-02-05T06:00:00Z,17,mos-logistic-v0
2026-02-06T12:00:00Z,2026-02-06T18:00:00+06:00,T1,0.99,0.985669,,,2026-02-05T18:00:00Z,2026-02-05T06:00:00Z,18,mos-logistic-v0
2026-02-06T12:00:00Z,2026-02-06T18:00:00+06:00,T2,0.99,0.985669,,,2026-02-05T18:00:00Z,2026-02-05T06:00:00Z,18,mos-logistic-v0
2026-02-06T13:00:00Z,2026-02-06T19:00:00+06:00,T1,0.99,0.99,,,2026-02-05T18:00:00Z,2026-02-05T06:00:00Z,19,mos-logistic-v0
2026-02-06T13:00:00Z,2026-02-06T19:00:00+06:00,T2,0.99,0.99,,,2026-02-05T18:00:00Z,2026-02-05T06:00:00Z,19,mos-logistic-v0
2026-02-06T14:00:00Z,2026-02-06T20:00:00+06:00,T1,0.99,0.99,,,2026-02-05T18:00:00Z,2026-02-05T06:00:00Z,20,mos-logistic-v0
2026-02-06T14:00:00Z,2026-02-06T20:00:00+06:00,T2,0.99,0.99,,,2026-02-05T18:00:00Z,2026-02-05T06:00:00Z,20,mos-logistic-v0
2026-02-06T15:00:00Z,2026-02-06T21:00:00+06:00,T1,0.99,0.99,,,2026-02-05T18:00:00Z,2026-02-05T06:00:00Z,21,mos-logistic-v0
2026-02-06T15:00:00Z,2026-02-06T21:00:00+06:00,T2,0.99,0.99,,,2026-02-05T18:00:00Z,2026-02-05T06:00:00Z,21,mos-logistic-v0
2026-02-06T16:00:00Z,2026-02-06T22:00:00+06:00,T1,0.986248,0.99,,,2026-02-05T18:00:00Z,2026-02-05T06:00:00Z,22,mos-logistic-v0
2026-02-06T16:00:00Z,2026-02-06T22:00:00+06:00,T2,0.986248,0.99,,,2026-02-05T18:00:00Z,2026-02-05T06:00:00Z,22,mos-logistic-v0
2026-02-06T17:00:00Z,2026-02-06T23:00:00+06:00,T1,0.974726,0.954305,,,2026-02-05T18:00:00Z,2026-02-05T06:00:00Z,23,mos-logistic-v0
2026-02-06T17:00:00Z,2026-02-06T23:00:00+06:00,T2,0.974726,0.954305,,,2026-02-05T18:00:00Z,2026-02-05T06:00:00Z,23,mos-logistic-v0
2026-02-06T18:00:00Z,2026-02-07T00:00:00+06:00,T1,0.753101,0.94536,,,2026-02-06T18:00:00Z,2026-02-06T06:00:00Z,0,mos-logistic-v0
2026-02-06T18:00:00Z,2026-02-07T00:00:00+06:00,T2,0.753101,0.94536,,,2026-02-06T18:00:00Z,2026-02-06T06:00:00Z,0,mos-logistic-v0
2026-02-06T19:00:00Z,2026-02-07T01:00:00+06:00,T1,0.647118,0.832456,,,2026-02-06T18:00:00Z,2026-02-06T06:00:00Z,1,mos-logistic-v0
2026-02-06T19:00:00Z,2026-02-07T01:00:00+06:00,T2,0.647118,0.832456,,,2026-02-06T18:00:00Z,2026-02-06T06:00:00Z,1,mos-logistic-v0
2026-02-06T20:00:00Z,2026-02-07T02:00:00+06:00,T1,0.396943,0.622892,,,2026-02-06T18:00:00Z,2026-02-06T06:00:00Z,2,mos-logistic-v0
2026-02-06T20:00:00Z,2026-02-07T02:00:00+06:00,T2,0.396943,0.622892,,,2026-02-06T18:00:00Z,2026-02-06T06:00:00Z,2,mos-logistic-v0
2026-02-06T21:00:00Z,2026-02-07T03:00:00+06:00,T1,0.284943,0.401959,,,2026-02-06T18:00:00Z,2026-02-06T06:00:00Z,3,mos-logistic-v0
2026-02-06T21:00:00Z,2026-02-07T03:00:00+06:00,T2,0.284943,0.401959,,,2026-02-06T18:00:00Z,2026-02-06T06:00:00Z,3,mos-logistic-v0
2026-02-06T22:00:00Z,2026-02-07T04:00:00+06:00,T1,0.252116,0.227973,,,2026-02-06T18:00:00Z,2026-02-06T06:00:00Z,4,mos-logistic-v0
2026-02-06T22:00:00Z,2026-02-07T04:00:00+06:00,T2,0.252116,0.227973,,,2026-02-06T18:00:00Z,2026-02-06T06:00:00Z,4,mos-logistic-v0
2026-02-06T23:00:00Z,2026-02-07T05:00:00+06:00,T1,0.158044,0.187895,,,2026-02-06T18:00:00Z,2026-02-06T06:00:00Z,5,mos-logistic-v0
2026-02-06T23:00:00Z,2026-02-07T05:00:00+06:00,T2,0.158044,0.187895,,,2026-02-06T18:00:00Z,2026-02-06T06:00:00Z,5,mos-logistic-v0
2026-02-07T00:00:00Z,2026-02-07T06:00:00+06:00,T1,0.15166,0.204371,,,2026-02-06T18:00:00Z,2026-02-06T06:00:00Z,6,mos-logistic-v0
2026-02-07T00:00:00Z,2026-02-07T06:00:00+06:00,T2,0.15166,0.204371,,,2026-02-06T18:00:00Z,2026-02-06T06:00:00Z,6,mos-logistic-v0
2026-02-07T01:00:00Z,2026-02-07T07:00:00+06:00,T1,0.081761,0.134581,,,2026-02-06T18:00:00Z,2026-02-06T06:00:00Z,7,mos-logistic-v0
2026-02-07T01:00:00Z,2026-02-07T07:00:00+06:00,T2,0.081761,0.134581,,,2026-02-06T18:00:00Z,2026-02-06T06:00:00Z,7,mos-logistic-v0
2026-02-07T02:00:00Z,2026-02-07T08:00:00+06:00,T1,0.017247,0.04107,,,2026-02-06T18:00:00Z,2026-02-06T06:00:00Z,8,mos-logistic-v0
2026-02-07T02:00:00Z,2026-02-07T08:00:00+06:00,T2,0.017247,0.04107,,,2026-02-06T18:00:00Z,2026-02-06T06:00:00Z,8,mos-logistic-v0
2026-02-07T03:00:00Z,2026-02-07T09:00:00+06:00,T1,0.029142,0.016105,,,2026-02-06T18:00:00Z,2026-02-06T06:00:00Z,9,mos-logistic-v0
2026-02-07T03:00:00Z,2026-02-07T09:00:00+06:00,T2,0.029142,0.016105,,,2026-02-06T18:00:00Z,2026-02-06T06:00:00Z,9,mos-logistic-v0
2026-02-07T04:00:00Z,2026-02-07T10:00:00+06:00,T1,0.039986,0.028556,,,2026-02-06T18:00:00Z,2026-02-06T06:00:00Z,10,mos-logistic-v0
2026-02-07T04:00:00Z,2026-02-07T10:00:00+06:00,T2,0.039986,0.028556,,,2026-02-06T18:00:00Z,2026-02-06T06:00:00Z,10,mos-logistic-v0
2026-02-07T05:00:00Z,2026-02-07T11:00:00+06:00,T1,0.112727,0.052173,,,2026-02-06T18:00:00Z,2026-02-06T06:00:00Z,11,mos-logistic-v0
2026-02-07T05:00:00Z,2026-02-07T11:00:00+06:00,T2,0.112727,0.052173,,,2026-02-06T18:00:00Z,2026-02-06T06:00:00Z,11,mos-logistic-v0
2026-02-07T06:00:00Z,2026-02-07T12:00:00+06:00,T1,0.340251,0.105942,,,2026-02-06T18:00:00Z,2026-02-06T06:00:00Z,12,mos-logistic-v0
2026-02-07T06:00:00Z,2026-02-07T12:00:00+06:00,T2,0.340251,0.105942,,,2026-02-06T18:00:00Z,2026-02-06T06:00:00Z,12,mos-logistic-v0
2026-02-07T07:00:00Z,2026-02-07T13:00:00+06:00,T1,0.434166,0.195454,,,2026-02-06T18:00:00Z,2026-02-06T06:00:00Z,13,mos-logistic-v0
2026-02-07T07:00:00Z,2026-02-07T13:00:00+06:00,T2,0.434166,0.195454,,,2026-02-06T18:00:00Z,2026-02-06T06:00:00Z,13,mos-logistic-v0
2026-02-07T08:00:00Z,2026-02-07T14:00:00+06:00,T1,0.42222,0.275107,,,2026-02-06T18:00:00Z,2026-02-06T06:00:00Z,14,mos-logistic-v0
2026-02-07T08:00:00Z,2026-02-07T14:00:00+06:00,T2,0.42222,0.275107,,,2026-02-06T18:00:00Z,2026-02-06T06:00:00Z,14,mos-logistic-v0
2026-02-07T09:00:00Z,2026-02-07T15:00:00+06:00,T1,0.282111,0.25741,,,2026-02-06T18:00:00Z,2026-02-06T06:00:00Z,15,mos-logistic-v0
2026-02-07T09:00:00Z,2026-02-07T15:00:00+06:00,T2,0.282111,0.25741,,,2026-02-06T18:00:00Z,2026-02-06T06:00:00Z,15,mos-logistic-v0
2026-02-07T10:00:00Z,2026-02-07T16:00:00+06:00,T1,0.119889,0.171467,,,2026-02-06T18:00:00Z,2026-02-06T06:00:00Z,16,mos-logistic-v0
2026-02-07T10:00:00Z,2026-02-07T16:00:00+06:00,T2,0.119889,0.171467,,,2026-02-06T18:00:00Z,2026-02-06T06:00:00Z,16,mos-logistic-v0
2026-02-07T11:00:00Z,2026-02-07T17:00:00+06:00,T1,0.050476,0.098896,,,2026-02-06T18:00:00Z,2026-02-06T06:00:00Z,17,mos-logistic-v0
2026-02-07T11:00:00Z,2026-02-07T17:00:00+06:00,T2,0.050476,0.098896,,,2026-02-06T18:00:00Z,2026-02-06T06:00:00Z,17,mos-logistic-v0
2026-02-07T12:00:00Z,2026-02-07T18:00:00+06:00,T1,0.017366,0.018218,,,2026-02-06T18:00:00Z,2026-02-06T06:00:00Z,18,mos-logistic-v0
2026-02-07T12:00:00Z,2026-02-07T18:00:00+06:00,T2,0.017366,0.018218,,,2026-02-06T18:00:00Z,2026-02-06T06:00:00Z,18,mos-logistic-v0
2026-02-07T13:00:00Z,2026-02-07T19:00:00+06:00,T1,0.340251,0.432454,,,2026-02-06T18:00:00Z,2026-02-06T06:00:00Z,19,mos-logistic-v0
2026-02-07T13:00:00Z,2026-02-07T19:00:00+06:00,T2,0.340251,0.432454,,,2026-02-06T18:00:00Z,2026-02-06T06:00:00Z,19,mos-logistic-v0
2026-02-07T14:00:00Z,2026-02-07T20:00:00+06:00,T1,0.569251,0.68732,,,2026-02-06T18:00:00Z,2026-02-06T06:00:00Z,20,mos-logistic-v0
2026-02-07T14:00:00Z,2026-02-07T20:00:00+06:00,T2,0.569251,0.68732,,,2026-02-06T18:00:00Z,2026-02-06T06:00:00Z,20,mos-logistic-v0
2026-02-07T15:00:00Z,2026-02-07T21:00:00+06:00,T1,0.659745,0.751802,,,2026-02-06T18:00:00Z,2026-02-06T06:00:00Z,21,mos-logistic-v0
2026-02-07T15:00:00Z,2026-02-07T21:00:00+06:00,T2,0.659745,0.751802,,,2026-02-06T18:00:00Z,2026-02-06T06:00:00Z,21,mos-logistic-v0
2026-02-07T16:00:00Z,2026-02-07T22:00:00+06:00,T1,0.827538,0.68732,,,2026-02-06T18:00:00Z,2026-02-06T06:00:00Z,22,mos-logistic-v0
2026-02-07T16:00:00Z,2026-02-07T22:00:00+06:00,T2,0.827538,0.68732,,,2026-02-06T18:00:00Z,2026-02-06T06:00:00Z,22,mos-logistic-v0
2026-02-07T17:00:00Z,2026-02-07T23:00:00+06:00,T1,0.913953,0.730414,,,2026-02-06T18:00:00Z,2026-02-06T06:00:00Z,23,mos-logistic-v0
2026-02-07T17:00:00Z,2026-02-07T23:00:00+06:00,T2,0.913953,0.730414,,,2026-02-06T18:00:00Z,2026-02-06T06:00:00Z,23,mos-logistic-v0
2026-02-07T18:00:00Z,2026-02-08T00:00:00+06:00,T1,0.921827,0.942784,,,2026-02-07T18:00:00Z,2026-02-07T06:00:00Z,0,mos-logistic-v0
2026-02-07T18:00:00Z,2026-02-08T00:00:00+06:00,T2,0.921827,0.942784,,,2026-02-07T18:00:00Z,2026-02-07T06:00:00Z,0,mos-logistic-v0
2026-02-07T19:00:00Z,2026-02-08T01:00:00+06:00,T1,0.94643,0.954305,,,2026-02-07T18:00:00Z,2026-02-07T06:00:00Z,1,mos-logistic-v0
2026-02-07T19:00:00Z,2026-02-08T01:00:00+06:00,T2,0.94643,0.954305,,,2026-02-07T18:00:00Z,2026-02-07T06:00:00Z,1,mos-logistic-v0
2026-02-07T20:00:00Z,2026-02-08T02:00:00+06:00,T1,0.924302,0.933497,,,2026-02-07T18:00:00Z,2026-02-07T06:00:00Z,2,mos-logistic-v0
2026-02-07T20:00:00Z,2026-02-08T02:00:00+06:00,T2,0.924302,0.933497,,,2026-02-07T18:00:00Z,2026-02-07T06:00:00Z,2,mos-logistic-v0
2026-02-07T21:00:00Z,2026-02-08T03:00:00+06:00,T1,0.887271,0.902951,,,2026-02-07T18:00:00Z,2026-02-07T06:00:00Z,3,mos-logistic-v0
2026-02-07T21:00:00Z,2026-02-08T03:00:00+06:00,T2,0.887271,0.902951,,,2026-02-07T18:00:00Z,2026-02-07T06:00:00Z,3,mos-logistic-v0
2026-02-07T22:00:00Z,2026-02-08T04:00:00+06:00,T1,0.82554,0.85709,,,2026-02-07T18:00:00Z,2026-02-07T06:00:00Z,4,mos-logistic-v0
2026-02-07T22:00:00Z,2026-02-08T04:00:00+06:00,T2,0.82554,0.85709,,,2026-02-07T18:00:00Z,2026-02-07T06:00:00Z,4,mos-logistic-v0
2026-02-07T23:00:00Z,2026-02-08T05:00:00+06:00,T1,0.733151,0.775683,,,2026-02-07T18:00:00Z,2026-02-07T06:00:00Z,5,mos-logistic-v0
2026-02-07T23:00:00Z,2026-02-08T05:00:00+06:00,T2,0.733151,0.775683,,,2026-02-07T18:00:00Z,2026-02-07T06:00:00Z,5,mos-logistic-v0
2026-02-08T00:00:00Z,2026-02-08T06:00:00+06:00,T1,0.734512,0.730414,,,2026-02-07T18:00:00Z,2026-02-07T06:00:00Z,6,mos-logistic-v0
2026-02-08T00:00:00Z,2026-02-08T06:00:00+06:00,T2,0.734512,0.730414,,,2026-02-07T18:00:00Z,2026-02-07T06:00:00Z,6,mos-logistic-v0
2026-02-08T01:00:00Z,2026-02-08T07:00:00+06:00,T1,0.699177,0.659745,,,2026-02-07T18:00:00Z,2026-02-07T06:00:00Z,7,mos-logistic-v0
2026-02-08T01:00:00Z,2026-02-08T07:00:00+06:00,T2,0.699177,0.659745,,,2026-02-07T18:00:00Z,2026-02-07T06:00:00Z,7,mos-logistic-v0
2026-02-08T02:00:00Z,2026-02-08T08:00:00+06:00,T1,0.52785,0.531322,,,2026-02-07T18:00:00Z,2026-02-07T06:00:00Z,8,mos-logistic-v0
2026-02-08T02:00:00Z,2026-02-08T08:00:00+06:00,T2,0.52785,0.531322,,,2026-02-07T18:00:00Z,2026-02-07T06:00:00Z,8,mos-logistic-v0
2026-02-08T03:00:00Z,2026-02-08T09:00:00+06:00,T1,0.300819,0.296439,,,2026-02-07T18:00:00Z,2026-02-07T06:00:00Z,9,mos-logistic-v0
2026-02-08T03:00:00Z,2026-02-08T09:00:00+06:00,T2,0.300819,0.296439,,,2026-02-07T18:00:00Z,2026-02-07T06:00:00Z,9,mos-logistic-v0
2026-02-08T04:00:00Z,2026-02-08T10:00:00+06:00,T1,0.125134,0.167542,,,2026-02-07T18:00:00Z,2026-02-07T06:00:00Z,10,mos-logistic-v0
2026-02-08T04:00:00Z,2026-02-08T10:00:00+06:00,T2,0.125134,0.167542,,,2026-02-07T18:00:00Z,2026-02-07T06:00:00Z,10,mos-logistic-v0
2026-02-08T05:00:00Z,2026-02-08T11:00:00+06:00,T1,0.072353,0.090534,,,2026-02-07T18:00:00Z,2026-02-07T06:00:00Z,11,mos-logistic-v0
2026-02-08T05:00:00Z,2026-02-08T11:00:00+06:00,T2,0.072353,0.090534,,,2026-02-07T18:00:00Z,2026-02-07T06:00:00Z,11,mos-logistic-v0
2026-02-08T06:00:00Z,2026-02-08T12:00:00+06:00,T1,0.045392,0.03867,,,2026-02-07T18:00:00Z,2026-02-07T06:00:00Z,12,mos-logistic-v0
2026-02-08T06:00:00Z,2026-02-08T12:00:00+06:00,T2,0.045392,0.03867,,,2026-02-07T18:00:00Z,2026-02-07T06:00:00Z,12,mos-logistic-v0
2026-02-08T07:00:00Z,2026-02-08T13:00:00+06:00,T1,0.022822,0.020186,,,2026-02-07T18:00:00Z,2026-02-07T06:00:00Z,13,mos-logistic-v0
2026-02-08T07:00:00Z,2026-02-08T13:00:00+06:00,T2,0.022822,0.020186,,,2026-02-07T18:00:00Z,2026-02-07T06:00:00Z,13,mos-logistic-v0
2026-02-08T08:00:00Z,2026-02-08T14:00:00+06:00,T1,0.016896,0.033581,,,2026-02-07T18:00:00Z,2026-02-07T06:00:00Z,14,mos-logistic-v0
2026-02-08T08:00:00Z,2026-02-08T14:00:00+06:00,T2,0.016896,0.033581,,,2026-02-07T18:00:00Z,2026-02-07T06:00:00Z,14,mos-logistic-v0
2026-02-08T09:00:00Z,2026-02-08T15:00:00+06:00,T1,0.074727,0.162737,,,2026-02-07T18:00:00Z,2026-02-07T06:00:00Z,15,mos-logistic-v0
2026-02-08T09:00:00Z,2026-02-08T15:00:00+06:00,T2,0.074727,0.162737,,,2026-02-07T18:00:00Z,2026-02-07T06:00:00Z,15,mos-logistic-v0
2026-02-08T10:00:00Z,2026-02-08T16:00:00+06:00,T1,0.391948,0.591316,,,2026-02-07T18:00:00Z,2026-02-07T06:00:00Z,16,mos-logistic-v0
2026-02-08T10:00:00Z,2026-02-08T16:00:00+06:00,T2,0.391948,0.591316,,,2026-02-07T18:00:00Z,2026-02-07T06:00:00Z,16,mos-logistic-v0
2026-02-08T11:00:00Z,2026-02-08T17:00:00+06:00,T1,0.802342,0.89206,,,2026-02-07T18:00:00Z,2026-02-07T06:00:00Z,17,mos-logistic-v0
2026-02-08T11:00:00Z,2026-02-08T17:00:00+06:00,T2,0.802342,0.89206,,,2026-02-07T18:00:00Z,2026-02-07T06:00:00Z,17,mos-logistic-v0
2026-02-08T12:00:00Z,2026-02-08T18:00:00+06:00,T1,0.921323,0.949188,,,2026-02-07T18:00:00Z,2026-02-07T06:00:00Z,18,mos-logistic-v0
2026-02-08T12:00:00Z,2026-02-08T18:00:00+06:00,T2,0.921323,0.949188,,,2026-02-07T18:00:00Z,2026-02-07T06:00:00Z,18,mos-logistic-v0
2026-02-08T13:00:00Z,2026-02-08T19:00:00+06:00,T1,0.940094,0.959474,,,2026-02-07T18:00:00Z,2026-02-07T06:00:00Z,19,mos-logistic-v0
2026-02-08T13:00:00Z,2026-02-08T19:00:00+06:00,T2,0.940094,0.959474,,,2026-02-07T18:00:00Z,2026-02-07T06:00:00Z,19,mos-logistic-v0
2026-02-08T14:00:00Z,2026-02-08T20:00:00+06:00,T1,0.958929,0.978681,,,2026-02-07T18:00:00Z,2026-02-07T06:00:00Z,20,mos-logistic-v0
2026-02-08T14:00:00Z,2026-02-08T20:00:00+06:00,T2,0.958929,0.978681,,,2026-02-07T18:00:00Z,2026-02-07T06:00:00Z,20,mos-logistic-v0
2026-02-08T15:00:00Z,2026-02-08T21:00:00+06:00,T1,0.975067,0.979676,,,2026-02-07T18:00:00Z,2026-02-07T06:00:00Z,21,mos-logistic-v0
2026-02-08T15:00:00Z,2026-02-08T21:00:00+06:00,T2,0.975067,0.979676,,,2026-02-07T18:00:00Z,2026-02-07T06:00:00Z,21,mos-logistic-v0
2026-02-08T16:00:00Z,2026-02-08T22:00:00+06:00,T1,0.976547,0.982029,,,2026-02-07T18:00:00Z,2026-02-07T06:00:00Z,22,mos-logistic-v0
2026-02-08T16:00:00Z,2026-02-08T22:00:00+06:00,T2,0.976547,0.982029,,,2026-02-07T18:00:00Z,2026-02-07T06:00:00Z,22,mos-logistic-v0
2026-02-08T17:00:00Z,2026-02-08T23:00:00+06:00,T1,0.982515,0.979396,,,2026-02-07T18:00:00Z,2026-02-07T06:00:00Z,23,mos-logistic-v0
2026-02-08T17:00:00Z,2026-02-08T23:00:00+06:00,T2,0.982515,0.979396,,,2026-02-07T18:00:00Z,2026-02-07T06:00:00Z,23,mos-logistic-v0
2026-02-08T18:00:00Z,2026-02-09T00:00:00+06:00,T1,0.984223,0.980358,,,2026-02-08T18:00:00Z,2026-02-08T06:00:00Z,0,mos-logistic-v0
2026-02-08T18:00:00Z,2026-02-09T00:00:00+06:00,T2,0.984223,0.980358,,,2026-02-08T18:00:00Z,2026-02-08T06:00:00Z,0,mos-logistic-v0
2026-02-08T19:00:00Z,2026-02-09T01:00:00+06:00,T1,0.974553,0.978535,,,2026-02-08T18:00:00Z,2026-02-08T06:00:00Z,1,mos-logistic-v0
2026-02-08T19:00:00Z,2026-02-09T01:00:00+06:00,T2,0.974553,0.978535,,,2026-02-08T18:00:00Z,2026-02-08T06:00:00Z,1,mos-logistic-v0
2026-02-08T20:00:00Z,2026-02-09T02:00:00+06:00,T1,0.981148,0.977639,,,2026-02-08T18:00:00Z,2026-02-08T06:00:00Z,2,mos-logistic-v0
2026-02-08T20:00:00Z,2026-02-09T02:00:00+06:00,T2,0.981148,0.977639,,,2026-02-08T18:00:00Z,2026-02-08T06:00:00Z,2,mos-logistic-v0
2026-02-08T21:00:00Z,2026-02-09T03:00:00+06:00,T1,0.974205,0.977486,,,2026-02-08T18:00:00Z,2026-02-08T06:00:00Z,3,mos-logistic-v0
2026-02-08T21:00:00Z,2026-02-09T03:00:00+06:00,T2,0.974205,0.977486,,,2026-02-08T18:00:00Z,2026-02-08T06:00:00Z,3,mos-logistic-v0
2026-02-08T22:00:00Z,2026-02-09T04:00:00+06:00,T1,0.976547,0.973495,,,2026-02-08T18:00:00Z,2026-02-08T06:00:00Z,4,mos-logistic-v0
2026-02-08T22:00:00Z,2026-02-09T04:00:00+06:00,T2,0.976547,0.973495,,,2026-02-08T18:00:00Z,2026-02-08T06:00:00Z,4,mos-logistic-v0
2026-02-08T23:00:00Z,2026-02-09T05:00:00+06:00,T1,0.966644,0.976387,,,2026-02-08T18:00:00Z,2026-02-08T06:00:00Z,5,mos-logistic-v0
2026-02-08T23:00:00Z,2026-02-09T05:00:00+06:00,T2,0.966644,0.976387,,,2026-02-08T18:00:00Z,2026-02-08T06:00:00Z,5,mos-logistic-v0
2026-02-09T00:00:00Z,2026-02-09T06:00:00+06:00,T1,0.942784,0.964081,,,2026-02-08T18:00:00Z,2026-02-08T06:00:00Z,6,mos-logistic-v0
2026-02-09T00:00:00Z,2026-02-09T06:00:00+06:00,T2,0.942784,0.964081,,,2026-02-08T18:00:00Z,2026-02-08T06:00:00Z,6,mos-logistic-v0
2026-02-09T01:00:00Z,2026-02-09T07:00:00+06:00,T1,0.920816,0.941645,,,2026-02-08T18:00:00Z,2026-02-08T06:00:00Z,7,mos-logistic-v0
2026-02-09T01:00:00Z,2026-02-09T07:00:00+06:00,T2,0.920816,0.941645,,,2026-02-08T18:00:00Z,2026-02-08T06:00:00Z,7,mos-logistic-v0
2026-02-09T02:00:00Z,2026-02-09T08:00:00+06:00,T1,0.909465,0.929037,,,2026-02-08T18:00:00Z,2026-02-08T06:00:00Z,8,mos-logistic-v0
2026-02-09T02:00:00Z,2026-02-09T08:00:00+06:00,T2,0.909465,0.929037,,,2026-02-08T18:00:00Z,2026-02-08T06:00:00Z,8,mos-logistic-v0
2026-02-09T03:00:00Z,2026-02-09T09:00:00+06:00,T1,0.901722,0.916654,,,2026-02-08T18:00:00Z,2026-02-08T06:00:00Z,9,mos-logistic-v0
2026-02-09T03:00:00Z,2026-02-09T09:00:00+06:00,T2,0.901722,0.916654,,,2026-02-08T18:00:00Z,2026-02-08T06:00:00Z,9,mos-logistic-v0
2026-02-09T04:00:00Z,2026-02-09T10:00:00+06:00,T1,0.927646,0.888658,,,2026-02-08T18:00:00Z,2026-02-08T06:00:00Z,10,mos-logistic-v0
2026-02-09T04:00:00Z,2026-02-09T10:00:00+06:00,T2,0.927646,0.888658,,,2026-02-08T18:00:00Z,2026-02-08T06:00:00Z,10,mos-logistic-v0
2026-02-09T05:00:00Z,2026-02-09T11:00:00+06:00,T1,0.89206,0.856234,,,2026-02-08T18:00:00Z,2026-02-08T06:00:00Z,11,mos-logistic-v0
2026-02-09T05:00:00Z,2026-02-09T11:00:00+06:00,T2,0.89206,0.856234,,,2026-02-08T18:00:00Z,2026-02-08T06:00:00Z,11,mos-logistic-v0
2026-02-09T06:00:00Z,2026-02-09T12:00:00+06:00,T1,0.91285,0.88302,,,2026-02-08T18:00:00Z,2026-02-08T06:00:00Z,12,mos-logistic-v0
2026-02-09T06:00:00Z,2026-02-09T12:00:00+06:00,T2,0.91285,0.88302,,,2026-02-08T18:00:00Z,2026-02-08T06:00:00Z,12,mos-logistic-v0
2026-02-09T07:00:00Z,2026-02-09T13:00:00+06:00,T1,0.923321,0.89537,,,2026-02-08T18:00:00Z,2026-02-08T06:00:00Z,13,mos-logistic-v0
2026-02-09T07:00:00Z,2026-02-09T13:00:00+06:00,T2,0.923321,0.89537,,,2026-02-08T18:00:00Z,2026-02-08T06:00:00Z,13,mos-logistic-v0
2026-02-09T08:00:00Z,2026-02-09T14:00:00+06:00,T1,0.894057,0.866226,,,2026-02-08T18:00:00Z,2026-02-08T06:00:00Z,14,mos-logistic-v0
2026-02-09T08:00:00Z,2026-02-09T14:00:00+06:00,T2,0.894057,0.866226,,,2026-02-08T18:00:00Z,2026-02-08T06:00:00Z,14,mos-logistic-v0
2026-02-09T09:00:00Z,2026-02-09T15:00:00+06:00,T1,0.917185,0.899853,,,2026-02-08T18:00:00Z,2026-02-08T06:00:00Z,15,mos-logistic-v0
2026-02-09T09:00:00Z,2026-02-09T15:00:00+06:00,T2,0.917185,0.899853,,,2026-02-08T18:00:00Z,2026-02-08T06:00:00Z,15,mos-logistic-v0
2026-02-09T10:00:00Z,2026-02-09T16:00:00+06:00,T1,0.863785,0.916654,,,2026-02-08T18:00:00Z,2026-02-08T06:00:00Z,16,mos-logistic-v0
2026-02-09T10:00:00Z,2026-02-09T16:00:00+06:00,T2,0.863785,0.916654,,,2026-02-08T18:00:00Z,2026-02-08T06:00:00Z,16,mos-logistic-v0
2026-02-09T11:00:00Z,2026-02-09T17:00:00+06:00,T1,0.874864,0.902951,,,2026-02-08T18:00:00Z,2026-02-08T06:00:00Z,17,mos-logistic-v0
2026-02-09T11:00:00Z,2026-02-09T17:00:00+06:00,T2,0.874864,0.902951,,,2026-02-08T18:00:00Z,2026-02-08T06:00:00Z,17,mos-logistic-v0
2026-02-09T12:00:00Z,2026-02-09T18:00:00+06:00,T1,0.800122,0.89537,,,2026-02-08T18:00:00Z,2026-02-08T06:00:00Z,18,mos-logistic-v0
2026-02-09T12:00:00Z,2026-02-09T18:00:00+06:00,T2,0.800122,0.89537,,,2026-02-08T18:00:00Z,2026-02-08T06:00:00Z,18,mos-logistic-v0
2026-02-09T13:00:00Z,2026-02-09T19:00:00+06:00,T1,0.587943,0.850123,,,2026-02-08T18:00:00Z,2026-02-08T06:00:00Z,19,mos-logistic-v0
2026-02-09T13:00:00Z,2026-02-09T19:00:00+06:00,T2,0.587943,0.850123,,,2026-02-08T18:00:00Z,2026-02-08T06:00:00Z,19,mos-logistic-v0
2026-02-09T14:00:00Z,2026-02-09T20:00:00+06:00,T1,0.362485,0.754395,,,2026-02-08T18:00:00Z,2026-02-08T06:00:00Z,20,mos-logistic-v0
2026-02-09T14:00:00Z,2026-02-09T20:00:00+06:00,T2,0.362485,0.754395,,,2026-02-08T18:00:00Z,2026-02-08T06:00:00Z,20,mos-logistic-v0
2026-02-09T15:00:00Z,2026-02-09T21:00:00+06:00,T1,0.083879,0.552084,,,2026-02-08T18:00:00Z,2026-02-08T06:00:00Z,21,mos-logistic-v0
2026-02-09T15:00:00Z,2026-02-09T21:00:00+06:00,T2,0.083879,0.552084,,,2026-02-08T18:00:00Z,2026-02-08T06:00:00Z,21,mos-logistic-v0
2026-02-09T16:00:00Z,2026-02-09T22:00:00+06:00,T1,0.016439,0.305235,,,2026-02-08T18:00:00Z,2026-02-08T06:00:00Z,22,mos-logistic-v0
2026-02-09T16:00:00Z,2026-02-09T22:00:00+06:00,T2,0.016439,0.305235,,,2026-02-08T18:00:00Z,2026-02-08T06:00:00Z,22,mos-logistic-v0
2026-02-09T17:00:00Z,2026-02-09T23:00:00+06:00,T1,0.041902,0.011984,,,2026-02-08T18:00:00Z,2026-02-08T06:00:00Z,23,mos-logistic-v0
2026-02-09T17:00:00Z,2026-02-09T23:00:00+06:00,T2,0.041902,0.011984,,,2026-02-08T18:00:00Z,2026-02-08T06:00:00Z,23,mos-logistic-v0
2026-02-09T18:00:00Z,2026-02-10T00:00:00+06:00,T1,0.016439,0.086046,,,2026-02-09T18:00:00Z,2026-02-09T06:00:00Z,0,mos-logistic-v0
2026-02-09T18:00:00Z,2026-02-10T00:00:00+06:00,T2,0.016439,0.086046,,,2026-02-09T18:00:00Z,2026-02-09T06:00:00Z,0,mos-logistic-v0
2026-02-09T19:00:00Z,2026-02-10T01:00:00+06:00,T1,0.034036,0.122113,,,2026-02-09T18:00:00Z,2026-02-09T06:00:00Z,1,mos-logistic-v0
2026-02-09T19:00:00Z,2026-02-10T01:00:00+06:00,T2,0.034036,0.122113,,,2026-02-09T18:00:00Z,2026-02-09T06:00:00Z,1,mos-logistic-v0
2026-02-09T20:00:00Z,2026-02-10T02:00:00+06:00,T1,0.112032,0.071423,,,2026-02-09T18:00:00Z,2026-02-09T06:00:00Z,2,mos-logistic-v0
2026-02-09T20:00:00Z,2026-02-10T02:00:00+06:00,T2,0.112032,0.071423,,,2026-02-09T18:00:00Z,2026-02-09T06:00:00Z,2,mos-logistic-v0
2026-02-09T21:00:00Z,2026-02-10T03:00:00+06:00,T1,0.122113,0.071887,,,2026-02-09T18:00:00Z,2026-02-09T06:00:00Z,3,mos-logistic-v0
2026-02-09T21:00:00Z,2026-02-10T03:00:00+06:00,T2,0.122113,0.071887,,,2026-02-09T18:00:00Z,2026-02-09T06:00:00Z,3,mos-logistic-v0
2026-02-09T22:00:00Z,2026-02-10T04:00:00+06:00,T1,0.184725,0.075697,,,2026-02-09T18:00:00Z,2026-02-09T06:00:00Z,4,mos-logistic-v0
2026-02-09T22:00:00Z,2026-02-10T04:00:00+06:00,T2,0.184725,0.075697,,,2026-02-09T18:00:00Z,2026-02-09T06:00:00Z,4,mos-logistic-v0
2026-02-09T23:00:00Z,2026-02-10T05:00:00+06:00,T1,0.100775,0.100775,,,2026-02-09T18:00:00Z,2026-02-09T06:00:00Z,5,mos-logistic-v0
2026-02-09T23:00:00Z,2026-02-10T05:00:00+06:00,T2,0.100775,0.100775,,,2026-02-09T18:00:00Z,2026-02-09T06:00:00Z,5,mos-logistic-v0
2026-02-10T00:00:00Z,2026-02-10T06:00:00+06:00,T1,0.086046,0.180563,,,2026-02-09T18:00:00Z,2026-02-09T06:00:00Z,6,mos-logistic-v0
2026-02-10T00:00:00Z,2026-02-10T06:00:00+06:00,T2,0.086046,0.180563,,,2026-02-09T18:00:00Z,2026-02-09T06:00:00Z,6,mos-logistic-v0
2026-02-10T01:00:00Z,2026-02-10T07:00:00+06:00,T1,0.059124,0.335573,,,2026-02-09T18:00:00Z,2026-02-09T06:00:00Z,7,mos-logistic-v0
2026-02-10T01:00:00Z,2026-02-10T07:00:00+06:00,T2,0.059124,0.335573,,,2026-02-09T18:00:00Z,2026-02-09T06:00:00Z,7,mos-logistic-v0
2026-02-10T02:00:00Z,2026-02-10T08:00:00+06:00,T1,0.230436,0.312676,,,2026-02-09T18:00:00Z,2026-02-09T06:00:00Z,8,mos-logistic-v0
2026-02-10T02:00:00Z,2026-02-10T08:00:00+06:00,T2,0.230436,0.312676,,,2026-02-09T18:00:00Z,2026-02-09T06:00:00Z,8,mos-logistic-v0
2026-02-10T03:00:00Z,2026-02-10T09:00:00+06:00,T1,0.656609,0.035439,,,2026-02-09T18:00:00Z,2026-02-09T06:00:00Z,9,mos-logistic-v0
2026-02-10T03:00:00Z,2026-02-10T09:00:00+06:00,T2,0.656609,0.035439,,,2026-02-09T18:00:00Z,2026-02-09T06:00:00Z,9,mos-logistic-v0
2026-02-10T04:00:00Z,2026-02-10T10:00:00+06:00,T1,0.624528,0.395276,,,2026-02-09T18:00:00Z,2026-02-09T06:00:00Z,10,mos-logistic-v0
2026-02-10T04:00:00Z,2026-02-10T10:00:00+06:00,T2,0.624528,0.395276,,,2026-02-09T18:00:00Z,2026-02-09T06:00:00Z,10,mos-logistic-v0
2026-02-10T05:00:00Z,2026-02-10T11:00:00+06:00,T1,0.292097,0.227973,,,2026-02-09T18:00:00Z,2026-02-09T06:00:00Z,11,mos-logistic-v0
2026-02-10T05:00:00Z,2026-02-10T11:00:00+06:00,T2,0.292097,0.227973,,,2026-02-09T18:00:00Z,2026-02-09T06:00:00Z,11,mos-logistic-v0
2026-02-10T06:00:00Z,2026-02-10T12:00:00+06:00,T1,0.093444,0.080205,,,2026-02-09T18:00:00Z,2026-02-09T06:00:00Z,12,mos-logistic-v0
2026-02-10T06:00:00Z,2026-02-10T12:00:00+06:00,T2,0.093444,0.080205,,,2026-02-09T18:00:00Z,2026-02-09T06:00:00Z,12,mos-logistic-v0
2026-02-10T07:00:00Z,2026-02-10T13:00:00+06:00,T1,0.098896,0.254754,,,2026-02-09T18:00:00Z,2026-02-09T06:00:00Z,13,mos-logistic-v0
2026-02-10T07:00:00Z,2026-02-10T13:00:00+06:00,T2,0.098896,0.254754,,,2026-02-09T18:00:00Z,2026-02-09T06:00:00Z,13,mos-logistic-v0
2026-02-10T08:00:00Z,2026-02-10T14:00:00+06:00,T1,0.253433,0.643928,,,2026-02-09T18:00:00Z,2026-02-09T06:00:00Z,14,mos-logistic-v0
2026-02-10T08:00:00Z,2026-02-10T14:00:00+06:00,T2,0.253433,0.643928,,,2026-02-09T18:00:00Z,2026-02-09T06:00:00Z,14,mos-logistic-v0
2026-02-10T09:00:00Z,2026-02-10T15:00:00+06:00,T1,0.405315,0.244313,,,2026-02-09T18:00:00Z,2026-02-09T06:00:00Z,15,mos-logistic-v0
2026-02-10T09:00:00Z,2026-02-10T15:00:00+06:00,T2,0.405315,0.244313,,,2026-02-09T18:00:00Z,2026-02-09T06:00:00Z,15,mos-logistic-v0
2026-02-10T10:00:00Z,2026-02-10T16:00:00+06:00,T1,0.378742,0.25608,,,2026-02-09T18:00:00Z,2026-02-09T06:00:00Z,16,mos-logistic-v0
2026-02-10T10:00:00Z,2026-02-10T16:00:00+06:00,T2,0.378742,0.25608,,,2026-02-09T18:00:00Z,2026-02-09T06:00:00Z,16,mos-logistic-v0
2026-02-10T11:00:00Z,2026-02-10T17:00:00+06:00,T1,0.391948,0.352878,,,2026-02-09T18:00:00Z,2026-02-09T06:00:00Z,17,mos-logistic-v0
2026-02-10T11:00:00Z,2026-02-10T17:00:00+06:00,T2,0.391948,0.352878,,,2026-02-09T18:00:00Z,2026-02-09T06:00:00Z,17,mos-logistic-v0
2026-02-10T12:00:00Z,2026-02-10T18:00:00+06:00,T1,0.50871,0.357667,,,2026-02-09T18:00:00Z,2026-02-09T06:00:00Z,18,mos-logistic-v0
2026-02-10T12:00:00Z,2026-02-10T18:00:00+06:00,T2,0.50871,0.357667,,,2026-02-09T18:00:00Z,2026-02-09T06:00:00Z,18,mos-logistic-v0
2026-02-10T13:00:00Z,2026-02-10T19:00:00+06:00,T1,0.223104,0.249497,,,2026-02-09T18:00:00Z,2026-02-09T06:00:00Z,19,mos-logistic-v0
2026-02-10T13:00:00Z,2026-02-10T19:00:00+06:00,T2,0.223104,0.249497,,,2026-02-09T18:00:00Z,2026-02-09T06:00:00Z,19,mos-logistic-v0
2026-02-10T14:00:00Z,2026-02-10T20:00:00+06:00,T1,0.091688,0.470409,,,2026-02-09T18:00:00Z,2026-02-09T06:00:00Z,20,mos-logistic-v0
2026-02-10T14:00:00Z,2026-02-10T20:00:00+06:00,T2,0.091688,0.470409,,,2026-02-09T18:00:00Z,2026-02-09T06:00:00Z,20,mos-logistic-v0
2026-02-10T15:00:00Z,2026-02-10T21:00:00+06:00,T1,0.482579,0.875625,,,2026-02-09T18:00:00Z,2026-02-09T06:00:00Z,21,mos-logistic-v0
2026-02-10T15:00:00Z,2026-02-10T21:00:00+06:00,T2,0.482579,0.875625,,,2026-02-09T18:00:00Z,2026-02-09T06:00:00Z,21,mos-logistic-v0
2026-02-10T16:00:00Z,2026-02-10T22:00:00+06:00,T1,0.782876,0.904768,,,2026-02-09T18:00:00Z,2026-02-09T06:00:00Z,22,mos-logistic-v0
2026-02-10T16:00:00Z,2026-02-10T22:00:00+06:00,T2,0.782876,0.904768,,,2026-02-09T18:00:00Z,2026-02-09T06:00:00Z,22,mos-logistic-v0
2026-02-10T17:00:00Z,2026-02-10T23:00:00+06:00,T1,0.90048,0.937695,,,2026-02-09T18:00:00Z,2026-02-09T06:00:00Z,23,mos-logistic-v0
2026-02-10T17:00:00Z,2026-02-10T23:00:00+06:00,T2,0.90048,0.937695,,,2026-02-09T18:00:00Z,2026-02-09T06:00:00Z,23,mos-logistic-v0
2026-02-10T18:00:00Z,2026-02-11T00:00:00+06:00,T1,0.983895,0.953384,,,2026-02-10T18:00:00Z,2026-02-10T06:00:00Z,0,mos-logistic-v0
2026-02-10T18:00:00Z,2026-02-11T00:00:00+06:00,T2,0.983895,0.953384,,,2026-02-10T18:00:00Z,2026-02-10T06:00:00Z,0,mos-logistic-v0
2026-02-10T19:00:00Z,2026-02-11T01:00:00+06:00,T1,0.982274,0.952129,,,2026-02-10T18:00:00Z,2026-02-10T06:00:00Z,1,mos-logistic-v0
2026-02-10T19:00:00Z,2026-02-11T01:00:00+06:00,T2,0.982274,0.952129,,,2026-02-10T18:00:00Z,2026-02-10T06:00:00Z,1,mos-logistic-v0
2026-02-10T20:00:00Z,2026-02-11T02:00:00+06:00,T1,0.899853,0.896021,,,2026-02-10T18:00:00Z,2026-02-10T06:00:00Z,2,mos-logistic-v0
2026-02-10T20:00:00Z,2026-02-11T02:00:00+06:00,T2,0.899853,0.896021,,,2026-02-10T18:00:00Z,2026-02-10T06:00:00Z,2,mos-logistic-v0
2026-02-10T21:00:00Z,2026-02-11T03:00:00+06:00,T1,0.634283,0.737221,,,2026-02-10T18:00:00Z,2026-02-10T06:00:00Z,3,mos-logistic-v0
2026-02-10T21:00:00Z,2026-02-11T03:00:00+06:00,T2,0.634283,0.737221,,,2026-02-10T18:00:00Z,2026-02-10T06:00:00Z,3,mos-logistic-v0
2026-02-10T22:00:00Z,2026-02-11T04:00:00+06:00,T1,0.496513,0.675213,,,2026-02-10T18:00:00Z,2026-02-10T06:00:00Z,4,mos-logistic-v0
2026-02-10T22:00:00Z,2026-02-11T04:00:00+06:00,T2,0.496513,0.675213,,,2026-02-10T18:00:00Z,2026-02-10T06:00:00Z,4,mos-logistic-v0
2026-02-10T23:00:00Z,2026-02-11T05:00:00+06:00,T1,0.25608,0.441027,,,2026-02-10T18:00:00Z,2026-02-10T06:00:00Z,5,mos-logistic-v0
2026-02-10T23:00:00Z,2026-02-11T05:00:00+06:00,T2,0.25608,0.441027,,,2026-02-10T18:00:00Z,2026-02-10T06:00:00Z,5,mos-logistic-v0
2026-02-11T00:00:00Z,2026-02-11T06:00:00+06:00,T1,0.084956,0.309688,,,2026-02-10T18:00:00Z,2026-02-10T06:00:00Z,6,mos-logistic-v0
2026-02-11T00:00:00Z,2026-02-11T06:00:00+06:00,T2,0.084956,0.309688,,,2026-02-10T18:00:00Z,2026-02-10T06:00:00Z,6,mos-logistic-v0
2026-02-11T01:00:00Z,2026-02-11T07:00:00+06:00,T1,0.054281,0.040525,,,2026-02-10T18:00:00Z,2026-02-10T06:00:00Z,7,mos-logistic-v0
2026-02-11T01:00:00Z,2026-02-11T07:00:00+06:00,T2,0.054281,0.040525,,,2026-02-10T18:00:00Z,2026-02-10T06:00:00Z,7,mos-logistic-v0
2026-02-11T02:00:00Z,2026-02-11T08:00:00+06:00,T1,0.066071,0.037395,,,2026-02-10T18:00:00Z,2026-02-10T06:00:00Z,8,mos-logistic-v0
2026-02-11T02:00:00Z,2026-02-11T08:00:00+06:00,T2,0.066071,0.037395,,,2026-02-10T18:00:00Z,2026-02-10T06:00:00Z,8,mos-logistic-v0
2026-02-11T03:00:00Z,2026-02-11T09:00:00+06:00,T1,0.487802,0.087149,,,2026-02-10T18:00:00Z,2026-02-10T06:00:00Z,9,mos-logistic-v0
2026-02-11T03:00:00Z,2026-02-11T09:00:00+06:00,T2,0.487802,0.087149,,,2026-02-10T18:00:00Z,2026-02-10T06:00:00Z,9,mos-logistic-v0
2026-02-11T04:00:00Z,2026-02-11T10:00:00+06:00,T1,0.054639,0.065642,,,2026-02-10T18:00:00Z,2026-02-10T06:00:00Z,10,mos-logistic-v0
2026-02-11T04:00:00Z,2026-02-11T10:00:00+06:00,T2,0.054639,0.065642,,,2026-02-10T18:00:00Z,2026-02-10T06:00:00Z,10,mos-logistic-v0
2026-02-11T05:00:00Z,2026-02-11T11:00:00+06:00,T1,0.082814,0.265484,,,2026-02-10T18:00:00Z,2026-02-10T06:00:00Z,11,mos-logistic-v0
2026-02-11T05:00:00Z,2026-02-11T11:00:00+06:00,T2,0.082814,0.265484,,,2026-02-10T18:00:00Z,2026-02-10T06:00:00Z,11,mos-logistic-v0
2026-02-11T06:00:00Z,2026-02-11T12:00:00+06:00,T1,0.078172,0.180563,,,2026-02-10T18:00:00Z,2026-02-10T06:00:00Z,12,mos-logistic-v0
2026-02-11T06:00:00Z,2026-02-11T12:00:00+06:00,T2,0.078172,0.180563,,,2026-02-10T18:00:00Z,2026-02-10T06:00:00Z,12,mos-logistic-v0
2026-02-11T07:00:00Z,2026-02-11T13:00:00+06:00,T1,0.069596,0.157119,,,2026-02-10T18:00:00Z,2026-02-10T06:00:00Z,13,mos-logistic-v0
2026-02-11T07:00:00Z,2026-02-11T13:00:00+06:00,T2,0.069596,0.157119,,,2026-02-10T18:00:00Z,2026-02-10T06:00:00Z,13,mos-logistic-v0
2026-02-11T08:00:00Z,2026-02-11T14:00:00+06:00,T1,0.049484,0.023613,,,2026-02-10T18:00:00Z,2026-02-10T06:00:00Z,14,mos-logistic-v0
2026-02-11T08:00:00Z,2026-02-11T14:00:00+06:00,T2,0.049484,0.023613,,,2026-02-10T18:00:00Z,2026-02-10T06:00:00Z,14,mos-logistic-v0
2026-02-11T09:00:00Z,2026-02-11T15:00:00+06:00,T1,0.55725,0.68732,,,2026-02-10T18:00:00Z,2026-02-10T06:00:00Z,15,mos-logistic-v0
2026-02-11T09:00:00Z,2026-02-11T15:00:00+06:00,T2,0.55725,0.68732,,,2026-02-10T18:00:00Z,2026-02-10T06:00:00Z,15,mos-logistic-v0
2026-02-11T10:00:00Z,2026-02-11T16:00:00+06:00,T1,0.927646,0.981276,,,2026-02-10T18:00:00Z,2026-02-10T06:00:00Z,16,mos-logistic-v0
2026-02-11T10:00:00Z,2026-02-11T16:00:00+06:00,T2,0.927646,0.981276,,,2026-02-10T18:00:00Z,2026-02-10T06:00:00Z,16,mos-logistic-v0
2026-02-11T11:00:00Z,2026-02-11T17:00:00+06:00,T1,0.982634,0.986529,,,2026-02-10T18:00:00Z,2026-02-10T06:00:00Z,17,mos-logistic-v0
2026-02-11T11:00:00Z,2026-02-11T17:00:00+06:00,T2,0.982634,0.986529,,,2026-02-10T18:00:00Z,2026-02-10T06:00:00Z,17,mos-logistic-v0
2026-02-11T12:00:00Z,2026-02-11T18:00:00+06:00,T1,0.977486,0.99,,,2026-02-10T18:00:00Z,2026-02-10T06:00:00Z,18,mos-logistic-v0
2026-02-11T12:00:00Z,2026-02-11T18:00:00+06:00,T2,0.977486,0.99,,,2026-02-10T18:00:00Z,2026-02-10T06:00:00Z,18,mos-logistic-v0
2026-02-11T13:00:00Z,2026-02-11T19:00:00+06:00,T1,0.97403,0.962855,,,2026-02-10T18:00:00Z,2026-02-10T06:00:00Z,19,mos-logistic-v0
2026-02-11T13:00:00Z,2026-02-11T19:00:00+06:00,T2,0.97403,0.962855,,,2026-02-10T18:00:00Z,2026-02-10T06:00:00Z,19,mos-logistic-v0
2026-02-11T14:00:00Z,2026-02-11T20:00:00+06:00,T1,0.970461,0.940094,,,2026-02-10T18:00:00Z,2026-02-10T06:00:00Z,20,mos-logistic-v0
2026-02-11T14:00:00Z,2026-02-11T20:00:00+06:00,T2,0.970461,0.940094,,,2026-02-10T18:00:00Z,2026-02-10T06:00:00Z,20,mos-logistic-v0
2026-02-11T15:00:00Z,2026-02-11T21:00:00+06:00,T1,0.937695,0.955505,,,2026-02-10T18:00:00Z,2026-02-10T06:00:00Z,21,mos-logistic-v0
2026-02-11T15:00:00Z,2026-02-11T21:00:00+06:00,T2,0.937695,0.955505,,,2026-02-10T18:00:00Z,2026-02-10T06:00:00Z,21,mos-logistic-v0
2026-02-11T16:00:00Z,2026-02-11T22:00:00+06:00,T1,0.759524,0.896669,,,2026-02-10T18:00:00Z,2026-02-10T06:00:00Z,22,mos-logistic-v0
2026-02-11T16:00:00Z,2026-02-11T22:00:00+06:00,T2,0.759524,0.896669,,,2026-02-10T18:00:00Z,2026-02-10T06:00:00Z,22,mos-logistic-v0
2026-02-11T17:00:00Z,2026-02-11T23:00:00+06:00,T1,0.743917,0.854509,,,2026-02-10T18:00:00Z,2026-02-10T06:00:00Z,23,mos-logistic-v0
2026-02-11T17:00:00Z,2026-02-11T23:00:00+06:00,T2,0.743917,0.854509,,,2026-02-10T18:00:00Z,2026-02-10T06:00:00Z,23,mos-logistic-v0
2026-02-11T18:00:00Z,2026-02-12T00:00:00+06:00,T1,0.853641,0.793349,,,2026-02-11T18:00:00Z,2026-02-11T06:00:00Z,0,mos-logistic-v0
2026-02-11T18:00:00Z,2026-02-12T00:00:00+06:00,T2,0.853641,0.793349,,,2026-02-11T18:00:00Z,2026-02-11T06:00:00Z,0,mos-logistic-v0
2026-02-11T19:00:00Z,2026-02-12T01:00:00+06:00,T1,0.703557,0.746564,,,2026-02-11T18:00:00Z,2026-02-11T06:00:00Z,1,mos-logistic-v0
2026-02-11T19:00:00Z,2026-02-12T01:00:00+06:00,T2,0.703557,0.746564,,,2026-02-11T18:00:00Z,2026-02-11T06:00:00Z,1,mos-logistic-v0
2026-02-11T20:00:00Z,2026-02-12T02:00:00+06:00,T1,0.589631,0.60472,,,2026-02-11T18:00:00Z,2026-02-11T06:00:00Z,2,mos-logistic-v0
2026-02-11T20:00:00Z,2026-02-12T02:00:00+06:00,T2,0.589631,0.60472,,,2026-02-11T18:00:00Z,2026-02-11T06:00:00Z,2,mos-logistic-v0
2026-02-11T21:00:00Z,2026-02-12T03:00:00+06:00,T1,0.456544,0.539991,,,2026-02-11T18:00:00Z,2026-02-11T06:00:00Z,3,mos-logistic-v0
2026-02-11T21:00:00Z,2026-02-12T03:00:00+06:00,T2,0.456544,0.539991,,,2026-02-11T18:00:00Z,2026-02-11T06:00:00Z,3,mos-logistic-v0
2026-02-11T22:00:00Z,2026-02-12T04:00:00+06:00,T1,0.372204,0.475621,,,2026-02-11T18:00:00Z,2026-02-11T06:00:00Z,4,mos-logistic-v0
2026-02-11T22:00:00Z,2026-02-12T04:00:00+06:00,T2,0.372204,0.475621,,,2026-02-11T18:00:00Z,2026-02-11T06:00:00Z,4,mos-logistic-v0
2026-02-11T23:00:00Z,2026-02-12T05:00:00+06:00,T1,0.356067,0.373834,,,2026-02-11T18:00:00Z,2026-02-11T06:00:00Z,5,mos-logistic-v0
2026-02-11T23:00:00Z,2026-02-12T05:00:00+06:00,T2,0.356067,0.373834,,,2026-02-11T18:00:00Z,2026-02-11T06:00:00Z,5,mos-logistic-v0
2026-02-12T00:00:00Z,2026-02-12T06:00:00+06:00,T1,0.160847,0.300819,,,2026-02-11T18:00:00Z,2026-02-11T06:00:00Z,6,mos-logistic-v0
2026-02-12T00:00:00Z,2026-02-12T06:00:00+06:00,T2,0.160847,0.300819,,,2026-02-11T18:00:00Z,2026-02-11T06:00:00Z,6,mos-logistic-v0
2026-02-12T01:00:00Z,2026-02-12T07:00:00+06:00,T1,0.049484,0.16179,,,2026-02-11T18:00:00Z,2026-02-11T06:00:00Z,7,mos-logistic-v0
2026-02-12T01:00:00Z,2026-02-12T07:00:00+06:00,T2,0.049484,0.16179,,,2026-02-11T18:00:00Z,2026-02-11T06:00:00Z,7,mos-logistic-v0
2026-02-12T02:00:00Z,2026-02-12T08:00:00+06:00,T1,0.066936,0.09766,,,2026-02-11T18:00:00Z,2026-02-11T06:00:00Z,8,mos-logistic-v0
2026-02-12T02:00:00Z,2026-02-12T08:00:00+06:00,T2,0.066936,0.09766,,,2026-02-11T18:00:00Z,2026-02-11T06:00:00Z,8,mos-logistic-v0
2026-02-12T03:00:00Z,2026-02-12T09:00:00+06:00,T1,0.068254,0.04787,,,2026-02-11T18:00:00Z,2026-02-11T06:00:00Z,9,mos-logistic-v0
2026-02-12T03:00:00Z,2026-02-12T09:00:00+06:00,T2,0.068254,0.04787,,,2026-02-11T18:00:00Z,2026-02-11T06:00:00Z,9,mos-logistic-v0
2026-02-12T04:00:00Z,2026-02-12T10:00:00+06:00,T1,0.044494,0.032033,,,2026-02-11T18:00:00Z,2026-02-11T06:00:00Z,10,mos-logistic-v0
2026-02-12T04:00:00Z,2026-02-12T10:00:00+06:00,T2,0.044494,0.032033,,,2026-02-11T18:00:00Z,2026-02-11T06:00:00Z,10,mos-logistic-v0
2026-02-12T05:00:00Z,2026-02-12T11:00:00+06:00,T1,0.059513,0.039455,,,2026-02-11T18:00:00Z,2026-02-11T06:00:00Z,11,mos-logistic-v0
2026-02-12T05:00:00Z,2026-02-12T11:00:00+06:00,T2,0.059513,0.039455,,,2026-02-11T18:00:00Z,2026-02-11T06:00:00Z,11,mos-logistic-v0
2026-02-12T06:00:00Z,2026-02-12T12:00:00+06:00,T1,0.037145,0.061093,,,2026-02-11T18:00:00Z,2026-02-11T06:00:00Z,12,mos-logistic-v0
2026-02-12T06:00:00Z,2026-02-12T12:00:00+06:00,T2,0.037145,0.061093,,,2026-02-11T18:00:00Z,2026-02-11T06:00:00Z,12,mos-logistic-v0
2026-02-12T07:00:00Z,2026-02-12T13:00:00+06:00,T1,0.066936,0.029539,,,2026-02-11T18:00:00Z,2026-02-11T06:00:00Z,13,mos-logistic-v0
2026-02-12T07:00:00Z,2026-02-12T13:00:00+06:00,T2,0.066936,0.029539,,,2026-02-11T18:00:00Z,2026-02-11T06:00:00Z,13,mos-logistic-v0
2026-02-12T08:00:00Z,2026-02-12T14:00:00+06:00,T1,0.068254,0.023936,,,2026-02-11T18:00:00Z,2026-02-11T06:00:00Z,14,mos-logistic-v0
2026-02-12T08:00:00Z,2026-02-12T14:00:00+06:00,T2,0.068254,0.023936,,,2026-02-11T18:00:00Z,2026-02-11T06:00:00Z,14,mos-logistic-v0
2026-02-12T09:00:00Z,2026-02-12T15:00:00+06:00,T1,0.042465,0.033132,,,2026-02-11T18:00:00Z,2026-02-11T06:00:00Z,15,mos-logistic-v0
2026-02-12T09:00:00Z,2026-02-12T15:00:00+06:00,T2,0.042465,0.033132,,,2026-02-11T18:00:00Z,2026-02-11T06:00:00Z,15,mos-logistic-v0
2026-02-12T10:00:00Z,2026-02-12T16:00:00+06:00,T1,0.026147,0.052867,,,2026-02-11T18:00:00Z,2026-02-11T06:00:00Z,16,mos-logistic-v0
2026-02-12T10:00:00Z,2026-02-12T16:00:00+06:00,T2,0.026147,0.052867,,,2026-02-11T18:00:00Z,2026-02-11T06:00:00Z,16,mos-logistic-v0
2026-02-12T11:00:00Z,2026-02-12T17:00:00+06:00,T1,0.035201,0.078172,,,2026-02-11T18:00:00Z,2026-02-11T06:00:00Z,17,mos-logistic-v0
2026-02-12T11:00:00Z,2026-02-12T17:00:00+06:00,T2,0.035201,0.078172,,,2026-02-11T18:00:00Z,2026-02-11T06:00:00Z,17,mos-logistic-v0
2026-02-12T12:00:00Z,2026-02-12T18:00:00+06:00,T1,0.199875,0.098276,,,2026-02-11T18:00:00Z,2026-02-11T06:00:00Z,18,mos-logistic-v0
2026-02-12T12:00:00Z,2026-02-12T18:00:00+06:00,T2,0.199875,0.098276,,,2026-02-11T18:00:00Z,2026-02-11T06:00:00Z,18,mos-logistic-v0
2026-02-12T13:00:00Z,2026-02-12T19:00:00+06:00,T1,0.299355,0.119156,,,2026-02-11T18:00:00Z,2026-02-11T06:00:00Z,19,mos-logistic-v0
2026-02-12T13:00:00Z,2026-02-12T19:00:00+06:00,T2,0.299355,0.119156,,,2026-02-11T18:00:00Z,2026-02-11T06:00:00Z,19,mos-logistic-v0
2026-02-12T14:00:00Z,2026-02-12T20:00:00+06:00,T1,0.258744,0.076186,,,2026-02-11T18:00:00Z,2026-02-11T06:00:00Z,20,mos-logistic-v0
2026-02-12T14:00:00Z,2026-02-12T20:00:00+06:00,T2,0.258744,0.076186,,,2026-02-11T18:00:00Z,2026-02-11T06:00:00Z,20,mos-logistic-v0
2026-02-12T15:00:00Z,2026-02-12T21:00:00+06:00,T1,0.264128,0.103977,,,2026-02-11T18:00:00Z,2026-02-11T06:00:00Z,21,mos-logistic-v0
2026-02-12T15:00:00Z,2026-02-12T21:00:00+06:00,T2,0.264128,0.103977,,,2026-02-11T18:00:00Z,2026-02-11T06:00:00Z,21,mos-logistic-v0
2026-02-12T16:00:00Z,2026-02-12T22:00:00+06:00,T1,0.126668,0.11134,,,2026-02-11T18:00:00Z,2026-02-11T06:00:00Z,22,mos-logistic-v0
2026-02-12T16:00:00Z,2026-02-12T22:00:00+06:00,T2,0.126668,0.11134,,,2026-02-11T18:00:00Z,2026-02-11T06:00:00Z,22,mos-logistic-v0
2026-02-12T17:00:00Z,2026-02-12T23:00:00+06:00,T1,0.089392,0.061494,,,2026-02-11T18:00:00Z,2026-02-11T06:00:00Z,23,mos-logistic-v0
2026-02-12T17:00:00Z,2026-02-12T23:00:00+06:00,T2,0.089392,0.061494,,,2026-02-11T18:00:00Z,2026-02-11T06:00:00Z,23,mos-logistic-v0
2026-02-12T18:00:00Z,2026-02-13T00:00:00+06:00,T1,0.048189,0.0379,,,2026-02-12T18:00:00Z,2026-02-12T06:00:00Z,0,mos-logistic-v0
2026-02-12T18:00:00Z,2026-02-13T00:00:00+06:00,T2,0.048189,0.0379,,,2026-02-12T18:00:00Z,2026-02-12T06:00:00Z,0,mos-logistic-v0
2026-02-12T19:00:00Z,2026-02-13T01:00:00+06:00,T1,0.023613,0.078172,,,2026-02-12T18:00:00Z,2026-02-12T06:00:00Z,1,mos-logistic-v0
2026-02-12T19:00:00Z,2026-02-13T01:00:00+06:00,T2,0.023613,0.078172,,,2026-02-12T18:00:00Z,2026-02-12T06:00:00Z,1,mos-logistic-v0
2026-02-12T20:00:00Z,2026-02-13T02:00:00+06:00,T1,0.023135,0.064371,,,2026-02-12T18:00:00Z,2026-02-12T06:00:00Z,2,mos-logistic-v0
2026-02-12T20:00:00Z,2026-02-13T02:00:00+06:00,T2,0.023135,0.064371,,,2026-02-12T18:00:00Z,2026-02-12T06:00:00Z,2,mos-logistic-v0
2026-02-12T21:00:00Z,2026-02-13T03:00:00+06:00,T1,0.023293,0.025274,,,2026-02-12T18:00:00Z,2026-02-12T06:00:00Z,3,mos-logistic-v0
2026-02-12T21:00:00Z,2026-02-13T03:00:00+06:00,T2,0.023293,0.025274,,,2026-02-12T18:00:00Z,2026-02-12T06:00:00Z,3,mos-logistic-v0
2026-02-12T22:00:00Z,2026-02-13T04:00:00+06:00,T1,0.015995,0.023936,,,2026-02-12T18:00:00Z,2026-02-12T06:00:00Z,4,mos-logistic-v0
2026-02-12T22:00:00Z,2026-02-13T04:00:00+06:00,T2,0.015995,0.023936,,,2026-02-12T18:00:00Z,2026-02-12T06:00:00Z,4,mos-logistic-v0
2026-02-12T23:00:00Z,2026-02-13T05:00:00+06:00,T1,0.026866,0.043324,,,2026-02-12T18:00:00Z,2026-02-12T06:00:00Z,5,mos-logistic-v0
2026-02-12T23:00:00Z,2026-02-13T05:00:00+06:00,T2,0.026866,0.043324,,,2026-02-12T18:00:00Z,2026-02-12T06:00:00Z,5,mos-logistic-v0
2026-02-13T00:00:00Z,2026-02-13T06:00:00+06:00,T1,0.035439,0.069146,,,2026-02-12T18:00:00Z,2026-02-12T06:00:00Z,6,mos-logistic-v0
2026-02-13T00:00:00Z,2026-02-13T06:00:00+06:00,T2,0.035439,0.069146,,,2026-02-12T18:00:00Z,2026-02-12T06:00:00Z,6,mos-logistic-v0
2026-02-13T01:00:00Z,2026-02-13T07:00:00+06:00,T1,0.047553,0.11134,,,2026-02-12T18:00:00Z,2026-02-12T06:00:00Z,7,mos-logistic-v0
2026-02-13T01:00:00Z,2026-02-13T07:00:00+06:00,T2,0.047553,0.11134,,,2026-02-12T18:00:00Z,2026-02-12T06:00:00Z,7,mos-logistic-v0
2026-02-13T02:00:00Z,2026-02-13T08:00:00+06:00,T1,0.045695,0.127441,,,2026-02-12T18:00:00Z,2026-02-12T06:00:00Z,8,mos-logistic-v0
2026-02-13T02:00:00Z,2026-02-13T08:00:00+06:00,T2,0.045695,0.127441,,,2026-02-12T18:00:00Z,2026-02-12T06:00:00Z,8,mos-logistic-v0
2026-02-13T03:00:00Z,2026-02-13T09:00:00+06:00,T1,0.03616,0.077671,,,2026-02-12T18:00:00Z,2026-02-12T06:00:00Z,9,mos-logistic-v0
2026-02-13T03:00:00Z,2026-02-13T09:00:00+06:00,T2,0.03616,0.077671,,,2026-02-12T18:00:00Z,2026-02-12T06:00:00Z,9,mos-logistic-v0
2026-02-13T04:00:00Z,2026-02-13T10:00:00+06:00,T1,0.023774,0.054281,,,2026-02-12T18:00:00Z,2026-02-12T06:00:00Z,10,mos-logistic-v0
2026-02-13T04:00:00Z,2026-02-13T10:00:00+06:00,T2,0.023774,0.054281,,,2026-02-12T18:00:00Z,2026-02-12T06:00:00Z,10,mos-logistic-v0
2026-02-13T05:00:00Z,2026-02-13T11:00:00+06:00,T1,0.022667,0.05684,,,2026-02-12T18:00:00Z,2026-02-12T06:00:00Z,11,mos-logistic-v0
2026-02-13T05:00:00Z,2026-02-13T11:00:00+06:00,T2,0.022667,0.05684,,,2026-02-12T18:00:00Z,2026-02-12T06:00:00Z,11,mos-logistic-v0
2026-02-13T06:00:00Z,2026-02-13T12:00:00+06:00,T1,0.028945,0.05573,,,2026-02-12T18:00:00Z,2026-02-12T06:00:00Z,12,mos-logistic-v0
2026-02-13T06:00:00Z,2026-02-13T12:00:00+06:00,T2,0.028945,0.05573,,,2026-02-12T18:00:00Z,2026-02-12T06:00:00Z,12,mos-logistic-v0
2026-02-13T07:00:00Z,2026-02-13T13:00:00+06:00,T1,0.0379,0.022058,,,2026-02-12T18:00:00Z,2026-02-12T06:00:00Z,13,mos-logistic-v0
2026-02-13T07:00:00Z,2026-02-13T13:00:00+06:00,T2,0.0379,0.022058,,,2026-02-12T18:00:00Z,2026-02-12T06:00:00Z,13,mos-logistic-v0
2026-02-13T08:00:00Z,2026-02-13T14:00:00+06:00,T1,0.101408,0.039191,,,2026-02-12T18:00:00Z,2026-02-12T06:00:00Z,14,mos-logistic-v0
2026-02-13T08:00:00Z,2026-02-13T14:00:00+06:00,T2,0.101408,0.039191,,,2026-02-12T18:00:00Z,2026-02-12T06:00:00Z,14,mos-logistic-v0
2026-02-13T09:00:00Z,2026-02-13T15:00:00+06:00,T1,0.089961,0.039191,,,2026-02-12T18:00:00Z,2026-02-12T06:00:00Z,15,mos-logistic-v0
2026-02-13T09:00:00Z,2026-02-13T15:00:00+06:00,T2,0.089961,0.039191,,,2026-02-12T18:00:00Z,2026-02-12T06:00:00Z,15,mos-logistic-v0
2026-02-13T10:00:00Z,2026-02-13T16:00:00+06:00,T1,0.074247,0.024264,,,2026-02-12T18:00:00Z,2026-02-12T06:00:00Z,16,mos-logistic-v0
2026-02-13T10:00:00Z,2026-02-13T16:00:00+06:00,T2,0.074247,0.024264,,,2026-02-12T18:00:00Z,2026-02-12T06:00:00Z,16,mos-logistic-v0
2026-02-13T11:00:00Z,2026-02-13T17:00:00+06:00,T1,0.077173,0.048832,,,2026-02-12T18:00:00Z,2026-02-12T06:00:00Z,17,mos-logistic-v0
2026-02-13T11:00:00Z,2026-02-13T17:00:00+06:00,T2,0.077173,0.048832,,,2026-02-12T18:00:00Z,2026-02-12T06:00:00Z,17,mos-logistic-v0
2026-02-13T12:00:00Z,2026-02-13T18:00:00+06:00,T1,0.102045,0.067373,,,2026-02-12T18:00:00Z,2026-02-12T06:00:00Z,18,mos-logistic-v0
2026-02-13T12:00:00Z,2026-02-13T18:00:00+06:00,T2,0.102045,0.067373,,,2026-02-12T18:00:00Z,2026-02-12T06:00:00Z,18,mos-logistic-v0
2026-02-13T13:00:00Z,2026-02-13T19:00:00+06:00,T1,0.173456,0.123616,,,2026-02-12T18:00:00Z,2026-02-12T06:00:00Z,19,mos-logistic-v0
2026-02-13T13:00:00Z,2026-02-13T19:00:00+06:00,T2,0.173456,0.123616,,,2026-02-12T18:00:00Z,2026-02-12T06:00:00Z,19,mos-logistic-v0
2026-02-13T14:00:00Z,2026-02-13T20:00:00+06:00,T1,0.292097,0.224314,,,2026-02-12T18:00:00Z,2026-02-12T06:00:00Z,20,mos-logistic-v0
2026-02-13T14:00:00Z,2026-02-13T20:00:00+06:00,T2,0.292097,0.224314,,,2026-02-12T18:00:00Z,2026-02-12T06:00:00Z,20,mos-logistic-v0
2026-02-13T15:00:00Z,2026-02-13T21:00:00+06:00,T1,0.335573,0.348117,,,2026-02-12T18:00:00Z,2026-02-12T06:00:00Z,21,mos-logistic-v0
2026-02-13T15:00:00Z,2026-02-13T21:00:00+06:00,T2,0.335573,0.348117,,,2026-02-12T18:00:00Z,2026-02-12T06:00:00Z,21,mos-logistic-v0
2026-02-13T16:00:00Z,2026-02-13T22:00:00+06:00,T1,0.498255,0.456544,,,2026-02-12T18:00:00Z,2026-02-12T06:00:00Z,22,mos-logistic-v0
2026-02-13T16:00:00Z,2026-02-13T22:00:00+06:00,T2,0.498255,0.456544,,,2026-02-12T18:00:00Z,2026-02-12T06:00:00Z,22,mos-logistic-v0
2026-02-13T17:00:00Z,2026-02-13T23:00:00+06:00,T1,0.486061,0.548635,,,2026-02-12T18:00:00Z,2026-02-12T06:00:00Z,23,mos-logistic-v0
2026-02-13T17:00:00Z,2026-02-13T23:00:00+06:00,T2,0.486061,0.548635,,,2026-02-12T18:00:00Z,2026-02-12T06:00:00Z,23,mos-logistic-v0
2026-02-13T18:00:00Z,2026-02-14T00:00:00+06:00,T1,0.703557,0.46347,,,2026-02-13T18:00:00Z,2026-02-13T06:00:00Z,0,mos-logistic-v0
2026-02-13T18:00:00Z,2026-02-14T00:00:00+06:00,T2,0.703557,0.46347,,,2026-02-13T18:00:00Z,2026-02-13T06:00:00Z,0,mos-logistic-v0
2026-02-13T19:00:00Z,2026-02-14T01:00:00+06:00,T1,0.7505,0.552084,,,2026-02-13T18:00:00Z,2026-02-13T06:00:00Z,1,mos-logistic-v0
2026-02-13T19:00:00Z,2026-02-14T01:00:00+06:00,T2,0.7505,0.552084,,,2026-02-13T18:00:00Z,2026-02-13T06:00:00Z,1,mos-logistic-v0
2026-02-13T20:00:00Z,2026-02-14T02:00:00+06:00,T1,0.764579,0.697709,,,2026-02-13T18:00:00Z,2026-02-13T06:00:00Z,2,mos-logistic-v0
2026-02-13T20:00:00Z,2026-02-14T02:00:00+06:00,T2,0.764579,0.697709,,,2026-02-13T18:00:00Z,2026-02-13T06:00:00Z,2,mos-logistic-v0
2026-02-13T21:00:00Z,2026-02-14T03:00:00+06:00,T1,0.691796,0.648708,,,2026-02-13T18:00:00Z,2026-02-13T06:00:00Z,3,mos-logistic-v0
2026-02-13T21:00:00Z,2026-02-14T03:00:00+06:00,T2,0.691796,0.648708,,,2026-02-13T18:00:00Z,2026-02-13T06:00:00Z,3,mos-logistic-v0
2026-02-13T22:00:00Z,2026-02-14T04:00:00+06:00,T1,0.611365,0.650295,,,2026-02-13T18:00:00Z,2026-02-13T06:00:00Z,4,mos-logistic-v0
2026-02-13T22:00:00Z,2026-02-14T04:00:00+06:00,T2,0.611365,0.650295,,,2026-02-13T18:00:00Z,2026-02-13T06:00:00Z,4,mos-logistic-v0
2026-02-13T23:00:00Z,2026-02-14T05:00:00+06:00,T1,0.461737,0.558969,,,2026-02-13T18:00:00Z,2026-02-13T06:00:00Z,5,mos-logistic-v0
2026-02-13T23:00:00Z,2026-02-14T05:00:00+06:00,T2,0.461737,0.558969,,,2026-02-13T18:00:00Z,2026-02-13T06:00:00Z,5,mos-logistic-v0
2026-02-14T00:00:00Z,2026-02-14T06:00:00+06:00,T1,0.346537,0.529586,,,2026-02-13T18:00:00Z,2026-02-13T06:00:00Z,6,mos-logistic-v0
2026-02-14T00:00:00Z,2026-02-14T06:00:00+06:00,T2,0.346537,0.529586,,,2026-02-13T18:00:00Z,2026-02-13T06:00:00Z,6,mos-logistic-v0
2026-02-14T01:00:00Z,2026-02-14T07:00:00+06:00,T1,0.193271,0.236675,,,2026-02-13T18:00:00Z,2026-02-13T06:00:00Z,7,mos-logistic-v0
2026-02-14T01:00:00Z,2026-02-14T07:00:00+06:00,T2,0.193271,0.236675,,,2026-02-13T18:00:00Z,2026-02-13T06:00:00Z,7,mos-logistic-v0
2026-02-14T02:00:00Z,2026-02-14T08:00:00+06:00,T1,0.092856,0.071423,,,2026-02-13T18:00:00Z,2026-02-13T06:00:00Z,8,mos-logistic-v0
2026-02-14T02:00:00Z,2026-02-14T08:00:00+06:00,T2,0.092856,0.071423,,,2026-02-13T18:00:00Z,2026-02-13T06:00:00Z,8,mos-logistic-v0
2026-02-14T03:00:00Z,2026-02-14T09:00:00+06:00,T1,0.1177,0.058354,,,2026-02-13T18:00:00Z,2026-02-13T06:00:00Z,9,mos-logistic-v0
2026-02-14T03:00:00Z,2026-02-14T09:00:00+06:00,T2,0.1177,0.058354,,,2026-02-13T18:00:00Z,2026-02-13T06:00:00Z,9,mos-logistic-v0
2026-02-14T04:00:00Z,2026-02-14T10:00:00+06:00,T1,0.125134,0.021759,,,2026-02-13T18:00:00Z,2026-02-13T06:00:00Z,10,mos-logistic-v0
2026-02-14T04:00:00Z,2026-02-14T10:00:00+06:00,T2,0.125134,0.021759,,,2026-02-13T18:00:00Z,2026-02-13T06:00:00Z,10,mos-logistic-v0
2026-02-14T05:00:00Z,2026-02-14T11:00:00+06:00,T1,0.065216,0.020603,,,2026-02-13T18:00:00Z,2026-02-13T06:00:00Z,11,mos-logistic-v0
2026-02-14T05:00:00Z,2026-02-14T11:00:00+06:00,T2,0.065216,0.020603,,,2026-02-13T18:00:00Z,2026-02-13T06:00:00Z,11,mos-logistic-v0
2026-02-14T06:00:00Z,2026-02-14T12:00:00+06:00,T1,0.039986,0.023293,,,2026-02-13T18:00:00Z,2026-02-13T06:00:00Z,12,mos-logistic-v0
2026-02-14T06:00:00Z,2026-02-14T12:00:00+06:00,T2,0.039986,0.023293,,,2026-02-13T18:00:00Z,2026-02-13T06:00:00Z,12,mos-logistic-v0
2026-02-14T07:00:00Z,2026-02-14T13:00:00+06:00,T1,0.028172,0.030144,,,2026-02-13T18:00:00Z,2026-02-13T06:00:00Z,13,mos-logistic-v0
2026-02-14T07:00:00Z,2026-02-14T13:00:00+06:00,T2,0.028172,0.030144,,,2026-02-13T18:00:00Z,2026-02-13T06:00:00Z,13,mos-logistic-v0
2026-02-14T08:00:00Z,2026-02-14T14:00:00+06:00,T1,0.026685,0.083344,,,2026-02-13T18:00:00Z,2026-02-13T06:00:00Z,14,mos-logistic-v0
2026-02-14T08:00:00Z,2026-02-14T14:00:00+06:00,T2,0.026685,0.083344,,,2026-02-13T18:00:00Z,2026-02-13T06:00:00Z,14,mos-logistic-v0
2026-02-14T09:00:00Z,2026-02-14T15:00:00+06:00,T1,0.086046,0.126668,,,2026-02-13T18:00:00Z,2026-02-13T06:00:00Z,15,mos-logistic-v0
2026-02-14T09:00:00Z,2026-02-14T15:00:00+06:00,T2,0.086046,0.126668,,,2026-02-13T18:00:00Z,2026-02-13T06:00:00Z,15,mos-logistic-v0
2026-02-14T10:00:00Z,2026-02-14T16:00:00+06:00,T1,0.019112,0.093444,,,2026-02-13T18:00:00Z,2026-02-13T06:00:00Z,16,mos-logistic-v0
2026-02-14T10:00:00Z,2026-02-14T16:00:00+06:00,T2,0.019112,0.093444,,,2026-02-13T18:00:00Z,2026-02-13T06:00:00Z,16,mos-logistic-v0
2026-02-14T11:00:00Z,2026-02-14T17:00:00+06:00,T1,0.020186,0.110653,,,2026-02-13T18:00:00Z,2026-02-13T06:00:00Z,17,mos-logistic-v0
2026-02-14T11:00:00Z,2026-02-14T17:00:00+06:00,T2,0.020186,0.110653,,,2026-02-13T18:00:00Z,2026-02-13T06:00:00Z,17,mos-logistic-v0
2026-02-14T12:00:00Z,2026-02-14T18:00:00+06:00,T1,0.063952,0.17851,,,2026-02-13T18:00:00Z,2026-02-13T06:00:00Z,18,mos-logistic-v0
2026-02-14T12:00:00Z,2026-02-14T18:00:00+06:00,T2,0.063952,0.17851,,,2026-02-13T18:00:00Z,2026-02-13T06:00:00Z,18,mos-logistic-v0
2026-02-14T13:00:00Z,2026-02-14T19:00:00+06:00,T1,0.088827,0.236675,,,2026-02-13T18:00:00Z,2026-02-13T06:00:00Z,19,mos-logistic-v0
2026-02-14T13:00:00Z,2026-02-14T19:00:00+06:00,T2,0.088827,0.236675,,,2026-02-13T18:00:00Z,2026-02-13T06:00:00Z,19,mos-logistic-v0
2026-02-14T14:00:00Z,2026-02-14T20:00:00+06:00,T1,0.091109,0.191107,,,2026-02-13T18:00:00Z,2026-02-13T06:00:00Z,20,mos-logistic-v0
2026-02-14T14:00:00Z,2026-02-14T20:00:00+06:00,T2,0.091109,0.191107,,,2026-02-13T18:00:00Z,2026-02-13T06:00:00Z,20,mos-logistic-v0
2026-02-14T15:00:00Z,2026-02-14T21:00:00+06:00,T1,0.066071,0.188961,,,2026-02-13T18:00:00Z,2026-02-13T06:00:00Z,21,mos-logistic-v0
2026-02-14T15:00:00Z,2026-02-14T21:00:00+06:00,T2,0.066071,0.188961,,,2026-02-13T18:00:00Z,2026-02-13T06:00:00Z,21,mos-logistic-v0
2026-02-14T16:00:00Z,2026-02-14T22:00:00+06:00,T1,0.248194,0.277896,,,2026-02-13T18:00:00Z,2026-02-13T06:00:00Z,22,mos-logistic-v0
2026-02-14T16:00:00Z,2026-02-14T22:00:00+06:00,T2,0.248194,0.277896,,,2026-02-13T18:00:00Z,2026-02-13T06:00:00Z,22,mos-logistic-v0
2026-02-14T17:00:00Z,2026-02-14T23:00:00+06:00,T1,0.100145,0.244313,,,2026-02-13T18:00:00Z,2026-02-13T06:00:00Z,23,mos-logistic-v0
2026-02-14T17:00:00Z,2026-02-14T23:00:00+06:00,T2,0.100145,0.244313,,,2026-02-13T18:00:00Z,2026-02-13T06:00:00Z,23,mos-logistic-v0
2026-02-14T18:00:00Z,2026-02-15T00:00:00+06:00,T1,0.017129,0.036896,,,2026-02-14T18:00:00Z,2026-02-14T06:00:00Z,0,mos-logistic-v0
2026-02-14T18:00:00Z,2026-02-15T00:00:00+06:00,T2,0.017129,0.036896,,,2026-02-14T18:00:00Z,2026-02-14T06:00:00Z,0,mos-logistic-v0
2026-02-14T19:00:00Z,2026-02-15T01:00:00+06:00,T1,0.044199,0.017726,,,2026-02-14T18:00:00Z,2026-02-14T06:00:00Z,1,mos-logistic-v0
2026-02-14T19:00:00Z,2026-02-15T01:00:00+06:00,T2,0.044199,0.017726,,,2026-02-14T18:00:00Z,2026-02-14T06:00:00Z,1,mos-logistic-v0
2026-02-14T20:00:00Z,2026-02-15T02:00:00+06:00,T1,0.049484,0.018852,,,2026-02-14T18:00:00Z,2026-02-14T06:00:00Z,2,mos-logistic-v0
2026-02-14T20:00:00Z,2026-02-15T02:00:00+06:00,T2,0.049484,0.018852,,,2026-02-14T18:00:00Z,2026-02-14T06:00:00Z,2,mos-logistic-v0
2026-02-14T21:00:00Z,2026-02-15T03:00:00+06:00,T1,0.034036,0.019641,,,2026-02-14T18:00:00Z,2026-02-14T06:00:00Z,3,mos-logistic-v0
2026-02-14T21:00:00Z,2026-02-15T03:00:00+06:00,T2,0.034036,0.019641,,,2026-02-14T18:00:00Z,2026-02-14T06:00:00Z,3,mos-logistic-v0
2026-02-14T22:00:00Z,2026-02-15T04:00:00+06:00,T1,0.017129,0.019776,,,2026-02-14T18:00:00Z,2026-02-14T06:00:00Z,4,mos-logistic-v0
2026-02-14T22:00:00Z,2026-02-15T04:00:00+06:00,T2,0.017129,0.019776,,,2026-02-14T18:00:00Z,2026-02-14T06:00:00Z,4,mos-logistic-v0
2026-02-14T23:00:00Z,2026-02-15T05:00:00+06:00,T1,0.037395,0.039191,,,2026-02-14T18:00:00Z,2026-02-14T06:00:00Z,5,mos-logistic-v0
2026-02-14T23:00:00Z,2026-02-15T05:00:00+06:00,T2,0.037395,0.039191,,,2026-02-14T18:00:00Z,2026-02-14T06:00:00Z,5,mos-logistic-v0
2026-02-15T00:00:00Z,2026-02-15T06:00:00+06:00,T1,0.098896,0.073294,,,2026-02-14T18:00:00Z,2026-02-14T06:00:00Z,6,mos-logistic-v0
2026-02-15T00:00:00Z,2026-02-15T06:00:00+06:00,T2,0.098896,0.073294,,,2026-02-14T18:00:00Z,2026-02-14T06:00:00Z,6,mos-logistic-v0
2026-02-15T01:00:00Z,2026-02-15T07:00:00+06:00,T1,0.305235,0.128999,,,2026-02-14T18:00:00Z,2026-02-14T06:00:00Z,7,mos-logistic-v0
2026-02-15T01:00:00Z,2026-02-15T07:00:00+06:00,T2,0.305235,0.128999,,,2026-02-14T18:00:00Z,2026-02-14T06:00:00Z,7,mos-logistic-v0
2026-02-15T02:00:00Z,2026-02-15T08:00:00+06:00,T1,0.405315,0.314176,,,2026-02-14T18:00:00Z,2026-02-14T06:00:00Z,8,mos-logistic-v0
2026-02-15T02:00:00Z,2026-02-15T08:00:00+06:00,T2,0.405315,0.314176,,,2026-02-14T18:00:00Z,2026-02-14T06:00:00Z,8,mos-logistic-v0
2026-02-15T03:00:00Z,2026-02-15T09:00:00+06:00,T1,0.552084,0.480839,,,2026-02-14T18:00:00Z,2026-02-14T06:00:00Z,9,mos-logistic-v0
2026-02-15T03:00:00Z,2026-02-15T09:00:00+06:00,T2,0.552084,0.480839,,,2026-02-14T18:00:00Z,2026-02-14T06:00:00Z,9,mos-logistic-v0
2026-02-15T04:00:00Z,2026-02-15T10:00:00+06:00,T1,0.645525,0.470409,,,2026-02-14T18:00:00Z,2026-02-14T06:00:00Z,10,mos-logistic-v0
2026-02-15T04:00:00Z,2026-02-15T10:00:00+06:00,T2,0.645525,0.470409,,,2026-02-14T18:00:00Z,2026-02-14T06:00:00Z,10,mos-logistic-v0
2026-02-15T05:00:00Z,2026-02-15T11:00:00+06:00,T1,0.737221,0.727661,,,2026-02-14T18:00:00Z,2026-02-14T06:00:00Z,11,mos-logistic-v0
2026-02-15T05:00:00Z,2026-02-15T11:00:00+06:00,T2,0.737221,0.727661,,,2026-02-14T18:00:00Z,2026-02-14T06:00:00Z,11,mos-logistic-v0
2026-02-15T06:00:00Z,2026-02-15T12:00:00+06:00,T1,0.811036,0.82554,,,2026-02-14T18:00:00Z,2026-02-14T06:00:00Z,12,mos-logistic-v0
2026-02-15T06:00:00Z,2026-02-15T12:00:00+06:00,T2,0.811036,0.82554,,,2026-02-14T18:00:00Z,2026-02-14T06:00:00Z,12,mos-logistic-v0
2026-02-15T07:00:00Z,2026-02-15T13:00:00+06:00,T1,0.904165,0.894715,,,2026-02-14T18:00:00Z,2026-02-14T06:00:00Z,13,mos-logistic-v0
2026-02-15T07:00:00Z,2026-02-15T13:00:00+06:00,T2,0.904165,0.894715,,,2026-02-14T18:00:00Z,2026-02-14T06:00:00Z,13,mos-logistic-v0
2026-02-15T08:00:00Z,2026-02-15T14:00:00+06:00,T1,0.899223,0.909465,,,2026-02-14T18:00:00Z,2026-02-14T06:00:00Z,14,mos-logistic-v0
2026-02-15T08:00:00Z,2026-02-15T14:00:00+06:00,T2,0.899223,0.909465,,,2026-02-14T18:00:00Z,2026-02-14T06:00:00Z,14,mos-logistic-v0
2026-02-15T09:00:00Z,2026-02-15T15:00:00+06:00,T1,0.839151,0.892729,,,2026-02-14T18:00:00Z,2026-02-14T06:00:00Z,15,mos-logistic-v0
2026-02-15T09:00:00Z,2026-02-15T15:00:00+06:00,T2,0.839151,0.892729,,,2026-02-14T18:00:00Z,2026-02-14T06:00:00Z,15,mos-logistic-v0
2026-02-15T10:00:00Z,2026-02-15T16:00:00+06:00,T1,0.772023,0.821488,,,2026-02-14T18:00:00Z,2026-02-14T06:00:00Z,16,mos-logistic-v0
2026-02-15T10:00:00Z,2026-02-15T16:00:00+06:00,T2,0.772023,0.821488,,,2026-02-14T18:00:00Z,2026-02-14T06:00:00Z,16,mos-logistic-v0
2026-02-15T11:00:00Z,2026-02-15T17:00:00+06:00,T1,0.756968,0.745243,,,2026-02-14T18:00:00Z,2026-02-14T06:00:00Z,17,mos-logistic-v0
2026-02-15T11:00:00Z,2026-02-15T17:00:00+06:00,T2,0.756968,0.745243,,,2026-02-14T18:00:00Z,2026-02-14T06:00:00Z,17,mos-logistic-v0
2026-02-15T12:00:00Z,2026-02-15T18:00:00+06:00,T1,0.768322,0.699177,,,2026-02-14T18:00:00Z,2026-02-14T06:00:00Z,18,mos-logistic-v0
2026-02-15T12:00:00Z,2026-02-15T18:00:00+06:00,T2,0.768322,0.699177,,,2026-02-14T18:00:00Z,2026-02-14T06:00:00Z,18,mos-logistic-v0
2026-02-15T13:00:00Z,2026-02-15T19:00:00+06:00,T1,0.73857,0.679782,,,2026-02-14T18:00:00Z,2026-02-14T06:00:00Z,19,mos-logistic-v0
2026-02-15T13:00:00Z,2026-02-15T19:00:00+06:00,T2,0.73857,0.679782,,,2026-02-14T18:00:00Z,2026-02-14T06:00:00Z,19,mos-logistic-v0
2026-02-15T14:00:00Z,2026-02-15T20:00:00+06:00,T1,0.735869,0.688816,,,2026-02-14T18:00:00Z,2026-02-14T06:00:00Z,20,mos-logistic-v0
2026-02-15T14:00:00Z,2026-02-15T20:00:00+06:00,T2,0.735869,0.688816,,,2026-02-14T18:00:00Z,2026-02-14T06:00:00Z,20,mos-logistic-v0
2026-02-15T15:00:00Z,2026-02-15T21:00:00+06:00,T1,0.723497,0.727661,,,2026-02-14T18:00:00Z,2026-02-14T06:00:00Z,21,mos-logistic-v0
2026-02-15T15:00:00Z,2026-02-15T21:00:00+06:00,T2,0.723497,0.727661,,,2026-02-14T18:00:00Z,2026-02-14T06:00:00Z,21,mos-logistic-v0
2026-02-15T16:00:00Z,2026-02-15T22:00:00+06:00,T1,0.645525,0.700641,,,2026-02-14T18:00:00Z,2026-02-14T06:00:00Z,22,mos-logistic-v0
2026-02-15T16:00:00Z,2026-02-15T22:00:00+06:00,T2,0.645525,0.700641,,,2026-02-14T18:00:00Z,2026-02-14T06:00:00Z,22,mos-logistic-v0
2026-02-15T17:00:00Z,2026-02-15T23:00:00+06:00,T1,0.520896,0.647118,,,2026-02-14T18:00:00Z,2026-02-14T06:00:00Z,23,mos-logistic-v0
2026-02-15T17:00:00Z,2026-02-15T23:00:00+06:00,T2,0.520896,0.647118,,,2026-02-14T18:00:00Z,2026-02-14T06:00:00Z,23,mos-logistic-v0
2026-02-15T18:00:00Z,2026-02-16T00:00:00+06:00,T1,0.214761,0.479099,,,2026-02-15T18:00:00Z,2026-02-15T06:00:00Z,0,mos-logistic-v0
2026-02-15T18:00:00Z,2026-02-16T00:00:00+06:00,T2,0.214761,0.479099,,,2026-02-15T18:00:00Z,2026-02-15T06:00:00Z,0,mos-logistic-v0
2026-02-15T19:00:00Z,2026-02-16T01:00:00+06:00,T1,0.275107,0.555529,,,2026-02-15T18:00:00Z,2026-02-15T06:00:00Z,1,mos-logistic-v0
2026-02-15T19:00:00Z,2026-02-16T01:00:00+06:00,T2,0.275107,0.555529,,,2026-02-15T18:00:00Z,2026-02-15T06:00:00Z,1,mos-logistic-v0
2026-02-15T20:00:00Z,2026-02-16T02:00:00+06:00,T1,0.423921,0.606385,,,2026-02-15T18:00:00Z,2026-02-15T06:00:00Z,2,mos-logistic-v0
2026-02-15T20:00:00Z,2026-02-16T02:00:00+06:00,T2,0.423921,0.606385,,,2026-02-15T18:00:00Z,2026-02-15T06:00:00Z,2,mos-logistic-v0
2026-02-15T21:00:00Z,2026-02-16T03:00:00+06:00,T1,0.548635,0.594681,,,2026-02-15T18:00:00Z,2026-02-15T06:00:00Z,3,mos-logistic-v0
2026-02-15T21:00:00Z,2026-02-16T03:00:00+06:00,T2,0.548635,0.594681,,,2026-02-15T18:00:00Z,2026-02-15T06:00:00Z,3,mos-logistic-v0
2026-02-15T22:00:00Z,2026-02-16T04:00:00+06:00,T1,0.577776,0.385324,,,2026-02-15T18:00:00Z,2026-02-15T06:00:00Z,4,mos-logistic-v0
2026-02-15T22:00:00Z,2026-02-16T04:00:00+06:00,T2,0.577776,0.385324,,,2026-02-15T18:00:00Z,2026-02-15T06:00:00Z,4,mos-logistic-v0
2026-02-15T23:00:00Z,2026-02-16T05:00:00+06:00,T1,0.76956,0.354471,,,2026-02-15T18:00:00Z,2026-02-15T06:00:00Z,5,mos-logistic-v0
2026-02-15T23:00:00Z,2026-02-16T05:00:00+06:00,T2,0.76956,0.354471,,,2026-02-15T18:00:00Z,2026-02-15T06:00:00Z,5,mos-logistic-v0
2026-02-16T00:00:00Z,2026-02-16T06:00:00+06:00,T1,0.658178,0.320214,,,2026-02-15T18:00:00Z,2026-02-15T06:00:00Z,6,mos-logistic-v0
2026-02-16T00:00:00Z,2026-02-16T06:00:00+06:00,T2,0.658178,0.320214,,,2026-02-15T18:00:00Z,2026-02-15T06:00:00Z,6,mos-logistic-v0
2026-02-16T01:00:00Z,2026-02-16T07:00:00+06:00,T1,0.54518,0.3082,,,2026-02-15T18:00:00Z,2026-02-15T06:00:00Z,7,mos-logistic-v0
2026-02-16T01:00:00Z,2026-02-16T07:00:00+06:00,T2,0.54518,0.3082,,,2026-02-15T18:00:00Z,2026-02-15T06:00:00Z,7,mos-logistic-v0
2026-02-16T02:00:00Z,2026-02-16T08:00:00+06:00,T1,0.538259,0.496513,,,2026-02-15T18:00:00Z,2026-02-15T06:00:00Z,8,mos-logistic-v0
2026-02-16T02:00:00Z,2026-02-16T08:00:00+06:00,T2,0.538259,0.496513,,,2026-02-15T18:00:00Z,2026-02-15T06:00:00Z,8,mos-logistic-v0
2026-02-16T03:00:00Z,2026-02-16T09:00:00+06:00,T1,0.534792,0.510451,,,2026-02-15T18:00:00Z,2026-02-15T06:00:00Z,9,mos-logistic-v0
2026-02-16T03:00:00Z,2026-02-16T09:00:00+06:00,T2,0.534792,0.510451,,,2026-02-15T18:00:00Z,2026-02-15T06:00:00Z,9,mos-logistic-v0
2026-02-16T04:00:00Z,2026-02-16T10:00:00+06:00,T1,0.745243,0.49477,,,2026-02-15T18:00:00Z,2026-02-15T06:00:00Z,10,mos-logistic-v0
2026-02-16T04:00:00Z,2026-02-16T10:00:00+06:00,T2,0.745243,0.49477,,,2026-02-15T18:00:00Z,2026-02-15T06:00:00Z,10,mos-logistic-v0
2026-02-16T05:00:00Z,2026-02-16T11:00:00+06:00,T1,0.482579,0.447911,,,2026-02-15T18:00:00Z,2026-02-15T06:00:00Z,11,mos-logistic-v0
2026-02-16T05:00:00Z,2026-02-16T11:00:00+06:00,T2,0.482579,0.447911,,,2026-02-15T18:00:00Z,2026-02-15T06:00:00Z,11,mos-logistic-v0
2026-02-16T06:00:00Z,2026-02-16T12:00:00+06:00,T1,0.591316,0.434166,,,2026-02-15T18:00:00Z,2026-02-15T06:00:00Z,12,mos-logistic-v0
2026-02-16T06:00:00Z,2026-02-16T12:00:00+06:00,T2,0.591316,0.434166,,,2026-02-15T18:00:00Z,2026-02-15T06:00:00Z,12,mos-logistic-v0
2026-02-16T07:00:00Z,2026-02-16T13:00:00+06:00,T1,0.675213,0.348117,,,2026-02-15T18:00:00Z,2026-02-15T06:00:00Z,13,mos-logistic-v0
2026-02-16T07:00:00Z,2026-02-16T13:00:00+06:00,T2,0.675213,0.348117,,,2026-02-15T18:00:00Z,2026-02-15T06:00:00Z,13,mos-logistic-v0
2026-02-16T08:00:00Z,2026-02-16T14:00:00+06:00,T1,0.616321,0.214761,,,2026-02-15T18:00:00Z,2026-02-15T06:00:00Z,14,mos-logistic-v0
2026-02-16T08:00:00Z,2026-02-16T14:00:00+06:00,T2,0.616321,0.214761,,,2026-02-15T18:00:00Z,2026-02-15T06:00:00Z,14,mos-logistic-v0
2026-02-16T09:00:00Z,2026-02-16T15:00:00+06:00,T1,0.517416,0.305235,,,2026-02-15T18:00:00Z,2026-02-15T06:00:00Z,15,mos-logistic-v0
2026-02-16T09:00:00Z,2026-02-16T15:00:00+06:00,T2,0.517416,0.305235,,,2026-02-15T18:00:00Z,2026-02-15T06:00:00Z,15,mos-logistic-v0
2026-02-16T10:00:00Z,2026-02-16T16:00:00+06:00,T1,0.329385,0.292097,,,2026-02-15T18:00:00Z,2026-02-15T06:00:00Z,16,mos-logistic-v0
2026-02-16T10:00:00Z,2026-02-16T16:00:00+06:00,T2,0.329385,0.292097,,,2026-02-15T18:00:00Z,2026-02-15T06:00:00Z,16,mos-logistic-v0
2026-02-16T11:00:00Z,2026-02-16T17:00:00+06:00,T1,0.290658,0.430744,,,2026-02-15T18:00:00Z,2026-02-15T06:00:00Z,17,mos-logistic-v0
2026-02-16T11:00:00Z,2026-02-16T17:00:00+06:00,T2,0.290658,0.430744,,,2026-02-15T18:00:00Z,2026-02-15T06:00:00Z,17,mos-logistic-v0
2026-02-16T12:00:00Z,2026-02-16T18:00:00+06:00,T1,0.297895,0.432454,,,2026-02-15T18:00:00Z,2026-02-15T06:00:00Z,18,mos-logistic-v0
2026-02-16T12:00:00Z,2026-02-16T18:00:00+06:00,T2,0.297895,0.432454,,,2026-02-15T18:00:00Z,2026-02-15T06:00:00Z,18,mos-logistic-v0
2026-02-16T13:00:00Z,2026-02-16T19:00:00+06:00,T1,0.245602,0.370577,,,2026-02-15T18:00:00Z,2026-02-15T06:00:00Z,19,mos-logistic-v0
2026-02-16T13:00:00Z,2026-02-16T19:00:00+06:00,T2,0.245602,0.370577,,,2026-02-15T18:00:00Z,2026-02-15T06:00:00Z,19,mos-logistic-v0
2026-02-16T14:00:00Z,2026-02-16T20:00:00+06:00,T1,0.383674,0.365713,,,2026-02-15T18:00:00Z,2026-02-15T06:00:00Z,20,mos-logistic-v0
2026-02-16T14:00:00Z,2026-02-16T20:00:00+06:00,T2,0.383674,0.365713,,,2026-02-15T18:00:00Z,2026-02-15T06:00:00Z,20,mos-logistic-v0
2026-02-16T15:00:00Z,2026-02-16T21:00:00+06:00,T1,0.444466,0.506967,,,2026-02-15T18:00:00Z,2026-02-15T06:00:00Z,21,mos-logistic-v0
2026-02-16T15:00:00Z,2026-02-16T21:00:00+06:00,T2,0.444466,0.506967,,,2026-02-15T18:00:00Z,2026-02-15T06:00:00Z,21,mos-logistic-v0
2026-02-16T16:00:00Z,2026-02-16T22:00:00+06:00,T1,0.460005,0.617968,,,2026-02-15T18:00:00Z,2026-02-15T06:00:00Z,22,mos-logistic-v0
2026-02-16T16:00:00Z,2026-02-16T22:00:00+06:00,T2,0.460005,0.617968,,,2026-02-15T18:00:00Z,2026-02-15T06:00:00Z,22,mos-logistic-v0
2026-02-16T17:00:00Z,2026-02-16T23:00:00+06:00,T1,0.395276,0.653459,,,2026-02-15T18:00:00Z,2026-02-15T06:00:00Z,23,mos-logistic-v0
2026-02-16T17:00:00Z,2026-02-16T23:00:00+06:00,T2,0.395276,0.653459,,,2026-02-15T18:00:00Z,2026-02-15T06:00:00Z,23,mos-logistic-v0
2026-02-16T18:00:00Z,2026-02-17T00:00:00+06:00,T1,0.447911,0.362485,,,2026-02-16T18:00:00Z,2026-02-16T06:00:00Z,0,mos-logistic-v0
2026-02-16T18:00:00Z,2026-02-17T00:00:00+06:00,T2,0.447911,0.362485,,,2026-02-16T18:00:00Z,2026-02-16T06:00:00Z,0,mos-logistic-v0
2026-02-16T19:00:00Z,2026-02-17T01:00:00+06:00,T1,0.351288,0.449635,,,2026-02-16T18:00:00Z,2026-02-16T06:00:00Z,1,mos-logistic-v0
2026-02-16T19:00:00Z,2026-02-17T01:00:00+06:00,T2,0.351288,0.449635,,,2026-02-16T18:00:00Z,2026-02-16T06:00:00Z,1,mos-logistic-v0
2026-02-16T20:00:00Z,2026-02-17T02:00:00+06:00,T1,0.362485,0.417127,,,2026-02-16T18:00:00Z,2026-02-16T06:00:00Z,2,mos-logistic-v0
2026-02-16T20:00:00Z,2026-02-17T02:00:00+06:00,T2,0.362485,0.417127,,,2026-02-16T18:00:00Z,2026-02-16T06:00:00Z,2,mos-logistic-v0
2026-02-16T21:00:00Z,2026-02-17T03:00:00+06:00,T1,0.362485,0.415434,,,2026-02-16T18:00:00Z,2026-02-16T06:00:00Z,3,mos-logistic-v0
2026-02-16T21:00:00Z,2026-02-17T03:00:00+06:00,T2,0.362485,0.415434,,,2026-02-16T18:00:00Z,2026-02-16T06:00:00Z,3,mos-logistic-v0
2026-02-16T22:00:00Z,2026-02-17T04:00:00+06:00,T1,0.323256,0.368953,,,2026-02-16T18:00:00Z,2026-02-16T06:00:00Z,4,mos-logistic-v0
2026-02-16T22:00:00Z,2026-02-17T04:00:00+06:00,T2,0.323256,0.368953,,,2026-02-16T18:00:00Z,2026-02-16T06:00:00Z,4,mos-logistic-v0
2026-02-16T23:00:00Z,2026-02-17T05:00:00+06:00,T1,0.218308,0.186834,,,2026-02-16T18:00:00Z,2026-02-16T06:00:00Z,5,mos-logistic-v0
2026-02-16T23:00:00Z,2026-02-17T05:00:00+06:00,T2,0.218308,0.186834,,,2026-02-16T18:00:00Z,2026-02-16T06:00:00Z,5,mos-logistic-v0
2026-02-17T00:00:00Z,2026-02-17T06:00:00+06:00,T1,0.211256,0.073294,,,2026-02-16T18:00:00Z,2026-02-16T06:00:00Z,6,mos-logistic-v0
2026-02-17T00:00:00Z,2026-02-17T06:00:00+06:00,T2,0.211256,0.073294,,,2026-02-16T18:00:00Z,2026-02-16T06:00:00Z,6,mos-logistic-v0
2026-02-17T01:00:00Z,2026-02-17T07:00:00+06:00,T1,0.128999,0.048189,,,2026-02-16T18:00:00Z,2026-02-16T06:00:00Z,7,mos-logistic-v0
2026-02-17T01:00:00Z,2026-02-17T07:00:00+06:00,T2,0.128999,0.048189,,,2026-02-16T18:00:00Z,2026-02-16T06:00:00Z,7,mos-logistic-v0
2026-02-17T02:00:00Z,2026-02-17T08:00:00+06:00,T1,0.150765,0.075697,,,2026-02-16T18:00:00Z,2026-02-16T06:00:00Z,8,mos-logistic-v0
2026-02-17T02:00:00Z,2026-02-17T08:00:00+06:00,T2,0.150765,0.075697,,,2026-02-16T18:00:00Z,2026-02-16T06:00:00Z,8,mos-logistic-v0
2026-02-17T03:00:00Z,2026-02-17T09:00:00+06:00,T1,0.083879,0.102045,,,2026-02-16T18:00:00Z,2026-02-16T06:00:00Z,9,mos-logistic-v0
2026-02-17T03:00:00Z,2026-02-17T09:00:00+06:00,T2,0.083879,0.102045,,,2026-02-16T18:00:00Z,2026-02-16T06:00:00Z,9,mos-logistic-v0
2026-02-17T04:00:00Z,2026-02-17T10:00:00+06:00,T1,0.051149,0.150765,,,2026-02-16T18:00:00Z,2026-02-16T06:00:00Z,10,mos-logistic-v0
2026-02-17T04:00:00Z,2026-02-17T10:00:00+06:00,T2,0.051149,0.150765,,,2026-02-16T18:00:00Z,2026-02-16T06:00:00Z,10,mos-logistic-v0
2026-02-17T05:00:00Z,2026-02-17T11:00:00+06:00,T1,0.087149,0.239202,,,2026-02-16T18:00:00Z,2026-02-16T06:00:00Z,11,mos-logistic-v0
2026-02-17T05:00:00Z,2026-02-17T11:00:00+06:00,T2,0.087149,0.239202,,,2026-02-16T18:00:00Z,2026-02-16T06:00:00Z,11,mos-logistic-v0
2026-02-17T06:00:00Z,2026-02-17T12:00:00+06:00,T1,0.190031,0.125134,,,2026-02-16T18:00:00Z,2026-02-16T06:00:00Z,12,mos-logistic-v0
2026-02-17T06:00:00Z,2026-02-17T12:00:00+06:00,T2,0.190031,0.125134,,,2026-02-16T18:00:00Z,2026-02-16T06:00:00Z,12,mos-logistic-v0
2026-02-17T07:00:00Z,2026-02-17T13:00:00+06:00,T1,0.264128,0.197655,,,2026-02-16T18:00:00Z,2026-02-16T06:00:00Z,13,mos-logistic-v0
2026-02-17T07:00:00Z,2026-02-17T13:00:00+06:00,T2,0.264128,0.197655,,,2026-02-16T18:00:00Z,2026-02-16T06:00:00Z,13,mos-logistic-v0
2026-02-17T08:00:00Z,2026-02-17T14:00:00+06:00,T1,0.241748,0.129784,,,2026-02-16T18:00:00Z,2026-02-16T06:00:00Z,14,mos-logistic-v0
2026-02-17T08:00:00Z,2026-02-17T14:00:00+06:00,T2,0.241748,0.129784,,,2026-02-16T18:00:00Z,2026-02-16T06:00:00Z,14,mos-logistic-v0
2026-02-17T09:00:00Z,2026-02-17T15:00:00+06:00,T1,0.266846,0.231675,,,2026-02-16T18:00:00Z,2026-02-16T06:00:00Z,15,mos-logistic-v0
2026-02-17T09:00:00Z,2026-02-17T15:00:00+06:00,T2,0.266846,0.231675,,,2026-02-16T18:00:00Z,2026-02-16T06:00:00Z,15,mos-logistic-v0
2026-02-17T10:00:00Z,2026-02-17T16:00:00+06:00,T1,0.275107,0.317187,,,2026-02-16T18:00:00Z,2026-02-16T06:00:00Z,16,mos-logistic-v0
2026-02-17T10:00:00Z,2026-02-17T16:00:00+06:00,T2,0.275107,0.317187,,,2026-02-16T18:00:00Z,2026-02-16T06:00:00Z,16,mos-logistic-v0
2026-02-17T11:00:00Z,2026-02-17T17:00:00+06:00,T1,0.244313,0.340251,,,2026-02-16T18:00:00Z,2026-02-16T06:00:00Z,17,mos-logistic-v0
2026-02-17T11:00:00Z,2026-02-17T17:00:00+06:00,T2,0.244313,0.340251,,,2026-02-16T18:00:00Z,2026-02-16T06:00:00Z,17,mos-logistic-v0
2026-02-17T12:00:00Z,2026-02-17T18:00:00+06:00,T1,0.406996,0.46347,,,2026-02-16T18:00:00Z,2026-02-16T06:00:00Z,18,mos-logistic-v0
2026-02-17T12:00:00Z,2026-02-17T18:00:00+06:00,T2,0.406996,0.46347,,,2026-02-16T18:00:00Z,2026-02-16T06:00:00Z,18,mos-logistic-v0
2026-02-17T13:00:00Z,2026-02-17T19:00:00+06:00,T1,0.506967,0.647118,,,2026-02-16T18:00:00Z,2026-02-16T06:00:00Z,19,mos-logistic-v0
2026-02-17T13:00:00Z,2026-02-17T19:00:00+06:00,T2,0.506967,0.647118,,,2026-02-16T18:00:00Z,2026-02-16T06:00:00Z,19,mos-logistic-v0
2026-02-17T14:00:00Z,2026-02-17T20:00:00+06:00,T1,0.606385,0.694761,,,2026-02-16T18:00:00Z,2026-02-16T06:00:00Z,20,mos-logistic-v0
2026-02-17T14:00:00Z,2026-02-17T20:00:00+06:00,T2,0.606385,0.694761,,,2026-02-16T18:00:00Z,2026-02-16T06:00:00Z,20,mos-logistic-v0
2026-02-17T15:00:00Z,2026-02-17T21:00:00+06:00,T1,0.72904,0.749192,,,2026-02-16T18:00:00Z,2026-02-16T06:00:00Z,21,mos-logistic-v0
2026-02-17T15:00:00Z,2026-02-17T21:00:00+06:00,T2,0.72904,0.749192,,,2026-02-16T18:00:00Z,2026-02-16T06:00:00Z,21,mos-logistic-v0
2026-02-17T16:00:00Z,2026-02-17T22:00:00+06:00,T1,0.68582,0.741252,,,2026-02-16T18:00:00Z,2026-02-16T06:00:00Z,22,mos-logistic-v0
2026-02-17T16:00:00Z,2026-02-17T22:00:00+06:00,T2,0.68582,0.741252,,,2026-02-16T18:00:00Z,2026-02-16T06:00:00Z,22,mos-logistic-v0
2026-02-17T17:00:00Z,2026-02-17T23:00:00+06:00,T1,0.562402,0.694761,,,2026-02-16T18:00:00Z,2026-02-16T06:00:00Z,23,mos-logistic-v0
2026-02-17T17:00:00Z,2026-02-17T23:00:00+06:00,T2,0.562402,0.694761,,,2026-02-16T18:00:00Z,2026-02-16T06:00:00Z,23,mos-logistic-v0
2026-02-17T18:00:00Z,2026-02-18T00:00:00+06:00,T1,0.621254,0.688816,,,2026-02-17T18:00:00Z,2026-02-17T06:00:00Z,0,mos-logistic-v0
2026-02-17T18:00:00Z,2026-02-18T00:00:00+06:00,T2,0.621254,0.688816,,,2026-02-17T18:00:00Z,2026-02-17T06:00:00Z,0,mos-logistic-v0
2026-02-17T19:00:00Z,2026-02-18T01:00:00+06:00,T1,0.656609,0.765831,,,2026-02-17T18:00:00Z,2026-02-17T06:00:00Z,1,mos-logistic-v0
2026-02-17T19:00:00Z,2026-02-18T01:00:00+06:00,T2,0.656609,0.765831,,,2026-02-17T18:00:00Z,2026-02-17T06:00:00Z,1,mos-logistic-v0
2026-02-17T20:00:00Z,2026-02-18T02:00:00+06:00,T1,0.648708,0.722101,,,2026-02-17T18:00:00Z,2026-02-17T06:00:00Z,2,mos-logistic-v0
2026-02-17T20:00:00Z,2026-02-18T02:00:00+06:00,T2,0.648708,0.722101,,,2026-02-17T18:00:00Z,2026-02-17T06:00:00Z,2,mos-logistic-v0
2026-02-17T21:00:00Z,2026-02-18T03:00:00+06:00,T1,0.608047,0.59636,,,2026-02-17T18:00:00Z,2026-02-17T06:00:00Z,3,mos-logistic-v0
2026-02-17T21:00:00Z,2026-02-18T03:00:00+06:00,T2,0.608047,0.59636,,,2026-02-17T18:00:00Z,2026-02-17T06:00:00Z,3,mos-logistic-v0
2026-02-17T22:00:00Z,2026-02-18T04:00:00+06:00,T1,0.631043,0.655035,,,2026-02-17T18:00:00Z,2026-02-17T06:00:00Z,4,mos-logistic-v0
2026-02-17T22:00:00Z,2026-02-18T04:00:00+06:00,T2,0.631043,0.655035,,,2026-02-17T18:00:00Z,2026-02-17T06:00:00Z,4,mos-logistic-v0
2026-02-17T23:00:00Z,2026-02-18T05:00:00+06:00,T1,0.63912,0.731785,,,2026-02-17T18:00:00Z,2026-02-17T06:00:00Z,5,mos-logistic-v0
2026-02-17T23:00:00Z,2026-02-18T05:00:00+06:00,T2,0.63912,0.731785,,,2026-02-17T18:00:00Z,2026-02-17T06:00:00Z,5,mos-logistic-v0
2026-02-18T00:00:00Z,2026-02-18T06:00:00+06:00,T1,0.651879,0.678263,,,2026-02-17T18:00:00Z,2026-02-17T06:00:00Z,6,mos-logistic-v0
2026-02-18T00:00:00Z,2026-02-18T06:00:00+06:00,T2,0.651879,0.678263,,,2026-02-17T18:00:00Z,2026-02-17T06:00:00Z,6,mos-logistic-v0
2026-02-18T01:00:00Z,2026-02-18T07:00:00+06:00,T1,0.48432,0.702101,,,2026-02-17T18:00:00Z,2026-02-17T06:00:00Z,7,mos-logistic-v0
2026-02-18T01:00:00Z,2026-02-18T07:00:00+06:00,T2,0.48432,0.702101,,,2026-02-17T18:00:00Z,2026-02-17T06:00:00Z,7,mos-logistic-v0
2026-02-18T02:00:00Z,2026-02-18T08:00:00+06:00,T1,0.690308,0.797883,,,2026-02-17T18:00:00Z,2026-02-17T06:00:00Z,8,mos-logistic-v0
2026-02-18T02:00:00Z,2026-02-18T08:00:00+06:00,T2,0.690308,0.797883,,,2026-02-17T18:00:00Z,2026-02-17T06:00:00Z,8,mos-logistic-v0
2026-02-18T03:00:00Z,2026-02-18T09:00:00+06:00,T1,0.699177,0.655035,,,2026-02-17T18:00:00Z,2026-02-17T06:00:00Z,9,mos-logistic-v0
2026-02-18T03:00:00Z,2026-02-18T09:00:00+06:00,T2,0.699177,0.655035,,,2026-02-17T18:00:00Z,2026-02-17T06:00:00Z,9,mos-logistic-v0
2026-02-18T04:00:00Z,2026-02-18T10:00:00+06:00,T1,0.799005,0.656609,,,2026-02-17T18:00:00Z,2026-02-17T06:00:00Z,10,mos-logistic-v0
2026-02-18T04:00:00Z,2026-02-18T10:00:00+06:00,T2,0.799005,0.656609,,,2026-02-17T18:00:00Z,2026-02-17T06:00:00Z,10,mos-logistic-v0
2026-02-18T05:00:00Z,2026-02-18T11:00:00+06:00,T1,0.85709,0.764579,,,2026-02-17T18:00:00Z,2026-02-17T06:00:00Z,11,mos-logistic-v0
2026-02-18T05:00:00Z,2026-02-18T11:00:00+06:00,T2,0.85709,0.764579,,,2026-02-17T18:00:00Z,2026-02-17T06:00:00Z,11,mos-logistic-v0
2026-02-18T06:00:00Z,2026-02-18T12:00:00+06:00,T1,0.967531,0.826541,,,2026-02-17T18:00:00Z,2026-02-17T06:00:00Z,12,mos-logistic-v0
2026-02-18T06:00:00Z,2026-02-18T12:00:00+06:00,T2,0.967531,0.826541,,,2026-02-17T18:00:00Z,2026-02-17T06:00:00Z,12,mos-logistic-v0
2026-02-18T07:00:00Z,2026-02-18T13:00:00+06:00,T1,0.923321,0.868631,,,2026-02-17T18:00:00Z,2026-02-17T06:00:00Z,13,mos-logistic-v0
2026-02-18T07:00:00Z,2026-02-18T13:00:00+06:00,T2,0.923321,0.868631,,,2026-02-17T18:00:00Z,2026-02-17T06:00:00Z,13,mos-logistic-v0
2026-02-18T08:00:00Z,2026-02-18T14:00:00+06:00,T1,0.922328,0.948169,,,2026-02-17T18:00:00Z,2026-02-17T06:00:00Z,14,mos-logistic-v0
2026-02-18T08:00:00Z,2026-02-18T14:00:00+06:00,T2,0.922328,0.948169,,,2026-02-17T18:00:00Z,2026-02-17T06:00:00Z,14,mos-logistic-v0
2026-02-18T09:00:00Z,2026-02-18T15:00:00+06:00,T1,0.915583,0.964561,,,2026-02-17T18:00:00Z,2026-02-17T06:00:00Z,15,mos-logistic-v0
2026-02-18T09:00:00Z,2026-02-18T15:00:00+06:00,T2,0.915583,0.964561,,,2026-02-17T18:00:00Z,2026-02-17T06:00:00Z,15,mos-logistic-v0
2026-02-18T10:00:00Z,2026-02-18T16:00:00+06:00,T1,0.869424,0.929495,,,2026-02-17T18:00:00Z,2026-02-17T06:00:00Z,16,mos-logistic-v0
2026-02-18T10:00:00Z,2026-02-18T16:00:00+06:00,T2,0.869424,0.929495,,,2026-02-17T18:00:00Z,2026-02-17T06:00:00Z,16,mos-logistic-v0
2026-02-18T11:00:00Z,2026-02-18T17:00:00+06:00,T1,0.922328,0.899853,,,2026-02-17T18:00:00Z,2026-02-17T06:00:00Z,17,mos-logistic-v0
2026-02-18T11:00:00Z,2026-02-18T17:00:00+06:00,T2,0.922328,0.899853,,,2026-02-17T18:00:00Z,2026-02-17T06:00:00Z,17,mos-logistic-v0
2026-02-18T12:00:00Z,2026-02-18T18:00:00+06:00,T1,0.921827,0.845628,,,2026-02-17T18:00:00Z,2026-02-17T06:00:00Z,18,mos-logistic-v0
2026-02-18T12:00:00Z,2026-02-18T18:00:00+06:00,T2,0.921827,0.845628,,,2026-02-17T18:00:00Z,2026-02-17T06:00:00Z,18,mos-logistic-v0
2026-02-18T13:00:00Z,2026-02-18T19:00:00+06:00,T1,0.658178,0.694761,,,2026-02-17T18:00:00Z,2026-02-17T06:00:00Z,19,mos-logistic-v0
2026-02-18T13:00:00Z,2026-02-18T19:00:00+06:00,T2,0.658178,0.694761,,,2026-02-17T18:00:00Z,2026-02-17T06:00:00Z,19,mos-logistic-v0
2026-02-18T14:00:00Z,2026-02-18T20:00:00+06:00,T1,0.635898,0.629419,,,2026-02-17T18:00:00Z,2026-02-17T06:00:00Z,20,mos-logistic-v0
2026-02-18T14:00:00Z,2026-02-18T20:00:00+06:00,T2,0.635898,0.629419,,,2026-02-17T18:00:00Z,2026-02-17T06:00:00Z,20,mos-logistic-v0
2026-02-18T15:00:00Z,2026-02-18T21:00:00+06:00,T1,0.475621,0.650295,,,2026-02-17T18:00:00Z,2026-02-17T06:00:00Z,21,mos-logistic-v0
2026-02-18T15:00:00Z,2026-02-18T21:00:00+06:00,T2,0.475621,0.650295,,,2026-02-17T18:00:00Z,2026-02-17T06:00:00Z,21,mos-logistic-v0
2026-02-18T16:00:00Z,2026-02-18T22:00:00+06:00,T1,0.50174,0.661308,,,2026-02-17T18:00:00Z,2026-02-17T06:00:00Z,22,mos-logistic-v0
2026-02-18T16:00:00Z,2026-02-18T22:00:00+06:00,T2,0.50174,0.661308,,,2026-02-17T18:00:00Z,2026-02-17T06:00:00Z,22,mos-logistic-v0
2026-02-18T17:00:00Z,2026-02-18T23:00:00+06:00,T1,0.427329,0.55036,,,2026-02-17T18:00:00Z,2026-02-17T06:00:00Z,23,mos-logistic-v0
2026-02-18T17:00:00Z,2026-02-18T23:00:00+06:00,T2,0.427329,0.55036,,,2026-02-17T18:00:00Z,2026-02-17T06:00:00Z,23,mos-logistic-v0
2026-02-18T18:00:00Z,2026-02-19T00:00:00+06:00,T1,0.400285,0.434166,,,2026-02-18T18:00:00Z,2026-02-18T06:00:00Z,0,mos-logistic-v0
2026-02-18T18:00:00Z,2026-02-19T00:00:00+06:00,T2,0.400285,0.434166,,,2026-02-18T18:00:00Z,2026-02-18T06:00:00Z,0,mos-logistic-v0
2026-02-18T19:00:00Z,2026-02-19T01:00:00+06:00,T1,0.329385,0.442746,,,2026-02-18T18:00:00Z,2026-02-18T06:00:00Z,1,mos-logistic-v0
2026-02-18T19:00:00Z,2026-02-19T01:00:00+06:00,T2,0.329385,0.442746,,,2026-02-18T18:00:00Z,2026-02-18T06:00:00Z,1,mos-logistic-v0
2026-02-18T20:00:00Z,2026-02-19T02:00:00+06:00,T1,0.248194,0.327847,,,2026-02-18T18:00:00Z,2026-02-18T06:00:00Z,2,mos-logistic-v0
2026-02-18T20:00:00Z,2026-02-19T02:00:00+06:00,T2,0.248194,0.327847,,,2026-02-18T18:00:00Z,2026-02-18T06:00:00Z,2,mos-logistic-v0
2026-02-18T21:00:00Z,2026-02-19T03:00:00+06:00,T1,0.213588,0.306716,,,2026-02-18T18:00:00Z,2026-02-18T06:00:00Z,3,mos-logistic-v0
2026-02-18T21:00:00Z,2026-02-19T03:00:00+06:00,T2,0.213588,0.306716,,,2026-02-18T18:00:00Z,2026-02-18T06:00:00Z,3,mos-logistic-v0
2026-02-18T22:00:00Z,2026-02-19T04:00:00+06:00,T1,0.231675,0.244313,,,2026-02-18T18:00:00Z,2026-02-18T06:00:00Z,4,mos-logistic-v0
2026-02-18T22:00:00Z,2026-02-19T04:00:00+06:00,T2,0.231675,0.244313,,,2026-02-18T18:00:00Z,2026-02-18T06:00:00Z,4,mos-logistic-v0
2026-02-18T23:00:00Z,2026-02-19T05:00:00+06:00,T1,0.309688,0.243028,,,2026-02-18T18:00:00Z,2026-02-18T06:00:00Z,5,mos-logistic-v0
2026-02-18T23:00:00Z,2026-02-19T05:00:00+06:00,T2,0.309688,0.243028,,,2026-02-18T18:00:00Z,2026-02-18T06:00:00Z,5,mos-logistic-v0
2026-02-19T00:00:00Z,2026-02-19T06:00:00+06:00,T1,0.289223,0.31118,,,2026-02-18T18:00:00Z,2026-02-18T06:00:00Z,6,mos-logistic-v0
2026-02-19T00:00:00Z,2026-02-19T06:00:00+06:00,T2,0.289223,0.31118,,,2026-02-18T18:00:00Z,2026-02-18T06:00:00Z,6,mos-logistic-v0
2026-02-19T01:00:00Z,2026-02-19T07:00:00+06:00,T1,0.221898,0.35927,,,2026-02-18T18:00:00Z,2026-02-18T06:00:00Z,7,mos-logistic-v0
2026-02-19T01:00:00Z,2026-02-19T07:00:00+06:00,T2,0.221898,0.35927,,,2026-02-18T18:00:00Z,2026-02-18T06:00:00Z,7,mos-logistic-v0
2026-02-19T02:00:00Z,2026-02-19T08:00:00+06:00,T1,0.221898,0.380383,,,2026-02-18T18:00:00Z,2026-02-18T06:00:00Z,8,mos-logistic-v0
2026-02-19T02:00:00Z,2026-02-19T08:00:00+06:00,T2,0.221898,0.380383,,,2026-02-18T18:00:00Z,2026-02-18T06:00:00Z,8,mos-logistic-v0
2026-02-19T03:00:00Z,2026-02-19T09:00:00+06:00,T1,0.19436,0.357667,,,2026-02-18T18:00:00Z,2026-02-18T06:00:00Z,9,mos-logistic-v0
2026-02-19T03:00:00Z,2026-02-19T09:00:00+06:00,T2,0.19436,0.357667,,,2026-02-18T18:00:00Z,2026-02-18T06:00:00Z,9,mos-logistic-v0
2026-02-19T04:00:00Z,2026-02-19T10:00:00+06:00,T1,0.240473,0.447911,,,2026-02-18T18:00:00Z,2026-02-18T06:00:00Z,10,mos-logistic-v0
2026-02-19T04:00:00Z,2026-02-19T10:00:00+06:00,T2,0.240473,0.447911,,,2026-02-18T18:00:00Z,2026-02-18T06:00:00Z,10,mos-logistic-v0
2026-02-19T05:00:00Z,2026-02-19T11:00:00+06:00,T1,0.323256,0.302287,,,2026-02-18T18:00:00Z,2026-02-18T06:00:00Z,11,mos-logistic-v0
2026-02-19T05:00:00Z,2026-02-19T11:00:00+06:00,T2,0.323256,0.302287,,,2026-02-18T18:00:00Z,2026-02-18T06:00:00Z,11,mos-logistic-v0
2026-02-19T06:00:00Z,2026-02-19T12:00:00+06:00,T1,0.211256,0.377103,,,2026-02-18T18:00:00Z,2026-02-18T06:00:00Z,12,mos-logistic-v0
2026-02-19T06:00:00Z,2026-02-19T12:00:00+06:00,T2,0.211256,0.377103,,,2026-02-18T18:00:00Z,2026-02-18T06:00:00Z,12,mos-logistic-v0
2026-02-19T07:00:00Z,2026-02-19T13:00:00+06:00,T1,0.243028,0.227973,,,2026-02-18T18:00:00Z,2026-02-18T06:00:00Z,13,mos-logistic-v0
2026-02-19T07:00:00Z,2026-02-19T13:00:00+06:00,T2,0.243028,0.227973,,,2026-02-18T18:00:00Z,2026-02-18T06:00:00Z,13,mos-logistic-v0
2026-02-19T08:00:00Z,2026-02-19T14:00:00+06:00,T1,0.231675,0.187895,,,2026-02-18T18:00:00Z,2026-02-18T06:00:00Z,14,mos-logistic-v0
2026-02-19T08:00:00Z,2026-02-19T14:00:00+06:00,T2,0.231675,0.187895,,,2026-02-18T18:00:00Z,2026-02-18T06:00:00Z,14,mos-logistic-v0
2026-02-19T09:00:00Z,2026-02-19T15:00:00+06:00,T1,0.208942,0.193271,,,2026-02-18T18:00:00Z,2026-02-18T06:00:00Z,15,mos-logistic-v0
2026-02-19T09:00:00Z,2026-02-19T15:00:00+06:00,T2,0.208942,0.193271,,,2026-02-18T18:00:00Z,2026-02-18T06:00:00Z,15,mos-logistic-v0
2026-02-19T10:00:00Z,2026-02-19T16:00:00+06:00,T1,0.155282,0.128999,,,2026-02-18T18:00:00Z,2026-02-18T06:00:00Z,16,mos-logistic-v0
2026-02-19T10:00:00Z,2026-02-19T16:00:00+06:00,T2,0.155282,0.128999,,,2026-02-18T18:00:00Z,2026-02-18T06:00:00Z,16,mos-logistic-v0
2026-02-19T11:00:00Z,2026-02-19T17:00:00+06:00,T1,0.059513,0.158974,,,2026-02-18T18:00:00Z,2026-02-18T06:00:00Z,17,mos-logistic-v0
2026-02-19T11:00:00Z,2026-02-19T17:00:00+06:00,T2,0.059513,0.158974,,,2026-02-18T18:00:00Z,2026-02-18T06:00:00Z,17,mos-logistic-v0
2026-02-19T12:00:00Z,2026-02-19T18:00:00+06:00,T1,0.059905,0.09227,,,2026-02-18T18:00:00Z,2026-02-18T06:00:00Z,18,mos-logistic-v0
2026-02-19T12:00:00Z,2026-02-19T18:00:00+06:00,T2,0.059905,0.09227,,,2026-02-18T18:00:00Z,2026-02-18T06:00:00Z,18,mos-logistic-v0
2026-02-19T13:00:00Z,2026-02-19T19:00:00+06:00,T1,0.027418,0.105283,,,2026-02-18T18:00:00Z,2026-02-18T06:00:00Z,19,mos-logistic-v0
2026-02-19T13:00:00Z,2026-02-19T19:00:00+06:00,T2,0.027418,0.105283,,,2026-02-18T18:00:00Z,2026-02-18T06:00:00Z,19,mos-logistic-v0
2026-02-19T14:00:00Z,2026-02-19T20:00:00+06:00,T1,0.041623,0.045999,,,2026-02-18T18:00:00Z,2026-02-18T06:00:00Z,20,mos-logistic-v0
2026-02-19T14:00:00Z,2026-02-19T20:00:00+06:00,T2,0.041623,0.045999,,,2026-02-18T18:00:00Z,2026-02-18T06:00:00Z,20,mos-logistic-v0
2026-02-19T15:00:00Z,2026-02-19T21:00:00+06:00,T1,0.195454,0.059513,,,2026-02-18T18:00:00Z,2026-02-18T06:00:00Z,21,mos-logistic-v0
2026-02-19T15:00:00Z,2026-02-19T21:00:00+06:00,T2,0.195454,0.059513,,,2026-02-18T18:00:00Z,2026-02-18T06:00:00Z,21,mos-logistic-v0
2026-02-19T16:00:00Z,2026-02-19T22:00:00+06:00,T1,0.42222,0.10333,,,2026-02-18T18:00:00Z,2026-02-18T06:00:00Z,22,mos-logistic-v0
2026-02-19T16:00:00Z,2026-02-19T22:00:00+06:00,T2,0.42222,0.10333,,,2026-02-18T18:00:00Z,2026-02-18T06:00:00Z,22,mos-logistic-v0
2026-02-19T17:00:00Z,2026-02-19T23:00:00+06:00,T1,0.609707,0.252116,,,2026-02-18T18:00:00Z,2026-02-18T06:00:00Z,23,mos-logistic-v0
2026-02-19T17:00:00Z,2026-02-19T23:00:00+06:00,T2,0.609707,0.252116,,,2026-02-18T18:00:00Z,2026-02-18T06:00:00Z,23,mos-logistic-v0
2026-02-19T18:00:00Z,2026-02-20T00:00:00+06:00,T1,0.225529,0.611365,,,2026-02-19T18:00:00Z,2026-02-19T06:00:00Z,0,mos-logistic-v0
2026-02-19T18:00:00Z,2026-02-20T00:00:00+06:00,T2,0.225529,0.611365,,,2026-02-19T18:00:00Z,2026-02-19T06:00:00Z,0,mos-logistic-v0
2026-02-19T19:00:00Z,2026-02-20T01:00:00+06:00,T1,0.413742,0.498255,,,2026-02-19T18:00:00Z,2026-02-19T06:00:00Z,1,mos-logistic-v0
2026-02-19T19:00:00Z,2026-02-20T01:00:00+06:00,T2,0.413742,0.498255,,,2026-02-19T18:00:00Z,2026-02-19T06:00:00Z,1,mos-logistic-v0
2026-02-19T20:00:00Z,2026-02-20T02:00:00+06:00,T1,0.472146,0.658178,,,2026-02-19T18:00:00Z,2026-02-19T06:00:00Z,2,mos-logistic-v0
2026-02-19T20:00:00Z,2026-02-20T02:00:00+06:00,T2,0.472146,0.658178,,,2026-02-19T18:00:00Z,2026-02-19T06:00:00Z,2,mos-logistic-v0
2026-02-19T21:00:00Z,2026-02-20T03:00:00+06:00,T1,0.489544,0.622892,,,2026-02-19T18:00:00Z,2026-02-19T06:00:00Z,3,mos-logistic-v0
2026-02-19T21:00:00Z,2026-02-20T03:00:00+06:00,T2,0.489544,0.622892,,,2026-02-19T18:00:00Z,2026-02-19T06:00:00Z,3,mos-logistic-v0
2026-02-19T22:00:00Z,2026-02-20T04:00:00+06:00,T1,0.520896,0.59636,,,2026-02-19T18:00:00Z,2026-02-19T06:00:00Z,4,mos-logistic-v0
2026-02-19T22:00:00Z,2026-02-20T04:00:00+06:00,T2,0.520896,0.59636,,,2026-02-19T18:00:00Z,2026-02-19T06:00:00Z,4,mos-logistic-v0
2026-02-19T23:00:00Z,2026-02-20T05:00:00+06:00,T1,0.60472,0.653459,,,2026-02-19T18:00:00Z,2026-02-19T06:00:00Z,5,mos-logistic-v0
2026-02-19T23:00:00Z,2026-02-20T05:00:00+06:00,T2,0.60472,0.653459,,,2026-02-19T18:00:00Z,2026-02-19T06:00:00Z,5,mos-logistic-v0
2026-02-20T00:00:00Z,2026-02-20T06:00:00+06:00,T1,0.67674,0.731785,,,2026-02-19T18:00:00Z,2026-02-19T06:00:00Z,6,mos-logistic-v0
2026-02-20T00:00:00Z,2026-02-20T06:00:00+06:00,T2,0.67674,0.731785,,,2026-02-19T18:00:00Z,2026-02-19T06:00:00Z,6,mos-logistic-v0
2026-02-20T01:00:00Z,2026-02-20T07:00:00+06:00,T1,0.63912,0.731785,,,2026-02-19T18:00:00Z,2026-02-19T06:00:00Z,7,mos-logistic-v0
2026-02-20T01:00:00Z,2026-02-20T07:00:00+06:00,T2,0.63912,0.731785,,,2026-02-19T18:00:00Z,2026-02-19T06:00:00Z,7,mos-logistic-v0
2026-02-20T02:00:00Z,2026-02-20T08:00:00+06:00,T1,0.709338,0.662867,,,2026-02-19T18:00:00Z,2026-02-19T06:00:00Z,8,mos-logistic-v0
2026-02-20T02:00:00Z,2026-02-20T08:00:00+06:00,T2,0.709338,0.662867,,,2026-02-19T18:00:00Z,2026-02-19T06:00:00Z,8,mos-logistic-v0
2026-02-20T03:00:00Z,2026-02-20T09:00:00+06:00,T1,0.659745,0.603053,,,2026-02-19T18:00:00Z,2026-02-19T06:00:00Z,9,mos-logistic-v0
2026-02-20T03:00:00Z,2026-02-20T09:00:00+06:00,T2,0.659745,0.603053,,,2026-02-19T18:00:00Z,2026-02-19T06:00:00Z,9,mos-logistic-v0
2026-02-20T04:00:00Z,2026-02-20T10:00:00+06:00,T1,0.346537,0.364098,,,2026-02-19T18:00:00Z,2026-02-19T06:00:00Z,10,mos-logistic-v0
2026-02-20T04:00:00Z,2026-02-20T10:00:00+06:00,T2,0.346537,0.364098,,,2026-02-19T18:00:00Z,2026-02-19T06:00:00Z,10,mos-logistic-v0
2026-02-20T05:00:00Z,2026-02-20T11:00:00+06:00,T1,0.253433,0.223104,,,2026-02-19T18:00:00Z,2026-02-19T06:00:00Z,11,mos-logistic-v0
2026-02-20T05:00:00Z,2026-02-20T11:00:00+06:00,T2,0.253433,0.223104,,,2026-02-19T18:00:00Z,2026-02-19T06:00:00Z,11,mos-logistic-v0
2026-02-20T06:00:00Z,2026-02-20T12:00:00+06:00,T1,0.303759,0.175464,,,2026-02-19T18:00:00Z,2026-02-19T06:00:00Z,12,mos-logistic-v0
2026-02-20T06:00:00Z,2026-02-20T12:00:00+06:00,T2,0.303759,0.175464,,,2026-02-19T18:00:00Z,2026-02-19T06:00:00Z,12,mos-logistic-v0
2026-02-20T07:00:00Z,2026-02-20T13:00:00+06:00,T1,0.224314,0.087705,,,2026-02-19T18:00:00Z,2026-02-19T06:00:00Z,13,mos-logistic-v0
2026-02-20T07:00:00Z,2026-02-20T13:00:00+06:00,T2,0.224314,0.087705,,,2026-02-19T18:00:00Z,2026-02-19T06:00:00Z,13,mos-logistic-v0
2026-02-20T08:00:00Z,2026-02-20T14:00:00+06:00,T1,0.158044,0.061898,,,2026-02-19T18:00:00Z,2026-02-19T06:00:00Z,14,mos-logistic-v0
2026-02-20T08:00:00Z,2026-02-20T14:00:00+06:00,T2,0.158044,0.061898,,,2026-02-19T18:00:00Z,2026-02-19T06:00:00Z,14,mos-logistic-v0
2026-02-20T09:00:00Z,2026-02-20T15:00:00+06:00,T1,0.109969,0.044791,,,2026-02-19T18:00:00Z,2026-02-19T06:00:00Z,15,mos-logistic-v0
2026-02-20T09:00:00Z,2026-02-20T15:00:00+06:00,T2,0.109969,0.044791,,,2026-02-19T18:00:00Z,2026-02-19T06:00:00Z,15,mos-logistic-v0
2026-02-20T10:00:00Z,2026-02-20T16:00:00+06:00,T1,0.082814,0.028172,,,2026-02-19T18:00:00Z,2026-02-19T06:00:00Z,16,mos-logistic-v0
2026-02-20T10:00:00Z,2026-02-20T16:00:00+06:00,T2,0.082814,0.028172,,,2026-02-19T18:00:00Z,2026-02-19T06:00:00Z,16,mos-logistic-v0
2026-02-20T11:00:00Z,2026-02-20T17:00:00+06:00,T1,0.052867,0.03972,,,2026-02-19T18:00:00Z,2026-02-19T06:00:00Z,17,mos-logistic-v0
2026-02-20T11:00:00Z,2026-02-20T17:00:00+06:00,T2,0.052867,0.03972,,,2026-02-19T18:00:00Z,2026-02-19T06:00:00Z,17,mos-logistic-v0
2026-02-20T12:00:00Z,2026-02-20T18:00:00+06:00,T1,0.050476,0.175464,,,2026-02-19T18:00:00Z,2026-02-19T06:00:00Z,18,mos-logistic-v0
2026-02-20T12:00:00Z,2026-02-20T18:00:00+06:00,T2,0.050476,0.175464,,,2026-02-19T18:00:00Z,2026-02-19T06:00:00Z,18,mos-logistic-v0
2026-02-20T13:00:00Z,2026-02-20T19:00:00+06:00,T1,0.019776,0.582868,,,2026-02-19T18:00:00Z,2026-02-19T06:00:00Z,19,mos-logistic-v0
2026-02-20T13:00:00Z,2026-02-20T19:00:00+06:00,T2,0.019776,0.582868,,,2026-02-19T18:00:00Z,2026-02-19T06:00:00Z,19,mos-logistic-v0
2026-02-20T14:00:00Z,2026-02-20T20:00:00+06:00,T1,0.066936,0.624528,,,2026-02-19T18:00:00Z,2026-02-19T06:00:00Z,20,mos-logistic-v0
2026-02-20T14:00:00Z,2026-02-20T20:00:00+06:00,T2,0.066936,0.624528,,,2026-02-19T18:00:00Z,2026-02-19T06:00:00Z,20,mos-logistic-v0
2026-02-20T15:00:00Z,2026-02-20T21:00:00+06:00,T1,0.312676,0.73857,,,2026-02-19T18:00:00Z,2026-02-19T06:00:00Z,21,mos-logistic-v0
2026-02-20T15:00:00Z,2026-02-20T21:00:00+06:00,T2,0.312676,0.73857,,,2026-02-19T18:00:00Z,2026-02-19T06:00:00Z,21,mos-logistic-v0
2026-02-20T16:00:00Z,2026-02-20T22:00:00+06:00,T1,0.412052,0.795626,,,2026-02-19T18:00:00Z,2026-02-19T06:00:00Z,22,mos-logistic-v0
2026-02-20T16:00:00Z,2026-02-20T22:00:00+06:00,T2,0.412052,0.795626,,,2026-02-19T18:00:00Z,2026-02-19T06:00:00Z,22,mos-logistic-v0
2026-02-20T17:00:00Z,2026-02-20T23:00:00+06:00,T1,0.594681,0.762061,,,2026-02-19T18:00:00Z,2026-02-19T06:00:00Z,23,mos-logistic-v0
2026-02-20T17:00:00Z,2026-02-20T23:00:00+06:00,T2,0.594681,0.762061,,,2026-02-19T18:00:00Z,2026-02-19T06:00:00Z,23,mos-logistic-v0
2026-02-20T18:00:00Z,2026-02-21T00:00:00+06:00,T1,0.756968,0.670611,,,2026-02-20T18:00:00Z,2026-02-20T06:00:00Z,0,mos-logistic-v0
2026-02-20T18:00:00Z,2026-02-21T00:00:00+06:00,T2,0.756968,0.670611,,,2026-02-20T18:00:00Z,2026-02-20T06:00:00Z,0,mos-logistic-v0
2026-02-20T19:00:00Z,2026-02-21T01:00:00+06:00,T1,0.796757,0.791055,,,2026-02-20T18:00:00Z,2026-02-20T06:00:00Z,1,mos-logistic-v0
2026-02-20T19:00:00Z,2026-02-21T01:00:00+06:00,T2,0.796757,0.791055,,,2026-02-20T18:00:00Z,2026-02-20T06:00:00Z,1,mos-logistic-v0
2026-02-20T20:00:00Z,2026-02-21T02:00:00+06:00,T1,0.792204,0.799005,,,2026-02-20T18:00:00Z,2026-02-20T06:00:00Z,2,mos-logistic-v0
2026-02-20T20:00:00Z,2026-02-21T02:00:00+06:00,T2,0.792204,0.799005,,,2026-02-20T18:00:00Z,2026-02-20T06:00:00Z,2,mos-logistic-v0
2026-02-20T21:00:00Z,2026-02-21T03:00:00+06:00,T1,0.694761,0.715053,,,2026-02-20T18:00:00Z,2026-02-20T06:00:00Z,3,mos-logistic-v0
2026-02-20T21:00:00Z,2026-02-21T03:00:00+06:00,T2,0.694761,0.715053,,,2026-02-20T18:00:00Z,2026-02-20T06:00:00Z,3,mos-logistic-v0
2026-02-20T22:00:00Z,2026-02-21T04:00:00+06:00,T1,0.614672,0.582868,,,2026-02-20T18:00:00Z,2026-02-20T06:00:00Z,4,mos-logistic-v0
2026-02-20T22:00:00Z,2026-02-21T04:00:00+06:00,T2,0.614672,0.582868,,,2026-02-20T18:00:00Z,2026-02-20T06:00:00Z,4,mos-logistic-v0
2026-02-20T23:00:00Z,2026-02-21T05:00:00+06:00,T1,0.572666,0.479099,,,2026-02-20T18:00:00Z,2026-02-20T06:00:00Z,5,mos-logistic-v0
2026-02-20T23:00:00Z,2026-02-21T05:00:00+06:00,T2,0.572666,0.479099,,,2026-02-20T18:00:00Z,2026-02-20T06:00:00Z,5,mos-logistic-v0
2026-02-21T00:00:00Z,2026-02-21T06:00:00+06:00,T1,0.470409,0.303759,,,2026-02-20T18:00:00Z,2026-02-20T06:00:00Z,6,mos-logistic-v0
2026-02-21T00:00:00Z,2026-02-21T06:00:00+06:00,T2,0.470409,0.303759,,,2026-02-20T18:00:00Z,2026-02-20T06:00:00Z,6,mos-logistic-v0
2026-02-21T01:00:00Z,2026-02-21T07:00:00+06:00,T1,0.368953,0.164646,,,2026-02-20T18:00:00Z,2026-02-20T06:00:00Z,7,mos-logistic-v0
2026-02-21T01:00:00Z,2026-02-21T07:00:00+06:00,T2,0.368953,0.164646,,,2026-02-20T18:00:00Z,2026-02-20T06:00:00Z,7,mos-logistic-v0
2026-02-21T02:00:00Z,2026-02-21T08:00:00+06:00,T1,0.300819,0.284943,,,2026-02-20T18:00:00Z,2026-02-20T06:00:00Z,8,mos-logistic-v0
2026-02-21T02:00:00Z,2026-02-21T08:00:00+06:00,T2,0.300819,0.284943,,,2026-02-20T18:00:00Z,2026-02-20T06:00:00Z,8,mos-logistic-v0
2026-02-21T03:00:00Z,2026-02-21T09:00:00+06:00,T1,0.25608,0.236675,,,2026-02-20T18:00:00Z,2026-02-20T06:00:00Z,9,mos-logistic-v0
2026-02-21T03:00:00Z,2026-02-21T09:00:00+06:00,T2,0.25608,0.236675,,,2026-02-20T18:00:00Z,2026-02-20T06:00:00Z,9,mos-logistic-v0
2026-02-21T04:00:00Z,2026-02-21T10:00:00+06:00,T1,0.041902,0.102686,,,2026-02-20T18:00:00Z,2026-02-20T06:00:00Z,10,mos-logistic-v0
2026-02-21T04:00:00Z,2026-02-21T10:00:00+06:00,T2,0.041902,0.102686,,,2026-02-20T18:00:00Z,2026-02-20T06:00:00Z,10,mos-logistic-v0
2026-02-21T05:00:00Z,2026-02-21T11:00:00+06:00,T1,0.377103,0.0379,,,2026-02-20T18:00:00Z,2026-02-20T06:00:00Z,11,mos-logistic-v0
2026-02-21T05:00:00Z,2026-02-21T11:00:00+06:00,T2,0.377103,0.0379,,,2026-02-20T18:00:00Z,2026-02-20T06:00:00Z,11,mos-logistic-v0
2026-02-21T06:00:00Z,2026-02-21T12:00:00+06:00,T1,0.963839,0.971444,,,2026-02-20T18:00:00Z,2026-02-20T06:00:00Z,12,mos-logistic-v0
2026-02-21T06:00:00Z,2026-02-21T12:00:00+06:00,T2,0.963839,0.971444,,,2026-02-20T18:00:00Z,2026-02-20T06:00:00Z,12,mos-logistic-v0
2026-02-21T07:00:00Z,2026-02-21T13:00:00+06:00,T1,0.969651,0.980625,,,2026-02-20T18:00:00Z,2026-02-20T06:00:00Z,13,mos-logistic-v0
2026-02-21T07:00:00Z,2026-02-21T13:00:00+06:00,T2,0.969651,0.980625,,,2026-02-20T18:00:00Z,2026-02-20T06:00:00Z,13,mos-logistic-v0
2026-02-21T08:00:00Z,2026-02-21T14:00:00+06:00,T1,0.989414,0.974205,,,2026-02-20T18:00:00Z,2026-02-20T06:00:00Z,14,mos-logistic-v0
2026-02-21T08:00:00Z,2026-02-21T14:00:00+06:00,T2,0.989414,0.974205,,,2026-02-20T18:00:00Z,2026-02-20T06:00:00Z,14,mos-logistic-v0
2026-02-21T09:00:00Z,2026-02-21T15:00:00+06:00,T1,0.982987,0.827538,,,2026-02-20T18:00:00Z,2026-02-20T06:00:00Z,15,mos-logistic-v0
2026-02-21T09:00:00Z,2026-02-21T15:00:00+06:00,T2,0.982987,0.827538,,,2026-02-20T18:00:00Z,2026-02-20T06:00:00Z,15,mos-logistic-v0
2026-02-21T10:00:00Z,2026-02-21T16:00:00+06:00,T1,0.876382,0.593,,,2026-02-20T18:00:00Z,2026-02-20T06:00:00Z,16,mos-logistic-v0
2026-02-21T10:00:00Z,2026-02-21T16:00:00+06:00,T2,0.876382,0.593,,,2026-02-20T18:00:00Z,2026-02-20T06:00:00Z,16,mos-logistic-v0
2026-02-21T11:00:00Z,2026-02-21T17:00:00+06:00,T1,0.653459,0.236675,,,2026-02-20T18:00:00Z,2026-02-20T06:00:00Z,17,mos-logistic-v0
2026-02-21T11:00:00Z,2026-02-21T17:00:00+06:00,T2,0.653459,0.236675,,,2026-02-20T18:00:00Z,2026-02-20T06:00:00Z,17,mos-logistic-v0
2026-02-21T12:00:00Z,2026-02-21T18:00:00+06:00,T1,0.458274,0.195454,,,2026-02-20T18:00:00Z,2026-02-20T06:00:00Z,18,mos-logistic-v0
2026-02-21T12:00:00Z,2026-02-21T18:00:00+06:00,T2,0.458274,0.195454,,,2026-02-20T18:00:00Z,2026-02-20T06:00:00Z,18,mos-logistic-v0
2026-02-21T13:00:00Z,2026-02-21T19:00:00+06:00,T1,0.17851,0.390288,,,2026-02-20T18:00:00Z,2026-02-20T06:00:00Z,19,mos-logistic-v0
2026-02-21T13:00:00Z,2026-02-21T19:00:00+06:00,T2,0.17851,0.390288,,,2026-02-20T18:00:00Z,2026-02-20T06:00:00Z,19,mos-logistic-v0
2026-02-21T14:00:00Z,2026-02-21T20:00:00+06:00,T1,0.133771,0.593,,,2026-02-20T18:00:00Z,2026-02-20T06:00:00Z,20,mos-logistic-v0
2026-02-21T14:00:00Z,2026-02-21T20:00:00+06:00,T2,0.133771,0.593,,,2026-02-20T18:00:00Z,2026-02-20T06:00:00Z,20,mos-logistic-v0
2026-02-21T15:00:00Z,2026-02-21T21:00:00+06:00,T1,0.270957,0.96133,,,2026-02-20T18:00:00Z,2026-02-20T06:00:00Z,21,mos-logistic-v0
2026-02-21T15:00:00Z,2026-02-21T21:00:00+06:00,T2,0.270957,0.96133,,,2026-02-20T18:00:00Z,2026-02-20T06:00:00Z,21,mos-logistic-v0
2026-02-21T16:00:00Z,2026-02-21T22:00:00+06:00,T1,0.627792,0.99,,,2026-02-20T18:00:00Z,2026-02-20T06:00:00Z,22,mos-logistic-v0
2026-02-21T16:00:00Z,2026-02-21T22:00:00+06:00,T2,0.627792,0.99,,,2026-02-20T18:00:00Z,2026-02-20T06:00:00Z,22,mos-logistic-v0
2026-02-21T17:00:00Z,2026-02-21T23:00:00+06:00,T1,0.804543,0.962353,,,2026-02-20T18:00:00Z,2026-02-20T06:00:00Z,23,mos-logistic-v0
2026-02-21T17:00:00Z,2026-02-21T23:00:00+06:00,T2,0.804543,0.962353,,,2026-02-20T18:00:00Z,2026-02-20T06:00:00Z,23,mos-logistic-v0
2026-02-21T18:00:00Z,2026-02-22T00:00:00+06:00,T1,0.080205,0.691796,,,2026-02-21T18:00:00Z,2026-02-21T06:00:00Z,0,mos-logistic-v0
2026-02-21T18:00:00Z,2026-02-22T00:00:00+06:00,T2,0.080205,0.691796,,,2026-02-21T18:00:00Z,2026-02-21T06:00:00Z,0,mos-logistic-v0
2026-02-21T19:00:00Z,2026-02-22T01:00:00+06:00,T1,0.063123,0.651879,,,2026-02-21T18:00:00Z,2026-02-21T06:00:00Z,1,mos-logistic-v0
2026-02-21T19:00:00Z,2026-02-22T01:00:00+06:00,T2,0.063123,0.651879,,,2026-02-21T18:00:00Z,2026-02-21T06:00:00Z,1,mos-logistic-v0
2026-02-21T20:00:00Z,2026-02-22T02:00:00+06:00,T1,0.059124,0.707899,,,2026-02-21T18:00:00Z,2026-02-21T06:00:00Z,2,mos-logistic-v0
2026-02-21T20:00:00Z,2026-02-22T02:00:00+06:00,T2,0.059124,0.707899,,,2026-02-21T18:00:00Z,2026-02-21T06:00:00Z,2,mos-logistic-v0
2026-02-21T21:00:00Z,2026-02-22T03:00:00+06:00,T1,0.048509,0.534792,,,2026-02-21T18:00:00Z,2026-02-21T06:00:00Z,3,mos-logistic-v0
2026-02-21T21:00:00Z,2026-02-22T03:00:00+06:00,T2,0.048509,0.534792,,,2026-02-21T18:00:00Z,2026-02-21T06:00:00Z,3,mos-logistic-v0
2026-02-21T22:00:00Z,2026-02-22T04:00:00+06:00,T1,0.026504,0.264128,,,2026-02-21T18:00:00Z,2026-02-21T06:00:00Z,4,mos-logistic-v0
2026-02-21T22:00:00Z,2026-02-22T04:00:00+06:00,T2,0.026504,0.264128,,,2026-02-21T18:00:00Z,2026-02-21T06:00:00Z,4,mos-logistic-v0
2026-02-21T23:00:00Z,2026-02-22T05:00:00+06:00,T1,0.024596,0.05183,,,2026-02-21T18:00:00Z,2026-02-21T06:00:00Z,5,mos-logistic-v0
2026-02-21T23:00:00Z,2026-02-22T05:00:00+06:00,T2,0.024596,0.05183,,,2026-02-21T18:00:00Z,2026-02-21T06:00:00Z,5,mos-logistic-v0
2026-02-22T00:00:00Z,2026-02-22T06:00:00+06:00,T1,0.016781,0.031604,,,2026-02-21T18:00:00Z,2026-02-21T06:00:00Z,6,mos-logistic-v0
2026-02-22T00:00:00Z,2026-02-22T06:00:00+06:00,T2,0.016781,0.031604,,,2026-02-21T18:00:00Z,2026-02-21T06:00:00Z,6,mos-logistic-v0
2026-02-22T01:00:00Z,2026-02-22T07:00:00+06:00,T1,0.026866,0.021173,,,2026-02-21T18:00:00Z,2026-02-21T06:00:00Z,7,mos-logistic-v0
2026-02-22T01:00:00Z,2026-02-22T07:00:00+06:00,T2,0.026866,0.021173,,,2026-02-21T18:00:00Z,2026-02-21T06:00:00Z,7,mos-logistic-v0
2026-02-22T02:00:00Z,2026-02-22T08:00:00+06:00,T1,0.046615,0.012662,,,2026-02-21T18:00:00Z,2026-02-21T06:00:00Z,8,mos-logistic-v0
2026-02-22T02:00:00Z,2026-02-22T08:00:00+06:00,T2,0.046615,0.012662,,,2026-02-21T18:00:00Z,2026-02-21T06:00:00Z,8,mos-logistic-v0
2026-02-22T03:00:00Z,2026-02-22T09:00:00+06:00,T1,0.112727,0.021908,,,2026-02-21T18:00:00Z,2026-02-21T06:00:00Z,9,mos-logistic-v0
2026-02-22T03:00:00Z,2026-02-22T09:00:00+06:00,T2,0.112727,0.021908,,,2026-02-21T18:00:00Z,2026-02-21T06:00:00Z,9,mos-logistic-v0
2026-02-22T04:00:00Z,2026-02-22T10:00:00+06:00,T1,0.264128,0.038411,,,2026-02-21T18:00:00Z,2026-02-21T06:00:00Z,10,mos-logistic-v0
2026-02-22T04:00:00Z,2026-02-22T10:00:00+06:00,T2,0.264128,0.038411,,,2026-02-21T18:00:00Z,2026-02-21T06:00:00Z,10,mos-logistic-v0
2026-02-22T05:00:00Z,2026-02-22T11:00:00+06:00,T1,0.486061,0.073769,,,2026-02-21T18:00:00Z,2026-02-21T06:00:00Z,11,mos-logistic-v0
2026-02-22T05:00:00Z,2026-02-22T11:00:00+06:00,T2,0.486061,0.073769,,,2026-02-21T18:00:00Z,2026-02-21T06:00:00Z,11,mos-logistic-v0
2026-02-22T06:00:00Z,2026-02-22T12:00:00+06:00,T1,0.758248,0.230436,,,2026-02-21T18:00:00Z,2026-02-21T06:00:00Z,12,mos-logistic-v0
2026-02-22T06:00:00Z,2026-02-22T12:00:00+06:00,T2,0.758248,0.230436,,,2026-02-21T18:00:00Z,2026-02-21T06:00:00Z,12,mos-logistic-v0
2026-02-22T07:00:00Z,2026-02-22T13:00:00+06:00,T1,0.868631,0.55036,,,2026-02-21T18:00:00Z,2026-02-21T06:00:00Z,13,mos-logistic-v0
2026-02-22T07:00:00Z,2026-02-22T13:00:00+06:00,T2,0.868631,0.55036,,,2026-02-21T18:00:00Z,2026-02-21T06:00:00Z,13,mos-logistic-v0
2026-02-22T08:00:00Z,2026-02-22T14:00:00+06:00,T1,0.862963,0.7207,,,2026-02-21T18:00:00Z,2026-02-21T06:00:00Z,14,mos-logistic-v0
2026-02-22T08:00:00Z,2026-02-22T14:00:00+06:00,T2,0.862963,0.7207,,,2026-02-21T18:00:00Z,2026-02-21T06:00:00Z,14,mos-logistic-v0
2026-02-22T09:00:00Z,2026-02-22T15:00:00+06:00,T1,0.791055,0.774468,,,2026-02-21T18:00:00Z,2026-02-21T06:00:00Z,15,mos-logistic-v0
2026-02-22T09:00:00Z,2026-02-22T15:00:00+06:00,T2,0.791055,0.774468,,,2026-02-21T18:00:00Z,2026-02-21T06:00:00Z,15,mos-logistic-v0
2026-02-22T10:00:00Z,2026-02-22T16:00:00+06:00,T1,0.741252,0.772023,,,2026-02-21T18:00:00Z,2026-02-21T06:00:00Z,16,mos-logistic-v0
2026-02-22T10:00:00Z,2026-02-22T16:00:00+06:00,T2,0.741252,0.772023,,,2026-02-21T18:00:00Z,2026-02-21T06:00:00Z,16,mos-logistic-v0
2026-02-22T11:00:00Z,2026-02-22T17:00:00+06:00,T1,0.688816,0.717885,,,2026-02-21T18:00:00Z,2026-02-21T06:00:00Z,17,mos-logistic-v0
2026-02-22T11:00:00Z,2026-02-22T17:00:00+06:00,T2,0.688816,0.717885,,,2026-02-21T18:00:00Z,2026-02-21T06:00:00Z,17,mos-logistic-v0
2026-02-22T12:00:00Z,2026-02-22T18:00:00+06:00,T1,0.661308,0.702101,,,2026-02-21T18:00:00Z,2026-02-21T06:00:00Z,18,mos-logistic-v0
2026-02-22T12:00:00Z,2026-02-22T18:00:00+06:00,T2,0.661308,0.702101,,,2026-02-21T18:00:00Z,2026-02-21T06:00:00Z,18,mos-logistic-v0
2026-02-22T13:00:00Z,2026-02-22T19:00:00+06:00,T1,0.42222,0.432454,,,2026-02-21T18:00:00Z,2026-02-21T06:00:00Z,19,mos-logistic-v0
2026-02-22T13:00:00Z,2026-02-22T19:00:00+06:00,T2,0.42222,0.432454,,,2026-02-21T18:00:00Z,2026-02-21T06:00:00Z,19,mos-logistic-v0
2026-02-22T14:00:00Z,2026-02-22T20:00:00+06:00,T1,0.169495,0.223104,,,2026-02-21T18:00:00Z,2026-02-21T06:00:00Z,20,mos-logistic-v0
2026-02-22T14:00:00Z,2026-02-22T20:00:00+06:00,T2,0.169495,0.223104,,,2026-02-21T18:00:00Z,2026-02-21T06:00:00Z,20,mos-logistic-v0
2026-02-22T15:00:00Z,2026-02-22T21:00:00+06:00,T1,0.113426,0.167542,,,2026-02-21T18:00:00Z,2026-02-21T06:00:00Z,21,mos-logistic-v0
2026-02-22T15:00:00Z,2026-02-22T21:00:00+06:00,T2,0.113426,0.167542,,,2026-02-21T18:00:00Z,2026-02-21T06:00:00Z,21,mos-logistic-v0
2026-02-22T16:00:00Z,2026-02-22T22:00:00+06:00,T1,0.065216,0.156198,,,2026-02-21T18:00:00Z,2026-02-21T06:00:00Z,22,mos-logistic-v0
2026-02-22T16:00:00Z,2026-02-22T22:00:00+06:00,T2,0.065216,0.156198,,,2026-02-21T18:00:00Z,2026-02-21T06:00:00Z,22,mos-logistic-v0
2026-02-22T17:00:00Z,2026-02-22T23:00:00+06:00,T1,0.049813,0.192186,,,2026-02-21T18:00:00Z,2026-02-21T06:00:00Z,23,mos-logistic-v0
2026-02-22T17:00:00Z,2026-02-22T23:00:00+06:00,T2,0.049813,0.192186,,,2026-02-21T18:00:00Z,2026-02-21T06:00:00Z,23,mos-logistic-v0
2026-02-22T18:00:00Z,2026-02-23T00:00:00+06:00,T1,0.039986,0.029539,,,2026-02-22T18:00:00Z,2026-02-22T06:00:00Z,0,mos-logistic-v0
2026-02-22T18:00:00Z,2026-02-23T00:00:00+06:00,T2,0.039986,0.029539,,,2026-02-22T18:00:00Z,2026-02-22T06:00:00Z,0,mos-logistic-v0
2026-02-22T19:00:00Z,2026-02-23T01:00:00+06:00,T1,0.063123,0.042465,,,2026-02-22T18:00:00Z,2026-02-22T06:00:00Z,1,mos-logistic-v0
2026-02-22T19:00:00Z,2026-02-23T01:00:00+06:00,T2,0.063123,0.042465,,,2026-02-22T18:00:00Z,2026-02-22T06:00:00Z,1,mos-logistic-v0
2026-02-22T20:00:00Z,2026-02-23T02:00:00+06:00,T1,0.029941,0.036896,,,2026-02-22T18:00:00Z,2026-02-22T06:00:00Z,2,mos-logistic-v0
2026-02-22T20:00:00Z,2026-02-23T02:00:00+06:00,T2,0.029941,0.036896,,,2026-02-22T18:00:00Z,2026-02-22T06:00:00Z,2,mos-logistic-v0
2026-02-22T21:00:00Z,2026-02-23T03:00:00+06:00,T1,0.014629,0.020463,,,2026-02-22T18:00:00Z,2026-02-22T06:00:00Z,3,mos-logistic-v0
2026-02-22T21:00:00Z,2026-02-23T03:00:00+06:00,T2,0.014629,0.020463,,,2026-02-22T18:00:00Z,2026-02-22T06:00:00Z,3,mos-logistic-v0
2026-02-22T22:00:00Z,2026-02-23T04:00:00+06:00,T1,0.014135,0.020048,,,2026-02-22T18:00:00Z,2026-02-22T06:00:00Z,4,mos-logistic-v0
2026-02-22T22:00:00Z,2026-02-23T04:00:00+06:00,T2,0.014135,0.020048,,,2026-02-22T18:00:00Z,2026-02-22T06:00:00Z,4,mos-logistic-v0
2026-02-22T23:00:00Z,2026-02-23T05:00:00+06:00,T1,0.013942,0.017012,,,2026-02-22T18:00:00Z,2026-02-22T06:00:00Z,5,mos-logistic-v0
2026-02-22T23:00:00Z,2026-02-23T05:00:00+06:00,T2,0.013942,0.017012,,,2026-02-22T18:00:00Z,2026-02-22T06:00:00Z,5,mos-logistic-v0
2026-02-23T00:00:00Z,2026-02-23T06:00:00+06:00,T1,0.03225,0.028945,,,2026-02-22T18:00:00Z,2026-02-22T06:00:00Z,6,mos-logistic-v0
2026-02-23T00:00:00Z,2026-02-23T06:00:00+06:00,T2,0.03225,0.028945,,,2026-02-22T18:00:00Z,2026-02-22T06:00:00Z,6,mos-logistic-v0
2026-02-23T01:00:00Z,2026-02-23T07:00:00+06:00,T1,0.102045,0.055001,,,2026-02-22T18:00:00Z,2026-02-22T06:00:00Z,7,mos-logistic-v0
2026-02-23T01:00:00Z,2026-02-23T07:00:00+06:00,T2,0.102045,0.055001,,,2026-02-22T18:00:00Z,2026-02-22T06:00:00Z,7,mos-logistic-v0
2026-02-23T02:00:00Z,2026-02-23T08:00:00+06:00,T1,0.21242,0.097048,,,2026-02-22T18:00:00Z,2026-02-22T06:00:00Z,8,mos-logistic-v0
2026-02-23T02:00:00Z,2026-02-23T08:00:00+06:00,T2,0.21242,0.097048,,,2026-02-22T18:00:00Z,2026-02-22T06:00:00Z,8,mos-logistic-v0
2026-02-23T03:00:00Z,2026-02-23T09:00:00+06:00,T1,0.227973,0.109288,,,2026-02-22T18:00:00Z,2026-02-22T06:00:00Z,9,mos-logistic-v0
2026-02-23T03:00:00Z,2026-02-23T09:00:00+06:00,T2,0.227973,0.109288,,,2026-02-22T18:00:00Z,2026-02-22T06:00:00Z,9,mos-logistic-v0
2026-02-23T04:00:00Z,2026-02-23T10:00:00+06:00,T1,0.218308,0.09766,,,2026-02-22T18:00:00Z,2026-02-22T06:00:00Z,10,mos-logistic-v0
2026-02-23T04:00:00Z,2026-02-23T10:00:00+06:00,T2,0.218308,0.09766,,,2026-02-22T18:00:00Z,2026-02-22T06:00:00Z,10,mos-logistic-v0
2026-02-23T05:00:00Z,2026-02-23T11:00:00+06:00,T1,0.184725,0.118426,,,2026-02-22T18:00:00Z,2026-02-22T06:00:00Z,11,mos-logistic-v0
2026-02-23T05:00:00Z,2026-02-23T11:00:00+06:00,T2,0.184725,0.118426,,,2026-02-22T18:00:00Z,2026-02-22T06:00:00Z,11,mos-logistic-v0
2026-02-23T06:00:00Z,2026-02-23T12:00:00+06:00,T1,0.205507,0.246896,,,2026-02-22T18:00:00Z,2026-02-22T06:00:00Z,12,mos-logistic-v0
2026-02-23T06:00:00Z,2026-02-23T12:00:00+06:00,T2,0.205507,0.246896,,,2026-02-22T18:00:00Z,2026-02-22T06:00:00Z,12,mos-logistic-v0
2026-02-23T07:00:00Z,2026-02-23T13:00:00+06:00,T1,0.17851,0.46347,,,2026-02-22T18:00:00Z,2026-02-22T06:00:00Z,13,mos-logistic-v0
2026-02-23T07:00:00Z,2026-02-23T13:00:00+06:00,T2,0.17851,0.46347,,,2026-02-22T18:00:00Z,2026-02-22T06:00:00Z,13,mos-logistic-v0
2026-02-23T08:00:00Z,2026-02-23T14:00:00+06:00,T1,0.265484,0.531322,,,2026-02-22T18:00:00Z,2026-02-22T06:00:00Z,14,mos-logistic-v0
2026-02-23T08:00:00Z,2026-02-23T14:00:00+06:00,T2,0.265484,0.531322,,,2026-02-22T18:00:00Z,2026-02-22T06:00:00Z,14,mos-logistic-v0
2026-02-23T09:00:00Z,2026-02-23T15:00:00+06:00,T1,0.48432,0.706456,,,2026-02-22T18:00:00Z,2026-02-22T06:00:00Z,15,mos-logistic-v0
2026-02-23T09:00:00Z,2026-02-23T15:00:00+06:00,T2,0.48432,0.706456,,,2026-02-22T18:00:00Z,2026-02-22T06:00:00Z,15,mos-logistic-v0
2026-02-23T10:00:00Z,2026-02-23T16:00:00+06:00,T1,0.510451,0.845628,,,2026-02-22T18:00:00Z,2026-02-22T06:00:00Z,16,mos-logistic-v0
2026-02-23T10:00:00Z,2026-02-23T16:00:00+06:00,T2,0.510451,0.845628,,,2026-02-22T18:00:00Z,2026-02-22T06:00:00Z,16,mos-logistic-v0
2026-02-23T11:00:00Z,2026-02-23T17:00:00+06:00,T1,0.796757,0.877885,,,2026-02-22T18:00:00Z,2026-02-22T06:00:00Z,17,mos-logistic-v0
2026-02-23T11:00:00Z,2026-02-23T17:00:00+06:00,T2,0.796757,0.877885,,,2026-02-22T18:00:00Z,2026-02-22T06:00:00Z,17,mos-logistic-v0
2026-02-23T12:00:00Z,2026-02-23T18:00:00+06:00,T1,0.893395,0.909465,,,2026-02-22T18:00:00Z,2026-02-22T06:00:00Z,18,mos-logistic-v0
2026-02-23T12:00:00Z,2026-02-23T18:00:00+06:00,T2,0.893395,0.909465,,,2026-02-22T18:00:00Z,2026-02-22T06:00:00Z,18,mos-logistic-v0
2026-02-23T13:00:00Z,2026-02-23T19:00:00+06:00,T1,0.953693,0.942407,,,2026-02-22T18:00:00Z,2026-02-22T06:00:00Z,19,mos-logistic-v0
2026-02-23T13:00:00Z,2026-02-23T19:00:00+06:00,T2,0.953693,0.942407,,,2026-02-22T18:00:00Z,2026-02-22T06:00:00Z,19,mos-logistic-v0
2026-02-23T14:00:00Z,2026-02-23T20:00:00+06:00,T1,0.953073,0.943901,,,2026-02-22T18:00:00Z,2026-02-22T06:00:00Z,20,mos-logistic-v0
2026-02-23T14:00:00Z,2026-02-23T20:00:00+06:00,T2,0.953073,0.943901,,,2026-02-22T18:00:00Z,2026-02-22T06:00:00Z,20,mos-logistic-v0
2026-02-23T15:00:00Z,2026-02-23T21:00:00+06:00,T1,0.953073,0.944998,,,2026-02-22T18:00:00Z,2026-02-22T06:00:00Z,21,mos-logistic-v0
2026-02-23T15:00:00Z,2026-02-23T21:00:00+06:00,T2,0.953073,0.944998,,,2026-02-22T18:00:00Z,2026-02-22T06:00:00Z,21,mos-logistic-v0
2026-02-23T16:00:00Z,2026-02-23T22:00:00+06:00,T1,0.943901,0.940486,,,2026-02-22T18:00:00Z,2026-02-22T06:00:00Z,22,mos-logistic-v0
2026-02-23T16:00:00Z,2026-02-23T22:00:00+06:00,T2,0.943901,0.940486,,,2026-02-22T18:00:00Z,2026-02-22T06:00:00Z,22,mos-logistic-v0
2026-02-23T17:00:00Z,2026-02-23T23:00:00+06:00,T1,0.962605,0.939304,,,2026-02-22T18:00:00Z,2026-02-22T06:00:00Z,23,mos-logistic-v0
2026-02-23T17:00:00Z,2026-02-23T23:00:00+06:00,T2,0.962605,0.939304,,,2026-02-22T18:00:00Z,2026-02-22T06:00:00Z,23,mos-logistic-v0
2026-02-23T18:00:00Z,2026-02-24T00:00:00+06:00,T1,0.917713,0.936876,,,2026-02-23T18:00:00Z,2026-02-23T06:00:00Z,0,mos-logistic-v0
2026-02-23T18:00:00Z,2026-02-24T00:00:00+06:00,T2,0.917713,0.936876,,,2026-02-23T18:00:00Z,2026-02-23T06:00:00Z,0,mos-logistic-v0
2026-02-23T19:00:00Z,2026-02-24T01:00:00+06:00,T1,0.894057,0.905962,,,2026-02-23T18:00:00Z,2026-02-23T06:00:00Z,1,mos-logistic-v0
2026-02-23T19:00:00Z,2026-02-24T01:00:00+06:00,T2,0.894057,0.905962,,,2026-02-23T18:00:00Z,2026-02-23T06:00:00Z,1,mos-logistic-v0
2026-02-23T20:00:00Z,2026-02-24T02:00:00+06:00,T1,0.82554,0.880842,,,2026-02-23T18:00:00Z,2026-02-23T06:00:00Z,2,mos-logistic-v0
2026-02-23T20:00:00Z,2026-02-24T02:00:00+06:00,T2,0.82554,0.880842,,,2026-02-23T18:00:00Z,2026-02-23T06:00:00Z,2,mos-logistic-v0
2026-02-23T21:00:00Z,2026-02-24T03:00:00+06:00,T1,0.763322,0.785236,,,2026-02-23T18:00:00Z,2026-02-23T06:00:00Z,3,mos-logistic-v0
2026-02-23T21:00:00Z,2026-02-24T03:00:00+06:00,T2,0.763322,0.785236,,,2026-02-23T18:00:00Z,2026-02-23T06:00:00Z,3,mos-logistic-v0
2026-02-23T22:00:00Z,2026-02-24T04:00:00+06:00,T1,0.702101,0.788741,,,2026-02-23T18:00:00Z,2026-02-23T06:00:00Z,4,mos-logistic-v0
2026-02-23T22:00:00Z,2026-02-24T04:00:00+06:00,T2,0.702101,0.788741,,,2026-02-23T18:00:00Z,2026-02-23T06:00:00Z,4,mos-logistic-v0
2026-02-23T23:00:00Z,2026-02-24T05:00:00+06:00,T1,0.739913,0.826541,,,2026-02-23T18:00:00Z,2026-02-23T06:00:00Z,5,mos-logistic-v0
2026-02-23T23:00:00Z,2026-02-24T05:00:00+06:00,T2,0.739913,0.826541,,,2026-02-23T18:00:00Z,2026-02-23T06:00:00Z,5,mos-logistic-v0
2026-02-24T00:00:00Z,2026-02-24T06:00:00+06:00,T1,0.727661,0.834391,,,2026-02-23T18:00:00Z,2026-02-23T06:00:00Z,6,mos-logistic-v0
2026-02-24T00:00:00Z,2026-02-24T06:00:00+06:00,T2,0.727661,0.834391,,,2026-02-23T18:00:00Z,2026-02-23T06:00:00Z,6,mos-logistic-v0
2026-02-24T01:00:00Z,2026-02-24T07:00:00+06:00,T1,0.702101,0.848338,,,2026-02-23T18:00:00Z,2026-02-23T06:00:00Z,7,mos-logistic-v0
2026-02-24T01:00:00Z,2026-02-24T07:00:00+06:00,T2,0.702101,0.848338,,,2026-02-23T18:00:00Z,2026-02-23T06:00:00Z,7,mos-logistic-v0
2026-02-24T02:00:00Z,2026-02-24T08:00:00+06:00,T1,0.643928,0.786409,,,2026-02-23T18:00:00Z,2026-02-23T06:00:00Z,8,mos-logistic-v0
2026-02-24T02:00:00Z,2026-02-24T08:00:00+06:00,T2,0.643928,0.786409,,,2026-02-23T18:00:00Z,2026-02-23T06:00:00Z,8,mos-logistic-v0
2026-02-24T03:00:00Z,2026-02-24T09:00:00+06:00,T1,0.50174,0.679782,,,2026-02-23T18:00:00Z,2026-02-23T06:00:00Z,9,mos-logistic-v0
2026-02-24T03:00:00Z,2026-02-24T09:00:00+06:00,T2,0.50174,0.679782,,,2026-02-23T18:00:00Z,2026-02-23T06:00:00Z,9,mos-logistic-v0
2026-02-24T04:00:00Z,2026-02-24T10:00:00+06:00,T1,0.444466,0.684316,,,2026-02-23T18:00:00Z,2026-02-23T06:00:00Z,10,mos-logistic-v0
2026-02-24T04:00:00Z,2026-02-24T10:00:00+06:00,T2,0.444466,0.684316,,,2026-02-23T18:00:00Z,2026-02-23T06:00:00Z,10,mos-logistic-v0
2026-02-24T05:00:00Z,2026-02-24T11:00:00+06:00,T1,0.367331,0.647118,,,2026-02-23T18:00:00Z,2026-02-23T06:00:00Z,11,mos-logistic-v0
2026-02-24T05:00:00Z,2026-02-24T11:00:00+06:00,T2,0.367331,0.647118,,,2026-02-23T18:00:00Z,2026-02-23T06:00:00Z,11,mos-logistic-v0
2026-02-24T06:00:00Z,2026-02-24T12:00:00+06:00,T1,0.382028,0.603053,,,2026-02-23T18:00:00Z,2026-02-23T06:00:00Z,12,mos-logistic-v0
2026-02-24T06:00:00Z,2026-02-24T12:00:00+06:00,T2,0.382028,0.603053,,,2026-02-23T18:00:00Z,2026-02-23T06:00:00Z,12,mos-logistic-v0
2026-02-24T07:00:00Z,2026-02-24T13:00:00+06:00,T1,0.432454,0.539991,,,2026-02-23T18:00:00Z,2026-02-23T06:00:00Z,13,mos-logistic-v0
2026-02-24T07:00:00Z,2026-02-24T13:00:00+06:00,T2,0.432454,0.539991,,,2026-02-23T18:00:00Z,2026-02-23T06:00:00Z,13,mos-logistic-v0
2026-02-24T08:00:00Z,2026-02-24T14:00:00+06:00,T1,0.432454,0.446188,,,2026-02-23T18:00:00Z,2026-02-23T06:00:00Z,14,mos-logistic-v0
2026-02-24T08:00:00Z,2026-02-24T14:00:00+06:00,T2,0.432454,0.446188,,,2026-02-23T18:00:00Z,2026-02-23T06:00:00Z,14,mos-logistic-v0
2026-02-24T09:00:00Z,2026-02-24T15:00:00+06:00,T1,0.410365,0.357667,,,2026-02-23T18:00:00Z,2026-02-23T06:00:00Z,15,mos-logistic-v0
2026-02-24T09:00:00Z,2026-02-24T15:00:00+06:00,T2,0.410365,0.357667,,,2026-02-23T18:00:00Z,2026-02-23T06:00:00Z,15,mos-logistic-v0
2026-02-24T10:00:00Z,2026-02-24T16:00:00+06:00,T1,0.368953,0.248194,,,2026-02-23T18:00:00Z,2026-02-23T06:00:00Z,16,mos-logistic-v0
2026-02-24T10:00:00Z,2026-02-24T16:00:00+06:00,T2,0.368953,0.248194,,,2026-02-23T18:00:00Z,2026-02-23T06:00:00Z,16,mos-logistic-v0
2026-02-24T11:00:00Z,2026-02-24T17:00:00+06:00,T1,0.260083,0.195454,,,2026-02-23T18:00:00Z,2026-02-23T06:00:00Z,17,mos-logistic-v0
2026-02-24T11:00:00Z,2026-02-24T17:00:00+06:00,T2,0.260083,0.195454,,,2026-02-23T18:00:00Z,2026-02-23T06:00:00Z,17,mos-logistic-v0
2026-02-24T12:00:00Z,2026-02-24T18:00:00+06:00,T1,0.183678,0.122862,,,2026-02-23T18:00:00Z,2026-02-23T06:00:00Z,18,mos-logistic-v0
2026-02-24T12:00:00Z,2026-02-24T18:00:00+06:00,T2,0.183678,0.122862,,,2026-02-23T18:00:00Z,2026-02-23T06:00:00Z,18,mos-logistic-v0
2026-02-24T13:00:00Z,2026-02-24T19:00:00+06:00,T1,0.168516,0.078675,,,2026-02-23T18:00:00Z,2026-02-23T06:00:00Z,19,mos-logistic-v0
2026-02-24T13:00:00Z,2026-02-24T19:00:00+06:00,T2,0.168516,0.078675,,,2026-02-23T18:00:00Z,2026-02-23T06:00:00Z,19,mos-logistic-v0
2026-02-24T14:00:00Z,2026-02-24T20:00:00+06:00,T1,0.159908,0.040797,,,2026-02-23T18:00:00Z,2026-02-23T06:00:00Z,20,mos-logistic-v0
2026-02-24T14:00:00Z,2026-02-24T20:00:00+06:00,T2,0.159908,0.040797,,,2026-02-23T18:00:00Z,2026-02-23T06:00:00Z,20,mos-logistic-v0
2026-02-24T15:00:00Z,2026-02-24T21:00:00+06:00,T1,0.142908,0.022513,,,2026-02-23T18:00:00Z,2026-02-23T06:00:00Z,21,mos-logistic-v0
2026-02-24T15:00:00Z,2026-02-24T21:00:00+06:00,T2,0.142908,0.022513,,,2026-02-23T18:00:00Z,2026-02-23T06:00:00Z,21,mos-logistic-v0
2026-02-24T16:00:00Z,2026-02-24T22:00:00+06:00,T1,0.060694,0.056468,,,2026-02-23T18:00:00Z,2026-02-23T06:00:00Z,22,mos-logistic-v0
2026-02-24T16:00:00Z,2026-02-24T22:00:00+06:00,T2,0.060694,0.056468,,,2026-02-23T18:00:00Z,2026-02-23T06:00:00Z,22,mos-logistic-v0
2026-02-24T17:00:00Z,2026-02-24T23:00:00+06:00,T1,0.027605,0.078675,,,2026-02-23T18:00:00Z,2026-02-23T06:00:00Z,23,mos-logistic-v0
2026-02-24T17:00:00Z,2026-02-24T23:00:00+06:00,T2,0.027605,0.078675,,,2026-02-23T18:00:00Z,2026-02-23T06:00:00Z,23,mos-logistic-v0
2026-02-24T18:00:00Z,2026-02-25T00:00:00+06:00,T1,0.03867,0.068699,,,2026-02-24T18:00:00Z,2026-02-24T06:00:00Z,0,mos-logistic-v0
2026-02-24T18:00:00Z,2026-02-25T00:00:00+06:00,T2,0.03867,0.068699,,,2026-02-24T18:00:00Z,2026-02-24T06:00:00Z,0,mos-logistic-v0
2026-02-24T19:00:00Z,2026-02-25T01:00:00+06:00,T1,0.062712,0.05183,,,2026-02-24T18:00:00Z,2026-02-24T06:00:00Z,1,mos-logistic-v0
2026-02-24T19:00:00Z,2026-02-25T01:00:00+06:00,T2,0.062712,0.05183,,,2026-02-24T18:00:00Z,2026-02-24T06:00:00Z,1,mos-logistic-v0
2026-02-24T20:00:00Z,2026-02-25T02:00:00+06:00,T1,0.045392,0.104628,,,2026-02-24T18:00:00Z,2026-02-24T06:00:00Z,2,mos-logistic-v0
2026-02-24T20:00:00Z,2026-02-25T02:00:00+06:00,T2,0.045392,0.104628,,,2026-02-24T18:00:00Z,2026-02-24T06:00:00Z,2,mos-logistic-v0
2026-02-24T21:00:00Z,2026-02-25T03:00:00+06:00,T1,0.023293,0.172459,,,2026-02-24T18:00:00Z,2026-02-24T06:00:00Z,3,mos-logistic-v0
2026-02-24T21:00:00Z,2026-02-25T03:00:00+06:00,T2,0.023293,0.172459,,,2026-02-24T18:00:00Z,2026-02-24T06:00:00Z,3,mos-logistic-v0
2026-02-24T22:00:00Z,2026-02-25T04:00:00+06:00,T1,0.02562,0.241748,,,2026-02-24T18:00:00Z,2026-02-24T06:00:00Z,4,mos-logistic-v0
2026-02-24T22:00:00Z,2026-02-25T04:00:00+06:00,T2,0.02562,0.241748,,,2026-02-24T18:00:00Z,2026-02-24T06:00:00Z,4,mos-logistic-v0
2026-02-24T23:00:00Z,2026-02-25T05:00:00+06:00,T1,0.041623,0.31118,,,2026-02-24T18:00:00Z,2026-02-24T06:00:00Z,5,mos-logistic-v0
2026-02-24T23:00:00Z,2026-02-25T05:00:00+06:00,T2,0.041623,0.31118,,,2026-02-24T18:00:00Z,2026-02-24T06:00:00Z,5,mos-logistic-v0
2026-02-25T00:00:00Z,2026-02-25T06:00:00+06:00,T1,0.047553,0.408679,,,2026-02-24T18:00:00Z,2026-02-24T06:00:00Z,6,mos-logistic-v0
2026-02-25T00:00:00Z,2026-02-25T06:00:00+06:00,T2,0.047553,0.408679,,,2026-02-24T18:00:00Z,2026-02-24T06:00:00Z,6,mos-logistic-v0
2026-02-25T01:00:00Z,2026-02-25T07:00:00+06:00,T1,0.034266,0.360876,,,2026-02-24T18:00:00Z,2026-02-24T06:00:00Z,7,mos-logistic-v0
2026-02-25T01:00:00Z,2026-02-25T07:00:00+06:00,T2,0.034266,0.360876,,,2026-02-24T18:00:00Z,2026-02-24T06:00:00Z,7,mos-logistic-v0
2026-02-25T02:00:00Z,2026-02-25T08:00:00+06:00,T1,0.044791,0.435879,,,2026-02-24T18:00:00Z,2026-02-24T06:00:00Z,8,mos-logistic-v0
2026-02-25T02:00:00Z,2026-02-25T08:00:00+06:00,T2,0.044791,0.435879,,,2026-02-24T18:00:00Z,2026-02-24T06:00:00Z,8,mos-logistic-v0
2026-02-25T03:00:00Z,2026-02-25T09:00:00+06:00,T1,0.043324,0.475621,,,2026-02-24T18:00:00Z,2026-02-24T06:00:00Z,9,mos-logistic-v0
2026-02-25T03:00:00Z,2026-02-25T09:00:00+06:00,T2,0.043324,0.475621,,,2026-02-24T18:00:00Z,2026-02-24T06:00:00Z,9,mos-logistic-v0
2026-02-25T04:00:00Z,2026-02-25T10:00:00+06:00,T1,0.048189,0.482579,,,2026-02-24T18:00:00Z,2026-02-24T06:00:00Z,10,mos-logistic-v0
2026-02-25T04:00:00Z,2026-02-25T10:00:00+06:00,T2,0.048189,0.482579,,,2026-02-24T18:00:00Z,2026-02-24T06:00:00Z,10,mos-logistic-v0
2026-02-25T05:00:00Z,2026-02-25T11:00:00+06:00,T1,0.031818,0.54518,,,2026-02-24T18:00:00Z,2026-02-24T06:00:00Z,11,mos-logistic-v0
2026-02-25T05:00:00Z,2026-02-25T11:00:00+06:00,T2,0.031818,0.54518,,,2026-02-24T18:00:00Z,2026-02-24T06:00:00Z,11,mos-logistic-v0
2026-02-25T06:00:00Z,2026-02-25T12:00:00+06:00,T1,0.044494,0.546908,,,2026-02-24T18:00:00Z,2026-02-24T06:00:00Z,12,mos-logistic-v0
2026-02-25T06:00:00Z,2026-02-25T12:00:00+06:00,T2,0.044494,0.546908,,,2026-02-24T18:00:00Z,2026-02-24T06:00:00Z,12,mos-logistic-v0
2026-02-25T07:00:00Z,2026-02-25T13:00:00+06:00,T1,0.040255,0.562402,,,2026-02-24T18:00:00Z,2026-02-24T06:00:00Z,13,mos-logistic-v0
2026-02-25T07:00:00Z,2026-02-25T13:00:00+06:00,T2,0.040255,0.562402,,,2026-02-24T18:00:00Z,2026-02-24T06:00:00Z,13,mos-logistic-v0
2026-02-25T08:00:00Z,2026-02-25T14:00:00+06:00,T1,0.044791,0.482579,,,2026-02-24T18:00:00Z,2026-02-24T06:00:00Z,14,mos-logistic-v0
2026-02-25T08:00:00Z,2026-02-25T14:00:00+06:00,T2,0.044791,0.482579,,,2026-02-24T18:00:00Z,2026-02-24T06:00:00Z,14,mos-logistic-v0
2026-02-25T09:00:00Z,2026-02-25T15:00:00+06:00,T1,0.03893,0.395276,,,2026-02-24T18:00:00Z,2026-02-24T06:00:00Z,15,mos-logistic-v0
2026-02-25T09:00:00Z,2026-02-25T15:00:00+06:00,T2,0.03893,0.395276,,,2026-02-24T18:00:00Z,2026-02-24T06:00:00Z,15,mos-logistic-v0
2026-02-25T10:00:00Z,2026-02-25T16:00:00+06:00,T1,0.03118,0.299355,,,2026-02-24T18:00:00Z,2026-02-24T06:00:00Z,16,mos-logistic-v0
2026-02-25T10:00:00Z,2026-02-25T16:00:00+06:00,T2,0.03118,0.299355,,,2026-02-24T18:00:00Z,2026-02-24T06:00:00Z,16,mos-logistic-v0
2026-02-25T11:00:00Z,2026-02-25T17:00:00+06:00,T1,0.035201,0.314176,,,2026-02-24T18:00:00Z,2026-02-24T06:00:00Z,17,mos-logistic-v0
2026-02-25T11:00:00Z,2026-02-25T17:00:00+06:00,T2,0.035201,0.314176,,,2026-02-24T18:00:00Z,2026-02-24T06:00:00Z,17,mos-logistic-v0
2026-02-25T12:00:00Z,2026-02-25T18:00:00+06:00,T1,0.04107,0.3082,,,2026-02-24T18:00:00Z,2026-02-24T06:00:00Z,18,mos-logistic-v0
2026-02-25T12:00:00Z,2026-02-25T18:00:00+06:00,T2,0.04107,0.3082,,,2026-02-24T18:00:00Z,2026-02-24T06:00:00Z,18,mos-logistic-v0
2026-02-25T13:00:00Z,2026-02-25T19:00:00+06:00,T1,0.034731,0.250804,,,2026-02-24T18:00:00Z,2026-02-24T06:00:00Z,19,mos-logistic-v0
2026-02-25T13:00:00Z,2026-02-25T19:00:00+06:00,T2,0.034731,0.250804,,,2026-02-24T18:00:00Z,2026-02-24T06:00:00Z,19,mos-logistic-v0
2026-02-25T14:00:00Z,2026-02-25T20:00:00+06:00,T1,0.018218,0.337129,,,2026-02-24T18:00:00Z,2026-02-24T06:00:00Z,20,mos-logistic-v0
2026-02-25T14:00:00Z,2026-02-25T20:00:00+06:00,T2,0.018218,0.337129,,,2026-02-24T18:00:00Z,2026-02-24T06:00:00Z,20,mos-logistic-v0
2026-02-25T15:00:00Z,2026-02-25T21:00:00+06:00,T1,0.046615,0.398613,,,2026-02-24T18:00:00Z,2026-02-24T06:00:00Z,21,mos-logistic-v0
2026-02-25T15:00:00Z,2026-02-25T21:00:00+06:00,T2,0.046615,0.398613,,,2026-02-24T18:00:00Z,2026-02-24T06:00:00Z,21,mos-logistic-v0
2026-02-25T16:00:00Z,2026-02-25T22:00:00+06:00,T1,0.126668,0.406996,,,2026-02-24T18:00:00Z,2026-02-24T06:00:00Z,22,mos-logistic-v0
2026-02-25T16:00:00Z,2026-02-25T22:00:00+06:00,T2,0.126668,0.406996,,,2026-02-24T18:00:00Z,2026-02-24T06:00:00Z,22,mos-logistic-v0
2026-02-25T17:00:00Z,2026-02-25T23:00:00+06:00,T1,0.265484,0.48432,,,2026-02-24T18:00:00Z,2026-02-24T06:00:00Z,23,mos-logistic-v0
2026-02-25T17:00:00Z,2026-02-25T23:00:00+06:00,T2,0.265484,0.48432,,,2026-02-24T18:00:00Z,2026-02-24T06:00:00Z,23,mos-logistic-v0
2026-02-25T18:00:00Z,2026-02-26T00:00:00+06:00,T1,0.598037,0.47736,,,2026-02-25T18:00:00Z,2026-02-25T06:00:00Z,0,mos-logistic-v0
2026-02-25T18:00:00Z,2026-02-26T00:00:00+06:00,T2,0.598037,0.47736,,,2026-02-25T18:00:00Z,2026-02-25T06:00:00Z,0,mos-logistic-v0
2026-02-25T19:00:00Z,2026-02-26T01:00:00+06:00,T1,0.781688,0.576074,,,2026-02-25T18:00:00Z,2026-02-25T06:00:00Z,1,mos-logistic-v0
2026-02-25T19:00:00Z,2026-02-26T01:00:00+06:00,T2,0.781688,0.576074,,,2026-02-25T18:00:00Z,2026-02-25T06:00:00Z,1,mos-logistic-v0
2026-02-25T20:00:00Z,2026-02-26T02:00:00+06:00,T1,0.793349,0.684316,,,2026-02-25T18:00:00Z,2026-02-25T06:00:00Z,2,mos-logistic-v0
2026-02-25T20:00:00Z,2026-02-26T02:00:00+06:00,T2,0.793349,0.684316,,,2026-02-25T18:00:00Z,2026-02-25T06:00:00Z,2,mos-logistic-v0
2026-02-25T21:00:00Z,2026-02-26T03:00:00+06:00,T1,0.762061,0.643928,,,2026-02-25T18:00:00Z,2026-02-25T06:00:00Z,3,mos-logistic-v0
2026-02-25T21:00:00Z,2026-02-26T03:00:00+06:00,T2,0.762061,0.643928,,,2026-02-25T18:00:00Z,2026-02-25T06:00:00Z,3,mos-logistic-v0
2026-02-25T22:00:00Z,2026-02-26T04:00:00+06:00,T1,0.57096,0.444466,,,2026-02-25T18:00:00Z,2026-02-25T06:00:00Z,4,mos-logistic-v0
2026-02-25T22:00:00Z,2026-02-26T04:00:00+06:00,T2,0.57096,0.444466,,,2026-02-25T18:00:00Z,2026-02-25T06:00:00Z,4,mos-logistic-v0
2026-02-25T23:00:00Z,2026-02-26T05:00:00+06:00,T1,0.449635,0.458274,,,2026-02-25T18:00:00Z,2026-02-25T06:00:00Z,5,mos-logistic-v0
2026-02-25T23:00:00Z,2026-02-26T05:00:00+06:00,T2,0.449635,0.458274,,,2026-02-25T18:00:00Z,2026-02-25T06:00:00Z,5,mos-logistic-v0
2026-02-26T00:00:00Z,2026-02-26T06:00:00+06:00,T1,0.396943,0.334021,,,2026-02-25T18:00:00Z,2026-02-25T06:00:00Z,6,mos-logistic-v0
2026-02-26T00:00:00Z,2026-02-26T06:00:00+06:00,T2,0.396943,0.334021,,,2026-02-25T18:00:00Z,2026-02-25T06:00:00Z,6,mos-logistic-v0
2026-02-26T01:00:00Z,2026-02-26T07:00:00+06:00,T1,0.454815,0.577776,,,2026-02-25T18:00:00Z,2026-02-25T06:00:00Z,7,mos-logistic-v0
2026-02-26T01:00:00Z,2026-02-26T07:00:00+06:00,T2,0.454815,0.577776,,,2026-02-25T18:00:00Z,2026-02-25T06:00:00Z,7,mos-logistic-v0
2026-02-26T02:00:00Z,2026-02-26T08:00:00+06:00,T1,0.380383,0.609707,,,2026-02-25T18:00:00Z,2026-02-25T06:00:00Z,8,mos-logistic-v0
2026-02-26T02:00:00Z,2026-02-26T08:00:00+06:00,T2,0.380383,0.609707,,,2026-02-25T18:00:00Z,2026-02-25T06:00:00Z,8,mos-logistic-v0
2026-02-26T03:00:00Z,2026-02-26T09:00:00+06:00,T1,0.522635,0.200992,,,2026-02-25T18:00:00Z,2026-02-25T06:00:00Z,9,mos-logistic-v0
2026-02-26T03:00:00Z,2026-02-26T09:00:00+06:00,T2,0.522635,0.200992,,,2026-02-25T18:00:00Z,2026-02-25T06:00:00Z,9,mos-logistic-v0
2026-02-26T04:00:00Z,2026-02-26T10:00:00+06:00,T1,0.418823,0.052173,,,2026-02-25T18:00:00Z,2026-02-25T06:00:00Z,10,mos-logistic-v0
2026-02-26T04:00:00Z,2026-02-26T10:00:00+06:00,T2,0.418823,0.052173,,,2026-02-25T18:00:00Z,2026-02-25T06:00:00Z,10,mos-logistic-v0
2026-02-26T05:00:00Z,2026-02-26T11:00:00+06:00,T1,0.081761,0.510451,,,2026-02-25T18:00:00Z,2026-02-25T06:00:00Z,11,mos-logistic-v0
2026-02-26T05:00:00Z,2026-02-26T11:00:00+06:00,T2,0.081761,0.510451,,,2026-02-25T18:00:00Z,2026-02-25T06:00:00Z,11,mos-logistic-v0
2026-02-26T06:00:00Z,2026-02-26T12:00:00+06:00,T1,0.883738,0.599711,,,2026-02-25T18:00:00Z,2026-02-25T06:00:00Z,12,mos-logistic-v0
2026-02-26T06:00:00Z,2026-02-26T12:00:00+06:00,T2,0.883738,0.599711,,,2026-02-25T18:00:00Z,2026-02-25T06:00:00Z,12,mos-logistic-v0
2026-02-26T07:00:00Z,2026-02-26T13:00:00+06:00,T1,0.634283,0.344961,,,2026-02-25T18:00:00Z,2026-02-25T06:00:00Z,13,mos-logistic-v0
2026-02-26T07:00:00Z,2026-02-26T13:00:00+06:00,T2,0.634283,0.344961,,,2026-02-25T18:00:00Z,2026-02-25T06:00:00Z,13,mos-logistic-v0
2026-02-26T08:00:00Z,2026-02-26T14:00:00+06:00,T1,0.1177,0.332472,,,2026-02-25T18:00:00Z,2026-02-25T06:00:00Z,14,mos-logistic-v0
2026-02-26T08:00:00Z,2026-02-26T14:00:00+06:00,T2,0.1177,0.332472,,,2026-02-25T18:00:00Z,2026-02-25T06:00:00Z,14,mos-logistic-v0
2026-02-26T09:00:00Z,2026-02-26T15:00:00+06:00,T1,0.192186,0.187895,,,2026-02-25T18:00:00Z,2026-02-25T06:00:00Z,15,mos-logistic-v0
2026-02-26T09:00:00Z,2026-02-26T15:00:00+06:00,T2,0.192186,0.187895,,,2026-02-25T18:00:00Z,2026-02-25T06:00:00Z,15,mos-logistic-v0
2026-02-26T10:00:00Z,2026-02-26T16:00:00+06:00,T1,0.309688,0.190031,,,2026-02-25T18:00:00Z,2026-02-25T06:00:00Z,16,mos-logistic-v0
2026-02-26T10:00:00Z,2026-02-26T16:00:00+06:00,T2,0.309688,0.190031,,,2026-02-25T18:00:00Z,2026-02-25T06:00:00Z,16,mos-logistic-v0
2026-02-26T11:00:00Z,2026-02-26T17:00:00+06:00,T1,0.405315,0.140366,,,2026-02-25T18:00:00Z,2026-02-25T06:00:00Z,17,mos-logistic-v0
2026-02-26T11:00:00Z,2026-02-26T17:00:00+06:00,T2,0.405315,0.140366,,,2026-02-25T18:00:00Z,2026-02-25T06:00:00Z,17,mos-logistic-v0
2026-02-26T12:00:00Z,2026-02-26T18:00:00+06:00,T1,0.616321,0.635898,,,2026-02-25T18:00:00Z,2026-02-25T06:00:00Z,18,mos-logistic-v0
2026-02-26T12:00:00Z,2026-02-26T18:00:00+06:00,T2,0.616321,0.635898,,,2026-02-25T18:00:00Z,2026-02-25T06:00:00Z,18,mos-logistic-v0
2026-02-26T13:00:00Z,2026-02-26T19:00:00+06:00,T1,0.726277,0.81632,,,2026-02-25T18:00:00Z,2026-02-25T06:00:00Z,19,mos-logistic-v0
2026-02-26T13:00:00Z,2026-02-26T19:00:00+06:00,T2,0.726277,0.81632,,,2026-02-25T18:00:00Z,2026-02-25T06:00:00Z,19,mos-logistic-v0
2026-02-26T14:00:00Z,2026-02-26T20:00:00+06:00,T1,0.699177,0.599711,,,2026-02-25T18:00:00Z,2026-02-25T06:00:00Z,20,mos-logistic-v0
2026-02-26T14:00:00Z,2026-02-26T20:00:00+06:00,T2,0.699177,0.599711,,,2026-02-25T18:00:00Z,2026-02-25T06:00:00Z,20,mos-logistic-v0
2026-02-26T15:00:00Z,2026-02-26T21:00:00+06:00,T1,0.655035,0.593,,,2026-02-25T18:00:00Z,2026-02-25T06:00:00Z,21,mos-logistic-v0
2026-02-26T15:00:00Z,2026-02-26T21:00:00+06:00,T2,0.655035,0.593,,,2026-02-25T18:00:00Z,2026-02-25T06:00:00Z,21,mos-logistic-v0
2026-02-26T16:00:00Z,2026-02-26T22:00:00+06:00,T1,0.631043,0.832456,,,2026-02-25T18:00:00Z,2026-02-25T06:00:00Z,22,mos-logistic-v0
2026-02-26T16:00:00Z,2026-02-26T22:00:00+06:00,T2,0.631043,0.832456,,,2026-02-25T18:00:00Z,2026-02-25T06:00:00Z,22,mos-logistic-v0
2026-02-26T17:00:00Z,2026-02-26T23:00:00+06:00,T1,0.678263,0.690308,,,2026-02-25T18:00:00Z,2026-02-25T06:00:00Z,23,mos-logistic-v0
2026-02-26T17:00:00Z,2026-02-26T23:00:00+06:00,T2,0.678263,0.690308,,,2026-02-25T18:00:00Z,2026-02-25T06:00:00Z,23,mos-logistic-v0
2026-02-26T18:00:00Z,2026-02-27T00:00:00+06:00,T1,0.682809,0.776893,,,2026-02-26T18:00:00Z,2026-02-26T06:00:00Z,0,mos-logistic-v0
2026-02-26T18:00:00Z,2026-02-27T00:00:00+06:00,T2,0.682809,0.776893,,,2026-02-26T18:00:00Z,2026-02-26T06:00:00Z,0,mos-logistic-v0
2026-02-26T19:00:00Z,2026-02-27T01:00:00+06:00,T1,0.408679,0.822508,,,2026-02-26T18:00:00Z,2026-02-26T06:00:00Z,1,mos-logistic-v0
2026-02-26T19:00:00Z,2026-02-27T01:00:00+06:00,T2,0.408679,0.822508,,,2026-02-26T18:00:00Z,2026-02-26T06:00:00Z,1,mos-logistic-v0
2026-02-26T20:00:00Z,2026-02-27T02:00:00+06:00,T1,0.314176,0.852768,,,2026-02-26T18:00:00Z,2026-02-26T06:00:00Z,2,mos-logistic-v0
2026-02-26T20:00:00Z,2026-02-27T02:00:00+06:00,T2,0.314176,0.852768,,,2026-02-26T18:00:00Z,2026-02-26T06:00:00Z,2,mos-logistic-v0
2026-02-26T21:00:00Z,2026-02-27T03:00:00+06:00,T1,0.505225,0.881572,,,2026-02-26T18:00:00Z,2026-02-26T06:00:00Z,3,mos-logistic-v0
2026-02-26T21:00:00Z,2026-02-27T03:00:00+06:00,T2,0.505225,0.881572,,,2026-02-26T18:00:00Z,2026-02-26T06:00:00Z,3,mos-logistic-v0
2026-02-26T22:00:00Z,2026-02-27T04:00:00+06:00,T1,0.541722,0.776893,,,2026-02-26T18:00:00Z,2026-02-26T06:00:00Z,4,mos-logistic-v0
2026-02-26T22:00:00Z,2026-02-27T04:00:00+06:00,T2,0.541722,0.776893,,,2026-02-26T18:00:00Z,2026-02-26T06:00:00Z,4,mos-logistic-v0
2026-02-26T23:00:00Z,2026-02-27T05:00:00+06:00,T1,0.429036,0.609707,,,2026-02-26T18:00:00Z,2026-02-26T06:00:00Z,5,mos-logistic-v0
2026-02-26T23:00:00Z,2026-02-27T05:00:00+06:00,T2,0.429036,0.609707,,,2026-02-26T18:00:00Z,2026-02-26T06:00:00Z,5,mos-logistic-v0
2026-02-27T00:00:00Z,2026-02-27T06:00:00+06:00,T1,0.383674,0.548635,,,2026-02-26T18:00:00Z,2026-02-26T06:00:00Z,6,mos-logistic-v0
2026-02-27T00:00:00Z,2026-02-27T06:00:00+06:00,T2,0.383674,0.548635,,,2026-02-26T18:00:00Z,2026-02-26T06:00:00Z,6,mos-logistic-v0
2026-02-27T01:00:00Z,2026-02-27T07:00:00+06:00,T1,0.396943,0.555529,,,2026-02-26T18:00:00Z,2026-02-26T06:00:00Z,7,mos-logistic-v0
2026-02-27T01:00:00Z,2026-02-27T07:00:00+06:00,T2,0.396943,0.555529,,,2026-02-26T18:00:00Z,2026-02-26T06:00:00Z,7,mos-logistic-v0
2026-02-27T02:00:00Z,2026-02-27T08:00:00+06:00,T1,0.398613,0.517416,,,2026-02-26T18:00:00Z,2026-02-26T06:00:00Z,8,mos-logistic-v0
2026-02-27T02:00:00Z,2026-02-27T08:00:00+06:00,T2,0.398613,0.517416,,,2026-02-26T18:00:00Z,2026-02-26T06:00:00Z,8,mos-logistic-v0
2026-02-27T03:00:00Z,2026-02-27T09:00:00+06:00,T1,0.265484,0.456544,,,2026-02-26T18:00:00Z,2026-02-26T06:00:00Z,9,mos-logistic-v0
2026-02-27T03:00:00Z,2026-02-27T09:00:00+06:00,T2,0.265484,0.456544,,,2026-02-26T18:00:00Z,2026-02-26T06:00:00Z,9,mos-logistic-v0
2026-02-27T04:00:00Z,2026-02-27T10:00:00+06:00,T1,0.197655,0.284943,,,2026-02-26T18:00:00Z,2026-02-26T06:00:00Z,10,mos-logistic-v0
2026-02-27T04:00:00Z,2026-02-27T10:00:00+06:00,T2,0.197655,0.284943,,,2026-02-26T18:00:00Z,2026-02-26T06:00:00Z,10,mos-logistic-v0
2026-02-27T05:00:00Z,2026-02-27T11:00:00+06:00,T1,0.138692,0.217121,,,2026-02-26T18:00:00Z,2026-02-26T06:00:00Z,11,mos-logistic-v0
2026-02-27T05:00:00Z,2026-02-27T11:00:00+06:00,T2,0.138692,0.217121,,,2026-02-26T18:00:00Z,2026-02-26T06:00:00Z,11,mos-logistic-v0
2026-02-27T06:00:00Z,2026-02-27T12:00:00+06:00,T1,0.217121,0.166572,,,2026-02-26T18:00:00Z,2026-02-26T06:00:00Z,12,mos-logistic-v0
2026-02-27T06:00:00Z,2026-02-27T12:00:00+06:00,T2,0.217121,0.166572,,,2026-02-26T18:00:00Z,2026-02-26T06:00:00Z,12,mos-logistic-v0
2026-02-27T07:00:00Z,2026-02-27T13:00:00+06:00,T1,0.168516,0.289223,,,2026-02-26T18:00:00Z,2026-02-26T06:00:00Z,13,mos-logistic-v0
2026-02-27T07:00:00Z,2026-02-27T13:00:00+06:00,T2,0.168516,0.289223,,,2026-02-26T18:00:00Z,2026-02-26T06:00:00Z,13,mos-logistic-v0
2026-02-27T08:00:00Z,2026-02-27T14:00:00+06:00,T1,0.231675,0.372204,,,2026-02-26T18:00:00Z,2026-02-26T06:00:00Z,14,mos-logistic-v0
2026-02-27T08:00:00Z,2026-02-27T14:00:00+06:00,T2,0.231675,0.372204,,,2026-02-26T18:00:00Z,2026-02-26T06:00:00Z,14,mos-logistic-v0
2026-02-27T09:00:00Z,2026-02-27T15:00:00+06:00,T1,0.395276,0.427329,,,2026-02-26T18:00:00Z,2026-02-26T06:00:00Z,15,mos-logistic-v0
2026-02-27T09:00:00Z,2026-02-27T15:00:00+06:00,T2,0.395276,0.427329,,,2026-02-26T18:00:00Z,2026-02-26T06:00:00Z,15,mos-logistic-v0
2026-02-27T10:00:00Z,2026-02-27T16:00:00+06:00,T1,0.472146,0.594681,,,2026-02-26T18:00:00Z,2026-02-26T06:00:00Z,16,mos-logistic-v0
2026-02-27T10:00:00Z,2026-02-27T16:00:00+06:00,T2,0.472146,0.594681,,,2026-02-26T18:00:00Z,2026-02-26T06:00:00Z,16,mos-logistic-v0
2026-02-27T11:00:00Z,2026-02-27T17:00:00+06:00,T1,0.536526,0.737221,,,2026-02-26T18:00:00Z,2026-02-26T06:00:00Z,17,mos-logistic-v0
2026-02-27T11:00:00Z,2026-02-27T17:00:00+06:00,T2,0.536526,0.737221,,,2026-02-26T18:00:00Z,2026-02-26T06:00:00Z,17,mos-logistic-v0
2026-02-27T12:00:00Z,2026-02-27T18:00:00+06:00,T1,0.601383,0.694761,,,2026-02-26T18:00:00Z,2026-02-26T06:00:00Z,18,mos-logistic-v0
2026-02-27T12:00:00Z,2026-02-27T18:00:00+06:00,T2,0.601383,0.694761,,,2026-02-26T18:00:00Z,2026-02-26T06:00:00Z,18,mos-logistic-v0
2026-02-27T13:00:00Z,2026-02-27T19:00:00+06:00,T1,0.591316,0.710773,,,2026-02-26T18:00:00Z,2026-02-26T06:00:00Z,19,mos-logistic-v0
2026-02-27T13:00:00Z,2026-02-27T19:00:00+06:00,T2,0.591316,0.710773,,,2026-02-26T18:00:00Z,2026-02-26T06:00:00Z,19,mos-logistic-v0
2026-02-27T14:00:00Z,2026-02-27T20:00:00+06:00,T1,0.591316,0.763322,,,2026-02-26T18:00:00Z,2026-02-26T06:00:00Z,20,mos-logistic-v0
2026-02-27T14:00:00Z,2026-02-27T20:00:00+06:00,T2,0.591316,0.763322,,,2026-02-26T18:00:00Z,2026-02-26T06:00:00Z,20,mos-logistic-v0
2026-02-27T15:00:00Z,2026-02-27T21:00:00+06:00,T1,0.591316,0.754395,,,2026-02-26T18:00:00Z,2026-02-26T06:00:00Z,21,mos-logistic-v0
2026-02-27T15:00:00Z,2026-02-27T21:00:00+06:00,T2,0.591316,0.754395,,,2026-02-26T18:00:00Z,2026-02-26T06:00:00Z,21,mos-logistic-v0
2026-02-27T16:00:00Z,2026-02-27T22:00:00+06:00,T1,0.522635,0.594681,,,2026-02-26T18:00:00Z,2026-02-26T06:00:00Z,22,mos-logistic-v0
2026-02-27T16:00:00Z,2026-02-27T22:00:00+06:00,T2,0.522635,0.594681,,,2026-02-26T18:00:00Z,2026-02-26T06:00:00Z,22,mos-logistic-v0
2026-02-27T17:00:00Z,2026-02-27T23:00:00+06:00,T1,0.587943,0.520896,,,2026-02-26T18:00:00Z,2026-02-26T06:00:00Z,23,mos-logistic-v0
2026-02-27T17:00:00Z,2026-02-27T23:00:00+06:00,T2,0.587943,0.520896,,,2026-02-26T18:00:00Z,2026-02-26T06:00:00Z,23,mos-logistic-v0
2026-02-27T18:00:00Z,2026-02-28T00:00:00+06:00,T1,0.59636,0.622892,,,2026-02-27T18:00:00Z,2026-02-27T06:00:00Z,0,mos-logistic-v0
2026-02-27T18:00:00Z,2026-02-28T00:00:00+06:00,T2,0.59636,0.622892,,,2026-02-27T18:00:00Z,2026-02-27T06:00:00Z,0,mos-logistic-v0
2026-02-27T19:00:00Z,2026-02-28T01:00:00+06:00,T1,0.536526,0.598037,,,2026-02-27T18:00:00Z,2026-02-27T06:00:00Z,1,mos-logistic-v0
2026-02-27T19:00:00Z,2026-02-28T01:00:00+06:00,T2,0.536526,0.598037,,,2026-02-27T18:00:00Z,2026-02-27T06:00:00Z,1,mos-logistic-v0
2026-02-27T20:00:00Z,2026-02-28T02:00:00+06:00,T1,0.513934,0.499998,,,2026-02-27T18:00:00Z,2026-02-27T06:00:00Z,2,mos-logistic-v0
2026-02-27T20:00:00Z,2026-02-28T02:00:00+06:00,T2,0.513934,0.499998,,,2026-02-27T18:00:00Z,2026-02-27T06:00:00Z,2,mos-logistic-v0
2026-02-27T21:00:00Z,2026-02-28T03:00:00+06:00,T1,0.526112,0.441027,,,2026-02-27T18:00:00Z,2026-02-27T06:00:00Z,3,mos-logistic-v0
2026-02-27T21:00:00Z,2026-02-28T03:00:00+06:00,T2,0.526112,0.441027,,,2026-02-27T18:00:00Z,2026-02-27T06:00:00Z,3,mos-logistic-v0
2026-02-27T22:00:00Z,2026-02-28T04:00:00+06:00,T1,0.46347,0.482579,,,2026-02-27T18:00:00Z,2026-02-27T06:00:00Z,4,mos-logistic-v0
2026-02-27T22:00:00Z,2026-02-28T04:00:00+06:00,T2,0.46347,0.482579,,,2026-02-27T18:00:00Z,2026-02-27T06:00:00Z,4,mos-logistic-v0
2026-02-27T23:00:00Z,2026-02-28T05:00:00+06:00,T1,0.360876,0.515675,,,2026-02-27T18:00:00Z,2026-02-27T06:00:00Z,5,mos-logistic-v0
2026-02-27T23:00:00Z,2026-02-28T05:00:00+06:00,T2,0.360876,0.515675,,,2026-02-27T18:00:00Z,2026-02-27T06:00:00Z,5,mos-logistic-v0
2026-02-28T00:00:00Z,2026-02-28T06:00:00+06:00,T1,0.50174,0.498255,,,2026-02-27T18:00:00Z,2026-02-27T06:00:00Z,6,mos-logistic-v0
2026-02-28T00:00:00Z,2026-02-28T06:00:00+06:00,T2,0.50174,0.498255,,,2026-02-27T18:00:00Z,2026-02-27T06:00:00Z,6,mos-logistic-v0
2026-02-28T01:00:00Z,2026-02-28T07:00:00+06:00,T1,0.50871,0.594681,,,2026-02-27T18:00:00Z,2026-02-27T06:00:00Z,7,mos-logistic-v0
2026-02-28T01:00:00Z,2026-02-28T07:00:00+06:00,T2,0.50871,0.594681,,,2026-02-27T18:00:00Z,2026-02-27T06:00:00Z,7,mos-logistic-v0
2026-02-28T02:00:00Z,2026-02-28T08:00:00+06:00,T1,0.617968,0.703557,,,2026-02-27T18:00:00Z,2026-02-27T06:00:00Z,8,mos-logistic-v0
2026-02-28T02:00:00Z,2026-02-28T08:00:00+06:00,T2,0.617968,0.703557,,,2026-02-27T18:00:00Z,2026-02-27T06:00:00Z,8,mos-logistic-v0
2026-02-28T03:00:00Z,2026-02-28T09:00:00+06:00,T1,0.648708,0.670611,,,2026-02-27T18:00:00Z,2026-02-27T06:00:00Z,9,mos-logistic-v0
2026-02-28T03:00:00Z,2026-02-28T09:00:00+06:00,T2,0.648708,0.670611,,,2026-02-27T18:00:00Z,2026-02-27T06:00:00Z,9,mos-logistic-v0
2026-02-28T04:00:00Z,2026-02-28T10:00:00+06:00,T1,0.61302,0.616321,,,2026-02-27T18:00:00Z,2026-02-27T06:00:00Z,10,mos-logistic-v0
2026-02-28T04:00:00Z,2026-02-28T10:00:00+06:00,T2,0.61302,0.616321,,,2026-02-27T18:00:00Z,2026-02-27T06:00:00Z,10,mos-logistic-v0
2026-02-28T05:00:00Z,2026-02-28T11:00:00+06:00,T1,0.758248,0.694761,,,2026-02-27T18:00:00Z,2026-02-27T06:00:00Z,11,mos-logistic-v0
2026-02-28T05:00:00Z,2026-02-28T11:00:00+06:00,T2,0.758248,0.694761,,,2026-02-27T18:00:00Z,2026-02-27T06:00:00Z,11,mos-logistic-v0
2026-02-28T06:00:00Z,2026-02-28T12:00:00+06:00,T1,0.626161,0.72904,,,2026-02-27T18:00:00Z,2026-02-27T06:00:00Z,12,mos-logistic-v0
2026-02-28T06:00:00Z,2026-02-28T12:00:00+06:00,T2,0.626161,0.72904,,,2026-02-27T18:00:00Z,2026-02-27T06:00:00Z,12,mos-logistic-v0
2026-02-28T07:00:00Z,2026-02-28T13:00:00+06:00,T1,0.700641,0.702101,,,2026-02-27T18:00:00Z,2026-02-27T06:00:00Z,13,mos-logistic-v0
2026-02-28T07:00:00Z,2026-02-28T13:00:00+06:00,T2,0.700641,0.702101,,,2026-02-27T18:00:00Z,2026-02-27T06:00:00Z,13,mos-logistic-v0
2026-02-28T08:00:00Z,2026-02-28T14:00:00+06:00,T1,0.710773,0.690308,,,2026-02-27T18:00:00Z,2026-02-27T06:00:00Z,14,mos-logistic-v0
2026-02-28T08:00:00Z,2026-02-28T14:00:00+06:00,T2,0.710773,0.690308,,,2026-02-27T18:00:00Z,2026-02-27T06:00:00Z,14,mos-logistic-v0
2026-02-28T09:00:00Z,2026-02-28T15:00:00+06:00,T1,0.653459,0.68732,,,2026-02-27T18:00:00Z,2026-02-27T06:00:00Z,15,mos-logistic-v0
2026-02-28T09:00:00Z,2026-02-28T15:00:00+06:00,T2,0.653459,0.68732,,,2026-02-27T18:00:00Z,2026-02-27T06:00:00Z,15,mos-logistic-v0
2026-02-28T10:00:00Z,2026-02-28T16:00:00+06:00,T1,0.624528,0.624528,,,2026-02-27T18:00:00Z,2026-02-27T06:00:00Z,16,mos-logistic-v0
2026-02-28T10:00:00Z,2026-02-28T16:00:00+06:00,T2,0.624528,0.624528,,,2026-02-27T18:00:00Z,2026-02-27T06:00:00Z,16,mos-logistic-v0
2026-02-28T11:00:00Z,2026-02-28T17:00:00+06:00,T1,0.564117,0.593,,,2026-02-27T18:00:00Z,2026-02-27T06:00:00Z,17,mos-logistic-v0
2026-02-28T11:00:00Z,2026-02-28T17:00:00+06:00,T2,0.564117,0.593,,,2026-02-27T18:00:00Z,2026-02-27T06:00:00Z,17,mos-logistic-v0
2026-02-28T12:00:00Z,2026-02-28T18:00:00+06:00,T1,0.468673,0.616321,,,2026-02-27T18:00:00Z,2026-02-27T06:00:00Z,18,mos-logistic-v0
2026-02-28T12:00:00Z,2026-02-28T18:00:00+06:00,T2,0.468673,0.616321,,,2026-02-27T18:00:00Z,2026-02-27T06:00:00Z,18,mos-logistic-v0
2026-02-28T13:00:00Z,2026-02-28T19:00:00+06:00,T1,0.454815,0.606385,,,2026-02-27T18:00:00Z,2026-02-27T06:00:00Z,19,mos-logistic-v0
2026-02-28T13:00:00Z,2026-02-28T19:00:00+06:00,T2,0.454815,0.606385,,,2026-02-27T18:00:00Z,2026-02-27T06:00:00Z,19,mos-logistic-v0
2026-02-28T14:00:00Z,2026-02-28T20:00:00+06:00,T1,0.372204,0.50174,,,2026-02-27T18:00:00Z,2026-02-27T06:00:00Z,20,mos-logistic-v0
2026-02-28T14:00:00Z,2026-02-28T20:00:00+06:00,T2,0.372204,0.50174,,,2026-02-27T18:00:00Z,2026-02-27T06:00:00Z,20,mos-logistic-v0
2026-02-28T15:00:00Z,2026-02-28T21:00:00+06:00,T1,0.260083,0.430744,,,2026-02-27T18:00:00Z,2026-02-27T06:00:00Z,21,mos-logistic-v0
2026-02-28T15:00:00Z,2026-02-28T21:00:00+06:00,T2,0.260083,0.430744,,,2026-02-27T18:00:00Z,2026-02-27T06:00:00Z,21,mos-logistic-v0
2026-02-28T16:00:00Z,2026-02-28T22:00:00+06:00,T1,0.225529,0.312676,,,2026-02-27T18:00:00Z,2026-02-27T06:00:00Z,22,mos-logistic-v0
2026-02-28T16:00:00Z,2026-02-28T22:00:00+06:00,T2,0.225529,0.312676,,,2026-02-27T18:00:00Z,2026-02-27T06:00:00Z,22,mos-logistic-v0
2026-02-28T17:00:00Z,2026-02-28T23:00:00+06:00,T1,0.135395,0.260083,,,2026-02-27T18:00:00Z,2026-02-27T06:00:00Z,23,mos-logistic-v0
2026-02-28T17:00:00Z,2026-02-28T23:00:00+06:00,T2,0.135395,0.260083,,,2026-02-27T18:00:00Z,2026-02-27T06:00:00Z,23,mos-logistic-v0
