issue_time_utc,issue_time_scada,target_time_scada,target_time_utc,turbine,lead_h,nwp_run_init_utc,nwp_lead_h,issue_kind,p10,p50,p90,outside_test_period,model_version
2025-01-31T18:00:00Z,2025-02-01T00:00:00+06:00,2025-02-01T00:00:00+06:00,2025-01-31T18:00:00Z,T1,0,2025-01-31T06:00:00Z,12,dayahead,0.174,0.4374,0.9514,False,lightgbm-v1
2025-01-31T18:00:00Z,2025-02-01T00:00:00+06:00,2025-02-01T01:00:00+06:00,2025-01-31T19:00:00Z,T1,1,2025-01-31T06:00:00Z,13,dayahead,0.1005,0.3639,0.8779,False,lightgbm-v1
2025-01-31T18:00:00Z,2025-02-01T00:00:00+06:00,2025-02-01T02:00:00+06:00,2025-01-31T20:00:00Z,T1,2,2025-01-31T06:00:00Z,14,dayahead,0.0754,0.3388,0.8528,False,lightgbm-v1
2025-01-31T18:00:00Z,2025-02-01T00:00:00+06:00,2025-02-01T03:00:00+06:00,2025-01-31T21:00:00Z,T1,3,2025-01-31T06:00:00Z,15,dayahead,0.0,0.2608,0.7748,False,lightgbm-v1
2025-01-31T18:00:00Z,2025-02-01T00:00:00+06:00,2025-02-01T04:00:00+06:00,2025-01-31T22:00:00Z,T1,4,2025-01-31T06:00:00Z,16,dayahead,0.0,0.1582,0.6722,False,lightgbm-v1
2025-01-31T18:00:00Z,2025-02-01T00:00:00+06:00,2025-02-01T05:00:00+06:00,2025-01-31T23:00:00Z,T1,5,2025-01-31T06:00:00Z,17,dayahead,0.0502,0.1325,0.3609,False,lightgbm-v1
2025-01-31T18:00:00Z,2025-02-01T00:00:00+06:00,2025-02-01T06:00:00+06:00,2025-02-01T00:00:00Z,T1,6,2025-01-31T06:00:00Z,18,dayahead,0.0,0.1699,0.6839,False,lightgbm-v1
2025-01-31T18:00:00Z,2025-02-01T00:00:00+06:00,2025-02-01T07:00:00+06:00,2025-02-01T01:00:00Z,T1,7,2025-01-31T06:00:00Z,19,dayahead,0.0,0.1679,0.6819,False,lightgbm-v1
2025-01-31T18:00:00Z,2025-02-01T00:00:00+06:00,2025-02-01T08:00:00+06:00,2025-02-01T02:00:00Z,T1,8,2025-01-31T06:00:00Z,20,dayahead,0.041,0.1233,0.3517,False,lightgbm-v1
2025-01-31T18:00:00Z,2025-02-01T00:00:00+06:00,2025-02-01T09:00:00+06:00,2025-02-01T03:00:00Z,T1,9,2025-01-31T06:00:00Z,21,dayahead,0.0,0.0445,0.2729,False,lightgbm-v1
2025-01-31T18:00:00Z,2025-02-01T00:00:00+06:00,2025-02-01T10:00:00+06:00,2025-02-01T04:00:00Z,T1,10,2025-01-31T06:00:00Z,22,dayahead,0.0,0.0183,0.2467,False,lightgbm-v1
2025-01-31T18:00:00Z,2025-02-01T00:00:00+06:00,2025-02-01T11:00:00+06:00,2025-02-01T05:00:00Z,T1,11,2025-01-31T06:00:00Z,23,dayahead,0.0,0.0195,0.2479,False,lightgbm-v1
2025-01-31T18:00:00Z,2025-02-01T00:00:00+06:00,2025-02-01T12:00:00+06:00,2025-02-01T06:00:00Z,T1,12,2025-01-31T06:00:00Z,24,dayahead,0.0,0.0369,0.2652,False,lightgbm-v1
2025-01-31T18:00:00Z,2025-02-01T00:00:00+06:00,2025-02-01T13:00:00+06:00,2025-02-01T07:00:00Z,T1,13,2025-01-31T06:00:00Z,25,dayahead,0.0,0.0451,0.2735,False,lightgbm-v1
2025-01-31T18:00:00Z,2025-02-01T00:00:00+06:00,2025-02-01T14:00:00+06:00,2025-02-01T08:00:00Z,T1,14,2025-01-31T06:00:00Z,26,dayahead,0.0,0.0604,0.2888,False,lightgbm-v1
2025-01-31T18:00:00Z,2025-02-01T00:00:00+06:00,2025-02-01T15:00:00+06:00,2025-02-01T09:00:00Z,T1,15,2025-01-31T06:00:00Z,27,dayahead,0.0,0.0688,0.2972,False,lightgbm-v1
2025-01-31T18:00:00Z,2025-02-01T00:00:00+06:00,2025-02-01T16:00:00+06:00,2025-02-01T10:00:00Z,T1,16,2025-01-31T06:00:00Z,28,dayahead,0.0,0.1631,0.6771,False,lightgbm-v1
2025-01-31T18:00:00Z,2025-02-01T00:00:00+06:00,2025-02-01T17:00:00+06:00,2025-02-01T11:00:00Z,T1,17,2025-01-31T06:00:00Z,29,dayahead,0.0844,0.3477,0.8617,False,lightgbm-v1
2025-01-31T18:00:00Z,2025-02-01T00:00:00+06:00,2025-02-01T18:00:00+06:00,2025-02-01T12:00:00Z,T1,18,2025-01-31T06:00:00Z,30,dayahead,0.0869,0.5846,0.8832,False,lightgbm-v1
2025-01-31T18:00:00Z,2025-02-01T00:00:00+06:00,2025-02-01T19:00:00+06:00,2025-02-01T13:00:00Z,T1,19,2025-01-31T06:00:00Z,31,dayahead,0.2223,0.72,1.0,False,lightgbm-v1
2025-01-31T18:00:00Z,2025-02-01T00:00:00+06:00,2025-02-01T20:00:00+06:00,2025-02-01T14:00:00Z,T1,20,2025-01-31T06:00:00Z,32,dayahead,0.4943,0.8528,0.9378,False,lightgbm-v1
2025-01-31T18:00:00Z,2025-02-01T00:00:00+06:00,2025-02-01T21:00:00+06:00,2025-02-01T15:00:00Z,T1,21,2025-01-31T06:00:00Z,33,dayahead,0.512,0.8705,0.9555,False,lightgbm-v1
2025-01-31T18:00:00Z,2025-02-01T00:00:00+06:00,2025-02-01T22:00:00+06:00,2025-02-01T16:00:00Z,T1,22,2025-01-31T06:00:00Z,34,dayahead,0.3069,0.8046,1.0,False,lightgbm-v1
2025-01-31T18:00:00Z,2025-02-01T00:00:00+06:00,2025-02-01T23:00:00+06:00,2025-02-01T17:00:00Z,T1,23,2025-01-31T06:00:00Z,35,dayahead,0.2478,0.7455,1.0,False,lightgbm-v1
2025-01-31T18:00:00Z,2025-02-01T00:00:00+06:00,2025-02-02T00:00:00+06:00,2025-02-01T18:00:00Z,T1,24,2025-01-31T06:00:00Z,36,dayahead,0.1594,0.6571,0.9558,False,lightgbm-v1
2025-01-31T18:00:00Z,2025-02-01T00:00:00+06:00,2025-02-02T01:00:00+06:00,2025-02-01T19:00:00Z,T1,25,2025-01-31T06:00:00Z,37,dayahead,0.086,0.5837,0.8823,False,lightgbm-v1
2025-01-31T18:00:00Z,2025-02-01T00:00:00+06:00,2025-02-02T02:00:00+06:00,2025-02-01T20:00:00Z,T1,26,2025-01-31T06:00:00Z,38,dayahead,0.235,0.4984,1.0,False,lightgbm-v1
2025-01-31T18:00:00Z,2025-02-01T00:00:00+06:00,2025-02-02T03:00:00+06:00,2025-02-01T21:00:00Z,T1,27,2025-01-31T06:00:00Z,39,dayahead,0.1357,0.3991,0.9131,False,lightgbm-v1
2025-01-31T18:00:00Z,2025-02-01T00:00:00+06:00,2025-02-02T04:00:00+06:00,2025-02-01T22:00:00Z,T1,28,2025-01-31T06:00:00Z,40,dayahead,0.0482,0.3115,0.8255,False,lightgbm-v1
2025-01-31T18:00:00Z,2025-02-01T00:00:00+06:00,2025-02-02T05:00:00+06:00,2025-02-01T23:00:00Z,T1,29,2025-01-31T06:00:00Z,41,dayahead,0.0,0.1793,0.6933,False,lightgbm-v1
2025-01-31T18:00:00Z,2025-02-01T00:00:00+06:00,2025-02-02T06:00:00+06:00,2025-02-02T00:00:00Z,T1,30,2025-01-31T06:00:00Z,42,dayahead,0.0317,0.114,0.3424,False,lightgbm-v1
2025-01-31T18:00:00Z,2025-02-01T00:00:00+06:00,2025-02-02T07:00:00+06:00,2025-02-02T01:00:00Z,T1,31,2025-01-31T06:00:00Z,43,dayahead,0.0108,0.0931,0.3215,False,lightgbm-v1
2025-01-31T18:00:00Z,2025-02-01T00:00:00+06:00,2025-02-02T08:00:00+06:00,2025-02-02T02:00:00Z,T1,32,2025-01-31T06:00:00Z,44,dayahead,0.013,0.0953,0.3237,False,lightgbm-v1
2025-01-31T18:00:00Z,2025-02-01T00:00:00+06:00,2025-02-02T09:00:00+06:00,2025-02-02T03:00:00Z,T1,33,2025-01-31T06:00:00Z,45,dayahead,0.0293,0.1115,0.3399,False,lightgbm-v1
2025-01-31T18:00:00Z,2025-02-01T00:00:00+06:00,2025-02-02T10:00:00+06:00,2025-02-02T04:00:00Z,T1,34,2025-01-31T06:00:00Z,46,dayahead,0.0253,0.1075,0.3359,False,lightgbm-v1
2025-01-31T18:00:00Z,2025-02-01T00:00:00+06:00,2025-02-02T11:00:00+06:00,2025-02-02T05:00:00Z,T1,35,2025-01-31T06:00:00Z,47,dayahead,0.0202,0.1025,0.3309,False,lightgbm-v1
2025-01-31T18:00:00Z,2025-02-01T00:00:00+06:00,2025-02-02T12:00:00+06:00,2025-02-02T06:00:00Z,T1,36,2025-01-31T06:00:00Z,48,dayahead,0.0439,0.1261,0.3545,False,lightgbm-v1
2025-01-31T18:00:00Z,2025-02-01T00:00:00+06:00,2025-02-02T13:00:00+06:00,2025-02-02T07:00:00Z,T1,37,2025-01-31T06:00:00Z,49,dayahead,0.0662,0.1484,0.3768,False,lightgbm-v1
2025-01-31T18:00:00Z,2025-02-01T00:00:00+06:00,2025-02-02T14:00:00+06:00,2025-02-02T08:00:00Z,T1,38,2025-01-31T06:00:00Z,50,dayahead,0.0668,0.1491,0.3775,False,lightgbm-v1
2025-01-31T18:00:00Z,2025-02-01T00:00:00+06:00,2025-02-02T15:00:00+06:00,2025-02-02T09:00:00Z,T1,39,2025-01-31T06:00:00Z,51,dayahead,0.0274,0.1096,0.338,False,lightgbm-v1
2025-01-31T18:00:00Z,2025-02-01T00:00:00+06:00,2025-02-02T16:00:00+06:00,2025-02-02T10:00:00Z,T1,40,2025-01-31T06:00:00Z,52,dayahead,0.0,0.0763,0.3047,False,lightgbm-v1
2025-01-31T18:00:00Z,2025-02-01T00:00:00+06:00,2025-02-02T17:00:00+06:00,2025-02-02T11:00:00Z,T1,41,2025-01-31T06:00:00Z,53,dayahead,0.0001,0.0823,0.3107,False,lightgbm-v1
2025-01-31T18:00:00Z,2025-02-01T00:00:00+06:00,2025-02-02T18:00:00+06:00,2025-02-02T12:00:00Z,T1,42,2025-01-31T06:00:00Z,54,dayahead,0.0,0.0765,0.3049,False,lightgbm-v1
2025-01-31T18:00:00Z,2025-02-01T00:00:00+06:00,2025-02-02T19:00:00+06:00,2025-02-02T13:00:00Z,T1,43,2025-01-31T06:00:00Z,55,dayahead,0.0,0.0668,0.2952,False,lightgbm-v1
2025-01-31T18:00:00Z,2025-02-01T00:00:00+06:00,2025-02-02T20:00:00+06:00,2025-02-02T14:00:00Z,T1,44,2025-01-31T06:00:00Z,56,dayahead,0.0,0.0779,0.3063,False,lightgbm-v1
2025-01-31T18:00:00Z,2025-02-01T00:00:00+06:00,2025-02-02T21:00:00+06:00,2025-02-02T15:00:00Z,T1,45,2025-01-31T06:00:00Z,57,dayahead,0.0409,0.1231,0.3515,False,lightgbm-v1
2025-01-31T18:00:00Z,2025-02-01T00:00:00+06:00,2025-02-02T22:00:00+06:00,2025-02-02T16:00:00Z,T1,46,2025-01-31T06:00:00Z,58,dayahead,0.0658,0.148,0.3764,False,lightgbm-v1
2025-01-31T18:00:00Z,2025-02-01T00:00:00+06:00,2025-02-02T23:00:00+06:00,2025-02-02T17:00:00Z,T1,47,2025-01-31T06:00:00Z,59,dayahead,0.0621,0.1444,0.3728,False,lightgbm-v1
2025-01-31T18:00:00Z,2025-02-01T00:00:00+06:00,2025-02-01T00:00:00+06:00,2025-01-31T18:00:00Z,T2,0,2025-01-31T06:00:00Z,12,dayahead,0.173,0.4363,0.9503,False,lightgbm-v1
2025-01-31T18:00:00Z,2025-02-01T00:00:00+06:00,2025-02-01T01:00:00+06:00,2025-01-31T19:00:00Z,T2,1,2025-01-31T06:00:00Z,13,dayahead,0.1005,0.3639,0.8779,False,lightgbm-v1
2025-01-31T18:00:00Z,2025-02-01T00:00:00+06:00,2025-02-01T02:00:00+06:00,2025-01-31T20:00:00Z,T2,2,2025-01-31T06:00:00Z,14,dayahead,0.0756,0.3389,0.8529,False,lightgbm-v1
2025-01-31T18:00:00Z,2025-02-01T00:00:00+06:00,2025-02-01T03:00:00+06:00,2025-01-31T21:00:00Z,T2,3,2025-01-31T06:00:00Z,15,dayahead,0.0,0.2608,0.7748,False,lightgbm-v1
2025-01-31T18:00:00Z,2025-02-01T00:00:00+06:00,2025-02-01T04:00:00+06:00,2025-01-31T22:00:00Z,T2,4,2025-01-31T06:00:00Z,16,dayahead,0.0,0.1581,0.6721,False,lightgbm-v1
2025-01-31T18:00:00Z,2025-02-01T00:00:00+06:00,2025-02-01T05:00:00+06:00,2025-01-31T23:00:00Z,T2,5,2025-01-31T06:00:00Z,17,dayahead,0.0493,0.1316,0.36,False,lightgbm-v1
2025-01-31T18:00:00Z,2025-02-01T00:00:00+06:00,2025-02-01T06:00:00+06:00,2025-02-01T00:00:00Z,T2,6,2025-01-31T06:00:00Z,18,dayahead,0.0,0.1686,0.6826,False,lightgbm-v1
2025-01-31T18:00:00Z,2025-02-01T00:00:00+06:00,2025-02-01T07:00:00+06:00,2025-02-01T01:00:00Z,T2,7,2025-01-31T06:00:00Z,19,dayahead,0.0,0.1663,0.6803,False,lightgbm-v1
2025-01-31T18:00:00Z,2025-02-01T00:00:00+06:00,2025-02-01T08:00:00+06:00,2025-02-01T02:00:00Z,T2,8,2025-01-31T06:00:00Z,20,dayahead,0.04,0.1223,0.3507,False,lightgbm-v1
2025-01-31T18:00:00Z,2025-02-01T00:00:00+06:00,2025-02-01T09:00:00+06:00,2025-02-01T03:00:00Z,T2,9,2025-01-31T06:00:00Z,21,dayahead,0.0,0.0435,0.2718,False,lightgbm-v1
2025-01-31T18:00:00Z,2025-02-01T00:00:00+06:00,2025-02-01T10:00:00+06:00,2025-02-01T04:00:00Z,T2,10,2025-01-31T06:00:00Z,22,dayahead,0.0,0.018,0.2464,False,lightgbm-v1
2025-01-31T18:00:00Z,2025-02-01T00:00:00+06:00,2025-02-01T11:00:00+06:00,2025-02-01T05:00:00Z,T2,11,2025-01-31T06:00:00Z,23,dayahead,0.0,0.0193,0.2477,False,lightgbm-v1
2025-01-31T18:00:00Z,2025-02-01T00:00:00+06:00,2025-02-01T12:00:00+06:00,2025-02-01T06:00:00Z,T2,12,2025-01-31T06:00:00Z,24,dayahead,0.0,0.0367,0.2651,False,lightgbm-v1
2025-01-31T18:00:00Z,2025-02-01T00:00:00+06:00,2025-02-01T13:00:00+06:00,2025-02-01T07:00:00Z,T2,13,2025-01-31T06:00:00Z,25,dayahead,0.0,0.0458,0.2742,False,lightgbm-v1
2025-01-31T18:00:00Z,2025-02-01T00:00:00+06:00,2025-02-01T14:00:00+06:00,2025-02-01T08:00:00Z,T2,14,2025-01-31T06:00:00Z,26,dayahead,0.0,0.0611,0.2895,False,lightgbm-v1
2025-01-31T18:00:00Z,2025-02-01T00:00:00+06:00,2025-02-01T15:00:00+06:00,2025-02-01T09:00:00Z,T2,15,2025-01-31T06:00:00Z,27,dayahead,0.0,0.0677,0.296,False,lightgbm-v1
2025-01-31T18:00:00Z,2025-02-01T00:00:00+06:00,2025-02-01T16:00:00+06:00,2025-02-01T10:00:00Z,T2,16,2025-01-31T06:00:00Z,28,dayahead,0.0,0.1625,0.6764,False,lightgbm-v1
2025-01-31T18:00:00Z,2025-02-01T00:00:00+06:00,2025-02-01T17:00:00+06:00,2025-02-01T11:00:00Z,T2,17,2025-01-31T06:00:00Z,29,dayahead,0.0829,0.3462,0.8602,False,lightgbm-v1
2025-01-31T18:00:00Z,2025-02-01T00:00:00+06:00,2025-02-01T18:00:00+06:00,2025-02-01T12:00:00Z,T2,18,2025-01-31T06:00:00Z,30,dayahead,0.0861,0.5838,0.8825,False,lightgbm-v1
2025-01-31T18:00:00Z,2025-02-01T00:00:00+06:00,2025-02-01T19:00:00+06:00,2025-02-01T13:00:00Z,T2,19,2025-01-31T06:00:00Z,31,dayahead,0.2219,0.7196,1.0,False,lightgbm-v1
2025-01-31T18:00:00Z,2025-02-01T00:00:00+06:00,2025-02-01T20:00:00+06:00,2025-02-01T14:00:00Z,T2,20,2025-01-31T06:00:00Z,32,dayahead,0.4934,0.8518,0.9368,False,lightgbm-v1
2025-01-31T18:00:00Z,2025-02-01T00:00:00+06:00,2025-02-01T21:00:00+06:00,2025-02-01T15:00:00Z,T2,21,2025-01-31T06:00:00Z,33,dayahead,0.5119,0.8703,0.9554,False,lightgbm-v1
2025-01-31T18:00:00Z,2025-02-01T00:00:00+06:00,2025-02-01T22:00:00+06:00,2025-02-01T16:00:00Z,T2,22,2025-01-31T06:00:00Z,34,dayahead,0.3086,0.8062,1.0,False,lightgbm-v1
2025-01-31T18:00:00Z,2025-02-01T00:00:00+06:00,2025-02-01T23:00:00+06:00,2025-02-01T17:00:00Z,T2,23,2025-01-31T06:00:00Z,35,dayahead,0.2456,0.7432,1.0,False,lightgbm-v1
2025-01-31T18:00:00Z,2025-02-01T00:00:00+06:00,2025-02-02T00:00:00+06:00,2025-02-01T18:00:00Z,T2,24,2025-01-31T06:00:00Z,36,dayahead,0.157,0.6547,0.9534,False,lightgbm-v1
2025-01-31T18:00:00Z,2025-02-01T00:00:00+06:00,2025-02-02T01:00:00+06:00,2025-02-01T19:00:00Z,T2,25,2025-01-31T06:00:00Z,37,dayahead,0.0843,0.582,0.8806,False,lightgbm-v1
2025-01-31T18:00:00Z,2025-02-01T00:00:00+06:00,2025-02-02T02:00:00+06:00,2025-02-01T20:00:00Z,T2,26,2025-01-31T06:00:00Z,38,dayahead,0.2345,0.4978,1.0,False,lightgbm-v1
2025-01-31T18:00:00Z,2025-02-01T00:00:00+06:00,2025-02-02T03:00:00+06:00,2025-02-01T21:00:00Z,T2,27,2025-01-31T06:00:00Z,39,dayahead,0.1343,0.3976,0.9116,False,lightgbm-v1
2025-01-31T18:00:00Z,2025-02-01T00:00:00+06:00,2025-02-02T04:00:00+06:00,2025-02-01T22:00:00Z,T2,28,2025-01-31T06:00:00Z,40,dayahead,0.0441,0.3074,0.8214,False,lightgbm-v1
2025-01-31T18:00:00Z,2025-02-01T00:00:00+06:00,2025-02-02T05:00:00+06:00,2025-02-01T23:00:00Z,T2,29,2025-01-31T06:00:00Z,41,dayahead,0.0,0.177,0.691,False,lightgbm-v1
2025-01-31T18:00:00Z,2025-02-01T00:00:00+06:00,2025-02-02T06:00:00+06:00,2025-02-02T00:00:00Z,T2,30,2025-01-31T06:00:00Z,42,dayahead,0.0294,0.1117,0.3401,False,lightgbm-v1
2025-01-31T18:00:00Z,2025-02-01T00:00:00+06:00,2025-02-02T07:00:00+06:00,2025-02-02T01:00:00Z,T2,31,2025-01-31T06:00:00Z,43,dayahead,0.009,0.0913,0.3197,False,lightgbm-v1
2025-01-31T18:00:00Z,2025-02-01T00:00:00+06:00,2025-02-02T08:00:00+06:00,2025-02-02T02:00:00Z,T2,32,2025-01-31T06:00:00Z,44,dayahead,0.0118,0.094,0.3224,False,lightgbm-v1
2025-01-31T18:00:00Z,2025-02-01T00:00:00+06:00,2025-02-02T09:00:00+06:00,2025-02-02T03:00:00Z,T2,33,2025-01-31T06:00:00Z,45,dayahead,0.0281,0.1104,0.3388,False,lightgbm-v1
2025-01-31T18:00:00Z,2025-02-01T00:00:00+06:00,2025-02-02T10:00:00+06:00,2025-02-02T04:00:00Z,T2,34,2025-01-31T06:00:00Z,46,dayahead,0.0235,0.1058,0.3342,False,lightgbm-v1
2025-01-31T18:00:00Z,2025-02-01T00:00:00+06:00,2025-02-02T11:00:00+06:00,2025-02-02T05:00:00Z,T2,35,2025-01-31T06:00:00Z,47,dayahead,0.0191,0.1014,0.3298,False,lightgbm-v1
2025-01-31T18:00:00Z,2025-02-01T00:00:00+06:00,2025-02-02T12:00:00+06:00,2025-02-02T06:00:00Z,T2,36,2025-01-31T06:00:00Z,48,dayahead,0.0414,0.1237,0.3521,False,lightgbm-v1
2025-01-31T18:00:00Z,2025-02-01T00:00:00+06:00,2025-02-02T13:00:00+06:00,2025-02-02T07:00:00Z,T2,37,2025-01-31T06:00:00Z,49,dayahead,0.0637,0.1459,0.3743,False,lightgbm-v1
2025-01-31T18:00:00Z,2025-02-01T00:00:00+06:00,2025-02-02T14:00:00+06:00,2025-02-02T08:00:00Z,T2,38,2025-01-31T06:00:00Z,50,dayahead,0.0642,0.1465,0.3749,False,lightgbm-v1
2025-01-31T18:00:00Z,2025-02-01T00:00:00+06:00,2025-02-02T15:00:00+06:00,2025-02-02T09:00:00Z,T2,39,2025-01-31T06:00:00Z,51,dayahead,0.025,0.1073,0.3357,False,lightgbm-v1
2025-01-31T18:00:00Z,2025-02-01T00:00:00+06:00,2025-02-02T16:00:00+06:00,2025-02-02T10:00:00Z,T2,40,2025-01-31T06:00:00Z,52,dayahead,0.0,0.0751,0.3035,False,lightgbm-v1
2025-01-31T18:00:00Z,2025-02-01T00:00:00+06:00,2025-02-02T17:00:00+06:00,2025-02-02T11:00:00Z,T2,41,2025-01-31T06:00:00Z,53,dayahead,0.0,0.0812,0.3095,False,lightgbm-v1
2025-01-31T18:00:00Z,2025-02-01T00:00:00+06:00,2025-02-02T18:00:00+06:00,2025-02-02T12:00:00Z,T2,42,2025-01-31T06:00:00Z,54,dayahead,0.0,0.0761,0.3045,False,lightgbm-v1
2025-01-31T18:00:00Z,2025-02-01T00:00:00+06:00,2025-02-02T19:00:00+06:00,2025-02-02T13:00:00Z,T2,43,2025-01-31T06:00:00Z,55,dayahead,0.0,0.0667,0.2951,False,lightgbm-v1
2025-01-31T18:00:00Z,2025-02-01T00:00:00+06:00,2025-02-02T20:00:00+06:00,2025-02-02T14:00:00Z,T2,44,2025-01-31T06:00:00Z,56,dayahead,0.0,0.0777,0.3061,False,lightgbm-v1
2025-01-31T18:00:00Z,2025-02-01T00:00:00+06:00,2025-02-02T21:00:00+06:00,2025-02-02T15:00:00Z,T2,45,2025-01-31T06:00:00Z,57,dayahead,0.0405,0.1228,0.3512,False,lightgbm-v1
2025-01-31T18:00:00Z,2025-02-01T00:00:00+06:00,2025-02-02T22:00:00+06:00,2025-02-02T16:00:00Z,T2,46,2025-01-31T06:00:00Z,58,dayahead,0.0634,0.1457,0.3741,False,lightgbm-v1
2025-01-31T18:00:00Z,2025-02-01T00:00:00+06:00,2025-02-02T23:00:00+06:00,2025-02-02T17:00:00Z,T2,47,2025-01-31T06:00:00Z,59,dayahead,0.0619,0.1441,0.3725,False,lightgbm-v1
2025-02-01T18:00:00Z,2025-02-02T00:00:00+06:00,2025-02-02T00:00:00+06:00,2025-02-01T18:00:00Z,T1,0,2025-02-01T06:00:00Z,12,dayahead,0.1933,0.691,0.9896,False,lightgbm-v1
2025-02-01T18:00:00Z,2025-02-02T00:00:00+06:00,2025-02-02T01:00:00+06:00,2025-02-01T19:00:00Z,T1,1,2025-02-01T06:00:00Z,13,dayahead,0.1148,0.6125,0.9111,False,lightgbm-v1
2025-02-01T18:00:00Z,2025-02-02T00:00:00+06:00,2025-02-02T02:00:00+06:00,2025-02-01T20:00:00Z,T1,2,2025-02-01T06:00:00Z,14,dayahead,0.053,0.5507,0.8494,False,lightgbm-v1
2025-02-01T18:00:00Z,2025-02-02T00:00:00+06:00,2025-02-02T03:00:00+06:00,2025-02-01T21:00:00Z,T1,3,2025-02-01T06:00:00Z,15,dayahead,0.2144,0.4778,0.9917,False,lightgbm-v1
2025-02-01T18:00:00Z,2025-02-02T00:00:00+06:00,2025-02-02T04:00:00+06:00,2025-02-01T22:00:00Z,T1,4,2025-02-01T06:00:00Z,16,dayahead,0.0655,0.3288,0.8428,False,lightgbm-v1
2025-02-01T18:00:00Z,2025-02-02T00:00:00+06:00,2025-02-02T05:00:00+06:00,2025-02-01T23:00:00Z,T1,5,2025-02-01T06:00:00Z,17,dayahead,0.0,0.2522,0.7662,False,lightgbm-v1
2025-02-01T18:00:00Z,2025-02-02T00:00:00+06:00,2025-02-02T06:00:00+06:00,2025-02-02T00:00:00Z,T1,6,2025-02-01T06:00:00Z,18,dayahead,0.0,0.1605,0.6745,False,lightgbm-v1
2025-02-01T18:00:00Z,2025-02-02T00:00:00+06:00,2025-02-02T07:00:00+06:00,2025-02-02T01:00:00Z,T1,7,2025-02-01T06:00:00Z,19,dayahead,0.024,0.1062,0.3346,False,lightgbm-v1
2025-02-01T18:00:00Z,2025-02-02T00:00:00+06:00,2025-02-02T08:00:00+06:00,2025-02-02T02:00:00Z,T1,8,2025-02-01T06:00:00Z,20,dayahead,0.0194,0.1016,0.33,False,lightgbm-v1
2025-02-01T18:00:00Z,2025-02-02T00:00:00+06:00,2025-02-02T09:00:00+06:00,2025-02-02T03:00:00Z,T1,9,2025-02-01T06:00:00Z,21,dayahead,0.0225,0.1048,0.3332,False,lightgbm-v1
2025-02-01T18:00:00Z,2025-02-02T00:00:00+06:00,2025-02-02T10:00:00+06:00,2025-02-02T04:00:00Z,T1,10,2025-02-01T06:00:00Z,22,dayahead,0.0158,0.0981,0.3265,False,lightgbm-v1
2025-02-01T18:00:00Z,2025-02-02T00:00:00+06:00,2025-02-02T11:00:00+06:00,2025-02-02T05:00:00Z,T1,11,2025-02-01T06:00:00Z,23,dayahead,0.0094,0.0917,0.3201,False,lightgbm-v1
2025-02-01T18:00:00Z,2025-02-02T00:00:00+06:00,2025-02-02T12:00:00+06:00,2025-02-02T06:00:00Z,T1,12,2025-02-01T06:00:00Z,24,dayahead,0.0248,0.1071,0.3355,False,lightgbm-v1
2025-02-01T18:00:00Z,2025-02-02T00:00:00+06:00,2025-02-02T13:00:00+06:00,2025-02-02T07:00:00Z,T1,13,2025-02-01T06:00:00Z,25,dayahead,0.0209,0.1031,0.3315,False,lightgbm-v1
2025-02-01T18:00:00Z,2025-02-02T00:00:00+06:00,2025-02-02T14:00:00+06:00,2025-02-02T08:00:00Z,T1,14,2025-02-01T06:00:00Z,26,dayahead,0.0083,0.0905,0.3189,False,lightgbm-v1
2025-02-01T18:00:00Z,2025-02-02T00:00:00+06:00,2025-02-02T15:00:00+06:00,2025-02-02T09:00:00Z,T1,15,2025-02-01T06:00:00Z,27,dayahead,0.0,0.0461,0.2745,False,lightgbm-v1
2025-02-01T18:00:00Z,2025-02-02T00:00:00+06:00,2025-02-02T16:00:00+06:00,2025-02-02T10:00:00Z,T1,16,2025-02-01T06:00:00Z,28,dayahead,0.0,0.0482,0.2766,False,lightgbm-v1
2025-02-01T18:00:00Z,2025-02-02T00:00:00+06:00,2025-02-02T17:00:00+06:00,2025-02-02T11:00:00Z,T1,17,2025-02-01T06:00:00Z,29,dayahead,0.0,0.0449,0.2733,False,lightgbm-v1
2025-02-01T18:00:00Z,2025-02-02T00:00:00+06:00,2025-02-02T18:00:00+06:00,2025-02-02T12:00:00Z,T1,18,2025-02-01T06:00:00Z,30,dayahead,0.0,0.0386,0.267,False,lightgbm-v1
2025-02-01T18:00:00Z,2025-02-02T00:00:00+06:00,2025-02-02T19:00:00+06:00,2025-02-02T13:00:00Z,T1,19,2025-02-01T06:00:00Z,31,dayahead,0.0,0.034,0.2624,False,lightgbm-v1
2025-02-01T18:00:00Z,2025-02-02T00:00:00+06:00,2025-02-02T20:00:00+06:00,2025-02-02T14:00:00Z,T1,20,2025-02-01T06:00:00Z,32,dayahead,0.0,0.0575,0.2859,False,lightgbm-v1
2025-02-01T18:00:00Z,2025-02-02T00:00:00+06:00,2025-02-02T21:00:00+06:00,2025-02-02T15:00:00Z,T1,21,2025-02-01T06:00:00Z,33,dayahead,0.0106,0.0928,0.3212,False,lightgbm-v1
2025-02-01T18:00:00Z,2025-02-02T00:00:00+06:00,2025-02-02T22:00:00+06:00,2025-02-02T16:00:00Z,T1,22,2025-02-01T06:00:00Z,34,dayahead,0.039,0.1213,0.3497,False,lightgbm-v1
2025-02-01T18:00:00Z,2025-02-02T00:00:00+06:00,2025-02-02T23:00:00+06:00,2025-02-02T17:00:00Z,T1,23,2025-02-01T06:00:00Z,35,dayahead,0.0,0.1527,0.6666,False,lightgbm-v1
2025-02-01T18:00:00Z,2025-02-02T00:00:00+06:00,2025-02-03T00:00:00+06:00,2025-02-02T18:00:00Z,T1,24,2025-02-01T06:00:00Z,36,dayahead,0.0,0.1748,0.6888,False,lightgbm-v1
2025-02-01T18:00:00Z,2025-02-02T00:00:00+06:00,2025-02-03T01:00:00+06:00,2025-02-02T19:00:00Z,T1,25,2025-02-01T06:00:00Z,37,dayahead,0.0,0.2149,0.7289,False,lightgbm-v1
2025-02-01T18:00:00Z,2025-02-02T00:00:00+06:00,2025-02-03T02:00:00+06:00,2025-02-02T20:00:00Z,T1,26,2025-02-01T06:00:00Z,38,dayahead,0.0421,0.3055,0.8195,False,lightgbm-v1
2025-02-01T18:00:00Z,2025-02-02T00:00:00+06:00,2025-02-03T03:00:00+06:00,2025-02-02T21:00:00Z,T1,27,2025-02-01T06:00:00Z,39,dayahead,0.1614,0.4248,0.9388,False,lightgbm-v1
2025-02-01T18:00:00Z,2025-02-02T00:00:00+06:00,2025-02-03T04:00:00+06:00,2025-02-02T22:00:00Z,T1,28,2025-02-01T06:00:00Z,40,dayahead,0.0904,0.5881,0.8867,False,lightgbm-v1
2025-02-01T18:00:00Z,2025-02-02T00:00:00+06:00,2025-02-03T05:00:00+06:00,2025-02-02T23:00:00Z,T1,29,2025-02-01T06:00:00Z,41,dayahead,0.1698,0.6675,0.9661,False,lightgbm-v1
2025-02-01T18:00:00Z,2025-02-02T00:00:00+06:00,2025-02-03T06:00:00+06:00,2025-02-03T00:00:00Z,T1,30,2025-02-01T06:00:00Z,42,dayahead,0.2164,0.7141,1.0,False,lightgbm-v1
2025-02-01T18:00:00Z,2025-02-02T00:00:00+06:00,2025-02-03T07:00:00+06:00,2025-02-03T01:00:00Z,T1,31,2025-02-01T06:00:00Z,43,dayahead,0.2709,0.7685,1.0,False,lightgbm-v1
2025-02-01T18:00:00Z,2025-02-02T00:00:00+06:00,2025-02-03T08:00:00+06:00,2025-02-03T02:00:00Z,T1,32,2025-02-01T06:00:00Z,44,dayahead,0.2755,0.7732,1.0,False,lightgbm-v1
2025-02-01T18:00:00Z,2025-02-02T00:00:00+06:00,2025-02-03T09:00:00+06:00,2025-02-03T03:00:00Z,T1,33,2025-02-01T06:00:00Z,45,dayahead,0.2979,0.7956,1.0,False,lightgbm-v1
2025-02-01T18:00:00Z,2025-02-02T00:00:00+06:00,2025-02-03T10:00:00+06:00,2025-02-03T04:00:00Z,T1,34,2025-02-01T06:00:00Z,46,dayahead,0.2718,0.7695,1.0,False,lightgbm-v1
2025-02-01T18:00:00Z,2025-02-02T00:00:00+06:00,2025-02-03T11:00:00+06:00,2025-02-03T05:00:00Z,T1,35,2025-02-01T06:00:00Z,47,dayahead,0.2733,0.771,1.0,False,lightgbm-v1
2025-02-01T18:00:00Z,2025-02-02T00:00:00+06:00,2025-02-03T12:00:00+06:00,2025-02-03T06:00:00Z,T1,36,2025-02-01T06:00:00Z,48,dayahead,0.3195,0.8172,1.0,False,lightgbm-v1
2025-02-01T18:00:00Z,2025-02-02T00:00:00+06:00,2025-02-03T13:00:00+06:00,2025-02-03T07:00:00Z,T1,37,2025-02-01T06:00:00Z,49,dayahead,0.5057,0.8642,0.9492,False,lightgbm-v1
2025-02-01T18:00:00Z,2025-02-02T00:00:00+06:00,2025-02-03T14:00:00+06:00,2025-02-03T08:00:00Z,T1,38,2025-02-01T06:00:00Z,50,dayahead,0.541,0.8994,0.9844,False,lightgbm-v1
2025-02-01T18:00:00Z,2025-02-02T00:00:00+06:00,2025-02-03T15:00:00+06:00,2025-02-03T09:00:00Z,T1,39,2025-02-01T06:00:00Z,51,dayahead,0.5397,0.8981,0.9831,False,lightgbm-v1
2025-02-01T18:00:00Z,2025-02-02T00:00:00+06:00,2025-02-03T16:00:00+06:00,2025-02-03T10:00:00Z,T1,40,2025-02-01T06:00:00Z,52,dayahead,0.3301,0.8278,1.0,False,lightgbm-v1
2025-02-01T18:00:00Z,2025-02-02T00:00:00+06:00,2025-02-03T17:00:00+06:00,2025-02-03T11:00:00Z,T1,41,2025-02-01T06:00:00Z,53,dayahead,0.302,0.7997,1.0,False,lightgbm-v1
2025-02-01T18:00:00Z,2025-02-02T00:00:00+06:00,2025-02-03T18:00:00+06:00,2025-02-03T12:00:00Z,T1,42,2025-02-01T06:00:00Z,54,dayahead,0.1641,0.6618,0.9604,False,lightgbm-v1
2025-02-01T18:00:00Z,2025-02-02T00:00:00+06:00,2025-02-03T19:00:00+06:00,2025-02-03T13:00:00Z,T1,43,2025-02-01T06:00:00Z,55,dayahead,0.1446,0.6423,0.9409,False,lightgbm-v1
2025-02-01T18:00:00Z,2025-02-02T00:00:00+06:00,2025-02-03T20:00:00+06:00,2025-02-03T14:00:00Z,T1,44,2025-02-01T06:00:00Z,56,dayahead,0.1659,0.6636,0.9622,False,lightgbm-v1
2025-02-01T18:00:00Z,2025-02-02T00:00:00+06:00,2025-02-03T21:00:00+06:00,2025-02-03T15:00:00Z,T1,45,2025-02-01T06:00:00Z,57,dayahead,0.2153,0.713,1.0,False,lightgbm-v1
2025-02-01T18:00:00Z,2025-02-02T00:00:00+06:00,2025-02-03T22:00:00+06:00,2025-02-03T16:00:00Z,T1,46,2025-02-01T06:00:00Z,58,dayahead,0.2869,0.7846,1.0,False,lightgbm-v1
2025-02-01T18:00:00Z,2025-02-02T00:00:00+06:00,2025-02-03T23:00:00+06:00,2025-02-03T17:00:00Z,T1,47,2025-02-01T06:00:00Z,59,dayahead,0.2717,0.7694,1.0,False,lightgbm-v1
2025-02-01T18:00:00Z,2025-02-02T00:00:00+06:00,2025-02-02T00:00:00+06:00,2025-02-01T18:00:00Z,T2,0,2025-02-01T06:00:00Z,12,dayahead,0.1919,0.6896,0.9883,False,lightgbm-v1
2025-02-01T18:00:00Z,2025-02-02T00:00:00+06:00,2025-02-02T01:00:00+06:00,2025-02-01T19:00:00Z,T2,1,2025-02-01T06:00:00Z,13,dayahead,0.113,0.6107,0.9094,False,lightgbm-v1
2025-02-01T18:00:00Z,2025-02-02T00:00:00+06:00,2025-02-02T02:00:00+06:00,2025-02-01T20:00:00Z,T2,2,2025-02-01T06:00:00Z,14,dayahead,0.0521,0.5498,0.8485,False,lightgbm-v1
2025-02-01T18:00:00Z,2025-02-02T00:00:00+06:00,2025-02-02T03:00:00+06:00,2025-02-01T21:00:00Z,T2,3,2025-02-01T06:00:00Z,15,dayahead,0.2138,0.4772,0.9912,False,lightgbm-v1
2025-02-01T18:00:00Z,2025-02-02T00:00:00+06:00,2025-02-02T04:00:00+06:00,2025-02-01T22:00:00Z,T2,4,2025-02-01T06:00:00Z,16,dayahead,0.0599,0.3232,0.8372,False,lightgbm-v1
2025-02-01T18:00:00Z,2025-02-02T00:00:00+06:00,2025-02-02T05:00:00+06:00,2025-02-01T23:00:00Z,T2,5,2025-02-01T06:00:00Z,17,dayahead,0.0,0.2477,0.7617,False,lightgbm-v1
2025-02-01T18:00:00Z,2025-02-02T00:00:00+06:00,2025-02-02T06:00:00+06:00,2025-02-02T00:00:00Z,T2,6,2025-02-01T06:00:00Z,18,dayahead,0.0,0.1583,0.6723,False,lightgbm-v1
2025-02-01T18:00:00Z,2025-02-02T00:00:00+06:00,2025-02-02T07:00:00+06:00,2025-02-02T01:00:00Z,T2,7,2025-02-01T06:00:00Z,19,dayahead,0.0219,0.1042,0.3326,False,lightgbm-v1
2025-02-01T18:00:00Z,2025-02-02T00:00:00+06:00,2025-02-02T08:00:00+06:00,2025-02-02T02:00:00Z,T2,8,2025-02-01T06:00:00Z,20,dayahead,0.0181,0.1004,0.3288,False,lightgbm-v1
2025-02-01T18:00:00Z,2025-02-02T00:00:00+06:00,2025-02-02T09:00:00+06:00,2025-02-02T03:00:00Z,T2,9,2025-02-01T06:00:00Z,21,dayahead,0.0213,0.1036,0.332,False,lightgbm-v1
2025-02-01T18:00:00Z,2025-02-02T00:00:00+06:00,2025-02-02T10:00:00+06:00,2025-02-02T04:00:00Z,T2,10,2025-02-01T06:00:00Z,22,dayahead,0.0141,0.0964,0.3248,False,lightgbm-v1
2025-02-01T18:00:00Z,2025-02-02T00:00:00+06:00,2025-02-02T11:00:00+06:00,2025-02-02T05:00:00Z,T2,11,2025-02-01T06:00:00Z,23,dayahead,0.0088,0.0911,0.3195,False,lightgbm-v1
2025-02-01T18:00:00Z,2025-02-02T00:00:00+06:00,2025-02-02T12:00:00+06:00,2025-02-02T06:00:00Z,T2,12,2025-02-01T06:00:00Z,24,dayahead,0.0236,0.1058,0.3342,False,lightgbm-v1
2025-02-01T18:00:00Z,2025-02-02T00:00:00+06:00,2025-02-02T13:00:00+06:00,2025-02-02T07:00:00Z,T2,13,2025-02-01T06:00:00Z,25,dayahead,0.018,0.1002,0.3286,False,lightgbm-v1
2025-02-01T18:00:00Z,2025-02-02T00:00:00+06:00,2025-02-02T14:00:00+06:00,2025-02-02T08:00:00Z,T2,14,2025-02-01T06:00:00Z,26,dayahead,0.0068,0.0891,0.3175,False,lightgbm-v1
2025-02-01T18:00:00Z,2025-02-02T00:00:00+06:00,2025-02-02T15:00:00+06:00,2025-02-02T09:00:00Z,T2,15,2025-02-01T06:00:00Z,27,dayahead,0.0,0.0456,0.274,False,lightgbm-v1
2025-02-01T18:00:00Z,2025-02-02T00:00:00+06:00,2025-02-02T16:00:00+06:00,2025-02-02T10:00:00Z,T2,16,2025-02-01T06:00:00Z,28,dayahead,0.0,0.048,0.2764,False,lightgbm-v1
2025-02-01T18:00:00Z,2025-02-02T00:00:00+06:00,2025-02-02T17:00:00+06:00,2025-02-02T11:00:00Z,T2,17,2025-02-01T06:00:00Z,29,dayahead,0.0,0.0446,0.273,False,lightgbm-v1
2025-02-01T18:00:00Z,2025-02-02T00:00:00+06:00,2025-02-02T18:00:00+06:00,2025-02-02T12:00:00Z,T2,18,2025-02-01T06:00:00Z,30,dayahead,0.0,0.0383,0.2667,False,lightgbm-v1
2025-02-01T18:00:00Z,2025-02-02T00:00:00+06:00,2025-02-02T19:00:00+06:00,2025-02-02T13:00:00Z,T2,19,2025-02-01T06:00:00Z,31,dayahead,0.0,0.0338,0.2622,False,lightgbm-v1
2025-02-01T18:00:00Z,2025-02-02T00:00:00+06:00,2025-02-02T20:00:00+06:00,2025-02-02T14:00:00Z,T2,20,2025-02-01T06:00:00Z,32,dayahead,0.0,0.0573,0.2857,False,lightgbm-v1
2025-02-01T18:00:00Z,2025-02-02T00:00:00+06:00,2025-02-02T21:00:00+06:00,2025-02-02T15:00:00Z,T2,21,2025-02-01T06:00:00Z,33,dayahead,0.0095,0.0917,0.3201,False,lightgbm-v1
2025-02-01T18:00:00Z,2025-02-02T00:00:00+06:00,2025-02-02T22:00:00+06:00,2025-02-02T16:00:00Z,T2,22,2025-02-01T06:00:00Z,34,dayahead,0.0368,0.1191,0.3475,False,lightgbm-v1
2025-02-01T18:00:00Z,2025-02-02T00:00:00+06:00,2025-02-02T23:00:00+06:00,2025-02-02T17:00:00Z,T2,23,2025-02-01T06:00:00Z,35,dayahead,0.0,0.1515,0.6655,False,lightgbm-v1
2025-02-01T18:00:00Z,2025-02-02T00:00:00+06:00,2025-02-03T00:00:00+06:00,2025-02-02T18:00:00Z,T2,24,2025-02-01T06:00:00Z,36,dayahead,0.0,0.1715,0.6855,False,lightgbm-v1
2025-02-01T18:00:00Z,2025-02-02T00:00:00+06:00,2025-02-03T01:00:00+06:00,2025-02-02T19:00:00Z,T2,25,2025-02-01T06:00:00Z,37,dayahead,0.0,0.2121,0.7261,False,lightgbm-v1
2025-02-01T18:00:00Z,2025-02-02T00:00:00+06:00,2025-02-03T02:00:00+06:00,2025-02-02T20:00:00Z,T2,26,2025-02-01T06:00:00Z,38,dayahead,0.0393,0.3026,0.8166,False,lightgbm-v1
2025-02-01T18:00:00Z,2025-02-02T00:00:00+06:00,2025-02-03T03:00:00+06:00,2025-02-02T21:00:00Z,T2,27,2025-02-01T06:00:00Z,39,dayahead,0.1591,0.4225,0.9365,False,lightgbm-v1
2025-02-01T18:00:00Z,2025-02-02T00:00:00+06:00,2025-02-03T04:00:00+06:00,2025-02-02T22:00:00Z,T2,28,2025-02-01T06:00:00Z,40,dayahead,0.0885,0.5862,0.8848,False,lightgbm-v1
2025-02-01T18:00:00Z,2025-02-02T00:00:00+06:00,2025-02-03T05:00:00+06:00,2025-02-02T23:00:00Z,T2,29,2025-02-01T06:00:00Z,41,dayahead,0.1681,0.6657,0.9644,False,lightgbm-v1
2025-02-01T18:00:00Z,2025-02-02T00:00:00+06:00,2025-02-03T06:00:00+06:00,2025-02-03T00:00:00Z,T2,30,2025-02-01T06:00:00Z,42,dayahead,0.2157,0.7134,1.0,False,lightgbm-v1
2025-02-01T18:00:00Z,2025-02-02T00:00:00+06:00,2025-02-03T07:00:00+06:00,2025-02-03T01:00:00Z,T2,31,2025-02-01T06:00:00Z,43,dayahead,0.2703,0.768,1.0,False,lightgbm-v1
2025-02-01T18:00:00Z,2025-02-02T00:00:00+06:00,2025-02-03T08:00:00+06:00,2025-02-03T02:00:00Z,T2,32,2025-02-01T06:00:00Z,44,dayahead,0.2718,0.7695,1.0,False,lightgbm-v1
2025-02-01T18:00:00Z,2025-02-02T00:00:00+06:00,2025-02-03T09:00:00+06:00,2025-02-03T03:00:00Z,T2,33,2025-02-01T06:00:00Z,45,dayahead,0.2999,0.7976,1.0,False,lightgbm-v1
2025-02-01T18:00:00Z,2025-02-02T00:00:00+06:00,2025-02-03T10:00:00+06:00,2025-02-03T04:00:00Z,T2,34,2025-02-01T06:00:00Z,46,dayahead,0.2741,0.7718,1.0,False,lightgbm-v1
2025-02-01T18:00:00Z,2025-02-02T00:00:00+06:00,2025-02-03T11:00:00+06:00,2025-02-03T05:00:00Z,T2,35,2025-02-01T06:00:00Z,47,dayahead,0.2772,0.7749,1.0,False,lightgbm-v1
2025-02-01T18:00:00Z,2025-02-02T00:00:00+06:00,2025-02-03T12:00:00+06:00,2025-02-03T06:00:00Z,T2,36,2025-02-01T06:00:00Z,48,dayahead,0.3204,0.8181,1.0,False,lightgbm-v1
2025-02-01T18:00:00Z,2025-02-02T00:00:00+06:00,2025-02-03T13:00:00+06:00,2025-02-03T07:00:00Z,T2,37,2025-02-01T06:00:00Z,49,dayahead,0.5048,0.8633,0.9483,False,lightgbm-v1
2025-02-01T18:00:00Z,2025-02-02T00:00:00+06:00,2025-02-03T14:00:00+06:00,2025-02-03T08:00:00Z,T2,38,2025-02-01T06:00:00Z,50,dayahead,0.5395,0.898,0.983,False,lightgbm-v1
2025-02-01T18:00:00Z,2025-02-02T00:00:00+06:00,2025-02-03T15:00:00+06:00,2025-02-03T09:00:00Z,T2,39,2025-02-01T06:00:00Z,51,dayahead,0.5399,0.8984,0.9834,False,lightgbm-v1
2025-02-01T18:00:00Z,2025-02-02T00:00:00+06:00,2025-02-03T16:00:00+06:00,2025-02-03T10:00:00Z,T2,40,2025-02-01T06:00:00Z,52,dayahead,0.3295,0.8272,1.0,False,lightgbm-v1
2025-02-01T18:00:00Z,2025-02-02T00:00:00+06:00,2025-02-03T17:00:00+06:00,2025-02-03T11:00:00Z,T2,41,2025-02-01T06:00:00Z,53,dayahead,0.3049,0.8025,1.0,False,lightgbm-v1
2025-02-01T18:00:00Z,2025-02-02T00:00:00+06:00,2025-02-03T18:00:00+06:00,2025-02-03T12:00:00Z,T2,42,2025-02-01T06:00:00Z,54,dayahead,0.1653,0.663,0.9616,False,lightgbm-v1
2025-02-01T18:00:00Z,2025-02-02T00:00:00+06:00,2025-02-03T19:00:00+06:00,2025-02-03T13:00:00Z,T2,43,2025-02-01T06:00:00Z,55,dayahead,0.1419,0.6395,0.9382,False,lightgbm-v1
2025-02-01T18:00:00Z,2025-02-02T00:00:00+06:00,2025-02-03T20:00:00+06:00,2025-02-03T14:00:00Z,T2,44,2025-02-01T06:00:00Z,56,dayahead,0.1631,0.6608,0.9595,False,lightgbm-v1
2025-02-01T18:00:00Z,2025-02-02T00:00:00+06:00,2025-02-03T21:00:00+06:00,2025-02-03T15:00:00Z,T2,45,2025-02-01T06:00:00Z,57,dayahead,0.2168,0.7145,1.0,False,lightgbm-v1
2025-02-01T18:00:00Z,2025-02-02T00:00:00+06:00,2025-02-03T22:00:00+06:00,2025-02-03T16:00:00Z,T2,46,2025-02-01T06:00:00Z,58,dayahead,0.2877,0.7854,1.0,False,lightgbm-v1
2025-02-01T18:00:00Z,2025-02-02T00:00:00+06:00,2025-02-03T23:00:00+06:00,2025-02-03T17:00:00Z,T2,47,2025-02-01T06:00:00Z,59,dayahead,0.2738,0.7715,1.0,False,lightgbm-v1
2025-02-02T18:00:00Z,2025-02-03T00:00:00+06:00,2025-02-03T00:00:00+06:00,2025-02-02T18:00:00Z,T1,0,2025-02-02T06:00:00Z,12,dayahead,0.0,0.2387,0.7526,False,lightgbm-v1
2025-02-02T18:00:00Z,2025-02-03T00:00:00+06:00,2025-02-03T01:00:00+06:00,2025-02-02T19:00:00Z,T1,1,2025-02-02T06:00:00Z,13,dayahead,0.1363,0.3997,0.9137,False,lightgbm-v1
2025-02-02T18:00:00Z,2025-02-03T00:00:00+06:00,2025-02-03T02:00:00+06:00,2025-02-02T20:00:00Z,T1,2,2025-02-02T06:00:00Z,14,dayahead,0.0071,0.5048,0.8034,False,lightgbm-v1
2025-02-02T18:00:00Z,2025-02-03T00:00:00+06:00,2025-02-03T03:00:00+06:00,2025-02-02T21:00:00Z,T1,3,2025-02-02T06:00:00Z,15,dayahead,0.1182,0.6159,0.9145,False,lightgbm-v1
2025-02-02T18:00:00Z,2025-02-03T00:00:00+06:00,2025-02-03T04:00:00+06:00,2025-02-02T22:00:00Z,T1,4,2025-02-02T06:00:00Z,16,dayahead,0.1623,0.66,0.9586,False,lightgbm-v1
2025-02-02T18:00:00Z,2025-02-03T00:00:00+06:00,2025-02-03T05:00:00+06:00,2025-02-02T23:00:00Z,T1,5,2025-02-02T06:00:00Z,17,dayahead,0.1914,0.6891,0.9878,False,lightgbm-v1
2025-02-02T18:00:00Z,2025-02-03T00:00:00+06:00,2025-02-03T06:00:00+06:00,2025-02-03T00:00:00Z,T1,6,2025-02-02T06:00:00Z,18,dayahead,0.2372,0.7349,1.0,False,lightgbm-v1
2025-02-02T18:00:00Z,2025-02-03T00:00:00+06:00,2025-02-03T07:00:00+06:00,2025-02-03T01:00:00Z,T1,7,2025-02-02T06:00:00Z,19,dayahead,0.2568,0.7545,1.0,False,lightgbm-v1
2025-02-02T18:00:00Z,2025-02-03T00:00:00+06:00,2025-02-03T08:00:00+06:00,2025-02-03T02:00:00Z,T1,8,2025-02-02T06:00:00Z,20,dayahead,0.2755,0.7732,1.0,False,lightgbm-v1
2025-02-02T18:00:00Z,2025-02-03T00:00:00+06:00,2025-02-03T09:00:00+06:00,2025-02-03T03:00:00Z,T1,9,2025-02-02T06:00:00Z,21,dayahead,0.2782,0.7758,1.0,False,lightgbm-v1
2025-02-02T18:00:00Z,2025-02-03T00:00:00+06:00,2025-02-03T10:00:00+06:00,2025-02-03T04:00:00Z,T1,10,2025-02-02T06:00:00Z,22,dayahead,0.2533,0.751,1.0,False,lightgbm-v1
2025-02-02T18:00:00Z,2025-02-03T00:00:00+06:00,2025-02-03T11:00:00+06:00,2025-02-03T05:00:00Z,T1,11,2025-02-02T06:00:00Z,23,dayahead,0.2343,0.7319,1.0,False,lightgbm-v1
2025-02-02T18:00:00Z,2025-02-03T00:00:00+06:00,2025-02-03T12:00:00+06:00,2025-02-03T06:00:00Z,T1,12,2025-02-02T06:00:00Z,24,dayahead,0.3047,0.8024,1.0,False,lightgbm-v1
2025-02-02T18:00:00Z,2025-02-03T00:00:00+06:00,2025-02-03T13:00:00+06:00,2025-02-03T07:00:00Z,T1,13,2025-02-02T06:00:00Z,25,dayahead,0.4981,0.8566,0.9416,False,lightgbm-v1
2025-02-02T18:00:00Z,2025-02-03T00:00:00+06:00,2025-02-03T14:00:00+06:00,2025-02-03T08:00:00Z,T1,14,2025-02-02T06:00:00Z,26,dayahead,0.5124,0.8709,0.9559,False,lightgbm-v1
2025-02-02T18:00:00Z,2025-02-03T00:00:00+06:00,2025-02-03T15:00:00+06:00,2025-02-03T09:00:00Z,T1,15,2025-02-02T06:00:00Z,27,dayahead,0.5234,0.8819,0.9669,False,lightgbm-v1
2025-02-02T18:00:00Z,2025-02-03T00:00:00+06:00,2025-02-03T16:00:00+06:00,2025-02-03T10:00:00Z,T1,16,2025-02-02T06:00:00Z,28,dayahead,0.3471,0.8447,1.0,False,lightgbm-v1
2025-02-02T18:00:00Z,2025-02-03T00:00:00+06:00,2025-02-03T17:00:00+06:00,2025-02-03T11:00:00Z,T1,17,2025-02-02T06:00:00Z,29,dayahead,0.3122,0.8099,1.0,False,lightgbm-v1
2025-02-02T18:00:00Z,2025-02-03T00:00:00+06:00,2025-02-03T18:00:00+06:00,2025-02-03T12:00:00Z,T1,18,2025-02-02T06:00:00Z,30,dayahead,0.2411,0.7387,1.0,False,lightgbm-v1
2025-02-02T18:00:00Z,2025-02-03T00:00:00+06:00,2025-02-03T19:00:00+06:00,2025-02-03T13:00:00Z,T1,19,2025-02-02T06:00:00Z,31,dayahead,0.2365,0.7342,1.0,False,lightgbm-v1
2025-02-02T18:00:00Z,2025-02-03T00:00:00+06:00,2025-02-03T20:00:00+06:00,2025-02-03T14:00:00Z,T1,20,2025-02-02T06:00:00Z,32,dayahead,0.241,0.7386,1.0,False,lightgbm-v1
2025-02-02T18:00:00Z,2025-02-03T00:00:00+06:00,2025-02-03T21:00:00+06:00,2025-02-03T15:00:00Z,T1,21,2025-02-02T06:00:00Z,33,dayahead,0.2603,0.7579,1.0,False,lightgbm-v1
2025-02-02T18:00:00Z,2025-02-03T00:00:00+06:00,2025-02-03T22:00:00+06:00,2025-02-03T16:00:00Z,T1,22,2025-02-02T06:00:00Z,34,dayahead,0.3152,0.8129,1.0,False,lightgbm-v1
2025-02-02T18:00:00Z,2025-02-03T00:00:00+06:00,2025-02-03T23:00:00+06:00,2025-02-03T17:00:00Z,T1,23,2025-02-02T06:00:00Z,35,dayahead,0.3258,0.8235,1.0,False,lightgbm-v1
2025-02-02T18:00:00Z,2025-02-03T00:00:00+06:00,2025-02-04T00:00:00+06:00,2025-02-03T18:00:00Z,T1,24,2025-02-02T06:00:00Z,36,dayahead,0.2651,0.7628,1.0,False,lightgbm-v1
2025-02-02T18:00:00Z,2025-02-03T00:00:00+06:00,2025-02-04T01:00:00+06:00,2025-02-03T19:00:00Z,T1,25,2025-02-02T06:00:00Z,37,dayahead,0.2425,0.7402,1.0,False,lightgbm-v1
2025-02-02T18:00:00Z,2025-02-03T00:00:00+06:00,2025-02-04T02:00:00+06:00,2025-02-03T20:00:00Z,T1,26,2025-02-02T06:00:00Z,38,dayahead,0.3002,0.7979,1.0,False,lightgbm-v1
2025-02-02T18:00:00Z,2025-02-03T00:00:00+06:00,2025-02-04T03:00:00+06:00,2025-02-03T21:00:00Z,T1,27,2025-02-02T06:00:00Z,39,dayahead,0.3403,0.838,1.0,False,lightgbm-v1
2025-02-02T18:00:00Z,2025-02-03T00:00:00+06:00,2025-02-04T04:00:00+06:00,2025-02-03T22:00:00Z,T1,28,2025-02-02T06:00:00Z,40,dayahead,0.5007,0.8592,0.9442,False,lightgbm-v1
2025-02-02T18:00:00Z,2025-02-03T00:00:00+06:00,2025-02-04T05:00:00+06:00,2025-02-03T23:00:00Z,T1,29,2025-02-02T06:00:00Z,41,dayahead,0.5099,0.8684,0.9534,False,lightgbm-v1
2025-02-02T18:00:00Z,2025-02-03T00:00:00+06:00,2025-02-04T06:00:00+06:00,2025-02-04T00:00:00Z,T1,30,2025-02-02T06:00:00Z,42,dayahead,0.5368,0.8952,0.9803,False,lightgbm-v1
2025-02-02T18:00:00Z,2025-02-03T00:00:00+06:00,2025-02-04T07:00:00+06:00,2025-02-04T01:00:00Z,T1,31,2025-02-02T06:00:00Z,43,dayahead,0.5275,0.8859,0.9709,False,lightgbm-v1
2025-02-02T18:00:00Z,2025-02-03T00:00:00+06:00,2025-02-04T08:00:00+06:00,2025-02-04T02:00:00Z,T1,32,2025-02-02T06:00:00Z,44,dayahead,0.5481,0.9066,0.9916,False,lightgbm-v1
2025-02-02T18:00:00Z,2025-02-03T00:00:00+06:00,2025-02-04T09:00:00+06:00,2025-02-04T03:00:00Z,T1,33,2025-02-02T06:00:00Z,45,dayahead,0.5411,0.8996,0.9846,False,lightgbm-v1
2025-02-02T18:00:00Z,2025-02-03T00:00:00+06:00,2025-02-04T10:00:00+06:00,2025-02-04T04:00:00Z,T1,34,2025-02-02T06:00:00Z,46,dayahead,0.5404,0.8989,0.9839,False,lightgbm-v1
2025-02-02T18:00:00Z,2025-02-03T00:00:00+06:00,2025-02-04T11:00:00+06:00,2025-02-04T05:00:00Z,T1,35,2025-02-02T06:00:00Z,47,dayahead,0.5334,0.8919,0.9769,False,lightgbm-v1
2025-02-02T18:00:00Z,2025-02-03T00:00:00+06:00,2025-02-04T12:00:00+06:00,2025-02-04T06:00:00Z,T1,36,2025-02-02T06:00:00Z,48,dayahead,0.5021,0.8606,0.9456,False,lightgbm-v1
2025-02-02T18:00:00Z,2025-02-03T00:00:00+06:00,2025-02-04T13:00:00+06:00,2025-02-04T07:00:00Z,T1,37,2025-02-02T06:00:00Z,49,dayahead,0.2433,0.741,1.0,False,lightgbm-v1
2025-02-02T18:00:00Z,2025-02-03T00:00:00+06:00,2025-02-04T14:00:00+06:00,2025-02-04T08:00:00Z,T1,38,2025-02-02T06:00:00Z,50,dayahead,0.1126,0.3759,0.8899,False,lightgbm-v1
2025-02-02T18:00:00Z,2025-02-03T00:00:00+06:00,2025-02-04T15:00:00+06:00,2025-02-04T09:00:00Z,T1,39,2025-02-02T06:00:00Z,51,dayahead,0.0,0.0822,0.3106,False,lightgbm-v1
2025-02-02T18:00:00Z,2025-02-03T00:00:00+06:00,2025-02-04T16:00:00+06:00,2025-02-04T10:00:00Z,T1,40,2025-02-02T06:00:00Z,52,dayahead,0.0,0.0455,0.2739,False,lightgbm-v1
2025-02-02T18:00:00Z,2025-02-03T00:00:00+06:00,2025-02-04T17:00:00+06:00,2025-02-04T11:00:00Z,T1,41,2025-02-02T06:00:00Z,53,dayahead,0.0,0.0435,0.2718,False,lightgbm-v1
2025-02-02T18:00:00Z,2025-02-03T00:00:00+06:00,2025-02-04T18:00:00+06:00,2025-02-04T12:00:00Z,T1,42,2025-02-02T06:00:00Z,54,dayahead,0.0362,0.1185,0.3468,False,lightgbm-v1
2025-02-02T18:00:00Z,2025-02-03T00:00:00+06:00,2025-02-04T19:00:00+06:00,2025-02-04T13:00:00Z,T1,43,2025-02-02T06:00:00Z,55,dayahead,0.0677,0.15,0.3784,False,lightgbm-v1
2025-02-02T18:00:00Z,2025-02-03T00:00:00+06:00,2025-02-04T20:00:00+06:00,2025-02-04T14:00:00Z,T1,44,2025-02-02T06:00:00Z,56,dayahead,0.0611,0.1434,0.3717,False,lightgbm-v1
2025-02-02T18:00:00Z,2025-02-03T00:00:00+06:00,2025-02-04T21:00:00+06:00,2025-02-04T15:00:00Z,T1,45,2025-02-02T06:00:00Z,57,dayahead,0.062,0.1442,0.3726,False,lightgbm-v1
2025-02-02T18:00:00Z,2025-02-03T00:00:00+06:00,2025-02-04T22:00:00+06:00,2025-02-04T16:00:00Z,T1,46,2025-02-02T06:00:00Z,58,dayahead,0.0446,0.1268,0.3552,False,lightgbm-v1
2025-02-02T18:00:00Z,2025-02-03T00:00:00+06:00,2025-02-04T23:00:00+06:00,2025-02-04T17:00:00Z,T1,47,2025-02-02T06:00:00Z,59,dayahead,0.0174,0.0997,0.3281,False,lightgbm-v1
2025-02-02T18:00:00Z,2025-02-03T00:00:00+06:00,2025-02-03T00:00:00+06:00,2025-02-02T18:00:00Z,T2,0,2025-02-02T06:00:00Z,12,dayahead,0.0,0.2357,0.7497,False,lightgbm-v1
2025-02-02T18:00:00Z,2025-02-03T00:00:00+06:00,2025-02-03T01:00:00+06:00,2025-02-02T19:00:00Z,T2,1,2025-02-02T06:00:00Z,13,dayahead,0.1344,0.3977,0.9117,False,lightgbm-v1
2025-02-02T18:00:00Z,2025-02-03T00:00:00+06:00,2025-02-03T02:00:00+06:00,2025-02-02T20:00:00Z,T2,2,2025-02-02T06:00:00Z,14,dayahead,0.0055,0.5032,0.8018,False,lightgbm-v1
2025-02-02T18:00:00Z,2025-02-03T00:00:00+06:00,2025-02-03T03:00:00+06:00,2025-02-02T21:00:00Z,T2,3,2025-02-02T06:00:00Z,15,dayahead,0.1163,0.614,0.9126,False,lightgbm-v1
2025-02-02T18:00:00Z,2025-02-03T00:00:00+06:00,2025-02-03T04:00:00+06:00,2025-02-02T22:00:00Z,T2,4,2025-02-02T06:00:00Z,16,dayahead,0.1604,0.6581,0.9567,False,lightgbm-v1
2025-02-02T18:00:00Z,2025-02-03T00:00:00+06:00,2025-02-03T05:00:00+06:00,2025-02-02T23:00:00Z,T2,5,2025-02-02T06:00:00Z,17,dayahead,0.1894,0.6871,0.9857,False,lightgbm-v1
2025-02-02T18:00:00Z,2025-02-03T00:00:00+06:00,2025-02-03T06:00:00+06:00,2025-02-03T00:00:00Z,T2,6,2025-02-02T06:00:00Z,18,dayahead,0.2361,0.7338,1.0,False,lightgbm-v1
2025-02-02T18:00:00Z,2025-02-03T00:00:00+06:00,2025-02-03T07:00:00+06:00,2025-02-03T01:00:00Z,T2,7,2025-02-02T06:00:00Z,19,dayahead,0.2562,0.7539,1.0,False,lightgbm-v1
2025-02-02T18:00:00Z,2025-02-03T00:00:00+06:00,2025-02-03T08:00:00+06:00,2025-02-03T02:00:00Z,T2,8,2025-02-02T06:00:00Z,20,dayahead,0.2734,0.7711,1.0,False,lightgbm-v1
2025-02-02T18:00:00Z,2025-02-03T00:00:00+06:00,2025-02-03T09:00:00+06:00,2025-02-03T03:00:00Z,T2,9,2025-02-02T06:00:00Z,21,dayahead,0.2801,0.7778,1.0,False,lightgbm-v1
2025-02-02T18:00:00Z,2025-02-03T00:00:00+06:00,2025-02-03T10:00:00+06:00,2025-02-03T04:00:00Z,T2,10,2025-02-02T06:00:00Z,22,dayahead,0.2553,0.753,1.0,False,lightgbm-v1
2025-02-02T18:00:00Z,2025-02-03T00:00:00+06:00,2025-02-03T11:00:00+06:00,2025-02-03T05:00:00Z,T2,11,2025-02-02T06:00:00Z,23,dayahead,0.2377,0.7354,1.0,False,lightgbm-v1
2025-02-02T18:00:00Z,2025-02-03T00:00:00+06:00,2025-02-03T12:00:00+06:00,2025-02-03T06:00:00Z,T2,12,2025-02-02T06:00:00Z,24,dayahead,0.3087,0.8064,1.0,False,lightgbm-v1
2025-02-02T18:00:00Z,2025-02-03T00:00:00+06:00,2025-02-03T13:00:00+06:00,2025-02-03T07:00:00Z,T2,13,2025-02-02T06:00:00Z,25,dayahead,0.4986,0.8571,0.9421,False,lightgbm-v1
2025-02-02T18:00:00Z,2025-02-03T00:00:00+06:00,2025-02-03T14:00:00+06:00,2025-02-03T08:00:00Z,T2,14,2025-02-02T06:00:00Z,26,dayahead,0.5134,0.8719,0.9569,False,lightgbm-v1
2025-02-02T18:00:00Z,2025-02-03T00:00:00+06:00,2025-02-03T15:00:00+06:00,2025-02-03T09:00:00Z,T2,15,2025-02-02T06:00:00Z,27,dayahead,0.5239,0.8824,0.9674,False,lightgbm-v1
2025-02-02T18:00:00Z,2025-02-03T00:00:00+06:00,2025-02-03T16:00:00+06:00,2025-02-03T10:00:00Z,T2,16,2025-02-02T06:00:00Z,28,dayahead,0.3494,0.8471,1.0,False,lightgbm-v1
2025-02-02T18:00:00Z,2025-02-03T00:00:00+06:00,2025-02-03T17:00:00+06:00,2025-02-03T11:00:00Z,T2,17,2025-02-02T06:00:00Z,29,dayahead,0.315,0.8127,1.0,False,lightgbm-v1
2025-02-02T18:00:00Z,2025-02-03T00:00:00+06:00,2025-02-03T18:00:00+06:00,2025-02-03T12:00:00Z,T2,18,2025-02-02T06:00:00Z,30,dayahead,0.2409,0.7386,1.0,False,lightgbm-v1
2025-02-02T18:00:00Z,2025-02-03T00:00:00+06:00,2025-02-03T19:00:00+06:00,2025-02-03T13:00:00Z,T2,19,2025-02-02T06:00:00Z,31,dayahead,0.2366,0.7343,1.0,False,lightgbm-v1
2025-02-02T18:00:00Z,2025-02-03T00:00:00+06:00,2025-02-03T20:00:00+06:00,2025-02-03T14:00:00Z,T2,20,2025-02-02T06:00:00Z,32,dayahead,0.2419,0.7396,1.0,False,lightgbm-v1
2025-02-02T18:00:00Z,2025-02-03T00:00:00+06:00,2025-02-03T21:00:00+06:00,2025-02-03T15:00:00Z,T2,21,2025-02-02T06:00:00Z,33,dayahead,0.2612,0.7589,1.0,False,lightgbm-v1
2025-02-02T18:00:00Z,2025-02-03T00:00:00+06:00,2025-02-03T22:00:00+06:00,2025-02-03T16:00:00Z,T2,22,2025-02-02T06:00:00Z,34,dayahead,0.3149,0.8126,1.0,False,lightgbm-v1
2025-02-02T18:00:00Z,2025-02-03T00:00:00+06:00,2025-02-03T23:00:00+06:00,2025-02-03T17:00:00Z,T2,23,2025-02-02T06:00:00Z,35,dayahead,0.3265,0.8242,1.0,False,lightgbm-v1
2025-02-02T18:00:00Z,2025-02-03T00:00:00+06:00,2025-02-04T00:00:00+06:00,2025-02-03T18:00:00Z,T2,24,2025-02-02T06:00:00Z,36,dayahead,0.2661,0.7638,1.0,False,lightgbm-v1
2025-02-02T18:00:00Z,2025-02-03T00:00:00+06:00,2025-02-04T01:00:00+06:00,2025-02-03T19:00:00Z,T2,25,2025-02-02T06:00:00Z,37,dayahead,0.2436,0.7413,1.0,False,lightgbm-v1
2025-02-02T18:00:00Z,2025-02-03T00:00:00+06:00,2025-02-04T02:00:00+06:00,2025-02-03T20:00:00Z,T2,26,2025-02-02T06:00:00Z,38,dayahead,0.3004,0.798,1.0,False,lightgbm-v1
2025-02-02T18:00:00Z,2025-02-03T00:00:00+06:00,2025-02-04T03:00:00+06:00,2025-02-03T21:00:00Z,T2,27,2025-02-02T06:00:00Z,39,dayahead,0.3406,0.8383,1.0,False,lightgbm-v1
2025-02-02T18:00:00Z,2025-02-03T00:00:00+06:00,2025-02-04T04:00:00+06:00,2025-02-03T22:00:00Z,T2,28,2025-02-02T06:00:00Z,40,dayahead,0.502,0.8605,0.9455,False,lightgbm-v1
2025-02-02T18:00:00Z,2025-02-03T00:00:00+06:00,2025-02-04T05:00:00+06:00,2025-02-03T23:00:00Z,T2,29,2025-02-02T06:00:00Z,41,dayahead,0.5106,0.8691,0.9541,False,lightgbm-v1
2025-02-02T18:00:00Z,2025-02-03T00:00:00+06:00,2025-02-04T06:00:00+06:00,2025-02-04T00:00:00Z,T2,30,2025-02-02T06:00:00Z,42,dayahead,0.5376,0.8961,0.9811,False,lightgbm-v1
2025-02-02T18:00:00Z,2025-02-03T00:00:00+06:00,2025-02-04T07:00:00+06:00,2025-02-04T01:00:00Z,T2,31,2025-02-02T06:00:00Z,43,dayahead,0.5285,0.887,0.972,False,lightgbm-v1
2025-02-02T18:00:00Z,2025-02-03T00:00:00+06:00,2025-02-04T08:00:00+06:00,2025-02-04T02:00:00Z,T2,32,2025-02-02T06:00:00Z,44,dayahead,0.5488,0.9073,0.9923,False,lightgbm-v1
2025-02-02T18:00:00Z,2025-02-03T00:00:00+06:00,2025-02-04T09:00:00+06:00,2025-02-04T03:00:00Z,T2,33,2025-02-02T06:00:00Z,45,dayahead,0.5418,0.9003,0.9853,False,lightgbm-v1
2025-02-02T18:00:00Z,2025-02-03T00:00:00+06:00,2025-02-04T10:00:00+06:00,2025-02-04T04:00:00Z,T2,34,2025-02-02T06:00:00Z,46,dayahead,0.5397,0.8981,0.9831,False,lightgbm-v1
2025-02-02T18:00:00Z,2025-02-03T00:00:00+06:00,2025-02-04T11:00:00+06:00,2025-02-04T05:00:00Z,T2,35,2025-02-02T06:00:00Z,47,dayahead,0.5336,0.8921,0.9771,False,lightgbm-v1
2025-02-02T18:00:00Z,2025-02-03T00:00:00+06:00,2025-02-04T12:00:00+06:00,2025-02-04T06:00:00Z,T2,36,2025-02-02T06:00:00Z,48,dayahead,0.5024,0.8609,0.9459,False,lightgbm-v1
2025-02-02T18:00:00Z,2025-02-03T00:00:00+06:00,2025-02-04T13:00:00+06:00,2025-02-04T07:00:00Z,T2,37,2025-02-02T06:00:00Z,49,dayahead,0.244,0.7417,1.0,False,lightgbm-v1
2025-02-02T18:00:00Z,2025-02-03T00:00:00+06:00,2025-02-04T14:00:00+06:00,2025-02-04T08:00:00Z,T2,38,2025-02-02T06:00:00Z,50,dayahead,0.1113,0.3746,0.8886,False,lightgbm-v1
2025-02-02T18:00:00Z,2025-02-03T00:00:00+06:00,2025-02-04T15:00:00+06:00,2025-02-04T09:00:00Z,T2,39,2025-02-02T06:00:00Z,51,dayahead,0.0,0.0814,0.3098,False,lightgbm-v1
2025-02-02T18:00:00Z,2025-02-03T00:00:00+06:00,2025-02-04T16:00:00+06:00,2025-02-04T10:00:00Z,T2,40,2025-02-02T06:00:00Z,52,dayahead,0.0,0.045,0.2734,False,lightgbm-v1
2025-02-02T18:00:00Z,2025-02-03T00:00:00+06:00,2025-02-04T17:00:00+06:00,2025-02-04T11:00:00Z,T2,41,2025-02-02T06:00:00Z,53,dayahead,0.0,0.0425,0.2709,False,lightgbm-v1
2025-02-02T18:00:00Z,2025-02-03T00:00:00+06:00,2025-02-04T18:00:00+06:00,2025-02-04T12:00:00Z,T2,42,2025-02-02T06:00:00Z,54,dayahead,0.036,0.1183,0.3466,False,lightgbm-v1
2025-02-02T18:00:00Z,2025-02-03T00:00:00+06:00,2025-02-04T19:00:00+06:00,2025-02-04T13:00:00Z,T2,43,2025-02-02T06:00:00Z,55,dayahead,0.0675,0.1498,0.3782,False,lightgbm-v1
2025-02-02T18:00:00Z,2025-02-03T00:00:00+06:00,2025-02-04T20:00:00+06:00,2025-02-04T14:00:00Z,T2,44,2025-02-02T06:00:00Z,56,dayahead,0.0614,0.1437,0.3721,False,lightgbm-v1
2025-02-02T18:00:00Z,2025-02-03T00:00:00+06:00,2025-02-04T21:00:00+06:00,2025-02-04T15:00:00Z,T2,45,2025-02-02T06:00:00Z,57,dayahead,0.0625,0.1448,0.3732,False,lightgbm-v1
2025-02-02T18:00:00Z,2025-02-03T00:00:00+06:00,2025-02-04T22:00:00+06:00,2025-02-04T16:00:00Z,T2,46,2025-02-02T06:00:00Z,58,dayahead,0.0447,0.127,0.3554,False,lightgbm-v1
2025-02-02T18:00:00Z,2025-02-03T00:00:00+06:00,2025-02-04T23:00:00+06:00,2025-02-04T17:00:00Z,T2,47,2025-02-02T06:00:00Z,59,dayahead,0.0179,0.1002,0.3286,False,lightgbm-v1
2025-02-03T18:00:00Z,2025-02-04T00:00:00+06:00,2025-02-04T00:00:00+06:00,2025-02-03T18:00:00Z,T1,0,2025-02-03T06:00:00Z,12,dayahead,0.5569,0.9154,1.0,False,lightgbm-v1
2025-02-03T18:00:00Z,2025-02-04T00:00:00+06:00,2025-02-04T01:00:00+06:00,2025-02-03T19:00:00Z,T1,1,2025-02-03T06:00:00Z,13,dayahead,0.5492,0.9077,0.9927,False,lightgbm-v1
2025-02-03T18:00:00Z,2025-02-04T00:00:00+06:00,2025-02-04T02:00:00+06:00,2025-02-03T20:00:00Z,T1,2,2025-02-03T06:00:00Z,14,dayahead,0.5275,0.886,0.971,False,lightgbm-v1
2025-02-03T18:00:00Z,2025-02-04T00:00:00+06:00,2025-02-04T03:00:00+06:00,2025-02-03T21:00:00Z,T1,3,2025-02-03T06:00:00Z,15,dayahead,0.5347,0.8932,0.9782,False,lightgbm-v1
2025-02-03T18:00:00Z,2025-02-04T00:00:00+06:00,2025-02-04T04:00:00+06:00,2025-02-03T22:00:00Z,T1,4,2025-02-03T06:00:00Z,16,dayahead,0.546,0.9045,0.9895,False,lightgbm-v1
2025-02-03T18:00:00Z,2025-02-04T00:00:00+06:00,2025-02-04T05:00:00+06:00,2025-02-03T23:00:00Z,T1,5,2025-02-03T06:00:00Z,17,dayahead,0.5595,0.9179,1.0,False,lightgbm-v1
2025-02-03T18:00:00Z,2025-02-04T00:00:00+06:00,2025-02-04T06:00:00+06:00,2025-02-04T00:00:00Z,T1,6,2025-02-03T06:00:00Z,18,dayahead,0.5731,0.9316,1.0,False,lightgbm-v1
2025-02-03T18:00:00Z,2025-02-04T00:00:00+06:00,2025-02-04T07:00:00+06:00,2025-02-04T01:00:00Z,T1,7,2025-02-03T06:00:00Z,19,dayahead,0.5723,0.9308,1.0,False,lightgbm-v1
2025-02-03T18:00:00Z,2025-02-04T00:00:00+06:00,2025-02-04T08:00:00+06:00,2025-02-04T02:00:00Z,T1,8,2025-02-03T06:00:00Z,20,dayahead,0.5623,0.9208,1.0,False,lightgbm-v1
2025-02-03T18:00:00Z,2025-02-04T00:00:00+06:00,2025-02-04T09:00:00+06:00,2025-02-04T03:00:00Z,T1,9,2025-02-03T06:00:00Z,21,dayahead,0.5399,0.8984,0.9834,False,lightgbm-v1
2025-02-03T18:00:00Z,2025-02-04T00:00:00+06:00,2025-02-04T10:00:00+06:00,2025-02-04T04:00:00Z,T1,10,2025-02-03T06:00:00Z,22,dayahead,0.3458,0.8435,1.0,False,lightgbm-v1
2025-02-03T18:00:00Z,2025-02-04T00:00:00+06:00,2025-02-04T11:00:00+06:00,2025-02-04T05:00:00Z,T1,11,2025-02-03T06:00:00Z,23,dayahead,0.2262,0.7239,1.0,False,lightgbm-v1
2025-02-03T18:00:00Z,2025-02-04T00:00:00+06:00,2025-02-04T12:00:00+06:00,2025-02-04T06:00:00Z,T1,12,2025-02-03T06:00:00Z,24,dayahead,0.1679,0.4313,0.9453,False,lightgbm-v1
2025-02-03T18:00:00Z,2025-02-04T00:00:00+06:00,2025-02-04T13:00:00+06:00,2025-02-04T07:00:00Z,T1,13,2025-02-03T06:00:00Z,25,dayahead,0.0,0.2125,0.7265,False,lightgbm-v1
2025-02-03T18:00:00Z,2025-02-04T00:00:00+06:00,2025-02-04T14:00:00+06:00,2025-02-04T08:00:00Z,T1,14,2025-02-03T06:00:00Z,26,dayahead,0.0,0.0541,0.2825,False,lightgbm-v1
2025-02-03T18:00:00Z,2025-02-04T00:00:00+06:00,2025-02-04T15:00:00+06:00,2025-02-04T09:00:00Z,T1,15,2025-02-03T06:00:00Z,27,dayahead,0.0,0.0421,0.2705,False,lightgbm-v1
2025-02-03T18:00:00Z,2025-02-04T00:00:00+06:00,2025-02-04T16:00:00+06:00,2025-02-04T10:00:00Z,T1,16,2025-02-03T06:00:00Z,28,dayahead,0.0019,0.0842,0.3126,False,lightgbm-v1
2025-02-03T18:00:00Z,2025-02-04T00:00:00+06:00,2025-02-04T17:00:00+06:00,2025-02-04T11:00:00Z,T1,17,2025-02-03T06:00:00Z,29,dayahead,0.0,0.1511,0.6651,False,lightgbm-v1
2025-02-03T18:00:00Z,2025-02-04T00:00:00+06:00,2025-02-04T18:00:00+06:00,2025-02-04T12:00:00Z,T1,18,2025-02-03T06:00:00Z,30,dayahead,0.0,0.1739,0.6879,False,lightgbm-v1
2025-02-03T18:00:00Z,2025-02-04T00:00:00+06:00,2025-02-04T19:00:00+06:00,2025-02-04T13:00:00Z,T1,19,2025-02-03T06:00:00Z,31,dayahead,0.0,0.2048,0.7188,False,lightgbm-v1
2025-02-03T18:00:00Z,2025-02-04T00:00:00+06:00,2025-02-04T20:00:00+06:00,2025-02-04T14:00:00Z,T1,20,2025-02-03T06:00:00Z,32,dayahead,0.0,0.1819,0.6959,False,lightgbm-v1
2025-02-03T18:00:00Z,2025-02-04T00:00:00+06:00,2025-02-04T21:00:00+06:00,2025-02-04T15:00:00Z,T1,21,2025-02-03T06:00:00Z,33,dayahead,0.0,0.1564,0.6703,False,lightgbm-v1
2025-02-03T18:00:00Z,2025-02-04T00:00:00+06:00,2025-02-04T22:00:00+06:00,2025-02-04T16:00:00Z,T1,22,2025-02-03T06:00:00Z,34,dayahead,0.0667,0.149,0.3774,False,lightgbm-v1
2025-02-03T18:00:00Z,2025-02-04T00:00:00+06:00,2025-02-04T23:00:00+06:00,2025-02-04T17:00:00Z,T1,23,2025-02-03T06:00:00Z,35,dayahead,0.0198,0.102,0.3304,False,lightgbm-v1
2025-02-03T18:00:00Z,2025-02-04T00:00:00+06:00,2025-02-05T00:00:00+06:00,2025-02-04T18:00:00Z,T1,24,2025-02-03T06:00:00Z,36,dayahead,0.0,0.0689,0.2973,False,lightgbm-v1
2025-02-03T18:00:00Z,2025-02-04T00:00:00+06:00,2025-02-05T01:00:00+06:00,2025-02-04T19:00:00Z,T1,25,2025-02-03T06:00:00Z,37,dayahead,0.0,0.0539,0.2823,False,lightgbm-v1
2025-02-03T18:00:00Z,2025-02-04T00:00:00+06:00,2025-02-05T02:00:00+06:00,2025-02-04T20:00:00Z,T1,26,2025-02-03T06:00:00Z,38,dayahead,0.0,0.0408,0.2691,False,lightgbm-v1
2025-02-03T18:00:00Z,2025-02-04T00:00:00+06:00,2025-02-05T03:00:00+06:00,2025-02-04T21:00:00Z,T1,27,2025-02-03T06:00:00Z,39,dayahead,0.0,0.0236,0.252,False,lightgbm-v1
2025-02-03T18:00:00Z,2025-02-04T00:00:00+06:00,2025-02-05T04:00:00+06:00,2025-02-04T22:00:00Z,T1,28,2025-02-03T06:00:00Z,40,dayahead,0.0,0.018,0.2464,False,lightgbm-v1
2025-02-03T18:00:00Z,2025-02-04T00:00:00+06:00,2025-02-05T05:00:00+06:00,2025-02-04T23:00:00Z,T1,29,2025-02-03T06:00:00Z,41,dayahead,0.0,0.0231,0.2515,False,lightgbm-v1
2025-02-03T18:00:00Z,2025-02-04T00:00:00+06:00,2025-02-05T06:00:00+06:00,2025-02-05T00:00:00Z,T1,30,2025-02-03T06:00:00Z,42,dayahead,0.0,0.0295,0.2579,False,lightgbm-v1
2025-02-03T18:00:00Z,2025-02-04T00:00:00+06:00,2025-02-05T07:00:00+06:00,2025-02-05T01:00:00Z,T1,31,2025-02-03T06:00:00Z,43,dayahead,0.0,0.0374,0.2657,False,lightgbm-v1
2025-02-03T18:00:00Z,2025-02-04T00:00:00+06:00,2025-02-05T08:00:00+06:00,2025-02-05T02:00:00Z,T1,32,2025-02-03T06:00:00Z,44,dayahead,0.0,0.0485,0.2769,False,lightgbm-v1
2025-02-03T18:00:00Z,2025-02-04T00:00:00+06:00,2025-02-05T09:00:00+06:00,2025-02-05T03:00:00Z,T1,33,2025-02-03T06:00:00Z,45,dayahead,0.0,0.0573,0.2857,False,lightgbm-v1
2025-02-03T18:00:00Z,2025-02-04T00:00:00+06:00,2025-02-05T10:00:00+06:00,2025-02-05T04:00:00Z,T1,34,2025-02-03T06:00:00Z,46,dayahead,0.0,0.0611,0.2895,False,lightgbm-v1
2025-02-03T18:00:00Z,2025-02-04T00:00:00+06:00,2025-02-05T11:00:00+06:00,2025-02-05T05:00:00Z,T1,35,2025-02-03T06:00:00Z,47,dayahead,0.0,0.0647,0.293,False,lightgbm-v1
2025-02-03T18:00:00Z,2025-02-04T00:00:00+06:00,2025-02-05T12:00:00+06:00,2025-02-05T06:00:00Z,T1,36,2025-02-03T06:00:00Z,48,dayahead,0.0,0.0482,0.2766,False,lightgbm-v1
2025-02-03T18:00:00Z,2025-02-04T00:00:00+06:00,2025-02-05T13:00:00+06:00,2025-02-05T07:00:00Z,T1,37,2025-02-03T06:00:00Z,49,dayahead,0.0,0.0329,0.2613,False,lightgbm-v1
2025-02-03T18:00:00Z,2025-02-04T00:00:00+06:00,2025-02-05T14:00:00+06:00,2025-02-05T08:00:00Z,T1,38,2025-02-03T06:00:00Z,50,dayahead,0.0,0.0243,0.2527,False,lightgbm-v1
2025-02-03T18:00:00Z,2025-02-04T00:00:00+06:00,2025-02-05T15:00:00+06:00,2025-02-05T09:00:00Z,T1,39,2025-02-03T06:00:00Z,51,dayahead,0.0,0.0213,0.2497,False,lightgbm-v1
2025-02-03T18:00:00Z,2025-02-04T00:00:00+06:00,2025-02-05T16:00:00+06:00,2025-02-05T10:00:00Z,T1,40,2025-02-03T06:00:00Z,52,dayahead,0.0,0.0179,0.2463,False,lightgbm-v1
2025-02-03T18:00:00Z,2025-02-04T00:00:00+06:00,2025-02-05T17:00:00+06:00,2025-02-05T11:00:00Z,T1,41,2025-02-03T06:00:00Z,53,dayahead,0.0,0.0213,0.2497,False,lightgbm-v1
2025-02-03T18:00:00Z,2025-02-04T00:00:00+06:00,2025-02-05T18:00:00+06:00,2025-02-05T12:00:00Z,T1,42,2025-02-03T06:00:00Z,54,dayahead,0.0,0.0299,0.2583,False,lightgbm-v1
2025-02-03T18:00:00Z,2025-02-04T00:00:00+06:00,2025-02-05T19:00:00+06:00,2025-02-05T13:00:00Z,T1,43,2025-02-03T06:00:00Z,55,dayahead,0.0,0.0358,0.2642,False,lightgbm-v1
2025-02-03T18:00:00Z,2025-02-04T00:00:00+06:00,2025-02-05T20:00:00+06:00,2025-02-05T14:00:00Z,T1,44,2025-02-03T06:00:00Z,56,dayahead,0.0,0.0356,0.264,False,lightgbm-v1
2025-02-03T18:00:00Z,2025-02-04T00:00:00+06:00,2025-02-05T21:00:00+06:00,2025-02-05T15:00:00Z,T1,45,2025-02-03T06:00:00Z,57,dayahead,0.0,0.036,0.2644,False,lightgbm-v1
2025-02-03T18:00:00Z,2025-02-04T00:00:00+06:00,2025-02-05T22:00:00+06:00,2025-02-05T16:00:00Z,T1,46,2025-02-03T06:00:00Z,58,dayahead,0.0,0.0406,0.269,False,lightgbm-v1
2025-02-03T18:00:00Z,2025-02-04T00:00:00+06:00,2025-02-05T23:00:00+06:00,2025-02-05T17:00:00Z,T1,47,2025-02-03T06:00:00Z,59,dayahead,0.0,0.0503,0.2787,False,lightgbm-v1
2025-02-03T18:00:00Z,2025-02-04T00:00:00+06:00,2025-02-04T00:00:00+06:00,2025-02-03T18:00:00Z,T2,0,2025-02-03T06:00:00Z,12,dayahead,0.5569,0.9154,1.0,False,lightgbm-v1
2025-02-03T18:00:00Z,2025-02-04T00:00:00+06:00,2025-02-04T01:00:00+06:00,2025-02-03T19:00:00Z,T2,1,2025-02-03T06:00:00Z,13,dayahead,0.5496,0.9081,0.9931,False,lightgbm-v1
2025-02-03T18:00:00Z,2025-02-04T00:00:00+06:00,2025-02-04T02:00:00+06:00,2025-02-03T20:00:00Z,T2,2,2025-02-03T06:00:00Z,14,dayahead,0.5283,0.8867,0.9717,False,lightgbm-v1
2025-02-03T18:00:00Z,2025-02-04T00:00:00+06:00,2025-02-04T03:00:00+06:00,2025-02-03T21:00:00Z,T2,3,2025-02-03T06:00:00Z,15,dayahead,0.5351,0.8936,0.9786,False,lightgbm-v1
2025-02-03T18:00:00Z,2025-02-04T00:00:00+06:00,2025-02-04T04:00:00+06:00,2025-02-03T22:00:00Z,T2,4,2025-02-03T06:00:00Z,16,dayahead,0.5451,0.9036,0.9886,False,lightgbm-v1
2025-02-03T18:00:00Z,2025-02-04T00:00:00+06:00,2025-02-04T05:00:00+06:00,2025-02-03T23:00:00Z,T2,5,2025-02-03T06:00:00Z,17,dayahead,0.5557,0.9141,0.9991,False,lightgbm-v1
2025-02-03T18:00:00Z,2025-02-04T00:00:00+06:00,2025-02-04T06:00:00+06:00,2025-02-04T00:00:00Z,T2,6,2025-02-03T06:00:00Z,18,dayahead,0.5688,0.9273,1.0,False,lightgbm-v1
2025-02-03T18:00:00Z,2025-02-04T00:00:00+06:00,2025-02-04T07:00:00+06:00,2025-02-04T01:00:00Z,T2,7,2025-02-03T06:00:00Z,19,dayahead,0.5688,0.9273,1.0,False,lightgbm-v1
2025-02-03T18:00:00Z,2025-02-04T00:00:00+06:00,2025-02-04T08:00:00+06:00,2025-02-04T02:00:00Z,T2,8,2025-02-03T06:00:00Z,20,dayahead,0.5608,0.9193,1.0,False,lightgbm-v1
2025-02-03T18:00:00Z,2025-02-04T00:00:00+06:00,2025-02-04T09:00:00+06:00,2025-02-04T03:00:00Z,T2,9,2025-02-03T06:00:00Z,21,dayahead,0.5402,0.8986,0.9836,False,lightgbm-v1
2025-02-03T18:00:00Z,2025-02-04T00:00:00+06:00,2025-02-04T10:00:00+06:00,2025-02-04T04:00:00Z,T2,10,2025-02-03T06:00:00Z,22,dayahead,0.3471,0.8448,1.0,False,lightgbm-v1
2025-02-03T18:00:00Z,2025-02-04T00:00:00+06:00,2025-02-04T11:00:00+06:00,2025-02-04T05:00:00Z,T2,11,2025-02-03T06:00:00Z,23,dayahead,0.2269,0.7246,1.0,False,lightgbm-v1
2025-02-03T18:00:00Z,2025-02-04T00:00:00+06:00,2025-02-04T12:00:00+06:00,2025-02-04T06:00:00Z,T2,12,2025-02-03T06:00:00Z,24,dayahead,0.1684,0.4317,0.9457,False,lightgbm-v1
2025-02-03T18:00:00Z,2025-02-04T00:00:00+06:00,2025-02-04T13:00:00+06:00,2025-02-04T07:00:00Z,T2,13,2025-02-03T06:00:00Z,25,dayahead,0.0,0.2117,0.7257,False,lightgbm-v1
2025-02-03T18:00:00Z,2025-02-04T00:00:00+06:00,2025-02-04T14:00:00+06:00,2025-02-04T08:00:00Z,T2,14,2025-02-03T06:00:00Z,26,dayahead,0.0,0.0531,0.2815,False,lightgbm-v1
2025-02-03T18:00:00Z,2025-02-04T00:00:00+06:00,2025-02-04T15:00:00+06:00,2025-02-04T09:00:00Z,T2,15,2025-02-03T06:00:00Z,27,dayahead,0.0,0.0416,0.27,False,lightgbm-v1
2025-02-03T18:00:00Z,2025-02-04T00:00:00+06:00,2025-02-04T16:00:00+06:00,2025-02-04T10:00:00Z,T2,16,2025-02-03T06:00:00Z,28,dayahead,0.0018,0.0841,0.3125,False,lightgbm-v1
2025-02-03T18:00:00Z,2025-02-04T00:00:00+06:00,2025-02-04T17:00:00+06:00,2025-02-04T11:00:00Z,T2,17,2025-02-03T06:00:00Z,29,dayahead,0.0,0.1517,0.6657,False,lightgbm-v1
2025-02-03T18:00:00Z,2025-02-04T00:00:00+06:00,2025-02-04T18:00:00+06:00,2025-02-04T12:00:00Z,T2,18,2025-02-03T06:00:00Z,30,dayahead,0.0,0.1735,0.6874,False,lightgbm-v1
2025-02-03T18:00:00Z,2025-02-04T00:00:00+06:00,2025-02-04T19:00:00+06:00,2025-02-04T13:00:00Z,T2,19,2025-02-03T06:00:00Z,31,dayahead,0.0,0.2052,0.7192,False,lightgbm-v1
2025-02-03T18:00:00Z,2025-02-04T00:00:00+06:00,2025-02-04T20:00:00+06:00,2025-02-04T14:00:00Z,T2,20,2025-02-03T06:00:00Z,32,dayahead,0.0,0.1822,0.6962,False,lightgbm-v1
2025-02-03T18:00:00Z,2025-02-04T00:00:00+06:00,2025-02-04T21:00:00+06:00,2025-02-04T15:00:00Z,T2,21,2025-02-03T06:00:00Z,33,dayahead,0.0,0.1569,0.6709,False,lightgbm-v1
2025-02-03T18:00:00Z,2025-02-04T00:00:00+06:00,2025-02-04T22:00:00+06:00,2025-02-04T16:00:00Z,T2,22,2025-02-03T06:00:00Z,34,dayahead,0.0669,0.1491,0.3775,False,lightgbm-v1
2025-02-03T18:00:00Z,2025-02-04T00:00:00+06:00,2025-02-04T23:00:00+06:00,2025-02-04T17:00:00Z,T2,23,2025-02-03T06:00:00Z,35,dayahead,0.0197,0.102,0.3304,False,lightgbm-v1
2025-02-03T18:00:00Z,2025-02-04T00:00:00+06:00,2025-02-05T00:00:00+06:00,2025-02-04T18:00:00Z,T2,24,2025-02-03T06:00:00Z,36,dayahead,0.0,0.0686,0.297,False,lightgbm-v1
2025-02-03T18:00:00Z,2025-02-04T00:00:00+06:00,2025-02-05T01:00:00+06:00,2025-02-04T19:00:00Z,T2,25,2025-02-03T06:00:00Z,37,dayahead,0.0,0.0536,0.2819,False,lightgbm-v1
2025-02-03T18:00:00Z,2025-02-04T00:00:00+06:00,2025-02-05T02:00:00+06:00,2025-02-04T20:00:00Z,T2,26,2025-02-03T06:00:00Z,38,dayahead,0.0,0.0407,0.2691,False,lightgbm-v1
2025-02-03T18:00:00Z,2025-02-04T00:00:00+06:00,2025-02-05T03:00:00+06:00,2025-02-04T21:00:00Z,T2,27,2025-02-03T06:00:00Z,39,dayahead,0.0,0.0237,0.2521,False,lightgbm-v1
2025-02-03T18:00:00Z,2025-02-04T00:00:00+06:00,2025-02-05T04:00:00+06:00,2025-02-04T22:00:00Z,T2,28,2025-02-03T06:00:00Z,40,dayahead,0.0,0.0181,0.2465,False,lightgbm-v1
2025-02-03T18:00:00Z,2025-02-04T00:00:00+06:00,2025-02-05T05:00:00+06:00,2025-02-04T23:00:00Z,T2,29,2025-02-03T06:00:00Z,41,dayahead,0.0,0.0233,0.2517,False,lightgbm-v1
2025-02-03T18:00:00Z,2025-02-04T00:00:00+06:00,2025-02-05T06:00:00+06:00,2025-02-05T00:00:00Z,T2,30,2025-02-03T06:00:00Z,42,dayahead,0.0,0.0292,0.2576,False,lightgbm-v1
2025-02-03T18:00:00Z,2025-02-04T00:00:00+06:00,2025-02-05T07:00:00+06:00,2025-02-05T01:00:00Z,T2,31,2025-02-03T06:00:00Z,43,dayahead,0.0,0.0375,0.2659,False,lightgbm-v1
2025-02-03T18:00:00Z,2025-02-04T00:00:00+06:00,2025-02-05T08:00:00+06:00,2025-02-05T02:00:00Z,T2,32,2025-02-03T06:00:00Z,44,dayahead,0.0,0.0483,0.2767,False,lightgbm-v1
2025-02-03T18:00:00Z,2025-02-04T00:00:00+06:00,2025-02-05T09:00:00+06:00,2025-02-05T03:00:00Z,T2,33,2025-02-03T06:00:00Z,45,dayahead,0.0,0.0569,0.2853,False,lightgbm-v1
2025-02-03T18:00:00Z,2025-02-04T00:00:00+06:00,2025-02-05T10:00:00+06:00,2025-02-05T04:00:00Z,T2,34,2025-02-03T06:00:00Z,46,dayahead,0.0,0.0599,0.2883,False,lightgbm-v1
2025-02-03T18:00:00Z,2025-02-04T00:00:00+06:00,2025-02-05T11:00:00+06:00,2025-02-05T05:00:00Z,T2,35,2025-02-03T06:00:00Z,47,dayahead,0.0,0.0633,0.2917,False,lightgbm-v1
2025-02-03T18:00:00Z,2025-02-04T00:00:00+06:00,2025-02-05T12:00:00+06:00,2025-02-05T06:00:00Z,T2,36,2025-02-03T06:00:00Z,48,dayahead,0.0,0.0482,0.2766,False,lightgbm-v1
2025-02-03T18:00:00Z,2025-02-04T00:00:00+06:00,2025-02-05T13:00:00+06:00,2025-02-05T07:00:00Z,T2,37,2025-02-03T06:00:00Z,49,dayahead,0.0,0.0316,0.26,False,lightgbm-v1
2025-02-03T18:00:00Z,2025-02-04T00:00:00+06:00,2025-02-05T14:00:00+06:00,2025-02-05T08:00:00Z,T2,38,2025-02-03T06:00:00Z,50,dayahead,0.0,0.024,0.2524,False,lightgbm-v1
2025-02-03T18:00:00Z,2025-02-04T00:00:00+06:00,2025-02-05T15:00:00+06:00,2025-02-05T09:00:00Z,T2,39,2025-02-03T06:00:00Z,51,dayahead,0.0,0.021,0.2494,False,lightgbm-v1
2025-02-03T18:00:00Z,2025-02-04T00:00:00+06:00,2025-02-05T16:00:00+06:00,2025-02-05T10:00:00Z,T2,40,2025-02-03T06:00:00Z,52,dayahead,0.0,0.0177,0.2461,False,lightgbm-v1
2025-02-03T18:00:00Z,2025-02-04T00:00:00+06:00,2025-02-05T17:00:00+06:00,2025-02-05T11:00:00Z,T2,41,2025-02-03T06:00:00Z,53,dayahead,0.0,0.021,0.2494,False,lightgbm-v1
2025-02-03T18:00:00Z,2025-02-04T00:00:00+06:00,2025-02-05T18:00:00+06:00,2025-02-05T12:00:00Z,T2,42,2025-02-03T06:00:00Z,54,dayahead,0.0,0.0302,0.2585,False,lightgbm-v1
2025-02-03T18:00:00Z,2025-02-04T00:00:00+06:00,2025-02-05T19:00:00+06:00,2025-02-05T13:00:00Z,T2,43,2025-02-03T06:00:00Z,55,dayahead,0.0,0.036,0.2644,False,lightgbm-v1
2025-02-03T18:00:00Z,2025-02-04T00:00:00+06:00,2025-02-05T20:00:00+06:00,2025-02-05T14:00:00Z,T2,44,2025-02-03T06:00:00Z,56,dayahead,0.0,0.0357,0.2641,False,lightgbm-v1
2025-02-03T18:00:00Z,2025-02-04T00:00:00+06:00,2025-02-05T21:00:00+06:00,2025-02-05T15:00:00Z,T2,45,2025-02-03T06:00:00Z,57,dayahead,0.0,0.0361,0.2645,False,lightgbm-v1
2025-02-03T18:00:00Z,2025-02-04T00:00:00+06:00,2025-02-05T22:00:00+06:00,2025-02-05T16:00:00Z,T2,46,2025-02-03T06:00:00Z,58,dayahead,0.0,0.0406,0.269,False,lightgbm-v1
2025-02-03T18:00:00Z,2025-02-04T00:00:00+06:00,2025-02-05T23:00:00+06:00,2025-02-05T17:00:00Z,T2,47,2025-02-03T06:00:00Z,59,dayahead,0.0,0.0507,0.2791,False,lightgbm-v1
2025-02-04T18:00:00Z,2025-02-05T00:00:00+06:00,2025-02-05T00:00:00+06:00,2025-02-04T18:00:00Z,T1,0,2025-02-04T06:00:00Z,12,dayahead,0.0149,0.0971,0.3255,False,lightgbm-v1
2025-02-04T18:00:00Z,2025-02-05T00:00:00+06:00,2025-02-05T01:00:00+06:00,2025-02-04T19:00:00Z,T1,1,2025-02-04T06:00:00Z,13,dayahead,0.0,0.0687,0.2971,False,lightgbm-v1
2025-02-04T18:00:00Z,2025-02-05T00:00:00+06:00,2025-02-05T02:00:00+06:00,2025-02-04T20:00:00Z,T1,2,2025-02-04T06:00:00Z,14,dayahead,0.0,0.0505,0.2789,False,lightgbm-v1
2025-02-04T18:00:00Z,2025-02-05T00:00:00+06:00,2025-02-05T03:00:00+06:00,2025-02-04T21:00:00Z,T1,3,2025-02-04T06:00:00Z,15,dayahead,0.0,0.0336,0.262,False,lightgbm-v1
2025-02-04T18:00:00Z,2025-02-05T00:00:00+06:00,2025-02-05T04:00:00+06:00,2025-02-04T22:00:00Z,T1,4,2025-02-04T06:00:00Z,16,dayahead,0.0,0.0202,0.2486,False,lightgbm-v1
2025-02-04T18:00:00Z,2025-02-05T00:00:00+06:00,2025-02-05T05:00:00+06:00,2025-02-04T23:00:00Z,T1,5,2025-02-04T06:00:00Z,17,dayahead,0.0,0.021,0.2494,False,lightgbm-v1
2025-02-04T18:00:00Z,2025-02-05T00:00:00+06:00,2025-02-05T06:00:00+06:00,2025-02-05T00:00:00Z,T1,6,2025-02-04T06:00:00Z,18,dayahead,0.0,0.0371,0.2655,False,lightgbm-v1
2025-02-04T18:00:00Z,2025-02-05T00:00:00+06:00,2025-02-05T07:00:00+06:00,2025-02-05T01:00:00Z,T1,7,2025-02-04T06:00:00Z,19,dayahead,0.0,0.0573,0.2857,False,lightgbm-v1
2025-02-04T18:00:00Z,2025-02-05T00:00:00+06:00,2025-02-05T08:00:00+06:00,2025-02-05T02:00:00Z,T1,8,2025-02-04T06:00:00Z,20,dayahead,0.0,0.0785,0.3069,False,lightgbm-v1
2025-02-04T18:00:00Z,2025-02-05T00:00:00+06:00,2025-02-05T09:00:00+06:00,2025-02-05T03:00:00Z,T1,9,2025-02-04T06:00:00Z,21,dayahead,0.008,0.0903,0.3187,False,lightgbm-v1
2025-02-04T18:00:00Z,2025-02-05T00:00:00+06:00,2025-02-05T10:00:00+06:00,2025-02-05T04:00:00Z,T1,10,2025-02-04T06:00:00Z,22,dayahead,0.0003,0.0825,0.3109,False,lightgbm-v1
2025-02-04T18:00:00Z,2025-02-05T00:00:00+06:00,2025-02-05T11:00:00+06:00,2025-02-05T05:00:00Z,T1,11,2025-02-04T06:00:00Z,23,dayahead,0.0533,0.1356,0.364,False,lightgbm-v1
2025-02-04T18:00:00Z,2025-02-05T00:00:00+06:00,2025-02-05T12:00:00+06:00,2025-02-05T06:00:00Z,T1,12,2025-02-04T06:00:00Z,24,dayahead,0.0538,0.1361,0.3645,False,lightgbm-v1
2025-02-04T18:00:00Z,2025-02-05T00:00:00+06:00,2025-02-05T13:00:00+06:00,2025-02-05T07:00:00Z,T1,13,2025-02-04T06:00:00Z,25,dayahead,0.0344,0.1167,0.3451,False,lightgbm-v1
2025-02-04T18:00:00Z,2025-02-05T00:00:00+06:00,2025-02-05T14:00:00+06:00,2025-02-05T08:00:00Z,T1,14,2025-02-04T06:00:00Z,26,dayahead,0.0011,0.0834,0.3118,False,lightgbm-v1
2025-02-04T18:00:00Z,2025-02-05T00:00:00+06:00,2025-02-05T15:00:00+06:00,2025-02-05T09:00:00Z,T1,15,2025-02-04T06:00:00Z,27,dayahead,0.0,0.067,0.2954,False,lightgbm-v1
2025-02-04T18:00:00Z,2025-02-05T00:00:00+06:00,2025-02-05T16:00:00+06:00,2025-02-05T10:00:00Z,T1,16,2025-02-04T06:00:00Z,28,dayahead,0.0,0.0659,0.2943,False,lightgbm-v1
2025-02-04T18:00:00Z,2025-02-05T00:00:00+06:00,2025-02-05T17:00:00+06:00,2025-02-05T11:00:00Z,T1,17,2025-02-04T06:00:00Z,29,dayahead,0.0,0.0464,0.2748,False,lightgbm-v1
2025-02-04T18:00:00Z,2025-02-05T00:00:00+06:00,2025-02-05T18:00:00+06:00,2025-02-05T12:00:00Z,T1,18,2025-02-04T06:00:00Z,30,dayahead,0.0,0.0336,0.262,False,lightgbm-v1
2025-02-04T18:00:00Z,2025-02-05T00:00:00+06:00,2025-02-05T19:00:00+06:00,2025-02-05T13:00:00Z,T1,19,2025-02-04T06:00:00Z,31,dayahead,0.0,0.0224,0.2508,False,lightgbm-v1
2025-02-04T18:00:00Z,2025-02-05T00:00:00+06:00,2025-02-05T20:00:00+06:00,2025-02-05T14:00:00Z,T1,20,2025-02-04T06:00:00Z,32,dayahead,0.0,0.0333,0.2617,False,lightgbm-v1
2025-02-04T18:00:00Z,2025-02-05T00:00:00+06:00,2025-02-05T21:00:00+06:00,2025-02-05T15:00:00Z,T1,21,2025-02-04T06:00:00Z,33,dayahead,0.0,0.0374,0.2658,False,lightgbm-v1
2025-02-04T18:00:00Z,2025-02-05T00:00:00+06:00,2025-02-05T22:00:00+06:00,2025-02-05T16:00:00Z,T1,22,2025-02-04T06:00:00Z,34,dayahead,0.0,0.045,0.2734,False,lightgbm-v1
2025-02-04T18:00:00Z,2025-02-05T00:00:00+06:00,2025-02-05T23:00:00+06:00,2025-02-05T17:00:00Z,T1,23,2025-02-04T06:00:00Z,35,dayahead,0.0,0.0369,0.2653,False,lightgbm-v1
2025-02-04T18:00:00Z,2025-02-05T00:00:00+06:00,2025-02-06T00:00:00+06:00,2025-02-05T18:00:00Z,T1,24,2025-02-04T06:00:00Z,36,dayahead,0.0,0.0329,0.2613,False,lightgbm-v1
2025-02-04T18:00:00Z,2025-02-05T00:00:00+06:00,2025-02-06T01:00:00+06:00,2025-02-05T19:00:00Z,T1,25,2025-02-04T06:00:00Z,37,dayahead,0.0,0.0273,0.2557,False,lightgbm-v1
2025-02-04T18:00:00Z,2025-02-05T00:00:00+06:00,2025-02-06T02:00:00+06:00,2025-02-05T20:00:00Z,T1,26,2025-02-04T06:00:00Z,38,dayahead,0.0,0.026,0.2544,False,lightgbm-v1
2025-02-04T18:00:00Z,2025-02-05T00:00:00+06:00,2025-02-06T03:00:00+06:00,2025-02-05T21:00:00Z,T1,27,2025-02-04T06:00:00Z,39,dayahead,0.0,0.0441,0.2725,False,lightgbm-v1
2025-02-04T18:00:00Z,2025-02-05T00:00:00+06:00,2025-02-06T04:00:00+06:00,2025-02-05T22:00:00Z,T1,28,2025-02-04T06:00:00Z,40,dayahead,0.0,0.0707,0.2991,False,lightgbm-v1
2025-02-04T18:00:00Z,2025-02-05T00:00:00+06:00,2025-02-06T05:00:00+06:00,2025-02-05T23:00:00Z,T1,29,2025-02-04T06:00:00Z,41,dayahead,0.0339,0.1162,0.3446,False,lightgbm-v1
2025-02-04T18:00:00Z,2025-02-05T00:00:00+06:00,2025-02-06T06:00:00+06:00,2025-02-06T00:00:00Z,T1,30,2025-02-04T06:00:00Z,42,dayahead,0.0,0.2067,0.7207,False,lightgbm-v1
2025-02-04T18:00:00Z,2025-02-05T00:00:00+06:00,2025-02-06T07:00:00+06:00,2025-02-06T01:00:00Z,T1,31,2025-02-04T06:00:00Z,43,dayahead,0.0984,0.3617,0.8757,False,lightgbm-v1
2025-02-04T18:00:00Z,2025-02-05T00:00:00+06:00,2025-02-06T08:00:00+06:00,2025-02-06T02:00:00Z,T1,32,2025-02-04T06:00:00Z,44,dayahead,0.1368,0.4002,0.9141,False,lightgbm-v1
2025-02-04T18:00:00Z,2025-02-05T00:00:00+06:00,2025-02-06T09:00:00+06:00,2025-02-06T03:00:00Z,T1,33,2025-02-04T06:00:00Z,45,dayahead,0.2005,0.4638,0.9778,False,lightgbm-v1
2025-02-04T18:00:00Z,2025-02-05T00:00:00+06:00,2025-02-06T10:00:00+06:00,2025-02-06T04:00:00Z,T1,34,2025-02-04T06:00:00Z,46,dayahead,0.1144,0.3777,0.8917,False,lightgbm-v1
2025-02-04T18:00:00Z,2025-02-05T00:00:00+06:00,2025-02-06T11:00:00+06:00,2025-02-06T05:00:00Z,T1,35,2025-02-04T06:00:00Z,47,dayahead,0.1275,0.3908,0.9048,False,lightgbm-v1
2025-02-04T18:00:00Z,2025-02-05T00:00:00+06:00,2025-02-06T12:00:00+06:00,2025-02-06T06:00:00Z,T1,36,2025-02-04T06:00:00Z,48,dayahead,0.225,0.4884,1.0,False,lightgbm-v1
2025-02-04T18:00:00Z,2025-02-05T00:00:00+06:00,2025-02-06T13:00:00+06:00,2025-02-06T07:00:00Z,T1,37,2025-02-04T06:00:00Z,49,dayahead,0.0192,0.5169,0.8156,False,lightgbm-v1
2025-02-04T18:00:00Z,2025-02-05T00:00:00+06:00,2025-02-06T14:00:00+06:00,2025-02-06T08:00:00Z,T1,38,2025-02-04T06:00:00Z,50,dayahead,0.0224,0.5201,0.8187,False,lightgbm-v1
2025-02-04T18:00:00Z,2025-02-05T00:00:00+06:00,2025-02-06T15:00:00+06:00,2025-02-06T09:00:00Z,T1,39,2025-02-04T06:00:00Z,51,dayahead,0.0764,0.574,0.8727,False,lightgbm-v1
2025-02-04T18:00:00Z,2025-02-05T00:00:00+06:00,2025-02-06T16:00:00+06:00,2025-02-06T10:00:00Z,T1,40,2025-02-04T06:00:00Z,52,dayahead,0.2132,0.4765,0.9905,False,lightgbm-v1
2025-02-04T18:00:00Z,2025-02-05T00:00:00+06:00,2025-02-06T17:00:00+06:00,2025-02-06T11:00:00Z,T1,41,2025-02-04T06:00:00Z,53,dayahead,0.1722,0.4356,0.9496,False,lightgbm-v1
2025-02-04T18:00:00Z,2025-02-05T00:00:00+06:00,2025-02-06T18:00:00+06:00,2025-02-06T12:00:00Z,T1,42,2025-02-04T06:00:00Z,54,dayahead,0.1315,0.3948,0.9088,False,lightgbm-v1
2025-02-04T18:00:00Z,2025-02-05T00:00:00+06:00,2025-02-06T19:00:00+06:00,2025-02-06T13:00:00Z,T1,43,2025-02-04T06:00:00Z,55,dayahead,0.1246,0.3879,0.9019,False,lightgbm-v1
2025-02-04T18:00:00Z,2025-02-05T00:00:00+06:00,2025-02-06T20:00:00+06:00,2025-02-06T14:00:00Z,T1,44,2025-02-04T06:00:00Z,56,dayahead,0.1246,0.3879,0.9019,False,lightgbm-v1
2025-02-04T18:00:00Z,2025-02-05T00:00:00+06:00,2025-02-06T21:00:00+06:00,2025-02-06T15:00:00Z,T1,45,2025-02-04T06:00:00Z,57,dayahead,0.1974,0.4608,0.9748,False,lightgbm-v1
2025-02-04T18:00:00Z,2025-02-05T00:00:00+06:00,2025-02-06T22:00:00+06:00,2025-02-06T16:00:00Z,T1,46,2025-02-04T06:00:00Z,58,dayahead,0.2221,0.4854,0.9994,False,lightgbm-v1
2025-02-04T18:00:00Z,2025-02-05T00:00:00+06:00,2025-02-06T23:00:00+06:00,2025-02-06T17:00:00Z,T1,47,2025-02-04T06:00:00Z,59,dayahead,0.0194,0.5171,0.8157,False,lightgbm-v1
2025-02-04T18:00:00Z,2025-02-05T00:00:00+06:00,2025-02-05T00:00:00+06:00,2025-02-04T18:00:00Z,T2,0,2025-02-04T06:00:00Z,12,dayahead,0.015,0.0973,0.3257,False,lightgbm-v1
2025-02-04T18:00:00Z,2025-02-05T00:00:00+06:00,2025-02-05T01:00:00+06:00,2025-02-04T19:00:00Z,T2,1,2025-02-04T06:00:00Z,13,dayahead,0.0,0.0684,0.2967,False,lightgbm-v1
2025-02-04T18:00:00Z,2025-02-05T00:00:00+06:00,2025-02-05T02:00:00+06:00,2025-02-04T20:00:00Z,T2,2,2025-02-04T06:00:00Z,14,dayahead,0.0,0.0505,0.2789,False,lightgbm-v1
2025-02-04T18:00:00Z,2025-02-05T00:00:00+06:00,2025-02-05T03:00:00+06:00,2025-02-04T21:00:00Z,T2,3,2025-02-04T06:00:00Z,15,dayahead,0.0,0.0337,0.2621,False,lightgbm-v1
2025-02-04T18:00:00Z,2025-02-05T00:00:00+06:00,2025-02-05T04:00:00+06:00,2025-02-04T22:00:00Z,T2,4,2025-02-04T06:00:00Z,16,dayahead,0.0,0.0202,0.2486,False,lightgbm-v1
2025-02-04T18:00:00Z,2025-02-05T00:00:00+06:00,2025-02-05T05:00:00+06:00,2025-02-04T23:00:00Z,T2,5,2025-02-04T06:00:00Z,17,dayahead,0.0,0.0213,0.2497,False,lightgbm-v1
2025-02-04T18:00:00Z,2025-02-05T00:00:00+06:00,2025-02-05T06:00:00+06:00,2025-02-05T00:00:00Z,T2,6,2025-02-04T06:00:00Z,18,dayahead,0.0,0.0364,0.2648,False,lightgbm-v1
2025-02-04T18:00:00Z,2025-02-05T00:00:00+06:00,2025-02-05T07:00:00+06:00,2025-02-05T01:00:00Z,T2,7,2025-02-04T06:00:00Z,19,dayahead,0.0,0.0567,0.2851,False,lightgbm-v1
2025-02-04T18:00:00Z,2025-02-05T00:00:00+06:00,2025-02-05T08:00:00+06:00,2025-02-05T02:00:00Z,T2,8,2025-02-04T06:00:00Z,20,dayahead,0.0,0.0787,0.3071,False,lightgbm-v1
2025-02-04T18:00:00Z,2025-02-05T00:00:00+06:00,2025-02-05T09:00:00+06:00,2025-02-05T03:00:00Z,T2,9,2025-02-04T06:00:00Z,21,dayahead,0.0073,0.0896,0.318,False,lightgbm-v1
2025-02-04T18:00:00Z,2025-02-05T00:00:00+06:00,2025-02-05T10:00:00+06:00,2025-02-05T04:00:00Z,T2,10,2025-02-04T06:00:00Z,22,dayahead,0.0,0.0808,0.3091,False,lightgbm-v1
2025-02-04T18:00:00Z,2025-02-05T00:00:00+06:00,2025-02-05T11:00:00+06:00,2025-02-05T05:00:00Z,T2,11,2025-02-04T06:00:00Z,23,dayahead,0.0517,0.134,0.3623,False,lightgbm-v1
2025-02-04T18:00:00Z,2025-02-05T00:00:00+06:00,2025-02-05T12:00:00+06:00,2025-02-05T06:00:00Z,T2,12,2025-02-04T06:00:00Z,24,dayahead,0.052,0.1343,0.3627,False,lightgbm-v1
2025-02-04T18:00:00Z,2025-02-05T00:00:00+06:00,2025-02-05T13:00:00+06:00,2025-02-05T07:00:00Z,T2,13,2025-02-04T06:00:00Z,25,dayahead,0.0321,0.1144,0.3427,False,lightgbm-v1
2025-02-04T18:00:00Z,2025-02-05T00:00:00+06:00,2025-02-05T14:00:00+06:00,2025-02-05T08:00:00Z,T2,14,2025-02-04T06:00:00Z,26,dayahead,0.0011,0.0834,0.3118,False,lightgbm-v1
2025-02-04T18:00:00Z,2025-02-05T00:00:00+06:00,2025-02-05T15:00:00+06:00,2025-02-05T09:00:00Z,T2,15,2025-02-04T06:00:00Z,27,dayahead,0.0,0.0676,0.296,False,lightgbm-v1
2025-02-04T18:00:00Z,2025-02-05T00:00:00+06:00,2025-02-05T16:00:00+06:00,2025-02-05T10:00:00Z,T2,16,2025-02-04T06:00:00Z,28,dayahead,0.0,0.0653,0.2937,False,lightgbm-v1
2025-02-04T18:00:00Z,2025-02-05T00:00:00+06:00,2025-02-05T17:00:00+06:00,2025-02-05T11:00:00Z,T2,17,2025-02-04T06:00:00Z,29,dayahead,0.0,0.0461,0.2745,False,lightgbm-v1
2025-02-04T18:00:00Z,2025-02-05T00:00:00+06:00,2025-02-05T18:00:00+06:00,2025-02-05T12:00:00Z,T2,18,2025-02-04T06:00:00Z,30,dayahead,0.0,0.0334,0.2617,False,lightgbm-v1
2025-02-04T18:00:00Z,2025-02-05T00:00:00+06:00,2025-02-05T19:00:00+06:00,2025-02-05T13:00:00Z,T2,19,2025-02-04T06:00:00Z,31,dayahead,0.0,0.0222,0.2506,False,lightgbm-v1
2025-02-04T18:00:00Z,2025-02-05T00:00:00+06:00,2025-02-05T20:00:00+06:00,2025-02-05T14:00:00Z,T2,20,2025-02-04T06:00:00Z,32,dayahead,0.0,0.0335,0.2619,False,lightgbm-v1
2025-02-04T18:00:00Z,2025-02-05T00:00:00+06:00,2025-02-05T21:00:00+06:00,2025-02-05T15:00:00Z,T2,21,2025-02-04T06:00:00Z,33,dayahead,0.0,0.0376,0.266,False,lightgbm-v1
2025-02-04T18:00:00Z,2025-02-05T00:00:00+06:00,2025-02-05T22:00:00+06:00,2025-02-05T16:00:00Z,T2,22,2025-02-04T06:00:00Z,34,dayahead,0.0,0.0451,0.2734,False,lightgbm-v1
2025-02-04T18:00:00Z,2025-02-05T00:00:00+06:00,2025-02-05T23:00:00+06:00,2025-02-05T17:00:00Z,T2,23,2025-02-04T06:00:00Z,35,dayahead,0.0,0.0369,0.2653,False,lightgbm-v1
2025-02-04T18:00:00Z,2025-02-05T00:00:00+06:00,2025-02-06T00:00:00+06:00,2025-02-05T18:00:00Z,T2,24,2025-02-04T06:00:00Z,36,dayahead,0.0,0.033,0.2614,False,lightgbm-v1
2025-02-04T18:00:00Z,2025-02-05T00:00:00+06:00,2025-02-06T01:00:00+06:00,2025-02-05T19:00:00Z,T2,25,2025-02-04T06:00:00Z,37,dayahead,0.0,0.0273,0.2557,False,lightgbm-v1
2025-02-04T18:00:00Z,2025-02-05T00:00:00+06:00,2025-02-06T02:00:00+06:00,2025-02-05T20:00:00Z,T2,26,2025-02-04T06:00:00Z,38,dayahead,0.0,0.0263,0.2547,False,lightgbm-v1
2025-02-04T18:00:00Z,2025-02-05T00:00:00+06:00,2025-02-06T03:00:00+06:00,2025-02-05T21:00:00Z,T2,27,2025-02-04T06:00:00Z,39,dayahead,0.0,0.0443,0.2727,False,lightgbm-v1
2025-02-04T18:00:00Z,2025-02-05T00:00:00+06:00,2025-02-06T04:00:00+06:00,2025-02-05T22:00:00Z,T2,28,2025-02-04T06:00:00Z,40,dayahead,0.0,0.0701,0.2985,False,lightgbm-v1
2025-02-04T18:00:00Z,2025-02-05T00:00:00+06:00,2025-02-06T05:00:00+06:00,2025-02-05T23:00:00Z,T2,29,2025-02-04T06:00:00Z,41,dayahead,0.0336,0.1158,0.3442,False,lightgbm-v1
2025-02-04T18:00:00Z,2025-02-05T00:00:00+06:00,2025-02-06T06:00:00+06:00,2025-02-06T00:00:00Z,T2,30,2025-02-04T06:00:00Z,42,dayahead,0.0,0.2055,0.7195,False,lightgbm-v1
2025-02-04T18:00:00Z,2025-02-05T00:00:00+06:00,2025-02-06T07:00:00+06:00,2025-02-06T01:00:00Z,T2,31,2025-02-04T06:00:00Z,43,dayahead,0.0963,0.3597,0.8737,False,lightgbm-v1
2025-02-04T18:00:00Z,2025-02-05T00:00:00+06:00,2025-02-06T08:00:00+06:00,2025-02-06T02:00:00Z,T2,32,2025-02-04T06:00:00Z,44,dayahead,0.1352,0.3985,0.9125,False,lightgbm-v1
2025-02-04T18:00:00Z,2025-02-05T00:00:00+06:00,2025-02-06T09:00:00+06:00,2025-02-06T03:00:00Z,T2,33,2025-02-04T06:00:00Z,45,dayahead,0.1989,0.4623,0.9763,False,lightgbm-v1
2025-02-04T18:00:00Z,2025-02-05T00:00:00+06:00,2025-02-06T10:00:00+06:00,2025-02-06T04:00:00Z,T2,34,2025-02-04T06:00:00Z,46,dayahead,0.1115,0.3748,0.8888,False,lightgbm-v1
2025-02-04T18:00:00Z,2025-02-05T00:00:00+06:00,2025-02-06T11:00:00+06:00,2025-02-06T05:00:00Z,T2,35,2025-02-04T06:00:00Z,47,dayahead,0.1242,0.3876,0.9016,False,lightgbm-v1
2025-02-04T18:00:00Z,2025-02-05T00:00:00+06:00,2025-02-06T12:00:00+06:00,2025-02-06T06:00:00Z,T2,36,2025-02-04T06:00:00Z,48,dayahead,0.2268,0.4901,1.0,False,lightgbm-v1
2025-02-04T18:00:00Z,2025-02-05T00:00:00+06:00,2025-02-06T13:00:00+06:00,2025-02-06T07:00:00Z,T2,37,2025-02-04T06:00:00Z,49,dayahead,0.0202,0.5179,0.8165,False,lightgbm-v1
2025-02-04T18:00:00Z,2025-02-05T00:00:00+06:00,2025-02-06T14:00:00+06:00,2025-02-06T08:00:00Z,T2,38,2025-02-04T06:00:00Z,50,dayahead,0.0226,0.5203,0.8189,False,lightgbm-v1
2025-02-04T18:00:00Z,2025-02-05T00:00:00+06:00,2025-02-06T15:00:00+06:00,2025-02-06T09:00:00Z,T2,39,2025-02-04T06:00:00Z,51,dayahead,0.0757,0.5734,0.8721,False,lightgbm-v1
2025-02-04T18:00:00Z,2025-02-05T00:00:00+06:00,2025-02-06T16:00:00+06:00,2025-02-06T10:00:00Z,T2,40,2025-02-04T06:00:00Z,52,dayahead,0.2142,0.4776,0.9915,False,lightgbm-v1
2025-02-04T18:00:00Z,2025-02-05T00:00:00+06:00,2025-02-06T17:00:00+06:00,2025-02-06T11:00:00Z,T2,41,2025-02-04T06:00:00Z,53,dayahead,0.1698,0.4332,0.9472,False,lightgbm-v1
2025-02-04T18:00:00Z,2025-02-05T00:00:00+06:00,2025-02-06T18:00:00+06:00,2025-02-06T12:00:00Z,T2,42,2025-02-04T06:00:00Z,54,dayahead,0.1282,0.3916,0.9056,False,lightgbm-v1
2025-02-04T18:00:00Z,2025-02-05T00:00:00+06:00,2025-02-06T19:00:00+06:00,2025-02-06T13:00:00Z,T2,43,2025-02-04T06:00:00Z,55,dayahead,0.1218,0.3851,0.8991,False,lightgbm-v1
2025-02-04T18:00:00Z,2025-02-05T00:00:00+06:00,2025-02-06T20:00:00+06:00,2025-02-06T14:00:00Z,T2,44,2025-02-04T06:00:00Z,56,dayahead,0.1226,0.386,0.9,False,lightgbm-v1
2025-02-04T18:00:00Z,2025-02-05T00:00:00+06:00,2025-02-06T21:00:00+06:00,2025-02-06T15:00:00Z,T2,45,2025-02-04T06:00:00Z,57,dayahead,0.1954,0.4588,0.9728,False,lightgbm-v1
2025-02-04T18:00:00Z,2025-02-05T00:00:00+06:00,2025-02-06T22:00:00+06:00,2025-02-06T16:00:00Z,T2,46,2025-02-04T06:00:00Z,58,dayahead,0.218,0.4814,0.9954,False,lightgbm-v1
2025-02-04T18:00:00Z,2025-02-05T00:00:00+06:00,2025-02-06T23:00:00+06:00,2025-02-06T17:00:00Z,T2,47,2025-02-04T06:00:00Z,59,dayahead,0.0153,0.513,0.8116,False,lightgbm-v1
2025-02-05T18:00:00Z,2025-02-06T00:00:00+06:00,2025-02-06T00:00:00+06:00,2025-02-05T18:00:00Z,T1,0,2025-02-05T06:00:00Z,12,dayahead,0.0,0.0255,0.2539,False,lightgbm-v1
2025-02-05T18:00:00Z,2025-02-06T00:00:00+06:00,2025-02-06T01:00:00+06:00,2025-02-05T19:00:00Z,T1,1,2025-02-05T06:00:00Z,13,dayahead,0.0,0.0298,0.2582,False,lightgbm-v1
2025-02-05T18:00:00Z,2025-02-06T00:00:00+06:00,2025-02-06T02:00:00+06:00,2025-02-05T20:00:00Z,T1,2,2025-02-05T06:00:00Z,14,dayahead,0.0,0.0451,0.2735,False,lightgbm-v1
2025-02-05T18:00:00Z,2025-02-06T00:00:00+06:00,2025-02-06T03:00:00+06:00,2025-02-05T21:00:00Z,T1,3,2025-02-05T06:00:00Z,15,dayahead,0.007,0.0893,0.3177,False,lightgbm-v1
2025-02-05T18:00:00Z,2025-02-06T00:00:00+06:00,2025-02-06T04:00:00+06:00,2025-02-05T22:00:00Z,T1,4,2025-02-05T06:00:00Z,16,dayahead,0.0,0.1811,0.6951,False,lightgbm-v1
2025-02-05T18:00:00Z,2025-02-06T00:00:00+06:00,2025-02-06T05:00:00+06:00,2025-02-05T23:00:00Z,T1,5,2025-02-05T06:00:00Z,17,dayahead,0.0146,0.2779,0.7919,False,lightgbm-v1
2025-02-05T18:00:00Z,2025-02-06T00:00:00+06:00,2025-02-06T06:00:00+06:00,2025-02-06T00:00:00Z,T1,6,2025-02-05T06:00:00Z,18,dayahead,0.1832,0.4465,0.9605,False,lightgbm-v1
2025-02-05T18:00:00Z,2025-02-06T00:00:00+06:00,2025-02-06T07:00:00+06:00,2025-02-06T01:00:00Z,T1,7,2025-02-05T06:00:00Z,19,dayahead,0.2273,0.4906,1.0,False,lightgbm-v1
2025-02-05T18:00:00Z,2025-02-06T00:00:00+06:00,2025-02-06T08:00:00+06:00,2025-02-06T02:00:00Z,T1,8,2025-02-05T06:00:00Z,20,dayahead,0.2341,0.4975,1.0,False,lightgbm-v1
2025-02-05T18:00:00Z,2025-02-06T00:00:00+06:00,2025-02-06T09:00:00+06:00,2025-02-06T03:00:00Z,T1,9,2025-02-05T06:00:00Z,21,dayahead,0.2218,0.4852,0.9992,False,lightgbm-v1
2025-02-05T18:00:00Z,2025-02-06T00:00:00+06:00,2025-02-06T10:00:00+06:00,2025-02-06T04:00:00Z,T1,10,2025-02-05T06:00:00Z,22,dayahead,0.0027,0.5003,0.799,False,lightgbm-v1
2025-02-05T18:00:00Z,2025-02-06T00:00:00+06:00,2025-02-06T11:00:00+06:00,2025-02-06T05:00:00Z,T1,11,2025-02-05T06:00:00Z,23,dayahead,0.027,0.5247,0.8233,False,lightgbm-v1
2025-02-05T18:00:00Z,2025-02-06T00:00:00+06:00,2025-02-06T12:00:00+06:00,2025-02-06T06:00:00Z,T1,12,2025-02-05T06:00:00Z,24,dayahead,0.06,0.5577,0.8563,False,lightgbm-v1
2025-02-05T18:00:00Z,2025-02-06T00:00:00+06:00,2025-02-06T13:00:00+06:00,2025-02-06T07:00:00Z,T1,13,2025-02-05T06:00:00Z,25,dayahead,0.1155,0.6132,0.9119,False,lightgbm-v1
2025-02-05T18:00:00Z,2025-02-06T00:00:00+06:00,2025-02-06T14:00:00+06:00,2025-02-06T08:00:00Z,T1,14,2025-02-05T06:00:00Z,26,dayahead,0.0358,0.5335,0.8321,False,lightgbm-v1
2025-02-05T18:00:00Z,2025-02-06T00:00:00+06:00,2025-02-06T15:00:00+06:00,2025-02-06T09:00:00Z,T1,15,2025-02-05T06:00:00Z,27,dayahead,0.2165,0.4798,0.9938,False,lightgbm-v1
2025-02-05T18:00:00Z,2025-02-06T00:00:00+06:00,2025-02-06T16:00:00+06:00,2025-02-06T10:00:00Z,T1,16,2025-02-05T06:00:00Z,28,dayahead,0.1497,0.4131,0.9271,False,lightgbm-v1
2025-02-05T18:00:00Z,2025-02-06T00:00:00+06:00,2025-02-06T17:00:00+06:00,2025-02-06T11:00:00Z,T1,17,2025-02-05T06:00:00Z,29,dayahead,0.155,0.4184,0.9324,False,lightgbm-v1
2025-02-05T18:00:00Z,2025-02-06T00:00:00+06:00,2025-02-06T18:00:00+06:00,2025-02-06T12:00:00Z,T1,18,2025-02-05T06:00:00Z,30,dayahead,0.0726,0.3359,0.8499,False,lightgbm-v1
2025-02-05T18:00:00Z,2025-02-06T00:00:00+06:00,2025-02-06T19:00:00+06:00,2025-02-06T13:00:00Z,T1,19,2025-02-05T06:00:00Z,31,dayahead,0.0766,0.3399,0.8539,False,lightgbm-v1
2025-02-05T18:00:00Z,2025-02-06T00:00:00+06:00,2025-02-06T20:00:00+06:00,2025-02-06T14:00:00Z,T1,20,2025-02-05T06:00:00Z,32,dayahead,0.0899,0.3533,0.8672,False,lightgbm-v1
2025-02-05T18:00:00Z,2025-02-06T00:00:00+06:00,2025-02-06T21:00:00+06:00,2025-02-06T15:00:00Z,T1,21,2025-02-05T06:00:00Z,33,dayahead,0.1737,0.437,0.951,False,lightgbm-v1
2025-02-05T18:00:00Z,2025-02-06T00:00:00+06:00,2025-02-06T22:00:00+06:00,2025-02-06T16:00:00Z,T1,22,2025-02-05T06:00:00Z,34,dayahead,0.1903,0.4536,0.9676,False,lightgbm-v1
2025-02-05T18:00:00Z,2025-02-06T00:00:00+06:00,2025-02-06T23:00:00+06:00,2025-02-06T17:00:00Z,T1,23,2025-02-05T06:00:00Z,35,dayahead,0.1725,0.4359,0.9499,False,lightgbm-v1
2025-02-05T18:00:00Z,2025-02-06T00:00:00+06:00,2025-02-07T00:00:00+06:00,2025-02-06T18:00:00Z,T1,24,2025-02-05T06:00:00Z,36,dayahead,0.1781,0.4414,0.9554,False,lightgbm-v1
2025-02-05T18:00:00Z,2025-02-06T00:00:00+06:00,2025-02-07T01:00:00+06:00,2025-02-06T19:00:00Z,T1,25,2025-02-05T06:00:00Z,37,dayahead,0.1883,0.4516,0.9656,False,lightgbm-v1
2025-02-05T18:00:00Z,2025-02-06T00:00:00+06:00,2025-02-07T02:00:00+06:00,2025-02-06T20:00:00Z,T1,26,2025-02-05T06:00:00Z,38,dayahead,0.185,0.4484,0.9624,False,lightgbm-v1
2025-02-05T18:00:00Z,2025-02-06T00:00:00+06:00,2025-02-07T03:00:00+06:00,2025-02-06T21:00:00Z,T1,27,2025-02-05T06:00:00Z,39,dayahead,0.1881,0.4515,0.9655,False,lightgbm-v1
2025-02-05T18:00:00Z,2025-02-06T00:00:00+06:00,2025-02-07T04:00:00+06:00,2025-02-06T22:00:00Z,T1,28,2025-02-05T06:00:00Z,40,dayahead,0.2144,0.4778,0.9918,False,lightgbm-v1
2025-02-05T18:00:00Z,2025-02-06T00:00:00+06:00,2025-02-07T05:00:00+06:00,2025-02-06T23:00:00Z,T1,29,2025-02-05T06:00:00Z,41,dayahead,0.2145,0.4779,0.9919,False,lightgbm-v1
2025-02-05T18:00:00Z,2025-02-06T00:00:00+06:00,2025-02-07T06:00:00+06:00,2025-02-07T00:00:00Z,T1,30,2025-02-05T06:00:00Z,42,dayahead,0.2256,0.489,1.0,False,lightgbm-v1
2025-02-05T18:00:00Z,2025-02-06T00:00:00+06:00,2025-02-07T07:00:00+06:00,2025-02-07T01:00:00Z,T1,31,2025-02-05T06:00:00Z,43,dayahead,0.2218,0.4852,0.9992,False,lightgbm-v1
2025-02-05T18:00:00Z,2025-02-06T00:00:00+06:00,2025-02-07T08:00:00+06:00,2025-02-07T02:00:00Z,T1,32,2025-02-05T06:00:00Z,44,dayahead,0.1992,0.4625,0.9765,False,lightgbm-v1
2025-02-05T18:00:00Z,2025-02-06T00:00:00+06:00,2025-02-07T09:00:00+06:00,2025-02-07T03:00:00Z,T1,33,2025-02-05T06:00:00Z,45,dayahead,0.2047,0.468,0.982,False,lightgbm-v1
2025-02-05T18:00:00Z,2025-02-06T00:00:00+06:00,2025-02-07T10:00:00+06:00,2025-02-07T04:00:00Z,T1,34,2025-02-05T06:00:00Z,46,dayahead,0.2108,0.4742,0.9882,False,lightgbm-v1
2025-02-05T18:00:00Z,2025-02-06T00:00:00+06:00,2025-02-07T11:00:00+06:00,2025-02-07T05:00:00Z,T1,35,2025-02-05T06:00:00Z,47,dayahead,0.0671,0.5648,0.8634,False,lightgbm-v1
2025-02-05T18:00:00Z,2025-02-06T00:00:00+06:00,2025-02-07T12:00:00+06:00,2025-02-07T06:00:00Z,T1,36,2025-02-05T06:00:00Z,48,dayahead,0.1572,0.6548,0.9535,False,lightgbm-v1
2025-02-05T18:00:00Z,2025-02-06T00:00:00+06:00,2025-02-07T13:00:00+06:00,2025-02-07T07:00:00Z,T1,37,2025-02-05T06:00:00Z,49,dayahead,0.186,0.6837,0.9823,False,lightgbm-v1
2025-02-05T18:00:00Z,2025-02-06T00:00:00+06:00,2025-02-07T14:00:00+06:00,2025-02-07T08:00:00Z,T1,38,2025-02-05T06:00:00Z,50,dayahead,0.3116,0.8093,1.0,False,lightgbm-v1
2025-02-05T18:00:00Z,2025-02-06T00:00:00+06:00,2025-02-07T15:00:00+06:00,2025-02-07T09:00:00Z,T1,39,2025-02-05T06:00:00Z,51,dayahead,0.3484,0.8461,1.0,False,lightgbm-v1
2025-02-05T18:00:00Z,2025-02-06T00:00:00+06:00,2025-02-07T16:00:00+06:00,2025-02-07T10:00:00Z,T1,40,2025-02-05T06:00:00Z,52,dayahead,0.2193,0.717,1.0,False,lightgbm-v1
2025-02-05T18:00:00Z,2025-02-06T00:00:00+06:00,2025-02-07T17:00:00+06:00,2025-02-07T11:00:00Z,T1,41,2025-02-05T06:00:00Z,53,dayahead,0.12,0.6177,0.9163,False,lightgbm-v1
2025-02-05T18:00:00Z,2025-02-06T00:00:00+06:00,2025-02-07T18:00:00+06:00,2025-02-07T12:00:00Z,T1,42,2025-02-05T06:00:00Z,54,dayahead,0.2099,0.4733,0.9873,False,lightgbm-v1
2025-02-05T18:00:00Z,2025-02-06T00:00:00+06:00,2025-02-07T19:00:00+06:00,2025-02-07T13:00:00Z,T1,43,2025-02-05T06:00:00Z,55,dayahead,0.076,0.3394,0.8534,False,lightgbm-v1
2025-02-05T18:00:00Z,2025-02-06T00:00:00+06:00,2025-02-07T20:00:00+06:00,2025-02-07T14:00:00Z,T1,44,2025-02-05T06:00:00Z,56,dayahead,0.0,0.2152,0.7292,False,lightgbm-v1
2025-02-05T18:00:00Z,2025-02-06T00:00:00+06:00,2025-02-07T21:00:00+06:00,2025-02-07T15:00:00Z,T1,45,2025-02-05T06:00:00Z,57,dayahead,0.0,0.2178,0.7318,False,lightgbm-v1
2025-02-05T18:00:00Z,2025-02-06T00:00:00+06:00,2025-02-07T22:00:00+06:00,2025-02-07T16:00:00Z,T1,46,2025-02-05T06:00:00Z,58,dayahead,0.0,0.2064,0.7204,False,lightgbm-v1
2025-02-05T18:00:00Z,2025-02-06T00:00:00+06:00,2025-02-07T23:00:00+06:00,2025-02-07T17:00:00Z,T1,47,2025-02-05T06:00:00Z,59,dayahead,0.0,0.1771,0.6911,False,lightgbm-v1
2025-02-05T18:00:00Z,2025-02-06T00:00:00+06:00,2025-02-06T00:00:00+06:00,2025-02-05T18:00:00Z,T2,0,2025-02-05T06:00:00Z,12,dayahead,0.0,0.0255,0.2539,False,lightgbm-v1
2025-02-05T18:00:00Z,2025-02-06T00:00:00+06:00,2025-02-06T01:00:00+06:00,2025-02-05T19:00:00Z,T2,1,2025-02-05T06:00:00Z,13,dayahead,0.0,0.03,0.2584,False,lightgbm-v1
2025-02-05T18:00:00Z,2025-02-06T00:00:00+06:00,2025-02-06T02:00:00+06:00,2025-02-05T20:00:00Z,T2,2,2025-02-05T06:00:00Z,14,dayahead,0.0,0.0445,0.2729,False,lightgbm-v1
2025-02-05T18:00:00Z,2025-02-06T00:00:00+06:00,2025-02-06T03:00:00+06:00,2025-02-05T21:00:00Z,T2,3,2025-02-05T06:00:00Z,15,dayahead,0.0072,0.0895,0.3179,False,lightgbm-v1
2025-02-05T18:00:00Z,2025-02-06T00:00:00+06:00,2025-02-06T04:00:00+06:00,2025-02-05T22:00:00Z,T2,4,2025-02-05T06:00:00Z,16,dayahead,0.0,0.1807,0.6947,False,lightgbm-v1
2025-02-05T18:00:00Z,2025-02-06T00:00:00+06:00,2025-02-06T05:00:00+06:00,2025-02-05T23:00:00Z,T2,5,2025-02-05T06:00:00Z,17,dayahead,0.0125,0.2758,0.7898,False,lightgbm-v1
2025-02-05T18:00:00Z,2025-02-06T00:00:00+06:00,2025-02-06T06:00:00+06:00,2025-02-06T00:00:00Z,T2,6,2025-02-05T06:00:00Z,18,dayahead,0.1811,0.4445,0.9585,False,lightgbm-v1
2025-02-05T18:00:00Z,2025-02-06T00:00:00+06:00,2025-02-06T07:00:00+06:00,2025-02-06T01:00:00Z,T2,7,2025-02-05T06:00:00Z,19,dayahead,0.225,0.4883,1.0,False,lightgbm-v1
2025-02-05T18:00:00Z,2025-02-06T00:00:00+06:00,2025-02-06T08:00:00+06:00,2025-02-06T02:00:00Z,T2,8,2025-02-05T06:00:00Z,20,dayahead,0.2325,0.4958,1.0,False,lightgbm-v1
2025-02-05T18:00:00Z,2025-02-06T00:00:00+06:00,2025-02-06T09:00:00+06:00,2025-02-06T03:00:00Z,T2,9,2025-02-05T06:00:00Z,21,dayahead,0.2202,0.4835,0.9975,False,lightgbm-v1
2025-02-05T18:00:00Z,2025-02-06T00:00:00+06:00,2025-02-06T10:00:00+06:00,2025-02-06T04:00:00Z,T2,10,2025-02-05T06:00:00Z,22,dayahead,0.2334,0.4968,1.0,False,lightgbm-v1
2025-02-05T18:00:00Z,2025-02-06T00:00:00+06:00,2025-02-06T11:00:00+06:00,2025-02-06T05:00:00Z,T2,11,2025-02-05T06:00:00Z,23,dayahead,0.027,0.5247,0.8233,False,lightgbm-v1
2025-02-05T18:00:00Z,2025-02-06T00:00:00+06:00,2025-02-06T12:00:00+06:00,2025-02-06T06:00:00Z,T2,12,2025-02-05T06:00:00Z,24,dayahead,0.0609,0.5586,0.8573,False,lightgbm-v1
2025-02-05T18:00:00Z,2025-02-06T00:00:00+06:00,2025-02-06T13:00:00+06:00,2025-02-06T07:00:00Z,T2,13,2025-02-05T06:00:00Z,25,dayahead,0.1165,0.6141,0.9128,False,lightgbm-v1
2025-02-05T18:00:00Z,2025-02-06T00:00:00+06:00,2025-02-06T14:00:00+06:00,2025-02-06T08:00:00Z,T2,14,2025-02-05T06:00:00Z,26,dayahead,0.036,0.5337,0.8324,False,lightgbm-v1
2025-02-05T18:00:00Z,2025-02-06T00:00:00+06:00,2025-02-06T15:00:00+06:00,2025-02-06T09:00:00Z,T2,15,2025-02-05T06:00:00Z,27,dayahead,0.2124,0.4758,0.9898,False,lightgbm-v1
2025-02-05T18:00:00Z,2025-02-06T00:00:00+06:00,2025-02-06T16:00:00+06:00,2025-02-06T10:00:00Z,T2,16,2025-02-05T06:00:00Z,28,dayahead,0.1464,0.4098,0.9237,False,lightgbm-v1
2025-02-05T18:00:00Z,2025-02-06T00:00:00+06:00,2025-02-06T17:00:00+06:00,2025-02-06T11:00:00Z,T2,17,2025-02-05T06:00:00Z,29,dayahead,0.1533,0.4166,0.9306,False,lightgbm-v1
2025-02-05T18:00:00Z,2025-02-06T00:00:00+06:00,2025-02-06T18:00:00+06:00,2025-02-06T12:00:00Z,T2,18,2025-02-05T06:00:00Z,30,dayahead,0.0698,0.3331,0.8471,False,lightgbm-v1
2025-02-05T18:00:00Z,2025-02-06T00:00:00+06:00,2025-02-06T19:00:00+06:00,2025-02-06T13:00:00Z,T2,19,2025-02-05T06:00:00Z,31,dayahead,0.0745,0.3378,0.8518,False,lightgbm-v1
2025-02-05T18:00:00Z,2025-02-06T00:00:00+06:00,2025-02-06T20:00:00+06:00,2025-02-06T14:00:00Z,T2,20,2025-02-05T06:00:00Z,32,dayahead,0.0878,0.3512,0.8651,False,lightgbm-v1
2025-02-05T18:00:00Z,2025-02-06T00:00:00+06:00,2025-02-06T21:00:00+06:00,2025-02-06T15:00:00Z,T2,21,2025-02-05T06:00:00Z,33,dayahead,0.1713,0.4346,0.9486,False,lightgbm-v1
2025-02-05T18:00:00Z,2025-02-06T00:00:00+06:00,2025-02-06T22:00:00+06:00,2025-02-06T16:00:00Z,T2,22,2025-02-05T06:00:00Z,34,dayahead,0.1859,0.4493,0.9633,False,lightgbm-v1
2025-02-05T18:00:00Z,2025-02-06T00:00:00+06:00,2025-02-06T23:00:00+06:00,2025-02-06T17:00:00Z,T2,23,2025-02-05T06:00:00Z,35,dayahead,0.1681,0.4315,0.9455,False,lightgbm-v1
2025-02-05T18:00:00Z,2025-02-06T00:00:00+06:00,2025-02-07T00:00:00+06:00,2025-02-06T18:00:00Z,T2,24,2025-02-05T06:00:00Z,36,dayahead,0.173,0.4363,0.9503,False,lightgbm-v1
2025-02-05T18:00:00Z,2025-02-06T00:00:00+06:00,2025-02-07T01:00:00+06:00,2025-02-06T19:00:00Z,T2,25,2025-02-05T06:00:00Z,37,dayahead,0.1841,0.4474,0.9614,False,lightgbm-v1
2025-02-05T18:00:00Z,2025-02-06T00:00:00+06:00,2025-02-07T02:00:00+06:00,2025-02-06T20:00:00Z,T2,26,2025-02-05T06:00:00Z,38,dayahead,0.1807,0.4441,0.9581,False,lightgbm-v1
2025-02-05T18:00:00Z,2025-02-06T00:00:00+06:00,2025-02-07T03:00:00+06:00,2025-02-06T21:00:00Z,T2,27,2025-02-05T06:00:00Z,39,dayahead,0.1838,0.4472,0.9612,False,lightgbm-v1
2025-02-05T18:00:00Z,2025-02-06T00:00:00+06:00,2025-02-07T04:00:00+06:00,2025-02-06T22:00:00Z,T2,28,2025-02-05T06:00:00Z,40,dayahead,0.2104,0.4737,0.9877,False,lightgbm-v1
2025-02-05T18:00:00Z,2025-02-06T00:00:00+06:00,2025-02-07T05:00:00+06:00,2025-02-06T23:00:00Z,T2,29,2025-02-05T06:00:00Z,41,dayahead,0.2104,0.4737,0.9877,False,lightgbm-v1
2025-02-05T18:00:00Z,2025-02-06T00:00:00+06:00,2025-02-07T06:00:00+06:00,2025-02-07T00:00:00Z,T2,30,2025-02-05T06:00:00Z,42,dayahead,0.2222,0.4856,0.9996,False,lightgbm-v1
2025-02-05T18:00:00Z,2025-02-06T00:00:00+06:00,2025-02-07T07:00:00+06:00,2025-02-07T01:00:00Z,T2,31,2025-02-05T06:00:00Z,43,dayahead,0.2186,0.4819,0.9959,False,lightgbm-v1
2025-02-05T18:00:00Z,2025-02-06T00:00:00+06:00,2025-02-07T08:00:00+06:00,2025-02-07T02:00:00Z,T2,32,2025-02-05T06:00:00Z,44,dayahead,0.1959,0.4592,0.9732,False,lightgbm-v1
2025-02-05T18:00:00Z,2025-02-06T00:00:00+06:00,2025-02-07T09:00:00+06:00,2025-02-07T03:00:00Z,T2,33,2025-02-05T06:00:00Z,45,dayahead,0.2014,0.4648,0.9788,False,lightgbm-v1
2025-02-05T18:00:00Z,2025-02-06T00:00:00+06:00,2025-02-07T10:00:00+06:00,2025-02-07T04:00:00Z,T2,34,2025-02-05T06:00:00Z,46,dayahead,0.2067,0.4701,0.9841,False,lightgbm-v1
2025-02-05T18:00:00Z,2025-02-06T00:00:00+06:00,2025-02-07T11:00:00+06:00,2025-02-07T05:00:00Z,T2,35,2025-02-05T06:00:00Z,47,dayahead,0.0639,0.5615,0.8602,False,lightgbm-v1
2025-02-05T18:00:00Z,2025-02-06T00:00:00+06:00,2025-02-07T12:00:00+06:00,2025-02-07T06:00:00Z,T2,36,2025-02-05T06:00:00Z,48,dayahead,0.1569,0.6546,0.9532,False,lightgbm-v1
2025-02-05T18:00:00Z,2025-02-06T00:00:00+06:00,2025-02-07T13:00:00+06:00,2025-02-07T07:00:00Z,T2,37,2025-02-05T06:00:00Z,49,dayahead,0.1856,0.6833,0.9819,False,lightgbm-v1
2025-02-05T18:00:00Z,2025-02-06T00:00:00+06:00,2025-02-07T14:00:00+06:00,2025-02-07T08:00:00Z,T2,38,2025-02-05T06:00:00Z,50,dayahead,0.3104,0.8081,1.0,False,lightgbm-v1
2025-02-05T18:00:00Z,2025-02-06T00:00:00+06:00,2025-02-07T15:00:00+06:00,2025-02-07T09:00:00Z,T2,39,2025-02-05T06:00:00Z,51,dayahead,0.3482,0.8458,1.0,False,lightgbm-v1
2025-02-05T18:00:00Z,2025-02-06T00:00:00+06:00,2025-02-07T16:00:00+06:00,2025-02-07T10:00:00Z,T2,40,2025-02-05T06:00:00Z,52,dayahead,0.2202,0.7179,1.0,False,lightgbm-v1
2025-02-05T18:00:00Z,2025-02-06T00:00:00+06:00,2025-02-07T17:00:00+06:00,2025-02-07T11:00:00Z,T2,41,2025-02-05T06:00:00Z,53,dayahead,0.1188,0.6165,0.9151,False,lightgbm-v1
2025-02-05T18:00:00Z,2025-02-06T00:00:00+06:00,2025-02-07T18:00:00+06:00,2025-02-07T12:00:00Z,T2,42,2025-02-05T06:00:00Z,54,dayahead,0.2059,0.4692,0.9832,False,lightgbm-v1
2025-02-05T18:00:00Z,2025-02-06T00:00:00+06:00,2025-02-07T19:00:00+06:00,2025-02-07T13:00:00Z,T2,43,2025-02-05T06:00:00Z,55,dayahead,0.0743,0.3377,0.8517,False,lightgbm-v1
2025-02-05T18:00:00Z,2025-02-06T00:00:00+06:00,2025-02-07T20:00:00+06:00,2025-02-07T14:00:00Z,T2,44,2025-02-05T06:00:00Z,56,dayahead,0.0,0.2132,0.7272,False,lightgbm-v1
2025-02-05T18:00:00Z,2025-02-06T00:00:00+06:00,2025-02-07T21:00:00+06:00,2025-02-07T15:00:00Z,T2,45,2025-02-05T06:00:00Z,57,dayahead,0.0,0.2159,0.7299,False,lightgbm-v1
2025-02-05T18:00:00Z,2025-02-06T00:00:00+06:00,2025-02-07T22:00:00+06:00,2025-02-07T16:00:00Z,T2,46,2025-02-05T06:00:00Z,58,dayahead,0.0,0.2029,0.7169,False,lightgbm-v1
2025-02-05T18:00:00Z,2025-02-06T00:00:00+06:00,2025-02-07T23:00:00+06:00,2025-02-07T17:00:00Z,T2,47,2025-02-05T06:00:00Z,59,dayahead,0.0,0.173,0.687,False,lightgbm-v1
2025-02-06T18:00:00Z,2025-02-07T00:00:00+06:00,2025-02-07T00:00:00+06:00,2025-02-06T18:00:00Z,T1,0,2025-02-06T06:00:00Z,12,dayahead,0.138,0.4013,0.9153,False,lightgbm-v1
2025-02-06T18:00:00Z,2025-02-07T00:00:00+06:00,2025-02-07T01:00:00+06:00,2025-02-06T19:00:00Z,T1,1,2025-02-06T06:00:00Z,13,dayahead,0.1411,0.4044,0.9184,False,lightgbm-v1
2025-02-06T18:00:00Z,2025-02-07T00:00:00+06:00,2025-02-07T02:00:00+06:00,2025-02-06T20:00:00Z,T1,2,2025-02-06T06:00:00Z,14,dayahead,0.1099,0.3732,0.8872,False,lightgbm-v1
2025-02-06T18:00:00Z,2025-02-07T00:00:00+06:00,2025-02-07T03:00:00+06:00,2025-02-06T21:00:00Z,T1,3,2025-02-06T06:00:00Z,15,dayahead,0.0908,0.3542,0.8682,False,lightgbm-v1
2025-02-06T18:00:00Z,2025-02-07T00:00:00+06:00,2025-02-07T04:00:00+06:00,2025-02-06T22:00:00Z,T1,4,2025-02-06T06:00:00Z,16,dayahead,0.1431,0.4064,0.9204,False,lightgbm-v1
2025-02-06T18:00:00Z,2025-02-07T00:00:00+06:00,2025-02-07T05:00:00+06:00,2025-02-06T23:00:00Z,T1,5,2025-02-06T06:00:00Z,17,dayahead,0.2176,0.481,0.995,False,lightgbm-v1
2025-02-06T18:00:00Z,2025-02-07T00:00:00+06:00,2025-02-07T06:00:00+06:00,2025-02-07T00:00:00Z,T1,6,2025-02-06T06:00:00Z,18,dayahead,0.2159,0.4793,0.9932,False,lightgbm-v1
2025-02-06T18:00:00Z,2025-02-07T00:00:00+06:00,2025-02-07T07:00:00+06:00,2025-02-07T01:00:00Z,T1,7,2025-02-06T06:00:00Z,19,dayahead,0.2226,0.4859,0.9999,False,lightgbm-v1
2025-02-06T18:00:00Z,2025-02-07T00:00:00+06:00,2025-02-07T08:00:00+06:00,2025-02-07T02:00:00Z,T1,8,2025-02-06T06:00:00Z,20,dayahead,0.2336,0.4969,1.0,False,lightgbm-v1
2025-02-06T18:00:00Z,2025-02-07T00:00:00+06:00,2025-02-07T09:00:00+06:00,2025-02-07T03:00:00Z,T1,9,2025-02-06T06:00:00Z,21,dayahead,0.0275,0.5252,0.8238,False,lightgbm-v1
2025-02-06T18:00:00Z,2025-02-07T00:00:00+06:00,2025-02-07T10:00:00+06:00,2025-02-07T04:00:00Z,T1,10,2025-02-06T06:00:00Z,22,dayahead,0.0459,0.5436,0.8422,False,lightgbm-v1
2025-02-06T18:00:00Z,2025-02-07T00:00:00+06:00,2025-02-07T11:00:00+06:00,2025-02-07T05:00:00Z,T1,11,2025-02-06T06:00:00Z,23,dayahead,0.1519,0.6496,0.9482,False,lightgbm-v1
2025-02-06T18:00:00Z,2025-02-07T00:00:00+06:00,2025-02-07T12:00:00+06:00,2025-02-07T06:00:00Z,T1,12,2025-02-06T06:00:00Z,24,dayahead,0.1132,0.6108,0.9095,False,lightgbm-v1
2025-02-06T18:00:00Z,2025-02-07T00:00:00+06:00,2025-02-07T13:00:00+06:00,2025-02-07T07:00:00Z,T1,13,2025-02-06T06:00:00Z,25,dayahead,0.1179,0.6156,0.9142,False,lightgbm-v1
2025-02-06T18:00:00Z,2025-02-07T00:00:00+06:00,2025-02-07T14:00:00+06:00,2025-02-07T08:00:00Z,T1,14,2025-02-06T06:00:00Z,26,dayahead,0.2254,0.7231,1.0,False,lightgbm-v1
2025-02-06T18:00:00Z,2025-02-07T00:00:00+06:00,2025-02-07T15:00:00+06:00,2025-02-07T09:00:00Z,T1,15,2025-02-06T06:00:00Z,27,dayahead,0.2413,0.739,1.0,False,lightgbm-v1
2025-02-06T18:00:00Z,2025-02-07T00:00:00+06:00,2025-02-07T16:00:00+06:00,2025-02-07T10:00:00Z,T1,16,2025-02-06T06:00:00Z,28,dayahead,0.0577,0.5554,0.854,False,lightgbm-v1
2025-02-06T18:00:00Z,2025-02-07T00:00:00+06:00,2025-02-07T17:00:00+06:00,2025-02-07T11:00:00Z,T1,17,2025-02-06T06:00:00Z,29,dayahead,0.1861,0.4494,0.9634,False,lightgbm-v1
2025-02-06T18:00:00Z,2025-02-07T00:00:00+06:00,2025-02-07T18:00:00+06:00,2025-02-07T12:00:00Z,T1,18,2025-02-06T06:00:00Z,30,dayahead,0.0551,0.3184,0.8324,False,lightgbm-v1
2025-02-06T18:00:00Z,2025-02-07T00:00:00+06:00,2025-02-07T19:00:00+06:00,2025-02-07T13:00:00Z,T1,19,2025-02-06T06:00:00Z,31,dayahead,0.0,0.1836,0.6976,False,lightgbm-v1
2025-02-06T18:00:00Z,2025-02-07T00:00:00+06:00,2025-02-07T20:00:00+06:00,2025-02-07T14:00:00Z,T1,20,2025-02-06T06:00:00Z,32,dayahead,0.0,0.1564,0.6703,False,lightgbm-v1
2025-02-06T18:00:00Z,2025-02-07T00:00:00+06:00,2025-02-07T21:00:00+06:00,2025-02-07T15:00:00Z,T1,21,2025-02-06T06:00:00Z,33,dayahead,0.0,0.1927,0.7067,False,lightgbm-v1
2025-02-06T18:00:00Z,2025-02-07T00:00:00+06:00,2025-02-07T22:00:00+06:00,2025-02-07T16:00:00Z,T1,22,2025-02-06T06:00:00Z,34,dayahead,0.0,0.2319,0.7459,False,lightgbm-v1
2025-02-06T18:00:00Z,2025-02-07T00:00:00+06:00,2025-02-07T23:00:00+06:00,2025-02-07T17:00:00Z,T1,23,2025-02-06T06:00:00Z,35,dayahead,0.0,0.2325,0.7465,False,lightgbm-v1
2025-02-06T18:00:00Z,2025-02-07T00:00:00+06:00,2025-02-08T00:00:00+06:00,2025-02-07T18:00:00Z,T1,24,2025-02-06T06:00:00Z,36,dayahead,0.0,0.2287,0.7427,False,lightgbm-v1
2025-02-06T18:00:00Z,2025-02-07T00:00:00+06:00,2025-02-08T01:00:00+06:00,2025-02-07T19:00:00Z,T1,25,2025-02-06T06:00:00Z,37,dayahead,0.0,0.1935,0.7074,False,lightgbm-v1
2025-02-06T18:00:00Z,2025-02-07T00:00:00+06:00,2025-02-08T02:00:00+06:00,2025-02-07T20:00:00Z,T1,26,2025-02-06T06:00:00Z,38,dayahead,0.0,0.1644,0.6784,False,lightgbm-v1
2025-02-06T18:00:00Z,2025-02-07T00:00:00+06:00,2025-02-08T03:00:00+06:00,2025-02-07T21:00:00Z,T1,27,2025-02-06T06:00:00Z,39,dayahead,0.0,0.1521,0.6661,False,lightgbm-v1
2025-02-06T18:00:00Z,2025-02-07T00:00:00+06:00,2025-02-08T04:00:00+06:00,2025-02-07T22:00:00Z,T1,28,2025-02-06T06:00:00Z,40,dayahead,0.0,0.1741,0.6881,False,lightgbm-v1
2025-02-06T18:00:00Z,2025-02-07T00:00:00+06:00,2025-02-08T05:00:00+06:00,2025-02-07T23:00:00Z,T1,29,2025-02-06T06:00:00Z,41,dayahead,0.0,0.2006,0.7146,False,lightgbm-v1
2025-02-06T18:00:00Z,2025-02-07T00:00:00+06:00,2025-02-08T06:00:00+06:00,2025-02-08T00:00:00Z,T1,30,2025-02-06T06:00:00Z,42,dayahead,0.0,0.2288,0.7428,False,lightgbm-v1
2025-02-06T18:00:00Z,2025-02-07T00:00:00+06:00,2025-02-08T07:00:00+06:00,2025-02-08T01:00:00Z,T1,31,2025-02-06T06:00:00Z,43,dayahead,0.0,0.1677,0.6817,False,lightgbm-v1
2025-02-06T18:00:00Z,2025-02-07T00:00:00+06:00,2025-02-08T08:00:00+06:00,2025-02-08T02:00:00Z,T1,32,2025-02-06T06:00:00Z,44,dayahead,0.0,0.1533,0.6673,False,lightgbm-v1
2025-02-06T18:00:00Z,2025-02-07T00:00:00+06:00,2025-02-08T09:00:00+06:00,2025-02-08T03:00:00Z,T1,33,2025-02-06T06:00:00Z,45,dayahead,0.0592,0.1415,0.3699,False,lightgbm-v1
2025-02-06T18:00:00Z,2025-02-07T00:00:00+06:00,2025-02-08T10:00:00+06:00,2025-02-08T04:00:00Z,T1,34,2025-02-06T06:00:00Z,46,dayahead,0.0,0.181,0.695,False,lightgbm-v1
2025-02-06T18:00:00Z,2025-02-07T00:00:00+06:00,2025-02-08T11:00:00+06:00,2025-02-08T05:00:00Z,T1,35,2025-02-06T06:00:00Z,47,dayahead,0.0,0.2512,0.7652,False,lightgbm-v1
2025-02-06T18:00:00Z,2025-02-07T00:00:00+06:00,2025-02-08T12:00:00+06:00,2025-02-08T06:00:00Z,T1,36,2025-02-06T06:00:00Z,48,dayahead,0.0,0.2016,0.7156,False,lightgbm-v1
2025-02-06T18:00:00Z,2025-02-07T00:00:00+06:00,2025-02-08T13:00:00+06:00,2025-02-08T07:00:00Z,T1,37,2025-02-06T06:00:00Z,49,dayahead,0.0,0.1707,0.6847,False,lightgbm-v1
2025-02-06T18:00:00Z,2025-02-07T00:00:00+06:00,2025-02-08T14:00:00+06:00,2025-02-08T08:00:00Z,T1,38,2025-02-06T06:00:00Z,50,dayahead,0.0595,0.1418,0.3702,False,lightgbm-v1
2025-02-06T18:00:00Z,2025-02-07T00:00:00+06:00,2025-02-08T15:00:00+06:00,2025-02-08T09:00:00Z,T1,39,2025-02-06T06:00:00Z,51,dayahead,0.0184,0.1007,0.3291,False,lightgbm-v1
2025-02-06T18:00:00Z,2025-02-07T00:00:00+06:00,2025-02-08T16:00:00+06:00,2025-02-08T10:00:00Z,T1,40,2025-02-06T06:00:00Z,52,dayahead,0.0003,0.0825,0.3109,False,lightgbm-v1
2025-02-06T18:00:00Z,2025-02-07T00:00:00+06:00,2025-02-08T17:00:00+06:00,2025-02-08T11:00:00Z,T1,41,2025-02-06T06:00:00Z,53,dayahead,0.0,0.0608,0.2892,False,lightgbm-v1
2025-02-06T18:00:00Z,2025-02-07T00:00:00+06:00,2025-02-08T18:00:00+06:00,2025-02-08T12:00:00Z,T1,42,2025-02-06T06:00:00Z,54,dayahead,0.0,0.0438,0.2722,False,lightgbm-v1
2025-02-06T18:00:00Z,2025-02-07T00:00:00+06:00,2025-02-08T19:00:00+06:00,2025-02-08T13:00:00Z,T1,43,2025-02-06T06:00:00Z,55,dayahead,0.0,0.0353,0.2637,False,lightgbm-v1
2025-02-06T18:00:00Z,2025-02-07T00:00:00+06:00,2025-02-08T20:00:00+06:00,2025-02-08T14:00:00Z,T1,44,2025-02-06T06:00:00Z,56,dayahead,0.0,0.0271,0.2555,False,lightgbm-v1
2025-02-06T18:00:00Z,2025-02-07T00:00:00+06:00,2025-02-08T21:00:00+06:00,2025-02-08T15:00:00Z,T1,45,2025-02-06T06:00:00Z,57,dayahead,0.0,0.0312,0.2596,False,lightgbm-v1
2025-02-06T18:00:00Z,2025-02-07T00:00:00+06:00,2025-02-08T22:00:00+06:00,2025-02-08T16:00:00Z,T1,46,2025-02-06T06:00:00Z,58,dayahead,0.0,0.0311,0.2595,False,lightgbm-v1
2025-02-06T18:00:00Z,2025-02-07T00:00:00+06:00,2025-02-08T23:00:00+06:00,2025-02-08T17:00:00Z,T1,47,2025-02-06T06:00:00Z,59,dayahead,0.0,0.032,0.2603,False,lightgbm-v1
2025-02-06T18:00:00Z,2025-02-07T00:00:00+06:00,2025-02-07T00:00:00+06:00,2025-02-06T18:00:00Z,T2,0,2025-02-06T06:00:00Z,12,dayahead,0.1336,0.397,0.911,False,lightgbm-v1
2025-02-06T18:00:00Z,2025-02-07T00:00:00+06:00,2025-02-07T01:00:00+06:00,2025-02-06T19:00:00Z,T2,1,2025-02-06T06:00:00Z,13,dayahead,0.1371,0.4005,0.9144,False,lightgbm-v1
2025-02-06T18:00:00Z,2025-02-07T00:00:00+06:00,2025-02-07T02:00:00+06:00,2025-02-06T20:00:00Z,T2,2,2025-02-06T06:00:00Z,14,dayahead,0.1058,0.3691,0.8831,False,lightgbm-v1
2025-02-06T18:00:00Z,2025-02-07T00:00:00+06:00,2025-02-07T03:00:00+06:00,2025-02-06T21:00:00Z,T2,3,2025-02-06T06:00:00Z,15,dayahead,0.0875,0.3509,0.8649,False,lightgbm-v1
2025-02-06T18:00:00Z,2025-02-07T00:00:00+06:00,2025-02-07T04:00:00+06:00,2025-02-06T22:00:00Z,T2,4,2025-02-06T06:00:00Z,16,dayahead,0.138,0.4014,0.9154,False,lightgbm-v1
2025-02-06T18:00:00Z,2025-02-07T00:00:00+06:00,2025-02-07T05:00:00+06:00,2025-02-06T23:00:00Z,T2,5,2025-02-06T06:00:00Z,17,dayahead,0.2118,0.4752,0.9891,False,lightgbm-v1
2025-02-06T18:00:00Z,2025-02-07T00:00:00+06:00,2025-02-07T06:00:00+06:00,2025-02-07T00:00:00Z,T2,6,2025-02-06T06:00:00Z,18,dayahead,0.2102,0.4736,0.9876,False,lightgbm-v1
2025-02-06T18:00:00Z,2025-02-07T00:00:00+06:00,2025-02-07T07:00:00+06:00,2025-02-07T01:00:00Z,T2,7,2025-02-06T06:00:00Z,19,dayahead,0.217,0.4804,0.9944,False,lightgbm-v1
2025-02-06T18:00:00Z,2025-02-07T00:00:00+06:00,2025-02-07T08:00:00+06:00,2025-02-07T02:00:00Z,T2,8,2025-02-06T06:00:00Z,20,dayahead,0.2289,0.4923,1.0,False,lightgbm-v1
2025-02-06T18:00:00Z,2025-02-07T00:00:00+06:00,2025-02-07T09:00:00+06:00,2025-02-07T03:00:00Z,T2,9,2025-02-06T06:00:00Z,21,dayahead,0.0229,0.5206,0.8192,False,lightgbm-v1
2025-02-06T18:00:00Z,2025-02-07T00:00:00+06:00,2025-02-07T10:00:00+06:00,2025-02-07T04:00:00Z,T2,10,2025-02-06T06:00:00Z,22,dayahead,0.0423,0.54,0.8386,False,lightgbm-v1
2025-02-06T18:00:00Z,2025-02-07T00:00:00+06:00,2025-02-07T11:00:00+06:00,2025-02-07T05:00:00Z,T2,11,2025-02-06T06:00:00Z,23,dayahead,0.1497,0.6474,0.9461,False,lightgbm-v1
2025-02-06T18:00:00Z,2025-02-07T00:00:00+06:00,2025-02-07T12:00:00+06:00,2025-02-07T06:00:00Z,T2,12,2025-02-06T06:00:00Z,24,dayahead,0.1132,0.6109,0.9095,False,lightgbm-v1
2025-02-06T18:00:00Z,2025-02-07T00:00:00+06:00,2025-02-07T13:00:00+06:00,2025-02-07T07:00:00Z,T2,13,2025-02-06T06:00:00Z,25,dayahead,0.1174,0.6151,0.9137,False,lightgbm-v1
2025-02-06T18:00:00Z,2025-02-07T00:00:00+06:00,2025-02-07T14:00:00+06:00,2025-02-07T08:00:00Z,T2,14,2025-02-06T06:00:00Z,26,dayahead,0.2251,0.7228,1.0,False,lightgbm-v1
2025-02-06T18:00:00Z,2025-02-07T00:00:00+06:00,2025-02-07T15:00:00+06:00,2025-02-07T09:00:00Z,T2,15,2025-02-06T06:00:00Z,27,dayahead,0.2408,0.7385,1.0,False,lightgbm-v1
2025-02-06T18:00:00Z,2025-02-07T00:00:00+06:00,2025-02-07T16:00:00+06:00,2025-02-07T10:00:00Z,T2,16,2025-02-06T06:00:00Z,28,dayahead,0.0562,0.5539,0.8526,False,lightgbm-v1
2025-02-06T18:00:00Z,2025-02-07T00:00:00+06:00,2025-02-07T17:00:00+06:00,2025-02-07T11:00:00Z,T2,17,2025-02-06T06:00:00Z,29,dayahead,0.183,0.4464,0.9604,False,lightgbm-v1
2025-02-06T18:00:00Z,2025-02-07T00:00:00+06:00,2025-02-07T18:00:00+06:00,2025-02-07T12:00:00Z,T2,18,2025-02-06T06:00:00Z,30,dayahead,0.053,0.3163,0.8303,False,lightgbm-v1
2025-02-06T18:00:00Z,2025-02-07T00:00:00+06:00,2025-02-07T19:00:00+06:00,2025-02-07T13:00:00Z,T2,19,2025-02-06T06:00:00Z,31,dayahead,0.0,0.1823,0.6963,False,lightgbm-v1
2025-02-06T18:00:00Z,2025-02-07T00:00:00+06:00,2025-02-07T20:00:00+06:00,2025-02-07T14:00:00Z,T2,20,2025-02-06T06:00:00Z,32,dayahead,0.0,0.1552,0.6692,False,lightgbm-v1
2025-02-06T18:00:00Z,2025-02-07T00:00:00+06:00,2025-02-07T21:00:00+06:00,2025-02-07T15:00:00Z,T2,21,2025-02-06T06:00:00Z,33,dayahead,0.0,0.1909,0.7049,False,lightgbm-v1
2025-02-06T18:00:00Z,2025-02-07T00:00:00+06:00,2025-02-07T22:00:00+06:00,2025-02-07T16:00:00Z,T2,22,2025-02-06T06:00:00Z,34,dayahead,0.0,0.2286,0.7426,False,lightgbm-v1
2025-02-06T18:00:00Z,2025-02-07T00:00:00+06:00,2025-02-07T23:00:00+06:00,2025-02-07T17:00:00Z,T2,23,2025-02-06T06:00:00Z,35,dayahead,0.0,0.228,0.742,False,lightgbm-v1
2025-02-06T18:00:00Z,2025-02-07T00:00:00+06:00,2025-02-08T00:00:00+06:00,2025-02-07T18:00:00Z,T2,24,2025-02-06T06:00:00Z,36,dayahead,0.0,0.2241,0.738,False,lightgbm-v1
2025-02-06T18:00:00Z,2025-02-07T00:00:00+06:00,2025-02-08T01:00:00+06:00,2025-02-07T19:00:00Z,T2,25,2025-02-06T06:00:00Z,37,dayahead,0.0,0.1888,0.7027,False,lightgbm-v1
2025-02-06T18:00:00Z,2025-02-07T00:00:00+06:00,2025-02-08T02:00:00+06:00,2025-02-07T20:00:00Z,T2,26,2025-02-06T06:00:00Z,38,dayahead,0.0,0.1607,0.6746,False,lightgbm-v1
2025-02-06T18:00:00Z,2025-02-07T00:00:00+06:00,2025-02-08T03:00:00+06:00,2025-02-07T21:00:00Z,T2,27,2025-02-06T06:00:00Z,39,dayahead,0.0666,0.1488,0.3772,False,lightgbm-v1
2025-02-06T18:00:00Z,2025-02-07T00:00:00+06:00,2025-02-08T04:00:00+06:00,2025-02-07T22:00:00Z,T2,28,2025-02-06T06:00:00Z,40,dayahead,0.0,0.1708,0.6848,False,lightgbm-v1
2025-02-06T18:00:00Z,2025-02-07T00:00:00+06:00,2025-02-08T05:00:00+06:00,2025-02-07T23:00:00Z,T2,29,2025-02-06T06:00:00Z,41,dayahead,0.0,0.1958,0.7098,False,lightgbm-v1
2025-02-06T18:00:00Z,2025-02-07T00:00:00+06:00,2025-02-08T06:00:00+06:00,2025-02-08T00:00:00Z,T2,30,2025-02-06T06:00:00Z,42,dayahead,0.0,0.2256,0.7396,False,lightgbm-v1
2025-02-06T18:00:00Z,2025-02-07T00:00:00+06:00,2025-02-08T07:00:00+06:00,2025-02-08T01:00:00Z,T2,31,2025-02-06T06:00:00Z,43,dayahead,0.0,0.1644,0.6784,False,lightgbm-v1
2025-02-06T18:00:00Z,2025-02-07T00:00:00+06:00,2025-02-08T08:00:00+06:00,2025-02-08T02:00:00Z,T2,32,2025-02-06T06:00:00Z,44,dayahead,0.0676,0.1499,0.3783,False,lightgbm-v1
2025-02-06T18:00:00Z,2025-02-07T00:00:00+06:00,2025-02-08T09:00:00+06:00,2025-02-08T03:00:00Z,T2,33,2025-02-06T06:00:00Z,45,dayahead,0.0565,0.1387,0.3671,False,lightgbm-v1
2025-02-06T18:00:00Z,2025-02-07T00:00:00+06:00,2025-02-08T10:00:00+06:00,2025-02-08T04:00:00Z,T2,34,2025-02-06T06:00:00Z,46,dayahead,0.0,0.1765,0.6905,False,lightgbm-v1
2025-02-06T18:00:00Z,2025-02-07T00:00:00+06:00,2025-02-08T11:00:00+06:00,2025-02-08T05:00:00Z,T2,35,2025-02-06T06:00:00Z,47,dayahead,0.0,0.2461,0.7601,False,lightgbm-v1
2025-02-06T18:00:00Z,2025-02-07T00:00:00+06:00,2025-02-08T12:00:00+06:00,2025-02-08T06:00:00Z,T2,36,2025-02-06T06:00:00Z,48,dayahead,0.0,0.1984,0.7124,False,lightgbm-v1
2025-02-06T18:00:00Z,2025-02-07T00:00:00+06:00,2025-02-08T13:00:00+06:00,2025-02-08T07:00:00Z,T2,37,2025-02-06T06:00:00Z,49,dayahead,0.0,0.1687,0.6827,False,lightgbm-v1
2025-02-06T18:00:00Z,2025-02-07T00:00:00+06:00,2025-02-08T14:00:00+06:00,2025-02-08T08:00:00Z,T2,38,2025-02-06T06:00:00Z,50,dayahead,0.0588,0.1411,0.3695,False,lightgbm-v1
2025-02-06T18:00:00Z,2025-02-07T00:00:00+06:00,2025-02-08T15:00:00+06:00,2025-02-08T09:00:00Z,T2,39,2025-02-06T06:00:00Z,51,dayahead,0.017,0.0993,0.3277,False,lightgbm-v1
2025-02-06T18:00:00Z,2025-02-07T00:00:00+06:00,2025-02-08T16:00:00+06:00,2025-02-08T10:00:00Z,T2,40,2025-02-06T06:00:00Z,52,dayahead,0.0,0.0818,0.3102,False,lightgbm-v1
2025-02-06T18:00:00Z,2025-02-07T00:00:00+06:00,2025-02-08T17:00:00+06:00,2025-02-08T11:00:00Z,T2,41,2025-02-06T06:00:00Z,53,dayahead,0.0,0.0601,0.2885,False,lightgbm-v1
2025-02-06T18:00:00Z,2025-02-07T00:00:00+06:00,2025-02-08T18:00:00+06:00,2025-02-08T12:00:00Z,T2,42,2025-02-06T06:00:00Z,54,dayahead,0.0,0.0436,0.272,False,lightgbm-v1
2025-02-06T18:00:00Z,2025-02-07T00:00:00+06:00,2025-02-08T19:00:00+06:00,2025-02-08T13:00:00Z,T2,43,2025-02-06T06:00:00Z,55,dayahead,0.0,0.0347,0.2631,False,lightgbm-v1
2025-02-06T18:00:00Z,2025-02-07T00:00:00+06:00,2025-02-08T20:00:00+06:00,2025-02-08T14:00:00Z,T2,44,2025-02-06T06:00:00Z,56,dayahead,0.0,0.0267,0.2551,False,lightgbm-v1
2025-02-06T18:00:00Z,2025-02-07T00:00:00+06:00,2025-02-08T21:00:00+06:00,2025-02-08T15:00:00Z,T2,45,2025-02-06T06:00:00Z,57,dayahead,0.0,0.0306,0.2589,False,lightgbm-v1
2025-02-06T18:00:00Z,2025-02-07T00:00:00+06:00,2025-02-08T22:00:00+06:00,2025-02-08T16:00:00Z,T2,46,2025-02-06T06:00:00Z,58,dayahead,0.0,0.0304,0.2588,False,lightgbm-v1
2025-02-06T18:00:00Z,2025-02-07T00:00:00+06:00,2025-02-08T23:00:00+06:00,2025-02-08T17:00:00Z,T2,47,2025-02-06T06:00:00Z,59,dayahead,0.0,0.0321,0.2605,False,lightgbm-v1
2025-02-07T18:00:00Z,2025-02-08T00:00:00+06:00,2025-02-08T00:00:00+06:00,2025-02-07T18:00:00Z,T1,0,2025-02-07T06:00:00Z,12,dayahead,0.0,0.1818,0.6957,False,lightgbm-v1
2025-02-07T18:00:00Z,2025-02-08T00:00:00+06:00,2025-02-08T01:00:00+06:00,2025-02-07T19:00:00Z,T1,1,2025-02-07T06:00:00Z,13,dayahead,0.0,0.1904,0.7044,False,lightgbm-v1
2025-02-07T18:00:00Z,2025-02-08T00:00:00+06:00,2025-02-08T02:00:00+06:00,2025-02-07T20:00:00Z,T1,2,2025-02-07T06:00:00Z,14,dayahead,0.0162,0.2795,0.7935,False,lightgbm-v1
2025-02-07T18:00:00Z,2025-02-08T00:00:00+06:00,2025-02-08T03:00:00+06:00,2025-02-07T21:00:00Z,T1,3,2025-02-07T06:00:00Z,15,dayahead,0.0596,0.323,0.837,False,lightgbm-v1
2025-02-07T18:00:00Z,2025-02-08T00:00:00+06:00,2025-02-08T04:00:00+06:00,2025-02-07T22:00:00Z,T1,4,2025-02-07T06:00:00Z,16,dayahead,0.0612,0.3245,0.8385,False,lightgbm-v1
2025-02-07T18:00:00Z,2025-02-08T00:00:00+06:00,2025-02-08T05:00:00+06:00,2025-02-07T23:00:00Z,T1,5,2025-02-07T06:00:00Z,17,dayahead,0.0376,0.3009,0.8149,False,lightgbm-v1
2025-02-07T18:00:00Z,2025-02-08T00:00:00+06:00,2025-02-08T06:00:00+06:00,2025-02-08T00:00:00Z,T1,6,2025-02-07T06:00:00Z,18,dayahead,0.0339,0.2972,0.8112,False,lightgbm-v1
2025-02-07T18:00:00Z,2025-02-08T00:00:00+06:00,2025-02-08T07:00:00+06:00,2025-02-08T01:00:00Z,T1,7,2025-02-07T06:00:00Z,19,dayahead,0.0,0.2483,0.7623,False,lightgbm-v1
2025-02-07T18:00:00Z,2025-02-08T00:00:00+06:00,2025-02-08T08:00:00+06:00,2025-02-08T02:00:00Z,T1,8,2025-02-07T06:00:00Z,20,dayahead,0.0,0.2453,0.7592,False,lightgbm-v1
2025-02-07T18:00:00Z,2025-02-08T00:00:00+06:00,2025-02-08T09:00:00+06:00,2025-02-08T03:00:00Z,T1,9,2025-02-07T06:00:00Z,21,dayahead,0.0,0.1899,0.7039,False,lightgbm-v1
2025-02-07T18:00:00Z,2025-02-08T00:00:00+06:00,2025-02-08T10:00:00+06:00,2025-02-08T04:00:00Z,T1,10,2025-02-07T06:00:00Z,22,dayahead,0.0304,0.2938,0.8078,False,lightgbm-v1
2025-02-07T18:00:00Z,2025-02-08T00:00:00+06:00,2025-02-08T11:00:00+06:00,2025-02-08T05:00:00Z,T1,11,2025-02-07T06:00:00Z,23,dayahead,0.1873,0.4507,0.9647,False,lightgbm-v1
2025-02-07T18:00:00Z,2025-02-08T00:00:00+06:00,2025-02-08T12:00:00+06:00,2025-02-08T06:00:00Z,T1,12,2025-02-07T06:00:00Z,24,dayahead,0.1309,0.3942,0.9082,False,lightgbm-v1
2025-02-07T18:00:00Z,2025-02-08T00:00:00+06:00,2025-02-08T13:00:00+06:00,2025-02-08T07:00:00Z,T1,13,2025-02-07T06:00:00Z,25,dayahead,0.147,0.4103,0.9243,False,lightgbm-v1
2025-02-07T18:00:00Z,2025-02-08T00:00:00+06:00,2025-02-08T14:00:00+06:00,2025-02-08T08:00:00Z,T1,14,2025-02-07T06:00:00Z,26,dayahead,0.1206,0.3839,0.8979,False,lightgbm-v1
2025-02-07T18:00:00Z,2025-02-08T00:00:00+06:00,2025-02-08T15:00:00+06:00,2025-02-08T09:00:00Z,T1,15,2025-02-07T06:00:00Z,27,dayahead,0.0602,0.3235,0.8375,False,lightgbm-v1
2025-02-07T18:00:00Z,2025-02-08T00:00:00+06:00,2025-02-08T16:00:00+06:00,2025-02-08T10:00:00Z,T1,16,2025-02-07T06:00:00Z,28,dayahead,0.0,0.1959,0.7099,False,lightgbm-v1
2025-02-07T18:00:00Z,2025-02-08T00:00:00+06:00,2025-02-08T17:00:00+06:00,2025-02-08T11:00:00Z,T1,17,2025-02-07T06:00:00Z,29,dayahead,0.0285,0.1108,0.3392,False,lightgbm-v1
2025-02-07T18:00:00Z,2025-02-08T00:00:00+06:00,2025-02-08T18:00:00+06:00,2025-02-08T12:00:00Z,T1,18,2025-02-07T06:00:00Z,30,dayahead,0.0,0.04,0.2684,False,lightgbm-v1
2025-02-07T18:00:00Z,2025-02-08T00:00:00+06:00,2025-02-08T19:00:00+06:00,2025-02-08T13:00:00Z,T1,19,2025-02-07T06:00:00Z,31,dayahead,0.0,0.0215,0.2499,False,lightgbm-v1
2025-02-07T18:00:00Z,2025-02-08T00:00:00+06:00,2025-02-08T20:00:00+06:00,2025-02-08T14:00:00Z,T1,20,2025-02-07T06:00:00Z,32,dayahead,0.0,0.0234,0.2518,False,lightgbm-v1
2025-02-07T18:00:00Z,2025-02-08T00:00:00+06:00,2025-02-08T21:00:00+06:00,2025-02-08T15:00:00Z,T1,21,2025-02-07T06:00:00Z,33,dayahead,0.0,0.026,0.2543,False,lightgbm-v1
2025-02-07T18:00:00Z,2025-02-08T00:00:00+06:00,2025-02-08T22:00:00+06:00,2025-02-08T16:00:00Z,T1,22,2025-02-07T06:00:00Z,34,dayahead,0.0,0.028,0.2564,False,lightgbm-v1
2025-02-07T18:00:00Z,2025-02-08T00:00:00+06:00,2025-02-08T23:00:00+06:00,2025-02-08T17:00:00Z,T1,23,2025-02-07T06:00:00Z,35,dayahead,0.0,0.034,0.2624,False,lightgbm-v1
2025-02-07T18:00:00Z,2025-02-08T00:00:00+06:00,2025-02-09T00:00:00+06:00,2025-02-08T18:00:00Z,T1,24,2025-02-07T06:00:00Z,36,dayahead,0.0,0.0425,0.2709,False,lightgbm-v1
2025-02-07T18:00:00Z,2025-02-08T00:00:00+06:00,2025-02-09T01:00:00+06:00,2025-02-08T19:00:00Z,T1,25,2025-02-07T06:00:00Z,37,dayahead,0.0,0.0693,0.2977,False,lightgbm-v1
2025-02-07T18:00:00Z,2025-02-08T00:00:00+06:00,2025-02-09T02:00:00+06:00,2025-02-08T20:00:00Z,T1,26,2025-02-07T06:00:00Z,38,dayahead,0.0,0.0781,0.3065,False,lightgbm-v1
2025-02-07T18:00:00Z,2025-02-08T00:00:00+06:00,2025-02-09T03:00:00+06:00,2025-02-08T21:00:00Z,T1,27,2025-02-07T06:00:00Z,39,dayahead,0.0,0.0527,0.2811,False,lightgbm-v1
2025-02-07T18:00:00Z,2025-02-08T00:00:00+06:00,2025-02-09T04:00:00+06:00,2025-02-08T22:00:00Z,T1,28,2025-02-07T06:00:00Z,40,dayahead,0.0,0.0235,0.2519,False,lightgbm-v1
2025-02-07T18:00:00Z,2025-02-08T00:00:00+06:00,2025-02-09T05:00:00+06:00,2025-02-08T23:00:00Z,T1,29,2025-02-07T06:00:00Z,41,dayahead,0.0,0.0216,0.25,False,lightgbm-v1
2025-02-07T18:00:00Z,2025-02-08T00:00:00+06:00,2025-02-09T06:00:00+06:00,2025-02-09T00:00:00Z,T1,30,2025-02-07T06:00:00Z,42,dayahead,0.0,0.0172,0.2456,False,lightgbm-v1
2025-02-07T18:00:00Z,2025-02-08T00:00:00+06:00,2025-02-09T07:00:00+06:00,2025-02-09T01:00:00Z,T1,31,2025-02-07T06:00:00Z,43,dayahead,0.0,0.0189,0.2473,False,lightgbm-v1
2025-02-07T18:00:00Z,2025-02-08T00:00:00+06:00,2025-02-09T08:00:00+06:00,2025-02-09T02:00:00Z,T1,32,2025-02-07T06:00:00Z,44,dayahead,0.0,0.0184,0.2468,False,lightgbm-v1
2025-02-07T18:00:00Z,2025-02-08T00:00:00+06:00,2025-02-09T09:00:00+06:00,2025-02-09T03:00:00Z,T1,33,2025-02-07T06:00:00Z,45,dayahead,0.0,0.0313,0.2597,False,lightgbm-v1
2025-02-07T18:00:00Z,2025-02-08T00:00:00+06:00,2025-02-09T10:00:00+06:00,2025-02-09T04:00:00Z,T1,34,2025-02-07T06:00:00Z,46,dayahead,0.0,0.0332,0.2616,False,lightgbm-v1
2025-02-07T18:00:00Z,2025-02-08T00:00:00+06:00,2025-02-09T11:00:00+06:00,2025-02-09T05:00:00Z,T1,35,2025-02-07T06:00:00Z,47,dayahead,0.0,0.0466,0.275,False,lightgbm-v1
2025-02-07T18:00:00Z,2025-02-08T00:00:00+06:00,2025-02-09T12:00:00+06:00,2025-02-09T06:00:00Z,T1,36,2025-02-07T06:00:00Z,48,dayahead,0.0,0.0499,0.2783,False,lightgbm-v1
2025-02-07T18:00:00Z,2025-02-08T00:00:00+06:00,2025-02-09T13:00:00+06:00,2025-02-09T07:00:00Z,T1,37,2025-02-07T06:00:00Z,49,dayahead,0.0,0.0683,0.2967,False,lightgbm-v1
2025-02-07T18:00:00Z,2025-02-08T00:00:00+06:00,2025-02-09T14:00:00+06:00,2025-02-09T08:00:00Z,T1,38,2025-02-07T06:00:00Z,50,dayahead,0.0024,0.0847,0.313,False,lightgbm-v1
2025-02-07T18:00:00Z,2025-02-08T00:00:00+06:00,2025-02-09T15:00:00+06:00,2025-02-09T09:00:00Z,T1,39,2025-02-07T06:00:00Z,51,dayahead,0.0301,0.1123,0.3407,False,lightgbm-v1
2025-02-07T18:00:00Z,2025-02-08T00:00:00+06:00,2025-02-09T16:00:00+06:00,2025-02-09T10:00:00Z,T1,40,2025-02-07T06:00:00Z,52,dayahead,0.0,0.185,0.699,False,lightgbm-v1
2025-02-07T18:00:00Z,2025-02-08T00:00:00+06:00,2025-02-09T17:00:00+06:00,2025-02-09T11:00:00Z,T1,41,2025-02-07T06:00:00Z,53,dayahead,0.1503,0.4137,0.9277,False,lightgbm-v1
2025-02-07T18:00:00Z,2025-02-08T00:00:00+06:00,2025-02-09T18:00:00+06:00,2025-02-09T12:00:00Z,T1,42,2025-02-07T06:00:00Z,54,dayahead,0.1064,0.6041,0.9028,False,lightgbm-v1
2025-02-07T18:00:00Z,2025-02-08T00:00:00+06:00,2025-02-09T19:00:00+06:00,2025-02-09T13:00:00Z,T1,43,2025-02-07T06:00:00Z,55,dayahead,0.1671,0.6648,0.9634,False,lightgbm-v1
2025-02-07T18:00:00Z,2025-02-08T00:00:00+06:00,2025-02-09T20:00:00+06:00,2025-02-09T14:00:00Z,T1,44,2025-02-07T06:00:00Z,56,dayahead,0.2361,0.7338,1.0,False,lightgbm-v1
2025-02-07T18:00:00Z,2025-02-08T00:00:00+06:00,2025-02-09T21:00:00+06:00,2025-02-09T15:00:00Z,T1,45,2025-02-07T06:00:00Z,57,dayahead,0.2347,0.7324,1.0,False,lightgbm-v1
2025-02-07T18:00:00Z,2025-02-08T00:00:00+06:00,2025-02-09T22:00:00+06:00,2025-02-09T16:00:00Z,T1,46,2025-02-07T06:00:00Z,58,dayahead,0.1977,0.6954,0.994,False,lightgbm-v1
2025-02-07T18:00:00Z,2025-02-08T00:00:00+06:00,2025-02-09T23:00:00+06:00,2025-02-09T17:00:00Z,T1,47,2025-02-07T06:00:00Z,59,dayahead,0.1845,0.6822,0.9808,False,lightgbm-v1
2025-02-07T18:00:00Z,2025-02-08T00:00:00+06:00,2025-02-08T00:00:00+06:00,2025-02-07T18:00:00Z,T2,0,2025-02-07T06:00:00Z,12,dayahead,0.0,0.1766,0.6906,False,lightgbm-v1
2025-02-07T18:00:00Z,2025-02-08T00:00:00+06:00,2025-02-08T01:00:00+06:00,2025-02-07T19:00:00Z,T2,1,2025-02-07T06:00:00Z,13,dayahead,0.0,0.1858,0.6998,False,lightgbm-v1
2025-02-07T18:00:00Z,2025-02-08T00:00:00+06:00,2025-02-08T02:00:00+06:00,2025-02-07T20:00:00Z,T2,2,2025-02-07T06:00:00Z,14,dayahead,0.0112,0.2745,0.7885,False,lightgbm-v1
2025-02-07T18:00:00Z,2025-02-08T00:00:00+06:00,2025-02-08T03:00:00+06:00,2025-02-07T21:00:00Z,T2,3,2025-02-07T06:00:00Z,15,dayahead,0.054,0.3174,0.8314,False,lightgbm-v1
2025-02-07T18:00:00Z,2025-02-08T00:00:00+06:00,2025-02-08T04:00:00+06:00,2025-02-07T22:00:00Z,T2,4,2025-02-07T06:00:00Z,16,dayahead,0.0567,0.32,0.834,False,lightgbm-v1
2025-02-07T18:00:00Z,2025-02-08T00:00:00+06:00,2025-02-08T05:00:00+06:00,2025-02-07T23:00:00Z,T2,5,2025-02-07T06:00:00Z,17,dayahead,0.0328,0.2961,0.8101,False,lightgbm-v1
2025-02-07T18:00:00Z,2025-02-08T00:00:00+06:00,2025-02-08T06:00:00+06:00,2025-02-08T00:00:00Z,T2,6,2025-02-07T06:00:00Z,18,dayahead,0.0293,0.2926,0.8066,False,lightgbm-v1
2025-02-07T18:00:00Z,2025-02-08T00:00:00+06:00,2025-02-08T07:00:00+06:00,2025-02-08T01:00:00Z,T2,7,2025-02-07T06:00:00Z,19,dayahead,0.0,0.2449,0.7589,False,lightgbm-v1
2025-02-07T18:00:00Z,2025-02-08T00:00:00+06:00,2025-02-08T08:00:00+06:00,2025-02-08T02:00:00Z,T2,8,2025-02-07T06:00:00Z,20,dayahead,0.0,0.2421,0.7561,False,lightgbm-v1
2025-02-07T18:00:00Z,2025-02-08T00:00:00+06:00,2025-02-08T09:00:00+06:00,2025-02-08T03:00:00Z,T2,9,2025-02-07T06:00:00Z,21,dayahead,0.0,0.1869,0.7009,False,lightgbm-v1
2025-02-07T18:00:00Z,2025-02-08T00:00:00+06:00,2025-02-08T10:00:00+06:00,2025-02-08T04:00:00Z,T2,10,2025-02-07T06:00:00Z,22,dayahead,0.0266,0.2899,0.8039,False,lightgbm-v1
2025-02-07T18:00:00Z,2025-02-08T00:00:00+06:00,2025-02-08T11:00:00+06:00,2025-02-08T05:00:00Z,T2,11,2025-02-07T06:00:00Z,23,dayahead,0.1825,0.4458,0.9598,False,lightgbm-v1
2025-02-07T18:00:00Z,2025-02-08T00:00:00+06:00,2025-02-08T12:00:00+06:00,2025-02-08T06:00:00Z,T2,12,2025-02-07T06:00:00Z,24,dayahead,0.127,0.3904,0.9043,False,lightgbm-v1
2025-02-07T18:00:00Z,2025-02-08T00:00:00+06:00,2025-02-08T13:00:00+06:00,2025-02-08T07:00:00Z,T2,13,2025-02-07T06:00:00Z,25,dayahead,0.1451,0.4085,0.9224,False,lightgbm-v1
2025-02-07T18:00:00Z,2025-02-08T00:00:00+06:00,2025-02-08T14:00:00+06:00,2025-02-08T08:00:00Z,T2,14,2025-02-07T06:00:00Z,26,dayahead,0.1202,0.3836,0.8976,False,lightgbm-v1
2025-02-07T18:00:00Z,2025-02-08T00:00:00+06:00,2025-02-08T15:00:00+06:00,2025-02-08T09:00:00Z,T2,15,2025-02-07T06:00:00Z,27,dayahead,0.0601,0.3234,0.8374,False,lightgbm-v1
2025-02-07T18:00:00Z,2025-02-08T00:00:00+06:00,2025-02-08T16:00:00+06:00,2025-02-08T10:00:00Z,T2,16,2025-02-07T06:00:00Z,28,dayahead,0.0,0.1965,0.7105,False,lightgbm-v1
2025-02-07T18:00:00Z,2025-02-08T00:00:00+06:00,2025-02-08T17:00:00+06:00,2025-02-08T11:00:00Z,T2,17,2025-02-07T06:00:00Z,29,dayahead,0.0286,0.1109,0.3393,False,lightgbm-v1
2025-02-07T18:00:00Z,2025-02-08T00:00:00+06:00,2025-02-08T18:00:00+06:00,2025-02-08T12:00:00Z,T2,18,2025-02-07T06:00:00Z,30,dayahead,0.0,0.0391,0.2675,False,lightgbm-v1
2025-02-07T18:00:00Z,2025-02-08T00:00:00+06:00,2025-02-08T19:00:00+06:00,2025-02-08T13:00:00Z,T2,19,2025-02-07T06:00:00Z,31,dayahead,0.0,0.0212,0.2496,False,lightgbm-v1
2025-02-07T18:00:00Z,2025-02-08T00:00:00+06:00,2025-02-08T20:00:00+06:00,2025-02-08T14:00:00Z,T2,20,2025-02-07T06:00:00Z,32,dayahead,0.0,0.023,0.2514,False,lightgbm-v1
2025-02-07T18:00:00Z,2025-02-08T00:00:00+06:00,2025-02-08T21:00:00+06:00,2025-02-08T15:00:00Z,T2,21,2025-02-07T06:00:00Z,33,dayahead,0.0,0.0256,0.254,False,lightgbm-v1
2025-02-07T18:00:00Z,2025-02-08T00:00:00+06:00,2025-02-08T22:00:00+06:00,2025-02-08T16:00:00Z,T2,22,2025-02-07T06:00:00Z,34,dayahead,0.0,0.0278,0.2562,False,lightgbm-v1
2025-02-07T18:00:00Z,2025-02-08T00:00:00+06:00,2025-02-08T23:00:00+06:00,2025-02-08T17:00:00Z,T2,23,2025-02-07T06:00:00Z,35,dayahead,0.0,0.0333,0.2617,False,lightgbm-v1
2025-02-07T18:00:00Z,2025-02-08T00:00:00+06:00,2025-02-09T00:00:00+06:00,2025-02-08T18:00:00Z,T2,24,2025-02-07T06:00:00Z,36,dayahead,0.0,0.0411,0.2695,False,lightgbm-v1
2025-02-07T18:00:00Z,2025-02-08T00:00:00+06:00,2025-02-09T01:00:00+06:00,2025-02-08T19:00:00Z,T2,25,2025-02-07T06:00:00Z,37,dayahead,0.0,0.0671,0.2955,False,lightgbm-v1
2025-02-07T18:00:00Z,2025-02-08T00:00:00+06:00,2025-02-09T02:00:00+06:00,2025-02-08T20:00:00Z,T2,26,2025-02-07T06:00:00Z,38,dayahead,0.0,0.0758,0.3042,False,lightgbm-v1
2025-02-07T18:00:00Z,2025-02-08T00:00:00+06:00,2025-02-09T03:00:00+06:00,2025-02-08T21:00:00Z,T2,27,2025-02-07T06:00:00Z,39,dayahead,0.0,0.0504,0.2788,False,lightgbm-v1
2025-02-07T18:00:00Z,2025-02-08T00:00:00+06:00,2025-02-09T04:00:00+06:00,2025-02-08T22:00:00Z,T2,28,2025-02-07T06:00:00Z,40,dayahead,0.0,0.0231,0.2515,False,lightgbm-v1
2025-02-07T18:00:00Z,2025-02-08T00:00:00+06:00,2025-02-09T05:00:00+06:00,2025-02-08T23:00:00Z,T2,29,2025-02-07T06:00:00Z,41,dayahead,0.0,0.0212,0.2496,False,lightgbm-v1
2025-02-07T18:00:00Z,2025-02-08T00:00:00+06:00,2025-02-09T06:00:00+06:00,2025-02-09T00:00:00Z,T2,30,2025-02-07T06:00:00Z,42,dayahead,0.0,0.0166,0.245,False,lightgbm-v1
2025-02-07T18:00:00Z,2025-02-08T00:00:00+06:00,2025-02-09T07:00:00+06:00,2025-02-09T01:00:00Z,T2,31,2025-02-07T06:00:00Z,43,dayahead,0.0,0.0184,0.2468,False,lightgbm-v1
2025-02-07T18:00:00Z,2025-02-08T00:00:00+06:00,2025-02-09T08:00:00+06:00,2025-02-09T02:00:00Z,T2,32,2025-02-07T06:00:00Z,44,dayahead,0.0,0.0177,0.2461,False,lightgbm-v1
2025-02-07T18:00:00Z,2025-02-08T00:00:00+06:00,2025-02-09T09:00:00+06:00,2025-02-09T03:00:00Z,T2,33,2025-02-07T06:00:00Z,45,dayahead,0.0,0.0309,0.2593,False,lightgbm-v1
2025-02-07T18:00:00Z,2025-02-08T00:00:00+06:00,2025-02-09T10:00:00+06:00,2025-02-09T04:00:00Z,T2,34,2025-02-07T06:00:00Z,46,dayahead,0.0,0.0327,0.2611,False,lightgbm-v1
2025-02-07T18:00:00Z,2025-02-08T00:00:00+06:00,2025-02-09T11:00:00+06:00,2025-02-09T05:00:00Z,T2,35,2025-02-07T06:00:00Z,47,dayahead,0.0,0.046,0.2744,False,lightgbm-v1
2025-02-07T18:00:00Z,2025-02-08T00:00:00+06:00,2025-02-09T12:00:00+06:00,2025-02-09T06:00:00Z,T2,36,2025-02-07T06:00:00Z,48,dayahead,0.0,0.0513,0.2796,False,lightgbm-v1
2025-02-07T18:00:00Z,2025-02-08T00:00:00+06:00,2025-02-09T13:00:00+06:00,2025-02-09T07:00:00Z,T2,37,2025-02-07T06:00:00Z,49,dayahead,0.0,0.069,0.2974,False,lightgbm-v1
2025-02-07T18:00:00Z,2025-02-08T00:00:00+06:00,2025-02-09T14:00:00+06:00,2025-02-09T08:00:00Z,T2,38,2025-02-07T06:00:00Z,50,dayahead,0.0013,0.0836,0.312,False,lightgbm-v1
2025-02-07T18:00:00Z,2025-02-08T00:00:00+06:00,2025-02-09T15:00:00+06:00,2025-02-09T09:00:00Z,T2,39,2025-02-07T06:00:00Z,51,dayahead,0.0289,0.1111,0.3395,False,lightgbm-v1
2025-02-07T18:00:00Z,2025-02-08T00:00:00+06:00,2025-02-09T16:00:00+06:00,2025-02-09T10:00:00Z,T2,40,2025-02-07T06:00:00Z,52,dayahead,0.0,0.1847,0.6987,False,lightgbm-v1
2025-02-07T18:00:00Z,2025-02-08T00:00:00+06:00,2025-02-09T17:00:00+06:00,2025-02-09T11:00:00Z,T2,41,2025-02-07T06:00:00Z,53,dayahead,0.1501,0.4134,0.9274,False,lightgbm-v1
2025-02-07T18:00:00Z,2025-02-08T00:00:00+06:00,2025-02-09T18:00:00+06:00,2025-02-09T12:00:00Z,T2,42,2025-02-07T06:00:00Z,54,dayahead,0.1056,0.6033,0.902,False,lightgbm-v1
2025-02-07T18:00:00Z,2025-02-08T00:00:00+06:00,2025-02-09T19:00:00+06:00,2025-02-09T13:00:00Z,T2,43,2025-02-07T06:00:00Z,55,dayahead,0.1635,0.6612,0.9599,False,lightgbm-v1
2025-02-07T18:00:00Z,2025-02-08T00:00:00+06:00,2025-02-09T20:00:00+06:00,2025-02-09T14:00:00Z,T2,44,2025-02-07T06:00:00Z,56,dayahead,0.2309,0.7286,1.0,False,lightgbm-v1
2025-02-07T18:00:00Z,2025-02-08T00:00:00+06:00,2025-02-09T21:00:00+06:00,2025-02-09T15:00:00Z,T2,45,2025-02-07T06:00:00Z,57,dayahead,0.2319,0.7296,1.0,False,lightgbm-v1
2025-02-07T18:00:00Z,2025-02-08T00:00:00+06:00,2025-02-09T22:00:00+06:00,2025-02-09T16:00:00Z,T2,46,2025-02-07T06:00:00Z,58,dayahead,0.1948,0.6925,0.9912,False,lightgbm-v1
2025-02-07T18:00:00Z,2025-02-08T00:00:00+06:00,2025-02-09T23:00:00+06:00,2025-02-09T17:00:00Z,T2,47,2025-02-07T06:00:00Z,59,dayahead,0.1842,0.6819,0.9805,False,lightgbm-v1
2025-02-08T18:00:00Z,2025-02-09T00:00:00+06:00,2025-02-09T00:00:00+06:00,2025-02-08T18:00:00Z,T1,0,2025-02-08T06:00:00Z,12,dayahead,0.0,0.0558,0.2842,False,lightgbm-v1
2025-02-08T18:00:00Z,2025-02-09T00:00:00+06:00,2025-02-09T01:00:00+06:00,2025-02-08T19:00:00Z,T1,1,2025-02-08T06:00:00Z,13,dayahead,0.0,0.0805,0.3089,False,lightgbm-v1
2025-02-08T18:00:00Z,2025-02-09T00:00:00+06:00,2025-02-09T02:00:00+06:00,2025-02-08T20:00:00Z,T1,2,2025-02-08T06:00:00Z,14,dayahead,0.0,0.0777,0.3061,False,lightgbm-v1
2025-02-08T18:00:00Z,2025-02-09T00:00:00+06:00,2025-02-09T03:00:00+06:00,2025-02-08T21:00:00Z,T1,3,2025-02-08T06:00:00Z,15,dayahead,0.0,0.0647,0.2931,False,lightgbm-v1
2025-02-08T18:00:00Z,2025-02-09T00:00:00+06:00,2025-02-09T04:00:00+06:00,2025-02-08T22:00:00Z,T1,4,2025-02-08T06:00:00Z,16,dayahead,0.0,0.0514,0.2797,False,lightgbm-v1
2025-02-08T18:00:00Z,2025-02-09T00:00:00+06:00,2025-02-09T05:00:00+06:00,2025-02-08T23:00:00Z,T1,5,2025-02-08T06:00:00Z,17,dayahead,0.0,0.051,0.2794,False,lightgbm-v1
2025-02-08T18:00:00Z,2025-02-09T00:00:00+06:00,2025-02-09T06:00:00+06:00,2025-02-09T00:00:00Z,T1,6,2025-02-08T06:00:00Z,18,dayahead,0.0,0.0457,0.2741,False,lightgbm-v1
2025-02-08T18:00:00Z,2025-02-09T00:00:00+06:00,2025-02-09T07:00:00+06:00,2025-02-09T01:00:00Z,T1,7,2025-02-08T06:00:00Z,19,dayahead,0.0,0.0234,0.2518,False,lightgbm-v1
2025-02-08T18:00:00Z,2025-02-09T00:00:00+06:00,2025-02-09T08:00:00+06:00,2025-02-09T02:00:00Z,T1,8,2025-02-08T06:00:00Z,20,dayahead,0.0,0.0193,0.2477,False,lightgbm-v1
2025-02-08T18:00:00Z,2025-02-09T00:00:00+06:00,2025-02-09T09:00:00+06:00,2025-02-09T03:00:00Z,T1,9,2025-02-08T06:00:00Z,21,dayahead,0.0,0.0151,0.2435,False,lightgbm-v1
2025-02-08T18:00:00Z,2025-02-09T00:00:00+06:00,2025-02-09T10:00:00+06:00,2025-02-09T04:00:00Z,T1,10,2025-02-08T06:00:00Z,22,dayahead,0.0,0.0144,0.2428,False,lightgbm-v1
2025-02-08T18:00:00Z,2025-02-09T00:00:00+06:00,2025-02-09T11:00:00+06:00,2025-02-09T05:00:00Z,T1,11,2025-02-08T06:00:00Z,23,dayahead,0.0,0.0115,0.2399,False,lightgbm-v1
2025-02-08T18:00:00Z,2025-02-09T00:00:00+06:00,2025-02-09T12:00:00+06:00,2025-02-09T06:00:00Z,T1,12,2025-02-08T06:00:00Z,24,dayahead,0.0,0.0157,0.2441,False,lightgbm-v1
2025-02-08T18:00:00Z,2025-02-09T00:00:00+06:00,2025-02-09T13:00:00+06:00,2025-02-09T07:00:00Z,T1,13,2025-02-08T06:00:00Z,25,dayahead,0.0,0.026,0.2544,False,lightgbm-v1
2025-02-08T18:00:00Z,2025-02-09T00:00:00+06:00,2025-02-09T14:00:00+06:00,2025-02-09T08:00:00Z,T1,14,2025-02-08T06:00:00Z,26,dayahead,0.0,0.0631,0.2915,False,lightgbm-v1
2025-02-08T18:00:00Z,2025-02-09T00:00:00+06:00,2025-02-09T15:00:00+06:00,2025-02-09T09:00:00Z,T1,15,2025-02-08T06:00:00Z,27,dayahead,0.0,0.0743,0.3027,False,lightgbm-v1
2025-02-08T18:00:00Z,2025-02-09T00:00:00+06:00,2025-02-09T16:00:00+06:00,2025-02-09T10:00:00Z,T1,16,2025-02-08T06:00:00Z,28,dayahead,0.0076,0.0898,0.3182,False,lightgbm-v1
2025-02-08T18:00:00Z,2025-02-09T00:00:00+06:00,2025-02-09T17:00:00+06:00,2025-02-09T11:00:00Z,T1,17,2025-02-08T06:00:00Z,29,dayahead,0.0,0.251,0.765,False,lightgbm-v1
2025-02-08T18:00:00Z,2025-02-09T00:00:00+06:00,2025-02-09T18:00:00+06:00,2025-02-09T12:00:00Z,T1,18,2025-02-08T06:00:00Z,30,dayahead,0.1942,0.4576,0.9716,False,lightgbm-v1
2025-02-08T18:00:00Z,2025-02-09T00:00:00+06:00,2025-02-09T19:00:00+06:00,2025-02-09T13:00:00Z,T1,19,2025-02-08T06:00:00Z,31,dayahead,0.1352,0.6329,0.9316,False,lightgbm-v1
2025-02-08T18:00:00Z,2025-02-09T00:00:00+06:00,2025-02-09T20:00:00+06:00,2025-02-09T14:00:00Z,T1,20,2025-02-08T06:00:00Z,32,dayahead,0.2898,0.7875,1.0,False,lightgbm-v1
2025-02-08T18:00:00Z,2025-02-09T00:00:00+06:00,2025-02-09T21:00:00+06:00,2025-02-09T15:00:00Z,T1,21,2025-02-08T06:00:00Z,33,dayahead,0.4961,0.8546,0.9396,False,lightgbm-v1
2025-02-08T18:00:00Z,2025-02-09T00:00:00+06:00,2025-02-09T22:00:00+06:00,2025-02-09T16:00:00Z,T1,22,2025-02-08T06:00:00Z,34,dayahead,0.5154,0.8739,0.9589,False,lightgbm-v1
2025-02-08T18:00:00Z,2025-02-09T00:00:00+06:00,2025-02-09T23:00:00+06:00,2025-02-09T17:00:00Z,T1,23,2025-02-08T06:00:00Z,35,dayahead,0.3404,0.8381,1.0,False,lightgbm-v1
2025-02-08T18:00:00Z,2025-02-09T00:00:00+06:00,2025-02-10T00:00:00+06:00,2025-02-09T18:00:00Z,T1,24,2025-02-08T06:00:00Z,36,dayahead,0.5259,0.8844,0.9694,False,lightgbm-v1
2025-02-08T18:00:00Z,2025-02-09T00:00:00+06:00,2025-02-10T01:00:00+06:00,2025-02-09T19:00:00Z,T1,25,2025-02-08T06:00:00Z,37,dayahead,0.5825,0.941,1.0,False,lightgbm-v1
2025-02-08T18:00:00Z,2025-02-09T00:00:00+06:00,2025-02-10T02:00:00+06:00,2025-02-09T20:00:00Z,T1,26,2025-02-08T06:00:00Z,38,dayahead,0.6113,0.9697,1.0,False,lightgbm-v1
2025-02-08T18:00:00Z,2025-02-09T00:00:00+06:00,2025-02-10T03:00:00+06:00,2025-02-09T21:00:00Z,T1,27,2025-02-08T06:00:00Z,39,dayahead,0.5903,0.9488,1.0,False,lightgbm-v1
2025-02-08T18:00:00Z,2025-02-09T00:00:00+06:00,2025-02-10T04:00:00+06:00,2025-02-09T22:00:00Z,T1,28,2025-02-08T06:00:00Z,40,dayahead,0.5757,0.9342,1.0,False,lightgbm-v1
2025-02-08T18:00:00Z,2025-02-09T00:00:00+06:00,2025-02-10T05:00:00+06:00,2025-02-09T23:00:00Z,T1,29,2025-02-08T06:00:00Z,41,dayahead,0.5235,0.882,0.967,False,lightgbm-v1
2025-02-08T18:00:00Z,2025-02-09T00:00:00+06:00,2025-02-10T06:00:00+06:00,2025-02-10T00:00:00Z,T1,30,2025-02-08T06:00:00Z,42,dayahead,0.5308,0.8892,0.9742,False,lightgbm-v1
2025-02-08T18:00:00Z,2025-02-09T00:00:00+06:00,2025-02-10T07:00:00+06:00,2025-02-10T01:00:00Z,T1,31,2025-02-08T06:00:00Z,43,dayahead,0.546,0.9045,0.9895,False,lightgbm-v1
2025-02-08T18:00:00Z,2025-02-09T00:00:00+06:00,2025-02-10T08:00:00+06:00,2025-02-10T02:00:00Z,T1,32,2025-02-08T06:00:00Z,44,dayahead,0.5335,0.892,0.977,False,lightgbm-v1
2025-02-08T18:00:00Z,2025-02-09T00:00:00+06:00,2025-02-10T09:00:00+06:00,2025-02-10T03:00:00Z,T1,33,2025-02-08T06:00:00Z,45,dayahead,0.495,0.8534,0.9384,False,lightgbm-v1
2025-02-08T18:00:00Z,2025-02-09T00:00:00+06:00,2025-02-10T10:00:00+06:00,2025-02-10T04:00:00Z,T1,34,2025-02-08T06:00:00Z,46,dayahead,0.2806,0.7783,1.0,False,lightgbm-v1
2025-02-08T18:00:00Z,2025-02-09T00:00:00+06:00,2025-02-10T11:00:00+06:00,2025-02-10T05:00:00Z,T1,35,2025-02-08T06:00:00Z,47,dayahead,0.0382,0.5359,0.8345,False,lightgbm-v1
2025-02-08T18:00:00Z,2025-02-09T00:00:00+06:00,2025-02-10T12:00:00+06:00,2025-02-10T06:00:00Z,T1,36,2025-02-08T06:00:00Z,48,dayahead,0.0673,0.1496,0.378,False,lightgbm-v1
2025-02-08T18:00:00Z,2025-02-09T00:00:00+06:00,2025-02-10T13:00:00+06:00,2025-02-10T07:00:00Z,T1,37,2025-02-08T06:00:00Z,49,dayahead,0.0,0.0567,0.2851,False,lightgbm-v1
2025-02-08T18:00:00Z,2025-02-09T00:00:00+06:00,2025-02-10T14:00:00+06:00,2025-02-10T08:00:00Z,T1,38,2025-02-08T06:00:00Z,50,dayahead,0.0,0.059,0.2874,False,lightgbm-v1
2025-02-08T18:00:00Z,2025-02-09T00:00:00+06:00,2025-02-10T15:00:00+06:00,2025-02-10T09:00:00Z,T1,39,2025-02-08T06:00:00Z,51,dayahead,0.0,0.0628,0.2912,False,lightgbm-v1
2025-02-08T18:00:00Z,2025-02-09T00:00:00+06:00,2025-02-10T16:00:00+06:00,2025-02-10T10:00:00Z,T1,40,2025-02-08T06:00:00Z,52,dayahead,0.0,0.0698,0.2982,False,lightgbm-v1
2025-02-08T18:00:00Z,2025-02-09T00:00:00+06:00,2025-02-10T17:00:00+06:00,2025-02-10T11:00:00Z,T1,41,2025-02-08T06:00:00Z,53,dayahead,0.0,0.0613,0.2897,False,lightgbm-v1
2025-02-08T18:00:00Z,2025-02-09T00:00:00+06:00,2025-02-10T18:00:00+06:00,2025-02-10T12:00:00Z,T1,42,2025-02-08T06:00:00Z,54,dayahead,0.0,0.0558,0.2842,False,lightgbm-v1
2025-02-08T18:00:00Z,2025-02-09T00:00:00+06:00,2025-02-10T19:00:00+06:00,2025-02-10T13:00:00Z,T1,43,2025-02-08T06:00:00Z,55,dayahead,0.0,0.04,0.2684,False,lightgbm-v1
2025-02-08T18:00:00Z,2025-02-09T00:00:00+06:00,2025-02-10T20:00:00+06:00,2025-02-10T14:00:00Z,T1,44,2025-02-08T06:00:00Z,56,dayahead,0.0,0.0291,0.2575,False,lightgbm-v1
2025-02-08T18:00:00Z,2025-02-09T00:00:00+06:00,2025-02-10T21:00:00+06:00,2025-02-10T15:00:00Z,T1,45,2025-02-08T06:00:00Z,57,dayahead,0.0,0.0305,0.2589,False,lightgbm-v1
2025-02-08T18:00:00Z,2025-02-09T00:00:00+06:00,2025-02-10T22:00:00+06:00,2025-02-10T16:00:00Z,T1,46,2025-02-08T06:00:00Z,58,dayahead,0.0,0.0323,0.2607,False,lightgbm-v1
2025-02-08T18:00:00Z,2025-02-09T00:00:00+06:00,2025-02-10T23:00:00+06:00,2025-02-10T17:00:00Z,T1,47,2025-02-08T06:00:00Z,59,dayahead,0.0,0.0516,0.28,False,lightgbm-v1
2025-02-08T18:00:00Z,2025-02-09T00:00:00+06:00,2025-02-09T00:00:00+06:00,2025-02-08T18:00:00Z,T2,0,2025-02-08T06:00:00Z,12,dayahead,0.0,0.0543,0.2827,False,lightgbm-v1
2025-02-08T18:00:00Z,2025-02-09T00:00:00+06:00,2025-02-09T01:00:00+06:00,2025-02-08T19:00:00Z,T2,1,2025-02-08T06:00:00Z,13,dayahead,0.0,0.0781,0.3065,False,lightgbm-v1
2025-02-08T18:00:00Z,2025-02-09T00:00:00+06:00,2025-02-09T02:00:00+06:00,2025-02-08T20:00:00Z,T2,2,2025-02-08T06:00:00Z,14,dayahead,0.0,0.0754,0.3038,False,lightgbm-v1
2025-02-08T18:00:00Z,2025-02-09T00:00:00+06:00,2025-02-09T03:00:00+06:00,2025-02-08T21:00:00Z,T2,3,2025-02-08T06:00:00Z,15,dayahead,0.0,0.0644,0.2928,False,lightgbm-v1
2025-02-08T18:00:00Z,2025-02-09T00:00:00+06:00,2025-02-09T04:00:00+06:00,2025-02-08T22:00:00Z,T2,4,2025-02-08T06:00:00Z,16,dayahead,0.0,0.0506,0.279,False,lightgbm-v1
2025-02-08T18:00:00Z,2025-02-09T00:00:00+06:00,2025-02-09T05:00:00+06:00,2025-02-08T23:00:00Z,T2,5,2025-02-08T06:00:00Z,17,dayahead,0.0,0.0504,0.2788,False,lightgbm-v1
2025-02-08T18:00:00Z,2025-02-09T00:00:00+06:00,2025-02-09T06:00:00+06:00,2025-02-09T00:00:00Z,T2,6,2025-02-08T06:00:00Z,18,dayahead,0.0,0.0447,0.2731,False,lightgbm-v1
2025-02-08T18:00:00Z,2025-02-09T00:00:00+06:00,2025-02-09T07:00:00+06:00,2025-02-09T01:00:00Z,T2,7,2025-02-08T06:00:00Z,19,dayahead,0.0,0.0231,0.2515,False,lightgbm-v1
2025-02-08T18:00:00Z,2025-02-09T00:00:00+06:00,2025-02-09T08:00:00+06:00,2025-02-09T02:00:00Z,T2,8,2025-02-08T06:00:00Z,20,dayahead,0.0,0.019,0.2474,False,lightgbm-v1
2025-02-08T18:00:00Z,2025-02-09T00:00:00+06:00,2025-02-09T09:00:00+06:00,2025-02-09T03:00:00Z,T2,9,2025-02-08T06:00:00Z,21,dayahead,0.0,0.0148,0.2432,False,lightgbm-v1
2025-02-08T18:00:00Z,2025-02-09T00:00:00+06:00,2025-02-09T10:00:00+06:00,2025-02-09T04:00:00Z,T2,10,2025-02-08T06:00:00Z,22,dayahead,0.0,0.0141,0.2425,False,lightgbm-v1
2025-02-08T18:00:00Z,2025-02-09T00:00:00+06:00,2025-02-09T11:00:00+06:00,2025-02-09T05:00:00Z,T2,11,2025-02-08T06:00:00Z,23,dayahead,0.0,0.0111,0.2395,False,lightgbm-v1
2025-02-08T18:00:00Z,2025-02-09T00:00:00+06:00,2025-02-09T12:00:00+06:00,2025-02-09T06:00:00Z,T2,12,2025-02-08T06:00:00Z,24,dayahead,0.0,0.0153,0.2437,False,lightgbm-v1
2025-02-08T18:00:00Z,2025-02-09T00:00:00+06:00,2025-02-09T13:00:00+06:00,2025-02-09T07:00:00Z,T2,13,2025-02-08T06:00:00Z,25,dayahead,0.0,0.0256,0.254,False,lightgbm-v1
2025-02-08T18:00:00Z,2025-02-09T00:00:00+06:00,2025-02-09T14:00:00+06:00,2025-02-09T08:00:00Z,T2,14,2025-02-08T06:00:00Z,26,dayahead,0.0,0.062,0.2904,False,lightgbm-v1
2025-02-08T18:00:00Z,2025-02-09T00:00:00+06:00,2025-02-09T15:00:00+06:00,2025-02-09T09:00:00Z,T2,15,2025-02-08T06:00:00Z,27,dayahead,0.0,0.0742,0.3026,False,lightgbm-v1
2025-02-08T18:00:00Z,2025-02-09T00:00:00+06:00,2025-02-09T16:00:00+06:00,2025-02-09T10:00:00Z,T2,16,2025-02-08T06:00:00Z,28,dayahead,0.0081,0.0904,0.3188,False,lightgbm-v1
2025-02-08T18:00:00Z,2025-02-09T00:00:00+06:00,2025-02-09T17:00:00+06:00,2025-02-09T11:00:00Z,T2,17,2025-02-08T06:00:00Z,29,dayahead,0.0,0.2513,0.7653,False,lightgbm-v1
2025-02-08T18:00:00Z,2025-02-09T00:00:00+06:00,2025-02-09T18:00:00+06:00,2025-02-09T12:00:00Z,T2,18,2025-02-08T06:00:00Z,30,dayahead,0.1935,0.4569,0.9709,False,lightgbm-v1
2025-02-08T18:00:00Z,2025-02-09T00:00:00+06:00,2025-02-09T19:00:00+06:00,2025-02-09T13:00:00Z,T2,19,2025-02-08T06:00:00Z,31,dayahead,0.1344,0.6321,0.9308,False,lightgbm-v1
2025-02-08T18:00:00Z,2025-02-09T00:00:00+06:00,2025-02-09T20:00:00+06:00,2025-02-09T14:00:00Z,T2,20,2025-02-08T06:00:00Z,32,dayahead,0.2876,0.7853,1.0,False,lightgbm-v1
2025-02-08T18:00:00Z,2025-02-09T00:00:00+06:00,2025-02-09T21:00:00+06:00,2025-02-09T15:00:00Z,T2,21,2025-02-08T06:00:00Z,33,dayahead,0.4942,0.8526,0.9376,False,lightgbm-v1
2025-02-08T18:00:00Z,2025-02-09T00:00:00+06:00,2025-02-09T22:00:00+06:00,2025-02-09T16:00:00Z,T2,22,2025-02-08T06:00:00Z,34,dayahead,0.5138,0.8723,0.9573,False,lightgbm-v1
2025-02-08T18:00:00Z,2025-02-09T00:00:00+06:00,2025-02-09T23:00:00+06:00,2025-02-09T17:00:00Z,T2,23,2025-02-08T06:00:00Z,35,dayahead,0.3395,0.8371,1.0,False,lightgbm-v1
2025-02-08T18:00:00Z,2025-02-09T00:00:00+06:00,2025-02-10T00:00:00+06:00,2025-02-09T18:00:00Z,T2,24,2025-02-08T06:00:00Z,36,dayahead,0.5237,0.8822,0.9672,False,lightgbm-v1
2025-02-08T18:00:00Z,2025-02-09T00:00:00+06:00,2025-02-10T01:00:00+06:00,2025-02-09T19:00:00Z,T2,25,2025-02-08T06:00:00Z,37,dayahead,0.5817,0.9402,1.0,False,lightgbm-v1
2025-02-08T18:00:00Z,2025-02-09T00:00:00+06:00,2025-02-10T02:00:00+06:00,2025-02-09T20:00:00Z,T2,26,2025-02-08T06:00:00Z,38,dayahead,0.6095,0.968,1.0,False,lightgbm-v1
2025-02-08T18:00:00Z,2025-02-09T00:00:00+06:00,2025-02-10T03:00:00+06:00,2025-02-09T21:00:00Z,T2,27,2025-02-08T06:00:00Z,39,dayahead,0.5878,0.9463,1.0,False,lightgbm-v1
2025-02-08T18:00:00Z,2025-02-09T00:00:00+06:00,2025-02-10T04:00:00+06:00,2025-02-09T22:00:00Z,T2,28,2025-02-08T06:00:00Z,40,dayahead,0.5737,0.9321,1.0,False,lightgbm-v1
2025-02-08T18:00:00Z,2025-02-09T00:00:00+06:00,2025-02-10T05:00:00+06:00,2025-02-09T23:00:00Z,T2,29,2025-02-08T06:00:00Z,41,dayahead,0.5219,0.8804,0.9654,False,lightgbm-v1
2025-02-08T18:00:00Z,2025-02-09T00:00:00+06:00,2025-02-10T06:00:00+06:00,2025-02-10T00:00:00Z,T2,30,2025-02-08T06:00:00Z,42,dayahead,0.529,0.8875,0.9725,False,lightgbm-v1
2025-02-08T18:00:00Z,2025-02-09T00:00:00+06:00,2025-02-10T07:00:00+06:00,2025-02-10T01:00:00Z,T2,31,2025-02-08T06:00:00Z,43,dayahead,0.5444,0.9029,0.9879,False,lightgbm-v1
2025-02-08T18:00:00Z,2025-02-09T00:00:00+06:00,2025-02-10T08:00:00+06:00,2025-02-10T02:00:00Z,T2,32,2025-02-08T06:00:00Z,44,dayahead,0.5326,0.8911,0.9761,False,lightgbm-v1
2025-02-08T18:00:00Z,2025-02-09T00:00:00+06:00,2025-02-10T09:00:00+06:00,2025-02-10T03:00:00Z,T2,33,2025-02-08T06:00:00Z,45,dayahead,0.4931,0.8516,0.9366,False,lightgbm-v1
2025-02-08T18:00:00Z,2025-02-09T00:00:00+06:00,2025-02-10T10:00:00+06:00,2025-02-10T04:00:00Z,T2,34,2025-02-08T06:00:00Z,46,dayahead,0.2786,0.7763,1.0,False,lightgbm-v1
2025-02-08T18:00:00Z,2025-02-09T00:00:00+06:00,2025-02-10T11:00:00+06:00,2025-02-10T05:00:00Z,T2,35,2025-02-08T06:00:00Z,47,dayahead,0.0344,0.5321,0.8308,False,lightgbm-v1
2025-02-08T18:00:00Z,2025-02-09T00:00:00+06:00,2025-02-10T12:00:00+06:00,2025-02-10T06:00:00Z,T2,36,2025-02-08T06:00:00Z,48,dayahead,0.0668,0.1491,0.3775,False,lightgbm-v1
2025-02-08T18:00:00Z,2025-02-09T00:00:00+06:00,2025-02-10T13:00:00+06:00,2025-02-10T07:00:00Z,T2,37,2025-02-08T06:00:00Z,49,dayahead,0.0,0.0573,0.2857,False,lightgbm-v1
2025-02-08T18:00:00Z,2025-02-09T00:00:00+06:00,2025-02-10T14:00:00+06:00,2025-02-10T08:00:00Z,T2,38,2025-02-08T06:00:00Z,50,dayahead,0.0,0.0581,0.2864,False,lightgbm-v1
2025-02-08T18:00:00Z,2025-02-09T00:00:00+06:00,2025-02-10T15:00:00+06:00,2025-02-10T09:00:00Z,T2,39,2025-02-08T06:00:00Z,51,dayahead,0.0,0.0627,0.2911,False,lightgbm-v1
2025-02-08T18:00:00Z,2025-02-09T00:00:00+06:00,2025-02-10T16:00:00+06:00,2025-02-10T10:00:00Z,T2,40,2025-02-08T06:00:00Z,52,dayahead,0.0,0.0701,0.2985,False,lightgbm-v1
2025-02-08T18:00:00Z,2025-02-09T00:00:00+06:00,2025-02-10T17:00:00+06:00,2025-02-10T11:00:00Z,T2,41,2025-02-08T06:00:00Z,53,dayahead,0.0,0.061,0.2894,False,lightgbm-v1
2025-02-08T18:00:00Z,2025-02-09T00:00:00+06:00,2025-02-10T18:00:00+06:00,2025-02-10T12:00:00Z,T2,42,2025-02-08T06:00:00Z,54,dayahead,0.0,0.0555,0.2839,False,lightgbm-v1
2025-02-08T18:00:00Z,2025-02-09T00:00:00+06:00,2025-02-10T19:00:00+06:00,2025-02-10T13:00:00Z,T2,43,2025-02-08T06:00:00Z,55,dayahead,0.0,0.0395,0.2679,False,lightgbm-v1
2025-02-08T18:00:00Z,2025-02-09T00:00:00+06:00,2025-02-10T20:00:00+06:00,2025-02-10T14:00:00Z,T2,44,2025-02-08T06:00:00Z,56,dayahead,0.0,0.0288,0.2572,False,lightgbm-v1
2025-02-08T18:00:00Z,2025-02-09T00:00:00+06:00,2025-02-10T21:00:00+06:00,2025-02-10T15:00:00Z,T2,45,2025-02-08T06:00:00Z,57,dayahead,0.0,0.0301,0.2585,False,lightgbm-v1
2025-02-08T18:00:00Z,2025-02-09T00:00:00+06:00,2025-02-10T22:00:00+06:00,2025-02-10T16:00:00Z,T2,46,2025-02-08T06:00:00Z,58,dayahead,0.0,0.032,0.2604,False,lightgbm-v1
2025-02-08T18:00:00Z,2025-02-09T00:00:00+06:00,2025-02-10T23:00:00+06:00,2025-02-10T17:00:00Z,T2,47,2025-02-08T06:00:00Z,59,dayahead,0.0,0.0516,0.28,False,lightgbm-v1
2025-02-09T18:00:00Z,2025-02-10T00:00:00+06:00,2025-02-10T00:00:00+06:00,2025-02-09T18:00:00Z,T1,0,2025-02-09T06:00:00Z,12,dayahead,0.5104,0.8688,0.9538,False,lightgbm-v1
2025-02-09T18:00:00Z,2025-02-10T00:00:00+06:00,2025-02-10T01:00:00+06:00,2025-02-09T19:00:00Z,T1,1,2025-02-09T06:00:00Z,13,dayahead,0.5348,0.8933,0.9783,False,lightgbm-v1
2025-02-09T18:00:00Z,2025-02-10T00:00:00+06:00,2025-02-10T02:00:00+06:00,2025-02-09T20:00:00Z,T1,2,2025-02-09T06:00:00Z,14,dayahead,0.6025,0.961,1.0,False,lightgbm-v1
2025-02-09T18:00:00Z,2025-02-10T00:00:00+06:00,2025-02-10T03:00:00+06:00,2025-02-09T21:00:00Z,T1,3,2025-02-09T06:00:00Z,15,dayahead,0.602,0.9605,1.0,False,lightgbm-v1
2025-02-09T18:00:00Z,2025-02-10T00:00:00+06:00,2025-02-10T04:00:00+06:00,2025-02-09T22:00:00Z,T1,4,2025-02-09T06:00:00Z,16,dayahead,0.5594,0.9179,1.0,False,lightgbm-v1
2025-02-09T18:00:00Z,2025-02-10T00:00:00+06:00,2025-02-10T05:00:00+06:00,2025-02-09T23:00:00Z,T1,5,2025-02-09T06:00:00Z,17,dayahead,0.5523,0.9108,0.9958,False,lightgbm-v1
2025-02-09T18:00:00Z,2025-02-10T00:00:00+06:00,2025-02-10T06:00:00+06:00,2025-02-10T00:00:00Z,T1,6,2025-02-09T06:00:00Z,18,dayahead,0.6052,0.9637,1.0,False,lightgbm-v1
2025-02-09T18:00:00Z,2025-02-10T00:00:00+06:00,2025-02-10T07:00:00+06:00,2025-02-10T01:00:00Z,T1,7,2025-02-09T06:00:00Z,19,dayahead,0.5976,0.9561,1.0,False,lightgbm-v1
2025-02-09T18:00:00Z,2025-02-10T00:00:00+06:00,2025-02-10T08:00:00+06:00,2025-02-10T02:00:00Z,T1,8,2025-02-09T06:00:00Z,20,dayahead,0.6036,0.9621,1.0,False,lightgbm-v1
2025-02-09T18:00:00Z,2025-02-10T00:00:00+06:00,2025-02-10T09:00:00+06:00,2025-02-10T03:00:00Z,T1,9,2025-02-09T06:00:00Z,21,dayahead,0.5863,0.9448,1.0,False,lightgbm-v1
2025-02-09T18:00:00Z,2025-02-10T00:00:00+06:00,2025-02-10T10:00:00+06:00,2025-02-10T04:00:00Z,T1,10,2025-02-09T06:00:00Z,22,dayahead,0.4942,0.8527,0.9377,False,lightgbm-v1
2025-02-09T18:00:00Z,2025-02-10T00:00:00+06:00,2025-02-10T11:00:00+06:00,2025-02-10T05:00:00Z,T1,11,2025-02-09T06:00:00Z,23,dayahead,0.1944,0.6921,0.9907,False,lightgbm-v1
2025-02-09T18:00:00Z,2025-02-10T00:00:00+06:00,2025-02-10T12:00:00+06:00,2025-02-10T06:00:00Z,T1,12,2025-02-09T06:00:00Z,24,dayahead,0.0581,0.5558,0.8544,False,lightgbm-v1
2025-02-09T18:00:00Z,2025-02-10T00:00:00+06:00,2025-02-10T13:00:00+06:00,2025-02-10T07:00:00Z,T1,13,2025-02-09T06:00:00Z,25,dayahead,0.0,0.2355,0.7494,False,lightgbm-v1
2025-02-09T18:00:00Z,2025-02-10T00:00:00+06:00,2025-02-10T14:00:00+06:00,2025-02-10T08:00:00Z,T1,14,2025-02-09T06:00:00Z,26,dayahead,0.0498,0.1321,0.3605,False,lightgbm-v1
2025-02-09T18:00:00Z,2025-02-10T00:00:00+06:00,2025-02-10T15:00:00+06:00,2025-02-10T09:00:00Z,T1,15,2025-02-09T06:00:00Z,27,dayahead,0.0115,0.0938,0.3222,False,lightgbm-v1
2025-02-09T18:00:00Z,2025-02-10T00:00:00+06:00,2025-02-10T16:00:00+06:00,2025-02-10T10:00:00Z,T1,16,2025-02-09T06:00:00Z,28,dayahead,0.0,0.0631,0.2915,False,lightgbm-v1
2025-02-09T18:00:00Z,2025-02-10T00:00:00+06:00,2025-02-10T17:00:00+06:00,2025-02-10T11:00:00Z,T1,17,2025-02-09T06:00:00Z,29,dayahead,0.0,0.0502,0.2786,False,lightgbm-v1
2025-02-09T18:00:00Z,2025-02-10T00:00:00+06:00,2025-02-10T18:00:00+06:00,2025-02-10T12:00:00Z,T1,18,2025-02-09T06:00:00Z,30,dayahead,0.0,0.0584,0.2868,False,lightgbm-v1
2025-02-09T18:00:00Z,2025-02-10T00:00:00+06:00,2025-02-10T19:00:00+06:00,2025-02-10T13:00:00Z,T1,19,2025-02-09T06:00:00Z,31,dayahead,0.0,0.0358,0.2642,False,lightgbm-v1
2025-02-09T18:00:00Z,2025-02-10T00:00:00+06:00,2025-02-10T20:00:00+06:00,2025-02-10T14:00:00Z,T1,20,2025-02-09T06:00:00Z,32,dayahead,0.0,0.0234,0.2518,False,lightgbm-v1
2025-02-09T18:00:00Z,2025-02-10T00:00:00+06:00,2025-02-10T21:00:00+06:00,2025-02-10T15:00:00Z,T1,21,2025-02-09T06:00:00Z,33,dayahead,0.0,0.0269,0.2553,False,lightgbm-v1
2025-02-09T18:00:00Z,2025-02-10T00:00:00+06:00,2025-02-10T22:00:00+06:00,2025-02-10T16:00:00Z,T1,22,2025-02-09T06:00:00Z,34,dayahead,0.0,0.0294,0.2578,False,lightgbm-v1
2025-02-09T18:00:00Z,2025-02-10T00:00:00+06:00,2025-02-10T23:00:00+06:00,2025-02-10T17:00:00Z,T1,23,2025-02-09T06:00:00Z,35,dayahead,0.0,0.0551,0.2835,False,lightgbm-v1
2025-02-09T18:00:00Z,2025-02-10T00:00:00+06:00,2025-02-11T00:00:00+06:00,2025-02-10T18:00:00Z,T1,24,2025-02-09T06:00:00Z,36,dayahead,0.0,0.0768,0.3052,False,lightgbm-v1
2025-02-09T18:00:00Z,2025-02-10T00:00:00+06:00,2025-02-11T01:00:00+06:00,2025-02-10T19:00:00Z,T1,25,2025-02-09T06:00:00Z,37,dayahead,0.0403,0.1225,0.3509,False,lightgbm-v1
2025-02-09T18:00:00Z,2025-02-10T00:00:00+06:00,2025-02-11T02:00:00+06:00,2025-02-10T20:00:00Z,T1,26,2025-02-09T06:00:00Z,38,dayahead,0.0,0.191,0.705,False,lightgbm-v1
2025-02-09T18:00:00Z,2025-02-10T00:00:00+06:00,2025-02-11T03:00:00+06:00,2025-02-10T21:00:00Z,T1,27,2025-02-09T06:00:00Z,39,dayahead,0.0,0.2379,0.7519,False,lightgbm-v1
2025-02-09T18:00:00Z,2025-02-10T00:00:00+06:00,2025-02-11T04:00:00+06:00,2025-02-10T22:00:00Z,T1,28,2025-02-09T06:00:00Z,40,dayahead,0.1283,0.3917,0.9057,False,lightgbm-v1
2025-02-09T18:00:00Z,2025-02-10T00:00:00+06:00,2025-02-11T05:00:00+06:00,2025-02-10T23:00:00Z,T1,29,2025-02-09T06:00:00Z,41,dayahead,0.1977,0.461,0.975,False,lightgbm-v1
2025-02-09T18:00:00Z,2025-02-10T00:00:00+06:00,2025-02-11T06:00:00+06:00,2025-02-11T00:00:00Z,T1,30,2025-02-09T06:00:00Z,42,dayahead,0.0133,0.5109,0.8096,False,lightgbm-v1
2025-02-09T18:00:00Z,2025-02-10T00:00:00+06:00,2025-02-11T07:00:00+06:00,2025-02-11T01:00:00Z,T1,31,2025-02-09T06:00:00Z,43,dayahead,0.1583,0.656,0.9547,False,lightgbm-v1
2025-02-09T18:00:00Z,2025-02-10T00:00:00+06:00,2025-02-11T08:00:00+06:00,2025-02-11T02:00:00Z,T1,32,2025-02-09T06:00:00Z,44,dayahead,0.2125,0.7102,1.0,False,lightgbm-v1
2025-02-09T18:00:00Z,2025-02-10T00:00:00+06:00,2025-02-11T09:00:00+06:00,2025-02-11T03:00:00Z,T1,33,2025-02-09T06:00:00Z,45,dayahead,0.1904,0.6881,0.9868,False,lightgbm-v1
2025-02-09T18:00:00Z,2025-02-10T00:00:00+06:00,2025-02-11T10:00:00+06:00,2025-02-11T04:00:00Z,T1,34,2025-02-09T06:00:00Z,46,dayahead,0.2747,0.7724,1.0,False,lightgbm-v1
2025-02-09T18:00:00Z,2025-02-10T00:00:00+06:00,2025-02-11T11:00:00+06:00,2025-02-11T05:00:00Z,T1,35,2025-02-09T06:00:00Z,47,dayahead,0.3444,0.8421,1.0,False,lightgbm-v1
2025-02-09T18:00:00Z,2025-02-10T00:00:00+06:00,2025-02-11T12:00:00+06:00,2025-02-11T06:00:00Z,T1,36,2025-02-09T06:00:00Z,48,dayahead,0.5465,0.905,0.99,False,lightgbm-v1
2025-02-09T18:00:00Z,2025-02-10T00:00:00+06:00,2025-02-11T13:00:00+06:00,2025-02-11T07:00:00Z,T1,37,2025-02-09T06:00:00Z,49,dayahead,0.5711,0.9296,1.0,False,lightgbm-v1
2025-02-09T18:00:00Z,2025-02-10T00:00:00+06:00,2025-02-11T14:00:00+06:00,2025-02-11T08:00:00Z,T1,38,2025-02-09T06:00:00Z,50,dayahead,0.5691,0.9276,1.0,False,lightgbm-v1
2025-02-09T18:00:00Z,2025-02-10T00:00:00+06:00,2025-02-11T15:00:00+06:00,2025-02-11T09:00:00Z,T1,39,2025-02-09T06:00:00Z,51,dayahead,0.5564,0.9149,0.9999,False,lightgbm-v1
2025-02-09T18:00:00Z,2025-02-10T00:00:00+06:00,2025-02-11T16:00:00+06:00,2025-02-11T10:00:00Z,T1,40,2025-02-09T06:00:00Z,52,dayahead,0.5292,0.8877,0.9727,False,lightgbm-v1
2025-02-09T18:00:00Z,2025-02-10T00:00:00+06:00,2025-02-11T17:00:00+06:00,2025-02-11T11:00:00Z,T1,41,2025-02-09T06:00:00Z,53,dayahead,0.5385,0.897,0.982,False,lightgbm-v1
2025-02-09T18:00:00Z,2025-02-10T00:00:00+06:00,2025-02-11T18:00:00+06:00,2025-02-11T12:00:00Z,T1,42,2025-02-09T06:00:00Z,54,dayahead,0.3516,0.8493,1.0,False,lightgbm-v1
2025-02-09T18:00:00Z,2025-02-10T00:00:00+06:00,2025-02-11T19:00:00+06:00,2025-02-11T13:00:00Z,T1,43,2025-02-09T06:00:00Z,55,dayahead,0.2299,0.7276,1.0,False,lightgbm-v1
2025-02-09T18:00:00Z,2025-02-10T00:00:00+06:00,2025-02-11T20:00:00+06:00,2025-02-11T14:00:00Z,T1,44,2025-02-09T06:00:00Z,56,dayahead,0.2109,0.7086,1.0,False,lightgbm-v1
2025-02-09T18:00:00Z,2025-02-10T00:00:00+06:00,2025-02-11T21:00:00+06:00,2025-02-11T15:00:00Z,T1,45,2025-02-09T06:00:00Z,57,dayahead,0.2159,0.7136,1.0,False,lightgbm-v1
2025-02-09T18:00:00Z,2025-02-10T00:00:00+06:00,2025-02-11T22:00:00+06:00,2025-02-11T16:00:00Z,T1,46,2025-02-09T06:00:00Z,58,dayahead,0.2377,0.7354,1.0,False,lightgbm-v1
2025-02-09T18:00:00Z,2025-02-10T00:00:00+06:00,2025-02-11T23:00:00+06:00,2025-02-11T17:00:00Z,T1,47,2025-02-09T06:00:00Z,59,dayahead,0.1551,0.6528,0.9514,False,lightgbm-v1
2025-02-09T18:00:00Z,2025-02-10T00:00:00+06:00,2025-02-10T00:00:00+06:00,2025-02-09T18:00:00Z,T2,0,2025-02-09T06:00:00Z,12,dayahead,0.5093,0.8678,0.9528,False,lightgbm-v1
2025-02-09T18:00:00Z,2025-02-10T00:00:00+06:00,2025-02-10T01:00:00+06:00,2025-02-09T19:00:00Z,T2,1,2025-02-09T06:00:00Z,13,dayahead,0.5364,0.8949,0.9799,False,lightgbm-v1
2025-02-09T18:00:00Z,2025-02-10T00:00:00+06:00,2025-02-10T02:00:00+06:00,2025-02-09T20:00:00Z,T2,2,2025-02-09T06:00:00Z,14,dayahead,0.6,0.9585,1.0,False,lightgbm-v1
2025-02-09T18:00:00Z,2025-02-10T00:00:00+06:00,2025-02-10T03:00:00+06:00,2025-02-09T21:00:00Z,T2,3,2025-02-09T06:00:00Z,15,dayahead,0.6004,0.9589,1.0,False,lightgbm-v1
2025-02-09T18:00:00Z,2025-02-10T00:00:00+06:00,2025-02-10T04:00:00+06:00,2025-02-09T22:00:00Z,T2,4,2025-02-09T06:00:00Z,16,dayahead,0.5577,0.9162,1.0,False,lightgbm-v1
2025-02-09T18:00:00Z,2025-02-10T00:00:00+06:00,2025-02-10T05:00:00+06:00,2025-02-09T23:00:00Z,T2,5,2025-02-09T06:00:00Z,17,dayahead,0.5515,0.91,0.995,False,lightgbm-v1
2025-02-09T18:00:00Z,2025-02-10T00:00:00+06:00,2025-02-10T06:00:00+06:00,2025-02-10T00:00:00Z,T2,6,2025-02-09T06:00:00Z,18,dayahead,0.6035,0.962,1.0,False,lightgbm-v1
2025-02-09T18:00:00Z,2025-02-10T00:00:00+06:00,2025-02-10T07:00:00+06:00,2025-02-10T01:00:00Z,T2,7,2025-02-09T06:00:00Z,19,dayahead,0.5961,0.9546,1.0,False,lightgbm-v1
2025-02-09T18:00:00Z,2025-02-10T00:00:00+06:00,2025-02-10T08:00:00+06:00,2025-02-10T02:00:00Z,T2,8,2025-02-09T06:00:00Z,20,dayahead,0.6019,0.9604,1.0,False,lightgbm-v1
2025-02-09T18:00:00Z,2025-02-10T00:00:00+06:00,2025-02-10T09:00:00+06:00,2025-02-10T03:00:00Z,T2,9,2025-02-09T06:00:00Z,21,dayahead,0.5836,0.9421,1.0,False,lightgbm-v1
2025-02-09T18:00:00Z,2025-02-10T00:00:00+06:00,2025-02-10T10:00:00+06:00,2025-02-10T04:00:00Z,T2,10,2025-02-09T06:00:00Z,22,dayahead,0.4936,0.8521,0.9371,False,lightgbm-v1
2025-02-09T18:00:00Z,2025-02-10T00:00:00+06:00,2025-02-10T11:00:00+06:00,2025-02-10T05:00:00Z,T2,11,2025-02-09T06:00:00Z,23,dayahead,0.194,0.6917,0.9904,False,lightgbm-v1
2025-02-09T18:00:00Z,2025-02-10T00:00:00+06:00,2025-02-10T12:00:00+06:00,2025-02-10T06:00:00Z,T2,12,2025-02-09T06:00:00Z,24,dayahead,0.0559,0.5536,0.8523,False,lightgbm-v1
2025-02-09T18:00:00Z,2025-02-10T00:00:00+06:00,2025-02-10T13:00:00+06:00,2025-02-10T07:00:00Z,T2,13,2025-02-09T06:00:00Z,25,dayahead,0.0,0.2342,0.7482,False,lightgbm-v1
2025-02-09T18:00:00Z,2025-02-10T00:00:00+06:00,2025-02-10T14:00:00+06:00,2025-02-10T08:00:00Z,T2,14,2025-02-09T06:00:00Z,26,dayahead,0.0493,0.1315,0.3599,False,lightgbm-v1
2025-02-09T18:00:00Z,2025-02-10T00:00:00+06:00,2025-02-10T15:00:00+06:00,2025-02-10T09:00:00Z,T2,15,2025-02-09T06:00:00Z,27,dayahead,0.0111,0.0934,0.3218,False,lightgbm-v1
2025-02-09T18:00:00Z,2025-02-10T00:00:00+06:00,2025-02-10T16:00:00+06:00,2025-02-10T10:00:00Z,T2,16,2025-02-09T06:00:00Z,28,dayahead,0.0,0.0628,0.2912,False,lightgbm-v1
2025-02-09T18:00:00Z,2025-02-10T00:00:00+06:00,2025-02-10T17:00:00+06:00,2025-02-10T11:00:00Z,T2,17,2025-02-09T06:00:00Z,29,dayahead,0.0,0.0498,0.2782,False,lightgbm-v1
2025-02-09T18:00:00Z,2025-02-10T00:00:00+06:00,2025-02-10T18:00:00+06:00,2025-02-10T12:00:00Z,T2,18,2025-02-09T06:00:00Z,30,dayahead,0.0,0.058,0.2864,False,lightgbm-v1
2025-02-09T18:00:00Z,2025-02-10T00:00:00+06:00,2025-02-10T19:00:00+06:00,2025-02-10T13:00:00Z,T2,19,2025-02-09T06:00:00Z,31,dayahead,0.0,0.0355,0.2639,False,lightgbm-v1
2025-02-09T18:00:00Z,2025-02-10T00:00:00+06:00,2025-02-10T20:00:00+06:00,2025-02-10T14:00:00Z,T2,20,2025-02-09T06:00:00Z,32,dayahead,0.0,0.023,0.2514,False,lightgbm-v1
2025-02-09T18:00:00Z,2025-02-10T00:00:00+06:00,2025-02-10T21:00:00+06:00,2025-02-10T15:00:00Z,T2,21,2025-02-09T06:00:00Z,33,dayahead,0.0,0.0266,0.2549,False,lightgbm-v1
2025-02-09T18:00:00Z,2025-02-10T00:00:00+06:00,2025-02-10T22:00:00+06:00,2025-02-10T16:00:00Z,T2,22,2025-02-09T06:00:00Z,34,dayahead,0.0,0.0291,0.2575,False,lightgbm-v1
2025-02-09T18:00:00Z,2025-02-10T00:00:00+06:00,2025-02-10T23:00:00+06:00,2025-02-10T17:00:00Z,T2,23,2025-02-09T06:00:00Z,35,dayahead,0.0,0.0549,0.2833,False,lightgbm-v1
2025-02-09T18:00:00Z,2025-02-10T00:00:00+06:00,2025-02-11T00:00:00+06:00,2025-02-10T18:00:00Z,T2,24,2025-02-09T06:00:00Z,36,dayahead,0.0,0.0764,0.3048,False,lightgbm-v1
2025-02-09T18:00:00Z,2025-02-10T00:00:00+06:00,2025-02-11T01:00:00+06:00,2025-02-10T19:00:00Z,T2,25,2025-02-09T06:00:00Z,37,dayahead,0.039,0.1213,0.3497,False,lightgbm-v1
2025-02-09T18:00:00Z,2025-02-10T00:00:00+06:00,2025-02-11T02:00:00+06:00,2025-02-10T20:00:00Z,T2,26,2025-02-09T06:00:00Z,38,dayahead,0.0,0.1886,0.7026,False,lightgbm-v1
2025-02-09T18:00:00Z,2025-02-10T00:00:00+06:00,2025-02-11T03:00:00+06:00,2025-02-10T21:00:00Z,T2,27,2025-02-09T06:00:00Z,39,dayahead,0.0,0.2341,0.7481,False,lightgbm-v1
2025-02-09T18:00:00Z,2025-02-10T00:00:00+06:00,2025-02-11T04:00:00+06:00,2025-02-10T22:00:00Z,T2,28,2025-02-09T06:00:00Z,40,dayahead,0.1259,0.3892,0.9032,False,lightgbm-v1
2025-02-09T18:00:00Z,2025-02-10T00:00:00+06:00,2025-02-11T05:00:00+06:00,2025-02-10T23:00:00Z,T2,29,2025-02-09T06:00:00Z,41,dayahead,0.1957,0.4591,0.9731,False,lightgbm-v1
2025-02-09T18:00:00Z,2025-02-10T00:00:00+06:00,2025-02-11T06:00:00+06:00,2025-02-11T00:00:00Z,T2,30,2025-02-09T06:00:00Z,42,dayahead,0.0106,0.5083,0.8069,False,lightgbm-v1
2025-02-09T18:00:00Z,2025-02-10T00:00:00+06:00,2025-02-11T07:00:00+06:00,2025-02-11T01:00:00Z,T2,31,2025-02-09T06:00:00Z,43,dayahead,0.1563,0.654,0.9526,False,lightgbm-v1
2025-02-09T18:00:00Z,2025-02-10T00:00:00+06:00,2025-02-11T08:00:00+06:00,2025-02-11T02:00:00Z,T2,32,2025-02-09T06:00:00Z,44,dayahead,0.2119,0.7096,1.0,False,lightgbm-v1
2025-02-09T18:00:00Z,2025-02-10T00:00:00+06:00,2025-02-11T09:00:00+06:00,2025-02-11T03:00:00Z,T2,33,2025-02-09T06:00:00Z,45,dayahead,0.1895,0.6871,0.9858,False,lightgbm-v1
2025-02-09T18:00:00Z,2025-02-10T00:00:00+06:00,2025-02-11T10:00:00+06:00,2025-02-11T04:00:00Z,T2,34,2025-02-09T06:00:00Z,46,dayahead,0.2769,0.7746,1.0,False,lightgbm-v1
2025-02-09T18:00:00Z,2025-02-10T00:00:00+06:00,2025-02-11T11:00:00+06:00,2025-02-11T05:00:00Z,T2,35,2025-02-09T06:00:00Z,47,dayahead,0.3464,0.8441,1.0,False,lightgbm-v1
2025-02-09T18:00:00Z,2025-02-10T00:00:00+06:00,2025-02-11T12:00:00+06:00,2025-02-11T06:00:00Z,T2,36,2025-02-09T06:00:00Z,48,dayahead,0.5448,0.9032,0.9882,False,lightgbm-v1
2025-02-09T18:00:00Z,2025-02-10T00:00:00+06:00,2025-02-11T13:00:00+06:00,2025-02-11T07:00:00Z,T2,37,2025-02-09T06:00:00Z,49,dayahead,0.5694,0.9279,1.0,False,lightgbm-v1
2025-02-09T18:00:00Z,2025-02-10T00:00:00+06:00,2025-02-11T14:00:00+06:00,2025-02-11T08:00:00Z,T2,38,2025-02-09T06:00:00Z,50,dayahead,0.5693,0.9278,1.0,False,lightgbm-v1
2025-02-09T18:00:00Z,2025-02-10T00:00:00+06:00,2025-02-11T15:00:00+06:00,2025-02-11T09:00:00Z,T2,39,2025-02-09T06:00:00Z,51,dayahead,0.5569,0.9154,1.0,False,lightgbm-v1
2025-02-09T18:00:00Z,2025-02-10T00:00:00+06:00,2025-02-11T16:00:00+06:00,2025-02-11T10:00:00Z,T2,40,2025-02-09T06:00:00Z,52,dayahead,0.5297,0.8882,0.9732,False,lightgbm-v1
2025-02-09T18:00:00Z,2025-02-10T00:00:00+06:00,2025-02-11T17:00:00+06:00,2025-02-11T11:00:00Z,T2,41,2025-02-09T06:00:00Z,53,dayahead,0.5397,0.8982,0.9832,False,lightgbm-v1
2025-02-09T18:00:00Z,2025-02-10T00:00:00+06:00,2025-02-11T18:00:00+06:00,2025-02-11T12:00:00Z,T2,42,2025-02-09T06:00:00Z,54,dayahead,0.4926,0.851,0.936,False,lightgbm-v1
2025-02-09T18:00:00Z,2025-02-10T00:00:00+06:00,2025-02-11T19:00:00+06:00,2025-02-11T13:00:00Z,T2,43,2025-02-09T06:00:00Z,55,dayahead,0.2288,0.7265,1.0,False,lightgbm-v1
2025-02-09T18:00:00Z,2025-02-10T00:00:00+06:00,2025-02-11T20:00:00+06:00,2025-02-11T14:00:00Z,T2,44,2025-02-09T06:00:00Z,56,dayahead,0.2097,0.7073,1.0,False,lightgbm-v1
2025-02-09T18:00:00Z,2025-02-10T00:00:00+06:00,2025-02-11T21:00:00+06:00,2025-02-11T15:00:00Z,T2,45,2025-02-09T06:00:00Z,57,dayahead,0.2146,0.7123,1.0,False,lightgbm-v1
2025-02-09T18:00:00Z,2025-02-10T00:00:00+06:00,2025-02-11T22:00:00+06:00,2025-02-11T16:00:00Z,T2,46,2025-02-09T06:00:00Z,58,dayahead,0.2342,0.7319,1.0,False,lightgbm-v1
2025-02-09T18:00:00Z,2025-02-10T00:00:00+06:00,2025-02-11T23:00:00+06:00,2025-02-11T17:00:00Z,T2,47,2025-02-09T06:00:00Z,59,dayahead,0.1549,0.6526,0.9513,False,lightgbm-v1
2025-02-10T18:00:00Z,2025-02-11T00:00:00+06:00,2025-02-11T00:00:00+06:00,2025-02-10T18:00:00Z,T1,0,2025-02-10T06:00:00Z,12,dayahead,0.0,0.2084,0.7223,False,lightgbm-v1
2025-02-10T18:00:00Z,2025-02-11T00:00:00+06:00,2025-02-11T01:00:00+06:00,2025-02-10T19:00:00Z,T1,1,2025-02-10T06:00:00Z,13,dayahead,0.07,0.3334,0.8474,False,lightgbm-v1
2025-02-10T18:00:00Z,2025-02-11T00:00:00+06:00,2025-02-11T02:00:00+06:00,2025-02-10T20:00:00Z,T1,2,2025-02-10T06:00:00Z,14,dayahead,0.06,0.3233,0.8373,False,lightgbm-v1
2025-02-10T18:00:00Z,2025-02-11T00:00:00+06:00,2025-02-11T03:00:00+06:00,2025-02-10T21:00:00Z,T1,3,2025-02-10T06:00:00Z,15,dayahead,0.1981,0.4615,0.9755,False,lightgbm-v1
2025-02-10T18:00:00Z,2025-02-11T00:00:00+06:00,2025-02-11T04:00:00+06:00,2025-02-10T22:00:00Z,T1,4,2025-02-10T06:00:00Z,16,dayahead,0.1087,0.6064,0.905,False,lightgbm-v1
2025-02-10T18:00:00Z,2025-02-11T00:00:00+06:00,2025-02-11T05:00:00+06:00,2025-02-10T23:00:00Z,T1,5,2025-02-10T06:00:00Z,17,dayahead,0.1156,0.6133,0.9119,False,lightgbm-v1
2025-02-10T18:00:00Z,2025-02-11T00:00:00+06:00,2025-02-11T06:00:00+06:00,2025-02-11T00:00:00Z,T1,6,2025-02-10T06:00:00Z,18,dayahead,0.156,0.6537,0.9523,False,lightgbm-v1
2025-02-10T18:00:00Z,2025-02-11T00:00:00+06:00,2025-02-11T07:00:00+06:00,2025-02-11T01:00:00Z,T1,7,2025-02-10T06:00:00Z,19,dayahead,0.2336,0.7313,1.0,False,lightgbm-v1
2025-02-10T18:00:00Z,2025-02-11T00:00:00+06:00,2025-02-11T08:00:00+06:00,2025-02-11T02:00:00Z,T1,8,2025-02-10T06:00:00Z,20,dayahead,0.2692,0.7669,1.0,False,lightgbm-v1
2025-02-10T18:00:00Z,2025-02-11T00:00:00+06:00,2025-02-11T09:00:00+06:00,2025-02-11T03:00:00Z,T1,9,2025-02-10T06:00:00Z,21,dayahead,0.2226,0.7203,1.0,False,lightgbm-v1
2025-02-10T18:00:00Z,2025-02-11T00:00:00+06:00,2025-02-11T10:00:00+06:00,2025-02-11T04:00:00Z,T1,10,2025-02-10T06:00:00Z,22,dayahead,0.2675,0.7652,1.0,False,lightgbm-v1
2025-02-10T18:00:00Z,2025-02-11T00:00:00+06:00,2025-02-11T11:00:00+06:00,2025-02-11T05:00:00Z,T1,11,2025-02-10T06:00:00Z,23,dayahead,0.3291,0.8268,1.0,False,lightgbm-v1
2025-02-10T18:00:00Z,2025-02-11T00:00:00+06:00,2025-02-11T12:00:00+06:00,2025-02-11T06:00:00Z,T1,12,2025-02-10T06:00:00Z,24,dayahead,0.5569,0.9154,1.0,False,lightgbm-v1
2025-02-10T18:00:00Z,2025-02-11T00:00:00+06:00,2025-02-11T13:00:00+06:00,2025-02-11T07:00:00Z,T1,13,2025-02-10T06:00:00Z,25,dayahead,0.5772,0.9356,1.0,False,lightgbm-v1
2025-02-10T18:00:00Z,2025-02-11T00:00:00+06:00,2025-02-11T14:00:00+06:00,2025-02-11T08:00:00Z,T1,14,2025-02-10T06:00:00Z,26,dayahead,0.5722,0.9307,1.0,False,lightgbm-v1
2025-02-10T18:00:00Z,2025-02-11T00:00:00+06:00,2025-02-11T15:00:00+06:00,2025-02-11T09:00:00Z,T1,15,2025-02-10T06:00:00Z,27,dayahead,0.5525,0.911,0.996,False,lightgbm-v1
2025-02-10T18:00:00Z,2025-02-11T00:00:00+06:00,2025-02-11T16:00:00+06:00,2025-02-11T10:00:00Z,T1,16,2025-02-10T06:00:00Z,28,dayahead,0.5375,0.896,0.981,False,lightgbm-v1
2025-02-10T18:00:00Z,2025-02-11T00:00:00+06:00,2025-02-11T17:00:00+06:00,2025-02-11T11:00:00Z,T1,17,2025-02-10T06:00:00Z,29,dayahead,0.5357,0.8941,0.9791,False,lightgbm-v1
2025-02-10T18:00:00Z,2025-02-11T00:00:00+06:00,2025-02-11T18:00:00+06:00,2025-02-11T12:00:00Z,T1,18,2025-02-10T06:00:00Z,30,dayahead,0.505,0.8635,0.9485,False,lightgbm-v1
2025-02-10T18:00:00Z,2025-02-11T00:00:00+06:00,2025-02-11T19:00:00+06:00,2025-02-11T13:00:00Z,T1,19,2025-02-10T06:00:00Z,31,dayahead,0.3024,0.8001,1.0,False,lightgbm-v1
2025-02-10T18:00:00Z,2025-02-11T00:00:00+06:00,2025-02-11T20:00:00+06:00,2025-02-11T14:00:00Z,T1,20,2025-02-10T06:00:00Z,32,dayahead,0.2443,0.742,1.0,False,lightgbm-v1
2025-02-10T18:00:00Z,2025-02-11T00:00:00+06:00,2025-02-11T21:00:00+06:00,2025-02-11T15:00:00Z,T1,21,2025-02-10T06:00:00Z,33,dayahead,0.2471,0.7448,1.0,False,lightgbm-v1
2025-02-10T18:00:00Z,2025-02-11T00:00:00+06:00,2025-02-11T22:00:00+06:00,2025-02-11T16:00:00Z,T1,22,2025-02-10T06:00:00Z,34,dayahead,0.2753,0.773,1.0,False,lightgbm-v1
2025-02-10T18:00:00Z,2025-02-11T00:00:00+06:00,2025-02-11T23:00:00+06:00,2025-02-11T17:00:00Z,T1,23,2025-02-10T06:00:00Z,35,dayahead,0.1668,0.6645,0.9632,False,lightgbm-v1
2025-02-10T18:00:00Z,2025-02-11T00:00:00+06:00,2025-02-12T00:00:00+06:00,2025-02-11T18:00:00Z,T1,24,2025-02-10T06:00:00Z,36,dayahead,0.1487,0.412,0.926,False,lightgbm-v1
2025-02-10T18:00:00Z,2025-02-11T00:00:00+06:00,2025-02-12T01:00:00+06:00,2025-02-11T19:00:00Z,T1,25,2025-02-10T06:00:00Z,37,dayahead,0.0,0.0484,0.2768,False,lightgbm-v1
2025-02-10T18:00:00Z,2025-02-11T00:00:00+06:00,2025-02-12T02:00:00+06:00,2025-02-11T20:00:00Z,T1,26,2025-02-10T06:00:00Z,38,dayahead,0.0194,0.2827,0.7967,False,lightgbm-v1
2025-02-10T18:00:00Z,2025-02-11T00:00:00+06:00,2025-02-12T03:00:00+06:00,2025-02-11T21:00:00Z,T1,27,2025-02-10T06:00:00Z,39,dayahead,0.1018,0.3652,0.8792,False,lightgbm-v1
2025-02-10T18:00:00Z,2025-02-11T00:00:00+06:00,2025-02-12T04:00:00+06:00,2025-02-11T22:00:00Z,T1,28,2025-02-10T06:00:00Z,40,dayahead,0.1654,0.4288,0.9427,False,lightgbm-v1
2025-02-10T18:00:00Z,2025-02-11T00:00:00+06:00,2025-02-12T05:00:00+06:00,2025-02-11T23:00:00Z,T1,29,2025-02-10T06:00:00Z,41,dayahead,0.1532,0.4165,0.9305,False,lightgbm-v1
2025-02-10T18:00:00Z,2025-02-11T00:00:00+06:00,2025-02-12T06:00:00+06:00,2025-02-12T00:00:00Z,T1,30,2025-02-10T06:00:00Z,42,dayahead,0.155,0.4184,0.9324,False,lightgbm-v1
2025-02-10T18:00:00Z,2025-02-11T00:00:00+06:00,2025-02-12T07:00:00+06:00,2025-02-12T01:00:00Z,T1,31,2025-02-10T06:00:00Z,43,dayahead,0.1335,0.3969,0.9109,False,lightgbm-v1
2025-02-10T18:00:00Z,2025-02-11T00:00:00+06:00,2025-02-12T08:00:00+06:00,2025-02-12T02:00:00Z,T1,32,2025-02-10T06:00:00Z,44,dayahead,0.1324,0.3958,0.9098,False,lightgbm-v1
2025-02-10T18:00:00Z,2025-02-11T00:00:00+06:00,2025-02-12T09:00:00+06:00,2025-02-12T03:00:00Z,T1,33,2025-02-10T06:00:00Z,45,dayahead,0.0685,0.3318,0.8458,False,lightgbm-v1
2025-02-10T18:00:00Z,2025-02-11T00:00:00+06:00,2025-02-12T10:00:00+06:00,2025-02-12T04:00:00Z,T1,34,2025-02-10T06:00:00Z,46,dayahead,0.0,0.2473,0.7613,False,lightgbm-v1
2025-02-10T18:00:00Z,2025-02-11T00:00:00+06:00,2025-02-12T11:00:00+06:00,2025-02-12T05:00:00Z,T1,35,2025-02-10T06:00:00Z,47,dayahead,0.0304,0.2937,0.8077,False,lightgbm-v1
2025-02-10T18:00:00Z,2025-02-11T00:00:00+06:00,2025-02-12T12:00:00+06:00,2025-02-12T06:00:00Z,T1,36,2025-02-10T06:00:00Z,48,dayahead,0.0482,0.3115,0.8255,False,lightgbm-v1
2025-02-10T18:00:00Z,2025-02-11T00:00:00+06:00,2025-02-12T13:00:00+06:00,2025-02-12T07:00:00Z,T1,37,2025-02-10T06:00:00Z,49,dayahead,0.03,0.2934,0.8074,False,lightgbm-v1
2025-02-10T18:00:00Z,2025-02-11T00:00:00+06:00,2025-02-12T14:00:00+06:00,2025-02-12T08:00:00Z,T1,38,2025-02-10T06:00:00Z,50,dayahead,0.0564,0.3198,0.8338,False,lightgbm-v1
2025-02-10T18:00:00Z,2025-02-11T00:00:00+06:00,2025-02-12T15:00:00+06:00,2025-02-12T09:00:00Z,T1,39,2025-02-10T06:00:00Z,51,dayahead,0.1583,0.4216,0.9356,False,lightgbm-v1
2025-02-10T18:00:00Z,2025-02-11T00:00:00+06:00,2025-02-12T16:00:00+06:00,2025-02-12T10:00:00Z,T1,40,2025-02-10T06:00:00Z,52,dayahead,0.0412,0.5389,0.8375,False,lightgbm-v1
2025-02-10T18:00:00Z,2025-02-11T00:00:00+06:00,2025-02-12T17:00:00+06:00,2025-02-12T11:00:00Z,T1,41,2025-02-10T06:00:00Z,53,dayahead,0.062,0.5597,0.8583,False,lightgbm-v1
2025-02-10T18:00:00Z,2025-02-11T00:00:00+06:00,2025-02-12T18:00:00+06:00,2025-02-12T12:00:00Z,T1,42,2025-02-10T06:00:00Z,54,dayahead,0.2347,0.498,1.0,False,lightgbm-v1
2025-02-10T18:00:00Z,2025-02-11T00:00:00+06:00,2025-02-12T19:00:00+06:00,2025-02-12T13:00:00Z,T1,43,2025-02-10T06:00:00Z,55,dayahead,0.073,0.3364,0.8503,False,lightgbm-v1
2025-02-10T18:00:00Z,2025-02-11T00:00:00+06:00,2025-02-12T20:00:00+06:00,2025-02-12T14:00:00Z,T1,44,2025-02-10T06:00:00Z,56,dayahead,0.0,0.2352,0.7492,False,lightgbm-v1
2025-02-10T18:00:00Z,2025-02-11T00:00:00+06:00,2025-02-12T21:00:00+06:00,2025-02-12T15:00:00Z,T1,45,2025-02-10T06:00:00Z,57,dayahead,0.0,0.1968,0.7108,False,lightgbm-v1
2025-02-10T18:00:00Z,2025-02-11T00:00:00+06:00,2025-02-12T22:00:00+06:00,2025-02-12T16:00:00Z,T1,46,2025-02-10T06:00:00Z,58,dayahead,0.0643,0.1466,0.375,False,lightgbm-v1
2025-02-10T18:00:00Z,2025-02-11T00:00:00+06:00,2025-02-12T23:00:00+06:00,2025-02-12T17:00:00Z,T1,47,2025-02-10T06:00:00Z,59,dayahead,0.062,0.1442,0.3726,False,lightgbm-v1
2025-02-10T18:00:00Z,2025-02-11T00:00:00+06:00,2025-02-11T00:00:00+06:00,2025-02-10T18:00:00Z,T2,0,2025-02-10T06:00:00Z,12,dayahead,0.0,0.2055,0.7195,False,lightgbm-v1
2025-02-10T18:00:00Z,2025-02-11T00:00:00+06:00,2025-02-11T01:00:00+06:00,2025-02-10T19:00:00Z,T2,1,2025-02-10T06:00:00Z,13,dayahead,0.0681,0.3314,0.8454,False,lightgbm-v1
2025-02-10T18:00:00Z,2025-02-11T00:00:00+06:00,2025-02-11T02:00:00+06:00,2025-02-10T20:00:00Z,T2,2,2025-02-10T06:00:00Z,14,dayahead,0.0574,0.3207,0.8347,False,lightgbm-v1
2025-02-10T18:00:00Z,2025-02-11T00:00:00+06:00,2025-02-11T03:00:00+06:00,2025-02-10T21:00:00Z,T2,3,2025-02-10T06:00:00Z,15,dayahead,0.1952,0.4586,0.9726,False,lightgbm-v1
2025-02-10T18:00:00Z,2025-02-11T00:00:00+06:00,2025-02-11T04:00:00+06:00,2025-02-10T22:00:00Z,T2,4,2025-02-10T06:00:00Z,16,dayahead,0.1064,0.6041,0.9028,False,lightgbm-v1
2025-02-10T18:00:00Z,2025-02-11T00:00:00+06:00,2025-02-11T05:00:00+06:00,2025-02-10T23:00:00Z,T2,5,2025-02-10T06:00:00Z,17,dayahead,0.113,0.6107,0.9093,False,lightgbm-v1
2025-02-10T18:00:00Z,2025-02-11T00:00:00+06:00,2025-02-11T06:00:00+06:00,2025-02-11T00:00:00Z,T2,6,2025-02-10T06:00:00Z,18,dayahead,0.1543,0.652,0.9507,False,lightgbm-v1
2025-02-10T18:00:00Z,2025-02-11T00:00:00+06:00,2025-02-11T07:00:00+06:00,2025-02-11T01:00:00Z,T2,7,2025-02-10T06:00:00Z,19,dayahead,0.233,0.7306,1.0,False,lightgbm-v1
2025-02-10T18:00:00Z,2025-02-11T00:00:00+06:00,2025-02-11T08:00:00+06:00,2025-02-11T02:00:00Z,T2,8,2025-02-10T06:00:00Z,20,dayahead,0.2686,0.7663,1.0,False,lightgbm-v1
2025-02-10T18:00:00Z,2025-02-11T00:00:00+06:00,2025-02-11T09:00:00+06:00,2025-02-11T03:00:00Z,T2,9,2025-02-10T06:00:00Z,21,dayahead,0.2177,0.7153,1.0,False,lightgbm-v1
2025-02-10T18:00:00Z,2025-02-11T00:00:00+06:00,2025-02-11T10:00:00+06:00,2025-02-11T04:00:00Z,T2,10,2025-02-10T06:00:00Z,22,dayahead,0.2707,0.7684,1.0,False,lightgbm-v1
2025-02-10T18:00:00Z,2025-02-11T00:00:00+06:00,2025-02-11T11:00:00+06:00,2025-02-11T05:00:00Z,T2,11,2025-02-10T06:00:00Z,23,dayahead,0.3304,0.8281,1.0,False,lightgbm-v1
2025-02-10T18:00:00Z,2025-02-11T00:00:00+06:00,2025-02-11T12:00:00+06:00,2025-02-11T06:00:00Z,T2,12,2025-02-10T06:00:00Z,24,dayahead,0.5537,0.9121,0.9971,False,lightgbm-v1
2025-02-10T18:00:00Z,2025-02-11T00:00:00+06:00,2025-02-11T13:00:00+06:00,2025-02-11T07:00:00Z,T2,13,2025-02-10T06:00:00Z,25,dayahead,0.575,0.9335,1.0,False,lightgbm-v1
2025-02-10T18:00:00Z,2025-02-11T00:00:00+06:00,2025-02-11T14:00:00+06:00,2025-02-11T08:00:00Z,T2,14,2025-02-10T06:00:00Z,26,dayahead,0.5718,0.9303,1.0,False,lightgbm-v1
2025-02-10T18:00:00Z,2025-02-11T00:00:00+06:00,2025-02-11T15:00:00+06:00,2025-02-11T09:00:00Z,T2,15,2025-02-10T06:00:00Z,27,dayahead,0.5531,0.9116,0.9966,False,lightgbm-v1
2025-02-10T18:00:00Z,2025-02-11T00:00:00+06:00,2025-02-11T16:00:00+06:00,2025-02-11T10:00:00Z,T2,16,2025-02-10T06:00:00Z,28,dayahead,0.5383,0.8968,0.9818,False,lightgbm-v1
2025-02-10T18:00:00Z,2025-02-11T00:00:00+06:00,2025-02-11T17:00:00+06:00,2025-02-11T11:00:00Z,T2,17,2025-02-10T06:00:00Z,29,dayahead,0.5364,0.8949,0.9799,False,lightgbm-v1
2025-02-10T18:00:00Z,2025-02-11T00:00:00+06:00,2025-02-11T18:00:00+06:00,2025-02-11T12:00:00Z,T2,18,2025-02-10T06:00:00Z,30,dayahead,0.5044,0.8628,0.9478,False,lightgbm-v1
2025-02-10T18:00:00Z,2025-02-11T00:00:00+06:00,2025-02-11T19:00:00+06:00,2025-02-11T13:00:00Z,T2,19,2025-02-10T06:00:00Z,31,dayahead,0.3026,0.8003,1.0,False,lightgbm-v1
2025-02-10T18:00:00Z,2025-02-11T00:00:00+06:00,2025-02-11T20:00:00+06:00,2025-02-11T14:00:00Z,T2,20,2025-02-10T06:00:00Z,32,dayahead,0.2417,0.7394,1.0,False,lightgbm-v1
2025-02-10T18:00:00Z,2025-02-11T00:00:00+06:00,2025-02-11T21:00:00+06:00,2025-02-11T15:00:00Z,T2,21,2025-02-10T06:00:00Z,33,dayahead,0.244,0.7417,1.0,False,lightgbm-v1
2025-02-10T18:00:00Z,2025-02-11T00:00:00+06:00,2025-02-11T22:00:00+06:00,2025-02-11T16:00:00Z,T2,22,2025-02-10T06:00:00Z,34,dayahead,0.2735,0.7712,1.0,False,lightgbm-v1
2025-02-10T18:00:00Z,2025-02-11T00:00:00+06:00,2025-02-11T23:00:00+06:00,2025-02-11T17:00:00Z,T2,23,2025-02-10T06:00:00Z,35,dayahead,0.1676,0.6652,0.9639,False,lightgbm-v1
2025-02-10T18:00:00Z,2025-02-11T00:00:00+06:00,2025-02-12T00:00:00+06:00,2025-02-11T18:00:00Z,T2,24,2025-02-10T06:00:00Z,36,dayahead,0.1475,0.4108,0.9248,False,lightgbm-v1
2025-02-10T18:00:00Z,2025-02-11T00:00:00+06:00,2025-02-12T01:00:00+06:00,2025-02-11T19:00:00Z,T2,25,2025-02-10T06:00:00Z,37,dayahead,0.0,0.047,0.2754,False,lightgbm-v1
2025-02-10T18:00:00Z,2025-02-11T00:00:00+06:00,2025-02-12T02:00:00+06:00,2025-02-11T20:00:00Z,T2,26,2025-02-10T06:00:00Z,38,dayahead,0.0189,0.2823,0.7963,False,lightgbm-v1
2025-02-10T18:00:00Z,2025-02-11T00:00:00+06:00,2025-02-12T03:00:00+06:00,2025-02-11T21:00:00Z,T2,27,2025-02-10T06:00:00Z,39,dayahead,0.1,0.3634,0.8773,False,lightgbm-v1
2025-02-10T18:00:00Z,2025-02-11T00:00:00+06:00,2025-02-12T04:00:00+06:00,2025-02-11T22:00:00Z,T2,28,2025-02-10T06:00:00Z,40,dayahead,0.1626,0.426,0.94,False,lightgbm-v1
2025-02-10T18:00:00Z,2025-02-11T00:00:00+06:00,2025-02-12T05:00:00+06:00,2025-02-11T23:00:00Z,T2,29,2025-02-10T06:00:00Z,41,dayahead,0.1507,0.4141,0.9281,False,lightgbm-v1
2025-02-10T18:00:00Z,2025-02-11T00:00:00+06:00,2025-02-12T06:00:00+06:00,2025-02-12T00:00:00Z,T2,30,2025-02-10T06:00:00Z,42,dayahead,0.1523,0.4156,0.9296,False,lightgbm-v1
2025-02-10T18:00:00Z,2025-02-11T00:00:00+06:00,2025-02-12T07:00:00+06:00,2025-02-12T01:00:00Z,T2,31,2025-02-10T06:00:00Z,43,dayahead,0.1311,0.3944,0.9084,False,lightgbm-v1
2025-02-10T18:00:00Z,2025-02-11T00:00:00+06:00,2025-02-12T08:00:00+06:00,2025-02-12T02:00:00Z,T2,32,2025-02-10T06:00:00Z,44,dayahead,0.1293,0.3927,0.9067,False,lightgbm-v1
2025-02-10T18:00:00Z,2025-02-11T00:00:00+06:00,2025-02-12T09:00:00+06:00,2025-02-12T03:00:00Z,T2,33,2025-02-10T06:00:00Z,45,dayahead,0.0651,0.3284,0.8424,False,lightgbm-v1
2025-02-10T18:00:00Z,2025-02-11T00:00:00+06:00,2025-02-12T10:00:00+06:00,2025-02-12T04:00:00Z,T2,34,2025-02-10T06:00:00Z,46,dayahead,0.0,0.2453,0.7593,False,lightgbm-v1
2025-02-10T18:00:00Z,2025-02-11T00:00:00+06:00,2025-02-12T11:00:00+06:00,2025-02-12T05:00:00Z,T2,35,2025-02-10T06:00:00Z,47,dayahead,0.0293,0.2926,0.8066,False,lightgbm-v1
2025-02-10T18:00:00Z,2025-02-11T00:00:00+06:00,2025-02-12T12:00:00+06:00,2025-02-12T06:00:00Z,T2,36,2025-02-10T06:00:00Z,48,dayahead,0.0473,0.3106,0.8246,False,lightgbm-v1
2025-02-10T18:00:00Z,2025-02-11T00:00:00+06:00,2025-02-12T13:00:00+06:00,2025-02-12T07:00:00Z,T2,37,2025-02-10T06:00:00Z,49,dayahead,0.0294,0.2927,0.8067,False,lightgbm-v1
2025-02-10T18:00:00Z,2025-02-11T00:00:00+06:00,2025-02-12T14:00:00+06:00,2025-02-12T08:00:00Z,T2,38,2025-02-10T06:00:00Z,50,dayahead,0.0563,0.3197,0.8337,False,lightgbm-v1
2025-02-10T18:00:00Z,2025-02-11T00:00:00+06:00,2025-02-12T15:00:00+06:00,2025-02-12T09:00:00Z,T2,39,2025-02-10T06:00:00Z,51,dayahead,0.1573,0.4206,0.9346,False,lightgbm-v1
2025-02-10T18:00:00Z,2025-02-11T00:00:00+06:00,2025-02-12T16:00:00+06:00,2025-02-12T10:00:00Z,T2,40,2025-02-10T06:00:00Z,52,dayahead,0.0394,0.5371,0.8357,False,lightgbm-v1
2025-02-10T18:00:00Z,2025-02-11T00:00:00+06:00,2025-02-12T17:00:00+06:00,2025-02-12T11:00:00Z,T2,41,2025-02-10T06:00:00Z,53,dayahead,0.0624,0.5601,0.8587,False,lightgbm-v1
2025-02-10T18:00:00Z,2025-02-11T00:00:00+06:00,2025-02-12T18:00:00+06:00,2025-02-12T12:00:00Z,T2,42,2025-02-10T06:00:00Z,54,dayahead,0.2346,0.498,1.0,False,lightgbm-v1
2025-02-10T18:00:00Z,2025-02-11T00:00:00+06:00,2025-02-12T19:00:00+06:00,2025-02-12T13:00:00Z,T2,43,2025-02-10T06:00:00Z,55,dayahead,0.0725,0.3358,0.8498,False,lightgbm-v1
2025-02-10T18:00:00Z,2025-02-11T00:00:00+06:00,2025-02-12T20:00:00+06:00,2025-02-12T14:00:00Z,T2,44,2025-02-10T06:00:00Z,56,dayahead,0.0,0.2337,0.7477,False,lightgbm-v1
2025-02-10T18:00:00Z,2025-02-11T00:00:00+06:00,2025-02-12T21:00:00+06:00,2025-02-12T15:00:00Z,T2,45,2025-02-10T06:00:00Z,57,dayahead,0.0,0.1962,0.7102,False,lightgbm-v1
2025-02-10T18:00:00Z,2025-02-11T00:00:00+06:00,2025-02-12T22:00:00+06:00,2025-02-12T16:00:00Z,T2,46,2025-02-10T06:00:00Z,58,dayahead,0.0633,0.1456,0.374,False,lightgbm-v1
2025-02-10T18:00:00Z,2025-02-11T00:00:00+06:00,2025-02-12T23:00:00+06:00,2025-02-12T17:00:00Z,T2,47,2025-02-10T06:00:00Z,59,dayahead,0.0613,0.1436,0.372,False,lightgbm-v1
2025-02-11T18:00:00Z,2025-02-12T00:00:00+06:00,2025-02-12T00:00:00+06:00,2025-02-11T18:00:00Z,T1,0,2025-02-11T06:00:00Z,12,dayahead,0.024,0.5217,0.8204,False,lightgbm-v1
2025-02-11T18:00:00Z,2025-02-12T00:00:00+06:00,2025-02-12T01:00:00+06:00,2025-02-11T19:00:00Z,T1,1,2025-02-11T06:00:00Z,13,dayahead,0.0,0.081,0.3094,False,lightgbm-v1
2025-02-11T18:00:00Z,2025-02-12T00:00:00+06:00,2025-02-12T02:00:00+06:00,2025-02-11T20:00:00Z,T1,2,2025-02-11T06:00:00Z,14,dayahead,0.0,0.1988,0.7128,False,lightgbm-v1
2025-02-11T18:00:00Z,2025-02-12T00:00:00+06:00,2025-02-12T03:00:00+06:00,2025-02-11T21:00:00Z,T1,3,2025-02-11T06:00:00Z,15,dayahead,0.1418,0.4051,0.9191,False,lightgbm-v1
2025-02-11T18:00:00Z,2025-02-12T00:00:00+06:00,2025-02-12T04:00:00+06:00,2025-02-11T22:00:00Z,T1,4,2025-02-11T06:00:00Z,16,dayahead,0.2213,0.4847,0.9987,False,lightgbm-v1
2025-02-11T18:00:00Z,2025-02-12T00:00:00+06:00,2025-02-12T05:00:00+06:00,2025-02-11T23:00:00Z,T1,5,2025-02-11T06:00:00Z,17,dayahead,0.1681,0.4315,0.9455,False,lightgbm-v1
2025-02-11T18:00:00Z,2025-02-12T00:00:00+06:00,2025-02-12T06:00:00+06:00,2025-02-12T00:00:00Z,T1,6,2025-02-11T06:00:00Z,18,dayahead,0.1669,0.4302,0.9442,False,lightgbm-v1
2025-02-11T18:00:00Z,2025-02-12T00:00:00+06:00,2025-02-12T07:00:00+06:00,2025-02-12T01:00:00Z,T1,7,2025-02-11T06:00:00Z,19,dayahead,0.1473,0.4107,0.9247,False,lightgbm-v1
2025-02-11T18:00:00Z,2025-02-12T00:00:00+06:00,2025-02-12T08:00:00+06:00,2025-02-12T02:00:00Z,T1,8,2025-02-11T06:00:00Z,20,dayahead,0.1182,0.3816,0.8956,False,lightgbm-v1
2025-02-11T18:00:00Z,2025-02-12T00:00:00+06:00,2025-02-12T09:00:00+06:00,2025-02-12T03:00:00Z,T1,9,2025-02-11T06:00:00Z,21,dayahead,0.0456,0.3089,0.8229,False,lightgbm-v1
2025-02-11T18:00:00Z,2025-02-12T00:00:00+06:00,2025-02-12T10:00:00+06:00,2025-02-12T04:00:00Z,T1,10,2025-02-11T06:00:00Z,22,dayahead,0.0,0.2153,0.7293,False,lightgbm-v1
2025-02-11T18:00:00Z,2025-02-12T00:00:00+06:00,2025-02-12T11:00:00+06:00,2025-02-12T05:00:00Z,T1,11,2025-02-11T06:00:00Z,23,dayahead,0.0024,0.2658,0.7797,False,lightgbm-v1
2025-02-11T18:00:00Z,2025-02-12T00:00:00+06:00,2025-02-12T12:00:00+06:00,2025-02-12T06:00:00Z,T1,12,2025-02-11T06:00:00Z,24,dayahead,0.1332,0.3966,0.9106,False,lightgbm-v1
2025-02-11T18:00:00Z,2025-02-12T00:00:00+06:00,2025-02-12T13:00:00+06:00,2025-02-12T07:00:00Z,T1,13,2025-02-11T06:00:00Z,25,dayahead,0.1758,0.4391,0.9531,False,lightgbm-v1
2025-02-11T18:00:00Z,2025-02-12T00:00:00+06:00,2025-02-12T14:00:00+06:00,2025-02-12T08:00:00Z,T1,14,2025-02-11T06:00:00Z,26,dayahead,0.178,0.4414,0.9553,False,lightgbm-v1
2025-02-11T18:00:00Z,2025-02-12T00:00:00+06:00,2025-02-12T15:00:00+06:00,2025-02-12T09:00:00Z,T1,15,2025-02-11T06:00:00Z,27,dayahead,0.2074,0.4707,0.9847,False,lightgbm-v1
2025-02-11T18:00:00Z,2025-02-12T00:00:00+06:00,2025-02-12T16:00:00+06:00,2025-02-12T10:00:00Z,T1,16,2025-02-11T06:00:00Z,28,dayahead,0.0792,0.5768,0.8755,False,lightgbm-v1
2025-02-11T18:00:00Z,2025-02-12T00:00:00+06:00,2025-02-12T17:00:00+06:00,2025-02-12T11:00:00Z,T1,17,2025-02-11T06:00:00Z,29,dayahead,0.1007,0.5984,0.897,False,lightgbm-v1
2025-02-11T18:00:00Z,2025-02-12T00:00:00+06:00,2025-02-12T18:00:00+06:00,2025-02-12T12:00:00Z,T1,18,2025-02-11T06:00:00Z,30,dayahead,0.1863,0.684,0.9827,False,lightgbm-v1
2025-02-11T18:00:00Z,2025-02-12T00:00:00+06:00,2025-02-12T19:00:00+06:00,2025-02-12T13:00:00Z,T1,19,2025-02-11T06:00:00Z,31,dayahead,0.0336,0.5313,0.8299,False,lightgbm-v1
2025-02-11T18:00:00Z,2025-02-12T00:00:00+06:00,2025-02-12T20:00:00+06:00,2025-02-12T14:00:00Z,T1,20,2025-02-11T06:00:00Z,32,dayahead,0.07,0.3333,0.8473,False,lightgbm-v1
2025-02-11T18:00:00Z,2025-02-12T00:00:00+06:00,2025-02-12T21:00:00+06:00,2025-02-12T15:00:00Z,T1,21,2025-02-11T06:00:00Z,33,dayahead,0.0,0.2128,0.7268,False,lightgbm-v1
2025-02-11T18:00:00Z,2025-02-12T00:00:00+06:00,2025-02-12T22:00:00+06:00,2025-02-12T16:00:00Z,T1,22,2025-02-11T06:00:00Z,34,dayahead,0.0,0.1929,0.7069,False,lightgbm-v1
2025-02-11T18:00:00Z,2025-02-12T00:00:00+06:00,2025-02-12T23:00:00+06:00,2025-02-12T17:00:00Z,T1,23,2025-02-11T06:00:00Z,35,dayahead,0.0,0.1693,0.6833,False,lightgbm-v1
2025-02-11T18:00:00Z,2025-02-12T00:00:00+06:00,2025-02-13T00:00:00+06:00,2025-02-12T18:00:00Z,T1,24,2025-02-11T06:00:00Z,36,dayahead,0.0475,0.1298,0.3582,False,lightgbm-v1
2025-02-11T18:00:00Z,2025-02-12T00:00:00+06:00,2025-02-13T01:00:00+06:00,2025-02-12T19:00:00Z,T1,25,2025-02-11T06:00:00Z,37,dayahead,0.0164,0.0987,0.3271,False,lightgbm-v1
2025-02-11T18:00:00Z,2025-02-12T00:00:00+06:00,2025-02-13T02:00:00+06:00,2025-02-12T20:00:00Z,T1,26,2025-02-11T06:00:00Z,38,dayahead,0.0076,0.0898,0.3182,False,lightgbm-v1
2025-02-11T18:00:00Z,2025-02-12T00:00:00+06:00,2025-02-13T03:00:00+06:00,2025-02-12T21:00:00Z,T1,27,2025-02-11T06:00:00Z,39,dayahead,0.0216,0.1039,0.3323,False,lightgbm-v1
2025-02-11T18:00:00Z,2025-02-12T00:00:00+06:00,2025-02-13T04:00:00+06:00,2025-02-12T22:00:00Z,T1,28,2025-02-11T06:00:00Z,40,dayahead,0.018,0.1003,0.3287,False,lightgbm-v1
2025-02-11T18:00:00Z,2025-02-12T00:00:00+06:00,2025-02-13T05:00:00+06:00,2025-02-12T23:00:00Z,T1,29,2025-02-11T06:00:00Z,41,dayahead,0.0109,0.0932,0.3216,False,lightgbm-v1
2025-02-11T18:00:00Z,2025-02-12T00:00:00+06:00,2025-02-13T06:00:00+06:00,2025-02-13T00:00:00Z,T1,30,2025-02-11T06:00:00Z,42,dayahead,0.0,0.0689,0.2973,False,lightgbm-v1
2025-02-11T18:00:00Z,2025-02-12T00:00:00+06:00,2025-02-13T07:00:00+06:00,2025-02-13T01:00:00Z,T1,31,2025-02-11T06:00:00Z,43,dayahead,0.0,0.0448,0.2732,False,lightgbm-v1
2025-02-11T18:00:00Z,2025-02-12T00:00:00+06:00,2025-02-13T08:00:00+06:00,2025-02-13T02:00:00Z,T1,32,2025-02-11T06:00:00Z,44,dayahead,0.0,0.0237,0.2521,False,lightgbm-v1
2025-02-11T18:00:00Z,2025-02-12T00:00:00+06:00,2025-02-13T09:00:00+06:00,2025-02-13T03:00:00Z,T1,33,2025-02-11T06:00:00Z,45,dayahead,0.0,0.0139,0.2423,False,lightgbm-v1
2025-02-11T18:00:00Z,2025-02-12T00:00:00+06:00,2025-02-13T10:00:00+06:00,2025-02-13T04:00:00Z,T1,34,2025-02-11T06:00:00Z,46,dayahead,0.0,0.01,0.2384,False,lightgbm-v1
2025-02-11T18:00:00Z,2025-02-12T00:00:00+06:00,2025-02-13T11:00:00+06:00,2025-02-13T05:00:00Z,T1,35,2025-02-11T06:00:00Z,47,dayahead,0.0,0.0141,0.2425,False,lightgbm-v1
2025-02-11T18:00:00Z,2025-02-12T00:00:00+06:00,2025-02-13T12:00:00+06:00,2025-02-13T06:00:00Z,T1,36,2025-02-11T06:00:00Z,48,dayahead,0.0,0.0222,0.2506,False,lightgbm-v1
2025-02-11T18:00:00Z,2025-02-12T00:00:00+06:00,2025-02-13T13:00:00+06:00,2025-02-13T07:00:00Z,T1,37,2025-02-11T06:00:00Z,49,dayahead,0.0,0.0433,0.2717,False,lightgbm-v1
2025-02-11T18:00:00Z,2025-02-12T00:00:00+06:00,2025-02-13T14:00:00+06:00,2025-02-13T08:00:00Z,T1,38,2025-02-11T06:00:00Z,50,dayahead,0.0,0.0653,0.2937,False,lightgbm-v1
2025-02-11T18:00:00Z,2025-02-12T00:00:00+06:00,2025-02-13T15:00:00+06:00,2025-02-13T09:00:00Z,T1,39,2025-02-11T06:00:00Z,51,dayahead,0.0239,0.1062,0.3346,False,lightgbm-v1
2025-02-11T18:00:00Z,2025-02-12T00:00:00+06:00,2025-02-13T16:00:00+06:00,2025-02-13T10:00:00Z,T1,40,2025-02-11T06:00:00Z,52,dayahead,0.0,0.1539,0.6679,False,lightgbm-v1
2025-02-11T18:00:00Z,2025-02-12T00:00:00+06:00,2025-02-13T17:00:00+06:00,2025-02-13T11:00:00Z,T1,41,2025-02-11T06:00:00Z,53,dayahead,0.0,0.2224,0.7364,False,lightgbm-v1
2025-02-11T18:00:00Z,2025-02-12T00:00:00+06:00,2025-02-13T18:00:00+06:00,2025-02-13T12:00:00Z,T1,42,2025-02-11T06:00:00Z,54,dayahead,0.0367,0.3001,0.8141,False,lightgbm-v1
2025-02-11T18:00:00Z,2025-02-12T00:00:00+06:00,2025-02-13T19:00:00+06:00,2025-02-13T13:00:00Z,T1,43,2025-02-11T06:00:00Z,55,dayahead,0.0282,0.2915,0.8055,False,lightgbm-v1
2025-02-11T18:00:00Z,2025-02-12T00:00:00+06:00,2025-02-13T20:00:00+06:00,2025-02-13T14:00:00Z,T1,44,2025-02-11T06:00:00Z,56,dayahead,0.0039,0.2672,0.7812,False,lightgbm-v1
2025-02-11T18:00:00Z,2025-02-12T00:00:00+06:00,2025-02-13T21:00:00+06:00,2025-02-13T15:00:00Z,T1,45,2025-02-11T06:00:00Z,57,dayahead,0.1026,0.3659,0.8799,False,lightgbm-v1
2025-02-11T18:00:00Z,2025-02-12T00:00:00+06:00,2025-02-13T22:00:00+06:00,2025-02-13T16:00:00Z,T1,46,2025-02-11T06:00:00Z,58,dayahead,0.0051,0.5028,0.8014,False,lightgbm-v1
2025-02-11T18:00:00Z,2025-02-12T00:00:00+06:00,2025-02-13T23:00:00+06:00,2025-02-13T17:00:00Z,T1,47,2025-02-11T06:00:00Z,59,dayahead,0.0064,0.5041,0.8028,False,lightgbm-v1
2025-02-11T18:00:00Z,2025-02-12T00:00:00+06:00,2025-02-12T00:00:00+06:00,2025-02-11T18:00:00Z,T2,0,2025-02-11T06:00:00Z,12,dayahead,0.0251,0.5228,0.8214,False,lightgbm-v1
2025-02-11T18:00:00Z,2025-02-12T00:00:00+06:00,2025-02-12T01:00:00+06:00,2025-02-11T19:00:00Z,T2,1,2025-02-11T06:00:00Z,13,dayahead,0.0,0.0808,0.3092,False,lightgbm-v1
2025-02-11T18:00:00Z,2025-02-12T00:00:00+06:00,2025-02-12T02:00:00+06:00,2025-02-11T20:00:00Z,T2,2,2025-02-11T06:00:00Z,14,dayahead,0.0,0.1967,0.7107,False,lightgbm-v1
2025-02-11T18:00:00Z,2025-02-12T00:00:00+06:00,2025-02-12T03:00:00+06:00,2025-02-11T21:00:00Z,T2,3,2025-02-11T06:00:00Z,15,dayahead,0.1393,0.4027,0.9166,False,lightgbm-v1
2025-02-11T18:00:00Z,2025-02-12T00:00:00+06:00,2025-02-12T04:00:00+06:00,2025-02-11T22:00:00Z,T2,4,2025-02-11T06:00:00Z,16,dayahead,0.2199,0.4833,0.9973,False,lightgbm-v1
2025-02-11T18:00:00Z,2025-02-12T00:00:00+06:00,2025-02-12T05:00:00+06:00,2025-02-11T23:00:00Z,T2,5,2025-02-11T06:00:00Z,17,dayahead,0.1659,0.4292,0.9432,False,lightgbm-v1
2025-02-11T18:00:00Z,2025-02-12T00:00:00+06:00,2025-02-12T06:00:00+06:00,2025-02-12T00:00:00Z,T2,6,2025-02-11T06:00:00Z,18,dayahead,0.1641,0.4275,0.9415,False,lightgbm-v1
2025-02-11T18:00:00Z,2025-02-12T00:00:00+06:00,2025-02-12T07:00:00+06:00,2025-02-12T01:00:00Z,T2,7,2025-02-11T06:00:00Z,19,dayahead,0.1449,0.4082,0.9222,False,lightgbm-v1
2025-02-11T18:00:00Z,2025-02-12T00:00:00+06:00,2025-02-12T08:00:00+06:00,2025-02-12T02:00:00Z,T2,8,2025-02-11T06:00:00Z,20,dayahead,0.1158,0.3791,0.8931,False,lightgbm-v1
2025-02-11T18:00:00Z,2025-02-12T00:00:00+06:00,2025-02-12T09:00:00+06:00,2025-02-12T03:00:00Z,T2,9,2025-02-11T06:00:00Z,21,dayahead,0.0423,0.3056,0.8196,False,lightgbm-v1
2025-02-11T18:00:00Z,2025-02-12T00:00:00+06:00,2025-02-12T10:00:00+06:00,2025-02-12T04:00:00Z,T2,10,2025-02-11T06:00:00Z,22,dayahead,0.0,0.2144,0.7284,False,lightgbm-v1
2025-02-11T18:00:00Z,2025-02-12T00:00:00+06:00,2025-02-12T11:00:00+06:00,2025-02-12T05:00:00Z,T2,11,2025-02-11T06:00:00Z,23,dayahead,0.0019,0.2653,0.7793,False,lightgbm-v1
2025-02-11T18:00:00Z,2025-02-12T00:00:00+06:00,2025-02-12T12:00:00+06:00,2025-02-12T06:00:00Z,T2,12,2025-02-11T06:00:00Z,24,dayahead,0.1328,0.3962,0.9102,False,lightgbm-v1
2025-02-11T18:00:00Z,2025-02-12T00:00:00+06:00,2025-02-12T13:00:00+06:00,2025-02-12T07:00:00Z,T2,13,2025-02-11T06:00:00Z,25,dayahead,0.1742,0.4375,0.9515,False,lightgbm-v1
2025-02-11T18:00:00Z,2025-02-12T00:00:00+06:00,2025-02-12T14:00:00+06:00,2025-02-12T08:00:00Z,T2,14,2025-02-11T06:00:00Z,26,dayahead,0.1761,0.4395,0.9535,False,lightgbm-v1
2025-02-11T18:00:00Z,2025-02-12T00:00:00+06:00,2025-02-12T15:00:00+06:00,2025-02-12T09:00:00Z,T2,15,2025-02-11T06:00:00Z,27,dayahead,0.2068,0.4701,0.9841,False,lightgbm-v1
2025-02-11T18:00:00Z,2025-02-12T00:00:00+06:00,2025-02-12T16:00:00+06:00,2025-02-12T10:00:00Z,T2,16,2025-02-11T06:00:00Z,28,dayahead,0.0785,0.5762,0.8749,False,lightgbm-v1
2025-02-11T18:00:00Z,2025-02-12T00:00:00+06:00,2025-02-12T17:00:00+06:00,2025-02-12T11:00:00Z,T2,17,2025-02-11T06:00:00Z,29,dayahead,0.1005,0.5982,0.8969,False,lightgbm-v1
2025-02-11T18:00:00Z,2025-02-12T00:00:00+06:00,2025-02-12T18:00:00+06:00,2025-02-12T12:00:00Z,T2,18,2025-02-11T06:00:00Z,30,dayahead,0.1842,0.6819,0.9806,False,lightgbm-v1
2025-02-11T18:00:00Z,2025-02-12T00:00:00+06:00,2025-02-12T19:00:00+06:00,2025-02-12T13:00:00Z,T2,19,2025-02-11T06:00:00Z,31,dayahead,0.0343,0.532,0.8307,False,lightgbm-v1
2025-02-11T18:00:00Z,2025-02-12T00:00:00+06:00,2025-02-12T20:00:00+06:00,2025-02-12T14:00:00Z,T2,20,2025-02-11T06:00:00Z,32,dayahead,0.0697,0.3331,0.8471,False,lightgbm-v1
2025-02-11T18:00:00Z,2025-02-12T00:00:00+06:00,2025-02-12T21:00:00+06:00,2025-02-12T15:00:00Z,T2,21,2025-02-11T06:00:00Z,33,dayahead,0.0,0.2127,0.7266,False,lightgbm-v1
2025-02-11T18:00:00Z,2025-02-12T00:00:00+06:00,2025-02-12T22:00:00+06:00,2025-02-12T16:00:00Z,T2,22,2025-02-11T06:00:00Z,34,dayahead,0.0,0.1923,0.7063,False,lightgbm-v1
2025-02-11T18:00:00Z,2025-02-12T00:00:00+06:00,2025-02-12T23:00:00+06:00,2025-02-12T17:00:00Z,T2,23,2025-02-11T06:00:00Z,35,dayahead,0.0,0.1679,0.6819,False,lightgbm-v1
2025-02-11T18:00:00Z,2025-02-12T00:00:00+06:00,2025-02-13T00:00:00+06:00,2025-02-12T18:00:00Z,T2,24,2025-02-11T06:00:00Z,36,dayahead,0.0464,0.1286,0.357,False,lightgbm-v1
2025-02-11T18:00:00Z,2025-02-12T00:00:00+06:00,2025-02-13T01:00:00+06:00,2025-02-12T19:00:00Z,T2,25,2025-02-11T06:00:00Z,37,dayahead,0.0147,0.097,0.3254,False,lightgbm-v1
2025-02-11T18:00:00Z,2025-02-12T00:00:00+06:00,2025-02-13T02:00:00+06:00,2025-02-12T20:00:00Z,T2,26,2025-02-11T06:00:00Z,38,dayahead,0.0066,0.0888,0.3172,False,lightgbm-v1
2025-02-11T18:00:00Z,2025-02-12T00:00:00+06:00,2025-02-13T03:00:00+06:00,2025-02-12T21:00:00Z,T2,27,2025-02-11T06:00:00Z,39,dayahead,0.0206,0.1029,0.3313,False,lightgbm-v1
2025-02-11T18:00:00Z,2025-02-12T00:00:00+06:00,2025-02-13T04:00:00+06:00,2025-02-12T22:00:00Z,T2,28,2025-02-11T06:00:00Z,40,dayahead,0.017,0.0993,0.3277,False,lightgbm-v1
2025-02-11T18:00:00Z,2025-02-12T00:00:00+06:00,2025-02-13T05:00:00+06:00,2025-02-12T23:00:00Z,T2,29,2025-02-11T06:00:00Z,41,dayahead,0.0097,0.0919,0.3203,False,lightgbm-v1
2025-02-11T18:00:00Z,2025-02-12T00:00:00+06:00,2025-02-13T06:00:00+06:00,2025-02-13T00:00:00Z,T2,30,2025-02-11T06:00:00Z,42,dayahead,0.0,0.0675,0.2959,False,lightgbm-v1
2025-02-11T18:00:00Z,2025-02-12T00:00:00+06:00,2025-02-13T07:00:00+06:00,2025-02-13T01:00:00Z,T2,31,2025-02-11T06:00:00Z,43,dayahead,0.0,0.044,0.2724,False,lightgbm-v1
2025-02-11T18:00:00Z,2025-02-12T00:00:00+06:00,2025-02-13T08:00:00+06:00,2025-02-13T02:00:00Z,T2,32,2025-02-11T06:00:00Z,44,dayahead,0.0,0.0232,0.2516,False,lightgbm-v1
2025-02-11T18:00:00Z,2025-02-12T00:00:00+06:00,2025-02-13T09:00:00+06:00,2025-02-13T03:00:00Z,T2,33,2025-02-11T06:00:00Z,45,dayahead,0.0,0.0135,0.2419,False,lightgbm-v1
2025-02-11T18:00:00Z,2025-02-12T00:00:00+06:00,2025-02-13T10:00:00+06:00,2025-02-13T04:00:00Z,T2,34,2025-02-11T06:00:00Z,46,dayahead,0.0,0.0096,0.238,False,lightgbm-v1
2025-02-11T18:00:00Z,2025-02-12T00:00:00+06:00,2025-02-13T11:00:00+06:00,2025-02-13T05:00:00Z,T2,35,2025-02-11T06:00:00Z,47,dayahead,0.0,0.0137,0.2421,False,lightgbm-v1
2025-02-11T18:00:00Z,2025-02-12T00:00:00+06:00,2025-02-13T12:00:00+06:00,2025-02-13T06:00:00Z,T2,36,2025-02-11T06:00:00Z,48,dayahead,0.0,0.0218,0.2502,False,lightgbm-v1
2025-02-11T18:00:00Z,2025-02-12T00:00:00+06:00,2025-02-13T13:00:00+06:00,2025-02-13T07:00:00Z,T2,37,2025-02-11T06:00:00Z,49,dayahead,0.0,0.0431,0.2715,False,lightgbm-v1
2025-02-11T18:00:00Z,2025-02-12T00:00:00+06:00,2025-02-13T14:00:00+06:00,2025-02-13T08:00:00Z,T2,38,2025-02-11T06:00:00Z,50,dayahead,0.0,0.065,0.2934,False,lightgbm-v1
2025-02-11T18:00:00Z,2025-02-12T00:00:00+06:00,2025-02-13T15:00:00+06:00,2025-02-13T09:00:00Z,T2,39,2025-02-11T06:00:00Z,51,dayahead,0.0225,0.1048,0.3332,False,lightgbm-v1
2025-02-11T18:00:00Z,2025-02-12T00:00:00+06:00,2025-02-13T16:00:00+06:00,2025-02-13T10:00:00Z,T2,40,2025-02-11T06:00:00Z,52,dayahead,0.0,0.1524,0.6664,False,lightgbm-v1
2025-02-11T18:00:00Z,2025-02-12T00:00:00+06:00,2025-02-13T17:00:00+06:00,2025-02-13T11:00:00Z,T2,41,2025-02-11T06:00:00Z,53,dayahead,0.0,0.2219,0.7359,False,lightgbm-v1
2025-02-11T18:00:00Z,2025-02-12T00:00:00+06:00,2025-02-13T18:00:00+06:00,2025-02-13T12:00:00Z,T2,42,2025-02-11T06:00:00Z,54,dayahead,0.0353,0.2987,0.8127,False,lightgbm-v1
2025-02-11T18:00:00Z,2025-02-12T00:00:00+06:00,2025-02-13T19:00:00+06:00,2025-02-13T13:00:00Z,T2,43,2025-02-11T06:00:00Z,55,dayahead,0.0273,0.2906,0.8046,False,lightgbm-v1
2025-02-11T18:00:00Z,2025-02-12T00:00:00+06:00,2025-02-13T20:00:00+06:00,2025-02-13T14:00:00Z,T2,44,2025-02-11T06:00:00Z,56,dayahead,0.0,0.2634,0.7774,False,lightgbm-v1
2025-02-11T18:00:00Z,2025-02-12T00:00:00+06:00,2025-02-13T21:00:00+06:00,2025-02-13T15:00:00Z,T2,45,2025-02-11T06:00:00Z,57,dayahead,0.0998,0.3632,0.8771,False,lightgbm-v1
2025-02-11T18:00:00Z,2025-02-12T00:00:00+06:00,2025-02-13T22:00:00+06:00,2025-02-13T16:00:00Z,T2,46,2025-02-11T06:00:00Z,58,dayahead,0.0035,0.5011,0.7998,False,lightgbm-v1
2025-02-11T18:00:00Z,2025-02-12T00:00:00+06:00,2025-02-13T23:00:00+06:00,2025-02-13T17:00:00Z,T2,47,2025-02-11T06:00:00Z,59,dayahead,0.0029,0.5006,0.7992,False,lightgbm-v1
2025-02-12T18:00:00Z,2025-02-13T00:00:00+06:00,2025-02-13T00:00:00+06:00,2025-02-12T18:00:00Z,T1,0,2025-02-12T06:00:00Z,12,dayahead,0.0,0.1819,0.6959,False,lightgbm-v1
2025-02-12T18:00:00Z,2025-02-13T00:00:00+06:00,2025-02-13T01:00:00+06:00,2025-02-12T19:00:00Z,T1,1,2025-02-12T06:00:00Z,13,dayahead,0.0,0.1856,0.6996,False,lightgbm-v1
2025-02-12T18:00:00Z,2025-02-13T00:00:00+06:00,2025-02-13T02:00:00+06:00,2025-02-12T20:00:00Z,T1,2,2025-02-12T06:00:00Z,14,dayahead,0.0,0.1911,0.7051,False,lightgbm-v1
2025-02-12T18:00:00Z,2025-02-13T00:00:00+06:00,2025-02-13T03:00:00+06:00,2025-02-12T21:00:00Z,T1,3,2025-02-12T06:00:00Z,15,dayahead,0.0,0.2072,0.7212,False,lightgbm-v1
2025-02-12T18:00:00Z,2025-02-13T00:00:00+06:00,2025-02-13T04:00:00+06:00,2025-02-12T22:00:00Z,T1,4,2025-02-12T06:00:00Z,16,dayahead,0.0,0.1945,0.7085,False,lightgbm-v1
2025-02-12T18:00:00Z,2025-02-13T00:00:00+06:00,2025-02-13T05:00:00+06:00,2025-02-12T23:00:00Z,T1,5,2025-02-12T06:00:00Z,17,dayahead,0.0,0.1818,0.6958,False,lightgbm-v1
2025-02-12T18:00:00Z,2025-02-13T00:00:00+06:00,2025-02-13T06:00:00+06:00,2025-02-13T00:00:00Z,T1,6,2025-02-12T06:00:00Z,18,dayahead,0.0592,0.1415,0.3699,False,lightgbm-v1
2025-02-12T18:00:00Z,2025-02-13T00:00:00+06:00,2025-02-13T07:00:00+06:00,2025-02-13T01:00:00Z,T1,7,2025-02-12T06:00:00Z,19,dayahead,0.0,0.0745,0.3029,False,lightgbm-v1
2025-02-12T18:00:00Z,2025-02-13T00:00:00+06:00,2025-02-13T08:00:00+06:00,2025-02-13T02:00:00Z,T1,8,2025-02-12T06:00:00Z,20,dayahead,0.0,0.0344,0.2628,False,lightgbm-v1
2025-02-12T18:00:00Z,2025-02-13T00:00:00+06:00,2025-02-13T09:00:00+06:00,2025-02-13T03:00:00Z,T1,9,2025-02-12T06:00:00Z,21,dayahead,0.0,0.0155,0.2439,False,lightgbm-v1
2025-02-12T18:00:00Z,2025-02-13T00:00:00+06:00,2025-02-13T10:00:00+06:00,2025-02-13T04:00:00Z,T1,10,2025-02-12T06:00:00Z,22,dayahead,0.0,0.0153,0.2437,False,lightgbm-v1
2025-02-12T18:00:00Z,2025-02-13T00:00:00+06:00,2025-02-13T11:00:00+06:00,2025-02-13T05:00:00Z,T1,11,2025-02-12T06:00:00Z,23,dayahead,0.0,0.0209,0.2493,False,lightgbm-v1
2025-02-12T18:00:00Z,2025-02-13T00:00:00+06:00,2025-02-13T12:00:00+06:00,2025-02-13T06:00:00Z,T1,12,2025-02-12T06:00:00Z,24,dayahead,0.0,0.0334,0.2617,False,lightgbm-v1
2025-02-12T18:00:00Z,2025-02-13T00:00:00+06:00,2025-02-13T13:00:00+06:00,2025-02-13T07:00:00Z,T1,13,2025-02-12T06:00:00Z,25,dayahead,0.0,0.0635,0.2919,False,lightgbm-v1
2025-02-12T18:00:00Z,2025-02-13T00:00:00+06:00,2025-02-13T14:00:00+06:00,2025-02-13T08:00:00Z,T1,14,2025-02-12T06:00:00Z,26,dayahead,0.0039,0.0861,0.3145,False,lightgbm-v1
2025-02-12T18:00:00Z,2025-02-13T00:00:00+06:00,2025-02-13T15:00:00+06:00,2025-02-13T09:00:00Z,T1,15,2025-02-12T06:00:00Z,27,dayahead,0.0183,0.1006,0.329,False,lightgbm-v1
2025-02-12T18:00:00Z,2025-02-13T00:00:00+06:00,2025-02-13T16:00:00+06:00,2025-02-13T10:00:00Z,T1,16,2025-02-12T06:00:00Z,28,dayahead,0.022,0.1042,0.3326,False,lightgbm-v1
2025-02-12T18:00:00Z,2025-02-13T00:00:00+06:00,2025-02-13T17:00:00+06:00,2025-02-13T11:00:00Z,T1,17,2025-02-12T06:00:00Z,29,dayahead,0.047,0.1293,0.3577,False,lightgbm-v1
2025-02-12T18:00:00Z,2025-02-13T00:00:00+06:00,2025-02-13T18:00:00+06:00,2025-02-13T12:00:00Z,T1,18,2025-02-12T06:00:00Z,30,dayahead,0.0,0.1525,0.6665,False,lightgbm-v1
2025-02-12T18:00:00Z,2025-02-13T00:00:00+06:00,2025-02-13T19:00:00+06:00,2025-02-13T13:00:00Z,T1,19,2025-02-12T06:00:00Z,31,dayahead,0.0426,0.1248,0.3532,False,lightgbm-v1
2025-02-12T18:00:00Z,2025-02-13T00:00:00+06:00,2025-02-13T20:00:00+06:00,2025-02-13T14:00:00Z,T1,20,2025-02-12T06:00:00Z,32,dayahead,0.0328,0.1151,0.3435,False,lightgbm-v1
2025-02-12T18:00:00Z,2025-02-13T00:00:00+06:00,2025-02-13T21:00:00+06:00,2025-02-13T15:00:00Z,T1,21,2025-02-12T06:00:00Z,33,dayahead,0.0,0.1797,0.6937,False,lightgbm-v1
2025-02-12T18:00:00Z,2025-02-13T00:00:00+06:00,2025-02-13T22:00:00+06:00,2025-02-13T16:00:00Z,T1,22,2025-02-12T06:00:00Z,34,dayahead,0.1353,0.3986,0.9126,False,lightgbm-v1
2025-02-12T18:00:00Z,2025-02-13T00:00:00+06:00,2025-02-13T23:00:00+06:00,2025-02-13T17:00:00Z,T1,23,2025-02-12T06:00:00Z,35,dayahead,0.1269,0.3902,0.9042,False,lightgbm-v1
2025-02-12T18:00:00Z,2025-02-13T00:00:00+06:00,2025-02-14T00:00:00+06:00,2025-02-13T18:00:00Z,T1,24,2025-02-12T06:00:00Z,36,dayahead,0.0052,0.2685,0.7825,False,lightgbm-v1
2025-02-12T18:00:00Z,2025-02-13T00:00:00+06:00,2025-02-14T01:00:00+06:00,2025-02-13T19:00:00Z,T1,25,2025-02-12T06:00:00Z,37,dayahead,0.051,0.3144,0.8284,False,lightgbm-v1
2025-02-12T18:00:00Z,2025-02-13T00:00:00+06:00,2025-02-14T02:00:00+06:00,2025-02-13T20:00:00Z,T1,26,2025-02-12T06:00:00Z,38,dayahead,0.0134,0.2768,0.7908,False,lightgbm-v1
2025-02-12T18:00:00Z,2025-02-13T00:00:00+06:00,2025-02-14T03:00:00+06:00,2025-02-13T21:00:00Z,T1,27,2025-02-12T06:00:00Z,39,dayahead,0.0,0.2039,0.7179,False,lightgbm-v1
2025-02-12T18:00:00Z,2025-02-13T00:00:00+06:00,2025-02-14T04:00:00+06:00,2025-02-13T22:00:00Z,T1,28,2025-02-12T06:00:00Z,40,dayahead,0.0618,0.1441,0.3725,False,lightgbm-v1
2025-02-12T18:00:00Z,2025-02-13T00:00:00+06:00,2025-02-14T05:00:00+06:00,2025-02-13T23:00:00Z,T1,29,2025-02-12T06:00:00Z,41,dayahead,0.0139,0.0961,0.3245,False,lightgbm-v1
2025-02-12T18:00:00Z,2025-02-13T00:00:00+06:00,2025-02-14T06:00:00+06:00,2025-02-14T00:00:00Z,T1,30,2025-02-12T06:00:00Z,42,dayahead,0.0113,0.0936,0.322,False,lightgbm-v1
2025-02-12T18:00:00Z,2025-02-13T00:00:00+06:00,2025-02-14T07:00:00+06:00,2025-02-14T01:00:00Z,T1,31,2025-02-12T06:00:00Z,43,dayahead,0.0309,0.1131,0.3415,False,lightgbm-v1
2025-02-12T18:00:00Z,2025-02-13T00:00:00+06:00,2025-02-14T08:00:00+06:00,2025-02-14T02:00:00Z,T1,32,2025-02-12T06:00:00Z,44,dayahead,0.0416,0.1239,0.3523,False,lightgbm-v1
2025-02-12T18:00:00Z,2025-02-13T00:00:00+06:00,2025-02-14T09:00:00+06:00,2025-02-14T03:00:00Z,T1,33,2025-02-12T06:00:00Z,45,dayahead,0.0,0.1564,0.6704,False,lightgbm-v1
2025-02-12T18:00:00Z,2025-02-13T00:00:00+06:00,2025-02-14T10:00:00+06:00,2025-02-14T04:00:00Z,T1,34,2025-02-12T06:00:00Z,46,dayahead,0.0,0.1846,0.6986,False,lightgbm-v1
2025-02-12T18:00:00Z,2025-02-13T00:00:00+06:00,2025-02-14T11:00:00+06:00,2025-02-14T05:00:00Z,T1,35,2025-02-12T06:00:00Z,47,dayahead,0.1533,0.4166,0.9306,False,lightgbm-v1
2025-02-12T18:00:00Z,2025-02-13T00:00:00+06:00,2025-02-14T12:00:00+06:00,2025-02-14T06:00:00Z,T1,36,2025-02-12T06:00:00Z,48,dayahead,0.1481,0.6458,0.9444,False,lightgbm-v1
2025-02-12T18:00:00Z,2025-02-13T00:00:00+06:00,2025-02-14T13:00:00+06:00,2025-02-14T07:00:00Z,T1,37,2025-02-12T06:00:00Z,49,dayahead,0.2183,0.716,1.0,False,lightgbm-v1
2025-02-12T18:00:00Z,2025-02-13T00:00:00+06:00,2025-02-14T14:00:00+06:00,2025-02-14T08:00:00Z,T1,38,2025-02-12T06:00:00Z,50,dayahead,0.1604,0.6581,0.9567,False,lightgbm-v1
2025-02-12T18:00:00Z,2025-02-13T00:00:00+06:00,2025-02-14T15:00:00+06:00,2025-02-14T09:00:00Z,T1,39,2025-02-12T06:00:00Z,51,dayahead,0.1073,0.605,0.9037,False,lightgbm-v1
2025-02-12T18:00:00Z,2025-02-13T00:00:00+06:00,2025-02-14T16:00:00+06:00,2025-02-14T10:00:00Z,T1,40,2025-02-12T06:00:00Z,52,dayahead,0.0784,0.5761,0.8748,False,lightgbm-v1
2025-02-12T18:00:00Z,2025-02-13T00:00:00+06:00,2025-02-14T17:00:00+06:00,2025-02-14T11:00:00Z,T1,41,2025-02-12T06:00:00Z,53,dayahead,0.071,0.5687,0.8673,False,lightgbm-v1
2025-02-12T18:00:00Z,2025-02-13T00:00:00+06:00,2025-02-14T18:00:00+06:00,2025-02-14T12:00:00Z,T1,42,2025-02-12T06:00:00Z,54,dayahead,0.0498,0.5475,0.8462,False,lightgbm-v1
2025-02-12T18:00:00Z,2025-02-13T00:00:00+06:00,2025-02-14T19:00:00+06:00,2025-02-14T13:00:00Z,T1,43,2025-02-12T06:00:00Z,55,dayahead,0.1351,0.3984,0.9124,False,lightgbm-v1
2025-02-12T18:00:00Z,2025-02-13T00:00:00+06:00,2025-02-14T20:00:00+06:00,2025-02-14T14:00:00Z,T1,44,2025-02-12T06:00:00Z,56,dayahead,0.0429,0.3062,0.8202,False,lightgbm-v1
2025-02-12T18:00:00Z,2025-02-13T00:00:00+06:00,2025-02-14T21:00:00+06:00,2025-02-14T15:00:00Z,T1,45,2025-02-12T06:00:00Z,57,dayahead,0.0948,0.3582,0.8722,False,lightgbm-v1
2025-02-12T18:00:00Z,2025-02-13T00:00:00+06:00,2025-02-14T22:00:00+06:00,2025-02-14T16:00:00Z,T1,46,2025-02-12T06:00:00Z,58,dayahead,0.1479,0.4113,0.9252,False,lightgbm-v1
2025-02-12T18:00:00Z,2025-02-13T00:00:00+06:00,2025-02-14T23:00:00+06:00,2025-02-14T17:00:00Z,T1,47,2025-02-12T06:00:00Z,59,dayahead,0.192,0.4554,0.9694,False,lightgbm-v1
2025-02-12T18:00:00Z,2025-02-13T00:00:00+06:00,2025-02-13T00:00:00+06:00,2025-02-12T18:00:00Z,T2,0,2025-02-12T06:00:00Z,12,dayahead,0.0,0.1807,0.6946,False,lightgbm-v1
2025-02-12T18:00:00Z,2025-02-13T00:00:00+06:00,2025-02-13T01:00:00+06:00,2025-02-12T19:00:00Z,T2,1,2025-02-12T06:00:00Z,13,dayahead,0.0,0.1844,0.6984,False,lightgbm-v1
2025-02-12T18:00:00Z,2025-02-13T00:00:00+06:00,2025-02-13T02:00:00+06:00,2025-02-12T20:00:00Z,T2,2,2025-02-12T06:00:00Z,14,dayahead,0.0,0.1897,0.7037,False,lightgbm-v1
2025-02-12T18:00:00Z,2025-02-13T00:00:00+06:00,2025-02-13T03:00:00+06:00,2025-02-12T21:00:00Z,T2,3,2025-02-12T06:00:00Z,15,dayahead,0.0,0.2058,0.7198,False,lightgbm-v1
2025-02-12T18:00:00Z,2025-02-13T00:00:00+06:00,2025-02-13T04:00:00+06:00,2025-02-12T22:00:00Z,T2,4,2025-02-12T06:00:00Z,16,dayahead,0.0,0.1931,0.7071,False,lightgbm-v1
2025-02-12T18:00:00Z,2025-02-13T00:00:00+06:00,2025-02-13T05:00:00+06:00,2025-02-12T23:00:00Z,T2,5,2025-02-12T06:00:00Z,17,dayahead,0.0,0.1808,0.6948,False,lightgbm-v1
2025-02-12T18:00:00Z,2025-02-13T00:00:00+06:00,2025-02-13T06:00:00+06:00,2025-02-13T00:00:00Z,T2,6,2025-02-12T06:00:00Z,18,dayahead,0.058,0.1403,0.3687,False,lightgbm-v1
2025-02-12T18:00:00Z,2025-02-13T00:00:00+06:00,2025-02-13T07:00:00+06:00,2025-02-13T01:00:00Z,T2,7,2025-02-12T06:00:00Z,19,dayahead,0.0,0.0736,0.302,False,lightgbm-v1
2025-02-12T18:00:00Z,2025-02-13T00:00:00+06:00,2025-02-13T08:00:00+06:00,2025-02-13T02:00:00Z,T2,8,2025-02-12T06:00:00Z,20,dayahead,0.0,0.0339,0.2623,False,lightgbm-v1
2025-02-12T18:00:00Z,2025-02-13T00:00:00+06:00,2025-02-13T09:00:00+06:00,2025-02-13T03:00:00Z,T2,9,2025-02-12T06:00:00Z,21,dayahead,0.0,0.015,0.2434,False,lightgbm-v1
2025-02-12T18:00:00Z,2025-02-13T00:00:00+06:00,2025-02-13T10:00:00+06:00,2025-02-13T04:00:00Z,T2,10,2025-02-12T06:00:00Z,22,dayahead,0.0,0.0149,0.2433,False,lightgbm-v1
2025-02-12T18:00:00Z,2025-02-13T00:00:00+06:00,2025-02-13T11:00:00+06:00,2025-02-13T05:00:00Z,T2,11,2025-02-12T06:00:00Z,23,dayahead,0.0,0.0206,0.249,False,lightgbm-v1
2025-02-12T18:00:00Z,2025-02-13T00:00:00+06:00,2025-02-13T12:00:00+06:00,2025-02-13T06:00:00Z,T2,12,2025-02-12T06:00:00Z,24,dayahead,0.0,0.0324,0.2608,False,lightgbm-v1
2025-02-12T18:00:00Z,2025-02-13T00:00:00+06:00,2025-02-13T13:00:00+06:00,2025-02-13T07:00:00Z,T2,13,2025-02-12T06:00:00Z,25,dayahead,0.0,0.0618,0.2902,False,lightgbm-v1
2025-02-12T18:00:00Z,2025-02-13T00:00:00+06:00,2025-02-13T14:00:00+06:00,2025-02-13T08:00:00Z,T2,14,2025-02-12T06:00:00Z,26,dayahead,0.0021,0.0843,0.3127,False,lightgbm-v1
2025-02-12T18:00:00Z,2025-02-13T00:00:00+06:00,2025-02-13T15:00:00+06:00,2025-02-13T09:00:00Z,T2,15,2025-02-12T06:00:00Z,27,dayahead,0.0181,0.1003,0.3287,False,lightgbm-v1
2025-02-12T18:00:00Z,2025-02-13T00:00:00+06:00,2025-02-13T16:00:00+06:00,2025-02-13T10:00:00Z,T2,16,2025-02-12T06:00:00Z,28,dayahead,0.0213,0.1036,0.3319,False,lightgbm-v1
2025-02-12T18:00:00Z,2025-02-13T00:00:00+06:00,2025-02-13T17:00:00+06:00,2025-02-13T11:00:00Z,T2,17,2025-02-12T06:00:00Z,29,dayahead,0.0466,0.1288,0.3572,False,lightgbm-v1
2025-02-12T18:00:00Z,2025-02-13T00:00:00+06:00,2025-02-13T18:00:00+06:00,2025-02-13T12:00:00Z,T2,18,2025-02-12T06:00:00Z,30,dayahead,0.0,0.1512,0.6652,False,lightgbm-v1
2025-02-12T18:00:00Z,2025-02-13T00:00:00+06:00,2025-02-13T19:00:00+06:00,2025-02-13T13:00:00Z,T2,19,2025-02-12T06:00:00Z,31,dayahead,0.0423,0.1246,0.353,False,lightgbm-v1
2025-02-12T18:00:00Z,2025-02-13T00:00:00+06:00,2025-02-13T20:00:00+06:00,2025-02-13T14:00:00Z,T2,20,2025-02-12T06:00:00Z,32,dayahead,0.0324,0.1146,0.343,False,lightgbm-v1
2025-02-12T18:00:00Z,2025-02-13T00:00:00+06:00,2025-02-13T21:00:00+06:00,2025-02-13T15:00:00Z,T2,21,2025-02-12T06:00:00Z,33,dayahead,0.0,0.177,0.691,False,lightgbm-v1
2025-02-12T18:00:00Z,2025-02-13T00:00:00+06:00,2025-02-13T22:00:00+06:00,2025-02-13T16:00:00Z,T2,22,2025-02-12T06:00:00Z,34,dayahead,0.1324,0.3957,0.9097,False,lightgbm-v1
2025-02-12T18:00:00Z,2025-02-13T00:00:00+06:00,2025-02-13T23:00:00+06:00,2025-02-13T17:00:00Z,T2,23,2025-02-12T06:00:00Z,35,dayahead,0.1235,0.3868,0.9008,False,lightgbm-v1
2025-02-12T18:00:00Z,2025-02-13T00:00:00+06:00,2025-02-14T00:00:00+06:00,2025-02-13T18:00:00Z,T2,24,2025-02-12T06:00:00Z,36,dayahead,0.0006,0.2639,0.7779,False,lightgbm-v1
2025-02-12T18:00:00Z,2025-02-13T00:00:00+06:00,2025-02-14T01:00:00+06:00,2025-02-13T19:00:00Z,T2,25,2025-02-12T06:00:00Z,37,dayahead,0.0467,0.31,0.824,False,lightgbm-v1
2025-02-12T18:00:00Z,2025-02-13T00:00:00+06:00,2025-02-14T02:00:00+06:00,2025-02-13T20:00:00Z,T2,26,2025-02-12T06:00:00Z,38,dayahead,0.009,0.2723,0.7863,False,lightgbm-v1
2025-02-12T18:00:00Z,2025-02-13T00:00:00+06:00,2025-02-14T03:00:00+06:00,2025-02-13T21:00:00Z,T2,27,2025-02-12T06:00:00Z,39,dayahead,0.0,0.2014,0.7154,False,lightgbm-v1
2025-02-12T18:00:00Z,2025-02-13T00:00:00+06:00,2025-02-14T04:00:00+06:00,2025-02-13T22:00:00Z,T2,28,2025-02-12T06:00:00Z,40,dayahead,0.0594,0.1417,0.3701,False,lightgbm-v1
2025-02-12T18:00:00Z,2025-02-13T00:00:00+06:00,2025-02-14T05:00:00+06:00,2025-02-13T23:00:00Z,T2,29,2025-02-12T06:00:00Z,41,dayahead,0.0115,0.0938,0.3222,False,lightgbm-v1
2025-02-12T18:00:00Z,2025-02-13T00:00:00+06:00,2025-02-14T06:00:00+06:00,2025-02-14T00:00:00Z,T2,30,2025-02-12T06:00:00Z,42,dayahead,0.0089,0.0911,0.3195,False,lightgbm-v1
2025-02-12T18:00:00Z,2025-02-13T00:00:00+06:00,2025-02-14T07:00:00+06:00,2025-02-14T01:00:00Z,T2,31,2025-02-12T06:00:00Z,43,dayahead,0.0285,0.1108,0.3392,False,lightgbm-v1
2025-02-12T18:00:00Z,2025-02-13T00:00:00+06:00,2025-02-14T08:00:00+06:00,2025-02-14T02:00:00Z,T2,32,2025-02-12T06:00:00Z,44,dayahead,0.0393,0.1215,0.3499,False,lightgbm-v1
2025-02-12T18:00:00Z,2025-02-13T00:00:00+06:00,2025-02-14T09:00:00+06:00,2025-02-14T03:00:00Z,T2,33,2025-02-12T06:00:00Z,45,dayahead,0.0,0.1538,0.6678,False,lightgbm-v1
2025-02-12T18:00:00Z,2025-02-13T00:00:00+06:00,2025-02-14T10:00:00+06:00,2025-02-14T04:00:00Z,T2,34,2025-02-12T06:00:00Z,46,dayahead,0.0,0.1837,0.6977,False,lightgbm-v1
2025-02-12T18:00:00Z,2025-02-13T00:00:00+06:00,2025-02-14T11:00:00+06:00,2025-02-14T05:00:00Z,T2,35,2025-02-12T06:00:00Z,47,dayahead,0.1562,0.4195,0.9335,False,lightgbm-v1
2025-02-12T18:00:00Z,2025-02-13T00:00:00+06:00,2025-02-14T12:00:00+06:00,2025-02-14T06:00:00Z,T2,36,2025-02-12T06:00:00Z,48,dayahead,0.1524,0.6501,0.9488,False,lightgbm-v1
2025-02-12T18:00:00Z,2025-02-13T00:00:00+06:00,2025-02-14T13:00:00+06:00,2025-02-14T07:00:00Z,T2,37,2025-02-12T06:00:00Z,49,dayahead,0.2216,0.7193,1.0,False,lightgbm-v1
2025-02-12T18:00:00Z,2025-02-13T00:00:00+06:00,2025-02-14T14:00:00+06:00,2025-02-14T08:00:00Z,T2,38,2025-02-12T06:00:00Z,50,dayahead,0.1619,0.6596,0.9582,False,lightgbm-v1
2025-02-12T18:00:00Z,2025-02-13T00:00:00+06:00,2025-02-14T15:00:00+06:00,2025-02-14T09:00:00Z,T2,39,2025-02-12T06:00:00Z,51,dayahead,0.1088,0.6065,0.9051,False,lightgbm-v1
2025-02-12T18:00:00Z,2025-02-13T00:00:00+06:00,2025-02-14T16:00:00+06:00,2025-02-14T10:00:00Z,T2,40,2025-02-12T06:00:00Z,52,dayahead,0.0794,0.577,0.8757,False,lightgbm-v1
2025-02-12T18:00:00Z,2025-02-13T00:00:00+06:00,2025-02-14T17:00:00+06:00,2025-02-14T11:00:00Z,T2,41,2025-02-12T06:00:00Z,53,dayahead,0.0726,0.5702,0.8689,False,lightgbm-v1
2025-02-12T18:00:00Z,2025-02-13T00:00:00+06:00,2025-02-14T18:00:00+06:00,2025-02-14T12:00:00Z,T2,42,2025-02-12T06:00:00Z,54,dayahead,0.0484,0.5461,0.8448,False,lightgbm-v1
2025-02-12T18:00:00Z,2025-02-13T00:00:00+06:00,2025-02-14T19:00:00+06:00,2025-02-14T13:00:00Z,T2,43,2025-02-12T06:00:00Z,55,dayahead,0.1329,0.3962,0.9102,False,lightgbm-v1
2025-02-12T18:00:00Z,2025-02-13T00:00:00+06:00,2025-02-14T20:00:00+06:00,2025-02-14T14:00:00Z,T2,44,2025-02-12T06:00:00Z,56,dayahead,0.0408,0.3042,0.8181,False,lightgbm-v1
2025-02-12T18:00:00Z,2025-02-13T00:00:00+06:00,2025-02-14T21:00:00+06:00,2025-02-14T15:00:00Z,T2,45,2025-02-12T06:00:00Z,57,dayahead,0.0924,0.3557,0.8697,False,lightgbm-v1
2025-02-12T18:00:00Z,2025-02-13T00:00:00+06:00,2025-02-14T22:00:00+06:00,2025-02-14T16:00:00Z,T2,46,2025-02-12T06:00:00Z,58,dayahead,0.1437,0.407,0.921,False,lightgbm-v1
2025-02-12T18:00:00Z,2025-02-13T00:00:00+06:00,2025-02-14T23:00:00+06:00,2025-02-14T17:00:00Z,T2,47,2025-02-12T06:00:00Z,59,dayahead,0.1872,0.4505,0.9645,False,lightgbm-v1
2025-02-13T18:00:00Z,2025-02-14T00:00:00+06:00,2025-02-14T00:00:00+06:00,2025-02-13T18:00:00Z,T1,0,2025-02-13T06:00:00Z,12,dayahead,0.0,0.1925,0.7065,False,lightgbm-v1
2025-02-13T18:00:00Z,2025-02-14T00:00:00+06:00,2025-02-14T01:00:00+06:00,2025-02-13T19:00:00Z,T1,1,2025-02-13T06:00:00Z,13,dayahead,0.065,0.1473,0.3757,False,lightgbm-v1
2025-02-13T18:00:00Z,2025-02-14T00:00:00+06:00,2025-02-14T02:00:00+06:00,2025-02-13T20:00:00Z,T1,2,2025-02-13T06:00:00Z,14,dayahead,0.0488,0.131,0.3594,False,lightgbm-v1
2025-02-13T18:00:00Z,2025-02-14T00:00:00+06:00,2025-02-14T03:00:00+06:00,2025-02-13T21:00:00Z,T1,3,2025-02-13T06:00:00Z,15,dayahead,0.0,0.1535,0.6675,False,lightgbm-v1
2025-02-13T18:00:00Z,2025-02-14T00:00:00+06:00,2025-02-14T04:00:00+06:00,2025-02-13T22:00:00Z,T1,4,2025-02-13T06:00:00Z,16,dayahead,0.0433,0.1256,0.354,False,lightgbm-v1
2025-02-13T18:00:00Z,2025-02-14T00:00:00+06:00,2025-02-14T05:00:00+06:00,2025-02-13T23:00:00Z,T1,5,2025-02-13T06:00:00Z,17,dayahead,0.0203,0.1025,0.3309,False,lightgbm-v1
2025-02-13T18:00:00Z,2025-02-14T00:00:00+06:00,2025-02-14T06:00:00+06:00,2025-02-14T00:00:00Z,T1,6,2025-02-13T06:00:00Z,18,dayahead,0.0,0.08,0.3084,False,lightgbm-v1
2025-02-13T18:00:00Z,2025-02-14T00:00:00+06:00,2025-02-14T07:00:00+06:00,2025-02-14T01:00:00Z,T1,7,2025-02-13T06:00:00Z,19,dayahead,0.0125,0.0948,0.3232,False,lightgbm-v1
2025-02-13T18:00:00Z,2025-02-14T00:00:00+06:00,2025-02-14T08:00:00+06:00,2025-02-14T02:00:00Z,T1,8,2025-02-13T06:00:00Z,20,dayahead,0.0307,0.113,0.3414,False,lightgbm-v1
2025-02-13T18:00:00Z,2025-02-14T00:00:00+06:00,2025-02-14T09:00:00+06:00,2025-02-14T03:00:00Z,T1,9,2025-02-13T06:00:00Z,21,dayahead,0.0512,0.1335,0.3619,False,lightgbm-v1
2025-02-13T18:00:00Z,2025-02-14T00:00:00+06:00,2025-02-14T10:00:00+06:00,2025-02-14T04:00:00Z,T1,10,2025-02-13T06:00:00Z,22,dayahead,0.0,0.1738,0.6878,False,lightgbm-v1
2025-02-13T18:00:00Z,2025-02-14T00:00:00+06:00,2025-02-14T11:00:00+06:00,2025-02-14T05:00:00Z,T1,11,2025-02-13T06:00:00Z,23,dayahead,0.0658,0.3292,0.8432,False,lightgbm-v1
2025-02-13T18:00:00Z,2025-02-14T00:00:00+06:00,2025-02-14T12:00:00+06:00,2025-02-14T06:00:00Z,T1,12,2025-02-13T06:00:00Z,24,dayahead,0.0674,0.5651,0.8637,False,lightgbm-v1
2025-02-13T18:00:00Z,2025-02-14T00:00:00+06:00,2025-02-14T13:00:00+06:00,2025-02-14T07:00:00Z,T1,13,2025-02-13T06:00:00Z,25,dayahead,0.1409,0.6386,0.9373,False,lightgbm-v1
2025-02-13T18:00:00Z,2025-02-14T00:00:00+06:00,2025-02-14T14:00:00+06:00,2025-02-14T08:00:00Z,T1,14,2025-02-13T06:00:00Z,26,dayahead,0.1031,0.6008,0.8994,False,lightgbm-v1
2025-02-13T18:00:00Z,2025-02-14T00:00:00+06:00,2025-02-14T15:00:00+06:00,2025-02-14T09:00:00Z,T1,15,2025-02-13T06:00:00Z,27,dayahead,0.0504,0.5481,0.8467,False,lightgbm-v1
2025-02-13T18:00:00Z,2025-02-14T00:00:00+06:00,2025-02-14T16:00:00+06:00,2025-02-14T10:00:00Z,T1,16,2025-02-13T06:00:00Z,28,dayahead,0.1993,0.4626,0.9766,False,lightgbm-v1
2025-02-13T18:00:00Z,2025-02-14T00:00:00+06:00,2025-02-14T17:00:00+06:00,2025-02-14T11:00:00Z,T1,17,2025-02-13T06:00:00Z,29,dayahead,0.1913,0.4546,0.9686,False,lightgbm-v1
2025-02-13T18:00:00Z,2025-02-14T00:00:00+06:00,2025-02-14T18:00:00+06:00,2025-02-14T12:00:00Z,T1,18,2025-02-13T06:00:00Z,30,dayahead,0.2262,0.4896,1.0,False,lightgbm-v1
2025-02-13T18:00:00Z,2025-02-14T00:00:00+06:00,2025-02-14T19:00:00+06:00,2025-02-14T13:00:00Z,T1,19,2025-02-13T06:00:00Z,31,dayahead,0.1204,0.3837,0.8977,False,lightgbm-v1
2025-02-13T18:00:00Z,2025-02-14T00:00:00+06:00,2025-02-14T20:00:00+06:00,2025-02-14T14:00:00Z,T1,20,2025-02-13T06:00:00Z,32,dayahead,0.0102,0.2735,0.7875,False,lightgbm-v1
2025-02-13T18:00:00Z,2025-02-14T00:00:00+06:00,2025-02-14T21:00:00+06:00,2025-02-14T15:00:00Z,T1,21,2025-02-13T06:00:00Z,33,dayahead,0.0838,0.3471,0.8611,False,lightgbm-v1
2025-02-13T18:00:00Z,2025-02-14T00:00:00+06:00,2025-02-14T22:00:00+06:00,2025-02-14T16:00:00Z,T1,22,2025-02-13T06:00:00Z,34,dayahead,0.1536,0.417,0.931,False,lightgbm-v1
2025-02-13T18:00:00Z,2025-02-14T00:00:00+06:00,2025-02-14T23:00:00+06:00,2025-02-14T17:00:00Z,T1,23,2025-02-13T06:00:00Z,35,dayahead,0.1954,0.4588,0.9728,False,lightgbm-v1
2025-02-13T18:00:00Z,2025-02-14T00:00:00+06:00,2025-02-15T00:00:00+06:00,2025-02-14T18:00:00Z,T1,24,2025-02-13T06:00:00Z,36,dayahead,0.2052,0.4686,0.9825,False,lightgbm-v1
2025-02-13T18:00:00Z,2025-02-14T00:00:00+06:00,2025-02-15T01:00:00+06:00,2025-02-14T19:00:00Z,T1,25,2025-02-13T06:00:00Z,37,dayahead,0.2299,0.4932,1.0,False,lightgbm-v1
2025-02-13T18:00:00Z,2025-02-14T00:00:00+06:00,2025-02-15T02:00:00+06:00,2025-02-14T20:00:00Z,T1,26,2025-02-13T06:00:00Z,38,dayahead,0.0226,0.5202,0.8189,False,lightgbm-v1
2025-02-13T18:00:00Z,2025-02-14T00:00:00+06:00,2025-02-15T03:00:00+06:00,2025-02-14T21:00:00Z,T1,27,2025-02-13T06:00:00Z,39,dayahead,0.0555,0.5532,0.8519,False,lightgbm-v1
2025-02-13T18:00:00Z,2025-02-14T00:00:00+06:00,2025-02-15T04:00:00+06:00,2025-02-14T22:00:00Z,T1,28,2025-02-13T06:00:00Z,40,dayahead,0.0874,0.5851,0.8837,False,lightgbm-v1
2025-02-13T18:00:00Z,2025-02-14T00:00:00+06:00,2025-02-15T05:00:00+06:00,2025-02-14T23:00:00Z,T1,29,2025-02-13T06:00:00Z,41,dayahead,0.1732,0.6709,0.9695,False,lightgbm-v1
2025-02-13T18:00:00Z,2025-02-14T00:00:00+06:00,2025-02-15T06:00:00+06:00,2025-02-15T00:00:00Z,T1,30,2025-02-13T06:00:00Z,42,dayahead,0.2143,0.712,1.0,False,lightgbm-v1
2025-02-13T18:00:00Z,2025-02-14T00:00:00+06:00,2025-02-15T07:00:00+06:00,2025-02-15T01:00:00Z,T1,31,2025-02-13T06:00:00Z,43,dayahead,0.2427,0.7404,1.0,False,lightgbm-v1
2025-02-13T18:00:00Z,2025-02-14T00:00:00+06:00,2025-02-15T08:00:00+06:00,2025-02-15T02:00:00Z,T1,32,2025-02-13T06:00:00Z,44,dayahead,0.2805,0.7782,1.0,False,lightgbm-v1
2025-02-13T18:00:00Z,2025-02-14T00:00:00+06:00,2025-02-15T09:00:00+06:00,2025-02-15T03:00:00Z,T1,33,2025-02-13T06:00:00Z,45,dayahead,0.2841,0.7818,1.0,False,lightgbm-v1
2025-02-13T18:00:00Z,2025-02-14T00:00:00+06:00,2025-02-15T10:00:00+06:00,2025-02-15T04:00:00Z,T1,34,2025-02-13T06:00:00Z,46,dayahead,0.3283,0.826,1.0,False,lightgbm-v1
2025-02-13T18:00:00Z,2025-02-14T00:00:00+06:00,2025-02-15T11:00:00+06:00,2025-02-15T05:00:00Z,T1,35,2025-02-13T06:00:00Z,47,dayahead,0.3106,0.8083,1.0,False,lightgbm-v1
2025-02-13T18:00:00Z,2025-02-14T00:00:00+06:00,2025-02-15T12:00:00+06:00,2025-02-15T06:00:00Z,T1,36,2025-02-13T06:00:00Z,48,dayahead,0.5228,0.8813,0.9663,False,lightgbm-v1
2025-02-13T18:00:00Z,2025-02-14T00:00:00+06:00,2025-02-15T13:00:00+06:00,2025-02-15T07:00:00Z,T1,37,2025-02-13T06:00:00Z,49,dayahead,0.4987,0.8572,0.9422,False,lightgbm-v1
2025-02-13T18:00:00Z,2025-02-14T00:00:00+06:00,2025-02-15T14:00:00+06:00,2025-02-15T08:00:00Z,T1,38,2025-02-13T06:00:00Z,50,dayahead,0.27,0.7677,1.0,False,lightgbm-v1
2025-02-13T18:00:00Z,2025-02-14T00:00:00+06:00,2025-02-15T15:00:00+06:00,2025-02-15T09:00:00Z,T1,39,2025-02-13T06:00:00Z,51,dayahead,0.0805,0.5782,0.8768,False,lightgbm-v1
2025-02-13T18:00:00Z,2025-02-14T00:00:00+06:00,2025-02-15T16:00:00+06:00,2025-02-15T10:00:00Z,T1,40,2025-02-13T06:00:00Z,52,dayahead,0.1364,0.3998,0.9138,False,lightgbm-v1
2025-02-13T18:00:00Z,2025-02-14T00:00:00+06:00,2025-02-15T17:00:00+06:00,2025-02-15T11:00:00Z,T1,41,2025-02-13T06:00:00Z,53,dayahead,0.0,0.1507,0.6647,False,lightgbm-v1
2025-02-13T18:00:00Z,2025-02-14T00:00:00+06:00,2025-02-15T18:00:00+06:00,2025-02-15T12:00:00Z,T1,42,2025-02-13T06:00:00Z,54,dayahead,0.0076,0.0899,0.3183,False,lightgbm-v1
2025-02-13T18:00:00Z,2025-02-14T00:00:00+06:00,2025-02-15T19:00:00+06:00,2025-02-15T13:00:00Z,T1,43,2025-02-13T06:00:00Z,55,dayahead,0.0546,0.5523,0.851,False,lightgbm-v1
2025-02-13T18:00:00Z,2025-02-14T00:00:00+06:00,2025-02-15T20:00:00+06:00,2025-02-15T14:00:00Z,T1,44,2025-02-13T06:00:00Z,56,dayahead,0.1185,0.6162,0.9148,False,lightgbm-v1
2025-02-13T18:00:00Z,2025-02-14T00:00:00+06:00,2025-02-15T21:00:00+06:00,2025-02-15T15:00:00Z,T1,45,2025-02-13T06:00:00Z,57,dayahead,0.1525,0.6502,0.9488,False,lightgbm-v1
2025-02-13T18:00:00Z,2025-02-14T00:00:00+06:00,2025-02-15T22:00:00+06:00,2025-02-15T16:00:00Z,T1,46,2025-02-13T06:00:00Z,58,dayahead,0.134,0.6317,0.9303,False,lightgbm-v1
2025-02-13T18:00:00Z,2025-02-14T00:00:00+06:00,2025-02-15T23:00:00+06:00,2025-02-15T17:00:00Z,T1,47,2025-02-13T06:00:00Z,59,dayahead,0.2294,0.7271,1.0,False,lightgbm-v1
2025-02-13T18:00:00Z,2025-02-14T00:00:00+06:00,2025-02-14T00:00:00+06:00,2025-02-13T18:00:00Z,T2,0,2025-02-13T06:00:00Z,12,dayahead,0.0,0.1874,0.7014,False,lightgbm-v1
2025-02-13T18:00:00Z,2025-02-14T00:00:00+06:00,2025-02-14T01:00:00+06:00,2025-02-13T19:00:00Z,T2,1,2025-02-13T06:00:00Z,13,dayahead,0.064,0.1462,0.3746,False,lightgbm-v1
2025-02-13T18:00:00Z,2025-02-14T00:00:00+06:00,2025-02-14T02:00:00+06:00,2025-02-13T20:00:00Z,T2,2,2025-02-13T06:00:00Z,14,dayahead,0.0472,0.1294,0.3578,False,lightgbm-v1
2025-02-13T18:00:00Z,2025-02-14T00:00:00+06:00,2025-02-14T03:00:00+06:00,2025-02-13T21:00:00Z,T2,3,2025-02-13T06:00:00Z,15,dayahead,0.0,0.1511,0.6651,False,lightgbm-v1
2025-02-13T18:00:00Z,2025-02-14T00:00:00+06:00,2025-02-14T04:00:00+06:00,2025-02-13T22:00:00Z,T2,4,2025-02-13T06:00:00Z,16,dayahead,0.041,0.1233,0.3517,False,lightgbm-v1
2025-02-13T18:00:00Z,2025-02-14T00:00:00+06:00,2025-02-14T05:00:00+06:00,2025-02-13T23:00:00Z,T2,5,2025-02-13T06:00:00Z,17,dayahead,0.0179,0.1002,0.3286,False,lightgbm-v1
2025-02-13T18:00:00Z,2025-02-14T00:00:00+06:00,2025-02-14T06:00:00+06:00,2025-02-14T00:00:00Z,T2,6,2025-02-13T06:00:00Z,18,dayahead,0.0,0.078,0.3064,False,lightgbm-v1
2025-02-13T18:00:00Z,2025-02-14T00:00:00+06:00,2025-02-14T07:00:00+06:00,2025-02-14T01:00:00Z,T2,7,2025-02-13T06:00:00Z,19,dayahead,0.0104,0.0927,0.3211,False,lightgbm-v1
2025-02-13T18:00:00Z,2025-02-14T00:00:00+06:00,2025-02-14T08:00:00+06:00,2025-02-14T02:00:00Z,T2,8,2025-02-13T06:00:00Z,20,dayahead,0.0284,0.1107,0.3391,False,lightgbm-v1
2025-02-13T18:00:00Z,2025-02-14T00:00:00+06:00,2025-02-14T09:00:00+06:00,2025-02-14T03:00:00Z,T2,9,2025-02-13T06:00:00Z,21,dayahead,0.0494,0.1316,0.36,False,lightgbm-v1
2025-02-13T18:00:00Z,2025-02-14T00:00:00+06:00,2025-02-14T10:00:00+06:00,2025-02-14T04:00:00Z,T2,10,2025-02-13T06:00:00Z,22,dayahead,0.0,0.1721,0.6861,False,lightgbm-v1
2025-02-13T18:00:00Z,2025-02-14T00:00:00+06:00,2025-02-14T11:00:00+06:00,2025-02-14T05:00:00Z,T2,11,2025-02-13T06:00:00Z,23,dayahead,0.0654,0.3287,0.8427,False,lightgbm-v1
2025-02-13T18:00:00Z,2025-02-14T00:00:00+06:00,2025-02-14T12:00:00+06:00,2025-02-14T06:00:00Z,T2,12,2025-02-13T06:00:00Z,24,dayahead,0.0694,0.5671,0.8657,False,lightgbm-v1
2025-02-13T18:00:00Z,2025-02-14T00:00:00+06:00,2025-02-14T13:00:00+06:00,2025-02-14T07:00:00Z,T2,13,2025-02-13T06:00:00Z,25,dayahead,0.1432,0.6409,0.9395,False,lightgbm-v1
2025-02-13T18:00:00Z,2025-02-14T00:00:00+06:00,2025-02-14T14:00:00+06:00,2025-02-14T08:00:00Z,T2,14,2025-02-13T06:00:00Z,26,dayahead,0.1028,0.6005,0.8992,False,lightgbm-v1
2025-02-13T18:00:00Z,2025-02-14T00:00:00+06:00,2025-02-14T15:00:00+06:00,2025-02-14T09:00:00Z,T2,15,2025-02-13T06:00:00Z,27,dayahead,0.0518,0.5494,0.8481,False,lightgbm-v1
2025-02-13T18:00:00Z,2025-02-14T00:00:00+06:00,2025-02-14T16:00:00+06:00,2025-02-14T10:00:00Z,T2,16,2025-02-13T06:00:00Z,28,dayahead,0.2005,0.4638,0.9778,False,lightgbm-v1
2025-02-13T18:00:00Z,2025-02-14T00:00:00+06:00,2025-02-14T17:00:00+06:00,2025-02-14T11:00:00Z,T2,17,2025-02-13T06:00:00Z,29,dayahead,0.1922,0.4555,0.9695,False,lightgbm-v1
2025-02-13T18:00:00Z,2025-02-14T00:00:00+06:00,2025-02-14T18:00:00+06:00,2025-02-14T12:00:00Z,T2,18,2025-02-13T06:00:00Z,30,dayahead,0.2222,0.4855,0.9995,False,lightgbm-v1
2025-02-13T18:00:00Z,2025-02-14T00:00:00+06:00,2025-02-14T19:00:00+06:00,2025-02-14T13:00:00Z,T2,19,2025-02-13T06:00:00Z,31,dayahead,0.1183,0.3816,0.8956,False,lightgbm-v1
2025-02-13T18:00:00Z,2025-02-14T00:00:00+06:00,2025-02-14T20:00:00+06:00,2025-02-14T14:00:00Z,T2,20,2025-02-13T06:00:00Z,32,dayahead,0.0086,0.272,0.786,False,lightgbm-v1
2025-02-13T18:00:00Z,2025-02-14T00:00:00+06:00,2025-02-14T21:00:00+06:00,2025-02-14T15:00:00Z,T2,21,2025-02-13T06:00:00Z,33,dayahead,0.0817,0.3451,0.8591,False,lightgbm-v1
2025-02-13T18:00:00Z,2025-02-14T00:00:00+06:00,2025-02-14T22:00:00+06:00,2025-02-14T16:00:00Z,T2,22,2025-02-13T06:00:00Z,34,dayahead,0.1495,0.4129,0.9269,False,lightgbm-v1
2025-02-13T18:00:00Z,2025-02-14T00:00:00+06:00,2025-02-14T23:00:00+06:00,2025-02-14T17:00:00Z,T2,23,2025-02-13T06:00:00Z,35,dayahead,0.1907,0.4541,0.968,False,lightgbm-v1
2025-02-13T18:00:00Z,2025-02-14T00:00:00+06:00,2025-02-15T00:00:00+06:00,2025-02-14T18:00:00Z,T2,24,2025-02-13T06:00:00Z,36,dayahead,0.2006,0.464,0.9779,False,lightgbm-v1
2025-02-13T18:00:00Z,2025-02-14T00:00:00+06:00,2025-02-15T01:00:00+06:00,2025-02-14T19:00:00Z,T2,25,2025-02-13T06:00:00Z,37,dayahead,0.2236,0.487,1.0,False,lightgbm-v1
2025-02-13T18:00:00Z,2025-02-14T00:00:00+06:00,2025-02-15T02:00:00+06:00,2025-02-14T20:00:00Z,T2,26,2025-02-13T06:00:00Z,38,dayahead,0.0202,0.5179,0.8165,False,lightgbm-v1
2025-02-13T18:00:00Z,2025-02-14T00:00:00+06:00,2025-02-15T03:00:00+06:00,2025-02-14T21:00:00Z,T2,27,2025-02-13T06:00:00Z,39,dayahead,0.0502,0.5479,0.8465,False,lightgbm-v1
2025-02-13T18:00:00Z,2025-02-14T00:00:00+06:00,2025-02-15T04:00:00+06:00,2025-02-14T22:00:00Z,T2,28,2025-02-13T06:00:00Z,40,dayahead,0.0836,0.5813,0.8799,False,lightgbm-v1
2025-02-13T18:00:00Z,2025-02-14T00:00:00+06:00,2025-02-15T05:00:00+06:00,2025-02-14T23:00:00Z,T2,29,2025-02-13T06:00:00Z,41,dayahead,0.1687,0.6664,0.9651,False,lightgbm-v1
2025-02-13T18:00:00Z,2025-02-14T00:00:00+06:00,2025-02-15T06:00:00+06:00,2025-02-15T00:00:00Z,T2,30,2025-02-13T06:00:00Z,42,dayahead,0.2146,0.7123,1.0,False,lightgbm-v1
2025-02-13T18:00:00Z,2025-02-14T00:00:00+06:00,2025-02-15T07:00:00+06:00,2025-02-15T01:00:00Z,T2,31,2025-02-13T06:00:00Z,43,dayahead,0.2431,0.7408,1.0,False,lightgbm-v1
2025-02-13T18:00:00Z,2025-02-14T00:00:00+06:00,2025-02-15T08:00:00+06:00,2025-02-15T02:00:00Z,T2,32,2025-02-13T06:00:00Z,44,dayahead,0.2854,0.783,1.0,False,lightgbm-v1
2025-02-13T18:00:00Z,2025-02-14T00:00:00+06:00,2025-02-15T09:00:00+06:00,2025-02-15T03:00:00Z,T2,33,2025-02-13T06:00:00Z,45,dayahead,0.2891,0.7868,1.0,False,lightgbm-v1
2025-02-13T18:00:00Z,2025-02-14T00:00:00+06:00,2025-02-15T10:00:00+06:00,2025-02-15T04:00:00Z,T2,34,2025-02-13T06:00:00Z,46,dayahead,0.3293,0.827,1.0,False,lightgbm-v1
2025-02-13T18:00:00Z,2025-02-14T00:00:00+06:00,2025-02-15T11:00:00+06:00,2025-02-15T05:00:00Z,T2,35,2025-02-13T06:00:00Z,47,dayahead,0.3161,0.8137,1.0,False,lightgbm-v1
2025-02-13T18:00:00Z,2025-02-14T00:00:00+06:00,2025-02-15T12:00:00+06:00,2025-02-15T06:00:00Z,T2,36,2025-02-13T06:00:00Z,48,dayahead,0.5221,0.8806,0.9656,False,lightgbm-v1
2025-02-13T18:00:00Z,2025-02-14T00:00:00+06:00,2025-02-15T13:00:00+06:00,2025-02-15T07:00:00Z,T2,37,2025-02-13T06:00:00Z,49,dayahead,0.5001,0.8586,0.9436,False,lightgbm-v1
2025-02-13T18:00:00Z,2025-02-14T00:00:00+06:00,2025-02-15T14:00:00+06:00,2025-02-15T08:00:00Z,T2,38,2025-02-13T06:00:00Z,50,dayahead,0.2757,0.7734,1.0,False,lightgbm-v1
2025-02-13T18:00:00Z,2025-02-14T00:00:00+06:00,2025-02-15T15:00:00+06:00,2025-02-15T09:00:00Z,T2,39,2025-02-13T06:00:00Z,51,dayahead,0.0878,0.5855,0.8841,False,lightgbm-v1
2025-02-13T18:00:00Z,2025-02-14T00:00:00+06:00,2025-02-15T16:00:00+06:00,2025-02-15T10:00:00Z,T2,40,2025-02-13T06:00:00Z,52,dayahead,0.1427,0.4061,0.9201,False,lightgbm-v1
2025-02-13T18:00:00Z,2025-02-14T00:00:00+06:00,2025-02-15T17:00:00+06:00,2025-02-15T11:00:00Z,T2,41,2025-02-13T06:00:00Z,53,dayahead,0.0,0.1519,0.6659,False,lightgbm-v1
2025-02-13T18:00:00Z,2025-02-14T00:00:00+06:00,2025-02-15T18:00:00+06:00,2025-02-15T12:00:00Z,T2,42,2025-02-13T06:00:00Z,54,dayahead,0.007,0.0892,0.3176,False,lightgbm-v1
2025-02-13T18:00:00Z,2025-02-14T00:00:00+06:00,2025-02-15T19:00:00+06:00,2025-02-15T13:00:00Z,T2,43,2025-02-13T06:00:00Z,55,dayahead,0.0585,0.5562,0.8548,False,lightgbm-v1
2025-02-13T18:00:00Z,2025-02-14T00:00:00+06:00,2025-02-15T20:00:00+06:00,2025-02-15T14:00:00Z,T2,44,2025-02-13T06:00:00Z,56,dayahead,0.1223,0.62,0.9186,False,lightgbm-v1
2025-02-13T18:00:00Z,2025-02-14T00:00:00+06:00,2025-02-15T21:00:00+06:00,2025-02-15T15:00:00Z,T2,45,2025-02-13T06:00:00Z,57,dayahead,0.1559,0.6536,0.9522,False,lightgbm-v1
2025-02-13T18:00:00Z,2025-02-14T00:00:00+06:00,2025-02-15T22:00:00+06:00,2025-02-15T16:00:00Z,T2,46,2025-02-13T06:00:00Z,58,dayahead,0.1341,0.6317,0.9304,False,lightgbm-v1
2025-02-13T18:00:00Z,2025-02-14T00:00:00+06:00,2025-02-15T23:00:00+06:00,2025-02-15T17:00:00Z,T2,47,2025-02-13T06:00:00Z,59,dayahead,0.2315,0.7291,1.0,False,lightgbm-v1
2025-02-14T18:00:00Z,2025-02-15T00:00:00+06:00,2025-02-15T00:00:00+06:00,2025-02-14T18:00:00Z,T1,0,2025-02-14T06:00:00Z,12,dayahead,0.2086,0.4719,0.9859,False,lightgbm-v1
2025-02-14T18:00:00Z,2025-02-15T00:00:00+06:00,2025-02-15T01:00:00+06:00,2025-02-14T19:00:00Z,T1,1,2025-02-14T06:00:00Z,13,dayahead,0.0042,0.5019,0.8006,False,lightgbm-v1
2025-02-14T18:00:00Z,2025-02-15T00:00:00+06:00,2025-02-15T02:00:00+06:00,2025-02-14T20:00:00Z,T1,2,2025-02-14T06:00:00Z,14,dayahead,0.0584,0.5561,0.8547,False,lightgbm-v1
2025-02-14T18:00:00Z,2025-02-15T00:00:00+06:00,2025-02-15T03:00:00+06:00,2025-02-14T21:00:00Z,T1,3,2025-02-14T06:00:00Z,15,dayahead,0.1615,0.6592,0.9579,False,lightgbm-v1
2025-02-14T18:00:00Z,2025-02-15T00:00:00+06:00,2025-02-15T04:00:00+06:00,2025-02-14T22:00:00Z,T1,4,2025-02-14T06:00:00Z,16,dayahead,0.2453,0.743,1.0,False,lightgbm-v1
2025-02-14T18:00:00Z,2025-02-15T00:00:00+06:00,2025-02-15T05:00:00+06:00,2025-02-14T23:00:00Z,T1,5,2025-02-14T06:00:00Z,17,dayahead,0.2819,0.7796,1.0,False,lightgbm-v1
2025-02-14T18:00:00Z,2025-02-15T00:00:00+06:00,2025-02-15T06:00:00+06:00,2025-02-15T00:00:00Z,T1,6,2025-02-14T06:00:00Z,18,dayahead,0.2828,0.7805,1.0,False,lightgbm-v1
2025-02-14T18:00:00Z,2025-02-15T00:00:00+06:00,2025-02-15T07:00:00+06:00,2025-02-15T01:00:00Z,T1,7,2025-02-14T06:00:00Z,19,dayahead,0.3095,0.8072,1.0,False,lightgbm-v1
2025-02-14T18:00:00Z,2025-02-15T00:00:00+06:00,2025-02-15T08:00:00+06:00,2025-02-15T02:00:00Z,T1,8,2025-02-14T06:00:00Z,20,dayahead,0.3412,0.8389,1.0,False,lightgbm-v1
2025-02-14T18:00:00Z,2025-02-15T00:00:00+06:00,2025-02-15T09:00:00+06:00,2025-02-15T03:00:00Z,T1,9,2025-02-14T06:00:00Z,21,dayahead,0.3487,0.8464,1.0,False,lightgbm-v1
2025-02-14T18:00:00Z,2025-02-15T00:00:00+06:00,2025-02-15T10:00:00+06:00,2025-02-15T04:00:00Z,T1,10,2025-02-14T06:00:00Z,22,dayahead,0.346,0.8437,1.0,False,lightgbm-v1
2025-02-14T18:00:00Z,2025-02-15T00:00:00+06:00,2025-02-15T11:00:00+06:00,2025-02-15T05:00:00Z,T1,11,2025-02-14T06:00:00Z,23,dayahead,0.3217,0.8194,1.0,False,lightgbm-v1
2025-02-14T18:00:00Z,2025-02-15T00:00:00+06:00,2025-02-15T12:00:00+06:00,2025-02-15T06:00:00Z,T1,12,2025-02-14T06:00:00Z,24,dayahead,0.5103,0.8688,0.9538,False,lightgbm-v1
2025-02-14T18:00:00Z,2025-02-15T00:00:00+06:00,2025-02-15T13:00:00+06:00,2025-02-15T07:00:00Z,T1,13,2025-02-14T06:00:00Z,25,dayahead,0.334,0.8317,1.0,False,lightgbm-v1
2025-02-14T18:00:00Z,2025-02-15T00:00:00+06:00,2025-02-15T14:00:00+06:00,2025-02-15T08:00:00Z,T1,14,2025-02-14T06:00:00Z,26,dayahead,0.2132,0.7109,1.0,False,lightgbm-v1
2025-02-14T18:00:00Z,2025-02-15T00:00:00+06:00,2025-02-15T15:00:00+06:00,2025-02-15T09:00:00Z,T1,15,2025-02-14T06:00:00Z,27,dayahead,0.0279,0.5256,0.8242,False,lightgbm-v1
2025-02-14T18:00:00Z,2025-02-15T00:00:00+06:00,2025-02-15T16:00:00+06:00,2025-02-15T10:00:00Z,T1,16,2025-02-14T06:00:00Z,28,dayahead,0.0134,0.0957,0.3241,False,lightgbm-v1
2025-02-14T18:00:00Z,2025-02-15T00:00:00+06:00,2025-02-15T17:00:00+06:00,2025-02-15T11:00:00Z,T1,17,2025-02-14T06:00:00Z,29,dayahead,0.0496,0.1319,0.3603,False,lightgbm-v1
2025-02-14T18:00:00Z,2025-02-15T00:00:00+06:00,2025-02-15T18:00:00+06:00,2025-02-15T12:00:00Z,T1,18,2025-02-14T06:00:00Z,30,dayahead,0.2612,0.7589,1.0,False,lightgbm-v1
2025-02-14T18:00:00Z,2025-02-15T00:00:00+06:00,2025-02-15T19:00:00+06:00,2025-02-15T13:00:00Z,T1,19,2025-02-14T06:00:00Z,31,dayahead,0.0363,0.534,0.8327,False,lightgbm-v1
2025-02-14T18:00:00Z,2025-02-15T00:00:00+06:00,2025-02-15T20:00:00+06:00,2025-02-15T14:00:00Z,T1,20,2025-02-14T06:00:00Z,32,dayahead,0.223,0.4863,1.0,False,lightgbm-v1
2025-02-14T18:00:00Z,2025-02-15T00:00:00+06:00,2025-02-15T21:00:00+06:00,2025-02-15T15:00:00Z,T1,21,2025-02-14T06:00:00Z,33,dayahead,0.1878,0.6855,0.9842,False,lightgbm-v1
2025-02-14T18:00:00Z,2025-02-15T00:00:00+06:00,2025-02-15T22:00:00+06:00,2025-02-15T16:00:00Z,T1,22,2025-02-14T06:00:00Z,34,dayahead,0.3217,0.8194,1.0,False,lightgbm-v1
2025-02-14T18:00:00Z,2025-02-15T00:00:00+06:00,2025-02-15T23:00:00+06:00,2025-02-15T17:00:00Z,T1,23,2025-02-14T06:00:00Z,35,dayahead,0.3405,0.8382,1.0,False,lightgbm-v1
2025-02-14T18:00:00Z,2025-02-15T00:00:00+06:00,2025-02-16T00:00:00+06:00,2025-02-15T18:00:00Z,T1,24,2025-02-14T06:00:00Z,36,dayahead,0.3196,0.8173,1.0,False,lightgbm-v1
2025-02-14T18:00:00Z,2025-02-15T00:00:00+06:00,2025-02-16T01:00:00+06:00,2025-02-15T19:00:00Z,T1,25,2025-02-14T06:00:00Z,37,dayahead,0.34,0.8377,1.0,False,lightgbm-v1
2025-02-14T18:00:00Z,2025-02-15T00:00:00+06:00,2025-02-16T02:00:00+06:00,2025-02-15T20:00:00Z,T1,26,2025-02-14T06:00:00Z,38,dayahead,0.2643,0.762,1.0,False,lightgbm-v1
2025-02-14T18:00:00Z,2025-02-15T00:00:00+06:00,2025-02-16T03:00:00+06:00,2025-02-15T21:00:00Z,T1,27,2025-02-14T06:00:00Z,39,dayahead,0.1582,0.6559,0.9545,False,lightgbm-v1
2025-02-14T18:00:00Z,2025-02-15T00:00:00+06:00,2025-02-16T04:00:00+06:00,2025-02-15T22:00:00Z,T1,28,2025-02-14T06:00:00Z,40,dayahead,0.0379,0.5356,0.8343,False,lightgbm-v1
2025-02-14T18:00:00Z,2025-02-15T00:00:00+06:00,2025-02-16T05:00:00+06:00,2025-02-15T23:00:00Z,T1,29,2025-02-14T06:00:00Z,41,dayahead,0.0822,0.3455,0.8595,False,lightgbm-v1
2025-02-14T18:00:00Z,2025-02-15T00:00:00+06:00,2025-02-16T06:00:00+06:00,2025-02-16T00:00:00Z,T1,30,2025-02-14T06:00:00Z,42,dayahead,0.0,0.1536,0.6676,False,lightgbm-v1
2025-02-14T18:00:00Z,2025-02-15T00:00:00+06:00,2025-02-16T07:00:00+06:00,2025-02-16T01:00:00Z,T1,31,2025-02-14T06:00:00Z,43,dayahead,0.0,0.0485,0.2769,False,lightgbm-v1
2025-02-14T18:00:00Z,2025-02-15T00:00:00+06:00,2025-02-16T08:00:00+06:00,2025-02-16T02:00:00Z,T1,32,2025-02-14T06:00:00Z,44,dayahead,0.0,0.0394,0.2678,False,lightgbm-v1
2025-02-14T18:00:00Z,2025-02-15T00:00:00+06:00,2025-02-16T09:00:00+06:00,2025-02-16T03:00:00Z,T1,33,2025-02-14T06:00:00Z,45,dayahead,0.0,0.0233,0.2517,False,lightgbm-v1
2025-02-14T18:00:00Z,2025-02-15T00:00:00+06:00,2025-02-16T10:00:00+06:00,2025-02-16T04:00:00Z,T1,34,2025-02-14T06:00:00Z,46,dayahead,0.0,0.0218,0.2502,False,lightgbm-v1
2025-02-14T18:00:00Z,2025-02-15T00:00:00+06:00,2025-02-16T11:00:00+06:00,2025-02-16T05:00:00Z,T1,35,2025-02-14T06:00:00Z,47,dayahead,0.0,0.0283,0.2567,False,lightgbm-v1
2025-02-14T18:00:00Z,2025-02-15T00:00:00+06:00,2025-02-16T12:00:00+06:00,2025-02-16T06:00:00Z,T1,36,2025-02-14T06:00:00Z,48,dayahead,0.0,0.0422,0.2706,False,lightgbm-v1
2025-02-14T18:00:00Z,2025-02-15T00:00:00+06:00,2025-02-16T13:00:00+06:00,2025-02-16T07:00:00Z,T1,37,2025-02-14T06:00:00Z,49,dayahead,0.0,0.0528,0.2812,False,lightgbm-v1
2025-02-14T18:00:00Z,2025-02-15T00:00:00+06:00,2025-02-16T14:00:00+06:00,2025-02-16T08:00:00Z,T1,38,2025-02-14T06:00:00Z,50,dayahead,0.0,0.0803,0.3087,False,lightgbm-v1
2025-02-14T18:00:00Z,2025-02-15T00:00:00+06:00,2025-02-16T15:00:00+06:00,2025-02-16T09:00:00Z,T1,39,2025-02-14T06:00:00Z,51,dayahead,0.0376,0.1198,0.3482,False,lightgbm-v1
2025-02-14T18:00:00Z,2025-02-15T00:00:00+06:00,2025-02-16T16:00:00+06:00,2025-02-16T10:00:00Z,T1,40,2025-02-14T06:00:00Z,52,dayahead,0.0,0.1751,0.689,False,lightgbm-v1
2025-02-14T18:00:00Z,2025-02-15T00:00:00+06:00,2025-02-16T17:00:00+06:00,2025-02-16T11:00:00Z,T1,41,2025-02-14T06:00:00Z,53,dayahead,0.0,0.1811,0.6951,False,lightgbm-v1
2025-02-14T18:00:00Z,2025-02-15T00:00:00+06:00,2025-02-16T18:00:00+06:00,2025-02-16T12:00:00Z,T1,42,2025-02-14T06:00:00Z,54,dayahead,0.0,0.1958,0.7098,False,lightgbm-v1
2025-02-14T18:00:00Z,2025-02-15T00:00:00+06:00,2025-02-16T19:00:00+06:00,2025-02-16T13:00:00Z,T1,43,2025-02-14T06:00:00Z,55,dayahead,0.0,0.1967,0.7107,False,lightgbm-v1
2025-02-14T18:00:00Z,2025-02-15T00:00:00+06:00,2025-02-16T20:00:00+06:00,2025-02-16T14:00:00Z,T1,44,2025-02-14T06:00:00Z,56,dayahead,0.0,0.162,0.676,False,lightgbm-v1
2025-02-14T18:00:00Z,2025-02-15T00:00:00+06:00,2025-02-16T21:00:00+06:00,2025-02-16T15:00:00Z,T1,45,2025-02-14T06:00:00Z,57,dayahead,0.043,0.1253,0.3537,False,lightgbm-v1
2025-02-14T18:00:00Z,2025-02-15T00:00:00+06:00,2025-02-16T22:00:00+06:00,2025-02-16T16:00:00Z,T1,46,2025-02-14T06:00:00Z,58,dayahead,0.0055,0.0877,0.3161,False,lightgbm-v1
2025-02-14T18:00:00Z,2025-02-15T00:00:00+06:00,2025-02-16T23:00:00+06:00,2025-02-16T17:00:00Z,T1,47,2025-02-14T06:00:00Z,59,dayahead,0.0,0.0656,0.294,False,lightgbm-v1
2025-02-14T18:00:00Z,2025-02-15T00:00:00+06:00,2025-02-15T00:00:00+06:00,2025-02-14T18:00:00Z,T2,0,2025-02-14T06:00:00Z,12,dayahead,0.2017,0.4651,0.9791,False,lightgbm-v1
2025-02-14T18:00:00Z,2025-02-15T00:00:00+06:00,2025-02-15T01:00:00+06:00,2025-02-14T19:00:00Z,T2,1,2025-02-14T06:00:00Z,13,dayahead,0.2317,0.495,1.0,False,lightgbm-v1
2025-02-14T18:00:00Z,2025-02-15T00:00:00+06:00,2025-02-15T02:00:00+06:00,2025-02-14T20:00:00Z,T2,2,2025-02-14T06:00:00Z,14,dayahead,0.0526,0.5503,0.8489,False,lightgbm-v1
2025-02-14T18:00:00Z,2025-02-15T00:00:00+06:00,2025-02-15T03:00:00+06:00,2025-02-14T21:00:00Z,T2,3,2025-02-14T06:00:00Z,15,dayahead,0.1562,0.6539,0.9526,False,lightgbm-v1
2025-02-14T18:00:00Z,2025-02-15T00:00:00+06:00,2025-02-15T04:00:00+06:00,2025-02-14T22:00:00Z,T2,4,2025-02-14T06:00:00Z,16,dayahead,0.2478,0.7455,1.0,False,lightgbm-v1
2025-02-14T18:00:00Z,2025-02-15T00:00:00+06:00,2025-02-15T05:00:00+06:00,2025-02-14T23:00:00Z,T2,5,2025-02-14T06:00:00Z,17,dayahead,0.2865,0.7842,1.0,False,lightgbm-v1
2025-02-14T18:00:00Z,2025-02-15T00:00:00+06:00,2025-02-15T06:00:00+06:00,2025-02-15T00:00:00Z,T2,6,2025-02-14T06:00:00Z,18,dayahead,0.2855,0.7832,1.0,False,lightgbm-v1
2025-02-14T18:00:00Z,2025-02-15T00:00:00+06:00,2025-02-15T07:00:00+06:00,2025-02-15T01:00:00Z,T2,7,2025-02-14T06:00:00Z,19,dayahead,0.3142,0.8119,1.0,False,lightgbm-v1
2025-02-14T18:00:00Z,2025-02-15T00:00:00+06:00,2025-02-15T08:00:00+06:00,2025-02-15T02:00:00Z,T2,8,2025-02-14T06:00:00Z,20,dayahead,0.3428,0.8405,1.0,False,lightgbm-v1
2025-02-14T18:00:00Z,2025-02-15T00:00:00+06:00,2025-02-15T09:00:00+06:00,2025-02-15T03:00:00Z,T2,9,2025-02-14T06:00:00Z,21,dayahead,0.352,0.8497,1.0,False,lightgbm-v1
2025-02-14T18:00:00Z,2025-02-15T00:00:00+06:00,2025-02-15T10:00:00+06:00,2025-02-15T04:00:00Z,T2,10,2025-02-14T06:00:00Z,22,dayahead,0.348,0.8457,1.0,False,lightgbm-v1
2025-02-14T18:00:00Z,2025-02-15T00:00:00+06:00,2025-02-15T11:00:00+06:00,2025-02-15T05:00:00Z,T2,11,2025-02-14T06:00:00Z,23,dayahead,0.3275,0.8252,1.0,False,lightgbm-v1
2025-02-14T18:00:00Z,2025-02-15T00:00:00+06:00,2025-02-15T12:00:00+06:00,2025-02-15T06:00:00Z,T2,12,2025-02-14T06:00:00Z,24,dayahead,0.5123,0.8708,0.9558,False,lightgbm-v1
2025-02-14T18:00:00Z,2025-02-15T00:00:00+06:00,2025-02-15T13:00:00+06:00,2025-02-15T07:00:00Z,T2,13,2025-02-14T06:00:00Z,25,dayahead,0.342,0.8397,1.0,False,lightgbm-v1
2025-02-14T18:00:00Z,2025-02-15T00:00:00+06:00,2025-02-15T14:00:00+06:00,2025-02-15T08:00:00Z,T2,14,2025-02-14T06:00:00Z,26,dayahead,0.223,0.7207,1.0,False,lightgbm-v1
2025-02-14T18:00:00Z,2025-02-15T00:00:00+06:00,2025-02-15T15:00:00+06:00,2025-02-15T09:00:00Z,T2,15,2025-02-14T06:00:00Z,27,dayahead,0.0327,0.5304,0.8291,False,lightgbm-v1
2025-02-14T18:00:00Z,2025-02-15T00:00:00+06:00,2025-02-15T16:00:00+06:00,2025-02-15T10:00:00Z,T2,16,2025-02-14T06:00:00Z,28,dayahead,0.0177,0.0999,0.3283,False,lightgbm-v1
2025-02-14T18:00:00Z,2025-02-15T00:00:00+06:00,2025-02-15T17:00:00+06:00,2025-02-15T11:00:00Z,T2,17,2025-02-14T06:00:00Z,29,dayahead,0.0482,0.1305,0.3588,False,lightgbm-v1
2025-02-14T18:00:00Z,2025-02-15T00:00:00+06:00,2025-02-15T18:00:00+06:00,2025-02-15T12:00:00Z,T2,18,2025-02-14T06:00:00Z,30,dayahead,0.2638,0.7615,1.0,False,lightgbm-v1
2025-02-14T18:00:00Z,2025-02-15T00:00:00+06:00,2025-02-15T19:00:00+06:00,2025-02-15T13:00:00Z,T2,19,2025-02-14T06:00:00Z,31,dayahead,0.0404,0.5381,0.8367,False,lightgbm-v1
2025-02-14T18:00:00Z,2025-02-15T00:00:00+06:00,2025-02-15T20:00:00+06:00,2025-02-15T14:00:00Z,T2,20,2025-02-14T06:00:00Z,32,dayahead,0.226,0.4893,1.0,False,lightgbm-v1
2025-02-14T18:00:00Z,2025-02-15T00:00:00+06:00,2025-02-15T21:00:00+06:00,2025-02-15T15:00:00Z,T2,21,2025-02-14T06:00:00Z,33,dayahead,0.1916,0.6893,0.9879,False,lightgbm-v1
2025-02-14T18:00:00Z,2025-02-15T00:00:00+06:00,2025-02-15T22:00:00+06:00,2025-02-15T16:00:00Z,T2,22,2025-02-14T06:00:00Z,34,dayahead,0.3255,0.8232,1.0,False,lightgbm-v1
2025-02-14T18:00:00Z,2025-02-15T00:00:00+06:00,2025-02-15T23:00:00+06:00,2025-02-15T17:00:00Z,T2,23,2025-02-14T06:00:00Z,35,dayahead,0.3431,0.8408,1.0,False,lightgbm-v1
2025-02-14T18:00:00Z,2025-02-15T00:00:00+06:00,2025-02-16T00:00:00+06:00,2025-02-15T18:00:00Z,T2,24,2025-02-14T06:00:00Z,36,dayahead,0.3191,0.8168,1.0,False,lightgbm-v1
2025-02-14T18:00:00Z,2025-02-15T00:00:00+06:00,2025-02-16T01:00:00+06:00,2025-02-15T19:00:00Z,T2,25,2025-02-14T06:00:00Z,37,dayahead,0.3432,0.8409,1.0,False,lightgbm-v1
2025-02-14T18:00:00Z,2025-02-15T00:00:00+06:00,2025-02-16T02:00:00+06:00,2025-02-15T20:00:00Z,T2,26,2025-02-14T06:00:00Z,38,dayahead,0.2641,0.7618,1.0,False,lightgbm-v1
2025-02-14T18:00:00Z,2025-02-15T00:00:00+06:00,2025-02-16T03:00:00+06:00,2025-02-15T21:00:00Z,T2,27,2025-02-14T06:00:00Z,39,dayahead,0.1579,0.6555,0.9542,False,lightgbm-v1
2025-02-14T18:00:00Z,2025-02-15T00:00:00+06:00,2025-02-16T04:00:00+06:00,2025-02-15T22:00:00Z,T2,28,2025-02-14T06:00:00Z,40,dayahead,0.032,0.5297,0.8284,False,lightgbm-v1
2025-02-14T18:00:00Z,2025-02-15T00:00:00+06:00,2025-02-16T05:00:00+06:00,2025-02-15T23:00:00Z,T2,29,2025-02-14T06:00:00Z,41,dayahead,0.0788,0.3421,0.8561,False,lightgbm-v1
2025-02-14T18:00:00Z,2025-02-15T00:00:00+06:00,2025-02-16T06:00:00+06:00,2025-02-16T00:00:00Z,T2,30,2025-02-14T06:00:00Z,42,dayahead,0.0,0.152,0.666,False,lightgbm-v1
2025-02-14T18:00:00Z,2025-02-15T00:00:00+06:00,2025-02-16T07:00:00+06:00,2025-02-16T01:00:00Z,T2,31,2025-02-14T06:00:00Z,43,dayahead,0.0,0.0478,0.2762,False,lightgbm-v1
2025-02-14T18:00:00Z,2025-02-15T00:00:00+06:00,2025-02-16T08:00:00+06:00,2025-02-16T02:00:00Z,T2,32,2025-02-14T06:00:00Z,44,dayahead,0.0,0.0389,0.2673,False,lightgbm-v1
2025-02-14T18:00:00Z,2025-02-15T00:00:00+06:00,2025-02-16T09:00:00+06:00,2025-02-16T03:00:00Z,T2,33,2025-02-14T06:00:00Z,45,dayahead,0.0,0.0224,0.2508,False,lightgbm-v1
2025-02-14T18:00:00Z,2025-02-15T00:00:00+06:00,2025-02-16T10:00:00+06:00,2025-02-16T04:00:00Z,T2,34,2025-02-14T06:00:00Z,46,dayahead,0.0,0.0213,0.2497,False,lightgbm-v1
2025-02-14T18:00:00Z,2025-02-15T00:00:00+06:00,2025-02-16T11:00:00+06:00,2025-02-16T05:00:00Z,T2,35,2025-02-14T06:00:00Z,47,dayahead,0.0,0.0279,0.2563,False,lightgbm-v1
2025-02-14T18:00:00Z,2025-02-15T00:00:00+06:00,2025-02-16T12:00:00+06:00,2025-02-16T06:00:00Z,T2,36,2025-02-14T06:00:00Z,48,dayahead,0.0,0.0437,0.2721,False,lightgbm-v1
2025-02-14T18:00:00Z,2025-02-15T00:00:00+06:00,2025-02-16T13:00:00+06:00,2025-02-16T07:00:00Z,T2,37,2025-02-14T06:00:00Z,49,dayahead,0.0,0.0542,0.2826,False,lightgbm-v1
2025-02-14T18:00:00Z,2025-02-15T00:00:00+06:00,2025-02-16T14:00:00+06:00,2025-02-16T08:00:00Z,T2,38,2025-02-14T06:00:00Z,50,dayahead,0.0,0.0799,0.3083,False,lightgbm-v1
2025-02-14T18:00:00Z,2025-02-15T00:00:00+06:00,2025-02-16T15:00:00+06:00,2025-02-16T09:00:00Z,T2,39,2025-02-14T06:00:00Z,51,dayahead,0.0362,0.1185,0.3469,False,lightgbm-v1
2025-02-14T18:00:00Z,2025-02-15T00:00:00+06:00,2025-02-16T16:00:00+06:00,2025-02-16T10:00:00Z,T2,40,2025-02-14T06:00:00Z,52,dayahead,0.0,0.1733,0.6873,False,lightgbm-v1
2025-02-14T18:00:00Z,2025-02-15T00:00:00+06:00,2025-02-16T17:00:00+06:00,2025-02-16T11:00:00Z,T2,41,2025-02-14T06:00:00Z,53,dayahead,0.0,0.1792,0.6931,False,lightgbm-v1
2025-02-14T18:00:00Z,2025-02-15T00:00:00+06:00,2025-02-16T18:00:00+06:00,2025-02-16T12:00:00Z,T2,42,2025-02-14T06:00:00Z,54,dayahead,0.0,0.1942,0.7082,False,lightgbm-v1
2025-02-14T18:00:00Z,2025-02-15T00:00:00+06:00,2025-02-16T19:00:00+06:00,2025-02-16T13:00:00Z,T2,43,2025-02-14T06:00:00Z,55,dayahead,0.0,0.1961,0.7101,False,lightgbm-v1
2025-02-14T18:00:00Z,2025-02-15T00:00:00+06:00,2025-02-16T20:00:00+06:00,2025-02-16T14:00:00Z,T2,44,2025-02-14T06:00:00Z,56,dayahead,0.0,0.1614,0.6754,False,lightgbm-v1
2025-02-14T18:00:00Z,2025-02-15T00:00:00+06:00,2025-02-16T21:00:00+06:00,2025-02-16T15:00:00Z,T2,45,2025-02-14T06:00:00Z,57,dayahead,0.0427,0.125,0.3534,False,lightgbm-v1
2025-02-14T18:00:00Z,2025-02-15T00:00:00+06:00,2025-02-16T22:00:00+06:00,2025-02-16T16:00:00Z,T2,46,2025-02-14T06:00:00Z,58,dayahead,0.0046,0.0869,0.3153,False,lightgbm-v1
2025-02-14T18:00:00Z,2025-02-15T00:00:00+06:00,2025-02-16T23:00:00+06:00,2025-02-16T17:00:00Z,T2,47,2025-02-14T06:00:00Z,59,dayahead,0.0,0.0658,0.2942,False,lightgbm-v1
2025-02-15T18:00:00Z,2025-02-16T00:00:00+06:00,2025-02-16T00:00:00+06:00,2025-02-15T18:00:00Z,T1,0,2025-02-15T06:00:00Z,12,dayahead,0.2556,0.7533,1.0,False,lightgbm-v1
2025-02-15T18:00:00Z,2025-02-16T00:00:00+06:00,2025-02-16T01:00:00+06:00,2025-02-15T19:00:00Z,T1,1,2025-02-15T06:00:00Z,13,dayahead,0.1937,0.6914,0.99,False,lightgbm-v1
2025-02-15T18:00:00Z,2025-02-16T00:00:00+06:00,2025-02-16T02:00:00+06:00,2025-02-15T20:00:00Z,T1,2,2025-02-15T06:00:00Z,14,dayahead,0.1231,0.6208,0.9194,False,lightgbm-v1
2025-02-15T18:00:00Z,2025-02-16T00:00:00+06:00,2025-02-16T03:00:00+06:00,2025-02-15T21:00:00Z,T1,3,2025-02-15T06:00:00Z,15,dayahead,0.0625,0.5602,0.8588,False,lightgbm-v1
2025-02-15T18:00:00Z,2025-02-16T00:00:00+06:00,2025-02-16T04:00:00+06:00,2025-02-15T22:00:00Z,T1,4,2025-02-15T06:00:00Z,16,dayahead,0.1808,0.4441,0.9581,False,lightgbm-v1
2025-02-15T18:00:00Z,2025-02-16T00:00:00+06:00,2025-02-16T05:00:00+06:00,2025-02-15T23:00:00Z,T1,5,2025-02-15T06:00:00Z,17,dayahead,0.0098,0.2731,0.7871,False,lightgbm-v1
2025-02-15T18:00:00Z,2025-02-16T00:00:00+06:00,2025-02-16T06:00:00+06:00,2025-02-16T00:00:00Z,T1,6,2025-02-15T06:00:00Z,18,dayahead,0.0171,0.0994,0.3278,False,lightgbm-v1
2025-02-15T18:00:00Z,2025-02-16T00:00:00+06:00,2025-02-16T07:00:00+06:00,2025-02-16T01:00:00Z,T1,7,2025-02-15T06:00:00Z,19,dayahead,0.0,0.0282,0.2566,False,lightgbm-v1
2025-02-15T18:00:00Z,2025-02-16T00:00:00+06:00,2025-02-16T08:00:00+06:00,2025-02-16T02:00:00Z,T1,8,2025-02-15T06:00:00Z,20,dayahead,0.0,0.0185,0.2469,False,lightgbm-v1
2025-02-15T18:00:00Z,2025-02-16T00:00:00+06:00,2025-02-16T09:00:00+06:00,2025-02-16T03:00:00Z,T1,9,2025-02-15T06:00:00Z,21,dayahead,0.0,0.0263,0.2547,False,lightgbm-v1
2025-02-15T18:00:00Z,2025-02-16T00:00:00+06:00,2025-02-16T10:00:00+06:00,2025-02-16T04:00:00Z,T1,10,2025-02-15T06:00:00Z,22,dayahead,0.0,0.0126,0.241,False,lightgbm-v1
2025-02-15T18:00:00Z,2025-02-16T00:00:00+06:00,2025-02-16T11:00:00+06:00,2025-02-16T05:00:00Z,T1,11,2025-02-15T06:00:00Z,23,dayahead,0.0,0.0288,0.2572,False,lightgbm-v1
2025-02-15T18:00:00Z,2025-02-16T00:00:00+06:00,2025-02-16T12:00:00+06:00,2025-02-16T06:00:00Z,T1,12,2025-02-15T06:00:00Z,24,dayahead,0.0,0.0693,0.2977,False,lightgbm-v1
2025-02-15T18:00:00Z,2025-02-16T00:00:00+06:00,2025-02-16T13:00:00+06:00,2025-02-16T07:00:00Z,T1,13,2025-02-15T06:00:00Z,25,dayahead,0.045,0.1273,0.3557,False,lightgbm-v1
2025-02-15T18:00:00Z,2025-02-16T00:00:00+06:00,2025-02-16T14:00:00+06:00,2025-02-16T08:00:00Z,T1,14,2025-02-15T06:00:00Z,26,dayahead,0.0029,0.2663,0.7803,False,lightgbm-v1
2025-02-15T18:00:00Z,2025-02-16T00:00:00+06:00,2025-02-16T15:00:00+06:00,2025-02-16T09:00:00Z,T1,15,2025-02-15T06:00:00Z,27,dayahead,0.0941,0.3575,0.8714,False,lightgbm-v1
2025-02-15T18:00:00Z,2025-02-16T00:00:00+06:00,2025-02-16T16:00:00+06:00,2025-02-16T10:00:00Z,T1,16,2025-02-15T06:00:00Z,28,dayahead,0.0023,0.2656,0.7796,False,lightgbm-v1
2025-02-15T18:00:00Z,2025-02-16T00:00:00+06:00,2025-02-16T17:00:00+06:00,2025-02-16T11:00:00Z,T1,17,2025-02-15T06:00:00Z,29,dayahead,0.028,0.2913,0.8053,False,lightgbm-v1
2025-02-15T18:00:00Z,2025-02-16T00:00:00+06:00,2025-02-16T18:00:00+06:00,2025-02-16T12:00:00Z,T1,18,2025-02-15T06:00:00Z,30,dayahead,0.1038,0.3671,0.8811,False,lightgbm-v1
2025-02-15T18:00:00Z,2025-02-16T00:00:00+06:00,2025-02-16T19:00:00+06:00,2025-02-16T13:00:00Z,T1,19,2025-02-15T06:00:00Z,31,dayahead,0.0493,0.3126,0.8266,False,lightgbm-v1
2025-02-15T18:00:00Z,2025-02-16T00:00:00+06:00,2025-02-16T20:00:00+06:00,2025-02-16T14:00:00Z,T1,20,2025-02-15T06:00:00Z,32,dayahead,0.0501,0.3134,0.8274,False,lightgbm-v1
2025-02-15T18:00:00Z,2025-02-16T00:00:00+06:00,2025-02-16T21:00:00+06:00,2025-02-16T15:00:00Z,T1,21,2025-02-15T06:00:00Z,33,dayahead,0.0,0.2451,0.7591,False,lightgbm-v1
2025-02-15T18:00:00Z,2025-02-16T00:00:00+06:00,2025-02-16T22:00:00+06:00,2025-02-16T16:00:00Z,T1,22,2025-02-15T06:00:00Z,34,dayahead,0.0,0.1737,0.6877,False,lightgbm-v1
2025-02-15T18:00:00Z,2025-02-16T00:00:00+06:00,2025-02-16T23:00:00+06:00,2025-02-16T17:00:00Z,T1,23,2025-02-15T06:00:00Z,35,dayahead,0.0533,0.1355,0.3639,False,lightgbm-v1
2025-02-15T18:00:00Z,2025-02-16T00:00:00+06:00,2025-02-17T00:00:00+06:00,2025-02-16T18:00:00Z,T1,24,2025-02-15T06:00:00Z,36,dayahead,0.0555,0.1377,0.3661,False,lightgbm-v1
2025-02-15T18:00:00Z,2025-02-16T00:00:00+06:00,2025-02-17T01:00:00+06:00,2025-02-16T19:00:00Z,T1,25,2025-02-15T06:00:00Z,37,dayahead,0.0333,0.1156,0.344,False,lightgbm-v1
2025-02-15T18:00:00Z,2025-02-16T00:00:00+06:00,2025-02-17T02:00:00+06:00,2025-02-16T20:00:00Z,T1,26,2025-02-15T06:00:00Z,38,dayahead,0.0066,0.0889,0.3173,False,lightgbm-v1
2025-02-15T18:00:00Z,2025-02-16T00:00:00+06:00,2025-02-17T03:00:00+06:00,2025-02-16T21:00:00Z,T1,27,2025-02-15T06:00:00Z,39,dayahead,0.0,0.0365,0.2649,False,lightgbm-v1
2025-02-15T18:00:00Z,2025-02-16T00:00:00+06:00,2025-02-17T04:00:00+06:00,2025-02-16T22:00:00Z,T1,28,2025-02-15T06:00:00Z,40,dayahead,0.0,0.0172,0.2456,False,lightgbm-v1
2025-02-15T18:00:00Z,2025-02-16T00:00:00+06:00,2025-02-17T05:00:00+06:00,2025-02-16T23:00:00Z,T1,29,2025-02-15T06:00:00Z,41,dayahead,0.0,0.0263,0.2547,False,lightgbm-v1
2025-02-15T18:00:00Z,2025-02-16T00:00:00+06:00,2025-02-17T06:00:00+06:00,2025-02-17T00:00:00Z,T1,30,2025-02-15T06:00:00Z,42,dayahead,0.0,0.0153,0.2437,False,lightgbm-v1
2025-02-15T18:00:00Z,2025-02-16T00:00:00+06:00,2025-02-17T07:00:00+06:00,2025-02-17T01:00:00Z,T1,31,2025-02-15T06:00:00Z,43,dayahead,0.0,0.0168,0.2451,False,lightgbm-v1
2025-02-15T18:00:00Z,2025-02-16T00:00:00+06:00,2025-02-17T08:00:00+06:00,2025-02-17T02:00:00Z,T1,32,2025-02-15T06:00:00Z,44,dayahead,0.0,0.0245,0.2529,False,lightgbm-v1
2025-02-15T18:00:00Z,2025-02-16T00:00:00+06:00,2025-02-17T09:00:00+06:00,2025-02-17T03:00:00Z,T1,33,2025-02-15T06:00:00Z,45,dayahead,0.0,0.0326,0.261,False,lightgbm-v1
2025-02-15T18:00:00Z,2025-02-16T00:00:00+06:00,2025-02-17T10:00:00+06:00,2025-02-17T04:00:00Z,T1,34,2025-02-15T06:00:00Z,46,dayahead,0.0,0.034,0.2623,False,lightgbm-v1
2025-02-15T18:00:00Z,2025-02-16T00:00:00+06:00,2025-02-17T11:00:00+06:00,2025-02-17T05:00:00Z,T1,35,2025-02-15T06:00:00Z,47,dayahead,0.0,0.0371,0.2655,False,lightgbm-v1
2025-02-15T18:00:00Z,2025-02-16T00:00:00+06:00,2025-02-17T12:00:00+06:00,2025-02-17T06:00:00Z,T1,36,2025-02-15T06:00:00Z,48,dayahead,0.0,0.0451,0.2735,False,lightgbm-v1
2025-02-15T18:00:00Z,2025-02-16T00:00:00+06:00,2025-02-17T13:00:00+06:00,2025-02-17T07:00:00Z,T1,37,2025-02-15T06:00:00Z,49,dayahead,0.0,0.0387,0.2671,False,lightgbm-v1
2025-02-15T18:00:00Z,2025-02-16T00:00:00+06:00,2025-02-17T14:00:00+06:00,2025-02-17T08:00:00Z,T1,38,2025-02-15T06:00:00Z,50,dayahead,0.0,0.0308,0.2592,False,lightgbm-v1
2025-02-15T18:00:00Z,2025-02-16T00:00:00+06:00,2025-02-17T15:00:00+06:00,2025-02-17T09:00:00Z,T1,39,2025-02-15T06:00:00Z,51,dayahead,0.0,0.0206,0.249,False,lightgbm-v1
2025-02-15T18:00:00Z,2025-02-16T00:00:00+06:00,2025-02-17T16:00:00+06:00,2025-02-17T10:00:00Z,T1,40,2025-02-15T06:00:00Z,52,dayahead,0.0,0.0176,0.246,False,lightgbm-v1
2025-02-15T18:00:00Z,2025-02-16T00:00:00+06:00,2025-02-17T17:00:00+06:00,2025-02-17T11:00:00Z,T1,41,2025-02-15T06:00:00Z,53,dayahead,0.0,0.0446,0.273,False,lightgbm-v1
2025-02-15T18:00:00Z,2025-02-16T00:00:00+06:00,2025-02-17T18:00:00+06:00,2025-02-17T12:00:00Z,T1,42,2025-02-15T06:00:00Z,54,dayahead,0.0233,0.1056,0.334,False,lightgbm-v1
2025-02-15T18:00:00Z,2025-02-16T00:00:00+06:00,2025-02-17T19:00:00+06:00,2025-02-17T13:00:00Z,T1,43,2025-02-15T06:00:00Z,55,dayahead,0.0,0.0492,0.2776,False,lightgbm-v1
2025-02-15T18:00:00Z,2025-02-16T00:00:00+06:00,2025-02-17T20:00:00+06:00,2025-02-17T14:00:00Z,T1,44,2025-02-15T06:00:00Z,56,dayahead,0.0,0.0265,0.2549,False,lightgbm-v1
2025-02-15T18:00:00Z,2025-02-16T00:00:00+06:00,2025-02-17T21:00:00+06:00,2025-02-17T15:00:00Z,T1,45,2025-02-15T06:00:00Z,57,dayahead,0.0,0.0263,0.2547,False,lightgbm-v1
2025-02-15T18:00:00Z,2025-02-16T00:00:00+06:00,2025-02-17T22:00:00+06:00,2025-02-17T16:00:00Z,T1,46,2025-02-15T06:00:00Z,58,dayahead,0.0,0.0399,0.2683,False,lightgbm-v1
2025-02-15T18:00:00Z,2025-02-16T00:00:00+06:00,2025-02-17T23:00:00+06:00,2025-02-17T17:00:00Z,T1,47,2025-02-15T06:00:00Z,59,dayahead,0.0,0.0422,0.2706,False,lightgbm-v1
2025-02-15T18:00:00Z,2025-02-16T00:00:00+06:00,2025-02-16T00:00:00+06:00,2025-02-15T18:00:00Z,T2,0,2025-02-15T06:00:00Z,12,dayahead,0.2591,0.7568,1.0,False,lightgbm-v1
2025-02-15T18:00:00Z,2025-02-16T00:00:00+06:00,2025-02-16T01:00:00+06:00,2025-02-15T19:00:00Z,T2,1,2025-02-15T06:00:00Z,13,dayahead,0.1947,0.6924,0.991,False,lightgbm-v1
2025-02-15T18:00:00Z,2025-02-16T00:00:00+06:00,2025-02-16T02:00:00+06:00,2025-02-15T20:00:00Z,T2,2,2025-02-15T06:00:00Z,14,dayahead,0.1258,0.6235,0.9221,False,lightgbm-v1
2025-02-15T18:00:00Z,2025-02-16T00:00:00+06:00,2025-02-16T03:00:00+06:00,2025-02-15T21:00:00Z,T2,3,2025-02-15T06:00:00Z,15,dayahead,0.0656,0.5633,0.8619,False,lightgbm-v1
2025-02-15T18:00:00Z,2025-02-16T00:00:00+06:00,2025-02-16T04:00:00+06:00,2025-02-15T22:00:00Z,T2,4,2025-02-15T06:00:00Z,16,dayahead,0.181,0.4444,0.9584,False,lightgbm-v1
2025-02-15T18:00:00Z,2025-02-16T00:00:00+06:00,2025-02-16T05:00:00+06:00,2025-02-15T23:00:00Z,T2,5,2025-02-15T06:00:00Z,17,dayahead,0.0079,0.2713,0.7853,False,lightgbm-v1
2025-02-15T18:00:00Z,2025-02-16T00:00:00+06:00,2025-02-16T06:00:00+06:00,2025-02-16T00:00:00Z,T2,6,2025-02-15T06:00:00Z,18,dayahead,0.0158,0.0981,0.3265,False,lightgbm-v1
2025-02-15T18:00:00Z,2025-02-16T00:00:00+06:00,2025-02-16T07:00:00+06:00,2025-02-16T01:00:00Z,T2,7,2025-02-15T06:00:00Z,19,dayahead,0.0,0.0272,0.2556,False,lightgbm-v1
2025-02-15T18:00:00Z,2025-02-16T00:00:00+06:00,2025-02-16T08:00:00+06:00,2025-02-16T02:00:00Z,T2,8,2025-02-15T06:00:00Z,20,dayahead,0.0,0.018,0.2464,False,lightgbm-v1
2025-02-15T18:00:00Z,2025-02-16T00:00:00+06:00,2025-02-16T09:00:00+06:00,2025-02-16T03:00:00Z,T2,9,2025-02-15T06:00:00Z,21,dayahead,0.0,0.0251,0.2535,False,lightgbm-v1
2025-02-15T18:00:00Z,2025-02-16T00:00:00+06:00,2025-02-16T10:00:00+06:00,2025-02-16T04:00:00Z,T2,10,2025-02-15T06:00:00Z,22,dayahead,0.0,0.0122,0.2405,False,lightgbm-v1
2025-02-15T18:00:00Z,2025-02-16T00:00:00+06:00,2025-02-16T11:00:00+06:00,2025-02-16T05:00:00Z,T2,11,2025-02-15T06:00:00Z,23,dayahead,0.0,0.0284,0.2568,False,lightgbm-v1
2025-02-15T18:00:00Z,2025-02-16T00:00:00+06:00,2025-02-16T12:00:00+06:00,2025-02-16T06:00:00Z,T2,12,2025-02-15T06:00:00Z,24,dayahead,0.0,0.0707,0.2991,False,lightgbm-v1
2025-02-15T18:00:00Z,2025-02-16T00:00:00+06:00,2025-02-16T13:00:00+06:00,2025-02-16T07:00:00Z,T2,13,2025-02-15T06:00:00Z,25,dayahead,0.0454,0.1276,0.356,False,lightgbm-v1
2025-02-15T18:00:00Z,2025-02-16T00:00:00+06:00,2025-02-16T14:00:00+06:00,2025-02-16T08:00:00Z,T2,14,2025-02-15T06:00:00Z,26,dayahead,0.0012,0.2645,0.7785,False,lightgbm-v1
2025-02-15T18:00:00Z,2025-02-16T00:00:00+06:00,2025-02-16T15:00:00+06:00,2025-02-16T09:00:00Z,T2,15,2025-02-15T06:00:00Z,27,dayahead,0.0922,0.3556,0.8696,False,lightgbm-v1
2025-02-15T18:00:00Z,2025-02-16T00:00:00+06:00,2025-02-16T16:00:00+06:00,2025-02-16T10:00:00Z,T2,16,2025-02-15T06:00:00Z,28,dayahead,0.0005,0.2638,0.7778,False,lightgbm-v1
2025-02-15T18:00:00Z,2025-02-16T00:00:00+06:00,2025-02-16T17:00:00+06:00,2025-02-16T11:00:00Z,T2,17,2025-02-15T06:00:00Z,29,dayahead,0.027,0.2903,0.8043,False,lightgbm-v1
2025-02-15T18:00:00Z,2025-02-16T00:00:00+06:00,2025-02-16T18:00:00+06:00,2025-02-16T12:00:00Z,T2,18,2025-02-15T06:00:00Z,30,dayahead,0.1033,0.3666,0.8806,False,lightgbm-v1
2025-02-15T18:00:00Z,2025-02-16T00:00:00+06:00,2025-02-16T19:00:00+06:00,2025-02-16T13:00:00Z,T2,19,2025-02-15T06:00:00Z,31,dayahead,0.0471,0.3105,0.8245,False,lightgbm-v1
2025-02-15T18:00:00Z,2025-02-16T00:00:00+06:00,2025-02-16T20:00:00+06:00,2025-02-16T14:00:00Z,T2,20,2025-02-15T06:00:00Z,32,dayahead,0.046,0.3093,0.8233,False,lightgbm-v1
2025-02-15T18:00:00Z,2025-02-16T00:00:00+06:00,2025-02-16T21:00:00+06:00,2025-02-16T15:00:00Z,T2,21,2025-02-15T06:00:00Z,33,dayahead,0.0,0.2433,0.7573,False,lightgbm-v1
2025-02-15T18:00:00Z,2025-02-16T00:00:00+06:00,2025-02-16T22:00:00+06:00,2025-02-16T16:00:00Z,T2,22,2025-02-15T06:00:00Z,34,dayahead,0.0,0.173,0.687,False,lightgbm-v1
2025-02-15T18:00:00Z,2025-02-16T00:00:00+06:00,2025-02-16T23:00:00+06:00,2025-02-16T17:00:00Z,T2,23,2025-02-15T06:00:00Z,35,dayahead,0.0522,0.1345,0.3629,False,lightgbm-v1
2025-02-15T18:00:00Z,2025-02-16T00:00:00+06:00,2025-02-17T00:00:00+06:00,2025-02-16T18:00:00Z,T2,24,2025-02-15T06:00:00Z,36,dayahead,0.0543,0.1366,0.365,False,lightgbm-v1
2025-02-15T18:00:00Z,2025-02-16T00:00:00+06:00,2025-02-17T01:00:00+06:00,2025-02-16T19:00:00Z,T2,25,2025-02-15T06:00:00Z,37,dayahead,0.0324,0.1146,0.343,False,lightgbm-v1
2025-02-15T18:00:00Z,2025-02-16T00:00:00+06:00,2025-02-17T02:00:00+06:00,2025-02-16T20:00:00Z,T2,26,2025-02-15T06:00:00Z,38,dayahead,0.0057,0.0879,0.3163,False,lightgbm-v1
2025-02-15T18:00:00Z,2025-02-16T00:00:00+06:00,2025-02-17T03:00:00+06:00,2025-02-16T21:00:00Z,T2,27,2025-02-15T06:00:00Z,39,dayahead,0.0,0.0355,0.2639,False,lightgbm-v1
2025-02-15T18:00:00Z,2025-02-16T00:00:00+06:00,2025-02-17T04:00:00+06:00,2025-02-16T22:00:00Z,T2,28,2025-02-15T06:00:00Z,40,dayahead,0.0,0.0162,0.2445,False,lightgbm-v1
2025-02-15T18:00:00Z,2025-02-16T00:00:00+06:00,2025-02-17T05:00:00+06:00,2025-02-16T23:00:00Z,T2,29,2025-02-15T06:00:00Z,41,dayahead,0.0,0.0253,0.2537,False,lightgbm-v1
2025-02-15T18:00:00Z,2025-02-16T00:00:00+06:00,2025-02-17T06:00:00+06:00,2025-02-17T00:00:00Z,T2,30,2025-02-15T06:00:00Z,42,dayahead,0.0,0.0145,0.2429,False,lightgbm-v1
2025-02-15T18:00:00Z,2025-02-16T00:00:00+06:00,2025-02-17T07:00:00+06:00,2025-02-17T01:00:00Z,T2,31,2025-02-15T06:00:00Z,43,dayahead,0.0,0.0162,0.2446,False,lightgbm-v1
2025-02-15T18:00:00Z,2025-02-16T00:00:00+06:00,2025-02-17T08:00:00+06:00,2025-02-17T02:00:00Z,T2,32,2025-02-15T06:00:00Z,44,dayahead,0.0,0.0239,0.2523,False,lightgbm-v1
2025-02-15T18:00:00Z,2025-02-16T00:00:00+06:00,2025-02-17T09:00:00+06:00,2025-02-17T03:00:00Z,T2,33,2025-02-15T06:00:00Z,45,dayahead,0.0,0.0317,0.26,False,lightgbm-v1
2025-02-15T18:00:00Z,2025-02-16T00:00:00+06:00,2025-02-17T10:00:00+06:00,2025-02-17T04:00:00Z,T2,34,2025-02-15T06:00:00Z,46,dayahead,0.0,0.0336,0.262,False,lightgbm-v1
2025-02-15T18:00:00Z,2025-02-16T00:00:00+06:00,2025-02-17T11:00:00+06:00,2025-02-17T05:00:00Z,T2,35,2025-02-15T06:00:00Z,47,dayahead,0.0,0.0361,0.2645,False,lightgbm-v1
2025-02-15T18:00:00Z,2025-02-16T00:00:00+06:00,2025-02-17T12:00:00+06:00,2025-02-17T06:00:00Z,T2,36,2025-02-15T06:00:00Z,48,dayahead,0.0,0.0443,0.2727,False,lightgbm-v1
2025-02-15T18:00:00Z,2025-02-16T00:00:00+06:00,2025-02-17T13:00:00+06:00,2025-02-17T07:00:00Z,T2,37,2025-02-15T06:00:00Z,49,dayahead,0.0,0.0383,0.2667,False,lightgbm-v1
2025-02-15T18:00:00Z,2025-02-16T00:00:00+06:00,2025-02-17T14:00:00+06:00,2025-02-17T08:00:00Z,T2,38,2025-02-15T06:00:00Z,50,dayahead,0.0,0.0299,0.2583,False,lightgbm-v1
2025-02-15T18:00:00Z,2025-02-16T00:00:00+06:00,2025-02-17T15:00:00+06:00,2025-02-17T09:00:00Z,T2,39,2025-02-15T06:00:00Z,51,dayahead,0.0,0.0199,0.2483,False,lightgbm-v1
2025-02-15T18:00:00Z,2025-02-16T00:00:00+06:00,2025-02-17T16:00:00+06:00,2025-02-17T10:00:00Z,T2,40,2025-02-15T06:00:00Z,52,dayahead,0.0,0.0175,0.2459,False,lightgbm-v1
2025-02-15T18:00:00Z,2025-02-16T00:00:00+06:00,2025-02-17T17:00:00+06:00,2025-02-17T11:00:00Z,T2,41,2025-02-15T06:00:00Z,53,dayahead,0.0,0.0446,0.273,False,lightgbm-v1
2025-02-15T18:00:00Z,2025-02-16T00:00:00+06:00,2025-02-17T18:00:00+06:00,2025-02-17T12:00:00Z,T2,42,2025-02-15T06:00:00Z,54,dayahead,0.0231,0.1054,0.3338,False,lightgbm-v1
2025-02-15T18:00:00Z,2025-02-16T00:00:00+06:00,2025-02-17T19:00:00+06:00,2025-02-17T13:00:00Z,T2,43,2025-02-15T06:00:00Z,55,dayahead,0.0,0.0488,0.2772,False,lightgbm-v1
2025-02-15T18:00:00Z,2025-02-16T00:00:00+06:00,2025-02-17T20:00:00+06:00,2025-02-17T14:00:00Z,T2,44,2025-02-15T06:00:00Z,56,dayahead,0.0,0.0261,0.2545,False,lightgbm-v1
2025-02-15T18:00:00Z,2025-02-16T00:00:00+06:00,2025-02-17T21:00:00+06:00,2025-02-17T15:00:00Z,T2,45,2025-02-15T06:00:00Z,57,dayahead,0.0,0.026,0.2544,False,lightgbm-v1
2025-02-15T18:00:00Z,2025-02-16T00:00:00+06:00,2025-02-17T22:00:00+06:00,2025-02-17T16:00:00Z,T2,46,2025-02-15T06:00:00Z,58,dayahead,0.0,0.0387,0.2671,False,lightgbm-v1
2025-02-15T18:00:00Z,2025-02-16T00:00:00+06:00,2025-02-17T23:00:00+06:00,2025-02-17T17:00:00Z,T2,47,2025-02-15T06:00:00Z,59,dayahead,0.0,0.0409,0.2693,False,lightgbm-v1
2025-02-16T18:00:00Z,2025-02-17T00:00:00+06:00,2025-02-17T00:00:00+06:00,2025-02-16T18:00:00Z,T1,0,2025-02-16T06:00:00Z,12,dayahead,0.0464,0.1286,0.357,False,lightgbm-v1
2025-02-16T18:00:00Z,2025-02-17T00:00:00+06:00,2025-02-17T01:00:00+06:00,2025-02-16T19:00:00Z,T1,1,2025-02-16T06:00:00Z,13,dayahead,0.0,0.0676,0.296,False,lightgbm-v1
2025-02-16T18:00:00Z,2025-02-17T00:00:00+06:00,2025-02-17T02:00:00+06:00,2025-02-16T20:00:00Z,T1,2,2025-02-16T06:00:00Z,14,dayahead,0.0,0.0492,0.2776,False,lightgbm-v1
2025-02-16T18:00:00Z,2025-02-17T00:00:00+06:00,2025-02-17T03:00:00+06:00,2025-02-16T21:00:00Z,T1,3,2025-02-16T06:00:00Z,15,dayahead,0.0,0.0228,0.2512,False,lightgbm-v1
2025-02-16T18:00:00Z,2025-02-17T00:00:00+06:00,2025-02-17T04:00:00+06:00,2025-02-16T22:00:00Z,T1,4,2025-02-16T06:00:00Z,16,dayahead,0.0,0.0142,0.2426,False,lightgbm-v1
2025-02-16T18:00:00Z,2025-02-17T00:00:00+06:00,2025-02-17T05:00:00+06:00,2025-02-16T23:00:00Z,T1,5,2025-02-16T06:00:00Z,17,dayahead,0.0,0.0171,0.2454,False,lightgbm-v1
2025-02-16T18:00:00Z,2025-02-17T00:00:00+06:00,2025-02-17T06:00:00+06:00,2025-02-17T00:00:00Z,T1,6,2025-02-16T06:00:00Z,18,dayahead,0.0,0.0122,0.2405,False,lightgbm-v1
2025-02-16T18:00:00Z,2025-02-17T00:00:00+06:00,2025-02-17T07:00:00+06:00,2025-02-17T01:00:00Z,T1,7,2025-02-16T06:00:00Z,19,dayahead,0.0,0.0263,0.2547,False,lightgbm-v1
2025-02-16T18:00:00Z,2025-02-17T00:00:00+06:00,2025-02-17T08:00:00+06:00,2025-02-17T02:00:00Z,T1,8,2025-02-16T06:00:00Z,20,dayahead,0.0,0.0297,0.2581,False,lightgbm-v1
2025-02-16T18:00:00Z,2025-02-17T00:00:00+06:00,2025-02-17T09:00:00+06:00,2025-02-17T03:00:00Z,T1,9,2025-02-16T06:00:00Z,21,dayahead,0.0,0.0414,0.2698,False,lightgbm-v1
2025-02-16T18:00:00Z,2025-02-17T00:00:00+06:00,2025-02-17T10:00:00+06:00,2025-02-17T04:00:00Z,T1,10,2025-02-16T06:00:00Z,22,dayahead,0.0,0.0264,0.2547,False,lightgbm-v1
2025-02-16T18:00:00Z,2025-02-17T00:00:00+06:00,2025-02-17T11:00:00+06:00,2025-02-17T05:00:00Z,T1,11,2025-02-16T06:00:00Z,23,dayahead,0.0,0.0364,0.2648,False,lightgbm-v1
2025-02-16T18:00:00Z,2025-02-17T00:00:00+06:00,2025-02-17T12:00:00+06:00,2025-02-17T06:00:00Z,T1,12,2025-02-16T06:00:00Z,24,dayahead,0.0,0.0375,0.2658,False,lightgbm-v1
2025-02-16T18:00:00Z,2025-02-17T00:00:00+06:00,2025-02-17T13:00:00+06:00,2025-02-17T07:00:00Z,T1,13,2025-02-16T06:00:00Z,25,dayahead,0.0,0.0239,0.2523,False,lightgbm-v1
2025-02-16T18:00:00Z,2025-02-17T00:00:00+06:00,2025-02-17T14:00:00+06:00,2025-02-17T08:00:00Z,T1,14,2025-02-16T06:00:00Z,26,dayahead,0.0,0.0168,0.2452,False,lightgbm-v1
2025-02-16T18:00:00Z,2025-02-17T00:00:00+06:00,2025-02-17T15:00:00+06:00,2025-02-17T09:00:00Z,T1,15,2025-02-16T06:00:00Z,27,dayahead,0.0,0.0176,0.246,False,lightgbm-v1
2025-02-16T18:00:00Z,2025-02-17T00:00:00+06:00,2025-02-17T16:00:00+06:00,2025-02-17T10:00:00Z,T1,16,2025-02-16T06:00:00Z,28,dayahead,0.0,0.0311,0.2595,False,lightgbm-v1
2025-02-16T18:00:00Z,2025-02-17T00:00:00+06:00,2025-02-17T17:00:00+06:00,2025-02-17T11:00:00Z,T1,17,2025-02-16T06:00:00Z,29,dayahead,0.0,0.0654,0.2938,False,lightgbm-v1
2025-02-16T18:00:00Z,2025-02-17T00:00:00+06:00,2025-02-17T18:00:00+06:00,2025-02-17T12:00:00Z,T1,18,2025-02-16T06:00:00Z,30,dayahead,0.0128,0.0951,0.3235,False,lightgbm-v1
2025-02-16T18:00:00Z,2025-02-17T00:00:00+06:00,2025-02-17T19:00:00+06:00,2025-02-17T13:00:00Z,T1,19,2025-02-16T06:00:00Z,31,dayahead,0.0,0.0716,0.3,False,lightgbm-v1
2025-02-16T18:00:00Z,2025-02-17T00:00:00+06:00,2025-02-17T20:00:00+06:00,2025-02-17T14:00:00Z,T1,20,2025-02-16T06:00:00Z,32,dayahead,0.0,0.053,0.2814,False,lightgbm-v1
2025-02-16T18:00:00Z,2025-02-17T00:00:00+06:00,2025-02-17T21:00:00+06:00,2025-02-17T15:00:00Z,T1,21,2025-02-16T06:00:00Z,33,dayahead,0.0,0.0362,0.2646,False,lightgbm-v1
2025-02-16T18:00:00Z,2025-02-17T00:00:00+06:00,2025-02-17T22:00:00+06:00,2025-02-17T16:00:00Z,T1,22,2025-02-16T06:00:00Z,34,dayahead,0.0,0.022,0.2504,False,lightgbm-v1
2025-02-16T18:00:00Z,2025-02-17T00:00:00+06:00,2025-02-17T23:00:00+06:00,2025-02-17T17:00:00Z,T1,23,2025-02-16T06:00:00Z,35,dayahead,0.0,0.0183,0.2467,False,lightgbm-v1
2025-02-16T18:00:00Z,2025-02-17T00:00:00+06:00,2025-02-18T00:00:00+06:00,2025-02-17T18:00:00Z,T1,24,2025-02-16T06:00:00Z,36,dayahead,0.0,0.0281,0.2565,False,lightgbm-v1
2025-02-16T18:00:00Z,2025-02-17T00:00:00+06:00,2025-02-18T01:00:00+06:00,2025-02-17T19:00:00Z,T1,25,2025-02-16T06:00:00Z,37,dayahead,0.0,0.0345,0.2628,False,lightgbm-v1
2025-02-16T18:00:00Z,2025-02-17T00:00:00+06:00,2025-02-18T02:00:00+06:00,2025-02-17T20:00:00Z,T1,26,2025-02-16T06:00:00Z,38,dayahead,0.0,0.0589,0.2873,False,lightgbm-v1
2025-02-16T18:00:00Z,2025-02-17T00:00:00+06:00,2025-02-18T03:00:00+06:00,2025-02-17T21:00:00Z,T1,27,2025-02-16T06:00:00Z,39,dayahead,0.0116,0.0938,0.3222,False,lightgbm-v1
2025-02-16T18:00:00Z,2025-02-17T00:00:00+06:00,2025-02-18T04:00:00+06:00,2025-02-17T22:00:00Z,T1,28,2025-02-16T06:00:00Z,40,dayahead,0.0361,0.1183,0.3467,False,lightgbm-v1
2025-02-16T18:00:00Z,2025-02-17T00:00:00+06:00,2025-02-18T05:00:00+06:00,2025-02-17T23:00:00Z,T1,29,2025-02-16T06:00:00Z,41,dayahead,0.0532,0.1355,0.3639,False,lightgbm-v1
2025-02-16T18:00:00Z,2025-02-17T00:00:00+06:00,2025-02-18T06:00:00+06:00,2025-02-18T00:00:00Z,T1,30,2025-02-16T06:00:00Z,42,dayahead,0.0654,0.1477,0.3761,False,lightgbm-v1
2025-02-16T18:00:00Z,2025-02-17T00:00:00+06:00,2025-02-18T07:00:00+06:00,2025-02-18T01:00:00Z,T1,31,2025-02-16T06:00:00Z,43,dayahead,0.0,0.232,0.7459,False,lightgbm-v1
2025-02-16T18:00:00Z,2025-02-17T00:00:00+06:00,2025-02-18T08:00:00+06:00,2025-02-18T02:00:00Z,T1,32,2025-02-16T06:00:00Z,44,dayahead,0.0735,0.3369,0.8509,False,lightgbm-v1
2025-02-16T18:00:00Z,2025-02-17T00:00:00+06:00,2025-02-18T09:00:00+06:00,2025-02-18T03:00:00Z,T1,33,2025-02-16T06:00:00Z,45,dayahead,0.1809,0.4442,0.9582,False,lightgbm-v1
2025-02-16T18:00:00Z,2025-02-17T00:00:00+06:00,2025-02-18T10:00:00+06:00,2025-02-18T04:00:00Z,T1,34,2025-02-16T06:00:00Z,46,dayahead,0.1749,0.4383,0.9522,False,lightgbm-v1
2025-02-16T18:00:00Z,2025-02-17T00:00:00+06:00,2025-02-18T11:00:00+06:00,2025-02-18T05:00:00Z,T1,35,2025-02-16T06:00:00Z,47,dayahead,0.1879,0.6856,0.9842,False,lightgbm-v1
2025-02-16T18:00:00Z,2025-02-17T00:00:00+06:00,2025-02-18T12:00:00+06:00,2025-02-18T06:00:00Z,T1,36,2025-02-16T06:00:00Z,48,dayahead,0.3005,0.7981,1.0,False,lightgbm-v1
2025-02-16T18:00:00Z,2025-02-17T00:00:00+06:00,2025-02-18T13:00:00+06:00,2025-02-18T07:00:00Z,T1,37,2025-02-16T06:00:00Z,49,dayahead,0.2813,0.779,1.0,False,lightgbm-v1
2025-02-16T18:00:00Z,2025-02-17T00:00:00+06:00,2025-02-18T14:00:00+06:00,2025-02-18T08:00:00Z,T1,38,2025-02-16T06:00:00Z,50,dayahead,0.2334,0.7311,1.0,False,lightgbm-v1
2025-02-16T18:00:00Z,2025-02-17T00:00:00+06:00,2025-02-18T15:00:00+06:00,2025-02-18T09:00:00Z,T1,39,2025-02-16T06:00:00Z,51,dayahead,0.1552,0.6529,0.9515,False,lightgbm-v1
2025-02-16T18:00:00Z,2025-02-17T00:00:00+06:00,2025-02-18T16:00:00+06:00,2025-02-18T10:00:00Z,T1,40,2025-02-16T06:00:00Z,52,dayahead,0.0929,0.5906,0.8892,False,lightgbm-v1
2025-02-16T18:00:00Z,2025-02-17T00:00:00+06:00,2025-02-18T17:00:00+06:00,2025-02-18T11:00:00Z,T1,41,2025-02-16T06:00:00Z,53,dayahead,0.0795,0.5772,0.8759,False,lightgbm-v1
2025-02-16T18:00:00Z,2025-02-17T00:00:00+06:00,2025-02-18T18:00:00+06:00,2025-02-18T12:00:00Z,T1,42,2025-02-16T06:00:00Z,54,dayahead,0.0851,0.5828,0.8814,False,lightgbm-v1
2025-02-16T18:00:00Z,2025-02-17T00:00:00+06:00,2025-02-18T19:00:00+06:00,2025-02-18T13:00:00Z,T1,43,2025-02-16T06:00:00Z,55,dayahead,0.1757,0.439,0.953,False,lightgbm-v1
2025-02-16T18:00:00Z,2025-02-17T00:00:00+06:00,2025-02-18T20:00:00+06:00,2025-02-18T14:00:00Z,T1,44,2025-02-16T06:00:00Z,56,dayahead,0.0727,0.336,0.85,False,lightgbm-v1
2025-02-16T18:00:00Z,2025-02-17T00:00:00+06:00,2025-02-18T21:00:00+06:00,2025-02-18T15:00:00Z,T1,45,2025-02-16T06:00:00Z,57,dayahead,0.0232,0.2865,0.8005,False,lightgbm-v1
2025-02-16T18:00:00Z,2025-02-17T00:00:00+06:00,2025-02-18T22:00:00+06:00,2025-02-18T16:00:00Z,T1,46,2025-02-16T06:00:00Z,58,dayahead,0.0665,0.3299,0.8438,False,lightgbm-v1
2025-02-16T18:00:00Z,2025-02-17T00:00:00+06:00,2025-02-18T23:00:00+06:00,2025-02-18T17:00:00Z,T1,47,2025-02-16T06:00:00Z,59,dayahead,0.0735,0.3368,0.8508,False,lightgbm-v1
2025-02-16T18:00:00Z,2025-02-17T00:00:00+06:00,2025-02-17T00:00:00+06:00,2025-02-16T18:00:00Z,T2,0,2025-02-16T06:00:00Z,12,dayahead,0.0451,0.1274,0.3558,False,lightgbm-v1
2025-02-16T18:00:00Z,2025-02-17T00:00:00+06:00,2025-02-17T01:00:00+06:00,2025-02-16T19:00:00Z,T2,1,2025-02-16T06:00:00Z,13,dayahead,0.0,0.067,0.2954,False,lightgbm-v1
2025-02-16T18:00:00Z,2025-02-17T00:00:00+06:00,2025-02-17T02:00:00+06:00,2025-02-16T20:00:00Z,T2,2,2025-02-16T06:00:00Z,14,dayahead,0.0,0.0485,0.2769,False,lightgbm-v1
2025-02-16T18:00:00Z,2025-02-17T00:00:00+06:00,2025-02-17T03:00:00+06:00,2025-02-16T21:00:00Z,T2,3,2025-02-16T06:00:00Z,15,dayahead,0.0,0.022,0.2504,False,lightgbm-v1
2025-02-16T18:00:00Z,2025-02-17T00:00:00+06:00,2025-02-17T04:00:00+06:00,2025-02-16T22:00:00Z,T2,4,2025-02-16T06:00:00Z,16,dayahead,0.0,0.0139,0.2423,False,lightgbm-v1
2025-02-16T18:00:00Z,2025-02-17T00:00:00+06:00,2025-02-17T05:00:00+06:00,2025-02-16T23:00:00Z,T2,5,2025-02-16T06:00:00Z,17,dayahead,0.0,0.0166,0.245,False,lightgbm-v1
2025-02-16T18:00:00Z,2025-02-17T00:00:00+06:00,2025-02-17T06:00:00+06:00,2025-02-17T00:00:00Z,T2,6,2025-02-16T06:00:00Z,18,dayahead,0.0,0.0117,0.2401,False,lightgbm-v1
2025-02-16T18:00:00Z,2025-02-17T00:00:00+06:00,2025-02-17T07:00:00+06:00,2025-02-17T01:00:00Z,T2,7,2025-02-16T06:00:00Z,19,dayahead,0.0,0.0258,0.2542,False,lightgbm-v1
2025-02-16T18:00:00Z,2025-02-17T00:00:00+06:00,2025-02-17T08:00:00+06:00,2025-02-17T02:00:00Z,T2,8,2025-02-16T06:00:00Z,20,dayahead,0.0,0.0292,0.2576,False,lightgbm-v1
2025-02-16T18:00:00Z,2025-02-17T00:00:00+06:00,2025-02-17T09:00:00+06:00,2025-02-17T03:00:00Z,T2,9,2025-02-16T06:00:00Z,21,dayahead,0.0,0.0408,0.2692,False,lightgbm-v1
2025-02-16T18:00:00Z,2025-02-17T00:00:00+06:00,2025-02-17T10:00:00+06:00,2025-02-17T04:00:00Z,T2,10,2025-02-16T06:00:00Z,22,dayahead,0.0,0.0255,0.2539,False,lightgbm-v1
2025-02-16T18:00:00Z,2025-02-17T00:00:00+06:00,2025-02-17T11:00:00+06:00,2025-02-17T05:00:00Z,T2,11,2025-02-16T06:00:00Z,23,dayahead,0.0,0.0347,0.2631,False,lightgbm-v1
2025-02-16T18:00:00Z,2025-02-17T00:00:00+06:00,2025-02-17T12:00:00+06:00,2025-02-17T06:00:00Z,T2,12,2025-02-16T06:00:00Z,24,dayahead,0.0,0.0361,0.2645,False,lightgbm-v1
2025-02-16T18:00:00Z,2025-02-17T00:00:00+06:00,2025-02-17T13:00:00+06:00,2025-02-17T07:00:00Z,T2,13,2025-02-16T06:00:00Z,25,dayahead,0.0,0.023,0.2514,False,lightgbm-v1
2025-02-16T18:00:00Z,2025-02-17T00:00:00+06:00,2025-02-17T14:00:00+06:00,2025-02-17T08:00:00Z,T2,14,2025-02-16T06:00:00Z,26,dayahead,0.0,0.0166,0.245,False,lightgbm-v1
2025-02-16T18:00:00Z,2025-02-17T00:00:00+06:00,2025-02-17T15:00:00+06:00,2025-02-17T09:00:00Z,T2,15,2025-02-16T06:00:00Z,27,dayahead,0.0,0.0175,0.2459,False,lightgbm-v1
2025-02-16T18:00:00Z,2025-02-17T00:00:00+06:00,2025-02-17T16:00:00+06:00,2025-02-17T10:00:00Z,T2,16,2025-02-16T06:00:00Z,28,dayahead,0.0,0.031,0.2594,False,lightgbm-v1
2025-02-16T18:00:00Z,2025-02-17T00:00:00+06:00,2025-02-17T17:00:00+06:00,2025-02-17T11:00:00Z,T2,17,2025-02-16T06:00:00Z,29,dayahead,0.0,0.0655,0.2939,False,lightgbm-v1
2025-02-16T18:00:00Z,2025-02-17T00:00:00+06:00,2025-02-17T18:00:00+06:00,2025-02-17T12:00:00Z,T2,18,2025-02-16T06:00:00Z,30,dayahead,0.0124,0.0947,0.3231,False,lightgbm-v1
2025-02-16T18:00:00Z,2025-02-17T00:00:00+06:00,2025-02-17T19:00:00+06:00,2025-02-17T13:00:00Z,T2,19,2025-02-16T06:00:00Z,31,dayahead,0.0,0.0712,0.2996,False,lightgbm-v1
2025-02-16T18:00:00Z,2025-02-17T00:00:00+06:00,2025-02-17T20:00:00+06:00,2025-02-17T14:00:00Z,T2,20,2025-02-16T06:00:00Z,32,dayahead,0.0,0.0526,0.281,False,lightgbm-v1
2025-02-16T18:00:00Z,2025-02-17T00:00:00+06:00,2025-02-17T21:00:00+06:00,2025-02-17T15:00:00Z,T2,21,2025-02-16T06:00:00Z,33,dayahead,0.0,0.0359,0.2643,False,lightgbm-v1
2025-02-16T18:00:00Z,2025-02-17T00:00:00+06:00,2025-02-17T22:00:00+06:00,2025-02-17T16:00:00Z,T2,22,2025-02-16T06:00:00Z,34,dayahead,0.0,0.0215,0.2499,False,lightgbm-v1
2025-02-16T18:00:00Z,2025-02-17T00:00:00+06:00,2025-02-17T23:00:00+06:00,2025-02-17T17:00:00Z,T2,23,2025-02-16T06:00:00Z,35,dayahead,0.0,0.0179,0.2463,False,lightgbm-v1
2025-02-16T18:00:00Z,2025-02-17T00:00:00+06:00,2025-02-18T00:00:00+06:00,2025-02-17T18:00:00Z,T2,24,2025-02-16T06:00:00Z,36,dayahead,0.0,0.0261,0.2545,False,lightgbm-v1
2025-02-16T18:00:00Z,2025-02-17T00:00:00+06:00,2025-02-18T01:00:00+06:00,2025-02-17T19:00:00Z,T2,25,2025-02-16T06:00:00Z,37,dayahead,0.0,0.0335,0.2619,False,lightgbm-v1
2025-02-16T18:00:00Z,2025-02-17T00:00:00+06:00,2025-02-18T02:00:00+06:00,2025-02-17T20:00:00Z,T2,26,2025-02-16T06:00:00Z,38,dayahead,0.0,0.0564,0.2848,False,lightgbm-v1
2025-02-16T18:00:00Z,2025-02-17T00:00:00+06:00,2025-02-18T03:00:00+06:00,2025-02-17T21:00:00Z,T2,27,2025-02-16T06:00:00Z,39,dayahead,0.0085,0.0908,0.3192,False,lightgbm-v1
2025-02-16T18:00:00Z,2025-02-17T00:00:00+06:00,2025-02-18T04:00:00+06:00,2025-02-17T22:00:00Z,T2,28,2025-02-16T06:00:00Z,40,dayahead,0.033,0.1153,0.3437,False,lightgbm-v1
2025-02-16T18:00:00Z,2025-02-17T00:00:00+06:00,2025-02-18T05:00:00+06:00,2025-02-17T23:00:00Z,T2,29,2025-02-16T06:00:00Z,41,dayahead,0.0502,0.1325,0.3609,False,lightgbm-v1
2025-02-16T18:00:00Z,2025-02-17T00:00:00+06:00,2025-02-18T06:00:00+06:00,2025-02-18T00:00:00Z,T2,30,2025-02-16T06:00:00Z,42,dayahead,0.0633,0.1456,0.374,False,lightgbm-v1
2025-02-16T18:00:00Z,2025-02-17T00:00:00+06:00,2025-02-18T07:00:00+06:00,2025-02-18T01:00:00Z,T2,31,2025-02-16T06:00:00Z,43,dayahead,0.0,0.2294,0.7434,False,lightgbm-v1
2025-02-16T18:00:00Z,2025-02-17T00:00:00+06:00,2025-02-18T08:00:00+06:00,2025-02-18T02:00:00Z,T2,32,2025-02-16T06:00:00Z,44,dayahead,0.0711,0.3345,0.8485,False,lightgbm-v1
2025-02-16T18:00:00Z,2025-02-17T00:00:00+06:00,2025-02-18T09:00:00+06:00,2025-02-18T03:00:00Z,T2,33,2025-02-16T06:00:00Z,45,dayahead,0.1764,0.4398,0.9538,False,lightgbm-v1
2025-02-16T18:00:00Z,2025-02-17T00:00:00+06:00,2025-02-18T10:00:00+06:00,2025-02-18T04:00:00Z,T2,34,2025-02-16T06:00:00Z,46,dayahead,0.1728,0.4362,0.9502,False,lightgbm-v1
2025-02-16T18:00:00Z,2025-02-17T00:00:00+06:00,2025-02-18T11:00:00+06:00,2025-02-18T05:00:00Z,T2,35,2025-02-16T06:00:00Z,47,dayahead,0.1922,0.6899,0.9885,False,lightgbm-v1
2025-02-16T18:00:00Z,2025-02-17T00:00:00+06:00,2025-02-18T12:00:00+06:00,2025-02-18T06:00:00Z,T2,36,2025-02-16T06:00:00Z,48,dayahead,0.3042,0.8019,1.0,False,lightgbm-v1
2025-02-16T18:00:00Z,2025-02-17T00:00:00+06:00,2025-02-18T13:00:00+06:00,2025-02-18T07:00:00Z,T2,37,2025-02-16T06:00:00Z,49,dayahead,0.2847,0.7824,1.0,False,lightgbm-v1
2025-02-16T18:00:00Z,2025-02-17T00:00:00+06:00,2025-02-18T14:00:00+06:00,2025-02-18T08:00:00Z,T2,38,2025-02-16T06:00:00Z,50,dayahead,0.2369,0.7345,1.0,False,lightgbm-v1
2025-02-16T18:00:00Z,2025-02-17T00:00:00+06:00,2025-02-18T15:00:00+06:00,2025-02-18T09:00:00Z,T2,39,2025-02-16T06:00:00Z,51,dayahead,0.1549,0.6526,0.9513,False,lightgbm-v1
2025-02-16T18:00:00Z,2025-02-17T00:00:00+06:00,2025-02-18T16:00:00+06:00,2025-02-18T10:00:00Z,T2,40,2025-02-16T06:00:00Z,52,dayahead,0.0906,0.5883,0.8869,False,lightgbm-v1
2025-02-16T18:00:00Z,2025-02-17T00:00:00+06:00,2025-02-18T17:00:00+06:00,2025-02-18T11:00:00Z,T2,41,2025-02-16T06:00:00Z,53,dayahead,0.0795,0.5772,0.8758,False,lightgbm-v1
2025-02-16T18:00:00Z,2025-02-17T00:00:00+06:00,2025-02-18T18:00:00+06:00,2025-02-18T12:00:00Z,T2,42,2025-02-16T06:00:00Z,54,dayahead,0.0849,0.5826,0.8812,False,lightgbm-v1
2025-02-16T18:00:00Z,2025-02-17T00:00:00+06:00,2025-02-18T19:00:00+06:00,2025-02-18T13:00:00Z,T2,43,2025-02-16T06:00:00Z,55,dayahead,0.1722,0.4355,0.9495,False,lightgbm-v1
2025-02-16T18:00:00Z,2025-02-17T00:00:00+06:00,2025-02-18T20:00:00+06:00,2025-02-18T14:00:00Z,T2,44,2025-02-16T06:00:00Z,56,dayahead,0.0682,0.3316,0.8456,False,lightgbm-v1
2025-02-16T18:00:00Z,2025-02-17T00:00:00+06:00,2025-02-18T21:00:00+06:00,2025-02-18T15:00:00Z,T2,45,2025-02-16T06:00:00Z,57,dayahead,0.0196,0.283,0.797,False,lightgbm-v1
2025-02-16T18:00:00Z,2025-02-17T00:00:00+06:00,2025-02-18T22:00:00+06:00,2025-02-18T16:00:00Z,T2,46,2025-02-16T06:00:00Z,58,dayahead,0.0617,0.3251,0.8391,False,lightgbm-v1
2025-02-16T18:00:00Z,2025-02-17T00:00:00+06:00,2025-02-18T23:00:00+06:00,2025-02-18T17:00:00Z,T2,47,2025-02-16T06:00:00Z,59,dayahead,0.0685,0.3319,0.8459,False,lightgbm-v1
2025-02-17T18:00:00Z,2025-02-18T00:00:00+06:00,2025-02-18T00:00:00+06:00,2025-02-17T18:00:00Z,T1,0,2025-02-17T06:00:00Z,12,dayahead,0.0,0.0263,0.2547,False,lightgbm-v1
2025-02-17T18:00:00Z,2025-02-18T00:00:00+06:00,2025-02-18T01:00:00+06:00,2025-02-17T19:00:00Z,T1,1,2025-02-17T06:00:00Z,13,dayahead,0.0,0.0251,0.2535,False,lightgbm-v1
2025-02-17T18:00:00Z,2025-02-18T00:00:00+06:00,2025-02-18T02:00:00+06:00,2025-02-17T20:00:00Z,T1,2,2025-02-17T06:00:00Z,14,dayahead,0.0,0.0336,0.262,False,lightgbm-v1
2025-02-17T18:00:00Z,2025-02-18T00:00:00+06:00,2025-02-18T03:00:00+06:00,2025-02-17T21:00:00Z,T1,3,2025-02-17T06:00:00Z,15,dayahead,0.0,0.0419,0.2703,False,lightgbm-v1
2025-02-17T18:00:00Z,2025-02-18T00:00:00+06:00,2025-02-18T04:00:00+06:00,2025-02-17T22:00:00Z,T1,4,2025-02-17T06:00:00Z,16,dayahead,0.0,0.0632,0.2916,False,lightgbm-v1
2025-02-17T18:00:00Z,2025-02-18T00:00:00+06:00,2025-02-18T05:00:00+06:00,2025-02-17T23:00:00Z,T1,5,2025-02-17T06:00:00Z,17,dayahead,0.0,0.0798,0.3082,False,lightgbm-v1
2025-02-17T18:00:00Z,2025-02-18T00:00:00+06:00,2025-02-18T06:00:00+06:00,2025-02-18T00:00:00Z,T1,6,2025-02-17T06:00:00Z,18,dayahead,0.019,0.1013,0.3297,False,lightgbm-v1
2025-02-17T18:00:00Z,2025-02-18T00:00:00+06:00,2025-02-18T07:00:00+06:00,2025-02-18T01:00:00Z,T1,7,2025-02-17T06:00:00Z,19,dayahead,0.027,0.1093,0.3377,False,lightgbm-v1
2025-02-17T18:00:00Z,2025-02-18T00:00:00+06:00,2025-02-18T08:00:00+06:00,2025-02-18T02:00:00Z,T1,8,2025-02-17T06:00:00Z,20,dayahead,0.0,0.1523,0.6663,False,lightgbm-v1
2025-02-17T18:00:00Z,2025-02-18T00:00:00+06:00,2025-02-18T09:00:00+06:00,2025-02-18T03:00:00Z,T1,9,2025-02-17T06:00:00Z,21,dayahead,0.0,0.2206,0.7346,False,lightgbm-v1
2025-02-17T18:00:00Z,2025-02-18T00:00:00+06:00,2025-02-18T10:00:00+06:00,2025-02-18T04:00:00Z,T1,10,2025-02-17T06:00:00Z,22,dayahead,0.0,0.2356,0.7496,False,lightgbm-v1
2025-02-17T18:00:00Z,2025-02-18T00:00:00+06:00,2025-02-18T11:00:00+06:00,2025-02-18T05:00:00Z,T1,11,2025-02-17T06:00:00Z,23,dayahead,0.0803,0.578,0.8766,False,lightgbm-v1
2025-02-17T18:00:00Z,2025-02-18T00:00:00+06:00,2025-02-18T12:00:00+06:00,2025-02-18T06:00:00Z,T1,12,2025-02-17T06:00:00Z,24,dayahead,0.2862,0.7839,1.0,False,lightgbm-v1
2025-02-17T18:00:00Z,2025-02-18T00:00:00+06:00,2025-02-18T13:00:00+06:00,2025-02-18T07:00:00Z,T1,13,2025-02-17T06:00:00Z,25,dayahead,0.2904,0.7881,1.0,False,lightgbm-v1
2025-02-17T18:00:00Z,2025-02-18T00:00:00+06:00,2025-02-18T14:00:00+06:00,2025-02-18T08:00:00Z,T1,14,2025-02-17T06:00:00Z,26,dayahead,0.1704,0.6681,0.9667,False,lightgbm-v1
2025-02-17T18:00:00Z,2025-02-18T00:00:00+06:00,2025-02-18T15:00:00+06:00,2025-02-18T09:00:00Z,T1,15,2025-02-17T06:00:00Z,27,dayahead,0.0678,0.5655,0.8641,False,lightgbm-v1
2025-02-17T18:00:00Z,2025-02-18T00:00:00+06:00,2025-02-18T16:00:00+06:00,2025-02-18T10:00:00Z,T1,16,2025-02-17T06:00:00Z,28,dayahead,0.2156,0.4789,0.9929,False,lightgbm-v1
2025-02-17T18:00:00Z,2025-02-18T00:00:00+06:00,2025-02-18T17:00:00+06:00,2025-02-18T11:00:00Z,T1,17,2025-02-17T06:00:00Z,29,dayahead,0.1951,0.4585,0.9725,False,lightgbm-v1
2025-02-17T18:00:00Z,2025-02-18T00:00:00+06:00,2025-02-18T18:00:00+06:00,2025-02-18T12:00:00Z,T1,18,2025-02-17T06:00:00Z,30,dayahead,0.2021,0.4654,0.9794,False,lightgbm-v1
2025-02-17T18:00:00Z,2025-02-18T00:00:00+06:00,2025-02-18T19:00:00+06:00,2025-02-18T13:00:00Z,T1,19,2025-02-17T06:00:00Z,31,dayahead,0.0881,0.3515,0.8655,False,lightgbm-v1
2025-02-17T18:00:00Z,2025-02-18T00:00:00+06:00,2025-02-18T20:00:00+06:00,2025-02-18T14:00:00Z,T1,20,2025-02-17T06:00:00Z,32,dayahead,0.0125,0.2758,0.7898,False,lightgbm-v1
2025-02-17T18:00:00Z,2025-02-18T00:00:00+06:00,2025-02-18T21:00:00+06:00,2025-02-18T15:00:00Z,T1,21,2025-02-17T06:00:00Z,33,dayahead,0.0217,0.285,0.799,False,lightgbm-v1
2025-02-17T18:00:00Z,2025-02-18T00:00:00+06:00,2025-02-18T22:00:00+06:00,2025-02-18T16:00:00Z,T1,22,2025-02-17T06:00:00Z,34,dayahead,0.063,0.3263,0.8403,False,lightgbm-v1
2025-02-17T18:00:00Z,2025-02-18T00:00:00+06:00,2025-02-18T23:00:00+06:00,2025-02-18T17:00:00Z,T1,23,2025-02-17T06:00:00Z,35,dayahead,0.0846,0.3479,0.8619,False,lightgbm-v1
2025-02-17T18:00:00Z,2025-02-18T00:00:00+06:00,2025-02-19T00:00:00+06:00,2025-02-18T18:00:00Z,T1,24,2025-02-17T06:00:00Z,36,dayahead,0.147,0.4103,0.9243,False,lightgbm-v1
2025-02-17T18:00:00Z,2025-02-18T00:00:00+06:00,2025-02-19T01:00:00+06:00,2025-02-18T19:00:00Z,T1,25,2025-02-17T06:00:00Z,37,dayahead,0.1641,0.4274,0.9414,False,lightgbm-v1
2025-02-17T18:00:00Z,2025-02-18T00:00:00+06:00,2025-02-19T02:00:00+06:00,2025-02-18T20:00:00Z,T1,26,2025-02-17T06:00:00Z,38,dayahead,0.0651,0.3285,0.8425,False,lightgbm-v1
2025-02-17T18:00:00Z,2025-02-18T00:00:00+06:00,2025-02-19T03:00:00+06:00,2025-02-18T21:00:00Z,T1,27,2025-02-17T06:00:00Z,39,dayahead,0.0,0.2459,0.7599,False,lightgbm-v1
2025-02-17T18:00:00Z,2025-02-18T00:00:00+06:00,2025-02-19T04:00:00+06:00,2025-02-18T22:00:00Z,T1,28,2025-02-17T06:00:00Z,40,dayahead,0.0,0.1604,0.6744,False,lightgbm-v1
2025-02-17T18:00:00Z,2025-02-18T00:00:00+06:00,2025-02-19T05:00:00+06:00,2025-02-18T23:00:00Z,T1,29,2025-02-17T06:00:00Z,41,dayahead,0.0,0.2443,0.7583,False,lightgbm-v1
2025-02-17T18:00:00Z,2025-02-18T00:00:00+06:00,2025-02-19T06:00:00+06:00,2025-02-19T00:00:00Z,T1,30,2025-02-17T06:00:00Z,42,dayahead,0.0928,0.3562,0.8702,False,lightgbm-v1
2025-02-17T18:00:00Z,2025-02-18T00:00:00+06:00,2025-02-19T07:00:00+06:00,2025-02-19T01:00:00Z,T1,31,2025-02-17T06:00:00Z,43,dayahead,0.0555,0.3189,0.8329,False,lightgbm-v1
2025-02-17T18:00:00Z,2025-02-18T00:00:00+06:00,2025-02-19T08:00:00+06:00,2025-02-19T02:00:00Z,T1,32,2025-02-17T06:00:00Z,44,dayahead,0.0577,0.3211,0.8351,False,lightgbm-v1
2025-02-17T18:00:00Z,2025-02-18T00:00:00+06:00,2025-02-19T09:00:00+06:00,2025-02-19T03:00:00Z,T1,33,2025-02-17T06:00:00Z,45,dayahead,0.0814,0.3447,0.8587,False,lightgbm-v1
2025-02-17T18:00:00Z,2025-02-18T00:00:00+06:00,2025-02-19T10:00:00+06:00,2025-02-19T04:00:00Z,T1,34,2025-02-17T06:00:00Z,46,dayahead,0.0,0.2169,0.7309,False,lightgbm-v1
2025-02-17T18:00:00Z,2025-02-18T00:00:00+06:00,2025-02-19T11:00:00+06:00,2025-02-19T05:00:00Z,T1,35,2025-02-17T06:00:00Z,47,dayahead,0.0169,0.2803,0.7942,False,lightgbm-v1
2025-02-17T18:00:00Z,2025-02-18T00:00:00+06:00,2025-02-19T12:00:00+06:00,2025-02-19T06:00:00Z,T1,36,2025-02-17T06:00:00Z,48,dayahead,0.0329,0.2963,0.8103,False,lightgbm-v1
2025-02-17T18:00:00Z,2025-02-18T00:00:00+06:00,2025-02-19T13:00:00+06:00,2025-02-19T07:00:00Z,T1,37,2025-02-17T06:00:00Z,49,dayahead,0.0,0.1996,0.7136,False,lightgbm-v1
2025-02-17T18:00:00Z,2025-02-18T00:00:00+06:00,2025-02-19T14:00:00+06:00,2025-02-19T08:00:00Z,T1,38,2025-02-17T06:00:00Z,50,dayahead,0.0471,0.1293,0.3577,False,lightgbm-v1
2025-02-17T18:00:00Z,2025-02-18T00:00:00+06:00,2025-02-19T15:00:00+06:00,2025-02-19T09:00:00Z,T1,39,2025-02-17T06:00:00Z,51,dayahead,0.0,0.0737,0.3021,False,lightgbm-v1
2025-02-17T18:00:00Z,2025-02-18T00:00:00+06:00,2025-02-19T16:00:00+06:00,2025-02-19T10:00:00Z,T1,40,2025-02-17T06:00:00Z,52,dayahead,0.0,0.0604,0.2888,False,lightgbm-v1
2025-02-17T18:00:00Z,2025-02-18T00:00:00+06:00,2025-02-19T17:00:00+06:00,2025-02-19T11:00:00Z,T1,41,2025-02-17T06:00:00Z,53,dayahead,0.0,0.0577,0.2861,False,lightgbm-v1
2025-02-17T18:00:00Z,2025-02-18T00:00:00+06:00,2025-02-19T18:00:00+06:00,2025-02-19T12:00:00Z,T1,42,2025-02-17T06:00:00Z,54,dayahead,0.0,0.0816,0.31,False,lightgbm-v1
2025-02-17T18:00:00Z,2025-02-18T00:00:00+06:00,2025-02-19T19:00:00+06:00,2025-02-19T13:00:00Z,T1,43,2025-02-17T06:00:00Z,55,dayahead,0.0,0.0697,0.2981,False,lightgbm-v1
2025-02-17T18:00:00Z,2025-02-18T00:00:00+06:00,2025-02-19T20:00:00+06:00,2025-02-19T14:00:00Z,T1,44,2025-02-17T06:00:00Z,56,dayahead,0.0,0.0472,0.2756,False,lightgbm-v1
2025-02-17T18:00:00Z,2025-02-18T00:00:00+06:00,2025-02-19T21:00:00+06:00,2025-02-19T15:00:00Z,T1,45,2025-02-17T06:00:00Z,57,dayahead,0.0,0.0265,0.2549,False,lightgbm-v1
2025-02-17T18:00:00Z,2025-02-18T00:00:00+06:00,2025-02-19T22:00:00+06:00,2025-02-19T16:00:00Z,T1,46,2025-02-17T06:00:00Z,58,dayahead,0.0,0.0211,0.2495,False,lightgbm-v1
2025-02-17T18:00:00Z,2025-02-18T00:00:00+06:00,2025-02-19T23:00:00+06:00,2025-02-19T17:00:00Z,T1,47,2025-02-17T06:00:00Z,59,dayahead,0.0,0.0229,0.2513,False,lightgbm-v1
2025-02-17T18:00:00Z,2025-02-18T00:00:00+06:00,2025-02-18T00:00:00+06:00,2025-02-17T18:00:00Z,T2,0,2025-02-17T06:00:00Z,12,dayahead,0.0,0.0254,0.2538,False,lightgbm-v1
2025-02-17T18:00:00Z,2025-02-18T00:00:00+06:00,2025-02-18T01:00:00+06:00,2025-02-17T19:00:00Z,T2,1,2025-02-17T06:00:00Z,13,dayahead,0.0,0.0244,0.2528,False,lightgbm-v1
2025-02-17T18:00:00Z,2025-02-18T00:00:00+06:00,2025-02-18T02:00:00+06:00,2025-02-17T20:00:00Z,T2,2,2025-02-17T06:00:00Z,14,dayahead,0.0,0.0322,0.2606,False,lightgbm-v1
2025-02-17T18:00:00Z,2025-02-18T00:00:00+06:00,2025-02-18T03:00:00+06:00,2025-02-17T21:00:00Z,T2,3,2025-02-17T06:00:00Z,15,dayahead,0.0,0.0391,0.2675,False,lightgbm-v1
2025-02-17T18:00:00Z,2025-02-18T00:00:00+06:00,2025-02-18T04:00:00+06:00,2025-02-17T22:00:00Z,T2,4,2025-02-17T06:00:00Z,16,dayahead,0.0,0.0603,0.2887,False,lightgbm-v1
2025-02-17T18:00:00Z,2025-02-18T00:00:00+06:00,2025-02-18T05:00:00+06:00,2025-02-17T23:00:00Z,T2,5,2025-02-17T06:00:00Z,17,dayahead,0.0,0.0774,0.3058,False,lightgbm-v1
2025-02-17T18:00:00Z,2025-02-18T00:00:00+06:00,2025-02-18T06:00:00+06:00,2025-02-18T00:00:00Z,T2,6,2025-02-17T06:00:00Z,18,dayahead,0.0163,0.0986,0.3269,False,lightgbm-v1
2025-02-17T18:00:00Z,2025-02-18T00:00:00+06:00,2025-02-18T07:00:00+06:00,2025-02-18T01:00:00Z,T2,7,2025-02-17T06:00:00Z,19,dayahead,0.0242,0.1065,0.3349,False,lightgbm-v1
2025-02-17T18:00:00Z,2025-02-18T00:00:00+06:00,2025-02-18T08:00:00+06:00,2025-02-18T02:00:00Z,T2,8,2025-02-17T06:00:00Z,20,dayahead,0.0,0.1504,0.6644,False,lightgbm-v1
2025-02-17T18:00:00Z,2025-02-18T00:00:00+06:00,2025-02-18T09:00:00+06:00,2025-02-18T03:00:00Z,T2,9,2025-02-17T06:00:00Z,21,dayahead,0.0,0.2166,0.7306,False,lightgbm-v1
2025-02-17T18:00:00Z,2025-02-18T00:00:00+06:00,2025-02-18T10:00:00+06:00,2025-02-18T04:00:00Z,T2,10,2025-02-17T06:00:00Z,22,dayahead,0.0,0.2313,0.7453,False,lightgbm-v1
2025-02-17T18:00:00Z,2025-02-18T00:00:00+06:00,2025-02-18T11:00:00+06:00,2025-02-18T05:00:00Z,T2,11,2025-02-17T06:00:00Z,23,dayahead,0.0827,0.5803,0.879,False,lightgbm-v1
2025-02-17T18:00:00Z,2025-02-18T00:00:00+06:00,2025-02-18T12:00:00+06:00,2025-02-18T06:00:00Z,T2,12,2025-02-17T06:00:00Z,24,dayahead,0.2904,0.7881,1.0,False,lightgbm-v1
2025-02-17T18:00:00Z,2025-02-18T00:00:00+06:00,2025-02-18T13:00:00+06:00,2025-02-18T07:00:00Z,T2,13,2025-02-17T06:00:00Z,25,dayahead,0.2948,0.7925,1.0,False,lightgbm-v1
2025-02-17T18:00:00Z,2025-02-18T00:00:00+06:00,2025-02-18T14:00:00+06:00,2025-02-18T08:00:00Z,T2,14,2025-02-17T06:00:00Z,26,dayahead,0.1754,0.6731,0.9718,False,lightgbm-v1
2025-02-17T18:00:00Z,2025-02-18T00:00:00+06:00,2025-02-18T15:00:00+06:00,2025-02-18T09:00:00Z,T2,15,2025-02-17T06:00:00Z,27,dayahead,0.0695,0.5672,0.8658,False,lightgbm-v1
2025-02-17T18:00:00Z,2025-02-18T00:00:00+06:00,2025-02-18T16:00:00+06:00,2025-02-18T10:00:00Z,T2,16,2025-02-17T06:00:00Z,28,dayahead,0.2152,0.4785,0.9925,False,lightgbm-v1
2025-02-17T18:00:00Z,2025-02-18T00:00:00+06:00,2025-02-18T17:00:00+06:00,2025-02-18T11:00:00Z,T2,17,2025-02-17T06:00:00Z,29,dayahead,0.195,0.4583,0.9723,False,lightgbm-v1
2025-02-17T18:00:00Z,2025-02-18T00:00:00+06:00,2025-02-18T18:00:00+06:00,2025-02-18T12:00:00Z,T2,18,2025-02-17T06:00:00Z,30,dayahead,0.2001,0.4634,0.9774,False,lightgbm-v1
2025-02-17T18:00:00Z,2025-02-18T00:00:00+06:00,2025-02-18T19:00:00+06:00,2025-02-18T13:00:00Z,T2,19,2025-02-17T06:00:00Z,31,dayahead,0.0828,0.3461,0.8601,False,lightgbm-v1
2025-02-17T18:00:00Z,2025-02-18T00:00:00+06:00,2025-02-18T20:00:00+06:00,2025-02-18T14:00:00Z,T2,20,2025-02-17T06:00:00Z,32,dayahead,0.0076,0.2709,0.7849,False,lightgbm-v1
2025-02-17T18:00:00Z,2025-02-18T00:00:00+06:00,2025-02-18T21:00:00+06:00,2025-02-18T15:00:00Z,T2,21,2025-02-17T06:00:00Z,33,dayahead,0.0176,0.281,0.795,False,lightgbm-v1
2025-02-17T18:00:00Z,2025-02-18T00:00:00+06:00,2025-02-18T22:00:00+06:00,2025-02-18T16:00:00Z,T2,22,2025-02-17T06:00:00Z,34,dayahead,0.0576,0.321,0.835,False,lightgbm-v1
2025-02-17T18:00:00Z,2025-02-18T00:00:00+06:00,2025-02-18T23:00:00+06:00,2025-02-18T17:00:00Z,T2,23,2025-02-17T06:00:00Z,35,dayahead,0.0787,0.342,0.856,False,lightgbm-v1
2025-02-17T18:00:00Z,2025-02-18T00:00:00+06:00,2025-02-19T00:00:00+06:00,2025-02-18T18:00:00Z,T2,24,2025-02-17T06:00:00Z,36,dayahead,0.1411,0.4044,0.9184,False,lightgbm-v1
2025-02-17T18:00:00Z,2025-02-18T00:00:00+06:00,2025-02-19T01:00:00+06:00,2025-02-18T19:00:00Z,T2,25,2025-02-17T06:00:00Z,37,dayahead,0.1583,0.4216,0.9356,False,lightgbm-v1
2025-02-17T18:00:00Z,2025-02-18T00:00:00+06:00,2025-02-19T02:00:00+06:00,2025-02-18T20:00:00Z,T2,26,2025-02-17T06:00:00Z,38,dayahead,0.0603,0.3237,0.8376,False,lightgbm-v1
2025-02-17T18:00:00Z,2025-02-18T00:00:00+06:00,2025-02-19T03:00:00+06:00,2025-02-18T21:00:00Z,T2,27,2025-02-17T06:00:00Z,39,dayahead,0.0,0.2421,0.7561,False,lightgbm-v1
2025-02-17T18:00:00Z,2025-02-18T00:00:00+06:00,2025-02-19T04:00:00+06:00,2025-02-18T22:00:00Z,T2,28,2025-02-17T06:00:00Z,40,dayahead,0.0,0.156,0.67,False,lightgbm-v1
2025-02-17T18:00:00Z,2025-02-18T00:00:00+06:00,2025-02-19T05:00:00+06:00,2025-02-18T23:00:00Z,T2,29,2025-02-17T06:00:00Z,41,dayahead,0.0,0.2413,0.7553,False,lightgbm-v1
2025-02-17T18:00:00Z,2025-02-18T00:00:00+06:00,2025-02-19T06:00:00+06:00,2025-02-19T00:00:00Z,T2,30,2025-02-17T06:00:00Z,42,dayahead,0.0864,0.3498,0.8638,False,lightgbm-v1
2025-02-17T18:00:00Z,2025-02-18T00:00:00+06:00,2025-02-19T07:00:00+06:00,2025-02-19T01:00:00Z,T2,31,2025-02-17T06:00:00Z,43,dayahead,0.0487,0.312,0.826,False,lightgbm-v1
2025-02-17T18:00:00Z,2025-02-18T00:00:00+06:00,2025-02-19T08:00:00+06:00,2025-02-19T02:00:00Z,T2,32,2025-02-17T06:00:00Z,44,dayahead,0.0526,0.3159,0.8299,False,lightgbm-v1
2025-02-17T18:00:00Z,2025-02-18T00:00:00+06:00,2025-02-19T09:00:00+06:00,2025-02-19T03:00:00Z,T2,33,2025-02-17T06:00:00Z,45,dayahead,0.0767,0.34,0.854,False,lightgbm-v1
2025-02-17T18:00:00Z,2025-02-18T00:00:00+06:00,2025-02-19T10:00:00+06:00,2025-02-19T04:00:00Z,T2,34,2025-02-17T06:00:00Z,46,dayahead,0.0,0.2134,0.7274,False,lightgbm-v1
2025-02-17T18:00:00Z,2025-02-18T00:00:00+06:00,2025-02-19T11:00:00+06:00,2025-02-19T05:00:00Z,T2,35,2025-02-17T06:00:00Z,47,dayahead,0.0164,0.2798,0.7937,False,lightgbm-v1
2025-02-17T18:00:00Z,2025-02-18T00:00:00+06:00,2025-02-19T12:00:00+06:00,2025-02-19T06:00:00Z,T2,36,2025-02-17T06:00:00Z,48,dayahead,0.0361,0.2994,0.8134,False,lightgbm-v1
2025-02-17T18:00:00Z,2025-02-18T00:00:00+06:00,2025-02-19T13:00:00+06:00,2025-02-19T07:00:00Z,T2,37,2025-02-17T06:00:00Z,49,dayahead,0.0,0.1996,0.7136,False,lightgbm-v1
2025-02-17T18:00:00Z,2025-02-18T00:00:00+06:00,2025-02-19T14:00:00+06:00,2025-02-19T08:00:00Z,T2,38,2025-02-17T06:00:00Z,50,dayahead,0.0461,0.1283,0.3567,False,lightgbm-v1
2025-02-17T18:00:00Z,2025-02-18T00:00:00+06:00,2025-02-19T15:00:00+06:00,2025-02-19T09:00:00Z,T2,39,2025-02-17T06:00:00Z,51,dayahead,0.0,0.0726,0.301,False,lightgbm-v1
2025-02-17T18:00:00Z,2025-02-18T00:00:00+06:00,2025-02-19T16:00:00+06:00,2025-02-19T10:00:00Z,T2,40,2025-02-17T06:00:00Z,52,dayahead,0.0,0.0587,0.2871,False,lightgbm-v1
2025-02-17T18:00:00Z,2025-02-18T00:00:00+06:00,2025-02-19T17:00:00+06:00,2025-02-19T11:00:00Z,T2,41,2025-02-17T06:00:00Z,53,dayahead,0.0,0.0571,0.2855,False,lightgbm-v1
2025-02-17T18:00:00Z,2025-02-18T00:00:00+06:00,2025-02-19T18:00:00+06:00,2025-02-19T12:00:00Z,T2,42,2025-02-17T06:00:00Z,54,dayahead,0.0,0.0776,0.3059,False,lightgbm-v1
2025-02-17T18:00:00Z,2025-02-18T00:00:00+06:00,2025-02-19T19:00:00+06:00,2025-02-19T13:00:00Z,T2,43,2025-02-17T06:00:00Z,55,dayahead,0.0,0.0674,0.2958,False,lightgbm-v1
2025-02-17T18:00:00Z,2025-02-18T00:00:00+06:00,2025-02-19T20:00:00+06:00,2025-02-19T14:00:00Z,T2,44,2025-02-17T06:00:00Z,56,dayahead,0.0,0.0431,0.2715,False,lightgbm-v1
2025-02-17T18:00:00Z,2025-02-18T00:00:00+06:00,2025-02-19T21:00:00+06:00,2025-02-19T15:00:00Z,T2,45,2025-02-17T06:00:00Z,57,dayahead,0.0,0.0256,0.254,False,lightgbm-v1
2025-02-17T18:00:00Z,2025-02-18T00:00:00+06:00,2025-02-19T22:00:00+06:00,2025-02-19T16:00:00Z,T2,46,2025-02-17T06:00:00Z,58,dayahead,0.0,0.0202,0.2486,False,lightgbm-v1
2025-02-17T18:00:00Z,2025-02-18T00:00:00+06:00,2025-02-19T23:00:00+06:00,2025-02-19T17:00:00Z,T2,47,2025-02-17T06:00:00Z,59,dayahead,0.0,0.0229,0.2513,False,lightgbm-v1
2025-02-18T18:00:00Z,2025-02-19T00:00:00+06:00,2025-02-19T00:00:00+06:00,2025-02-18T18:00:00Z,T1,0,2025-02-18T06:00:00Z,12,dayahead,0.17,0.4334,0.9474,False,lightgbm-v1
2025-02-18T18:00:00Z,2025-02-19T00:00:00+06:00,2025-02-19T01:00:00+06:00,2025-02-18T19:00:00Z,T1,1,2025-02-18T06:00:00Z,13,dayahead,0.0846,0.3479,0.8619,False,lightgbm-v1
2025-02-18T18:00:00Z,2025-02-19T00:00:00+06:00,2025-02-19T02:00:00+06:00,2025-02-18T20:00:00Z,T1,2,2025-02-18T06:00:00Z,14,dayahead,0.0549,0.3182,0.8322,False,lightgbm-v1
2025-02-18T18:00:00Z,2025-02-19T00:00:00+06:00,2025-02-19T03:00:00+06:00,2025-02-18T21:00:00Z,T1,3,2025-02-18T06:00:00Z,15,dayahead,0.0623,0.3256,0.8396,False,lightgbm-v1
2025-02-18T18:00:00Z,2025-02-19T00:00:00+06:00,2025-02-19T04:00:00+06:00,2025-02-18T22:00:00Z,T1,4,2025-02-18T06:00:00Z,16,dayahead,0.0697,0.333,0.847,False,lightgbm-v1
2025-02-18T18:00:00Z,2025-02-19T00:00:00+06:00,2025-02-19T05:00:00+06:00,2025-02-18T23:00:00Z,T1,5,2025-02-18T06:00:00Z,17,dayahead,0.0661,0.3294,0.8434,False,lightgbm-v1
2025-02-18T18:00:00Z,2025-02-19T00:00:00+06:00,2025-02-19T06:00:00+06:00,2025-02-19T00:00:00Z,T1,6,2025-02-18T06:00:00Z,18,dayahead,0.0937,0.3571,0.8711,False,lightgbm-v1
2025-02-18T18:00:00Z,2025-02-19T00:00:00+06:00,2025-02-19T07:00:00+06:00,2025-02-19T01:00:00Z,T1,7,2025-02-18T06:00:00Z,19,dayahead,0.1444,0.4077,0.9217,False,lightgbm-v1
2025-02-18T18:00:00Z,2025-02-19T00:00:00+06:00,2025-02-19T08:00:00+06:00,2025-02-19T02:00:00Z,T1,8,2025-02-18T06:00:00Z,20,dayahead,0.1604,0.4237,0.9377,False,lightgbm-v1
2025-02-18T18:00:00Z,2025-02-19T00:00:00+06:00,2025-02-19T09:00:00+06:00,2025-02-19T03:00:00Z,T1,9,2025-02-18T06:00:00Z,21,dayahead,0.0507,0.314,0.828,False,lightgbm-v1
2025-02-18T18:00:00Z,2025-02-19T00:00:00+06:00,2025-02-19T10:00:00+06:00,2025-02-19T04:00:00Z,T1,10,2025-02-18T06:00:00Z,22,dayahead,0.0282,0.1104,0.3388,False,lightgbm-v1
2025-02-18T18:00:00Z,2025-02-19T00:00:00+06:00,2025-02-19T11:00:00+06:00,2025-02-19T05:00:00Z,T1,11,2025-02-18T06:00:00Z,23,dayahead,0.0523,0.1345,0.3629,False,lightgbm-v1
2025-02-18T18:00:00Z,2025-02-19T00:00:00+06:00,2025-02-19T12:00:00+06:00,2025-02-19T06:00:00Z,T1,12,2025-02-18T06:00:00Z,24,dayahead,0.0419,0.1242,0.3526,False,lightgbm-v1
2025-02-18T18:00:00Z,2025-02-19T00:00:00+06:00,2025-02-19T13:00:00+06:00,2025-02-19T07:00:00Z,T1,13,2025-02-18T06:00:00Z,25,dayahead,0.0346,0.1168,0.3452,False,lightgbm-v1
2025-02-18T18:00:00Z,2025-02-19T00:00:00+06:00,2025-02-19T14:00:00+06:00,2025-02-19T08:00:00Z,T1,14,2025-02-18T06:00:00Z,26,dayahead,0.0094,0.0917,0.3201,False,lightgbm-v1
2025-02-18T18:00:00Z,2025-02-19T00:00:00+06:00,2025-02-19T15:00:00+06:00,2025-02-19T09:00:00Z,T1,15,2025-02-18T06:00:00Z,27,dayahead,0.0,0.0806,0.3089,False,lightgbm-v1
2025-02-18T18:00:00Z,2025-02-19T00:00:00+06:00,2025-02-19T16:00:00+06:00,2025-02-19T10:00:00Z,T1,16,2025-02-18T06:00:00Z,28,dayahead,0.0,0.0821,0.3105,False,lightgbm-v1
2025-02-18T18:00:00Z,2025-02-19T00:00:00+06:00,2025-02-19T17:00:00+06:00,2025-02-19T11:00:00Z,T1,17,2025-02-18T06:00:00Z,29,dayahead,0.0,0.0671,0.2955,False,lightgbm-v1
2025-02-18T18:00:00Z,2025-02-19T00:00:00+06:00,2025-02-19T18:00:00+06:00,2025-02-19T12:00:00Z,T1,18,2025-02-18T06:00:00Z,30,dayahead,0.0,0.08,0.3084,False,lightgbm-v1
2025-02-18T18:00:00Z,2025-02-19T00:00:00+06:00,2025-02-19T19:00:00+06:00,2025-02-19T13:00:00Z,T1,19,2025-02-18T06:00:00Z,31,dayahead,0.0,0.0564,0.2848,False,lightgbm-v1
2025-02-18T18:00:00Z,2025-02-19T00:00:00+06:00,2025-02-19T20:00:00+06:00,2025-02-19T14:00:00Z,T1,20,2025-02-18T06:00:00Z,32,dayahead,0.0,0.0386,0.267,False,lightgbm-v1
2025-02-18T18:00:00Z,2025-02-19T00:00:00+06:00,2025-02-19T21:00:00+06:00,2025-02-19T15:00:00Z,T1,21,2025-02-18T06:00:00Z,33,dayahead,0.0,0.0286,0.257,False,lightgbm-v1
2025-02-18T18:00:00Z,2025-02-19T00:00:00+06:00,2025-02-19T22:00:00+06:00,2025-02-19T16:00:00Z,T1,22,2025-02-18T06:00:00Z,34,dayahead,0.0,0.0282,0.2566,False,lightgbm-v1
2025-02-18T18:00:00Z,2025-02-19T00:00:00+06:00,2025-02-19T23:00:00+06:00,2025-02-19T17:00:00Z,T1,23,2025-02-18T06:00:00Z,35,dayahead,0.0,0.0228,0.2512,False,lightgbm-v1
2025-02-18T18:00:00Z,2025-02-19T00:00:00+06:00,2025-02-20T00:00:00+06:00,2025-02-19T18:00:00Z,T1,24,2025-02-18T06:00:00Z,36,dayahead,0.0,0.0247,0.2531,False,lightgbm-v1
2025-02-18T18:00:00Z,2025-02-19T00:00:00+06:00,2025-02-20T01:00:00+06:00,2025-02-19T19:00:00Z,T1,25,2025-02-18T06:00:00Z,37,dayahead,0.0,0.0236,0.252,False,lightgbm-v1
2025-02-18T18:00:00Z,2025-02-19T00:00:00+06:00,2025-02-20T02:00:00+06:00,2025-02-19T20:00:00Z,T1,26,2025-02-18T06:00:00Z,38,dayahead,0.0,0.0252,0.2536,False,lightgbm-v1
2025-02-18T18:00:00Z,2025-02-19T00:00:00+06:00,2025-02-20T03:00:00+06:00,2025-02-19T21:00:00Z,T1,27,2025-02-18T06:00:00Z,39,dayahead,0.0,0.024,0.2524,False,lightgbm-v1
2025-02-18T18:00:00Z,2025-02-19T00:00:00+06:00,2025-02-20T04:00:00+06:00,2025-02-19T22:00:00Z,T1,28,2025-02-18T06:00:00Z,40,dayahead,0.0,0.017,0.2454,False,lightgbm-v1
2025-02-18T18:00:00Z,2025-02-19T00:00:00+06:00,2025-02-20T05:00:00+06:00,2025-02-19T23:00:00Z,T1,29,2025-02-18T06:00:00Z,41,dayahead,0.0,0.0126,0.241,False,lightgbm-v1
2025-02-18T18:00:00Z,2025-02-19T00:00:00+06:00,2025-02-20T06:00:00+06:00,2025-02-20T00:00:00Z,T1,30,2025-02-18T06:00:00Z,42,dayahead,0.0,0.0112,0.2396,False,lightgbm-v1
2025-02-18T18:00:00Z,2025-02-19T00:00:00+06:00,2025-02-20T07:00:00+06:00,2025-02-20T01:00:00Z,T1,31,2025-02-18T06:00:00Z,43,dayahead,0.0,0.0128,0.2412,False,lightgbm-v1
2025-02-18T18:00:00Z,2025-02-19T00:00:00+06:00,2025-02-20T08:00:00+06:00,2025-02-20T02:00:00Z,T1,32,2025-02-18T06:00:00Z,44,dayahead,0.0,0.0154,0.2438,False,lightgbm-v1
2025-02-18T18:00:00Z,2025-02-19T00:00:00+06:00,2025-02-20T09:00:00+06:00,2025-02-20T03:00:00Z,T1,33,2025-02-18T06:00:00Z,45,dayahead,0.0,0.0185,0.2469,False,lightgbm-v1
2025-02-18T18:00:00Z,2025-02-19T00:00:00+06:00,2025-02-20T10:00:00+06:00,2025-02-20T04:00:00Z,T1,34,2025-02-18T06:00:00Z,46,dayahead,0.0,0.0169,0.2453,False,lightgbm-v1
2025-02-18T18:00:00Z,2025-02-19T00:00:00+06:00,2025-02-20T11:00:00+06:00,2025-02-20T05:00:00Z,T1,35,2025-02-18T06:00:00Z,47,dayahead,0.0,0.0193,0.2477,False,lightgbm-v1
2025-02-18T18:00:00Z,2025-02-19T00:00:00+06:00,2025-02-20T12:00:00+06:00,2025-02-20T06:00:00Z,T1,36,2025-02-18T06:00:00Z,48,dayahead,0.0,0.0182,0.2466,False,lightgbm-v1
2025-02-18T18:00:00Z,2025-02-19T00:00:00+06:00,2025-02-20T13:00:00+06:00,2025-02-20T07:00:00Z,T1,37,2025-02-18T06:00:00Z,49,dayahead,0.0,0.0252,0.2536,False,lightgbm-v1
2025-02-18T18:00:00Z,2025-02-19T00:00:00+06:00,2025-02-20T14:00:00+06:00,2025-02-20T08:00:00Z,T1,38,2025-02-18T06:00:00Z,50,dayahead,0.0,0.0486,0.277,False,lightgbm-v1
2025-02-18T18:00:00Z,2025-02-19T00:00:00+06:00,2025-02-20T15:00:00+06:00,2025-02-20T09:00:00Z,T1,39,2025-02-18T06:00:00Z,51,dayahead,0.0,0.0648,0.2931,False,lightgbm-v1
2025-02-18T18:00:00Z,2025-02-19T00:00:00+06:00,2025-02-20T16:00:00+06:00,2025-02-20T10:00:00Z,T1,40,2025-02-18T06:00:00Z,52,dayahead,0.0,0.0776,0.306,False,lightgbm-v1
2025-02-18T18:00:00Z,2025-02-19T00:00:00+06:00,2025-02-20T17:00:00+06:00,2025-02-20T11:00:00Z,T1,41,2025-02-18T06:00:00Z,53,dayahead,0.0,0.0645,0.2929,False,lightgbm-v1
2025-02-18T18:00:00Z,2025-02-19T00:00:00+06:00,2025-02-20T18:00:00+06:00,2025-02-20T12:00:00Z,T1,42,2025-02-18T06:00:00Z,54,dayahead,0.0,0.0613,0.2897,False,lightgbm-v1
2025-02-18T18:00:00Z,2025-02-19T00:00:00+06:00,2025-02-20T19:00:00+06:00,2025-02-20T13:00:00Z,T1,43,2025-02-18T06:00:00Z,55,dayahead,0.0,0.0271,0.2555,False,lightgbm-v1
2025-02-18T18:00:00Z,2025-02-19T00:00:00+06:00,2025-02-20T20:00:00+06:00,2025-02-20T14:00:00Z,T1,44,2025-02-18T06:00:00Z,56,dayahead,0.0,0.0166,0.2449,False,lightgbm-v1
2025-02-18T18:00:00Z,2025-02-19T00:00:00+06:00,2025-02-20T21:00:00+06:00,2025-02-20T15:00:00Z,T1,45,2025-02-18T06:00:00Z,57,dayahead,0.0,0.0251,0.2535,False,lightgbm-v1
2025-02-18T18:00:00Z,2025-02-19T00:00:00+06:00,2025-02-20T22:00:00+06:00,2025-02-20T16:00:00Z,T1,46,2025-02-18T06:00:00Z,58,dayahead,0.0,0.0317,0.2601,False,lightgbm-v1
2025-02-18T18:00:00Z,2025-02-19T00:00:00+06:00,2025-02-20T23:00:00+06:00,2025-02-20T17:00:00Z,T1,47,2025-02-18T06:00:00Z,59,dayahead,0.0,0.0368,0.2652,False,lightgbm-v1
2025-02-18T18:00:00Z,2025-02-19T00:00:00+06:00,2025-02-19T00:00:00+06:00,2025-02-18T18:00:00Z,T2,0,2025-02-18T06:00:00Z,12,dayahead,0.1651,0.4285,0.9425,False,lightgbm-v1
2025-02-18T18:00:00Z,2025-02-19T00:00:00+06:00,2025-02-19T01:00:00+06:00,2025-02-18T19:00:00Z,T2,1,2025-02-18T06:00:00Z,13,dayahead,0.0812,0.3446,0.8586,False,lightgbm-v1
2025-02-18T18:00:00Z,2025-02-19T00:00:00+06:00,2025-02-19T02:00:00+06:00,2025-02-18T20:00:00Z,T2,2,2025-02-18T06:00:00Z,14,dayahead,0.0509,0.3142,0.8282,False,lightgbm-v1
2025-02-18T18:00:00Z,2025-02-19T00:00:00+06:00,2025-02-19T03:00:00+06:00,2025-02-18T21:00:00Z,T2,3,2025-02-18T06:00:00Z,15,dayahead,0.0584,0.3217,0.8357,False,lightgbm-v1
2025-02-18T18:00:00Z,2025-02-19T00:00:00+06:00,2025-02-19T04:00:00+06:00,2025-02-18T22:00:00Z,T2,4,2025-02-18T06:00:00Z,16,dayahead,0.0657,0.329,0.843,False,lightgbm-v1
2025-02-18T18:00:00Z,2025-02-19T00:00:00+06:00,2025-02-19T05:00:00+06:00,2025-02-18T23:00:00Z,T2,5,2025-02-18T06:00:00Z,17,dayahead,0.0613,0.3247,0.8387,False,lightgbm-v1
2025-02-18T18:00:00Z,2025-02-19T00:00:00+06:00,2025-02-19T06:00:00+06:00,2025-02-19T00:00:00Z,T2,6,2025-02-18T06:00:00Z,18,dayahead,0.0904,0.3538,0.8678,False,lightgbm-v1
2025-02-18T18:00:00Z,2025-02-19T00:00:00+06:00,2025-02-19T07:00:00+06:00,2025-02-19T01:00:00Z,T2,7,2025-02-18T06:00:00Z,19,dayahead,0.1393,0.4026,0.9166,False,lightgbm-v1
2025-02-18T18:00:00Z,2025-02-19T00:00:00+06:00,2025-02-19T08:00:00+06:00,2025-02-19T02:00:00Z,T2,8,2025-02-18T06:00:00Z,20,dayahead,0.1537,0.417,0.931,False,lightgbm-v1
2025-02-18T18:00:00Z,2025-02-19T00:00:00+06:00,2025-02-19T09:00:00+06:00,2025-02-19T03:00:00Z,T2,9,2025-02-18T06:00:00Z,21,dayahead,0.0443,0.3076,0.8216,False,lightgbm-v1
2025-02-18T18:00:00Z,2025-02-19T00:00:00+06:00,2025-02-19T10:00:00+06:00,2025-02-19T04:00:00Z,T2,10,2025-02-18T06:00:00Z,22,dayahead,0.0246,0.1069,0.3353,False,lightgbm-v1
2025-02-18T18:00:00Z,2025-02-19T00:00:00+06:00,2025-02-19T11:00:00+06:00,2025-02-19T05:00:00Z,T2,11,2025-02-18T06:00:00Z,23,dayahead,0.0545,0.1368,0.3652,False,lightgbm-v1
2025-02-18T18:00:00Z,2025-02-19T00:00:00+06:00,2025-02-19T12:00:00+06:00,2025-02-19T06:00:00Z,T2,12,2025-02-18T06:00:00Z,24,dayahead,0.0419,0.1242,0.3526,False,lightgbm-v1
2025-02-18T18:00:00Z,2025-02-19T00:00:00+06:00,2025-02-19T13:00:00+06:00,2025-02-19T07:00:00Z,T2,13,2025-02-18T06:00:00Z,25,dayahead,0.0349,0.1172,0.3456,False,lightgbm-v1
2025-02-18T18:00:00Z,2025-02-19T00:00:00+06:00,2025-02-19T14:00:00+06:00,2025-02-19T08:00:00Z,T2,14,2025-02-18T06:00:00Z,26,dayahead,0.0101,0.0924,0.3207,False,lightgbm-v1
2025-02-18T18:00:00Z,2025-02-19T00:00:00+06:00,2025-02-19T15:00:00+06:00,2025-02-19T09:00:00Z,T2,15,2025-02-18T06:00:00Z,27,dayahead,0.0,0.0814,0.3098,False,lightgbm-v1
2025-02-18T18:00:00Z,2025-02-19T00:00:00+06:00,2025-02-19T16:00:00+06:00,2025-02-19T10:00:00Z,T2,16,2025-02-18T06:00:00Z,28,dayahead,0.0,0.0812,0.3095,False,lightgbm-v1
2025-02-18T18:00:00Z,2025-02-19T00:00:00+06:00,2025-02-19T17:00:00+06:00,2025-02-19T11:00:00Z,T2,17,2025-02-18T06:00:00Z,29,dayahead,0.0,0.0666,0.2949,False,lightgbm-v1
2025-02-18T18:00:00Z,2025-02-19T00:00:00+06:00,2025-02-19T18:00:00+06:00,2025-02-19T12:00:00Z,T2,18,2025-02-18T06:00:00Z,30,dayahead,0.0,0.0765,0.3049,False,lightgbm-v1
2025-02-18T18:00:00Z,2025-02-19T00:00:00+06:00,2025-02-19T19:00:00+06:00,2025-02-19T13:00:00Z,T2,19,2025-02-18T06:00:00Z,31,dayahead,0.0,0.054,0.2824,False,lightgbm-v1
2025-02-18T18:00:00Z,2025-02-19T00:00:00+06:00,2025-02-19T20:00:00+06:00,2025-02-19T14:00:00Z,T2,20,2025-02-18T06:00:00Z,32,dayahead,0.0,0.0362,0.2646,False,lightgbm-v1
2025-02-18T18:00:00Z,2025-02-19T00:00:00+06:00,2025-02-19T21:00:00+06:00,2025-02-19T15:00:00Z,T2,21,2025-02-18T06:00:00Z,33,dayahead,0.0,0.0277,0.2561,False,lightgbm-v1
2025-02-18T18:00:00Z,2025-02-19T00:00:00+06:00,2025-02-19T22:00:00+06:00,2025-02-19T16:00:00Z,T2,22,2025-02-18T06:00:00Z,34,dayahead,0.0,0.0272,0.2556,False,lightgbm-v1
2025-02-18T18:00:00Z,2025-02-19T00:00:00+06:00,2025-02-19T23:00:00+06:00,2025-02-19T17:00:00Z,T2,23,2025-02-18T06:00:00Z,35,dayahead,0.0,0.0218,0.2501,False,lightgbm-v1
2025-02-18T18:00:00Z,2025-02-19T00:00:00+06:00,2025-02-20T00:00:00+06:00,2025-02-19T18:00:00Z,T2,24,2025-02-18T06:00:00Z,36,dayahead,0.0,0.0224,0.2508,False,lightgbm-v1
2025-02-18T18:00:00Z,2025-02-19T00:00:00+06:00,2025-02-20T01:00:00+06:00,2025-02-19T19:00:00Z,T2,25,2025-02-18T06:00:00Z,37,dayahead,0.0,0.0218,0.2502,False,lightgbm-v1
2025-02-18T18:00:00Z,2025-02-19T00:00:00+06:00,2025-02-20T02:00:00+06:00,2025-02-19T20:00:00Z,T2,26,2025-02-18T06:00:00Z,38,dayahead,0.0,0.0229,0.2512,False,lightgbm-v1
2025-02-18T18:00:00Z,2025-02-19T00:00:00+06:00,2025-02-20T03:00:00+06:00,2025-02-19T21:00:00Z,T2,27,2025-02-18T06:00:00Z,39,dayahead,0.0,0.022,0.2504,False,lightgbm-v1
2025-02-18T18:00:00Z,2025-02-19T00:00:00+06:00,2025-02-20T04:00:00+06:00,2025-02-19T22:00:00Z,T2,28,2025-02-18T06:00:00Z,40,dayahead,0.0,0.016,0.2444,False,lightgbm-v1
2025-02-18T18:00:00Z,2025-02-19T00:00:00+06:00,2025-02-20T05:00:00+06:00,2025-02-19T23:00:00Z,T2,29,2025-02-18T06:00:00Z,41,dayahead,0.0,0.012,0.2404,False,lightgbm-v1
2025-02-18T18:00:00Z,2025-02-19T00:00:00+06:00,2025-02-20T06:00:00+06:00,2025-02-20T00:00:00Z,T2,30,2025-02-18T06:00:00Z,42,dayahead,0.0,0.0106,0.239,False,lightgbm-v1
2025-02-18T18:00:00Z,2025-02-19T00:00:00+06:00,2025-02-20T07:00:00+06:00,2025-02-20T01:00:00Z,T2,31,2025-02-18T06:00:00Z,43,dayahead,0.0,0.012,0.2404,False,lightgbm-v1
2025-02-18T18:00:00Z,2025-02-19T00:00:00+06:00,2025-02-20T08:00:00+06:00,2025-02-20T02:00:00Z,T2,32,2025-02-18T06:00:00Z,44,dayahead,0.0,0.0149,0.2433,False,lightgbm-v1
2025-02-18T18:00:00Z,2025-02-19T00:00:00+06:00,2025-02-20T09:00:00+06:00,2025-02-20T03:00:00Z,T2,33,2025-02-18T06:00:00Z,45,dayahead,0.0,0.018,0.2463,False,lightgbm-v1
2025-02-18T18:00:00Z,2025-02-19T00:00:00+06:00,2025-02-20T10:00:00+06:00,2025-02-20T04:00:00Z,T2,34,2025-02-18T06:00:00Z,46,dayahead,0.0,0.0166,0.245,False,lightgbm-v1
2025-02-18T18:00:00Z,2025-02-19T00:00:00+06:00,2025-02-20T11:00:00+06:00,2025-02-20T05:00:00Z,T2,35,2025-02-18T06:00:00Z,47,dayahead,0.0,0.0191,0.2475,False,lightgbm-v1
2025-02-18T18:00:00Z,2025-02-19T00:00:00+06:00,2025-02-20T12:00:00+06:00,2025-02-20T06:00:00Z,T2,36,2025-02-18T06:00:00Z,48,dayahead,0.0,0.018,0.2464,False,lightgbm-v1
2025-02-18T18:00:00Z,2025-02-19T00:00:00+06:00,2025-02-20T13:00:00+06:00,2025-02-20T07:00:00Z,T2,37,2025-02-18T06:00:00Z,49,dayahead,0.0,0.025,0.2533,False,lightgbm-v1
2025-02-18T18:00:00Z,2025-02-19T00:00:00+06:00,2025-02-20T14:00:00+06:00,2025-02-20T08:00:00Z,T2,38,2025-02-18T06:00:00Z,50,dayahead,0.0,0.0484,0.2767,False,lightgbm-v1
2025-02-18T18:00:00Z,2025-02-19T00:00:00+06:00,2025-02-20T15:00:00+06:00,2025-02-20T09:00:00Z,T2,39,2025-02-18T06:00:00Z,51,dayahead,0.0,0.0648,0.2932,False,lightgbm-v1
2025-02-18T18:00:00Z,2025-02-19T00:00:00+06:00,2025-02-20T16:00:00+06:00,2025-02-20T10:00:00Z,T2,40,2025-02-18T06:00:00Z,52,dayahead,0.0,0.0781,0.3064,False,lightgbm-v1
2025-02-18T18:00:00Z,2025-02-19T00:00:00+06:00,2025-02-20T17:00:00+06:00,2025-02-20T11:00:00Z,T2,41,2025-02-18T06:00:00Z,53,dayahead,0.0,0.0642,0.2926,False,lightgbm-v1
2025-02-18T18:00:00Z,2025-02-19T00:00:00+06:00,2025-02-20T18:00:00+06:00,2025-02-20T12:00:00Z,T2,42,2025-02-18T06:00:00Z,54,dayahead,0.0,0.061,0.2894,False,lightgbm-v1
2025-02-18T18:00:00Z,2025-02-19T00:00:00+06:00,2025-02-20T19:00:00+06:00,2025-02-20T13:00:00Z,T2,43,2025-02-18T06:00:00Z,55,dayahead,0.0,0.0268,0.2552,False,lightgbm-v1
2025-02-18T18:00:00Z,2025-02-19T00:00:00+06:00,2025-02-20T20:00:00+06:00,2025-02-20T14:00:00Z,T2,44,2025-02-18T06:00:00Z,56,dayahead,0.0,0.0162,0.2446,False,lightgbm-v1
2025-02-18T18:00:00Z,2025-02-19T00:00:00+06:00,2025-02-20T21:00:00+06:00,2025-02-20T15:00:00Z,T2,45,2025-02-18T06:00:00Z,57,dayahead,0.0,0.0211,0.2495,False,lightgbm-v1
2025-02-18T18:00:00Z,2025-02-19T00:00:00+06:00,2025-02-20T22:00:00+06:00,2025-02-20T16:00:00Z,T2,46,2025-02-18T06:00:00Z,58,dayahead,0.0,0.0291,0.2575,False,lightgbm-v1
2025-02-18T18:00:00Z,2025-02-19T00:00:00+06:00,2025-02-20T23:00:00+06:00,2025-02-20T17:00:00Z,T2,47,2025-02-18T06:00:00Z,59,dayahead,0.0,0.0362,0.2646,False,lightgbm-v1
2025-02-19T18:00:00Z,2025-02-20T00:00:00+06:00,2025-02-20T00:00:00+06:00,2025-02-19T18:00:00Z,T1,0,2025-02-19T06:00:00Z,12,dayahead,0.0,0.0344,0.2628,False,lightgbm-v1
2025-02-19T18:00:00Z,2025-02-20T00:00:00+06:00,2025-02-20T01:00:00+06:00,2025-02-19T19:00:00Z,T1,1,2025-02-19T06:00:00Z,13,dayahead,0.0,0.0219,0.2503,False,lightgbm-v1
2025-02-19T18:00:00Z,2025-02-20T00:00:00+06:00,2025-02-20T02:00:00+06:00,2025-02-19T20:00:00Z,T1,2,2025-02-19T06:00:00Z,14,dayahead,0.0,0.0202,0.2486,False,lightgbm-v1
2025-02-19T18:00:00Z,2025-02-20T00:00:00+06:00,2025-02-20T03:00:00+06:00,2025-02-19T21:00:00Z,T1,3,2025-02-19T06:00:00Z,15,dayahead,0.0,0.0164,0.2447,False,lightgbm-v1
2025-02-19T18:00:00Z,2025-02-20T00:00:00+06:00,2025-02-20T04:00:00+06:00,2025-02-19T22:00:00Z,T1,4,2025-02-19T06:00:00Z,16,dayahead,0.0,0.014,0.2424,False,lightgbm-v1
2025-02-19T18:00:00Z,2025-02-20T00:00:00+06:00,2025-02-20T05:00:00+06:00,2025-02-19T23:00:00Z,T1,5,2025-02-19T06:00:00Z,17,dayahead,0.0,0.0129,0.2412,False,lightgbm-v1
2025-02-19T18:00:00Z,2025-02-20T00:00:00+06:00,2025-02-20T06:00:00+06:00,2025-02-20T00:00:00Z,T1,6,2025-02-19T06:00:00Z,18,dayahead,0.0,0.0154,0.2437,False,lightgbm-v1
2025-02-19T18:00:00Z,2025-02-20T00:00:00+06:00,2025-02-20T07:00:00+06:00,2025-02-20T01:00:00Z,T1,7,2025-02-19T06:00:00Z,19,dayahead,0.0,0.0258,0.2541,False,lightgbm-v1
2025-02-19T18:00:00Z,2025-02-20T00:00:00+06:00,2025-02-20T08:00:00+06:00,2025-02-20T02:00:00Z,T1,8,2025-02-19T06:00:00Z,20,dayahead,0.0,0.0433,0.2717,False,lightgbm-v1
2025-02-19T18:00:00Z,2025-02-20T00:00:00+06:00,2025-02-20T09:00:00+06:00,2025-02-20T03:00:00Z,T1,9,2025-02-19T06:00:00Z,21,dayahead,0.0,0.0697,0.2981,False,lightgbm-v1
2025-02-19T18:00:00Z,2025-02-20T00:00:00+06:00,2025-02-20T10:00:00+06:00,2025-02-20T04:00:00Z,T1,10,2025-02-19T06:00:00Z,22,dayahead,0.0,0.0552,0.2836,False,lightgbm-v1
2025-02-19T18:00:00Z,2025-02-20T00:00:00+06:00,2025-02-20T11:00:00+06:00,2025-02-20T05:00:00Z,T1,11,2025-02-19T06:00:00Z,23,dayahead,0.0,0.0475,0.2759,False,lightgbm-v1
2025-02-19T18:00:00Z,2025-02-20T00:00:00+06:00,2025-02-20T12:00:00+06:00,2025-02-20T06:00:00Z,T1,12,2025-02-19T06:00:00Z,24,dayahead,0.0,0.0348,0.2632,False,lightgbm-v1
2025-02-19T18:00:00Z,2025-02-20T00:00:00+06:00,2025-02-20T13:00:00+06:00,2025-02-20T07:00:00Z,T1,13,2025-02-19T06:00:00Z,25,dayahead,0.0,0.0237,0.2521,False,lightgbm-v1
2025-02-19T18:00:00Z,2025-02-20T00:00:00+06:00,2025-02-20T14:00:00+06:00,2025-02-20T08:00:00Z,T1,14,2025-02-19T06:00:00Z,26,dayahead,0.0,0.0169,0.2453,False,lightgbm-v1
2025-02-19T18:00:00Z,2025-02-20T00:00:00+06:00,2025-02-20T15:00:00+06:00,2025-02-20T09:00:00Z,T1,15,2025-02-19T06:00:00Z,27,dayahead,0.0,0.0177,0.2461,False,lightgbm-v1
2025-02-19T18:00:00Z,2025-02-20T00:00:00+06:00,2025-02-20T16:00:00+06:00,2025-02-20T10:00:00Z,T1,16,2025-02-19T06:00:00Z,28,dayahead,0.0,0.0197,0.2481,False,lightgbm-v1
2025-02-19T18:00:00Z,2025-02-20T00:00:00+06:00,2025-02-20T17:00:00+06:00,2025-02-20T11:00:00Z,T1,17,2025-02-19T06:00:00Z,29,dayahead,0.0,0.0277,0.2561,False,lightgbm-v1
2025-02-19T18:00:00Z,2025-02-20T00:00:00+06:00,2025-02-20T18:00:00+06:00,2025-02-20T12:00:00Z,T1,18,2025-02-19T06:00:00Z,30,dayahead,0.0,0.0692,0.2976,False,lightgbm-v1
2025-02-19T18:00:00Z,2025-02-20T00:00:00+06:00,2025-02-20T19:00:00+06:00,2025-02-20T13:00:00Z,T1,19,2025-02-19T06:00:00Z,31,dayahead,0.0,0.061,0.2894,False,lightgbm-v1
2025-02-19T18:00:00Z,2025-02-20T00:00:00+06:00,2025-02-20T20:00:00+06:00,2025-02-20T14:00:00Z,T1,20,2025-02-19T06:00:00Z,32,dayahead,0.0,0.0294,0.2577,False,lightgbm-v1
2025-02-19T18:00:00Z,2025-02-20T00:00:00+06:00,2025-02-20T21:00:00+06:00,2025-02-20T15:00:00Z,T1,21,2025-02-19T06:00:00Z,33,dayahead,0.0,0.0155,0.2439,False,lightgbm-v1
2025-02-19T18:00:00Z,2025-02-20T00:00:00+06:00,2025-02-20T22:00:00+06:00,2025-02-20T16:00:00Z,T1,22,2025-02-19T06:00:00Z,34,dayahead,0.0,0.0156,0.244,False,lightgbm-v1
2025-02-19T18:00:00Z,2025-02-20T00:00:00+06:00,2025-02-20T23:00:00+06:00,2025-02-20T17:00:00Z,T1,23,2025-02-19T06:00:00Z,35,dayahead,0.0,0.0145,0.2429,False,lightgbm-v1
2025-02-19T18:00:00Z,2025-02-20T00:00:00+06:00,2025-02-21T00:00:00+06:00,2025-02-20T18:00:00Z,T1,24,2025-02-19T06:00:00Z,36,dayahead,0.0,0.0179,0.2463,False,lightgbm-v1
2025-02-19T18:00:00Z,2025-02-20T00:00:00+06:00,2025-02-21T01:00:00+06:00,2025-02-20T19:00:00Z,T1,25,2025-02-19T06:00:00Z,37,dayahead,0.0,0.0183,0.2467,False,lightgbm-v1
2025-02-19T18:00:00Z,2025-02-20T00:00:00+06:00,2025-02-21T02:00:00+06:00,2025-02-20T20:00:00Z,T1,26,2025-02-19T06:00:00Z,38,dayahead,0.0,0.0188,0.2472,False,lightgbm-v1
2025-02-19T18:00:00Z,2025-02-20T00:00:00+06:00,2025-02-21T03:00:00+06:00,2025-02-20T21:00:00Z,T1,27,2025-02-19T06:00:00Z,39,dayahead,0.0,0.0201,0.2485,False,lightgbm-v1
2025-02-19T18:00:00Z,2025-02-20T00:00:00+06:00,2025-02-21T04:00:00+06:00,2025-02-20T22:00:00Z,T1,28,2025-02-19T06:00:00Z,40,dayahead,0.0,0.0183,0.2467,False,lightgbm-v1
2025-02-19T18:00:00Z,2025-02-20T00:00:00+06:00,2025-02-21T05:00:00+06:00,2025-02-20T23:00:00Z,T1,29,2025-02-19T06:00:00Z,41,dayahead,0.0,0.0179,0.2463,False,lightgbm-v1
2025-02-19T18:00:00Z,2025-02-20T00:00:00+06:00,2025-02-21T06:00:00+06:00,2025-02-21T00:00:00Z,T1,30,2025-02-19T06:00:00Z,42,dayahead,0.0,0.0327,0.2611,False,lightgbm-v1
2025-02-19T18:00:00Z,2025-02-20T00:00:00+06:00,2025-02-21T07:00:00+06:00,2025-02-21T01:00:00Z,T1,31,2025-02-19T06:00:00Z,43,dayahead,0.0103,0.0926,0.321,False,lightgbm-v1
2025-02-19T18:00:00Z,2025-02-20T00:00:00+06:00,2025-02-21T08:00:00+06:00,2025-02-21T02:00:00Z,T1,32,2025-02-19T06:00:00Z,44,dayahead,0.0,0.1755,0.6895,False,lightgbm-v1
2025-02-19T18:00:00Z,2025-02-20T00:00:00+06:00,2025-02-21T09:00:00+06:00,2025-02-21T03:00:00Z,T1,33,2025-02-19T06:00:00Z,45,dayahead,0.021,0.2844,0.7983,False,lightgbm-v1
2025-02-19T18:00:00Z,2025-02-20T00:00:00+06:00,2025-02-21T10:00:00+06:00,2025-02-21T04:00:00Z,T1,34,2025-02-19T06:00:00Z,46,dayahead,0.0466,0.31,0.824,False,lightgbm-v1
2025-02-19T18:00:00Z,2025-02-20T00:00:00+06:00,2025-02-21T11:00:00+06:00,2025-02-21T05:00:00Z,T1,35,2025-02-19T06:00:00Z,47,dayahead,0.1934,0.4567,0.9707,False,lightgbm-v1
2025-02-19T18:00:00Z,2025-02-20T00:00:00+06:00,2025-02-21T12:00:00+06:00,2025-02-21T06:00:00Z,T1,36,2025-02-19T06:00:00Z,48,dayahead,0.123,0.6207,0.9194,False,lightgbm-v1
2025-02-19T18:00:00Z,2025-02-20T00:00:00+06:00,2025-02-21T13:00:00+06:00,2025-02-21T07:00:00Z,T1,37,2025-02-19T06:00:00Z,49,dayahead,0.2202,0.7179,1.0,False,lightgbm-v1
2025-02-19T18:00:00Z,2025-02-20T00:00:00+06:00,2025-02-21T14:00:00+06:00,2025-02-21T08:00:00Z,T1,38,2025-02-19T06:00:00Z,50,dayahead,0.2231,0.7208,1.0,False,lightgbm-v1
2025-02-19T18:00:00Z,2025-02-20T00:00:00+06:00,2025-02-21T15:00:00+06:00,2025-02-21T09:00:00Z,T1,39,2025-02-19T06:00:00Z,51,dayahead,0.1593,0.657,0.9557,False,lightgbm-v1
2025-02-19T18:00:00Z,2025-02-20T00:00:00+06:00,2025-02-21T16:00:00+06:00,2025-02-21T10:00:00Z,T1,40,2025-02-19T06:00:00Z,52,dayahead,0.0897,0.5874,0.8861,False,lightgbm-v1
2025-02-19T18:00:00Z,2025-02-20T00:00:00+06:00,2025-02-21T17:00:00+06:00,2025-02-21T11:00:00Z,T1,41,2025-02-19T06:00:00Z,53,dayahead,0.0065,0.5042,0.8028,False,lightgbm-v1
2025-02-19T18:00:00Z,2025-02-20T00:00:00+06:00,2025-02-21T18:00:00+06:00,2025-02-21T12:00:00Z,T1,42,2025-02-19T06:00:00Z,54,dayahead,0.1703,0.4336,0.9476,False,lightgbm-v1
2025-02-19T18:00:00Z,2025-02-20T00:00:00+06:00,2025-02-21T19:00:00+06:00,2025-02-21T13:00:00Z,T1,43,2025-02-19T06:00:00Z,55,dayahead,0.1445,0.4079,0.9219,False,lightgbm-v1
2025-02-19T18:00:00Z,2025-02-20T00:00:00+06:00,2025-02-21T20:00:00+06:00,2025-02-21T14:00:00Z,T1,44,2025-02-19T06:00:00Z,56,dayahead,0.1222,0.3856,0.8996,False,lightgbm-v1
2025-02-19T18:00:00Z,2025-02-20T00:00:00+06:00,2025-02-21T21:00:00+06:00,2025-02-21T15:00:00Z,T1,45,2025-02-19T06:00:00Z,57,dayahead,0.1505,0.4139,0.9279,False,lightgbm-v1
2025-02-19T18:00:00Z,2025-02-20T00:00:00+06:00,2025-02-21T22:00:00+06:00,2025-02-21T16:00:00Z,T1,46,2025-02-19T06:00:00Z,58,dayahead,0.0034,0.5011,0.7997,False,lightgbm-v1
2025-02-19T18:00:00Z,2025-02-20T00:00:00+06:00,2025-02-21T23:00:00+06:00,2025-02-21T17:00:00Z,T1,47,2025-02-19T06:00:00Z,59,dayahead,0.0455,0.5432,0.8418,False,lightgbm-v1
2025-02-19T18:00:00Z,2025-02-20T00:00:00+06:00,2025-02-20T00:00:00+06:00,2025-02-19T18:00:00Z,T2,0,2025-02-19T06:00:00Z,12,dayahead,0.0,0.0309,0.2593,False,lightgbm-v1
2025-02-19T18:00:00Z,2025-02-20T00:00:00+06:00,2025-02-20T01:00:00+06:00,2025-02-19T19:00:00Z,T2,1,2025-02-19T06:00:00Z,13,dayahead,0.0,0.0208,0.2492,False,lightgbm-v1
2025-02-19T18:00:00Z,2025-02-20T00:00:00+06:00,2025-02-20T02:00:00+06:00,2025-02-19T20:00:00Z,T2,2,2025-02-19T06:00:00Z,14,dayahead,0.0,0.0192,0.2476,False,lightgbm-v1
2025-02-19T18:00:00Z,2025-02-20T00:00:00+06:00,2025-02-20T03:00:00+06:00,2025-02-19T21:00:00Z,T2,3,2025-02-19T06:00:00Z,15,dayahead,0.0,0.0154,0.2438,False,lightgbm-v1
2025-02-19T18:00:00Z,2025-02-20T00:00:00+06:00,2025-02-20T04:00:00+06:00,2025-02-19T22:00:00Z,T2,4,2025-02-19T06:00:00Z,16,dayahead,0.0,0.0135,0.2419,False,lightgbm-v1
2025-02-19T18:00:00Z,2025-02-20T00:00:00+06:00,2025-02-20T05:00:00+06:00,2025-02-19T23:00:00Z,T2,5,2025-02-19T06:00:00Z,17,dayahead,0.0,0.0125,0.2409,False,lightgbm-v1
2025-02-19T18:00:00Z,2025-02-20T00:00:00+06:00,2025-02-20T06:00:00+06:00,2025-02-20T00:00:00Z,T2,6,2025-02-19T06:00:00Z,18,dayahead,0.0,0.0143,0.2427,False,lightgbm-v1
2025-02-19T18:00:00Z,2025-02-20T00:00:00+06:00,2025-02-20T07:00:00+06:00,2025-02-20T01:00:00Z,T2,7,2025-02-19T06:00:00Z,19,dayahead,0.0,0.0238,0.2522,False,lightgbm-v1
2025-02-19T18:00:00Z,2025-02-20T00:00:00+06:00,2025-02-20T08:00:00+06:00,2025-02-20T02:00:00Z,T2,8,2025-02-19T06:00:00Z,20,dayahead,0.0,0.0408,0.2692,False,lightgbm-v1
2025-02-19T18:00:00Z,2025-02-20T00:00:00+06:00,2025-02-20T09:00:00+06:00,2025-02-20T03:00:00Z,T2,9,2025-02-19T06:00:00Z,21,dayahead,0.0,0.0674,0.2958,False,lightgbm-v1
2025-02-19T18:00:00Z,2025-02-20T00:00:00+06:00,2025-02-20T10:00:00+06:00,2025-02-20T04:00:00Z,T2,10,2025-02-19T06:00:00Z,22,dayahead,0.0,0.0539,0.2823,False,lightgbm-v1
2025-02-19T18:00:00Z,2025-02-20T00:00:00+06:00,2025-02-20T11:00:00+06:00,2025-02-20T05:00:00Z,T2,11,2025-02-19T06:00:00Z,23,dayahead,0.0,0.0476,0.276,False,lightgbm-v1
2025-02-19T18:00:00Z,2025-02-20T00:00:00+06:00,2025-02-20T12:00:00+06:00,2025-02-20T06:00:00Z,T2,12,2025-02-19T06:00:00Z,24,dayahead,0.0,0.034,0.2624,False,lightgbm-v1
2025-02-19T18:00:00Z,2025-02-20T00:00:00+06:00,2025-02-20T13:00:00+06:00,2025-02-20T07:00:00Z,T2,13,2025-02-19T06:00:00Z,25,dayahead,0.0,0.0229,0.2513,False,lightgbm-v1
2025-02-19T18:00:00Z,2025-02-20T00:00:00+06:00,2025-02-20T14:00:00+06:00,2025-02-20T08:00:00Z,T2,14,2025-02-19T06:00:00Z,26,dayahead,0.0,0.0167,0.2451,False,lightgbm-v1
2025-02-19T18:00:00Z,2025-02-20T00:00:00+06:00,2025-02-20T15:00:00+06:00,2025-02-20T09:00:00Z,T2,15,2025-02-19T06:00:00Z,27,dayahead,0.0,0.0176,0.246,False,lightgbm-v1
2025-02-19T18:00:00Z,2025-02-20T00:00:00+06:00,2025-02-20T16:00:00+06:00,2025-02-20T10:00:00Z,T2,16,2025-02-19T06:00:00Z,28,dayahead,0.0,0.0196,0.248,False,lightgbm-v1
2025-02-19T18:00:00Z,2025-02-20T00:00:00+06:00,2025-02-20T17:00:00+06:00,2025-02-20T11:00:00Z,T2,17,2025-02-19T06:00:00Z,29,dayahead,0.0,0.0273,0.2557,False,lightgbm-v1
2025-02-19T18:00:00Z,2025-02-20T00:00:00+06:00,2025-02-20T18:00:00+06:00,2025-02-20T12:00:00Z,T2,18,2025-02-19T06:00:00Z,30,dayahead,0.0,0.0689,0.2973,False,lightgbm-v1
2025-02-19T18:00:00Z,2025-02-20T00:00:00+06:00,2025-02-20T19:00:00+06:00,2025-02-20T13:00:00Z,T2,19,2025-02-19T06:00:00Z,31,dayahead,0.0,0.0607,0.289,False,lightgbm-v1
2025-02-19T18:00:00Z,2025-02-20T00:00:00+06:00,2025-02-20T20:00:00+06:00,2025-02-20T14:00:00Z,T2,20,2025-02-19T06:00:00Z,32,dayahead,0.0,0.029,0.2574,False,lightgbm-v1
2025-02-19T18:00:00Z,2025-02-20T00:00:00+06:00,2025-02-20T21:00:00+06:00,2025-02-20T15:00:00Z,T2,21,2025-02-19T06:00:00Z,33,dayahead,0.0,0.0151,0.2435,False,lightgbm-v1
2025-02-19T18:00:00Z,2025-02-20T00:00:00+06:00,2025-02-20T22:00:00+06:00,2025-02-20T16:00:00Z,T2,22,2025-02-19T06:00:00Z,34,dayahead,0.0,0.0152,0.2436,False,lightgbm-v1
2025-02-19T18:00:00Z,2025-02-20T00:00:00+06:00,2025-02-20T23:00:00+06:00,2025-02-20T17:00:00Z,T2,23,2025-02-19T06:00:00Z,35,dayahead,0.0,0.0142,0.2425,False,lightgbm-v1
2025-02-19T18:00:00Z,2025-02-20T00:00:00+06:00,2025-02-21T00:00:00+06:00,2025-02-20T18:00:00Z,T2,24,2025-02-19T06:00:00Z,36,dayahead,0.0,0.0175,0.2459,False,lightgbm-v1
2025-02-19T18:00:00Z,2025-02-20T00:00:00+06:00,2025-02-21T01:00:00+06:00,2025-02-20T19:00:00Z,T2,25,2025-02-19T06:00:00Z,37,dayahead,0.0,0.0179,0.2463,False,lightgbm-v1
2025-02-19T18:00:00Z,2025-02-20T00:00:00+06:00,2025-02-21T02:00:00+06:00,2025-02-20T20:00:00Z,T2,26,2025-02-19T06:00:00Z,38,dayahead,0.0,0.0184,0.2467,False,lightgbm-v1
2025-02-19T18:00:00Z,2025-02-20T00:00:00+06:00,2025-02-21T03:00:00+06:00,2025-02-20T21:00:00Z,T2,27,2025-02-19T06:00:00Z,39,dayahead,0.0,0.0197,0.2481,False,lightgbm-v1
2025-02-19T18:00:00Z,2025-02-20T00:00:00+06:00,2025-02-21T04:00:00+06:00,2025-02-20T22:00:00Z,T2,28,2025-02-19T06:00:00Z,40,dayahead,0.0,0.0179,0.2463,False,lightgbm-v1
2025-02-19T18:00:00Z,2025-02-20T00:00:00+06:00,2025-02-21T05:00:00+06:00,2025-02-20T23:00:00Z,T2,29,2025-02-19T06:00:00Z,41,dayahead,0.0,0.0175,0.2459,False,lightgbm-v1
2025-02-19T18:00:00Z,2025-02-20T00:00:00+06:00,2025-02-21T06:00:00+06:00,2025-02-21T00:00:00Z,T2,30,2025-02-19T06:00:00Z,42,dayahead,0.0,0.0314,0.2598,False,lightgbm-v1
2025-02-19T18:00:00Z,2025-02-20T00:00:00+06:00,2025-02-21T07:00:00+06:00,2025-02-21T01:00:00Z,T2,31,2025-02-19T06:00:00Z,43,dayahead,0.0079,0.0901,0.3185,False,lightgbm-v1
2025-02-19T18:00:00Z,2025-02-20T00:00:00+06:00,2025-02-21T08:00:00+06:00,2025-02-21T02:00:00Z,T2,32,2025-02-19T06:00:00Z,44,dayahead,0.0,0.1715,0.6855,False,lightgbm-v1
2025-02-19T18:00:00Z,2025-02-20T00:00:00+06:00,2025-02-21T09:00:00+06:00,2025-02-21T03:00:00Z,T2,33,2025-02-19T06:00:00Z,45,dayahead,0.0135,0.2768,0.7908,False,lightgbm-v1
2025-02-19T18:00:00Z,2025-02-20T00:00:00+06:00,2025-02-21T10:00:00+06:00,2025-02-21T04:00:00Z,T2,34,2025-02-19T06:00:00Z,46,dayahead,0.0467,0.3101,0.8241,False,lightgbm-v1
2025-02-19T18:00:00Z,2025-02-20T00:00:00+06:00,2025-02-21T11:00:00+06:00,2025-02-21T05:00:00Z,T2,35,2025-02-19T06:00:00Z,47,dayahead,0.1963,0.4596,0.9736,False,lightgbm-v1
2025-02-19T18:00:00Z,2025-02-20T00:00:00+06:00,2025-02-21T12:00:00+06:00,2025-02-21T06:00:00Z,T2,36,2025-02-19T06:00:00Z,48,dayahead,0.1281,0.6258,0.9245,False,lightgbm-v1
2025-02-19T18:00:00Z,2025-02-20T00:00:00+06:00,2025-02-21T13:00:00+06:00,2025-02-21T07:00:00Z,T2,37,2025-02-19T06:00:00Z,49,dayahead,0.225,0.7227,1.0,False,lightgbm-v1
2025-02-19T18:00:00Z,2025-02-20T00:00:00+06:00,2025-02-21T14:00:00+06:00,2025-02-21T08:00:00Z,T2,38,2025-02-19T06:00:00Z,50,dayahead,0.2285,0.7262,1.0,False,lightgbm-v1
2025-02-19T18:00:00Z,2025-02-20T00:00:00+06:00,2025-02-21T15:00:00+06:00,2025-02-21T09:00:00Z,T2,39,2025-02-19T06:00:00Z,51,dayahead,0.1647,0.6624,0.961,False,lightgbm-v1
2025-02-19T18:00:00Z,2025-02-20T00:00:00+06:00,2025-02-21T16:00:00+06:00,2025-02-21T10:00:00Z,T2,40,2025-02-19T06:00:00Z,52,dayahead,0.0914,0.5891,0.8877,False,lightgbm-v1
2025-02-19T18:00:00Z,2025-02-20T00:00:00+06:00,2025-02-21T17:00:00+06:00,2025-02-21T11:00:00Z,T2,41,2025-02-19T06:00:00Z,53,dayahead,0.0084,0.5061,0.8048,False,lightgbm-v1
2025-02-19T18:00:00Z,2025-02-20T00:00:00+06:00,2025-02-21T18:00:00+06:00,2025-02-21T12:00:00Z,T2,42,2025-02-19T06:00:00Z,54,dayahead,0.1682,0.4316,0.9456,False,lightgbm-v1
2025-02-19T18:00:00Z,2025-02-20T00:00:00+06:00,2025-02-21T19:00:00+06:00,2025-02-21T13:00:00Z,T2,43,2025-02-19T06:00:00Z,55,dayahead,0.1412,0.4046,0.9185,False,lightgbm-v1
2025-02-19T18:00:00Z,2025-02-20T00:00:00+06:00,2025-02-21T20:00:00+06:00,2025-02-21T14:00:00Z,T2,44,2025-02-19T06:00:00Z,56,dayahead,0.1172,0.3805,0.8945,False,lightgbm-v1
2025-02-19T18:00:00Z,2025-02-20T00:00:00+06:00,2025-02-21T21:00:00+06:00,2025-02-21T15:00:00Z,T2,45,2025-02-19T06:00:00Z,57,dayahead,0.1465,0.4099,0.9239,False,lightgbm-v1
2025-02-19T18:00:00Z,2025-02-20T00:00:00+06:00,2025-02-21T22:00:00+06:00,2025-02-21T16:00:00Z,T2,46,2025-02-19T06:00:00Z,58,dayahead,0.2316,0.4949,1.0,False,lightgbm-v1
2025-02-19T18:00:00Z,2025-02-20T00:00:00+06:00,2025-02-21T23:00:00+06:00,2025-02-21T17:00:00Z,T2,47,2025-02-19T06:00:00Z,59,dayahead,0.038,0.5356,0.8343,False,lightgbm-v1
2025-02-20T18:00:00Z,2025-02-21T00:00:00+06:00,2025-02-21T00:00:00+06:00,2025-02-20T18:00:00Z,T1,0,2025-02-20T06:00:00Z,12,dayahead,0.0,0.0584,0.2867,False,lightgbm-v1
2025-02-20T18:00:00Z,2025-02-21T00:00:00+06:00,2025-02-21T01:00:00+06:00,2025-02-20T19:00:00Z,T1,1,2025-02-20T06:00:00Z,13,dayahead,0.0,0.0454,0.2738,False,lightgbm-v1
2025-02-20T18:00:00Z,2025-02-21T00:00:00+06:00,2025-02-21T02:00:00+06:00,2025-02-20T20:00:00Z,T1,2,2025-02-20T06:00:00Z,14,dayahead,0.0,0.0321,0.2605,False,lightgbm-v1
2025-02-20T18:00:00Z,2025-02-21T00:00:00+06:00,2025-02-21T03:00:00+06:00,2025-02-20T21:00:00Z,T1,3,2025-02-20T06:00:00Z,15,dayahead,0.0,0.0266,0.255,False,lightgbm-v1
2025-02-20T18:00:00Z,2025-02-21T00:00:00+06:00,2025-02-21T04:00:00+06:00,2025-02-20T22:00:00Z,T1,4,2025-02-20T06:00:00Z,16,dayahead,0.0,0.017,0.2454,False,lightgbm-v1
2025-02-20T18:00:00Z,2025-02-21T00:00:00+06:00,2025-02-21T05:00:00+06:00,2025-02-20T23:00:00Z,T1,5,2025-02-20T06:00:00Z,17,dayahead,0.0,0.0175,0.2459,False,lightgbm-v1
2025-02-20T18:00:00Z,2025-02-21T00:00:00+06:00,2025-02-21T06:00:00+06:00,2025-02-21T00:00:00Z,T1,6,2025-02-20T06:00:00Z,18,dayahead,0.0,0.0305,0.2589,False,lightgbm-v1
2025-02-20T18:00:00Z,2025-02-21T00:00:00+06:00,2025-02-21T07:00:00+06:00,2025-02-21T01:00:00Z,T1,7,2025-02-20T06:00:00Z,19,dayahead,0.0,0.0667,0.2951,False,lightgbm-v1
2025-02-20T18:00:00Z,2025-02-21T00:00:00+06:00,2025-02-21T08:00:00+06:00,2025-02-21T02:00:00Z,T1,8,2025-02-20T06:00:00Z,20,dayahead,0.0,0.1634,0.6774,False,lightgbm-v1
2025-02-20T18:00:00Z,2025-02-21T00:00:00+06:00,2025-02-21T09:00:00+06:00,2025-02-21T03:00:00Z,T1,9,2025-02-20T06:00:00Z,21,dayahead,0.0039,0.2672,0.7812,False,lightgbm-v1
2025-02-20T18:00:00Z,2025-02-21T00:00:00+06:00,2025-02-21T10:00:00+06:00,2025-02-21T04:00:00Z,T1,10,2025-02-20T06:00:00Z,22,dayahead,0.0146,0.2779,0.7919,False,lightgbm-v1
2025-02-20T18:00:00Z,2025-02-21T00:00:00+06:00,2025-02-21T11:00:00+06:00,2025-02-21T05:00:00Z,T1,11,2025-02-20T06:00:00Z,23,dayahead,0.132,0.3953,0.9093,False,lightgbm-v1
2025-02-20T18:00:00Z,2025-02-21T00:00:00+06:00,2025-02-21T12:00:00+06:00,2025-02-21T06:00:00Z,T1,12,2025-02-20T06:00:00Z,24,dayahead,0.0858,0.5835,0.8822,False,lightgbm-v1
2025-02-20T18:00:00Z,2025-02-21T00:00:00+06:00,2025-02-21T13:00:00+06:00,2025-02-21T07:00:00Z,T1,13,2025-02-20T06:00:00Z,25,dayahead,0.1693,0.667,0.9656,False,lightgbm-v1
2025-02-20T18:00:00Z,2025-02-21T00:00:00+06:00,2025-02-21T14:00:00+06:00,2025-02-21T08:00:00Z,T1,14,2025-02-20T06:00:00Z,26,dayahead,0.1932,0.6908,0.9895,False,lightgbm-v1
2025-02-20T18:00:00Z,2025-02-21T00:00:00+06:00,2025-02-21T15:00:00+06:00,2025-02-21T09:00:00Z,T1,15,2025-02-20T06:00:00Z,27,dayahead,0.161,0.6587,0.9573,False,lightgbm-v1
2025-02-20T18:00:00Z,2025-02-21T00:00:00+06:00,2025-02-21T16:00:00+06:00,2025-02-21T10:00:00Z,T1,16,2025-02-20T06:00:00Z,28,dayahead,0.0838,0.5815,0.8801,False,lightgbm-v1
2025-02-20T18:00:00Z,2025-02-21T00:00:00+06:00,2025-02-21T17:00:00+06:00,2025-02-21T11:00:00Z,T1,17,2025-02-20T06:00:00Z,29,dayahead,0.0074,0.5051,0.8037,False,lightgbm-v1
2025-02-20T18:00:00Z,2025-02-21T00:00:00+06:00,2025-02-21T18:00:00+06:00,2025-02-21T12:00:00Z,T1,18,2025-02-20T06:00:00Z,30,dayahead,0.1078,0.3712,0.8852,False,lightgbm-v1
2025-02-20T18:00:00Z,2025-02-21T00:00:00+06:00,2025-02-21T19:00:00+06:00,2025-02-21T13:00:00Z,T1,19,2025-02-20T06:00:00Z,31,dayahead,0.0039,0.2673,0.7813,False,lightgbm-v1
2025-02-20T18:00:00Z,2025-02-21T00:00:00+06:00,2025-02-21T20:00:00+06:00,2025-02-21T14:00:00Z,T1,20,2025-02-20T06:00:00Z,32,dayahead,0.0,0.2284,0.7424,False,lightgbm-v1
2025-02-20T18:00:00Z,2025-02-21T00:00:00+06:00,2025-02-21T21:00:00+06:00,2025-02-21T15:00:00Z,T1,21,2025-02-20T06:00:00Z,33,dayahead,0.0,0.2604,0.7744,False,lightgbm-v1
2025-02-20T18:00:00Z,2025-02-21T00:00:00+06:00,2025-02-21T22:00:00+06:00,2025-02-21T16:00:00Z,T1,22,2025-02-20T06:00:00Z,34,dayahead,0.0682,0.3315,0.8455,False,lightgbm-v1
2025-02-20T18:00:00Z,2025-02-21T00:00:00+06:00,2025-02-21T23:00:00+06:00,2025-02-21T17:00:00Z,T1,23,2025-02-20T06:00:00Z,35,dayahead,0.1392,0.4025,0.9165,False,lightgbm-v1
2025-02-20T18:00:00Z,2025-02-21T00:00:00+06:00,2025-02-22T00:00:00+06:00,2025-02-21T18:00:00Z,T1,24,2025-02-20T06:00:00Z,36,dayahead,0.1959,0.4592,0.9732,False,lightgbm-v1
2025-02-20T18:00:00Z,2025-02-21T00:00:00+06:00,2025-02-22T01:00:00+06:00,2025-02-21T19:00:00Z,T1,25,2025-02-20T06:00:00Z,37,dayahead,0.0252,0.5229,0.8215,False,lightgbm-v1
2025-02-20T18:00:00Z,2025-02-21T00:00:00+06:00,2025-02-22T02:00:00+06:00,2025-02-21T20:00:00Z,T1,26,2025-02-20T06:00:00Z,38,dayahead,0.0907,0.5884,0.887,False,lightgbm-v1
2025-02-20T18:00:00Z,2025-02-21T00:00:00+06:00,2025-02-22T03:00:00+06:00,2025-02-21T21:00:00Z,T1,27,2025-02-20T06:00:00Z,39,dayahead,0.1054,0.6031,0.9017,False,lightgbm-v1
2025-02-20T18:00:00Z,2025-02-21T00:00:00+06:00,2025-02-22T04:00:00+06:00,2025-02-21T22:00:00Z,T1,28,2025-02-20T06:00:00Z,40,dayahead,0.1338,0.6315,0.9301,False,lightgbm-v1
2025-02-20T18:00:00Z,2025-02-21T00:00:00+06:00,2025-02-22T05:00:00+06:00,2025-02-21T23:00:00Z,T1,29,2025-02-20T06:00:00Z,41,dayahead,0.2081,0.7058,1.0,False,lightgbm-v1
2025-02-20T18:00:00Z,2025-02-21T00:00:00+06:00,2025-02-22T06:00:00+06:00,2025-02-22T00:00:00Z,T1,30,2025-02-20T06:00:00Z,42,dayahead,0.2814,0.7791,1.0,False,lightgbm-v1
2025-02-20T18:00:00Z,2025-02-21T00:00:00+06:00,2025-02-22T07:00:00+06:00,2025-02-22T01:00:00Z,T1,31,2025-02-20T06:00:00Z,43,dayahead,0.3074,0.8051,1.0,False,lightgbm-v1
2025-02-20T18:00:00Z,2025-02-21T00:00:00+06:00,2025-02-22T08:00:00+06:00,2025-02-22T02:00:00Z,T1,32,2025-02-20T06:00:00Z,44,dayahead,0.3318,0.8295,1.0,False,lightgbm-v1
2025-02-20T18:00:00Z,2025-02-21T00:00:00+06:00,2025-02-22T09:00:00+06:00,2025-02-22T03:00:00Z,T1,33,2025-02-20T06:00:00Z,45,dayahead,0.3153,0.813,1.0,False,lightgbm-v1
2025-02-20T18:00:00Z,2025-02-21T00:00:00+06:00,2025-02-22T10:00:00+06:00,2025-02-22T04:00:00Z,T1,34,2025-02-20T06:00:00Z,46,dayahead,0.2907,0.7884,1.0,False,lightgbm-v1
2025-02-20T18:00:00Z,2025-02-21T00:00:00+06:00,2025-02-22T11:00:00+06:00,2025-02-22T05:00:00Z,T1,35,2025-02-20T06:00:00Z,47,dayahead,0.5062,0.8647,0.9497,False,lightgbm-v1
2025-02-20T18:00:00Z,2025-02-21T00:00:00+06:00,2025-02-22T12:00:00+06:00,2025-02-22T06:00:00Z,T1,36,2025-02-20T06:00:00Z,48,dayahead,0.5676,0.9261,1.0,False,lightgbm-v1
2025-02-20T18:00:00Z,2025-02-21T00:00:00+06:00,2025-02-22T13:00:00+06:00,2025-02-22T07:00:00Z,T1,37,2025-02-20T06:00:00Z,49,dayahead,0.5688,0.9273,1.0,False,lightgbm-v1
2025-02-20T18:00:00Z,2025-02-21T00:00:00+06:00,2025-02-22T14:00:00+06:00,2025-02-22T08:00:00Z,T1,38,2025-02-20T06:00:00Z,50,dayahead,0.5386,0.8971,0.9821,False,lightgbm-v1
2025-02-20T18:00:00Z,2025-02-21T00:00:00+06:00,2025-02-22T15:00:00+06:00,2025-02-22T09:00:00Z,T1,39,2025-02-20T06:00:00Z,51,dayahead,0.3491,0.8468,1.0,False,lightgbm-v1
2025-02-20T18:00:00Z,2025-02-21T00:00:00+06:00,2025-02-22T16:00:00+06:00,2025-02-22T10:00:00Z,T1,40,2025-02-20T06:00:00Z,52,dayahead,0.2698,0.7675,1.0,False,lightgbm-v1
2025-02-20T18:00:00Z,2025-02-21T00:00:00+06:00,2025-02-22T17:00:00+06:00,2025-02-22T11:00:00Z,T1,41,2025-02-20T06:00:00Z,53,dayahead,0.1642,0.6619,0.9605,False,lightgbm-v1
2025-02-20T18:00:00Z,2025-02-21T00:00:00+06:00,2025-02-22T18:00:00+06:00,2025-02-22T12:00:00Z,T1,42,2025-02-20T06:00:00Z,54,dayahead,0.0169,0.5146,0.8132,False,lightgbm-v1
2025-02-20T18:00:00Z,2025-02-21T00:00:00+06:00,2025-02-22T19:00:00+06:00,2025-02-22T13:00:00Z,T1,43,2025-02-20T06:00:00Z,55,dayahead,0.0612,0.3245,0.8385,False,lightgbm-v1
2025-02-20T18:00:00Z,2025-02-21T00:00:00+06:00,2025-02-22T20:00:00+06:00,2025-02-22T14:00:00Z,T1,44,2025-02-20T06:00:00Z,56,dayahead,0.0244,0.2877,0.8017,False,lightgbm-v1
2025-02-20T18:00:00Z,2025-02-21T00:00:00+06:00,2025-02-22T21:00:00+06:00,2025-02-22T15:00:00Z,T1,45,2025-02-20T06:00:00Z,57,dayahead,0.0827,0.346,0.86,False,lightgbm-v1
2025-02-20T18:00:00Z,2025-02-21T00:00:00+06:00,2025-02-22T22:00:00+06:00,2025-02-22T16:00:00Z,T1,46,2025-02-20T06:00:00Z,58,dayahead,0.1812,0.4446,0.9586,False,lightgbm-v1
2025-02-20T18:00:00Z,2025-02-21T00:00:00+06:00,2025-02-22T23:00:00+06:00,2025-02-22T17:00:00Z,T1,47,2025-02-20T06:00:00Z,59,dayahead,0.2275,0.4908,1.0,False,lightgbm-v1
2025-02-20T18:00:00Z,2025-02-21T00:00:00+06:00,2025-02-21T00:00:00+06:00,2025-02-20T18:00:00Z,T2,0,2025-02-20T06:00:00Z,12,dayahead,0.0,0.0549,0.2832,False,lightgbm-v1
2025-02-20T18:00:00Z,2025-02-21T00:00:00+06:00,2025-02-21T01:00:00+06:00,2025-02-20T19:00:00Z,T2,1,2025-02-20T06:00:00Z,13,dayahead,0.0,0.0431,0.2715,False,lightgbm-v1
2025-02-20T18:00:00Z,2025-02-21T00:00:00+06:00,2025-02-21T02:00:00+06:00,2025-02-20T20:00:00Z,T2,2,2025-02-20T06:00:00Z,14,dayahead,0.0,0.0302,0.2586,False,lightgbm-v1
2025-02-20T18:00:00Z,2025-02-21T00:00:00+06:00,2025-02-21T03:00:00+06:00,2025-02-20T21:00:00Z,T2,3,2025-02-20T06:00:00Z,15,dayahead,0.0,0.0248,0.2532,False,lightgbm-v1
2025-02-20T18:00:00Z,2025-02-21T00:00:00+06:00,2025-02-21T04:00:00+06:00,2025-02-20T22:00:00Z,T2,4,2025-02-20T06:00:00Z,16,dayahead,0.0,0.0166,0.245,False,lightgbm-v1
2025-02-20T18:00:00Z,2025-02-21T00:00:00+06:00,2025-02-21T05:00:00+06:00,2025-02-20T23:00:00Z,T2,5,2025-02-20T06:00:00Z,17,dayahead,0.0,0.0168,0.2452,False,lightgbm-v1
2025-02-20T18:00:00Z,2025-02-21T00:00:00+06:00,2025-02-21T06:00:00+06:00,2025-02-21T00:00:00Z,T2,6,2025-02-20T06:00:00Z,18,dayahead,0.0,0.0281,0.2565,False,lightgbm-v1
2025-02-20T18:00:00Z,2025-02-21T00:00:00+06:00,2025-02-21T07:00:00+06:00,2025-02-21T01:00:00Z,T2,7,2025-02-20T06:00:00Z,19,dayahead,0.0,0.0643,0.2927,False,lightgbm-v1
2025-02-20T18:00:00Z,2025-02-21T00:00:00+06:00,2025-02-21T08:00:00+06:00,2025-02-21T02:00:00Z,T2,8,2025-02-20T06:00:00Z,20,dayahead,0.0,0.1597,0.6737,False,lightgbm-v1
2025-02-20T18:00:00Z,2025-02-21T00:00:00+06:00,2025-02-21T09:00:00+06:00,2025-02-21T03:00:00Z,T2,9,2025-02-20T06:00:00Z,21,dayahead,0.0,0.2619,0.7759,False,lightgbm-v1
2025-02-20T18:00:00Z,2025-02-21T00:00:00+06:00,2025-02-21T10:00:00+06:00,2025-02-21T04:00:00Z,T2,10,2025-02-20T06:00:00Z,22,dayahead,0.0147,0.278,0.792,False,lightgbm-v1
2025-02-20T18:00:00Z,2025-02-21T00:00:00+06:00,2025-02-21T11:00:00+06:00,2025-02-21T05:00:00Z,T2,11,2025-02-20T06:00:00Z,23,dayahead,0.1358,0.3992,0.9132,False,lightgbm-v1
2025-02-20T18:00:00Z,2025-02-21T00:00:00+06:00,2025-02-21T12:00:00+06:00,2025-02-21T06:00:00Z,T2,12,2025-02-20T06:00:00Z,24,dayahead,0.0898,0.5875,0.8862,False,lightgbm-v1
2025-02-20T18:00:00Z,2025-02-21T00:00:00+06:00,2025-02-21T13:00:00+06:00,2025-02-21T07:00:00Z,T2,13,2025-02-20T06:00:00Z,25,dayahead,0.1719,0.6696,0.9682,False,lightgbm-v1
2025-02-20T18:00:00Z,2025-02-21T00:00:00+06:00,2025-02-21T14:00:00+06:00,2025-02-21T08:00:00Z,T2,14,2025-02-20T06:00:00Z,26,dayahead,0.1956,0.6932,0.9919,False,lightgbm-v1
2025-02-20T18:00:00Z,2025-02-21T00:00:00+06:00,2025-02-21T15:00:00+06:00,2025-02-21T09:00:00Z,T2,15,2025-02-20T06:00:00Z,27,dayahead,0.1634,0.6611,0.9597,False,lightgbm-v1
2025-02-20T18:00:00Z,2025-02-21T00:00:00+06:00,2025-02-21T16:00:00+06:00,2025-02-21T10:00:00Z,T2,16,2025-02-20T06:00:00Z,28,dayahead,0.0859,0.5836,0.8822,False,lightgbm-v1
2025-02-20T18:00:00Z,2025-02-21T00:00:00+06:00,2025-02-21T17:00:00+06:00,2025-02-21T11:00:00Z,T2,17,2025-02-20T06:00:00Z,29,dayahead,0.0098,0.5075,0.8062,False,lightgbm-v1
2025-02-20T18:00:00Z,2025-02-21T00:00:00+06:00,2025-02-21T18:00:00+06:00,2025-02-21T12:00:00Z,T2,18,2025-02-20T06:00:00Z,30,dayahead,0.1072,0.3706,0.8846,False,lightgbm-v1
2025-02-20T18:00:00Z,2025-02-21T00:00:00+06:00,2025-02-21T19:00:00+06:00,2025-02-21T13:00:00Z,T2,19,2025-02-20T06:00:00Z,31,dayahead,0.0005,0.2639,0.7779,False,lightgbm-v1
2025-02-20T18:00:00Z,2025-02-21T00:00:00+06:00,2025-02-21T20:00:00+06:00,2025-02-21T14:00:00Z,T2,20,2025-02-20T06:00:00Z,32,dayahead,0.0,0.2232,0.7372,False,lightgbm-v1
2025-02-20T18:00:00Z,2025-02-21T00:00:00+06:00,2025-02-21T21:00:00+06:00,2025-02-21T15:00:00Z,T2,21,2025-02-20T06:00:00Z,33,dayahead,0.0,0.2569,0.7709,False,lightgbm-v1
2025-02-20T18:00:00Z,2025-02-21T00:00:00+06:00,2025-02-21T22:00:00+06:00,2025-02-21T16:00:00Z,T2,22,2025-02-20T06:00:00Z,34,dayahead,0.0637,0.3271,0.8411,False,lightgbm-v1
2025-02-20T18:00:00Z,2025-02-21T00:00:00+06:00,2025-02-21T23:00:00+06:00,2025-02-21T17:00:00Z,T2,23,2025-02-20T06:00:00Z,35,dayahead,0.1352,0.3986,0.9126,False,lightgbm-v1
2025-02-20T18:00:00Z,2025-02-21T00:00:00+06:00,2025-02-22T00:00:00+06:00,2025-02-21T18:00:00Z,T2,24,2025-02-20T06:00:00Z,36,dayahead,0.1917,0.455,0.969,False,lightgbm-v1
2025-02-20T18:00:00Z,2025-02-21T00:00:00+06:00,2025-02-22T01:00:00+06:00,2025-02-21T19:00:00Z,T2,25,2025-02-20T06:00:00Z,37,dayahead,0.0171,0.5148,0.8135,False,lightgbm-v1
2025-02-20T18:00:00Z,2025-02-21T00:00:00+06:00,2025-02-22T02:00:00+06:00,2025-02-21T20:00:00Z,T2,26,2025-02-20T06:00:00Z,38,dayahead,0.0836,0.5813,0.88,False,lightgbm-v1
2025-02-20T18:00:00Z,2025-02-21T00:00:00+06:00,2025-02-22T03:00:00+06:00,2025-02-21T21:00:00Z,T2,27,2025-02-20T06:00:00Z,39,dayahead,0.0984,0.5961,0.8947,False,lightgbm-v1
2025-02-20T18:00:00Z,2025-02-21T00:00:00+06:00,2025-02-22T04:00:00+06:00,2025-02-21T22:00:00Z,T2,28,2025-02-20T06:00:00Z,40,dayahead,0.127,0.6246,0.9233,False,lightgbm-v1
2025-02-20T18:00:00Z,2025-02-21T00:00:00+06:00,2025-02-22T05:00:00+06:00,2025-02-21T23:00:00Z,T2,29,2025-02-20T06:00:00Z,41,dayahead,0.2011,0.6988,0.9975,False,lightgbm-v1
2025-02-20T18:00:00Z,2025-02-21T00:00:00+06:00,2025-02-22T06:00:00+06:00,2025-02-22T00:00:00Z,T2,30,2025-02-20T06:00:00Z,42,dayahead,0.2776,0.7752,1.0,False,lightgbm-v1
2025-02-20T18:00:00Z,2025-02-21T00:00:00+06:00,2025-02-22T07:00:00+06:00,2025-02-22T01:00:00Z,T2,31,2025-02-20T06:00:00Z,43,dayahead,0.3057,0.8034,1.0,False,lightgbm-v1
2025-02-20T18:00:00Z,2025-02-21T00:00:00+06:00,2025-02-22T08:00:00+06:00,2025-02-22T02:00:00Z,T2,32,2025-02-20T06:00:00Z,44,dayahead,0.3299,0.8276,1.0,False,lightgbm-v1
2025-02-20T18:00:00Z,2025-02-21T00:00:00+06:00,2025-02-22T09:00:00+06:00,2025-02-22T03:00:00Z,T2,33,2025-02-20T06:00:00Z,45,dayahead,0.3171,0.8147,1.0,False,lightgbm-v1
2025-02-20T18:00:00Z,2025-02-21T00:00:00+06:00,2025-02-22T10:00:00+06:00,2025-02-22T04:00:00Z,T2,34,2025-02-20T06:00:00Z,46,dayahead,0.2918,0.7895,1.0,False,lightgbm-v1
2025-02-20T18:00:00Z,2025-02-21T00:00:00+06:00,2025-02-22T11:00:00+06:00,2025-02-22T05:00:00Z,T2,35,2025-02-20T06:00:00Z,47,dayahead,0.506,0.8644,0.9494,False,lightgbm-v1
2025-02-20T18:00:00Z,2025-02-21T00:00:00+06:00,2025-02-22T12:00:00+06:00,2025-02-22T06:00:00Z,T2,36,2025-02-20T06:00:00Z,48,dayahead,0.5661,0.9245,1.0,False,lightgbm-v1
2025-02-20T18:00:00Z,2025-02-21T00:00:00+06:00,2025-02-22T13:00:00+06:00,2025-02-22T07:00:00Z,T2,37,2025-02-20T06:00:00Z,49,dayahead,0.5678,0.9263,1.0,False,lightgbm-v1
2025-02-20T18:00:00Z,2025-02-21T00:00:00+06:00,2025-02-22T14:00:00+06:00,2025-02-22T08:00:00Z,T2,38,2025-02-20T06:00:00Z,50,dayahead,0.5377,0.8962,0.9812,False,lightgbm-v1
2025-02-20T18:00:00Z,2025-02-21T00:00:00+06:00,2025-02-22T15:00:00+06:00,2025-02-22T09:00:00Z,T2,39,2025-02-20T06:00:00Z,51,dayahead,0.3476,0.8453,1.0,False,lightgbm-v1
2025-02-20T18:00:00Z,2025-02-21T00:00:00+06:00,2025-02-22T16:00:00+06:00,2025-02-22T10:00:00Z,T2,40,2025-02-20T06:00:00Z,52,dayahead,0.2719,0.7696,1.0,False,lightgbm-v1
2025-02-20T18:00:00Z,2025-02-21T00:00:00+06:00,2025-02-22T17:00:00+06:00,2025-02-22T11:00:00Z,T2,41,2025-02-20T06:00:00Z,53,dayahead,0.1652,0.6629,0.9615,False,lightgbm-v1
2025-02-20T18:00:00Z,2025-02-21T00:00:00+06:00,2025-02-22T18:00:00+06:00,2025-02-22T12:00:00Z,T2,42,2025-02-20T06:00:00Z,54,dayahead,0.0147,0.5124,0.8111,False,lightgbm-v1
2025-02-20T18:00:00Z,2025-02-21T00:00:00+06:00,2025-02-22T19:00:00+06:00,2025-02-22T13:00:00Z,T2,43,2025-02-20T06:00:00Z,55,dayahead,0.0568,0.3201,0.8341,False,lightgbm-v1
2025-02-20T18:00:00Z,2025-02-21T00:00:00+06:00,2025-02-22T20:00:00+06:00,2025-02-22T14:00:00Z,T2,44,2025-02-20T06:00:00Z,56,dayahead,0.0206,0.2839,0.7979,False,lightgbm-v1
2025-02-20T18:00:00Z,2025-02-21T00:00:00+06:00,2025-02-22T21:00:00+06:00,2025-02-22T15:00:00Z,T2,45,2025-02-20T06:00:00Z,57,dayahead,0.0781,0.3414,0.8554,False,lightgbm-v1
2025-02-20T18:00:00Z,2025-02-21T00:00:00+06:00,2025-02-22T22:00:00+06:00,2025-02-22T16:00:00Z,T2,46,2025-02-20T06:00:00Z,58,dayahead,0.1755,0.4388,0.9528,False,lightgbm-v1
2025-02-20T18:00:00Z,2025-02-21T00:00:00+06:00,2025-02-22T23:00:00+06:00,2025-02-22T17:00:00Z,T2,47,2025-02-20T06:00:00Z,59,dayahead,0.2224,0.4857,0.9997,False,lightgbm-v1
2025-02-21T18:00:00Z,2025-02-22T00:00:00+06:00,2025-02-22T00:00:00+06:00,2025-02-21T18:00:00Z,T1,0,2025-02-21T06:00:00Z,12,dayahead,0.1757,0.439,0.953,False,lightgbm-v1
2025-02-21T18:00:00Z,2025-02-22T00:00:00+06:00,2025-02-22T01:00:00+06:00,2025-02-21T19:00:00Z,T1,1,2025-02-21T06:00:00Z,13,dayahead,0.1867,0.4501,0.9641,False,lightgbm-v1
2025-02-21T18:00:00Z,2025-02-22T00:00:00+06:00,2025-02-22T02:00:00+06:00,2025-02-21T20:00:00Z,T1,2,2025-02-21T06:00:00Z,14,dayahead,0.0083,0.5059,0.8046,False,lightgbm-v1
2025-02-21T18:00:00Z,2025-02-22T00:00:00+06:00,2025-02-22T03:00:00+06:00,2025-02-21T21:00:00Z,T1,3,2025-02-21T06:00:00Z,15,dayahead,0.0605,0.5582,0.8568,False,lightgbm-v1
2025-02-21T18:00:00Z,2025-02-22T00:00:00+06:00,2025-02-22T04:00:00+06:00,2025-02-21T22:00:00Z,T1,4,2025-02-21T06:00:00Z,16,dayahead,0.1013,0.599,0.8977,False,lightgbm-v1
2025-02-21T18:00:00Z,2025-02-22T00:00:00+06:00,2025-02-22T05:00:00+06:00,2025-02-21T23:00:00Z,T1,5,2025-02-21T06:00:00Z,17,dayahead,0.172,0.6697,0.9684,False,lightgbm-v1
2025-02-21T18:00:00Z,2025-02-22T00:00:00+06:00,2025-02-22T06:00:00+06:00,2025-02-22T00:00:00Z,T1,6,2025-02-21T06:00:00Z,18,dayahead,0.2474,0.7451,1.0,False,lightgbm-v1
2025-02-21T18:00:00Z,2025-02-22T00:00:00+06:00,2025-02-22T07:00:00+06:00,2025-02-22T01:00:00Z,T1,7,2025-02-21T06:00:00Z,19,dayahead,0.2972,0.7949,1.0,False,lightgbm-v1
2025-02-21T18:00:00Z,2025-02-22T00:00:00+06:00,2025-02-22T08:00:00+06:00,2025-02-22T02:00:00Z,T1,8,2025-02-21T06:00:00Z,20,dayahead,0.3076,0.8052,1.0,False,lightgbm-v1
2025-02-21T18:00:00Z,2025-02-22T00:00:00+06:00,2025-02-22T09:00:00+06:00,2025-02-22T03:00:00Z,T1,9,2025-02-21T06:00:00Z,21,dayahead,0.2965,0.7942,1.0,False,lightgbm-v1
2025-02-21T18:00:00Z,2025-02-22T00:00:00+06:00,2025-02-22T10:00:00+06:00,2025-02-22T04:00:00Z,T1,10,2025-02-21T06:00:00Z,22,dayahead,0.2733,0.771,1.0,False,lightgbm-v1
2025-02-21T18:00:00Z,2025-02-22T00:00:00+06:00,2025-02-22T11:00:00+06:00,2025-02-22T05:00:00Z,T1,11,2025-02-21T06:00:00Z,23,dayahead,0.3405,0.8382,1.0,False,lightgbm-v1
2025-02-21T18:00:00Z,2025-02-22T00:00:00+06:00,2025-02-22T12:00:00+06:00,2025-02-22T06:00:00Z,T1,12,2025-02-21T06:00:00Z,24,dayahead,0.5432,0.9017,0.9867,False,lightgbm-v1
2025-02-21T18:00:00Z,2025-02-22T00:00:00+06:00,2025-02-22T13:00:00+06:00,2025-02-22T07:00:00Z,T1,13,2025-02-21T06:00:00Z,25,dayahead,0.5506,0.9091,0.9941,False,lightgbm-v1
2025-02-21T18:00:00Z,2025-02-22T00:00:00+06:00,2025-02-22T14:00:00+06:00,2025-02-22T08:00:00Z,T1,14,2025-02-21T06:00:00Z,26,dayahead,0.5109,0.8694,0.9544,False,lightgbm-v1
2025-02-21T18:00:00Z,2025-02-22T00:00:00+06:00,2025-02-22T15:00:00+06:00,2025-02-22T09:00:00Z,T1,15,2025-02-21T06:00:00Z,27,dayahead,0.3105,0.8082,1.0,False,lightgbm-v1
2025-02-21T18:00:00Z,2025-02-22T00:00:00+06:00,2025-02-22T16:00:00+06:00,2025-02-22T10:00:00Z,T1,16,2025-02-21T06:00:00Z,28,dayahead,0.1844,0.6821,0.9807,False,lightgbm-v1
2025-02-21T18:00:00Z,2025-02-22T00:00:00+06:00,2025-02-22T17:00:00+06:00,2025-02-22T11:00:00Z,T1,17,2025-02-21T06:00:00Z,29,dayahead,0.0785,0.5762,0.8748,False,lightgbm-v1
2025-02-21T18:00:00Z,2025-02-22T00:00:00+06:00,2025-02-22T18:00:00+06:00,2025-02-22T12:00:00Z,T1,18,2025-02-21T06:00:00Z,30,dayahead,0.1248,0.3882,0.9022,False,lightgbm-v1
2025-02-21T18:00:00Z,2025-02-22T00:00:00+06:00,2025-02-22T19:00:00+06:00,2025-02-22T13:00:00Z,T1,19,2025-02-21T06:00:00Z,31,dayahead,0.0,0.2526,0.7665,False,lightgbm-v1
2025-02-21T18:00:00Z,2025-02-22T00:00:00+06:00,2025-02-22T20:00:00+06:00,2025-02-22T14:00:00Z,T1,20,2025-02-21T06:00:00Z,32,dayahead,0.0,0.1796,0.6936,False,lightgbm-v1
2025-02-21T18:00:00Z,2025-02-22T00:00:00+06:00,2025-02-22T21:00:00+06:00,2025-02-22T15:00:00Z,T1,21,2025-02-21T06:00:00Z,33,dayahead,0.0,0.2323,0.7463,False,lightgbm-v1
2025-02-21T18:00:00Z,2025-02-22T00:00:00+06:00,2025-02-22T22:00:00+06:00,2025-02-22T16:00:00Z,T1,22,2025-02-21T06:00:00Z,34,dayahead,0.0229,0.2862,0.8002,False,lightgbm-v1
2025-02-21T18:00:00Z,2025-02-22T00:00:00+06:00,2025-02-22T23:00:00+06:00,2025-02-22T17:00:00Z,T1,23,2025-02-21T06:00:00Z,35,dayahead,0.0606,0.3239,0.8379,False,lightgbm-v1
2025-02-21T18:00:00Z,2025-02-22T00:00:00+06:00,2025-02-23T00:00:00+06:00,2025-02-22T18:00:00Z,T1,24,2025-02-21T06:00:00Z,36,dayahead,0.0947,0.3581,0.8721,False,lightgbm-v1
2025-02-21T18:00:00Z,2025-02-22T00:00:00+06:00,2025-02-23T01:00:00+06:00,2025-02-22T19:00:00Z,T1,25,2025-02-21T06:00:00Z,37,dayahead,0.1416,0.4049,0.9189,False,lightgbm-v1
2025-02-21T18:00:00Z,2025-02-22T00:00:00+06:00,2025-02-23T02:00:00+06:00,2025-02-22T20:00:00Z,T1,26,2025-02-21T06:00:00Z,38,dayahead,0.2282,0.4915,1.0,False,lightgbm-v1
2025-02-21T18:00:00Z,2025-02-22T00:00:00+06:00,2025-02-23T03:00:00+06:00,2025-02-22T21:00:00Z,T1,27,2025-02-21T06:00:00Z,39,dayahead,0.0607,0.5584,0.857,False,lightgbm-v1
2025-02-21T18:00:00Z,2025-02-22T00:00:00+06:00,2025-02-23T04:00:00+06:00,2025-02-22T22:00:00Z,T1,28,2025-02-21T06:00:00Z,40,dayahead,0.123,0.6207,0.9193,False,lightgbm-v1
2025-02-21T18:00:00Z,2025-02-22T00:00:00+06:00,2025-02-23T05:00:00+06:00,2025-02-22T23:00:00Z,T1,29,2025-02-21T06:00:00Z,41,dayahead,0.1912,0.6889,0.9876,False,lightgbm-v1
2025-02-21T18:00:00Z,2025-02-22T00:00:00+06:00,2025-02-23T06:00:00+06:00,2025-02-23T00:00:00Z,T1,30,2025-02-21T06:00:00Z,42,dayahead,0.26,0.7577,1.0,False,lightgbm-v1
2025-02-21T18:00:00Z,2025-02-22T00:00:00+06:00,2025-02-23T07:00:00+06:00,2025-02-23T01:00:00Z,T1,31,2025-02-21T06:00:00Z,43,dayahead,0.3102,0.8079,1.0,False,lightgbm-v1
2025-02-21T18:00:00Z,2025-02-22T00:00:00+06:00,2025-02-23T08:00:00+06:00,2025-02-23T02:00:00Z,T1,32,2025-02-21T06:00:00Z,44,dayahead,0.3411,0.8388,1.0,False,lightgbm-v1
2025-02-21T18:00:00Z,2025-02-22T00:00:00+06:00,2025-02-23T09:00:00+06:00,2025-02-23T03:00:00Z,T1,33,2025-02-21T06:00:00Z,45,dayahead,0.5098,0.8683,0.9533,False,lightgbm-v1
2025-02-21T18:00:00Z,2025-02-22T00:00:00+06:00,2025-02-23T10:00:00+06:00,2025-02-23T04:00:00Z,T1,34,2025-02-21T06:00:00Z,46,dayahead,0.5163,0.8748,0.9598,False,lightgbm-v1
2025-02-21T18:00:00Z,2025-02-22T00:00:00+06:00,2025-02-23T11:00:00+06:00,2025-02-23T05:00:00Z,T1,35,2025-02-21T06:00:00Z,47,dayahead,0.5517,0.9102,0.9952,False,lightgbm-v1
2025-02-21T18:00:00Z,2025-02-22T00:00:00+06:00,2025-02-23T12:00:00+06:00,2025-02-23T06:00:00Z,T1,36,2025-02-21T06:00:00Z,48,dayahead,0.5901,0.9486,1.0,False,lightgbm-v1
2025-02-21T18:00:00Z,2025-02-22T00:00:00+06:00,2025-02-23T13:00:00+06:00,2025-02-23T07:00:00Z,T1,37,2025-02-21T06:00:00Z,49,dayahead,0.5934,0.9519,1.0,False,lightgbm-v1
2025-02-21T18:00:00Z,2025-02-22T00:00:00+06:00,2025-02-23T14:00:00+06:00,2025-02-23T08:00:00Z,T1,38,2025-02-21T06:00:00Z,50,dayahead,0.5871,0.9456,1.0,False,lightgbm-v1
2025-02-21T18:00:00Z,2025-02-22T00:00:00+06:00,2025-02-23T15:00:00+06:00,2025-02-23T09:00:00Z,T1,39,2025-02-21T06:00:00Z,51,dayahead,0.5685,0.9269,1.0,False,lightgbm-v1
2025-02-21T18:00:00Z,2025-02-22T00:00:00+06:00,2025-02-23T16:00:00+06:00,2025-02-23T10:00:00Z,T1,40,2025-02-21T06:00:00Z,52,dayahead,0.5296,0.8881,0.9731,False,lightgbm-v1
2025-02-21T18:00:00Z,2025-02-22T00:00:00+06:00,2025-02-23T17:00:00+06:00,2025-02-23T11:00:00Z,T1,41,2025-02-21T06:00:00Z,53,dayahead,0.532,0.8905,0.9755,False,lightgbm-v1
2025-02-21T18:00:00Z,2025-02-22T00:00:00+06:00,2025-02-23T18:00:00+06:00,2025-02-23T12:00:00Z,T1,42,2025-02-21T06:00:00Z,54,dayahead,0.5014,0.8599,0.9449,False,lightgbm-v1
2025-02-21T18:00:00Z,2025-02-22T00:00:00+06:00,2025-02-23T19:00:00+06:00,2025-02-23T13:00:00Z,T1,43,2025-02-21T06:00:00Z,55,dayahead,0.3135,0.8112,1.0,False,lightgbm-v1
2025-02-21T18:00:00Z,2025-02-22T00:00:00+06:00,2025-02-23T20:00:00+06:00,2025-02-23T14:00:00Z,T1,44,2025-02-21T06:00:00Z,56,dayahead,0.3042,0.8019,1.0,False,lightgbm-v1
2025-02-21T18:00:00Z,2025-02-22T00:00:00+06:00,2025-02-23T21:00:00+06:00,2025-02-23T15:00:00Z,T1,45,2025-02-21T06:00:00Z,57,dayahead,0.519,0.8775,0.9625,False,lightgbm-v1
2025-02-21T18:00:00Z,2025-02-22T00:00:00+06:00,2025-02-23T22:00:00+06:00,2025-02-23T16:00:00Z,T1,46,2025-02-21T06:00:00Z,58,dayahead,0.5533,0.9118,0.9968,False,lightgbm-v1
2025-02-21T18:00:00Z,2025-02-22T00:00:00+06:00,2025-02-23T23:00:00+06:00,2025-02-23T17:00:00Z,T1,47,2025-02-21T06:00:00Z,59,dayahead,0.4965,0.855,0.94,False,lightgbm-v1
2025-02-21T18:00:00Z,2025-02-22T00:00:00+06:00,2025-02-22T00:00:00+06:00,2025-02-21T18:00:00Z,T2,0,2025-02-21T06:00:00Z,12,dayahead,0.1694,0.4328,0.9468,False,lightgbm-v1
2025-02-21T18:00:00Z,2025-02-22T00:00:00+06:00,2025-02-22T01:00:00+06:00,2025-02-21T19:00:00Z,T2,1,2025-02-21T06:00:00Z,13,dayahead,0.1807,0.444,0.958,False,lightgbm-v1
2025-02-21T18:00:00Z,2025-02-22T00:00:00+06:00,2025-02-22T02:00:00+06:00,2025-02-21T20:00:00Z,T2,2,2025-02-21T06:00:00Z,14,dayahead,0.2359,0.4993,1.0,False,lightgbm-v1
2025-02-21T18:00:00Z,2025-02-22T00:00:00+06:00,2025-02-22T03:00:00+06:00,2025-02-21T21:00:00Z,T2,3,2025-02-21T06:00:00Z,15,dayahead,0.0538,0.5515,0.8501,False,lightgbm-v1
2025-02-21T18:00:00Z,2025-02-22T00:00:00+06:00,2025-02-22T04:00:00+06:00,2025-02-21T22:00:00Z,T2,4,2025-02-21T06:00:00Z,16,dayahead,0.0945,0.5922,0.8908,False,lightgbm-v1
2025-02-21T18:00:00Z,2025-02-22T00:00:00+06:00,2025-02-22T05:00:00+06:00,2025-02-21T23:00:00Z,T2,5,2025-02-21T06:00:00Z,17,dayahead,0.1666,0.6643,0.963,False,lightgbm-v1
2025-02-21T18:00:00Z,2025-02-22T00:00:00+06:00,2025-02-22T06:00:00+06:00,2025-02-22T00:00:00Z,T2,6,2025-02-21T06:00:00Z,18,dayahead,0.2385,0.7362,1.0,False,lightgbm-v1
2025-02-21T18:00:00Z,2025-02-22T00:00:00+06:00,2025-02-22T07:00:00+06:00,2025-02-22T01:00:00Z,T2,7,2025-02-21T06:00:00Z,19,dayahead,0.2953,0.793,1.0,False,lightgbm-v1
2025-02-21T18:00:00Z,2025-02-22T00:00:00+06:00,2025-02-22T08:00:00+06:00,2025-02-22T02:00:00Z,T2,8,2025-02-21T06:00:00Z,20,dayahead,0.3056,0.8033,1.0,False,lightgbm-v1
2025-02-21T18:00:00Z,2025-02-22T00:00:00+06:00,2025-02-22T09:00:00+06:00,2025-02-22T03:00:00Z,T2,9,2025-02-21T06:00:00Z,21,dayahead,0.2973,0.7949,1.0,False,lightgbm-v1
2025-02-21T18:00:00Z,2025-02-22T00:00:00+06:00,2025-02-22T10:00:00+06:00,2025-02-22T04:00:00Z,T2,10,2025-02-21T06:00:00Z,22,dayahead,0.2747,0.7724,1.0,False,lightgbm-v1
2025-02-21T18:00:00Z,2025-02-22T00:00:00+06:00,2025-02-22T11:00:00+06:00,2025-02-22T05:00:00Z,T2,11,2025-02-21T06:00:00Z,23,dayahead,0.3416,0.8392,1.0,False,lightgbm-v1
2025-02-21T18:00:00Z,2025-02-22T00:00:00+06:00,2025-02-22T12:00:00+06:00,2025-02-22T06:00:00Z,T2,12,2025-02-21T06:00:00Z,24,dayahead,0.5419,0.9004,0.9854,False,lightgbm-v1
2025-02-21T18:00:00Z,2025-02-22T00:00:00+06:00,2025-02-22T13:00:00+06:00,2025-02-22T07:00:00Z,T2,13,2025-02-21T06:00:00Z,25,dayahead,0.5493,0.9077,0.9927,False,lightgbm-v1
2025-02-21T18:00:00Z,2025-02-22T00:00:00+06:00,2025-02-22T14:00:00+06:00,2025-02-22T08:00:00Z,T2,14,2025-02-21T06:00:00Z,26,dayahead,0.5102,0.8687,0.9537,False,lightgbm-v1
2025-02-21T18:00:00Z,2025-02-22T00:00:00+06:00,2025-02-22T15:00:00+06:00,2025-02-22T09:00:00Z,T2,15,2025-02-21T06:00:00Z,27,dayahead,0.31,0.8077,1.0,False,lightgbm-v1
2025-02-21T18:00:00Z,2025-02-22T00:00:00+06:00,2025-02-22T16:00:00+06:00,2025-02-22T10:00:00Z,T2,16,2025-02-21T06:00:00Z,28,dayahead,0.1851,0.6828,0.9814,False,lightgbm-v1
2025-02-21T18:00:00Z,2025-02-22T00:00:00+06:00,2025-02-22T17:00:00+06:00,2025-02-22T11:00:00Z,T2,17,2025-02-21T06:00:00Z,29,dayahead,0.0789,0.5766,0.8752,False,lightgbm-v1
2025-02-21T18:00:00Z,2025-02-22T00:00:00+06:00,2025-02-22T18:00:00+06:00,2025-02-22T12:00:00Z,T2,18,2025-02-21T06:00:00Z,30,dayahead,0.1227,0.386,0.9,False,lightgbm-v1
2025-02-21T18:00:00Z,2025-02-22T00:00:00+06:00,2025-02-22T19:00:00+06:00,2025-02-22T13:00:00Z,T2,19,2025-02-21T06:00:00Z,31,dayahead,0.0,0.2481,0.7621,False,lightgbm-v1
2025-02-21T18:00:00Z,2025-02-22T00:00:00+06:00,2025-02-22T20:00:00+06:00,2025-02-22T14:00:00Z,T2,20,2025-02-21T06:00:00Z,32,dayahead,0.0,0.1759,0.6899,False,lightgbm-v1
2025-02-21T18:00:00Z,2025-02-22T00:00:00+06:00,2025-02-22T21:00:00+06:00,2025-02-22T15:00:00Z,T2,21,2025-02-21T06:00:00Z,33,dayahead,0.0,0.2287,0.7427,False,lightgbm-v1
2025-02-21T18:00:00Z,2025-02-22T00:00:00+06:00,2025-02-22T22:00:00+06:00,2025-02-22T16:00:00Z,T2,22,2025-02-21T06:00:00Z,34,dayahead,0.0164,0.2798,0.7938,False,lightgbm-v1
2025-02-21T18:00:00Z,2025-02-22T00:00:00+06:00,2025-02-22T23:00:00+06:00,2025-02-22T17:00:00Z,T2,23,2025-02-21T06:00:00Z,35,dayahead,0.0543,0.3176,0.8316,False,lightgbm-v1
2025-02-21T18:00:00Z,2025-02-22T00:00:00+06:00,2025-02-23T00:00:00+06:00,2025-02-22T18:00:00Z,T2,24,2025-02-21T06:00:00Z,36,dayahead,0.0881,0.3515,0.8654,False,lightgbm-v1
2025-02-21T18:00:00Z,2025-02-22T00:00:00+06:00,2025-02-23T01:00:00+06:00,2025-02-22T19:00:00Z,T2,25,2025-02-21T06:00:00Z,37,dayahead,0.1356,0.399,0.913,False,lightgbm-v1
2025-02-21T18:00:00Z,2025-02-22T00:00:00+06:00,2025-02-23T02:00:00+06:00,2025-02-22T20:00:00Z,T2,26,2025-02-21T06:00:00Z,38,dayahead,0.2222,0.4855,0.9995,False,lightgbm-v1
2025-02-21T18:00:00Z,2025-02-22T00:00:00+06:00,2025-02-23T03:00:00+06:00,2025-02-22T21:00:00Z,T2,27,2025-02-21T06:00:00Z,39,dayahead,0.0553,0.553,0.8517,False,lightgbm-v1
2025-02-21T18:00:00Z,2025-02-22T00:00:00+06:00,2025-02-23T04:00:00+06:00,2025-02-22T22:00:00Z,T2,28,2025-02-21T06:00:00Z,40,dayahead,0.119,0.6167,0.9153,False,lightgbm-v1
2025-02-21T18:00:00Z,2025-02-22T00:00:00+06:00,2025-02-23T05:00:00+06:00,2025-02-22T23:00:00Z,T2,29,2025-02-21T06:00:00Z,41,dayahead,0.1876,0.6853,0.9839,False,lightgbm-v1
2025-02-21T18:00:00Z,2025-02-22T00:00:00+06:00,2025-02-23T06:00:00+06:00,2025-02-23T00:00:00Z,T2,30,2025-02-21T06:00:00Z,42,dayahead,0.2561,0.7538,1.0,False,lightgbm-v1
2025-02-21T18:00:00Z,2025-02-22T00:00:00+06:00,2025-02-23T07:00:00+06:00,2025-02-23T01:00:00Z,T2,31,2025-02-21T06:00:00Z,43,dayahead,0.3066,0.8042,1.0,False,lightgbm-v1
2025-02-21T18:00:00Z,2025-02-22T00:00:00+06:00,2025-02-23T08:00:00+06:00,2025-02-23T02:00:00Z,T2,32,2025-02-21T06:00:00Z,44,dayahead,0.3402,0.8379,1.0,False,lightgbm-v1
2025-02-21T18:00:00Z,2025-02-22T00:00:00+06:00,2025-02-23T09:00:00+06:00,2025-02-23T03:00:00Z,T2,33,2025-02-21T06:00:00Z,45,dayahead,0.5093,0.8678,0.9528,False,lightgbm-v1
2025-02-21T18:00:00Z,2025-02-22T00:00:00+06:00,2025-02-23T10:00:00+06:00,2025-02-23T04:00:00Z,T2,34,2025-02-21T06:00:00Z,46,dayahead,0.5164,0.8749,0.9599,False,lightgbm-v1
2025-02-21T18:00:00Z,2025-02-22T00:00:00+06:00,2025-02-23T11:00:00+06:00,2025-02-23T05:00:00Z,T2,35,2025-02-21T06:00:00Z,47,dayahead,0.5491,0.9076,0.9926,False,lightgbm-v1
2025-02-21T18:00:00Z,2025-02-22T00:00:00+06:00,2025-02-23T12:00:00+06:00,2025-02-23T06:00:00Z,T2,36,2025-02-21T06:00:00Z,48,dayahead,0.5888,0.9473,1.0,False,lightgbm-v1
2025-02-21T18:00:00Z,2025-02-22T00:00:00+06:00,2025-02-23T13:00:00+06:00,2025-02-23T07:00:00Z,T2,37,2025-02-21T06:00:00Z,49,dayahead,0.5896,0.9481,1.0,False,lightgbm-v1
2025-02-21T18:00:00Z,2025-02-22T00:00:00+06:00,2025-02-23T14:00:00+06:00,2025-02-23T08:00:00Z,T2,38,2025-02-21T06:00:00Z,50,dayahead,0.5835,0.942,1.0,False,lightgbm-v1
2025-02-21T18:00:00Z,2025-02-22T00:00:00+06:00,2025-02-23T15:00:00+06:00,2025-02-23T09:00:00Z,T2,39,2025-02-21T06:00:00Z,51,dayahead,0.5673,0.9257,1.0,False,lightgbm-v1
2025-02-21T18:00:00Z,2025-02-22T00:00:00+06:00,2025-02-23T16:00:00+06:00,2025-02-23T10:00:00Z,T2,40,2025-02-21T06:00:00Z,52,dayahead,0.528,0.8865,0.9715,False,lightgbm-v1
2025-02-21T18:00:00Z,2025-02-22T00:00:00+06:00,2025-02-23T17:00:00+06:00,2025-02-23T11:00:00Z,T2,41,2025-02-21T06:00:00Z,53,dayahead,0.5309,0.8894,0.9744,False,lightgbm-v1
2025-02-21T18:00:00Z,2025-02-22T00:00:00+06:00,2025-02-23T18:00:00+06:00,2025-02-23T12:00:00Z,T2,42,2025-02-21T06:00:00Z,54,dayahead,0.5004,0.8589,0.9439,False,lightgbm-v1
2025-02-21T18:00:00Z,2025-02-22T00:00:00+06:00,2025-02-23T19:00:00+06:00,2025-02-23T13:00:00Z,T2,43,2025-02-21T06:00:00Z,55,dayahead,0.315,0.8127,1.0,False,lightgbm-v1
2025-02-21T18:00:00Z,2025-02-22T00:00:00+06:00,2025-02-23T20:00:00+06:00,2025-02-23T14:00:00Z,T2,44,2025-02-21T06:00:00Z,56,dayahead,0.3053,0.803,1.0,False,lightgbm-v1
2025-02-21T18:00:00Z,2025-02-22T00:00:00+06:00,2025-02-23T21:00:00+06:00,2025-02-23T15:00:00Z,T2,45,2025-02-21T06:00:00Z,57,dayahead,0.5175,0.876,0.961,False,lightgbm-v1
2025-02-21T18:00:00Z,2025-02-22T00:00:00+06:00,2025-02-23T22:00:00+06:00,2025-02-23T16:00:00Z,T2,46,2025-02-21T06:00:00Z,58,dayahead,0.5517,0.9102,0.9952,False,lightgbm-v1
2025-02-21T18:00:00Z,2025-02-22T00:00:00+06:00,2025-02-23T23:00:00+06:00,2025-02-23T17:00:00Z,T2,47,2025-02-21T06:00:00Z,59,dayahead,0.4966,0.8551,0.9401,False,lightgbm-v1
2025-02-22T18:00:00Z,2025-02-23T00:00:00+06:00,2025-02-23T00:00:00+06:00,2025-02-22T18:00:00Z,T1,0,2025-02-22T06:00:00Z,12,dayahead,0.1404,0.4038,0.9178,False,lightgbm-v1
2025-02-22T18:00:00Z,2025-02-23T00:00:00+06:00,2025-02-23T01:00:00+06:00,2025-02-22T19:00:00Z,T1,1,2025-02-22T06:00:00Z,13,dayahead,0.1572,0.4205,0.9345,False,lightgbm-v1
2025-02-22T18:00:00Z,2025-02-23T00:00:00+06:00,2025-02-23T02:00:00+06:00,2025-02-22T20:00:00Z,T1,2,2025-02-22T06:00:00Z,14,dayahead,0.2285,0.4918,1.0,False,lightgbm-v1
2025-02-22T18:00:00Z,2025-02-23T00:00:00+06:00,2025-02-23T03:00:00+06:00,2025-02-22T21:00:00Z,T1,3,2025-02-22T06:00:00Z,15,dayahead,0.0561,0.5538,0.8525,False,lightgbm-v1
2025-02-22T18:00:00Z,2025-02-23T00:00:00+06:00,2025-02-23T04:00:00+06:00,2025-02-22T22:00:00Z,T1,4,2025-02-22T06:00:00Z,16,dayahead,0.1121,0.6097,0.9084,False,lightgbm-v1
2025-02-22T18:00:00Z,2025-02-23T00:00:00+06:00,2025-02-23T05:00:00+06:00,2025-02-22T23:00:00Z,T1,5,2025-02-22T06:00:00Z,17,dayahead,0.1884,0.6861,0.9847,False,lightgbm-v1
2025-02-22T18:00:00Z,2025-02-23T00:00:00+06:00,2025-02-23T06:00:00+06:00,2025-02-23T00:00:00Z,T1,6,2025-02-22T06:00:00Z,18,dayahead,0.266,0.7636,1.0,False,lightgbm-v1
2025-02-22T18:00:00Z,2025-02-23T00:00:00+06:00,2025-02-23T07:00:00+06:00,2025-02-23T01:00:00Z,T1,7,2025-02-22T06:00:00Z,19,dayahead,0.309,0.8067,1.0,False,lightgbm-v1
2025-02-22T18:00:00Z,2025-02-23T00:00:00+06:00,2025-02-23T08:00:00+06:00,2025-02-23T02:00:00Z,T1,8,2025-02-22T06:00:00Z,20,dayahead,0.329,0.8267,1.0,False,lightgbm-v1
2025-02-22T18:00:00Z,2025-02-23T00:00:00+06:00,2025-02-23T09:00:00+06:00,2025-02-23T03:00:00Z,T1,9,2025-02-22T06:00:00Z,21,dayahead,0.3201,0.8178,1.0,False,lightgbm-v1
2025-02-22T18:00:00Z,2025-02-23T00:00:00+06:00,2025-02-23T10:00:00+06:00,2025-02-23T04:00:00Z,T1,10,2025-02-22T06:00:00Z,22,dayahead,0.3088,0.8065,1.0,False,lightgbm-v1
2025-02-22T18:00:00Z,2025-02-23T00:00:00+06:00,2025-02-23T11:00:00+06:00,2025-02-23T05:00:00Z,T1,11,2025-02-22T06:00:00Z,23,dayahead,0.3313,0.829,1.0,False,lightgbm-v1
2025-02-22T18:00:00Z,2025-02-23T00:00:00+06:00,2025-02-23T12:00:00+06:00,2025-02-23T06:00:00Z,T1,12,2025-02-22T06:00:00Z,24,dayahead,0.5396,0.898,0.983,False,lightgbm-v1
2025-02-22T18:00:00Z,2025-02-23T00:00:00+06:00,2025-02-23T13:00:00+06:00,2025-02-23T07:00:00Z,T1,13,2025-02-22T06:00:00Z,25,dayahead,0.5769,0.9354,1.0,False,lightgbm-v1
2025-02-22T18:00:00Z,2025-02-23T00:00:00+06:00,2025-02-23T14:00:00+06:00,2025-02-23T08:00:00Z,T1,14,2025-02-22T06:00:00Z,26,dayahead,0.5816,0.9401,1.0,False,lightgbm-v1
2025-02-22T18:00:00Z,2025-02-23T00:00:00+06:00,2025-02-23T15:00:00+06:00,2025-02-23T09:00:00Z,T1,15,2025-02-22T06:00:00Z,27,dayahead,0.5727,0.9312,1.0,False,lightgbm-v1
2025-02-22T18:00:00Z,2025-02-23T00:00:00+06:00,2025-02-23T16:00:00+06:00,2025-02-23T10:00:00Z,T1,16,2025-02-22T06:00:00Z,28,dayahead,0.5311,0.8896,0.9746,False,lightgbm-v1
2025-02-22T18:00:00Z,2025-02-23T00:00:00+06:00,2025-02-23T17:00:00+06:00,2025-02-23T11:00:00Z,T1,17,2025-02-22T06:00:00Z,29,dayahead,0.5421,0.9005,0.9855,False,lightgbm-v1
2025-02-22T18:00:00Z,2025-02-23T00:00:00+06:00,2025-02-23T18:00:00+06:00,2025-02-23T12:00:00Z,T1,18,2025-02-22T06:00:00Z,30,dayahead,0.5354,0.8938,0.9788,False,lightgbm-v1
2025-02-22T18:00:00Z,2025-02-23T00:00:00+06:00,2025-02-23T19:00:00+06:00,2025-02-23T13:00:00Z,T1,19,2025-02-22T06:00:00Z,31,dayahead,0.3378,0.8355,1.0,False,lightgbm-v1
2025-02-22T18:00:00Z,2025-02-23T00:00:00+06:00,2025-02-23T20:00:00+06:00,2025-02-23T14:00:00Z,T1,20,2025-02-22T06:00:00Z,32,dayahead,0.285,0.7826,1.0,False,lightgbm-v1
2025-02-22T18:00:00Z,2025-02-23T00:00:00+06:00,2025-02-23T21:00:00+06:00,2025-02-23T15:00:00Z,T1,21,2025-02-22T06:00:00Z,33,dayahead,0.2813,0.779,1.0,False,lightgbm-v1
2025-02-22T18:00:00Z,2025-02-23T00:00:00+06:00,2025-02-23T22:00:00+06:00,2025-02-23T16:00:00Z,T1,22,2025-02-22T06:00:00Z,34,dayahead,0.4942,0.8526,0.9376,False,lightgbm-v1
2025-02-22T18:00:00Z,2025-02-23T00:00:00+06:00,2025-02-23T23:00:00+06:00,2025-02-23T17:00:00Z,T1,23,2025-02-22T06:00:00Z,35,dayahead,0.5472,0.9057,0.9907,False,lightgbm-v1
2025-02-22T18:00:00Z,2025-02-23T00:00:00+06:00,2025-02-24T00:00:00+06:00,2025-02-23T18:00:00Z,T1,24,2025-02-22T06:00:00Z,36,dayahead,0.5637,0.9222,1.0,False,lightgbm-v1
2025-02-22T18:00:00Z,2025-02-23T00:00:00+06:00,2025-02-24T01:00:00+06:00,2025-02-23T19:00:00Z,T1,25,2025-02-22T06:00:00Z,37,dayahead,0.572,0.9305,1.0,False,lightgbm-v1
2025-02-22T18:00:00Z,2025-02-23T00:00:00+06:00,2025-02-24T02:00:00+06:00,2025-02-23T20:00:00Z,T1,26,2025-02-22T06:00:00Z,38,dayahead,0.5839,0.9424,1.0,False,lightgbm-v1
2025-02-22T18:00:00Z,2025-02-23T00:00:00+06:00,2025-02-24T03:00:00+06:00,2025-02-23T21:00:00Z,T1,27,2025-02-22T06:00:00Z,39,dayahead,0.5982,0.9567,1.0,False,lightgbm-v1
2025-02-22T18:00:00Z,2025-02-23T00:00:00+06:00,2025-02-24T04:00:00+06:00,2025-02-23T22:00:00Z,T1,28,2025-02-22T06:00:00Z,40,dayahead,0.6131,0.9715,1.0,False,lightgbm-v1
2025-02-22T18:00:00Z,2025-02-23T00:00:00+06:00,2025-02-24T05:00:00+06:00,2025-02-23T23:00:00Z,T1,29,2025-02-22T06:00:00Z,41,dayahead,0.6039,0.9624,1.0,False,lightgbm-v1
2025-02-22T18:00:00Z,2025-02-23T00:00:00+06:00,2025-02-24T06:00:00+06:00,2025-02-24T00:00:00Z,T1,30,2025-02-22T06:00:00Z,42,dayahead,0.6083,0.9668,1.0,False,lightgbm-v1
2025-02-22T18:00:00Z,2025-02-23T00:00:00+06:00,2025-02-24T07:00:00+06:00,2025-02-24T01:00:00Z,T1,31,2025-02-22T06:00:00Z,43,dayahead,0.6009,0.9593,1.0,False,lightgbm-v1
2025-02-22T18:00:00Z,2025-02-23T00:00:00+06:00,2025-02-24T08:00:00+06:00,2025-02-24T02:00:00Z,T1,32,2025-02-22T06:00:00Z,44,dayahead,0.5626,0.9211,1.0,False,lightgbm-v1
2025-02-22T18:00:00Z,2025-02-23T00:00:00+06:00,2025-02-24T09:00:00+06:00,2025-02-24T03:00:00Z,T1,33,2025-02-22T06:00:00Z,45,dayahead,0.3347,0.8324,1.0,False,lightgbm-v1
2025-02-22T18:00:00Z,2025-02-23T00:00:00+06:00,2025-02-24T10:00:00+06:00,2025-02-24T04:00:00Z,T1,34,2025-02-22T06:00:00Z,46,dayahead,0.2408,0.7385,1.0,False,lightgbm-v1
2025-02-22T18:00:00Z,2025-02-23T00:00:00+06:00,2025-02-24T11:00:00+06:00,2025-02-24T05:00:00Z,T1,35,2025-02-22T06:00:00Z,47,dayahead,0.1785,0.6762,0.9748,False,lightgbm-v1
2025-02-22T18:00:00Z,2025-02-23T00:00:00+06:00,2025-02-24T12:00:00+06:00,2025-02-24T06:00:00Z,T1,36,2025-02-22T06:00:00Z,48,dayahead,0.2467,0.7444,1.0,False,lightgbm-v1
2025-02-22T18:00:00Z,2025-02-23T00:00:00+06:00,2025-02-24T13:00:00+06:00,2025-02-24T07:00:00Z,T1,37,2025-02-22T06:00:00Z,49,dayahead,0.3017,0.7994,1.0,False,lightgbm-v1
2025-02-22T18:00:00Z,2025-02-23T00:00:00+06:00,2025-02-24T14:00:00+06:00,2025-02-24T08:00:00Z,T1,38,2025-02-22T06:00:00Z,50,dayahead,0.2526,0.7503,1.0,False,lightgbm-v1
2025-02-22T18:00:00Z,2025-02-23T00:00:00+06:00,2025-02-24T15:00:00+06:00,2025-02-24T09:00:00Z,T1,39,2025-02-22T06:00:00Z,51,dayahead,0.1919,0.6896,0.9882,False,lightgbm-v1
2025-02-22T18:00:00Z,2025-02-23T00:00:00+06:00,2025-02-24T16:00:00+06:00,2025-02-24T10:00:00Z,T1,40,2025-02-22T06:00:00Z,52,dayahead,0.1513,0.649,0.9477,False,lightgbm-v1
2025-02-22T18:00:00Z,2025-02-23T00:00:00+06:00,2025-02-24T17:00:00+06:00,2025-02-24T11:00:00Z,T1,41,2025-02-22T06:00:00Z,53,dayahead,0.1583,0.656,0.9546,False,lightgbm-v1
2025-02-22T18:00:00Z,2025-02-23T00:00:00+06:00,2025-02-24T18:00:00+06:00,2025-02-24T12:00:00Z,T1,42,2025-02-22T06:00:00Z,54,dayahead,0.0919,0.5896,0.8883,False,lightgbm-v1
2025-02-22T18:00:00Z,2025-02-23T00:00:00+06:00,2025-02-24T19:00:00+06:00,2025-02-24T13:00:00Z,T1,43,2025-02-22T06:00:00Z,55,dayahead,0.1656,0.6633,0.9619,False,lightgbm-v1
2025-02-22T18:00:00Z,2025-02-23T00:00:00+06:00,2025-02-24T20:00:00+06:00,2025-02-24T14:00:00Z,T1,44,2025-02-22T06:00:00Z,56,dayahead,0.2044,0.702,1.0,False,lightgbm-v1
2025-02-22T18:00:00Z,2025-02-23T00:00:00+06:00,2025-02-24T21:00:00+06:00,2025-02-24T15:00:00Z,T1,45,2025-02-22T06:00:00Z,57,dayahead,0.2687,0.7664,1.0,False,lightgbm-v1
2025-02-22T18:00:00Z,2025-02-23T00:00:00+06:00,2025-02-24T22:00:00+06:00,2025-02-24T16:00:00Z,T1,46,2025-02-22T06:00:00Z,58,dayahead,0.2949,0.7926,1.0,False,lightgbm-v1
2025-02-22T18:00:00Z,2025-02-23T00:00:00+06:00,2025-02-24T23:00:00+06:00,2025-02-24T17:00:00Z,T1,47,2025-02-22T06:00:00Z,59,dayahead,0.251,0.7487,1.0,False,lightgbm-v1
2025-02-22T18:00:00Z,2025-02-23T00:00:00+06:00,2025-02-23T00:00:00+06:00,2025-02-22T18:00:00Z,T2,0,2025-02-22T06:00:00Z,12,dayahead,0.1341,0.3975,0.9115,False,lightgbm-v1
2025-02-22T18:00:00Z,2025-02-23T00:00:00+06:00,2025-02-23T01:00:00+06:00,2025-02-22T19:00:00Z,T2,1,2025-02-22T06:00:00Z,13,dayahead,0.1518,0.4152,0.9292,False,lightgbm-v1
2025-02-22T18:00:00Z,2025-02-23T00:00:00+06:00,2025-02-23T02:00:00+06:00,2025-02-22T20:00:00Z,T2,2,2025-02-22T06:00:00Z,14,dayahead,0.2233,0.4867,1.0,False,lightgbm-v1
2025-02-22T18:00:00Z,2025-02-23T00:00:00+06:00,2025-02-23T03:00:00+06:00,2025-02-22T21:00:00Z,T2,3,2025-02-22T06:00:00Z,15,dayahead,0.0509,0.5486,0.8473,False,lightgbm-v1
2025-02-22T18:00:00Z,2025-02-23T00:00:00+06:00,2025-02-23T04:00:00+06:00,2025-02-22T22:00:00Z,T2,4,2025-02-22T06:00:00Z,16,dayahead,0.1052,0.6029,0.9015,False,lightgbm-v1
2025-02-22T18:00:00Z,2025-02-23T00:00:00+06:00,2025-02-23T05:00:00+06:00,2025-02-22T23:00:00Z,T2,5,2025-02-22T06:00:00Z,17,dayahead,0.1814,0.6791,0.9778,False,lightgbm-v1
2025-02-22T18:00:00Z,2025-02-23T00:00:00+06:00,2025-02-23T06:00:00+06:00,2025-02-23T00:00:00Z,T2,6,2025-02-22T06:00:00Z,18,dayahead,0.2617,0.7594,1.0,False,lightgbm-v1
2025-02-22T18:00:00Z,2025-02-23T00:00:00+06:00,2025-02-23T07:00:00+06:00,2025-02-23T01:00:00Z,T2,7,2025-02-22T06:00:00Z,19,dayahead,0.3053,0.803,1.0,False,lightgbm-v1
2025-02-22T18:00:00Z,2025-02-23T00:00:00+06:00,2025-02-23T08:00:00+06:00,2025-02-23T02:00:00Z,T2,8,2025-02-22T06:00:00Z,20,dayahead,0.3275,0.8252,1.0,False,lightgbm-v1
2025-02-22T18:00:00Z,2025-02-23T00:00:00+06:00,2025-02-23T09:00:00+06:00,2025-02-23T03:00:00Z,T2,9,2025-02-22T06:00:00Z,21,dayahead,0.3209,0.8186,1.0,False,lightgbm-v1
2025-02-22T18:00:00Z,2025-02-23T00:00:00+06:00,2025-02-23T10:00:00+06:00,2025-02-23T04:00:00Z,T2,10,2025-02-22T06:00:00Z,22,dayahead,0.3109,0.8086,1.0,False,lightgbm-v1
2025-02-22T18:00:00Z,2025-02-23T00:00:00+06:00,2025-02-23T11:00:00+06:00,2025-02-23T05:00:00Z,T2,11,2025-02-22T06:00:00Z,23,dayahead,0.3336,0.8313,1.0,False,lightgbm-v1
2025-02-22T18:00:00Z,2025-02-23T00:00:00+06:00,2025-02-23T12:00:00+06:00,2025-02-23T06:00:00Z,T2,12,2025-02-22T06:00:00Z,24,dayahead,0.5371,0.8956,0.9806,False,lightgbm-v1
2025-02-22T18:00:00Z,2025-02-23T00:00:00+06:00,2025-02-23T13:00:00+06:00,2025-02-23T07:00:00Z,T2,13,2025-02-22T06:00:00Z,25,dayahead,0.5729,0.9314,1.0,False,lightgbm-v1
2025-02-22T18:00:00Z,2025-02-23T00:00:00+06:00,2025-02-23T14:00:00+06:00,2025-02-23T08:00:00Z,T2,14,2025-02-22T06:00:00Z,26,dayahead,0.5788,0.9373,1.0,False,lightgbm-v1
2025-02-22T18:00:00Z,2025-02-23T00:00:00+06:00,2025-02-23T15:00:00+06:00,2025-02-23T09:00:00Z,T2,15,2025-02-22T06:00:00Z,27,dayahead,0.5709,0.9293,1.0,False,lightgbm-v1
2025-02-22T18:00:00Z,2025-02-23T00:00:00+06:00,2025-02-23T16:00:00+06:00,2025-02-23T10:00:00Z,T2,16,2025-02-22T06:00:00Z,28,dayahead,0.5291,0.8876,0.9726,False,lightgbm-v1
2025-02-22T18:00:00Z,2025-02-23T00:00:00+06:00,2025-02-23T17:00:00+06:00,2025-02-23T11:00:00Z,T2,17,2025-02-22T06:00:00Z,29,dayahead,0.5418,0.9003,0.9853,False,lightgbm-v1
2025-02-22T18:00:00Z,2025-02-23T00:00:00+06:00,2025-02-23T18:00:00+06:00,2025-02-23T12:00:00Z,T2,18,2025-02-22T06:00:00Z,30,dayahead,0.5336,0.8921,0.9771,False,lightgbm-v1
2025-02-22T18:00:00Z,2025-02-23T00:00:00+06:00,2025-02-23T19:00:00+06:00,2025-02-23T13:00:00Z,T2,19,2025-02-22T06:00:00Z,31,dayahead,0.335,0.8327,1.0,False,lightgbm-v1
2025-02-22T18:00:00Z,2025-02-23T00:00:00+06:00,2025-02-23T20:00:00+06:00,2025-02-23T14:00:00Z,T2,20,2025-02-22T06:00:00Z,32,dayahead,0.287,0.7847,1.0,False,lightgbm-v1
2025-02-22T18:00:00Z,2025-02-23T00:00:00+06:00,2025-02-23T21:00:00+06:00,2025-02-23T15:00:00Z,T2,21,2025-02-22T06:00:00Z,33,dayahead,0.2811,0.7787,1.0,False,lightgbm-v1
2025-02-22T18:00:00Z,2025-02-23T00:00:00+06:00,2025-02-23T22:00:00+06:00,2025-02-23T16:00:00Z,T2,22,2025-02-22T06:00:00Z,34,dayahead,0.4925,0.8509,0.9359,False,lightgbm-v1
2025-02-22T18:00:00Z,2025-02-23T00:00:00+06:00,2025-02-23T23:00:00+06:00,2025-02-23T17:00:00Z,T2,23,2025-02-22T06:00:00Z,35,dayahead,0.5464,0.9049,0.9899,False,lightgbm-v1
2025-02-22T18:00:00Z,2025-02-23T00:00:00+06:00,2025-02-24T00:00:00+06:00,2025-02-23T18:00:00Z,T2,24,2025-02-22T06:00:00Z,36,dayahead,0.5604,0.9189,1.0,False,lightgbm-v1
2025-02-22T18:00:00Z,2025-02-23T00:00:00+06:00,2025-02-24T01:00:00+06:00,2025-02-23T19:00:00Z,T2,25,2025-02-22T06:00:00Z,37,dayahead,0.5683,0.9268,1.0,False,lightgbm-v1
2025-02-22T18:00:00Z,2025-02-23T00:00:00+06:00,2025-02-24T02:00:00+06:00,2025-02-23T20:00:00Z,T2,26,2025-02-22T06:00:00Z,38,dayahead,0.5802,0.9387,1.0,False,lightgbm-v1
2025-02-22T18:00:00Z,2025-02-23T00:00:00+06:00,2025-02-24T03:00:00+06:00,2025-02-23T21:00:00Z,T2,27,2025-02-22T06:00:00Z,39,dayahead,0.5924,0.9508,1.0,False,lightgbm-v1
2025-02-22T18:00:00Z,2025-02-23T00:00:00+06:00,2025-02-24T04:00:00+06:00,2025-02-23T22:00:00Z,T2,28,2025-02-22T06:00:00Z,40,dayahead,0.6073,0.9658,1.0,False,lightgbm-v1
2025-02-22T18:00:00Z,2025-02-23T00:00:00+06:00,2025-02-24T05:00:00+06:00,2025-02-23T23:00:00Z,T2,29,2025-02-22T06:00:00Z,41,dayahead,0.598,0.9565,1.0,False,lightgbm-v1
2025-02-22T18:00:00Z,2025-02-23T00:00:00+06:00,2025-02-24T06:00:00+06:00,2025-02-24T00:00:00Z,T2,30,2025-02-22T06:00:00Z,42,dayahead,0.6028,0.9613,1.0,False,lightgbm-v1
2025-02-22T18:00:00Z,2025-02-23T00:00:00+06:00,2025-02-24T07:00:00+06:00,2025-02-24T01:00:00Z,T2,31,2025-02-22T06:00:00Z,43,dayahead,0.5962,0.9547,1.0,False,lightgbm-v1
2025-02-22T18:00:00Z,2025-02-23T00:00:00+06:00,2025-02-24T08:00:00+06:00,2025-02-24T02:00:00Z,T2,32,2025-02-22T06:00:00Z,44,dayahead,0.5606,0.919,1.0,False,lightgbm-v1
2025-02-22T18:00:00Z,2025-02-23T00:00:00+06:00,2025-02-24T09:00:00+06:00,2025-02-24T03:00:00Z,T2,33,2025-02-22T06:00:00Z,45,dayahead,0.3392,0.8369,1.0,False,lightgbm-v1
2025-02-22T18:00:00Z,2025-02-23T00:00:00+06:00,2025-02-24T10:00:00+06:00,2025-02-24T04:00:00Z,T2,34,2025-02-22T06:00:00Z,46,dayahead,0.2459,0.7436,1.0,False,lightgbm-v1
2025-02-22T18:00:00Z,2025-02-23T00:00:00+06:00,2025-02-24T11:00:00+06:00,2025-02-24T05:00:00Z,T2,35,2025-02-22T06:00:00Z,47,dayahead,0.1867,0.6844,0.983,False,lightgbm-v1
2025-02-22T18:00:00Z,2025-02-23T00:00:00+06:00,2025-02-24T12:00:00+06:00,2025-02-24T06:00:00Z,T2,36,2025-02-22T06:00:00Z,48,dayahead,0.2532,0.7509,1.0,False,lightgbm-v1
2025-02-22T18:00:00Z,2025-02-23T00:00:00+06:00,2025-02-24T13:00:00+06:00,2025-02-24T07:00:00Z,T2,37,2025-02-22T06:00:00Z,49,dayahead,0.3075,0.8052,1.0,False,lightgbm-v1
2025-02-22T18:00:00Z,2025-02-23T00:00:00+06:00,2025-02-24T14:00:00+06:00,2025-02-24T08:00:00Z,T2,38,2025-02-22T06:00:00Z,50,dayahead,0.2602,0.7579,1.0,False,lightgbm-v1
2025-02-22T18:00:00Z,2025-02-23T00:00:00+06:00,2025-02-24T15:00:00+06:00,2025-02-24T09:00:00Z,T2,39,2025-02-22T06:00:00Z,51,dayahead,0.1968,0.6945,0.9931,False,lightgbm-v1
2025-02-22T18:00:00Z,2025-02-23T00:00:00+06:00,2025-02-24T16:00:00+06:00,2025-02-24T10:00:00Z,T2,40,2025-02-22T06:00:00Z,52,dayahead,0.1565,0.6541,0.9528,False,lightgbm-v1
2025-02-22T18:00:00Z,2025-02-23T00:00:00+06:00,2025-02-24T17:00:00+06:00,2025-02-24T11:00:00Z,T2,41,2025-02-22T06:00:00Z,53,dayahead,0.1639,0.6616,0.9603,False,lightgbm-v1
2025-02-22T18:00:00Z,2025-02-23T00:00:00+06:00,2025-02-24T18:00:00+06:00,2025-02-24T12:00:00Z,T2,42,2025-02-22T06:00:00Z,54,dayahead,0.0951,0.5927,0.8914,False,lightgbm-v1
2025-02-22T18:00:00Z,2025-02-23T00:00:00+06:00,2025-02-24T19:00:00+06:00,2025-02-24T13:00:00Z,T2,43,2025-02-22T06:00:00Z,55,dayahead,0.1589,0.6566,0.9552,False,lightgbm-v1
2025-02-22T18:00:00Z,2025-02-23T00:00:00+06:00,2025-02-24T20:00:00+06:00,2025-02-24T14:00:00Z,T2,44,2025-02-22T06:00:00Z,56,dayahead,0.1991,0.6968,0.9955,False,lightgbm-v1
2025-02-22T18:00:00Z,2025-02-23T00:00:00+06:00,2025-02-24T21:00:00+06:00,2025-02-24T15:00:00Z,T2,45,2025-02-22T06:00:00Z,57,dayahead,0.261,0.7587,1.0,False,lightgbm-v1
2025-02-22T18:00:00Z,2025-02-23T00:00:00+06:00,2025-02-24T22:00:00+06:00,2025-02-24T16:00:00Z,T2,46,2025-02-22T06:00:00Z,58,dayahead,0.2974,0.7951,1.0,False,lightgbm-v1
2025-02-22T18:00:00Z,2025-02-23T00:00:00+06:00,2025-02-24T23:00:00+06:00,2025-02-24T17:00:00Z,T2,47,2025-02-22T06:00:00Z,59,dayahead,0.255,0.7527,1.0,False,lightgbm-v1
2025-02-23T18:00:00Z,2025-02-24T00:00:00+06:00,2025-02-24T00:00:00+06:00,2025-02-23T18:00:00Z,T1,0,2025-02-23T06:00:00Z,12,dayahead,0.5632,0.9217,1.0,False,lightgbm-v1
2025-02-23T18:00:00Z,2025-02-24T00:00:00+06:00,2025-02-24T01:00:00+06:00,2025-02-23T19:00:00Z,T1,1,2025-02-23T06:00:00Z,13,dayahead,0.5798,0.9383,1.0,False,lightgbm-v1
2025-02-23T18:00:00Z,2025-02-24T00:00:00+06:00,2025-02-24T02:00:00+06:00,2025-02-23T20:00:00Z,T1,2,2025-02-23T06:00:00Z,14,dayahead,0.59,0.9485,1.0,False,lightgbm-v1
2025-02-23T18:00:00Z,2025-02-24T00:00:00+06:00,2025-02-24T03:00:00+06:00,2025-02-23T21:00:00Z,T1,3,2025-02-23T06:00:00Z,15,dayahead,0.5967,0.9551,1.0,False,lightgbm-v1
2025-02-23T18:00:00Z,2025-02-24T00:00:00+06:00,2025-02-24T04:00:00+06:00,2025-02-23T22:00:00Z,T1,4,2025-02-23T06:00:00Z,16,dayahead,0.6012,0.9597,1.0,False,lightgbm-v1
2025-02-23T18:00:00Z,2025-02-24T00:00:00+06:00,2025-02-24T05:00:00+06:00,2025-02-23T23:00:00Z,T1,5,2025-02-23T06:00:00Z,17,dayahead,0.6079,0.9664,1.0,False,lightgbm-v1
2025-02-23T18:00:00Z,2025-02-24T00:00:00+06:00,2025-02-24T06:00:00+06:00,2025-02-24T00:00:00Z,T1,6,2025-02-23T06:00:00Z,18,dayahead,0.5891,0.9475,1.0,False,lightgbm-v1
2025-02-23T18:00:00Z,2025-02-24T00:00:00+06:00,2025-02-24T07:00:00+06:00,2025-02-24T01:00:00Z,T1,7,2025-02-23T06:00:00Z,19,dayahead,0.5639,0.9223,1.0,False,lightgbm-v1
2025-02-23T18:00:00Z,2025-02-24T00:00:00+06:00,2025-02-24T08:00:00+06:00,2025-02-24T02:00:00Z,T1,8,2025-02-23T06:00:00Z,20,dayahead,0.5203,0.8787,0.9637,False,lightgbm-v1
2025-02-23T18:00:00Z,2025-02-24T00:00:00+06:00,2025-02-24T09:00:00+06:00,2025-02-24T03:00:00Z,T1,9,2025-02-23T06:00:00Z,21,dayahead,0.3271,0.8248,1.0,False,lightgbm-v1
2025-02-23T18:00:00Z,2025-02-24T00:00:00+06:00,2025-02-24T10:00:00+06:00,2025-02-24T04:00:00Z,T1,10,2025-02-23T06:00:00Z,22,dayahead,0.3221,0.8198,1.0,False,lightgbm-v1
2025-02-23T18:00:00Z,2025-02-24T00:00:00+06:00,2025-02-24T11:00:00+06:00,2025-02-24T05:00:00Z,T1,11,2025-02-23T06:00:00Z,23,dayahead,0.2089,0.7066,1.0,False,lightgbm-v1
2025-02-23T18:00:00Z,2025-02-24T00:00:00+06:00,2025-02-24T12:00:00+06:00,2025-02-24T06:00:00Z,T1,12,2025-02-23T06:00:00Z,24,dayahead,0.2612,0.7589,1.0,False,lightgbm-v1
2025-02-23T18:00:00Z,2025-02-24T00:00:00+06:00,2025-02-24T13:00:00+06:00,2025-02-24T07:00:00Z,T1,13,2025-02-23T06:00:00Z,25,dayahead,0.3231,0.8208,1.0,False,lightgbm-v1
2025-02-23T18:00:00Z,2025-02-24T00:00:00+06:00,2025-02-24T14:00:00+06:00,2025-02-24T08:00:00Z,T1,14,2025-02-23T06:00:00Z,26,dayahead,0.3219,0.8196,1.0,False,lightgbm-v1
2025-02-23T18:00:00Z,2025-02-24T00:00:00+06:00,2025-02-24T15:00:00+06:00,2025-02-24T09:00:00Z,T1,15,2025-02-23T06:00:00Z,27,dayahead,0.3055,0.8032,1.0,False,lightgbm-v1
2025-02-23T18:00:00Z,2025-02-24T00:00:00+06:00,2025-02-24T16:00:00+06:00,2025-02-24T10:00:00Z,T1,16,2025-02-23T06:00:00Z,28,dayahead,0.1868,0.6845,0.9832,False,lightgbm-v1
2025-02-23T18:00:00Z,2025-02-24T00:00:00+06:00,2025-02-24T17:00:00+06:00,2025-02-24T11:00:00Z,T1,17,2025-02-23T06:00:00Z,29,dayahead,0.1351,0.6328,0.9314,False,lightgbm-v1
2025-02-23T18:00:00Z,2025-02-24T00:00:00+06:00,2025-02-24T18:00:00+06:00,2025-02-24T12:00:00Z,T1,18,2025-02-23T06:00:00Z,30,dayahead,0.0445,0.5422,0.8408,False,lightgbm-v1
2025-02-23T18:00:00Z,2025-02-24T00:00:00+06:00,2025-02-24T19:00:00+06:00,2025-02-24T13:00:00Z,T1,19,2025-02-23T06:00:00Z,31,dayahead,0.0904,0.5881,0.8867,False,lightgbm-v1
2025-02-23T18:00:00Z,2025-02-24T00:00:00+06:00,2025-02-24T20:00:00+06:00,2025-02-24T14:00:00Z,T1,20,2025-02-23T06:00:00Z,32,dayahead,0.2296,0.7273,1.0,False,lightgbm-v1
2025-02-23T18:00:00Z,2025-02-24T00:00:00+06:00,2025-02-24T21:00:00+06:00,2025-02-24T15:00:00Z,T1,21,2025-02-23T06:00:00Z,33,dayahead,0.517,0.8754,0.9604,False,lightgbm-v1
2025-02-23T18:00:00Z,2025-02-24T00:00:00+06:00,2025-02-24T22:00:00+06:00,2025-02-24T16:00:00Z,T1,22,2025-02-23T06:00:00Z,34,dayahead,0.5707,0.9292,1.0,False,lightgbm-v1
2025-02-23T18:00:00Z,2025-02-24T00:00:00+06:00,2025-02-24T23:00:00+06:00,2025-02-24T17:00:00Z,T1,23,2025-02-23T06:00:00Z,35,dayahead,0.5837,0.9422,1.0,False,lightgbm-v1
2025-02-23T18:00:00Z,2025-02-24T00:00:00+06:00,2025-02-25T00:00:00+06:00,2025-02-24T18:00:00Z,T1,24,2025-02-23T06:00:00Z,36,dayahead,0.5736,0.932,1.0,False,lightgbm-v1
2025-02-23T18:00:00Z,2025-02-24T00:00:00+06:00,2025-02-25T01:00:00+06:00,2025-02-24T19:00:00Z,T1,25,2025-02-23T06:00:00Z,37,dayahead,0.5338,0.8923,0.9773,False,lightgbm-v1
2025-02-23T18:00:00Z,2025-02-24T00:00:00+06:00,2025-02-25T02:00:00+06:00,2025-02-24T20:00:00Z,T1,26,2025-02-23T06:00:00Z,38,dayahead,0.2697,0.7674,1.0,False,lightgbm-v1
2025-02-23T18:00:00Z,2025-02-24T00:00:00+06:00,2025-02-25T03:00:00+06:00,2025-02-24T21:00:00Z,T1,27,2025-02-23T06:00:00Z,39,dayahead,0.0764,0.5741,0.8727,False,lightgbm-v1
2025-02-23T18:00:00Z,2025-02-24T00:00:00+06:00,2025-02-25T04:00:00+06:00,2025-02-24T22:00:00Z,T1,28,2025-02-23T06:00:00Z,40,dayahead,0.0392,0.3025,0.8165,False,lightgbm-v1
2025-02-23T18:00:00Z,2025-02-24T00:00:00+06:00,2025-02-25T05:00:00+06:00,2025-02-24T23:00:00Z,T1,29,2025-02-23T06:00:00Z,41,dayahead,0.0195,0.2828,0.7968,False,lightgbm-v1
2025-02-23T18:00:00Z,2025-02-24T00:00:00+06:00,2025-02-25T06:00:00+06:00,2025-02-25T00:00:00Z,T1,30,2025-02-23T06:00:00Z,42,dayahead,0.0551,0.1374,0.3658,False,lightgbm-v1
2025-02-23T18:00:00Z,2025-02-24T00:00:00+06:00,2025-02-25T07:00:00+06:00,2025-02-25T01:00:00Z,T1,31,2025-02-23T06:00:00Z,43,dayahead,0.0,0.0389,0.2672,False,lightgbm-v1
2025-02-23T18:00:00Z,2025-02-24T00:00:00+06:00,2025-02-25T08:00:00+06:00,2025-02-25T02:00:00Z,T1,32,2025-02-23T06:00:00Z,44,dayahead,0.0,0.0464,0.2748,False,lightgbm-v1
2025-02-23T18:00:00Z,2025-02-24T00:00:00+06:00,2025-02-25T09:00:00+06:00,2025-02-25T03:00:00Z,T1,33,2025-02-23T06:00:00Z,45,dayahead,0.0,0.0559,0.2843,False,lightgbm-v1
2025-02-23T18:00:00Z,2025-02-24T00:00:00+06:00,2025-02-25T10:00:00+06:00,2025-02-25T04:00:00Z,T1,34,2025-02-23T06:00:00Z,46,dayahead,0.0,0.0667,0.2951,False,lightgbm-v1
2025-02-23T18:00:00Z,2025-02-24T00:00:00+06:00,2025-02-25T11:00:00+06:00,2025-02-25T05:00:00Z,T1,35,2025-02-23T06:00:00Z,47,dayahead,0.0,0.0523,0.2807,False,lightgbm-v1
2025-02-23T18:00:00Z,2025-02-24T00:00:00+06:00,2025-02-25T12:00:00+06:00,2025-02-25T06:00:00Z,T1,36,2025-02-23T06:00:00Z,48,dayahead,0.0184,0.1007,0.3291,False,lightgbm-v1
2025-02-23T18:00:00Z,2025-02-24T00:00:00+06:00,2025-02-25T13:00:00+06:00,2025-02-25T07:00:00Z,T1,37,2025-02-23T06:00:00Z,49,dayahead,0.0925,0.3558,0.8698,False,lightgbm-v1
2025-02-23T18:00:00Z,2025-02-24T00:00:00+06:00,2025-02-25T14:00:00+06:00,2025-02-25T08:00:00Z,T1,38,2025-02-23T06:00:00Z,50,dayahead,0.1317,0.6294,0.928,False,lightgbm-v1
2025-02-23T18:00:00Z,2025-02-24T00:00:00+06:00,2025-02-25T15:00:00+06:00,2025-02-25T09:00:00Z,T1,39,2025-02-23T06:00:00Z,51,dayahead,0.3237,0.8214,1.0,False,lightgbm-v1
2025-02-23T18:00:00Z,2025-02-24T00:00:00+06:00,2025-02-25T16:00:00+06:00,2025-02-25T10:00:00Z,T1,40,2025-02-23T06:00:00Z,52,dayahead,0.3356,0.8333,1.0,False,lightgbm-v1
2025-02-23T18:00:00Z,2025-02-24T00:00:00+06:00,2025-02-25T17:00:00+06:00,2025-02-25T11:00:00Z,T1,41,2025-02-23T06:00:00Z,53,dayahead,0.291,0.7886,1.0,False,lightgbm-v1
2025-02-23T18:00:00Z,2025-02-24T00:00:00+06:00,2025-02-25T18:00:00+06:00,2025-02-25T12:00:00Z,T1,42,2025-02-23T06:00:00Z,54,dayahead,0.1827,0.6804,0.979,False,lightgbm-v1
2025-02-23T18:00:00Z,2025-02-24T00:00:00+06:00,2025-02-25T19:00:00+06:00,2025-02-25T13:00:00Z,T1,43,2025-02-23T06:00:00Z,55,dayahead,0.143,0.4063,0.9203,False,lightgbm-v1
2025-02-23T18:00:00Z,2025-02-24T00:00:00+06:00,2025-02-25T20:00:00+06:00,2025-02-25T14:00:00Z,T1,44,2025-02-23T06:00:00Z,56,dayahead,0.0,0.1582,0.6722,False,lightgbm-v1
2025-02-23T18:00:00Z,2025-02-24T00:00:00+06:00,2025-02-25T21:00:00+06:00,2025-02-25T15:00:00Z,T1,45,2025-02-23T06:00:00Z,57,dayahead,0.0,0.2452,0.7592,False,lightgbm-v1
2025-02-23T18:00:00Z,2025-02-24T00:00:00+06:00,2025-02-25T22:00:00+06:00,2025-02-25T16:00:00Z,T1,46,2025-02-23T06:00:00Z,58,dayahead,0.0,0.2192,0.7332,False,lightgbm-v1
2025-02-23T18:00:00Z,2025-02-24T00:00:00+06:00,2025-02-25T23:00:00+06:00,2025-02-25T17:00:00Z,T1,47,2025-02-23T06:00:00Z,59,dayahead,0.0,0.1746,0.6886,False,lightgbm-v1
2025-02-23T18:00:00Z,2025-02-24T00:00:00+06:00,2025-02-24T00:00:00+06:00,2025-02-23T18:00:00Z,T2,0,2025-02-23T06:00:00Z,12,dayahead,0.5604,0.9188,1.0,False,lightgbm-v1
2025-02-23T18:00:00Z,2025-02-24T00:00:00+06:00,2025-02-24T01:00:00+06:00,2025-02-23T19:00:00Z,T2,1,2025-02-23T06:00:00Z,13,dayahead,0.5765,0.935,1.0,False,lightgbm-v1
2025-02-23T18:00:00Z,2025-02-24T00:00:00+06:00,2025-02-24T02:00:00+06:00,2025-02-23T20:00:00Z,T2,2,2025-02-23T06:00:00Z,14,dayahead,0.5848,0.9433,1.0,False,lightgbm-v1
2025-02-23T18:00:00Z,2025-02-24T00:00:00+06:00,2025-02-24T03:00:00+06:00,2025-02-23T21:00:00Z,T2,3,2025-02-23T06:00:00Z,15,dayahead,0.5915,0.95,1.0,False,lightgbm-v1
2025-02-23T18:00:00Z,2025-02-24T00:00:00+06:00,2025-02-24T04:00:00+06:00,2025-02-23T22:00:00Z,T2,4,2025-02-23T06:00:00Z,16,dayahead,0.5957,0.9541,1.0,False,lightgbm-v1
2025-02-23T18:00:00Z,2025-02-24T00:00:00+06:00,2025-02-24T05:00:00+06:00,2025-02-23T23:00:00Z,T2,5,2025-02-23T06:00:00Z,17,dayahead,0.6024,0.9609,1.0,False,lightgbm-v1
2025-02-23T18:00:00Z,2025-02-24T00:00:00+06:00,2025-02-24T06:00:00+06:00,2025-02-24T00:00:00Z,T2,6,2025-02-23T06:00:00Z,18,dayahead,0.5865,0.945,1.0,False,lightgbm-v1
2025-02-23T18:00:00Z,2025-02-24T00:00:00+06:00,2025-02-24T07:00:00+06:00,2025-02-24T01:00:00Z,T2,7,2025-02-23T06:00:00Z,19,dayahead,0.562,0.9204,1.0,False,lightgbm-v1
2025-02-23T18:00:00Z,2025-02-24T00:00:00+06:00,2025-02-24T08:00:00+06:00,2025-02-24T02:00:00Z,T2,8,2025-02-23T06:00:00Z,20,dayahead,0.519,0.8775,0.9625,False,lightgbm-v1
2025-02-23T18:00:00Z,2025-02-24T00:00:00+06:00,2025-02-24T09:00:00+06:00,2025-02-24T03:00:00Z,T2,9,2025-02-23T06:00:00Z,21,dayahead,0.3328,0.8305,1.0,False,lightgbm-v1
2025-02-23T18:00:00Z,2025-02-24T00:00:00+06:00,2025-02-24T10:00:00+06:00,2025-02-24T04:00:00Z,T2,10,2025-02-23T06:00:00Z,22,dayahead,0.3269,0.8246,1.0,False,lightgbm-v1
2025-02-23T18:00:00Z,2025-02-24T00:00:00+06:00,2025-02-24T11:00:00+06:00,2025-02-24T05:00:00Z,T2,11,2025-02-23T06:00:00Z,23,dayahead,0.2155,0.7132,1.0,False,lightgbm-v1
2025-02-23T18:00:00Z,2025-02-24T00:00:00+06:00,2025-02-24T12:00:00+06:00,2025-02-24T06:00:00Z,T2,12,2025-02-23T06:00:00Z,24,dayahead,0.268,0.7657,1.0,False,lightgbm-v1
2025-02-23T18:00:00Z,2025-02-24T00:00:00+06:00,2025-02-24T13:00:00+06:00,2025-02-24T07:00:00Z,T2,13,2025-02-23T06:00:00Z,25,dayahead,0.3289,0.8266,1.0,False,lightgbm-v1
2025-02-23T18:00:00Z,2025-02-24T00:00:00+06:00,2025-02-24T14:00:00+06:00,2025-02-24T08:00:00Z,T2,14,2025-02-23T06:00:00Z,26,dayahead,0.3271,0.8248,1.0,False,lightgbm-v1
2025-02-23T18:00:00Z,2025-02-24T00:00:00+06:00,2025-02-24T15:00:00+06:00,2025-02-24T09:00:00Z,T2,15,2025-02-23T06:00:00Z,27,dayahead,0.3106,0.8083,1.0,False,lightgbm-v1
2025-02-23T18:00:00Z,2025-02-24T00:00:00+06:00,2025-02-24T16:00:00+06:00,2025-02-24T10:00:00Z,T2,16,2025-02-23T06:00:00Z,28,dayahead,0.1915,0.6892,0.9878,False,lightgbm-v1
2025-02-23T18:00:00Z,2025-02-24T00:00:00+06:00,2025-02-24T17:00:00+06:00,2025-02-24T11:00:00Z,T2,17,2025-02-23T06:00:00Z,29,dayahead,0.1405,0.6382,0.9369,False,lightgbm-v1
2025-02-23T18:00:00Z,2025-02-24T00:00:00+06:00,2025-02-24T18:00:00+06:00,2025-02-24T12:00:00Z,T2,18,2025-02-23T06:00:00Z,30,dayahead,0.0463,0.544,0.8426,False,lightgbm-v1
2025-02-23T18:00:00Z,2025-02-24T00:00:00+06:00,2025-02-24T19:00:00+06:00,2025-02-24T13:00:00Z,T2,19,2025-02-23T06:00:00Z,31,dayahead,0.085,0.5827,0.8813,False,lightgbm-v1
2025-02-23T18:00:00Z,2025-02-24T00:00:00+06:00,2025-02-24T20:00:00+06:00,2025-02-24T14:00:00Z,T2,20,2025-02-23T06:00:00Z,32,dayahead,0.2263,0.724,1.0,False,lightgbm-v1
2025-02-23T18:00:00Z,2025-02-24T00:00:00+06:00,2025-02-24T21:00:00+06:00,2025-02-24T15:00:00Z,T2,21,2025-02-23T06:00:00Z,33,dayahead,0.5169,0.8754,0.9604,False,lightgbm-v1
2025-02-23T18:00:00Z,2025-02-24T00:00:00+06:00,2025-02-24T22:00:00+06:00,2025-02-24T16:00:00Z,T2,22,2025-02-23T06:00:00Z,34,dayahead,0.5693,0.9277,1.0,False,lightgbm-v1
2025-02-23T18:00:00Z,2025-02-24T00:00:00+06:00,2025-02-24T23:00:00+06:00,2025-02-24T17:00:00Z,T2,23,2025-02-23T06:00:00Z,35,dayahead,0.5798,0.9383,1.0,False,lightgbm-v1
2025-02-23T18:00:00Z,2025-02-24T00:00:00+06:00,2025-02-25T00:00:00+06:00,2025-02-24T18:00:00Z,T2,24,2025-02-23T06:00:00Z,36,dayahead,0.5708,0.9292,1.0,False,lightgbm-v1
2025-02-23T18:00:00Z,2025-02-24T00:00:00+06:00,2025-02-25T01:00:00+06:00,2025-02-24T19:00:00Z,T2,25,2025-02-23T06:00:00Z,37,dayahead,0.5359,0.8943,0.9793,False,lightgbm-v1
2025-02-23T18:00:00Z,2025-02-24T00:00:00+06:00,2025-02-25T02:00:00+06:00,2025-02-24T20:00:00Z,T2,26,2025-02-23T06:00:00Z,38,dayahead,0.2718,0.7695,1.0,False,lightgbm-v1
2025-02-23T18:00:00Z,2025-02-24T00:00:00+06:00,2025-02-25T03:00:00+06:00,2025-02-24T21:00:00Z,T2,27,2025-02-23T06:00:00Z,39,dayahead,0.0791,0.5768,0.8755,False,lightgbm-v1
2025-02-23T18:00:00Z,2025-02-24T00:00:00+06:00,2025-02-25T04:00:00+06:00,2025-02-24T22:00:00Z,T2,28,2025-02-23T06:00:00Z,40,dayahead,0.0358,0.2991,0.8131,False,lightgbm-v1
2025-02-23T18:00:00Z,2025-02-24T00:00:00+06:00,2025-02-25T05:00:00+06:00,2025-02-24T23:00:00Z,T2,29,2025-02-23T06:00:00Z,41,dayahead,0.0178,0.2812,0.7951,False,lightgbm-v1
2025-02-23T18:00:00Z,2025-02-24T00:00:00+06:00,2025-02-25T06:00:00+06:00,2025-02-25T00:00:00Z,T2,30,2025-02-23T06:00:00Z,42,dayahead,0.0528,0.1351,0.3635,False,lightgbm-v1
2025-02-23T18:00:00Z,2025-02-24T00:00:00+06:00,2025-02-25T07:00:00+06:00,2025-02-25T01:00:00Z,T2,31,2025-02-23T06:00:00Z,43,dayahead,0.0,0.0372,0.2655,False,lightgbm-v1
2025-02-23T18:00:00Z,2025-02-24T00:00:00+06:00,2025-02-25T08:00:00+06:00,2025-02-25T02:00:00Z,T2,32,2025-02-23T06:00:00Z,44,dayahead,0.0,0.0445,0.2729,False,lightgbm-v1
2025-02-23T18:00:00Z,2025-02-24T00:00:00+06:00,2025-02-25T09:00:00+06:00,2025-02-25T03:00:00Z,T2,33,2025-02-23T06:00:00Z,45,dayahead,0.0,0.0548,0.2832,False,lightgbm-v1
2025-02-23T18:00:00Z,2025-02-24T00:00:00+06:00,2025-02-25T10:00:00+06:00,2025-02-25T04:00:00Z,T2,34,2025-02-23T06:00:00Z,46,dayahead,0.0,0.0652,0.2936,False,lightgbm-v1
2025-02-23T18:00:00Z,2025-02-24T00:00:00+06:00,2025-02-25T11:00:00+06:00,2025-02-25T05:00:00Z,T2,35,2025-02-23T06:00:00Z,47,dayahead,0.0,0.0521,0.2805,False,lightgbm-v1
2025-02-23T18:00:00Z,2025-02-24T00:00:00+06:00,2025-02-25T12:00:00+06:00,2025-02-25T06:00:00Z,T2,36,2025-02-23T06:00:00Z,48,dayahead,0.0182,0.1004,0.3288,False,lightgbm-v1
2025-02-23T18:00:00Z,2025-02-24T00:00:00+06:00,2025-02-25T13:00:00+06:00,2025-02-25T07:00:00Z,T2,37,2025-02-23T06:00:00Z,49,dayahead,0.1015,0.3649,0.8789,False,lightgbm-v1
2025-02-23T18:00:00Z,2025-02-24T00:00:00+06:00,2025-02-25T14:00:00+06:00,2025-02-25T08:00:00Z,T2,38,2025-02-23T06:00:00Z,50,dayahead,0.138,0.6357,0.9344,False,lightgbm-v1
2025-02-23T18:00:00Z,2025-02-24T00:00:00+06:00,2025-02-25T15:00:00+06:00,2025-02-25T09:00:00Z,T2,39,2025-02-23T06:00:00Z,51,dayahead,0.3273,0.825,1.0,False,lightgbm-v1
2025-02-23T18:00:00Z,2025-02-24T00:00:00+06:00,2025-02-25T16:00:00+06:00,2025-02-25T10:00:00Z,T2,40,2025-02-23T06:00:00Z,52,dayahead,0.3394,0.8371,1.0,False,lightgbm-v1
2025-02-23T18:00:00Z,2025-02-24T00:00:00+06:00,2025-02-25T17:00:00+06:00,2025-02-25T11:00:00Z,T2,41,2025-02-23T06:00:00Z,53,dayahead,0.2949,0.7926,1.0,False,lightgbm-v1
2025-02-23T18:00:00Z,2025-02-24T00:00:00+06:00,2025-02-25T18:00:00+06:00,2025-02-25T12:00:00Z,T2,42,2025-02-23T06:00:00Z,54,dayahead,0.1893,0.687,0.9856,False,lightgbm-v1
2025-02-23T18:00:00Z,2025-02-24T00:00:00+06:00,2025-02-25T19:00:00+06:00,2025-02-25T13:00:00Z,T2,43,2025-02-23T06:00:00Z,55,dayahead,0.1434,0.4067,0.9207,False,lightgbm-v1
2025-02-23T18:00:00Z,2025-02-24T00:00:00+06:00,2025-02-25T20:00:00+06:00,2025-02-25T14:00:00Z,T2,44,2025-02-23T06:00:00Z,56,dayahead,0.0,0.1571,0.6711,False,lightgbm-v1
2025-02-23T18:00:00Z,2025-02-24T00:00:00+06:00,2025-02-25T21:00:00+06:00,2025-02-25T15:00:00Z,T2,45,2025-02-23T06:00:00Z,57,dayahead,0.0,0.2448,0.7588,False,lightgbm-v1
2025-02-23T18:00:00Z,2025-02-24T00:00:00+06:00,2025-02-25T22:00:00+06:00,2025-02-25T16:00:00Z,T2,46,2025-02-23T06:00:00Z,58,dayahead,0.0,0.2182,0.7322,False,lightgbm-v1
2025-02-23T18:00:00Z,2025-02-24T00:00:00+06:00,2025-02-25T23:00:00+06:00,2025-02-25T17:00:00Z,T2,47,2025-02-23T06:00:00Z,59,dayahead,0.0,0.1736,0.6876,False,lightgbm-v1
2025-02-24T18:00:00Z,2025-02-25T00:00:00+06:00,2025-02-25T00:00:00+06:00,2025-02-24T18:00:00Z,T1,0,2025-02-24T06:00:00Z,12,dayahead,0.3442,0.8419,1.0,False,lightgbm-v1
2025-02-24T18:00:00Z,2025-02-25T00:00:00+06:00,2025-02-25T01:00:00+06:00,2025-02-24T19:00:00Z,T1,1,2025-02-24T06:00:00Z,13,dayahead,0.3302,0.8279,1.0,False,lightgbm-v1
2025-02-24T18:00:00Z,2025-02-25T00:00:00+06:00,2025-02-25T02:00:00+06:00,2025-02-24T20:00:00Z,T1,2,2025-02-24T06:00:00Z,14,dayahead,0.2342,0.7318,1.0,False,lightgbm-v1
2025-02-24T18:00:00Z,2025-02-25T00:00:00+06:00,2025-02-25T03:00:00+06:00,2025-02-24T21:00:00Z,T1,3,2025-02-24T06:00:00Z,15,dayahead,0.0624,0.5601,0.8587,False,lightgbm-v1
2025-02-24T18:00:00Z,2025-02-25T00:00:00+06:00,2025-02-25T04:00:00+06:00,2025-02-24T22:00:00Z,T1,4,2025-02-24T06:00:00Z,16,dayahead,0.1411,0.4044,0.9184,False,lightgbm-v1
2025-02-24T18:00:00Z,2025-02-25T00:00:00+06:00,2025-02-25T05:00:00+06:00,2025-02-24T23:00:00Z,T1,5,2025-02-24T06:00:00Z,17,dayahead,0.0,0.236,0.75,False,lightgbm-v1
2025-02-24T18:00:00Z,2025-02-25T00:00:00+06:00,2025-02-25T06:00:00+06:00,2025-02-25T00:00:00Z,T1,6,2025-02-24T06:00:00Z,18,dayahead,0.023,0.1053,0.3337,False,lightgbm-v1
2025-02-24T18:00:00Z,2025-02-25T00:00:00+06:00,2025-02-25T07:00:00+06:00,2025-02-25T01:00:00Z,T1,7,2025-02-24T06:00:00Z,19,dayahead,0.0,0.0525,0.2809,False,lightgbm-v1
2025-02-24T18:00:00Z,2025-02-25T00:00:00+06:00,2025-02-25T08:00:00+06:00,2025-02-25T02:00:00Z,T1,8,2025-02-24T06:00:00Z,20,dayahead,0.0,0.0608,0.2892,False,lightgbm-v1
2025-02-24T18:00:00Z,2025-02-25T00:00:00+06:00,2025-02-25T09:00:00+06:00,2025-02-25T03:00:00Z,T1,9,2025-02-24T06:00:00Z,21,dayahead,0.0,0.0675,0.2959,False,lightgbm-v1
2025-02-24T18:00:00Z,2025-02-25T00:00:00+06:00,2025-02-25T10:00:00+06:00,2025-02-25T04:00:00Z,T1,10,2025-02-24T06:00:00Z,22,dayahead,0.0,0.0564,0.2848,False,lightgbm-v1
2025-02-24T18:00:00Z,2025-02-25T00:00:00+06:00,2025-02-25T11:00:00+06:00,2025-02-25T05:00:00Z,T1,11,2025-02-24T06:00:00Z,23,dayahead,0.0,0.0766,0.305,False,lightgbm-v1
2025-02-24T18:00:00Z,2025-02-25T00:00:00+06:00,2025-02-25T12:00:00+06:00,2025-02-25T06:00:00Z,T1,12,2025-02-24T06:00:00Z,24,dayahead,0.0511,0.1334,0.3618,False,lightgbm-v1
2025-02-24T18:00:00Z,2025-02-25T00:00:00+06:00,2025-02-25T13:00:00+06:00,2025-02-25T07:00:00Z,T1,13,2025-02-24T06:00:00Z,25,dayahead,0.1293,0.3926,0.9066,False,lightgbm-v1
2025-02-24T18:00:00Z,2025-02-25T00:00:00+06:00,2025-02-25T14:00:00+06:00,2025-02-25T08:00:00Z,T1,14,2025-02-24T06:00:00Z,26,dayahead,0.2855,0.7832,1.0,False,lightgbm-v1
2025-02-24T18:00:00Z,2025-02-25T00:00:00+06:00,2025-02-25T15:00:00+06:00,2025-02-25T09:00:00Z,T1,15,2025-02-24T06:00:00Z,27,dayahead,0.5467,0.9052,0.9902,False,lightgbm-v1
2025-02-24T18:00:00Z,2025-02-25T00:00:00+06:00,2025-02-25T16:00:00+06:00,2025-02-25T10:00:00Z,T1,16,2025-02-24T06:00:00Z,28,dayahead,0.5436,0.9021,0.9871,False,lightgbm-v1
2025-02-24T18:00:00Z,2025-02-25T00:00:00+06:00,2025-02-25T17:00:00+06:00,2025-02-25T11:00:00Z,T1,17,2025-02-24T06:00:00Z,29,dayahead,0.3412,0.8388,1.0,False,lightgbm-v1
2025-02-24T18:00:00Z,2025-02-25T00:00:00+06:00,2025-02-25T18:00:00+06:00,2025-02-25T12:00:00Z,T1,18,2025-02-24T06:00:00Z,30,dayahead,0.2316,0.7293,1.0,False,lightgbm-v1
2025-02-24T18:00:00Z,2025-02-25T00:00:00+06:00,2025-02-25T19:00:00+06:00,2025-02-25T13:00:00Z,T1,19,2025-02-24T06:00:00Z,31,dayahead,0.0848,0.5825,0.8811,False,lightgbm-v1
2025-02-24T18:00:00Z,2025-02-25T00:00:00+06:00,2025-02-25T20:00:00+06:00,2025-02-25T14:00:00Z,T1,20,2025-02-24T06:00:00Z,32,dayahead,0.0,0.222,0.736,False,lightgbm-v1
2025-02-24T18:00:00Z,2025-02-25T00:00:00+06:00,2025-02-25T21:00:00+06:00,2025-02-25T15:00:00Z,T1,21,2025-02-24T06:00:00Z,33,dayahead,0.0,0.1523,0.6663,False,lightgbm-v1
2025-02-24T18:00:00Z,2025-02-25T00:00:00+06:00,2025-02-25T22:00:00+06:00,2025-02-25T16:00:00Z,T1,22,2025-02-24T06:00:00Z,34,dayahead,0.0418,0.1241,0.3525,False,lightgbm-v1
2025-02-24T18:00:00Z,2025-02-25T00:00:00+06:00,2025-02-25T23:00:00+06:00,2025-02-25T17:00:00Z,T1,23,2025-02-24T06:00:00Z,35,dayahead,0.0,0.0687,0.2971,False,lightgbm-v1
2025-02-24T18:00:00Z,2025-02-25T00:00:00+06:00,2025-02-26T00:00:00+06:00,2025-02-25T18:00:00Z,T1,24,2025-02-24T06:00:00Z,36,dayahead,0.0,0.0334,0.2618,False,lightgbm-v1
2025-02-24T18:00:00Z,2025-02-25T00:00:00+06:00,2025-02-26T01:00:00+06:00,2025-02-25T19:00:00Z,T1,25,2025-02-24T06:00:00Z,37,dayahead,0.0,0.0229,0.2513,False,lightgbm-v1
2025-02-24T18:00:00Z,2025-02-25T00:00:00+06:00,2025-02-26T02:00:00+06:00,2025-02-25T20:00:00Z,T1,26,2025-02-24T06:00:00Z,38,dayahead,0.0,0.0281,0.2565,False,lightgbm-v1
2025-02-24T18:00:00Z,2025-02-25T00:00:00+06:00,2025-02-26T03:00:00+06:00,2025-02-25T21:00:00Z,T1,27,2025-02-24T06:00:00Z,39,dayahead,0.0,0.0511,0.2795,False,lightgbm-v1
2025-02-24T18:00:00Z,2025-02-25T00:00:00+06:00,2025-02-26T04:00:00+06:00,2025-02-25T22:00:00Z,T1,28,2025-02-24T06:00:00Z,40,dayahead,0.0,0.0714,0.2998,False,lightgbm-v1
2025-02-24T18:00:00Z,2025-02-25T00:00:00+06:00,2025-02-26T05:00:00+06:00,2025-02-25T23:00:00Z,T1,29,2025-02-24T06:00:00Z,41,dayahead,0.0,0.0795,0.3079,False,lightgbm-v1
2025-02-24T18:00:00Z,2025-02-25T00:00:00+06:00,2025-02-26T06:00:00+06:00,2025-02-26T00:00:00Z,T1,30,2025-02-24T06:00:00Z,42,dayahead,0.0355,0.1178,0.3462,False,lightgbm-v1
2025-02-24T18:00:00Z,2025-02-25T00:00:00+06:00,2025-02-26T07:00:00+06:00,2025-02-26T01:00:00Z,T1,31,2025-02-24T06:00:00Z,43,dayahead,0.2873,0.785,1.0,False,lightgbm-v1
2025-02-24T18:00:00Z,2025-02-25T00:00:00+06:00,2025-02-26T08:00:00+06:00,2025-02-26T02:00:00Z,T1,32,2025-02-24T06:00:00Z,44,dayahead,0.5117,0.8702,0.9552,False,lightgbm-v1
2025-02-24T18:00:00Z,2025-02-25T00:00:00+06:00,2025-02-26T09:00:00+06:00,2025-02-26T03:00:00Z,T1,33,2025-02-24T06:00:00Z,45,dayahead,0.517,0.8755,0.9605,False,lightgbm-v1
2025-02-24T18:00:00Z,2025-02-25T00:00:00+06:00,2025-02-26T10:00:00+06:00,2025-02-26T04:00:00Z,T1,34,2025-02-24T06:00:00Z,46,dayahead,0.335,0.8326,1.0,False,lightgbm-v1
2025-02-24T18:00:00Z,2025-02-25T00:00:00+06:00,2025-02-26T11:00:00+06:00,2025-02-26T05:00:00Z,T1,35,2025-02-24T06:00:00Z,47,dayahead,0.5985,0.9569,1.0,False,lightgbm-v1
2025-02-24T18:00:00Z,2025-02-25T00:00:00+06:00,2025-02-26T12:00:00+06:00,2025-02-26T06:00:00Z,T1,36,2025-02-24T06:00:00Z,48,dayahead,0.6075,0.966,1.0,False,lightgbm-v1
2025-02-24T18:00:00Z,2025-02-25T00:00:00+06:00,2025-02-26T13:00:00+06:00,2025-02-26T07:00:00Z,T1,37,2025-02-24T06:00:00Z,49,dayahead,0.62,0.9785,1.0,False,lightgbm-v1
2025-02-24T18:00:00Z,2025-02-25T00:00:00+06:00,2025-02-26T14:00:00+06:00,2025-02-26T08:00:00Z,T1,38,2025-02-24T06:00:00Z,50,dayahead,0.6153,0.9738,1.0,False,lightgbm-v1
2025-02-24T18:00:00Z,2025-02-25T00:00:00+06:00,2025-02-26T15:00:00+06:00,2025-02-26T09:00:00Z,T1,39,2025-02-24T06:00:00Z,51,dayahead,0.6248,0.9833,1.0,False,lightgbm-v1
2025-02-24T18:00:00Z,2025-02-25T00:00:00+06:00,2025-02-26T16:00:00+06:00,2025-02-26T10:00:00Z,T1,40,2025-02-24T06:00:00Z,52,dayahead,0.6277,0.9862,1.0,False,lightgbm-v1
2025-02-24T18:00:00Z,2025-02-25T00:00:00+06:00,2025-02-26T17:00:00+06:00,2025-02-26T11:00:00Z,T1,41,2025-02-24T06:00:00Z,53,dayahead,0.6219,0.9803,1.0,False,lightgbm-v1
2025-02-24T18:00:00Z,2025-02-25T00:00:00+06:00,2025-02-26T18:00:00+06:00,2025-02-26T12:00:00Z,T1,42,2025-02-24T06:00:00Z,54,dayahead,0.6264,0.9849,1.0,False,lightgbm-v1
2025-02-24T18:00:00Z,2025-02-25T00:00:00+06:00,2025-02-26T19:00:00+06:00,2025-02-26T13:00:00Z,T1,43,2025-02-24T06:00:00Z,55,dayahead,0.6262,0.9847,1.0,False,lightgbm-v1
2025-02-24T18:00:00Z,2025-02-25T00:00:00+06:00,2025-02-26T20:00:00+06:00,2025-02-26T14:00:00Z,T1,44,2025-02-24T06:00:00Z,56,dayahead,0.627,0.9855,1.0,False,lightgbm-v1
2025-02-24T18:00:00Z,2025-02-25T00:00:00+06:00,2025-02-26T21:00:00+06:00,2025-02-26T15:00:00Z,T1,45,2025-02-24T06:00:00Z,57,dayahead,0.6187,0.9772,1.0,False,lightgbm-v1
2025-02-24T18:00:00Z,2025-02-25T00:00:00+06:00,2025-02-26T22:00:00+06:00,2025-02-26T16:00:00Z,T1,46,2025-02-24T06:00:00Z,58,dayahead,0.6133,0.9718,1.0,False,lightgbm-v1
2025-02-24T18:00:00Z,2025-02-25T00:00:00+06:00,2025-02-26T23:00:00+06:00,2025-02-26T17:00:00Z,T1,47,2025-02-24T06:00:00Z,59,dayahead,0.5773,0.9358,1.0,False,lightgbm-v1
2025-02-24T18:00:00Z,2025-02-25T00:00:00+06:00,2025-02-25T00:00:00+06:00,2025-02-24T18:00:00Z,T2,0,2025-02-24T06:00:00Z,12,dayahead,0.3437,0.8414,1.0,False,lightgbm-v1
2025-02-24T18:00:00Z,2025-02-25T00:00:00+06:00,2025-02-25T01:00:00+06:00,2025-02-24T19:00:00Z,T2,1,2025-02-24T06:00:00Z,13,dayahead,0.3293,0.827,1.0,False,lightgbm-v1
2025-02-24T18:00:00Z,2025-02-25T00:00:00+06:00,2025-02-25T02:00:00+06:00,2025-02-24T20:00:00Z,T2,2,2025-02-24T06:00:00Z,14,dayahead,0.2358,0.7335,1.0,False,lightgbm-v1
2025-02-24T18:00:00Z,2025-02-25T00:00:00+06:00,2025-02-25T03:00:00+06:00,2025-02-24T21:00:00Z,T2,3,2025-02-24T06:00:00Z,15,dayahead,0.0644,0.5621,0.8607,False,lightgbm-v1
2025-02-24T18:00:00Z,2025-02-25T00:00:00+06:00,2025-02-25T04:00:00+06:00,2025-02-24T22:00:00Z,T2,4,2025-02-24T06:00:00Z,16,dayahead,0.1359,0.3992,0.9132,False,lightgbm-v1
2025-02-24T18:00:00Z,2025-02-25T00:00:00+06:00,2025-02-25T05:00:00+06:00,2025-02-24T23:00:00Z,T2,5,2025-02-24T06:00:00Z,17,dayahead,0.0,0.2343,0.7483,False,lightgbm-v1
2025-02-24T18:00:00Z,2025-02-25T00:00:00+06:00,2025-02-25T06:00:00+06:00,2025-02-25T00:00:00Z,T2,6,2025-02-24T06:00:00Z,18,dayahead,0.0228,0.1051,0.3335,False,lightgbm-v1
2025-02-24T18:00:00Z,2025-02-25T00:00:00+06:00,2025-02-25T07:00:00+06:00,2025-02-25T01:00:00Z,T2,7,2025-02-24T06:00:00Z,19,dayahead,0.0,0.0517,0.2801,False,lightgbm-v1
2025-02-24T18:00:00Z,2025-02-25T00:00:00+06:00,2025-02-25T08:00:00+06:00,2025-02-25T02:00:00Z,T2,8,2025-02-24T06:00:00Z,20,dayahead,0.0,0.0617,0.2901,False,lightgbm-v1
2025-02-24T18:00:00Z,2025-02-25T00:00:00+06:00,2025-02-25T09:00:00+06:00,2025-02-25T03:00:00Z,T2,9,2025-02-24T06:00:00Z,21,dayahead,0.0,0.0665,0.2949,False,lightgbm-v1
2025-02-24T18:00:00Z,2025-02-25T00:00:00+06:00,2025-02-25T10:00:00+06:00,2025-02-25T04:00:00Z,T2,10,2025-02-24T06:00:00Z,22,dayahead,0.0,0.0561,0.2845,False,lightgbm-v1
2025-02-24T18:00:00Z,2025-02-25T00:00:00+06:00,2025-02-25T11:00:00+06:00,2025-02-25T05:00:00Z,T2,11,2025-02-24T06:00:00Z,23,dayahead,0.0,0.0762,0.3046,False,lightgbm-v1
2025-02-24T18:00:00Z,2025-02-25T00:00:00+06:00,2025-02-25T12:00:00+06:00,2025-02-25T06:00:00Z,T2,12,2025-02-24T06:00:00Z,24,dayahead,0.055,0.1372,0.3656,False,lightgbm-v1
2025-02-24T18:00:00Z,2025-02-25T00:00:00+06:00,2025-02-25T13:00:00+06:00,2025-02-25T07:00:00Z,T2,13,2025-02-24T06:00:00Z,25,dayahead,0.1375,0.4009,0.9149,False,lightgbm-v1
2025-02-24T18:00:00Z,2025-02-25T00:00:00+06:00,2025-02-25T14:00:00+06:00,2025-02-25T08:00:00Z,T2,14,2025-02-24T06:00:00Z,26,dayahead,0.288,0.7857,1.0,False,lightgbm-v1
2025-02-24T18:00:00Z,2025-02-25T00:00:00+06:00,2025-02-25T15:00:00+06:00,2025-02-25T09:00:00Z,T2,15,2025-02-24T06:00:00Z,27,dayahead,0.5474,0.9059,0.9909,False,lightgbm-v1
2025-02-24T18:00:00Z,2025-02-25T00:00:00+06:00,2025-02-25T16:00:00+06:00,2025-02-25T10:00:00Z,T2,16,2025-02-24T06:00:00Z,28,dayahead,0.5467,0.9051,0.9902,False,lightgbm-v1
2025-02-24T18:00:00Z,2025-02-25T00:00:00+06:00,2025-02-25T17:00:00+06:00,2025-02-25T11:00:00Z,T2,17,2025-02-24T06:00:00Z,29,dayahead,0.3421,0.8398,1.0,False,lightgbm-v1
2025-02-24T18:00:00Z,2025-02-25T00:00:00+06:00,2025-02-25T18:00:00+06:00,2025-02-25T12:00:00Z,T2,18,2025-02-24T06:00:00Z,30,dayahead,0.2378,0.7355,1.0,False,lightgbm-v1
2025-02-24T18:00:00Z,2025-02-25T00:00:00+06:00,2025-02-25T19:00:00+06:00,2025-02-25T13:00:00Z,T2,19,2025-02-24T06:00:00Z,31,dayahead,0.0887,0.5864,0.885,False,lightgbm-v1
2025-02-24T18:00:00Z,2025-02-25T00:00:00+06:00,2025-02-25T20:00:00+06:00,2025-02-25T14:00:00Z,T2,20,2025-02-24T06:00:00Z,32,dayahead,0.0,0.2203,0.7343,False,lightgbm-v1
2025-02-24T18:00:00Z,2025-02-25T00:00:00+06:00,2025-02-25T21:00:00+06:00,2025-02-25T15:00:00Z,T2,21,2025-02-24T06:00:00Z,33,dayahead,0.0,0.1515,0.6655,False,lightgbm-v1
2025-02-24T18:00:00Z,2025-02-25T00:00:00+06:00,2025-02-25T22:00:00+06:00,2025-02-25T16:00:00Z,T2,22,2025-02-24T06:00:00Z,34,dayahead,0.0435,0.1258,0.3542,False,lightgbm-v1
2025-02-24T18:00:00Z,2025-02-25T00:00:00+06:00,2025-02-25T23:00:00+06:00,2025-02-25T17:00:00Z,T2,23,2025-02-24T06:00:00Z,35,dayahead,0.0,0.0679,0.2963,False,lightgbm-v1
2025-02-24T18:00:00Z,2025-02-25T00:00:00+06:00,2025-02-26T00:00:00+06:00,2025-02-25T18:00:00Z,T2,24,2025-02-24T06:00:00Z,36,dayahead,0.0,0.0329,0.2613,False,lightgbm-v1
2025-02-24T18:00:00Z,2025-02-25T00:00:00+06:00,2025-02-26T01:00:00+06:00,2025-02-25T19:00:00Z,T2,25,2025-02-24T06:00:00Z,37,dayahead,0.0,0.0224,0.2508,False,lightgbm-v1
2025-02-24T18:00:00Z,2025-02-25T00:00:00+06:00,2025-02-26T02:00:00+06:00,2025-02-25T20:00:00Z,T2,26,2025-02-24T06:00:00Z,38,dayahead,0.0,0.0271,0.2555,False,lightgbm-v1
2025-02-24T18:00:00Z,2025-02-25T00:00:00+06:00,2025-02-26T03:00:00+06:00,2025-02-25T21:00:00Z,T2,27,2025-02-24T06:00:00Z,39,dayahead,0.0,0.0522,0.2806,False,lightgbm-v1
2025-02-24T18:00:00Z,2025-02-25T00:00:00+06:00,2025-02-26T04:00:00+06:00,2025-02-25T22:00:00Z,T2,28,2025-02-24T06:00:00Z,40,dayahead,0.0,0.0714,0.2998,False,lightgbm-v1
2025-02-24T18:00:00Z,2025-02-25T00:00:00+06:00,2025-02-26T05:00:00+06:00,2025-02-25T23:00:00Z,T2,29,2025-02-24T06:00:00Z,41,dayahead,0.0,0.0795,0.3078,False,lightgbm-v1
2025-02-24T18:00:00Z,2025-02-25T00:00:00+06:00,2025-02-26T06:00:00+06:00,2025-02-26T00:00:00Z,T2,30,2025-02-24T06:00:00Z,42,dayahead,0.0375,0.1198,0.3482,False,lightgbm-v1
2025-02-24T18:00:00Z,2025-02-25T00:00:00+06:00,2025-02-26T07:00:00+06:00,2025-02-26T01:00:00Z,T2,31,2025-02-24T06:00:00Z,43,dayahead,0.2898,0.7875,1.0,False,lightgbm-v1
2025-02-24T18:00:00Z,2025-02-25T00:00:00+06:00,2025-02-26T08:00:00+06:00,2025-02-26T02:00:00Z,T2,32,2025-02-24T06:00:00Z,44,dayahead,0.5116,0.8701,0.9551,False,lightgbm-v1
2025-02-24T18:00:00Z,2025-02-25T00:00:00+06:00,2025-02-26T09:00:00+06:00,2025-02-26T03:00:00Z,T2,33,2025-02-24T06:00:00Z,45,dayahead,0.5148,0.8733,0.9583,False,lightgbm-v1
2025-02-24T18:00:00Z,2025-02-25T00:00:00+06:00,2025-02-26T10:00:00+06:00,2025-02-26T04:00:00Z,T2,34,2025-02-24T06:00:00Z,46,dayahead,0.3295,0.8272,1.0,False,lightgbm-v1
2025-02-24T18:00:00Z,2025-02-25T00:00:00+06:00,2025-02-26T11:00:00+06:00,2025-02-26T05:00:00Z,T2,35,2025-02-24T06:00:00Z,47,dayahead,0.5915,0.95,1.0,False,lightgbm-v1
2025-02-24T18:00:00Z,2025-02-25T00:00:00+06:00,2025-02-26T12:00:00+06:00,2025-02-26T06:00:00Z,T2,36,2025-02-24T06:00:00Z,48,dayahead,0.6013,0.9598,1.0,False,lightgbm-v1
2025-02-24T18:00:00Z,2025-02-25T00:00:00+06:00,2025-02-26T13:00:00+06:00,2025-02-26T07:00:00Z,T2,37,2025-02-24T06:00:00Z,49,dayahead,0.6126,0.9711,1.0,False,lightgbm-v1
2025-02-24T18:00:00Z,2025-02-25T00:00:00+06:00,2025-02-26T14:00:00+06:00,2025-02-26T08:00:00Z,T2,38,2025-02-24T06:00:00Z,50,dayahead,0.6079,0.9664,1.0,False,lightgbm-v1
2025-02-24T18:00:00Z,2025-02-25T00:00:00+06:00,2025-02-26T15:00:00+06:00,2025-02-26T09:00:00Z,T2,39,2025-02-24T06:00:00Z,51,dayahead,0.6188,0.9773,1.0,False,lightgbm-v1
2025-02-24T18:00:00Z,2025-02-25T00:00:00+06:00,2025-02-26T16:00:00+06:00,2025-02-26T10:00:00Z,T2,40,2025-02-24T06:00:00Z,52,dayahead,0.621,0.9795,1.0,False,lightgbm-v1
2025-02-24T18:00:00Z,2025-02-25T00:00:00+06:00,2025-02-26T17:00:00+06:00,2025-02-26T11:00:00Z,T2,41,2025-02-24T06:00:00Z,53,dayahead,0.6153,0.9738,1.0,False,lightgbm-v1
2025-02-24T18:00:00Z,2025-02-25T00:00:00+06:00,2025-02-26T18:00:00+06:00,2025-02-26T12:00:00Z,T2,42,2025-02-24T06:00:00Z,54,dayahead,0.6198,0.9782,1.0,False,lightgbm-v1
2025-02-24T18:00:00Z,2025-02-25T00:00:00+06:00,2025-02-26T19:00:00+06:00,2025-02-26T13:00:00Z,T2,43,2025-02-24T06:00:00Z,55,dayahead,0.6201,0.9786,1.0,False,lightgbm-v1
2025-02-24T18:00:00Z,2025-02-25T00:00:00+06:00,2025-02-26T20:00:00+06:00,2025-02-26T14:00:00Z,T2,44,2025-02-24T06:00:00Z,56,dayahead,0.6208,0.9793,1.0,False,lightgbm-v1
2025-02-24T18:00:00Z,2025-02-25T00:00:00+06:00,2025-02-26T21:00:00+06:00,2025-02-26T15:00:00Z,T2,45,2025-02-24T06:00:00Z,57,dayahead,0.6125,0.971,1.0,False,lightgbm-v1
2025-02-24T18:00:00Z,2025-02-25T00:00:00+06:00,2025-02-26T22:00:00+06:00,2025-02-26T16:00:00Z,T2,46,2025-02-24T06:00:00Z,58,dayahead,0.6087,0.9672,1.0,False,lightgbm-v1
2025-02-24T18:00:00Z,2025-02-25T00:00:00+06:00,2025-02-26T23:00:00+06:00,2025-02-26T17:00:00Z,T2,47,2025-02-24T06:00:00Z,59,dayahead,0.5741,0.9325,1.0,False,lightgbm-v1
2025-02-25T18:00:00Z,2025-02-26T00:00:00+06:00,2025-02-26T00:00:00+06:00,2025-02-25T18:00:00Z,T1,0,2025-02-25T06:00:00Z,12,dayahead,0.0,0.2281,0.7421,False,lightgbm-v1
2025-02-25T18:00:00Z,2025-02-26T00:00:00+06:00,2025-02-26T01:00:00+06:00,2025-02-25T19:00:00Z,T1,1,2025-02-25T06:00:00Z,13,dayahead,0.0,0.172,0.686,False,lightgbm-v1
2025-02-25T18:00:00Z,2025-02-26T00:00:00+06:00,2025-02-26T02:00:00+06:00,2025-02-25T20:00:00Z,T1,2,2025-02-25T06:00:00Z,14,dayahead,0.0,0.1573,0.6713,False,lightgbm-v1
2025-02-25T18:00:00Z,2025-02-26T00:00:00+06:00,2025-02-26T03:00:00+06:00,2025-02-25T21:00:00Z,T1,3,2025-02-25T06:00:00Z,15,dayahead,0.0,0.2079,0.7219,False,lightgbm-v1
2025-02-25T18:00:00Z,2025-02-26T00:00:00+06:00,2025-02-26T04:00:00+06:00,2025-02-25T22:00:00Z,T1,4,2025-02-25T06:00:00Z,16,dayahead,0.0,0.2474,0.7614,False,lightgbm-v1
2025-02-25T18:00:00Z,2025-02-26T00:00:00+06:00,2025-02-26T05:00:00+06:00,2025-02-25T23:00:00Z,T1,5,2025-02-25T06:00:00Z,17,dayahead,0.0,0.2035,0.7175,False,lightgbm-v1
2025-02-25T18:00:00Z,2025-02-26T00:00:00+06:00,2025-02-26T06:00:00+06:00,2025-02-26T00:00:00Z,T1,6,2025-02-25T06:00:00Z,18,dayahead,0.0,0.2218,0.7358,False,lightgbm-v1
2025-02-25T18:00:00Z,2025-02-26T00:00:00+06:00,2025-02-26T07:00:00+06:00,2025-02-26T01:00:00Z,T1,7,2025-02-25T06:00:00Z,19,dayahead,0.1943,0.6919,0.9906,False,lightgbm-v1
2025-02-25T18:00:00Z,2025-02-26T00:00:00+06:00,2025-02-26T08:00:00+06:00,2025-02-26T02:00:00Z,T1,8,2025-02-25T06:00:00Z,20,dayahead,0.5078,0.8663,0.9513,False,lightgbm-v1
2025-02-25T18:00:00Z,2025-02-26T00:00:00+06:00,2025-02-26T09:00:00+06:00,2025-02-26T03:00:00Z,T1,9,2025-02-25T06:00:00Z,21,dayahead,0.6136,0.972,1.0,False,lightgbm-v1
2025-02-25T18:00:00Z,2025-02-26T00:00:00+06:00,2025-02-26T10:00:00+06:00,2025-02-26T04:00:00Z,T1,10,2025-02-25T06:00:00Z,22,dayahead,0.617,0.9755,1.0,False,lightgbm-v1
2025-02-25T18:00:00Z,2025-02-26T00:00:00+06:00,2025-02-26T11:00:00+06:00,2025-02-26T05:00:00Z,T1,11,2025-02-25T06:00:00Z,23,dayahead,0.6129,0.9714,1.0,False,lightgbm-v1
2025-02-25T18:00:00Z,2025-02-26T00:00:00+06:00,2025-02-26T12:00:00+06:00,2025-02-26T06:00:00Z,T1,12,2025-02-25T06:00:00Z,24,dayahead,0.6012,0.9596,1.0,False,lightgbm-v1
2025-02-25T18:00:00Z,2025-02-26T00:00:00+06:00,2025-02-26T13:00:00+06:00,2025-02-26T07:00:00Z,T1,13,2025-02-25T06:00:00Z,25,dayahead,0.6074,0.9659,1.0,False,lightgbm-v1
2025-02-25T18:00:00Z,2025-02-26T00:00:00+06:00,2025-02-26T14:00:00+06:00,2025-02-26T08:00:00Z,T1,14,2025-02-25T06:00:00Z,26,dayahead,0.6251,0.9836,1.0,False,lightgbm-v1
2025-02-25T18:00:00Z,2025-02-26T00:00:00+06:00,2025-02-26T15:00:00+06:00,2025-02-26T09:00:00Z,T1,15,2025-02-25T06:00:00Z,27,dayahead,0.6301,0.9886,1.0,False,lightgbm-v1
2025-02-25T18:00:00Z,2025-02-26T00:00:00+06:00,2025-02-26T16:00:00+06:00,2025-02-26T10:00:00Z,T1,16,2025-02-25T06:00:00Z,28,dayahead,0.6227,0.9812,1.0,False,lightgbm-v1
2025-02-25T18:00:00Z,2025-02-26T00:00:00+06:00,2025-02-26T17:00:00+06:00,2025-02-26T11:00:00Z,T1,17,2025-02-25T06:00:00Z,29,dayahead,0.6278,0.9862,1.0,False,lightgbm-v1
2025-02-25T18:00:00Z,2025-02-26T00:00:00+06:00,2025-02-26T18:00:00+06:00,2025-02-26T12:00:00Z,T1,18,2025-02-25T06:00:00Z,30,dayahead,0.627,0.9855,1.0,False,lightgbm-v1
2025-02-25T18:00:00Z,2025-02-26T00:00:00+06:00,2025-02-26T19:00:00+06:00,2025-02-26T13:00:00Z,T1,19,2025-02-25T06:00:00Z,31,dayahead,0.6246,0.9831,1.0,False,lightgbm-v1
2025-02-25T18:00:00Z,2025-02-26T00:00:00+06:00,2025-02-26T20:00:00+06:00,2025-02-26T14:00:00Z,T1,20,2025-02-25T06:00:00Z,32,dayahead,0.6263,0.9848,1.0,False,lightgbm-v1
2025-02-25T18:00:00Z,2025-02-26T00:00:00+06:00,2025-02-26T21:00:00+06:00,2025-02-26T15:00:00Z,T1,21,2025-02-25T06:00:00Z,33,dayahead,0.6193,0.9778,1.0,False,lightgbm-v1
2025-02-25T18:00:00Z,2025-02-26T00:00:00+06:00,2025-02-26T22:00:00+06:00,2025-02-26T16:00:00Z,T1,22,2025-02-25T06:00:00Z,34,dayahead,0.6079,0.9663,1.0,False,lightgbm-v1
2025-02-25T18:00:00Z,2025-02-26T00:00:00+06:00,2025-02-26T23:00:00+06:00,2025-02-26T17:00:00Z,T1,23,2025-02-25T06:00:00Z,35,dayahead,0.6007,0.9592,1.0,False,lightgbm-v1
2025-02-25T18:00:00Z,2025-02-26T00:00:00+06:00,2025-02-27T00:00:00+06:00,2025-02-26T18:00:00Z,T1,24,2025-02-25T06:00:00Z,36,dayahead,0.5419,0.9004,0.9854,False,lightgbm-v1
2025-02-25T18:00:00Z,2025-02-26T00:00:00+06:00,2025-02-27T01:00:00+06:00,2025-02-26T19:00:00Z,T1,25,2025-02-25T06:00:00Z,37,dayahead,0.498,0.8565,0.9415,False,lightgbm-v1
2025-02-25T18:00:00Z,2025-02-26T00:00:00+06:00,2025-02-27T02:00:00+06:00,2025-02-26T20:00:00Z,T1,26,2025-02-25T06:00:00Z,38,dayahead,0.2903,0.788,1.0,False,lightgbm-v1
2025-02-25T18:00:00Z,2025-02-26T00:00:00+06:00,2025-02-27T03:00:00+06:00,2025-02-26T21:00:00Z,T1,27,2025-02-25T06:00:00Z,39,dayahead,0.1212,0.6189,0.9175,False,lightgbm-v1
2025-02-25T18:00:00Z,2025-02-26T00:00:00+06:00,2025-02-27T04:00:00+06:00,2025-02-26T22:00:00Z,T1,28,2025-02-25T06:00:00Z,40,dayahead,0.0485,0.3118,0.8258,False,lightgbm-v1
2025-02-25T18:00:00Z,2025-02-26T00:00:00+06:00,2025-02-27T05:00:00+06:00,2025-02-26T23:00:00Z,T1,29,2025-02-25T06:00:00Z,41,dayahead,0.0612,0.1435,0.3719,False,lightgbm-v1
2025-02-25T18:00:00Z,2025-02-26T00:00:00+06:00,2025-02-27T06:00:00+06:00,2025-02-27T00:00:00Z,T1,30,2025-02-25T06:00:00Z,42,dayahead,0.0,0.0462,0.2746,False,lightgbm-v1
2025-02-25T18:00:00Z,2025-02-26T00:00:00+06:00,2025-02-27T07:00:00+06:00,2025-02-27T01:00:00Z,T1,31,2025-02-25T06:00:00Z,43,dayahead,0.0,0.0095,0.2379,False,lightgbm-v1
2025-02-25T18:00:00Z,2025-02-26T00:00:00+06:00,2025-02-27T08:00:00+06:00,2025-02-27T02:00:00Z,T1,32,2025-02-25T06:00:00Z,44,dayahead,0.0,0.0206,0.249,False,lightgbm-v1
2025-02-25T18:00:00Z,2025-02-26T00:00:00+06:00,2025-02-27T09:00:00+06:00,2025-02-27T03:00:00Z,T1,33,2025-02-25T06:00:00Z,45,dayahead,0.0,0.0318,0.2602,False,lightgbm-v1
2025-02-25T18:00:00Z,2025-02-26T00:00:00+06:00,2025-02-27T10:00:00+06:00,2025-02-27T04:00:00Z,T1,34,2025-02-25T06:00:00Z,46,dayahead,0.0,0.0684,0.2968,False,lightgbm-v1
2025-02-25T18:00:00Z,2025-02-26T00:00:00+06:00,2025-02-27T11:00:00+06:00,2025-02-27T05:00:00Z,T1,35,2025-02-25T06:00:00Z,47,dayahead,0.0149,0.0972,0.3256,False,lightgbm-v1
2025-02-25T18:00:00Z,2025-02-26T00:00:00+06:00,2025-02-27T12:00:00+06:00,2025-02-27T06:00:00Z,T1,36,2025-02-25T06:00:00Z,48,dayahead,0.0,0.1815,0.6955,False,lightgbm-v1
2025-02-25T18:00:00Z,2025-02-26T00:00:00+06:00,2025-02-27T13:00:00+06:00,2025-02-27T07:00:00Z,T1,37,2025-02-25T06:00:00Z,49,dayahead,0.0,0.2288,0.7428,False,lightgbm-v1
2025-02-25T18:00:00Z,2025-02-26T00:00:00+06:00,2025-02-27T14:00:00+06:00,2025-02-27T08:00:00Z,T1,38,2025-02-25T06:00:00Z,50,dayahead,0.0,0.1827,0.6967,False,lightgbm-v1
2025-02-25T18:00:00Z,2025-02-26T00:00:00+06:00,2025-02-27T15:00:00+06:00,2025-02-27T09:00:00Z,T1,39,2025-02-25T06:00:00Z,51,dayahead,0.0111,0.0933,0.3217,False,lightgbm-v1
2025-02-25T18:00:00Z,2025-02-26T00:00:00+06:00,2025-02-27T16:00:00+06:00,2025-02-27T10:00:00Z,T1,40,2025-02-25T06:00:00Z,52,dayahead,0.0,0.0641,0.2925,False,lightgbm-v1
2025-02-25T18:00:00Z,2025-02-26T00:00:00+06:00,2025-02-27T17:00:00+06:00,2025-02-27T11:00:00Z,T1,41,2025-02-25T06:00:00Z,53,dayahead,0.0,0.0677,0.2961,False,lightgbm-v1
2025-02-25T18:00:00Z,2025-02-26T00:00:00+06:00,2025-02-27T18:00:00+06:00,2025-02-27T12:00:00Z,T1,42,2025-02-25T06:00:00Z,54,dayahead,0.0,0.0813,0.3096,False,lightgbm-v1
2025-02-25T18:00:00Z,2025-02-26T00:00:00+06:00,2025-02-27T19:00:00+06:00,2025-02-27T13:00:00Z,T1,43,2025-02-25T06:00:00Z,55,dayahead,0.0,0.0575,0.2859,False,lightgbm-v1
2025-02-25T18:00:00Z,2025-02-26T00:00:00+06:00,2025-02-27T20:00:00+06:00,2025-02-27T14:00:00Z,T1,44,2025-02-25T06:00:00Z,56,dayahead,0.0674,0.1496,0.378,False,lightgbm-v1
2025-02-25T18:00:00Z,2025-02-26T00:00:00+06:00,2025-02-27T21:00:00+06:00,2025-02-27T15:00:00Z,T1,45,2025-02-25T06:00:00Z,57,dayahead,0.0,0.2043,0.7183,False,lightgbm-v1
2025-02-25T18:00:00Z,2025-02-26T00:00:00+06:00,2025-02-27T22:00:00+06:00,2025-02-27T16:00:00Z,T1,46,2025-02-25T06:00:00Z,58,dayahead,0.0,0.2033,0.7173,False,lightgbm-v1
2025-02-25T18:00:00Z,2025-02-26T00:00:00+06:00,2025-02-27T23:00:00+06:00,2025-02-27T17:00:00Z,T1,47,2025-02-25T06:00:00Z,59,dayahead,0.0,0.214,0.7279,False,lightgbm-v1
2025-02-25T18:00:00Z,2025-02-26T00:00:00+06:00,2025-02-26T00:00:00+06:00,2025-02-25T18:00:00Z,T2,0,2025-02-25T06:00:00Z,12,dayahead,0.0,0.2268,0.7408,False,lightgbm-v1
2025-02-25T18:00:00Z,2025-02-26T00:00:00+06:00,2025-02-26T01:00:00+06:00,2025-02-25T19:00:00Z,T2,1,2025-02-25T06:00:00Z,13,dayahead,0.0,0.1705,0.6845,False,lightgbm-v1
2025-02-25T18:00:00Z,2025-02-26T00:00:00+06:00,2025-02-26T02:00:00+06:00,2025-02-25T20:00:00Z,T2,2,2025-02-25T06:00:00Z,14,dayahead,0.0,0.1568,0.6708,False,lightgbm-v1
2025-02-25T18:00:00Z,2025-02-26T00:00:00+06:00,2025-02-26T03:00:00+06:00,2025-02-25T21:00:00Z,T2,3,2025-02-25T06:00:00Z,15,dayahead,0.0,0.2092,0.7232,False,lightgbm-v1
2025-02-25T18:00:00Z,2025-02-26T00:00:00+06:00,2025-02-26T04:00:00+06:00,2025-02-25T22:00:00Z,T2,4,2025-02-25T06:00:00Z,16,dayahead,0.0,0.2487,0.7627,False,lightgbm-v1
2025-02-25T18:00:00Z,2025-02-26T00:00:00+06:00,2025-02-26T05:00:00+06:00,2025-02-25T23:00:00Z,T2,5,2025-02-25T06:00:00Z,17,dayahead,0.0,0.2038,0.7178,False,lightgbm-v1
2025-02-25T18:00:00Z,2025-02-26T00:00:00+06:00,2025-02-26T06:00:00+06:00,2025-02-26T00:00:00Z,T2,6,2025-02-25T06:00:00Z,18,dayahead,0.0,0.2218,0.7357,False,lightgbm-v1
2025-02-25T18:00:00Z,2025-02-26T00:00:00+06:00,2025-02-26T07:00:00+06:00,2025-02-26T01:00:00Z,T2,7,2025-02-25T06:00:00Z,19,dayahead,0.1989,0.6966,0.9952,False,lightgbm-v1
2025-02-25T18:00:00Z,2025-02-26T00:00:00+06:00,2025-02-26T08:00:00+06:00,2025-02-26T02:00:00Z,T2,8,2025-02-25T06:00:00Z,20,dayahead,0.5047,0.8632,0.9482,False,lightgbm-v1
2025-02-25T18:00:00Z,2025-02-26T00:00:00+06:00,2025-02-26T09:00:00+06:00,2025-02-26T03:00:00Z,T2,9,2025-02-25T06:00:00Z,21,dayahead,0.6072,0.9657,1.0,False,lightgbm-v1
2025-02-25T18:00:00Z,2025-02-26T00:00:00+06:00,2025-02-26T10:00:00+06:00,2025-02-26T04:00:00Z,T2,10,2025-02-25T06:00:00Z,22,dayahead,0.611,0.9694,1.0,False,lightgbm-v1
2025-02-25T18:00:00Z,2025-02-26T00:00:00+06:00,2025-02-26T11:00:00+06:00,2025-02-26T05:00:00Z,T2,11,2025-02-25T06:00:00Z,23,dayahead,0.6068,0.9653,1.0,False,lightgbm-v1
2025-02-25T18:00:00Z,2025-02-26T00:00:00+06:00,2025-02-26T12:00:00+06:00,2025-02-26T06:00:00Z,T2,12,2025-02-25T06:00:00Z,24,dayahead,0.5959,0.9544,1.0,False,lightgbm-v1
2025-02-25T18:00:00Z,2025-02-26T00:00:00+06:00,2025-02-26T13:00:00+06:00,2025-02-26T07:00:00Z,T2,13,2025-02-25T06:00:00Z,25,dayahead,0.6007,0.9591,1.0,False,lightgbm-v1
2025-02-25T18:00:00Z,2025-02-26T00:00:00+06:00,2025-02-26T14:00:00+06:00,2025-02-26T08:00:00Z,T2,14,2025-02-25T06:00:00Z,26,dayahead,0.6182,0.9767,1.0,False,lightgbm-v1
2025-02-25T18:00:00Z,2025-02-26T00:00:00+06:00,2025-02-26T15:00:00+06:00,2025-02-26T09:00:00Z,T2,15,2025-02-25T06:00:00Z,27,dayahead,0.6234,0.9819,1.0,False,lightgbm-v1
2025-02-25T18:00:00Z,2025-02-26T00:00:00+06:00,2025-02-26T16:00:00+06:00,2025-02-26T10:00:00Z,T2,16,2025-02-25T06:00:00Z,28,dayahead,0.616,0.9745,1.0,False,lightgbm-v1
2025-02-25T18:00:00Z,2025-02-26T00:00:00+06:00,2025-02-26T17:00:00+06:00,2025-02-26T11:00:00Z,T2,17,2025-02-25T06:00:00Z,29,dayahead,0.6213,0.9797,1.0,False,lightgbm-v1
2025-02-25T18:00:00Z,2025-02-26T00:00:00+06:00,2025-02-26T18:00:00+06:00,2025-02-26T12:00:00Z,T2,18,2025-02-25T06:00:00Z,30,dayahead,0.6207,0.9791,1.0,False,lightgbm-v1
2025-02-25T18:00:00Z,2025-02-26T00:00:00+06:00,2025-02-26T19:00:00+06:00,2025-02-26T13:00:00Z,T2,19,2025-02-25T06:00:00Z,31,dayahead,0.6184,0.9768,1.0,False,lightgbm-v1
2025-02-25T18:00:00Z,2025-02-26T00:00:00+06:00,2025-02-26T20:00:00+06:00,2025-02-26T14:00:00Z,T2,20,2025-02-25T06:00:00Z,32,dayahead,0.6202,0.9787,1.0,False,lightgbm-v1
2025-02-25T18:00:00Z,2025-02-26T00:00:00+06:00,2025-02-26T21:00:00+06:00,2025-02-26T15:00:00Z,T2,21,2025-02-25T06:00:00Z,33,dayahead,0.6134,0.9718,1.0,False,lightgbm-v1
2025-02-25T18:00:00Z,2025-02-26T00:00:00+06:00,2025-02-26T22:00:00+06:00,2025-02-26T16:00:00Z,T2,22,2025-02-25T06:00:00Z,34,dayahead,0.6035,0.962,1.0,False,lightgbm-v1
2025-02-25T18:00:00Z,2025-02-26T00:00:00+06:00,2025-02-26T23:00:00+06:00,2025-02-26T17:00:00Z,T2,23,2025-02-25T06:00:00Z,35,dayahead,0.5992,0.9577,1.0,False,lightgbm-v1
2025-02-25T18:00:00Z,2025-02-26T00:00:00+06:00,2025-02-27T00:00:00+06:00,2025-02-26T18:00:00Z,T2,24,2025-02-25T06:00:00Z,36,dayahead,0.5415,0.9,0.985,False,lightgbm-v1
2025-02-25T18:00:00Z,2025-02-26T00:00:00+06:00,2025-02-27T01:00:00+06:00,2025-02-26T19:00:00Z,T2,25,2025-02-25T06:00:00Z,37,dayahead,0.4987,0.8572,0.9422,False,lightgbm-v1
2025-02-25T18:00:00Z,2025-02-26T00:00:00+06:00,2025-02-27T02:00:00+06:00,2025-02-26T20:00:00Z,T2,26,2025-02-25T06:00:00Z,38,dayahead,0.2906,0.7883,1.0,False,lightgbm-v1
2025-02-25T18:00:00Z,2025-02-26T00:00:00+06:00,2025-02-27T03:00:00+06:00,2025-02-26T21:00:00Z,T2,27,2025-02-25T06:00:00Z,39,dayahead,0.1214,0.6191,0.9177,False,lightgbm-v1
2025-02-25T18:00:00Z,2025-02-26T00:00:00+06:00,2025-02-27T04:00:00+06:00,2025-02-26T22:00:00Z,T2,28,2025-02-25T06:00:00Z,40,dayahead,0.0458,0.3091,0.8231,False,lightgbm-v1
2025-02-25T18:00:00Z,2025-02-26T00:00:00+06:00,2025-02-27T05:00:00+06:00,2025-02-26T23:00:00Z,T2,29,2025-02-25T06:00:00Z,41,dayahead,0.0601,0.1423,0.3707,False,lightgbm-v1
2025-02-25T18:00:00Z,2025-02-26T00:00:00+06:00,2025-02-27T06:00:00+06:00,2025-02-27T00:00:00Z,T2,30,2025-02-25T06:00:00Z,42,dayahead,0.0,0.0452,0.2736,False,lightgbm-v1
2025-02-25T18:00:00Z,2025-02-26T00:00:00+06:00,2025-02-27T07:00:00+06:00,2025-02-27T01:00:00Z,T2,31,2025-02-25T06:00:00Z,43,dayahead,0.0,0.009,0.2374,False,lightgbm-v1
2025-02-25T18:00:00Z,2025-02-26T00:00:00+06:00,2025-02-27T08:00:00+06:00,2025-02-27T02:00:00Z,T2,32,2025-02-25T06:00:00Z,44,dayahead,0.0,0.0201,0.2485,False,lightgbm-v1
2025-02-25T18:00:00Z,2025-02-26T00:00:00+06:00,2025-02-27T09:00:00+06:00,2025-02-27T03:00:00Z,T2,33,2025-02-25T06:00:00Z,45,dayahead,0.0,0.0308,0.2592,False,lightgbm-v1
2025-02-25T18:00:00Z,2025-02-26T00:00:00+06:00,2025-02-27T10:00:00+06:00,2025-02-27T04:00:00Z,T2,34,2025-02-25T06:00:00Z,46,dayahead,0.0,0.0678,0.2962,False,lightgbm-v1
2025-02-25T18:00:00Z,2025-02-26T00:00:00+06:00,2025-02-27T11:00:00+06:00,2025-02-27T05:00:00Z,T2,35,2025-02-25T06:00:00Z,47,dayahead,0.0159,0.0982,0.3266,False,lightgbm-v1
2025-02-25T18:00:00Z,2025-02-26T00:00:00+06:00,2025-02-27T12:00:00+06:00,2025-02-27T06:00:00Z,T2,36,2025-02-25T06:00:00Z,48,dayahead,0.0,0.1827,0.6967,False,lightgbm-v1
2025-02-25T18:00:00Z,2025-02-26T00:00:00+06:00,2025-02-27T13:00:00+06:00,2025-02-27T07:00:00Z,T2,37,2025-02-25T06:00:00Z,49,dayahead,0.0,0.2282,0.7422,False,lightgbm-v1
2025-02-25T18:00:00Z,2025-02-26T00:00:00+06:00,2025-02-27T14:00:00+06:00,2025-02-27T08:00:00Z,T2,38,2025-02-25T06:00:00Z,50,dayahead,0.0,0.1811,0.6951,False,lightgbm-v1
2025-02-25T18:00:00Z,2025-02-26T00:00:00+06:00,2025-02-27T15:00:00+06:00,2025-02-27T09:00:00Z,T2,39,2025-02-25T06:00:00Z,51,dayahead,0.0099,0.0922,0.3206,False,lightgbm-v1
2025-02-25T18:00:00Z,2025-02-26T00:00:00+06:00,2025-02-27T16:00:00+06:00,2025-02-27T10:00:00Z,T2,40,2025-02-25T06:00:00Z,52,dayahead,0.0,0.0636,0.292,False,lightgbm-v1
2025-02-25T18:00:00Z,2025-02-26T00:00:00+06:00,2025-02-27T17:00:00+06:00,2025-02-27T11:00:00Z,T2,41,2025-02-25T06:00:00Z,53,dayahead,0.0,0.0671,0.2955,False,lightgbm-v1
2025-02-25T18:00:00Z,2025-02-26T00:00:00+06:00,2025-02-27T18:00:00+06:00,2025-02-27T12:00:00Z,T2,42,2025-02-25T06:00:00Z,54,dayahead,0.0,0.0789,0.3073,False,lightgbm-v1
2025-02-25T18:00:00Z,2025-02-26T00:00:00+06:00,2025-02-27T19:00:00+06:00,2025-02-27T13:00:00Z,T2,43,2025-02-25T06:00:00Z,55,dayahead,0.0,0.0566,0.285,False,lightgbm-v1
2025-02-25T18:00:00Z,2025-02-26T00:00:00+06:00,2025-02-27T20:00:00+06:00,2025-02-27T14:00:00Z,T2,44,2025-02-25T06:00:00Z,56,dayahead,0.0672,0.1494,0.3778,False,lightgbm-v1
2025-02-25T18:00:00Z,2025-02-26T00:00:00+06:00,2025-02-27T21:00:00+06:00,2025-02-27T15:00:00Z,T2,45,2025-02-25T06:00:00Z,57,dayahead,0.0,0.2041,0.7181,False,lightgbm-v1
2025-02-25T18:00:00Z,2025-02-26T00:00:00+06:00,2025-02-27T22:00:00+06:00,2025-02-27T16:00:00Z,T2,46,2025-02-25T06:00:00Z,58,dayahead,0.0,0.2029,0.7169,False,lightgbm-v1
2025-02-25T18:00:00Z,2025-02-26T00:00:00+06:00,2025-02-27T23:00:00+06:00,2025-02-27T17:00:00Z,T2,47,2025-02-25T06:00:00Z,59,dayahead,0.0,0.2139,0.7279,False,lightgbm-v1
2025-02-26T18:00:00Z,2025-02-27T00:00:00+06:00,2025-02-27T00:00:00+06:00,2025-02-26T18:00:00Z,T1,0,2025-02-26T06:00:00Z,12,dayahead,0.2756,0.7733,1.0,False,lightgbm-v1
2025-02-26T18:00:00Z,2025-02-27T00:00:00+06:00,2025-02-27T01:00:00+06:00,2025-02-26T19:00:00Z,T1,1,2025-02-26T06:00:00Z,13,dayahead,0.0674,0.5651,0.8637,False,lightgbm-v1
2025-02-26T18:00:00Z,2025-02-27T00:00:00+06:00,2025-02-27T02:00:00+06:00,2025-02-26T20:00:00Z,T1,2,2025-02-26T06:00:00Z,14,dayahead,0.0076,0.2709,0.7849,False,lightgbm-v1
2025-02-26T18:00:00Z,2025-02-27T00:00:00+06:00,2025-02-27T03:00:00+06:00,2025-02-26T21:00:00Z,T1,3,2025-02-26T06:00:00Z,15,dayahead,0.0278,0.1101,0.3385,False,lightgbm-v1
2025-02-26T18:00:00Z,2025-02-27T00:00:00+06:00,2025-02-27T04:00:00+06:00,2025-02-26T22:00:00Z,T1,4,2025-02-26T06:00:00Z,16,dayahead,0.0,0.0342,0.2626,False,lightgbm-v1
2025-02-26T18:00:00Z,2025-02-27T00:00:00+06:00,2025-02-27T05:00:00+06:00,2025-02-26T23:00:00Z,T1,5,2025-02-26T06:00:00Z,17,dayahead,0.0,0.0191,0.2475,False,lightgbm-v1
2025-02-26T18:00:00Z,2025-02-27T00:00:00+06:00,2025-02-27T06:00:00+06:00,2025-02-27T00:00:00Z,T1,6,2025-02-26T06:00:00Z,18,dayahead,0.0,0.0334,0.2618,False,lightgbm-v1
2025-02-26T18:00:00Z,2025-02-27T00:00:00+06:00,2025-02-27T07:00:00+06:00,2025-02-27T01:00:00Z,T1,7,2025-02-26T06:00:00Z,19,dayahead,0.0,0.0624,0.2907,False,lightgbm-v1
2025-02-26T18:00:00Z,2025-02-27T00:00:00+06:00,2025-02-27T08:00:00+06:00,2025-02-27T02:00:00Z,T1,8,2025-02-26T06:00:00Z,20,dayahead,0.0135,0.0958,0.3242,False,lightgbm-v1
2025-02-26T18:00:00Z,2025-02-27T00:00:00+06:00,2025-02-27T09:00:00+06:00,2025-02-27T03:00:00Z,T1,9,2025-02-26T06:00:00Z,21,dayahead,0.0248,0.107,0.3354,False,lightgbm-v1
2025-02-26T18:00:00Z,2025-02-27T00:00:00+06:00,2025-02-27T10:00:00+06:00,2025-02-27T04:00:00Z,T1,10,2025-02-26T06:00:00Z,22,dayahead,0.0,0.1659,0.6799,False,lightgbm-v1
2025-02-26T18:00:00Z,2025-02-27T00:00:00+06:00,2025-02-27T11:00:00+06:00,2025-02-27T05:00:00Z,T1,11,2025-02-26T06:00:00Z,23,dayahead,0.0682,0.3315,0.8455,False,lightgbm-v1
2025-02-26T18:00:00Z,2025-02-27T00:00:00+06:00,2025-02-27T12:00:00+06:00,2025-02-27T06:00:00Z,T1,12,2025-02-26T06:00:00Z,24,dayahead,0.1428,0.4062,0.9202,False,lightgbm-v1
2025-02-26T18:00:00Z,2025-02-27T00:00:00+06:00,2025-02-27T13:00:00+06:00,2025-02-27T07:00:00Z,T1,13,2025-02-26T06:00:00Z,25,dayahead,0.1416,0.4049,0.9189,False,lightgbm-v1
2025-02-26T18:00:00Z,2025-02-27T00:00:00+06:00,2025-02-27T14:00:00+06:00,2025-02-27T08:00:00Z,T1,14,2025-02-26T06:00:00Z,26,dayahead,0.0338,0.2971,0.8111,False,lightgbm-v1
2025-02-26T18:00:00Z,2025-02-27T00:00:00+06:00,2025-02-27T15:00:00+06:00,2025-02-27T09:00:00Z,T1,15,2025-02-26T06:00:00Z,27,dayahead,0.0,0.1746,0.6886,False,lightgbm-v1
2025-02-26T18:00:00Z,2025-02-27T00:00:00+06:00,2025-02-27T16:00:00+06:00,2025-02-27T10:00:00Z,T1,16,2025-02-26T06:00:00Z,28,dayahead,0.0111,0.0934,0.3218,False,lightgbm-v1
2025-02-26T18:00:00Z,2025-02-27T00:00:00+06:00,2025-02-27T17:00:00+06:00,2025-02-27T11:00:00Z,T1,17,2025-02-26T06:00:00Z,29,dayahead,0.0,0.0574,0.2858,False,lightgbm-v1
2025-02-26T18:00:00Z,2025-02-27T00:00:00+06:00,2025-02-27T18:00:00+06:00,2025-02-27T12:00:00Z,T1,18,2025-02-26T06:00:00Z,30,dayahead,0.0,0.0591,0.2875,False,lightgbm-v1
2025-02-26T18:00:00Z,2025-02-27T00:00:00+06:00,2025-02-27T19:00:00+06:00,2025-02-27T13:00:00Z,T1,19,2025-02-26T06:00:00Z,31,dayahead,0.0,0.033,0.2614,False,lightgbm-v1
2025-02-26T18:00:00Z,2025-02-27T00:00:00+06:00,2025-02-27T20:00:00+06:00,2025-02-27T14:00:00Z,T1,20,2025-02-26T06:00:00Z,32,dayahead,0.0,0.2458,0.7598,False,lightgbm-v1
2025-02-26T18:00:00Z,2025-02-27T00:00:00+06:00,2025-02-27T21:00:00+06:00,2025-02-27T15:00:00Z,T1,21,2025-02-26T06:00:00Z,33,dayahead,0.0464,0.3097,0.8237,False,lightgbm-v1
2025-02-26T18:00:00Z,2025-02-27T00:00:00+06:00,2025-02-27T22:00:00+06:00,2025-02-27T16:00:00Z,T1,22,2025-02-26T06:00:00Z,34,dayahead,0.0575,0.3209,0.8349,False,lightgbm-v1
2025-02-26T18:00:00Z,2025-02-27T00:00:00+06:00,2025-02-27T23:00:00+06:00,2025-02-27T17:00:00Z,T1,23,2025-02-26T06:00:00Z,35,dayahead,0.0,0.2218,0.7358,False,lightgbm-v1
2025-02-26T18:00:00Z,2025-02-27T00:00:00+06:00,2025-02-28T00:00:00+06:00,2025-02-27T18:00:00Z,T1,24,2025-02-26T06:00:00Z,36,dayahead,0.0409,0.1232,0.3516,False,lightgbm-v1
2025-02-26T18:00:00Z,2025-02-27T00:00:00+06:00,2025-02-28T01:00:00+06:00,2025-02-27T19:00:00Z,T1,25,2025-02-26T06:00:00Z,37,dayahead,0.0276,0.1099,0.3383,False,lightgbm-v1
2025-02-26T18:00:00Z,2025-02-27T00:00:00+06:00,2025-02-28T02:00:00+06:00,2025-02-27T20:00:00Z,T1,26,2025-02-26T06:00:00Z,38,dayahead,0.0,0.065,0.2934,False,lightgbm-v1
2025-02-26T18:00:00Z,2025-02-27T00:00:00+06:00,2025-02-28T03:00:00+06:00,2025-02-27T21:00:00Z,T1,27,2025-02-26T06:00:00Z,39,dayahead,0.0,0.0508,0.2792,False,lightgbm-v1
2025-02-26T18:00:00Z,2025-02-27T00:00:00+06:00,2025-02-28T04:00:00+06:00,2025-02-27T22:00:00Z,T1,28,2025-02-26T06:00:00Z,40,dayahead,0.0,0.0656,0.294,False,lightgbm-v1
2025-02-26T18:00:00Z,2025-02-27T00:00:00+06:00,2025-02-28T05:00:00+06:00,2025-02-27T23:00:00Z,T1,29,2025-02-26T06:00:00Z,41,dayahead,0.0,0.0717,0.3001,False,lightgbm-v1
2025-02-26T18:00:00Z,2025-02-27T00:00:00+06:00,2025-02-28T06:00:00+06:00,2025-02-28T00:00:00Z,T1,30,2025-02-26T06:00:00Z,42,dayahead,0.0033,0.0856,0.314,False,lightgbm-v1
2025-02-26T18:00:00Z,2025-02-27T00:00:00+06:00,2025-02-28T07:00:00+06:00,2025-02-28T01:00:00Z,T1,31,2025-02-26T06:00:00Z,43,dayahead,0.0,0.0776,0.306,False,lightgbm-v1
2025-02-26T18:00:00Z,2025-02-27T00:00:00+06:00,2025-02-28T08:00:00+06:00,2025-02-28T02:00:00Z,T1,32,2025-02-26T06:00:00Z,44,dayahead,0.0,0.0596,0.288,False,lightgbm-v1
2025-02-26T18:00:00Z,2025-02-27T00:00:00+06:00,2025-02-28T09:00:00+06:00,2025-02-28T03:00:00Z,T1,33,2025-02-26T06:00:00Z,45,dayahead,0.0,0.0735,0.3019,False,lightgbm-v1
2025-02-26T18:00:00Z,2025-02-27T00:00:00+06:00,2025-02-28T10:00:00+06:00,2025-02-28T04:00:00Z,T1,34,2025-02-26T06:00:00Z,46,dayahead,0.0,0.0482,0.2766,False,lightgbm-v1
2025-02-26T18:00:00Z,2025-02-27T00:00:00+06:00,2025-02-28T11:00:00+06:00,2025-02-28T05:00:00Z,T1,35,2025-02-26T06:00:00Z,47,dayahead,0.0,0.0571,0.2854,False,lightgbm-v1
2025-02-26T18:00:00Z,2025-02-27T00:00:00+06:00,2025-02-28T12:00:00+06:00,2025-02-28T06:00:00Z,T1,36,2025-02-26T06:00:00Z,48,dayahead,0.0,0.0668,0.2952,False,lightgbm-v1
2025-02-26T18:00:00Z,2025-02-27T00:00:00+06:00,2025-02-28T13:00:00+06:00,2025-02-28T07:00:00Z,T1,37,2025-02-26T06:00:00Z,49,dayahead,0.0182,0.1005,0.3289,False,lightgbm-v1
2025-02-26T18:00:00Z,2025-02-27T00:00:00+06:00,2025-02-28T14:00:00+06:00,2025-02-28T08:00:00Z,T1,38,2025-02-26T06:00:00Z,50,dayahead,0.0283,0.1106,0.339,False,lightgbm-v1
2025-02-26T18:00:00Z,2025-02-27T00:00:00+06:00,2025-02-28T15:00:00+06:00,2025-02-28T09:00:00Z,T1,39,2025-02-26T06:00:00Z,51,dayahead,0.0479,0.1301,0.3585,False,lightgbm-v1
2025-02-26T18:00:00Z,2025-02-27T00:00:00+06:00,2025-02-28T16:00:00+06:00,2025-02-28T10:00:00Z,T1,40,2025-02-26T06:00:00Z,52,dayahead,0.0564,0.1386,0.367,False,lightgbm-v1
2025-02-26T18:00:00Z,2025-02-27T00:00:00+06:00,2025-02-28T17:00:00+06:00,2025-02-28T11:00:00Z,T1,41,2025-02-26T06:00:00Z,53,dayahead,0.0531,0.1354,0.3638,False,lightgbm-v1
2025-02-26T18:00:00Z,2025-02-27T00:00:00+06:00,2025-02-28T18:00:00+06:00,2025-02-28T12:00:00Z,T1,42,2025-02-26T06:00:00Z,54,dayahead,0.0421,0.1243,0.3527,False,lightgbm-v1
2025-02-26T18:00:00Z,2025-02-27T00:00:00+06:00,2025-02-28T19:00:00+06:00,2025-02-28T13:00:00Z,T1,43,2025-02-26T06:00:00Z,55,dayahead,0.0,0.2038,0.7178,False,lightgbm-v1
2025-02-26T18:00:00Z,2025-02-27T00:00:00+06:00,2025-02-28T20:00:00+06:00,2025-02-28T14:00:00Z,T1,44,2025-02-26T06:00:00Z,56,dayahead,0.0,0.2456,0.7596,False,lightgbm-v1
2025-02-26T18:00:00Z,2025-02-27T00:00:00+06:00,2025-02-28T21:00:00+06:00,2025-02-28T15:00:00Z,T1,45,2025-02-26T06:00:00Z,57,dayahead,0.0,0.2574,0.7714,False,lightgbm-v1
2025-02-26T18:00:00Z,2025-02-27T00:00:00+06:00,2025-02-28T22:00:00+06:00,2025-02-28T16:00:00Z,T1,46,2025-02-26T06:00:00Z,58,dayahead,0.0,0.2415,0.7555,False,lightgbm-v1
2025-02-26T18:00:00Z,2025-02-27T00:00:00+06:00,2025-02-28T23:00:00+06:00,2025-02-28T17:00:00Z,T1,47,2025-02-26T06:00:00Z,59,dayahead,0.0,0.2529,0.7669,False,lightgbm-v1
2025-02-26T18:00:00Z,2025-02-27T00:00:00+06:00,2025-02-27T00:00:00+06:00,2025-02-26T18:00:00Z,T2,0,2025-02-26T06:00:00Z,12,dayahead,0.2756,0.7733,1.0,False,lightgbm-v1
2025-02-26T18:00:00Z,2025-02-27T00:00:00+06:00,2025-02-27T01:00:00+06:00,2025-02-26T19:00:00Z,T2,1,2025-02-26T06:00:00Z,13,dayahead,0.0673,0.565,0.8636,False,lightgbm-v1
2025-02-26T18:00:00Z,2025-02-27T00:00:00+06:00,2025-02-27T02:00:00+06:00,2025-02-26T20:00:00Z,T2,2,2025-02-26T06:00:00Z,14,dayahead,0.0085,0.2719,0.7859,False,lightgbm-v1
2025-02-26T18:00:00Z,2025-02-27T00:00:00+06:00,2025-02-27T03:00:00+06:00,2025-02-26T21:00:00Z,T2,3,2025-02-26T06:00:00Z,15,dayahead,0.0266,0.1089,0.3373,False,lightgbm-v1
2025-02-26T18:00:00Z,2025-02-27T00:00:00+06:00,2025-02-27T04:00:00+06:00,2025-02-26T22:00:00Z,T2,4,2025-02-26T06:00:00Z,16,dayahead,0.0,0.0333,0.2617,False,lightgbm-v1
2025-02-26T18:00:00Z,2025-02-27T00:00:00+06:00,2025-02-27T05:00:00+06:00,2025-02-26T23:00:00Z,T2,5,2025-02-26T06:00:00Z,17,dayahead,0.0,0.0185,0.2469,False,lightgbm-v1
2025-02-26T18:00:00Z,2025-02-27T00:00:00+06:00,2025-02-27T06:00:00+06:00,2025-02-27T00:00:00Z,T2,6,2025-02-26T06:00:00Z,18,dayahead,0.0,0.031,0.2594,False,lightgbm-v1
2025-02-26T18:00:00Z,2025-02-27T00:00:00+06:00,2025-02-27T07:00:00+06:00,2025-02-27T01:00:00Z,T2,7,2025-02-26T06:00:00Z,19,dayahead,0.0,0.0598,0.2882,False,lightgbm-v1
2025-02-26T18:00:00Z,2025-02-27T00:00:00+06:00,2025-02-27T08:00:00+06:00,2025-02-27T02:00:00Z,T2,8,2025-02-26T06:00:00Z,20,dayahead,0.0109,0.0932,0.3215,False,lightgbm-v1
2025-02-26T18:00:00Z,2025-02-27T00:00:00+06:00,2025-02-27T09:00:00+06:00,2025-02-27T03:00:00Z,T2,9,2025-02-26T06:00:00Z,21,dayahead,0.0222,0.1044,0.3328,False,lightgbm-v1
2025-02-26T18:00:00Z,2025-02-27T00:00:00+06:00,2025-02-27T10:00:00+06:00,2025-02-27T04:00:00Z,T2,10,2025-02-26T06:00:00Z,22,dayahead,0.0,0.1673,0.6813,False,lightgbm-v1
2025-02-26T18:00:00Z,2025-02-27T00:00:00+06:00,2025-02-27T11:00:00+06:00,2025-02-27T05:00:00Z,T2,11,2025-02-26T06:00:00Z,23,dayahead,0.0691,0.3325,0.8465,False,lightgbm-v1
2025-02-26T18:00:00Z,2025-02-27T00:00:00+06:00,2025-02-27T12:00:00+06:00,2025-02-27T06:00:00Z,T2,12,2025-02-26T06:00:00Z,24,dayahead,0.1462,0.4095,0.9235,False,lightgbm-v1
2025-02-26T18:00:00Z,2025-02-27T00:00:00+06:00,2025-02-27T13:00:00+06:00,2025-02-27T07:00:00Z,T2,13,2025-02-26T06:00:00Z,25,dayahead,0.1436,0.4069,0.9209,False,lightgbm-v1
2025-02-26T18:00:00Z,2025-02-27T00:00:00+06:00,2025-02-27T14:00:00+06:00,2025-02-27T08:00:00Z,T2,14,2025-02-26T06:00:00Z,26,dayahead,0.0346,0.2979,0.8119,False,lightgbm-v1
2025-02-26T18:00:00Z,2025-02-27T00:00:00+06:00,2025-02-27T15:00:00+06:00,2025-02-27T09:00:00Z,T2,15,2025-02-26T06:00:00Z,27,dayahead,0.0,0.18,0.694,False,lightgbm-v1
2025-02-26T18:00:00Z,2025-02-27T00:00:00+06:00,2025-02-27T16:00:00+06:00,2025-02-27T10:00:00Z,T2,16,2025-02-26T06:00:00Z,28,dayahead,0.0138,0.0961,0.3245,False,lightgbm-v1
2025-02-26T18:00:00Z,2025-02-27T00:00:00+06:00,2025-02-27T17:00:00+06:00,2025-02-27T11:00:00Z,T2,17,2025-02-26T06:00:00Z,29,dayahead,0.0,0.0593,0.2877,False,lightgbm-v1
2025-02-26T18:00:00Z,2025-02-27T00:00:00+06:00,2025-02-27T18:00:00+06:00,2025-02-27T12:00:00Z,T2,18,2025-02-26T06:00:00Z,30,dayahead,0.0,0.0568,0.2852,False,lightgbm-v1
2025-02-26T18:00:00Z,2025-02-27T00:00:00+06:00,2025-02-27T19:00:00+06:00,2025-02-27T13:00:00Z,T2,19,2025-02-26T06:00:00Z,31,dayahead,0.0,0.0326,0.261,False,lightgbm-v1
2025-02-26T18:00:00Z,2025-02-27T00:00:00+06:00,2025-02-27T20:00:00+06:00,2025-02-27T14:00:00Z,T2,20,2025-02-26T06:00:00Z,32,dayahead,0.0,0.2457,0.7597,False,lightgbm-v1
2025-02-26T18:00:00Z,2025-02-27T00:00:00+06:00,2025-02-27T21:00:00+06:00,2025-02-27T15:00:00Z,T2,21,2025-02-26T06:00:00Z,33,dayahead,0.0458,0.3091,0.8231,False,lightgbm-v1
2025-02-26T18:00:00Z,2025-02-27T00:00:00+06:00,2025-02-27T22:00:00+06:00,2025-02-27T16:00:00Z,T2,22,2025-02-26T06:00:00Z,34,dayahead,0.0549,0.3182,0.8322,False,lightgbm-v1
2025-02-26T18:00:00Z,2025-02-27T00:00:00+06:00,2025-02-27T23:00:00+06:00,2025-02-27T17:00:00Z,T2,23,2025-02-26T06:00:00Z,35,dayahead,0.0,0.2202,0.7342,False,lightgbm-v1
2025-02-26T18:00:00Z,2025-02-27T00:00:00+06:00,2025-02-28T00:00:00+06:00,2025-02-27T18:00:00Z,T2,24,2025-02-26T06:00:00Z,36,dayahead,0.0416,0.1239,0.3523,False,lightgbm-v1
2025-02-26T18:00:00Z,2025-02-27T00:00:00+06:00,2025-02-28T01:00:00+06:00,2025-02-27T19:00:00Z,T2,25,2025-02-26T06:00:00Z,37,dayahead,0.0285,0.1108,0.3392,False,lightgbm-v1
2025-02-26T18:00:00Z,2025-02-27T00:00:00+06:00,2025-02-28T02:00:00+06:00,2025-02-27T20:00:00Z,T2,26,2025-02-26T06:00:00Z,38,dayahead,0.0,0.0658,0.2942,False,lightgbm-v1
2025-02-26T18:00:00Z,2025-02-27T00:00:00+06:00,2025-02-28T03:00:00+06:00,2025-02-27T21:00:00Z,T2,27,2025-02-26T06:00:00Z,39,dayahead,0.0,0.0519,0.2803,False,lightgbm-v1
2025-02-26T18:00:00Z,2025-02-27T00:00:00+06:00,2025-02-28T04:00:00+06:00,2025-02-27T22:00:00Z,T2,28,2025-02-26T06:00:00Z,40,dayahead,0.0,0.0663,0.2947,False,lightgbm-v1
2025-02-26T18:00:00Z,2025-02-27T00:00:00+06:00,2025-02-28T05:00:00+06:00,2025-02-27T23:00:00Z,T2,29,2025-02-26T06:00:00Z,41,dayahead,0.0,0.0725,0.3009,False,lightgbm-v1
2025-02-26T18:00:00Z,2025-02-27T00:00:00+06:00,2025-02-28T06:00:00+06:00,2025-02-28T00:00:00Z,T2,30,2025-02-26T06:00:00Z,42,dayahead,0.0038,0.0861,0.3145,False,lightgbm-v1
2025-02-26T18:00:00Z,2025-02-27T00:00:00+06:00,2025-02-28T07:00:00+06:00,2025-02-28T01:00:00Z,T2,31,2025-02-26T06:00:00Z,43,dayahead,0.0,0.0786,0.307,False,lightgbm-v1
2025-02-26T18:00:00Z,2025-02-27T00:00:00+06:00,2025-02-28T08:00:00+06:00,2025-02-28T02:00:00Z,T2,32,2025-02-26T06:00:00Z,44,dayahead,0.0,0.0587,0.2871,False,lightgbm-v1
2025-02-26T18:00:00Z,2025-02-27T00:00:00+06:00,2025-02-28T09:00:00+06:00,2025-02-28T03:00:00Z,T2,33,2025-02-26T06:00:00Z,45,dayahead,0.0,0.0726,0.301,False,lightgbm-v1
2025-02-26T18:00:00Z,2025-02-27T00:00:00+06:00,2025-02-28T10:00:00+06:00,2025-02-28T04:00:00Z,T2,34,2025-02-26T06:00:00Z,46,dayahead,0.0,0.0478,0.2762,False,lightgbm-v1
2025-02-26T18:00:00Z,2025-02-27T00:00:00+06:00,2025-02-28T11:00:00+06:00,2025-02-28T05:00:00Z,T2,35,2025-02-26T06:00:00Z,47,dayahead,0.0,0.0576,0.286,False,lightgbm-v1
2025-02-26T18:00:00Z,2025-02-27T00:00:00+06:00,2025-02-28T12:00:00+06:00,2025-02-28T06:00:00Z,T2,36,2025-02-26T06:00:00Z,48,dayahead,0.0,0.071,0.2994,False,lightgbm-v1
2025-02-26T18:00:00Z,2025-02-27T00:00:00+06:00,2025-02-28T13:00:00+06:00,2025-02-28T07:00:00Z,T2,37,2025-02-26T06:00:00Z,49,dayahead,0.0221,0.1044,0.3328,False,lightgbm-v1
2025-02-26T18:00:00Z,2025-02-27T00:00:00+06:00,2025-02-28T14:00:00+06:00,2025-02-28T08:00:00Z,T2,38,2025-02-26T06:00:00Z,50,dayahead,0.0319,0.1141,0.3425,False,lightgbm-v1
2025-02-26T18:00:00Z,2025-02-27T00:00:00+06:00,2025-02-28T15:00:00+06:00,2025-02-28T09:00:00Z,T2,39,2025-02-26T06:00:00Z,51,dayahead,0.0514,0.1337,0.3621,False,lightgbm-v1
2025-02-26T18:00:00Z,2025-02-27T00:00:00+06:00,2025-02-28T16:00:00+06:00,2025-02-28T10:00:00Z,T2,40,2025-02-26T06:00:00Z,52,dayahead,0.0599,0.1422,0.3706,False,lightgbm-v1
2025-02-26T18:00:00Z,2025-02-27T00:00:00+06:00,2025-02-28T17:00:00+06:00,2025-02-28T11:00:00Z,T2,41,2025-02-26T06:00:00Z,53,dayahead,0.0571,0.1394,0.3678,False,lightgbm-v1
2025-02-26T18:00:00Z,2025-02-27T00:00:00+06:00,2025-02-28T18:00:00+06:00,2025-02-28T12:00:00Z,T2,42,2025-02-26T06:00:00Z,54,dayahead,0.0428,0.1251,0.3535,False,lightgbm-v1
2025-02-26T18:00:00Z,2025-02-27T00:00:00+06:00,2025-02-28T19:00:00+06:00,2025-02-28T13:00:00Z,T2,43,2025-02-26T06:00:00Z,55,dayahead,0.0,0.2025,0.7165,False,lightgbm-v1
2025-02-26T18:00:00Z,2025-02-27T00:00:00+06:00,2025-02-28T20:00:00+06:00,2025-02-28T14:00:00Z,T2,44,2025-02-26T06:00:00Z,56,dayahead,0.0,0.2446,0.7586,False,lightgbm-v1
2025-02-26T18:00:00Z,2025-02-27T00:00:00+06:00,2025-02-28T21:00:00+06:00,2025-02-28T15:00:00Z,T2,45,2025-02-26T06:00:00Z,57,dayahead,0.0,0.2579,0.7719,False,lightgbm-v1
2025-02-26T18:00:00Z,2025-02-27T00:00:00+06:00,2025-02-28T22:00:00+06:00,2025-02-28T16:00:00Z,T2,46,2025-02-26T06:00:00Z,58,dayahead,0.0,0.2416,0.7556,False,lightgbm-v1
2025-02-26T18:00:00Z,2025-02-27T00:00:00+06:00,2025-02-28T23:00:00+06:00,2025-02-28T17:00:00Z,T2,47,2025-02-26T06:00:00Z,59,dayahead,0.0,0.254,0.768,False,lightgbm-v1
2025-02-27T18:00:00Z,2025-02-28T00:00:00+06:00,2025-02-28T00:00:00+06:00,2025-02-27T18:00:00Z,T1,0,2025-02-27T06:00:00Z,12,dayahead,0.0,0.179,0.693,False,lightgbm-v1
2025-02-27T18:00:00Z,2025-02-28T00:00:00+06:00,2025-02-28T01:00:00+06:00,2025-02-27T19:00:00Z,T1,1,2025-02-27T06:00:00Z,13,dayahead,0.0503,0.1325,0.3609,False,lightgbm-v1
2025-02-27T18:00:00Z,2025-02-28T00:00:00+06:00,2025-02-28T02:00:00+06:00,2025-02-27T20:00:00Z,T1,2,2025-02-27T06:00:00Z,14,dayahead,0.0013,0.0836,0.312,False,lightgbm-v1
2025-02-27T18:00:00Z,2025-02-28T00:00:00+06:00,2025-02-28T03:00:00+06:00,2025-02-27T21:00:00Z,T1,3,2025-02-27T06:00:00Z,15,dayahead,0.0,0.0685,0.2969,False,lightgbm-v1
2025-02-27T18:00:00Z,2025-02-28T00:00:00+06:00,2025-02-28T04:00:00+06:00,2025-02-27T22:00:00Z,T1,4,2025-02-27T06:00:00Z,16,dayahead,0.0221,0.1043,0.3327,False,lightgbm-v1
2025-02-27T18:00:00Z,2025-02-28T00:00:00+06:00,2025-02-28T05:00:00+06:00,2025-02-27T23:00:00Z,T1,5,2025-02-27T06:00:00Z,17,dayahead,0.0419,0.1241,0.3525,False,lightgbm-v1
2025-02-27T18:00:00Z,2025-02-28T00:00:00+06:00,2025-02-28T06:00:00+06:00,2025-02-28T00:00:00Z,T1,6,2025-02-27T06:00:00Z,18,dayahead,0.0,0.0795,0.3079,False,lightgbm-v1
2025-02-27T18:00:00Z,2025-02-28T00:00:00+06:00,2025-02-28T07:00:00+06:00,2025-02-28T01:00:00Z,T1,7,2025-02-27T06:00:00Z,19,dayahead,0.0321,0.1144,0.3428,False,lightgbm-v1
2025-02-27T18:00:00Z,2025-02-28T00:00:00+06:00,2025-02-28T08:00:00+06:00,2025-02-28T02:00:00Z,T1,8,2025-02-27T06:00:00Z,20,dayahead,0.0118,0.0941,0.3224,False,lightgbm-v1
2025-02-27T18:00:00Z,2025-02-28T00:00:00+06:00,2025-02-28T09:00:00+06:00,2025-02-28T03:00:00Z,T1,9,2025-02-27T06:00:00Z,21,dayahead,0.0106,0.0929,0.3213,False,lightgbm-v1
2025-02-27T18:00:00Z,2025-02-28T00:00:00+06:00,2025-02-28T10:00:00+06:00,2025-02-28T04:00:00Z,T1,10,2025-02-27T06:00:00Z,22,dayahead,0.0207,0.103,0.3314,False,lightgbm-v1
2025-02-27T18:00:00Z,2025-02-28T00:00:00+06:00,2025-02-28T11:00:00+06:00,2025-02-28T05:00:00Z,T1,11,2025-02-27T06:00:00Z,23,dayahead,0.0355,0.1178,0.3462,False,lightgbm-v1
2025-02-27T18:00:00Z,2025-02-28T00:00:00+06:00,2025-02-28T12:00:00+06:00,2025-02-28T06:00:00Z,T1,12,2025-02-27T06:00:00Z,24,dayahead,0.0551,0.1374,0.3658,False,lightgbm-v1
2025-02-27T18:00:00Z,2025-02-28T00:00:00+06:00,2025-02-28T13:00:00+06:00,2025-02-28T07:00:00Z,T1,13,2025-02-27T06:00:00Z,25,dayahead,0.0406,0.1228,0.3512,False,lightgbm-v1
2025-02-27T18:00:00Z,2025-02-28T00:00:00+06:00,2025-02-28T14:00:00+06:00,2025-02-28T08:00:00Z,T1,14,2025-02-27T06:00:00Z,26,dayahead,0.0,0.1947,0.7087,False,lightgbm-v1
2025-02-27T18:00:00Z,2025-02-28T00:00:00+06:00,2025-02-28T15:00:00+06:00,2025-02-28T09:00:00Z,T1,15,2025-02-27T06:00:00Z,27,dayahead,0.0,0.1892,0.7032,False,lightgbm-v1
2025-02-27T18:00:00Z,2025-02-28T00:00:00+06:00,2025-02-28T16:00:00+06:00,2025-02-28T10:00:00Z,T1,16,2025-02-27T06:00:00Z,28,dayahead,0.0621,0.1444,0.3727,False,lightgbm-v1
2025-02-27T18:00:00Z,2025-02-28T00:00:00+06:00,2025-02-28T17:00:00+06:00,2025-02-28T11:00:00Z,T1,17,2025-02-27T06:00:00Z,29,dayahead,0.063,0.1453,0.3737,False,lightgbm-v1
2025-02-27T18:00:00Z,2025-02-28T00:00:00+06:00,2025-02-28T18:00:00+06:00,2025-02-28T12:00:00Z,T1,18,2025-02-27T06:00:00Z,30,dayahead,0.0,0.1667,0.6807,False,lightgbm-v1
2025-02-27T18:00:00Z,2025-02-28T00:00:00+06:00,2025-02-28T19:00:00+06:00,2025-02-28T13:00:00Z,T1,19,2025-02-27T06:00:00Z,31,dayahead,0.0,0.2002,0.7142,False,lightgbm-v1
2025-02-27T18:00:00Z,2025-02-28T00:00:00+06:00,2025-02-28T20:00:00+06:00,2025-02-28T14:00:00Z,T1,20,2025-02-27T06:00:00Z,32,dayahead,0.0,0.2519,0.7659,False,lightgbm-v1
2025-02-27T18:00:00Z,2025-02-28T00:00:00+06:00,2025-02-28T21:00:00+06:00,2025-02-28T15:00:00Z,T1,21,2025-02-27T06:00:00Z,33,dayahead,0.0,0.2376,0.7516,False,lightgbm-v1
2025-02-27T18:00:00Z,2025-02-28T00:00:00+06:00,2025-02-28T22:00:00+06:00,2025-02-28T16:00:00Z,T1,22,2025-02-27T06:00:00Z,34,dayahead,0.0,0.1734,0.6874,False,lightgbm-v1
2025-02-27T18:00:00Z,2025-02-28T00:00:00+06:00,2025-02-28T23:00:00+06:00,2025-02-28T17:00:00Z,T1,23,2025-02-27T06:00:00Z,35,dayahead,0.0516,0.1339,0.3623,False,lightgbm-v1
2025-02-27T18:00:00Z,2025-02-28T00:00:00+06:00,2025-03-01T00:00:00+06:00,2025-02-28T18:00:00Z,T1,24,2025-02-27T06:00:00Z,36,dayahead,0.0179,0.1001,0.3285,False,lightgbm-v1
2025-02-27T18:00:00Z,2025-02-28T00:00:00+06:00,2025-03-01T01:00:00+06:00,2025-02-28T19:00:00Z,T1,25,2025-02-27T06:00:00Z,37,dayahead,0.0,0.0748,0.3032,False,lightgbm-v1
2025-02-27T18:00:00Z,2025-02-28T00:00:00+06:00,2025-03-01T02:00:00+06:00,2025-02-28T20:00:00Z,T1,26,2025-02-27T06:00:00Z,38,dayahead,0.0,0.0569,0.2853,False,lightgbm-v1
2025-02-27T18:00:00Z,2025-02-28T00:00:00+06:00,2025-03-01T03:00:00+06:00,2025-02-28T21:00:00Z,T1,27,2025-02-27T06:00:00Z,39,dayahead,0.0,0.0401,0.2685,False,lightgbm-v1
2025-02-27T18:00:00Z,2025-02-28T00:00:00+06:00,2025-03-01T04:00:00+06:00,2025-02-28T22:00:00Z,T1,28,2025-02-27T06:00:00Z,40,dayahead,0.0,0.0448,0.2732,False,lightgbm-v1
2025-02-27T18:00:00Z,2025-02-28T00:00:00+06:00,2025-03-01T05:00:00+06:00,2025-02-28T23:00:00Z,T1,29,2025-02-27T06:00:00Z,41,dayahead,0.0,0.0383,0.2667,False,lightgbm-v1
2025-02-27T18:00:00Z,2025-02-28T00:00:00+06:00,2025-03-01T06:00:00+06:00,2025-03-01T00:00:00Z,T1,30,2025-02-27T06:00:00Z,42,dayahead,0.0,0.0225,0.2509,False,lightgbm-v1
2025-02-27T18:00:00Z,2025-02-28T00:00:00+06:00,2025-03-01T07:00:00+06:00,2025-03-01T01:00:00Z,T1,31,2025-02-27T06:00:00Z,43,dayahead,0.0,0.0187,0.2471,False,lightgbm-v1
2025-02-27T18:00:00Z,2025-02-28T00:00:00+06:00,2025-03-01T08:00:00+06:00,2025-03-01T02:00:00Z,T1,32,2025-02-27T06:00:00Z,44,dayahead,0.0,0.0094,0.2378,False,lightgbm-v1
2025-02-27T18:00:00Z,2025-02-28T00:00:00+06:00,2025-03-01T09:00:00+06:00,2025-03-01T03:00:00Z,T1,33,2025-02-27T06:00:00Z,45,dayahead,0.0,0.0128,0.2412,False,lightgbm-v1
2025-02-27T18:00:00Z,2025-02-28T00:00:00+06:00,2025-03-01T10:00:00+06:00,2025-03-01T04:00:00Z,T1,34,2025-02-27T06:00:00Z,46,dayahead,0.0,0.0142,0.2426,False,lightgbm-v1
2025-02-27T18:00:00Z,2025-02-28T00:00:00+06:00,2025-03-01T11:00:00+06:00,2025-03-01T05:00:00Z,T1,35,2025-02-27T06:00:00Z,47,dayahead,0.0,0.0147,0.2431,False,lightgbm-v1
2025-02-27T18:00:00Z,2025-02-28T00:00:00+06:00,2025-03-01T12:00:00+06:00,2025-03-01T06:00:00Z,T1,36,2025-02-27T06:00:00Z,48,dayahead,0.0,0.0131,0.2415,False,lightgbm-v1
2025-02-27T18:00:00Z,2025-02-28T00:00:00+06:00,2025-03-01T13:00:00+06:00,2025-03-01T07:00:00Z,T1,37,2025-02-27T06:00:00Z,49,dayahead,0.0,0.0147,0.2431,False,lightgbm-v1
2025-02-27T18:00:00Z,2025-02-28T00:00:00+06:00,2025-03-01T14:00:00+06:00,2025-03-01T08:00:00Z,T1,38,2025-02-27T06:00:00Z,50,dayahead,0.0,0.0134,0.2418,False,lightgbm-v1
2025-02-27T18:00:00Z,2025-02-28T00:00:00+06:00,2025-03-01T15:00:00+06:00,2025-03-01T09:00:00Z,T1,39,2025-02-27T06:00:00Z,51,dayahead,0.0,0.015,0.2434,False,lightgbm-v1
2025-02-27T18:00:00Z,2025-02-28T00:00:00+06:00,2025-03-01T16:00:00+06:00,2025-03-01T10:00:00Z,T1,40,2025-02-27T06:00:00Z,52,dayahead,0.0,0.0157,0.2441,False,lightgbm-v1
2025-02-27T18:00:00Z,2025-02-28T00:00:00+06:00,2025-03-01T17:00:00+06:00,2025-03-01T11:00:00Z,T1,41,2025-02-27T06:00:00Z,53,dayahead,0.0,0.0261,0.2545,False,lightgbm-v1
2025-02-27T18:00:00Z,2025-02-28T00:00:00+06:00,2025-03-01T18:00:00+06:00,2025-03-01T12:00:00Z,T1,42,2025-02-27T06:00:00Z,54,dayahead,0.0,0.0572,0.2856,False,lightgbm-v1
2025-02-27T18:00:00Z,2025-02-28T00:00:00+06:00,2025-03-01T19:00:00+06:00,2025-03-01T13:00:00Z,T1,43,2025-02-27T06:00:00Z,55,dayahead,0.0582,0.1404,0.3688,False,lightgbm-v1
2025-02-27T18:00:00Z,2025-02-28T00:00:00+06:00,2025-03-01T20:00:00+06:00,2025-03-01T14:00:00Z,T1,44,2025-02-27T06:00:00Z,56,dayahead,0.0266,0.2899,0.8039,False,lightgbm-v1
2025-02-27T18:00:00Z,2025-02-28T00:00:00+06:00,2025-03-01T21:00:00+06:00,2025-03-01T15:00:00Z,T1,45,2025-02-27T06:00:00Z,57,dayahead,0.1623,0.4257,0.9397,False,lightgbm-v1
2025-02-27T18:00:00Z,2025-02-28T00:00:00+06:00,2025-03-01T22:00:00+06:00,2025-03-01T16:00:00Z,T1,46,2025-02-27T06:00:00Z,58,dayahead,0.045,0.5427,0.8413,False,lightgbm-v1
2025-02-27T18:00:00Z,2025-02-28T00:00:00+06:00,2025-03-01T23:00:00+06:00,2025-03-01T17:00:00Z,T1,47,2025-02-27T06:00:00Z,59,dayahead,0.0239,0.5216,0.8202,False,lightgbm-v1
2025-02-27T18:00:00Z,2025-02-28T00:00:00+06:00,2025-02-28T00:00:00+06:00,2025-02-27T18:00:00Z,T2,0,2025-02-27T06:00:00Z,12,dayahead,0.0,0.1787,0.6927,False,lightgbm-v1
2025-02-27T18:00:00Z,2025-02-28T00:00:00+06:00,2025-02-28T01:00:00+06:00,2025-02-27T19:00:00Z,T2,1,2025-02-27T06:00:00Z,13,dayahead,0.0508,0.1331,0.3615,False,lightgbm-v1
2025-02-27T18:00:00Z,2025-02-28T00:00:00+06:00,2025-02-28T02:00:00+06:00,2025-02-27T20:00:00Z,T2,2,2025-02-27T06:00:00Z,14,dayahead,0.0021,0.0843,0.3127,False,lightgbm-v1
2025-02-27T18:00:00Z,2025-02-28T00:00:00+06:00,2025-02-28T03:00:00+06:00,2025-02-27T21:00:00Z,T2,3,2025-02-27T06:00:00Z,15,dayahead,0.0,0.0676,0.296,False,lightgbm-v1
2025-02-27T18:00:00Z,2025-02-28T00:00:00+06:00,2025-02-28T04:00:00+06:00,2025-02-27T22:00:00Z,T2,4,2025-02-27T06:00:00Z,16,dayahead,0.0231,0.1054,0.3338,False,lightgbm-v1
2025-02-27T18:00:00Z,2025-02-28T00:00:00+06:00,2025-02-28T05:00:00+06:00,2025-02-27T23:00:00Z,T2,5,2025-02-27T06:00:00Z,17,dayahead,0.0425,0.1248,0.3532,False,lightgbm-v1
2025-02-27T18:00:00Z,2025-02-28T00:00:00+06:00,2025-02-28T06:00:00+06:00,2025-02-28T00:00:00Z,T2,6,2025-02-27T06:00:00Z,18,dayahead,0.0,0.0799,0.3083,False,lightgbm-v1
2025-02-27T18:00:00Z,2025-02-28T00:00:00+06:00,2025-02-28T07:00:00+06:00,2025-02-28T01:00:00Z,T2,7,2025-02-27T06:00:00Z,19,dayahead,0.0328,0.1151,0.3435,False,lightgbm-v1
2025-02-27T18:00:00Z,2025-02-28T00:00:00+06:00,2025-02-28T08:00:00+06:00,2025-02-28T02:00:00Z,T2,8,2025-02-27T06:00:00Z,20,dayahead,0.0124,0.0947,0.3231,False,lightgbm-v1
2025-02-27T18:00:00Z,2025-02-28T00:00:00+06:00,2025-02-28T09:00:00+06:00,2025-02-28T03:00:00Z,T2,9,2025-02-27T06:00:00Z,21,dayahead,0.0108,0.0931,0.3214,False,lightgbm-v1
2025-02-27T18:00:00Z,2025-02-28T00:00:00+06:00,2025-02-28T10:00:00+06:00,2025-02-28T04:00:00Z,T2,10,2025-02-27T06:00:00Z,22,dayahead,0.0209,0.1031,0.3315,False,lightgbm-v1
2025-02-27T18:00:00Z,2025-02-28T00:00:00+06:00,2025-02-28T11:00:00+06:00,2025-02-28T05:00:00Z,T2,11,2025-02-27T06:00:00Z,23,dayahead,0.0353,0.1175,0.3459,False,lightgbm-v1
2025-02-27T18:00:00Z,2025-02-28T00:00:00+06:00,2025-02-28T12:00:00+06:00,2025-02-28T06:00:00Z,T2,12,2025-02-27T06:00:00Z,24,dayahead,0.0548,0.1371,0.3655,False,lightgbm-v1
2025-02-27T18:00:00Z,2025-02-28T00:00:00+06:00,2025-02-28T13:00:00+06:00,2025-02-28T07:00:00Z,T2,13,2025-02-27T06:00:00Z,25,dayahead,0.0404,0.1226,0.351,False,lightgbm-v1
2025-02-27T18:00:00Z,2025-02-28T00:00:00+06:00,2025-02-28T14:00:00+06:00,2025-02-28T08:00:00Z,T2,14,2025-02-27T06:00:00Z,26,dayahead,0.0,0.1996,0.7136,False,lightgbm-v1
2025-02-27T18:00:00Z,2025-02-28T00:00:00+06:00,2025-02-28T15:00:00+06:00,2025-02-28T09:00:00Z,T2,15,2025-02-27T06:00:00Z,27,dayahead,0.0,0.1944,0.7084,False,lightgbm-v1
2025-02-27T18:00:00Z,2025-02-28T00:00:00+06:00,2025-02-28T16:00:00+06:00,2025-02-28T10:00:00Z,T2,16,2025-02-27T06:00:00Z,28,dayahead,0.0643,0.1466,0.375,False,lightgbm-v1
2025-02-27T18:00:00Z,2025-02-28T00:00:00+06:00,2025-02-28T17:00:00+06:00,2025-02-28T11:00:00Z,T2,17,2025-02-27T06:00:00Z,29,dayahead,0.0616,0.1439,0.3723,False,lightgbm-v1
2025-02-27T18:00:00Z,2025-02-28T00:00:00+06:00,2025-02-28T18:00:00+06:00,2025-02-28T12:00:00Z,T2,18,2025-02-27T06:00:00Z,30,dayahead,0.0,0.1654,0.6794,False,lightgbm-v1
2025-02-27T18:00:00Z,2025-02-28T00:00:00+06:00,2025-02-28T19:00:00+06:00,2025-02-28T13:00:00Z,T2,19,2025-02-27T06:00:00Z,31,dayahead,0.0,0.1999,0.7139,False,lightgbm-v1
2025-02-27T18:00:00Z,2025-02-28T00:00:00+06:00,2025-02-28T20:00:00+06:00,2025-02-28T14:00:00Z,T2,20,2025-02-27T06:00:00Z,32,dayahead,0.0,0.2524,0.7664,False,lightgbm-v1
2025-02-27T18:00:00Z,2025-02-28T00:00:00+06:00,2025-02-28T21:00:00+06:00,2025-02-28T15:00:00Z,T2,21,2025-02-27T06:00:00Z,33,dayahead,0.0,0.2381,0.7521,False,lightgbm-v1
2025-02-27T18:00:00Z,2025-02-28T00:00:00+06:00,2025-02-28T22:00:00+06:00,2025-02-28T16:00:00Z,T2,22,2025-02-27T06:00:00Z,34,dayahead,0.0,0.1738,0.6877,False,lightgbm-v1
2025-02-27T18:00:00Z,2025-02-28T00:00:00+06:00,2025-02-28T23:00:00+06:00,2025-02-28T17:00:00Z,T2,23,2025-02-27T06:00:00Z,35,dayahead,0.0521,0.1344,0.3628,False,lightgbm-v1
2025-02-27T18:00:00Z,2025-02-28T00:00:00+06:00,2025-03-01T00:00:00+06:00,2025-02-28T18:00:00Z,T2,24,2025-02-27T06:00:00Z,36,dayahead,0.0185,0.1008,0.3292,False,lightgbm-v1
2025-02-27T18:00:00Z,2025-02-28T00:00:00+06:00,2025-03-01T01:00:00+06:00,2025-02-28T19:00:00Z,T2,25,2025-02-27T06:00:00Z,37,dayahead,0.0,0.0756,0.304,False,lightgbm-v1
2025-02-27T18:00:00Z,2025-02-28T00:00:00+06:00,2025-03-01T02:00:00+06:00,2025-02-28T20:00:00Z,T2,26,2025-02-27T06:00:00Z,38,dayahead,0.0,0.0577,0.2861,False,lightgbm-v1
2025-02-27T18:00:00Z,2025-02-28T00:00:00+06:00,2025-03-01T03:00:00+06:00,2025-02-28T21:00:00Z,T2,27,2025-02-27T06:00:00Z,39,dayahead,0.0,0.0409,0.2693,False,lightgbm-v1
2025-02-27T18:00:00Z,2025-02-28T00:00:00+06:00,2025-03-01T04:00:00+06:00,2025-02-28T22:00:00Z,T2,28,2025-02-27T06:00:00Z,40,dayahead,0.0,0.0456,0.274,False,lightgbm-v1
2025-02-27T18:00:00Z,2025-02-28T00:00:00+06:00,2025-03-01T05:00:00+06:00,2025-02-28T23:00:00Z,T2,29,2025-02-27T06:00:00Z,41,dayahead,0.0,0.0392,0.2676,False,lightgbm-v1
2025-02-27T18:00:00Z,2025-02-28T00:00:00+06:00,2025-03-01T06:00:00+06:00,2025-03-01T00:00:00Z,T2,30,2025-02-27T06:00:00Z,42,dayahead,0.0,0.0214,0.2498,False,lightgbm-v1
2025-02-27T18:00:00Z,2025-02-28T00:00:00+06:00,2025-03-01T07:00:00+06:00,2025-03-01T01:00:00Z,T2,31,2025-02-27T06:00:00Z,43,dayahead,0.0,0.0178,0.2462,False,lightgbm-v1
2025-02-27T18:00:00Z,2025-02-28T00:00:00+06:00,2025-03-01T08:00:00+06:00,2025-03-01T02:00:00Z,T2,32,2025-02-27T06:00:00Z,44,dayahead,0.0,0.009,0.2374,False,lightgbm-v1
2025-02-27T18:00:00Z,2025-02-28T00:00:00+06:00,2025-03-01T09:00:00+06:00,2025-03-01T03:00:00Z,T2,33,2025-02-27T06:00:00Z,45,dayahead,0.0,0.0124,0.2408,False,lightgbm-v1
2025-02-27T18:00:00Z,2025-02-28T00:00:00+06:00,2025-03-01T10:00:00+06:00,2025-03-01T04:00:00Z,T2,34,2025-02-27T06:00:00Z,46,dayahead,0.0,0.0139,0.2423,False,lightgbm-v1
2025-02-27T18:00:00Z,2025-02-28T00:00:00+06:00,2025-03-01T11:00:00+06:00,2025-03-01T05:00:00Z,T2,35,2025-02-27T06:00:00Z,47,dayahead,0.0,0.0143,0.2427,False,lightgbm-v1
2025-02-27T18:00:00Z,2025-02-28T00:00:00+06:00,2025-03-01T12:00:00+06:00,2025-03-01T06:00:00Z,T2,36,2025-02-27T06:00:00Z,48,dayahead,0.0,0.0127,0.2411,False,lightgbm-v1
2025-02-27T18:00:00Z,2025-02-28T00:00:00+06:00,2025-03-01T13:00:00+06:00,2025-03-01T07:00:00Z,T2,37,2025-02-27T06:00:00Z,49,dayahead,0.0,0.0145,0.2429,False,lightgbm-v1
2025-02-27T18:00:00Z,2025-02-28T00:00:00+06:00,2025-03-01T14:00:00+06:00,2025-03-01T08:00:00Z,T2,38,2025-02-27T06:00:00Z,50,dayahead,0.0,0.0131,0.2415,False,lightgbm-v1
2025-02-27T18:00:00Z,2025-02-28T00:00:00+06:00,2025-03-01T15:00:00+06:00,2025-03-01T09:00:00Z,T2,39,2025-02-27T06:00:00Z,51,dayahead,0.0,0.0147,0.2431,False,lightgbm-v1
2025-02-27T18:00:00Z,2025-02-28T00:00:00+06:00,2025-03-01T16:00:00+06:00,2025-03-01T10:00:00Z,T2,40,2025-02-27T06:00:00Z,52,dayahead,0.0,0.0156,0.244,False,lightgbm-v1
2025-02-27T18:00:00Z,2025-02-28T00:00:00+06:00,2025-03-01T17:00:00+06:00,2025-03-01T11:00:00Z,T2,41,2025-02-27T06:00:00Z,53,dayahead,0.0,0.0255,0.2539,False,lightgbm-v1
2025-02-27T18:00:00Z,2025-02-28T00:00:00+06:00,2025-03-01T18:00:00+06:00,2025-03-01T12:00:00Z,T2,42,2025-02-27T06:00:00Z,54,dayahead,0.0,0.0531,0.2815,False,lightgbm-v1
2025-02-27T18:00:00Z,2025-02-28T00:00:00+06:00,2025-03-01T19:00:00+06:00,2025-03-01T13:00:00Z,T2,43,2025-02-27T06:00:00Z,55,dayahead,0.0541,0.1364,0.3648,False,lightgbm-v1
2025-02-27T18:00:00Z,2025-02-28T00:00:00+06:00,2025-03-01T20:00:00+06:00,2025-03-01T14:00:00Z,T2,44,2025-02-27T06:00:00Z,56,dayahead,0.024,0.2874,0.8014,False,lightgbm-v1
2025-02-27T18:00:00Z,2025-02-28T00:00:00+06:00,2025-03-01T21:00:00+06:00,2025-03-01T15:00:00Z,T2,45,2025-02-27T06:00:00Z,57,dayahead,0.1589,0.4222,0.9362,False,lightgbm-v1
2025-02-27T18:00:00Z,2025-02-28T00:00:00+06:00,2025-03-01T22:00:00+06:00,2025-03-01T16:00:00Z,T2,46,2025-02-27T06:00:00Z,58,dayahead,0.0391,0.5368,0.8354,False,lightgbm-v1
2025-02-27T18:00:00Z,2025-02-28T00:00:00+06:00,2025-03-01T23:00:00+06:00,2025-03-01T17:00:00Z,T2,47,2025-02-27T06:00:00Z,59,dayahead,0.0206,0.5183,0.8169,False,lightgbm-v1
2025-02-28T18:00:00Z,2025-03-01T00:00:00+06:00,2025-03-01T00:00:00+06:00,2025-02-28T18:00:00Z,T1,0,2025-02-28T06:00:00Z,12,dayahead,0.0,0.251,0.765,False,lightgbm-v1
2025-02-28T18:00:00Z,2025-03-01T00:00:00+06:00,2025-03-01T01:00:00+06:00,2025-02-28T19:00:00Z,T1,1,2025-02-28T06:00:00Z,13,dayahead,0.0,0.2294,0.7434,False,lightgbm-v1
2025-02-28T18:00:00Z,2025-03-01T00:00:00+06:00,2025-03-01T02:00:00+06:00,2025-02-28T20:00:00Z,T1,2,2025-02-28T06:00:00Z,14,dayahead,0.0619,0.1442,0.3726,False,lightgbm-v1
2025-02-28T18:00:00Z,2025-03-01T00:00:00+06:00,2025-03-01T03:00:00+06:00,2025-02-28T21:00:00Z,T1,3,2025-02-28T06:00:00Z,15,dayahead,0.0116,0.0938,0.3222,False,lightgbm-v1
2025-02-28T18:00:00Z,2025-03-01T00:00:00+06:00,2025-03-01T04:00:00+06:00,2025-02-28T22:00:00Z,T1,4,2025-02-28T06:00:00Z,16,dayahead,0.0,0.0662,0.2946,False,lightgbm-v1
2025-02-28T18:00:00Z,2025-03-01T00:00:00+06:00,2025-03-01T05:00:00+06:00,2025-02-28T23:00:00Z,T1,5,2025-02-28T06:00:00Z,17,dayahead,0.0,0.0493,0.2777,False,lightgbm-v1
2025-02-28T18:00:00Z,2025-03-01T00:00:00+06:00,2025-03-01T06:00:00+06:00,2025-03-01T00:00:00Z,T1,6,2025-02-28T06:00:00Z,18,dayahead,0.0,0.0493,0.2777,False,lightgbm-v1
2025-02-28T18:00:00Z,2025-03-01T00:00:00+06:00,2025-03-01T07:00:00+06:00,2025-03-01T01:00:00Z,T1,7,2025-02-28T06:00:00Z,19,dayahead,0.0,0.0521,0.2805,False,lightgbm-v1
2025-02-28T18:00:00Z,2025-03-01T00:00:00+06:00,2025-03-01T08:00:00+06:00,2025-03-01T02:00:00Z,T1,8,2025-02-28T06:00:00Z,20,dayahead,0.0,0.0542,0.2826,False,lightgbm-v1
2025-02-28T18:00:00Z,2025-03-01T00:00:00+06:00,2025-03-01T09:00:00+06:00,2025-03-01T03:00:00Z,T1,9,2025-02-28T06:00:00Z,21,dayahead,0.0,0.0388,0.2671,False,lightgbm-v1
2025-02-28T18:00:00Z,2025-03-01T00:00:00+06:00,2025-03-01T10:00:00+06:00,2025-03-01T04:00:00Z,T1,10,2025-02-28T06:00:00Z,22,dayahead,0.0,0.0351,0.2635,False,lightgbm-v1
2025-02-28T18:00:00Z,2025-03-01T00:00:00+06:00,2025-03-01T11:00:00+06:00,2025-03-01T05:00:00Z,T1,11,2025-02-28T06:00:00Z,23,dayahead,0.0,0.0357,0.2641,False,lightgbm-v1
2025-02-28T18:00:00Z,2025-03-01T00:00:00+06:00,2025-03-01T12:00:00+06:00,2025-03-01T06:00:00Z,T1,12,2025-02-28T06:00:00Z,24,dayahead,0.0,0.0296,0.2579,False,lightgbm-v1
2025-02-28T18:00:00Z,2025-03-01T00:00:00+06:00,2025-03-01T13:00:00+06:00,2025-03-01T07:00:00Z,T1,13,2025-02-28T06:00:00Z,25,dayahead,0.0,0.0333,0.2617,False,lightgbm-v1
2025-02-28T18:00:00Z,2025-03-01T00:00:00+06:00,2025-03-01T14:00:00+06:00,2025-03-01T08:00:00Z,T1,14,2025-02-28T06:00:00Z,26,dayahead,0.0,0.024,0.2524,False,lightgbm-v1
2025-02-28T18:00:00Z,2025-03-01T00:00:00+06:00,2025-03-01T15:00:00+06:00,2025-03-01T09:00:00Z,T1,15,2025-02-28T06:00:00Z,27,dayahead,0.0,0.0215,0.2499,False,lightgbm-v1
2025-02-28T18:00:00Z,2025-03-01T00:00:00+06:00,2025-03-01T16:00:00+06:00,2025-03-01T10:00:00Z,T1,16,2025-02-28T06:00:00Z,28,dayahead,0.0,0.0274,0.2558,False,lightgbm-v1
2025-02-28T18:00:00Z,2025-03-01T00:00:00+06:00,2025-03-01T17:00:00+06:00,2025-03-01T11:00:00Z,T1,17,2025-02-28T06:00:00Z,29,dayahead,0.0,0.032,0.2604,False,lightgbm-v1
2025-02-28T18:00:00Z,2025-03-01T00:00:00+06:00,2025-03-01T18:00:00+06:00,2025-03-01T12:00:00Z,T1,18,2025-02-28T06:00:00Z,30,dayahead,0.0,0.0289,0.2573,False,lightgbm-v1
2025-02-28T18:00:00Z,2025-03-01T00:00:00+06:00,2025-03-01T19:00:00+06:00,2025-03-01T13:00:00Z,T1,19,2025-02-28T06:00:00Z,31,dayahead,0.0,0.0395,0.2679,False,lightgbm-v1
2025-02-28T18:00:00Z,2025-03-01T00:00:00+06:00,2025-03-01T20:00:00+06:00,2025-03-01T14:00:00Z,T1,20,2025-02-28T06:00:00Z,32,dayahead,0.0455,0.1277,0.3561,False,lightgbm-v1
2025-02-28T18:00:00Z,2025-03-01T00:00:00+06:00,2025-03-01T21:00:00+06:00,2025-03-01T15:00:00Z,T1,21,2025-02-28T06:00:00Z,33,dayahead,0.0218,0.2851,0.7991,False,lightgbm-v1
2025-02-28T18:00:00Z,2025-03-01T00:00:00+06:00,2025-03-01T22:00:00+06:00,2025-03-01T16:00:00Z,T1,22,2025-02-28T06:00:00Z,34,dayahead,0.0672,0.5648,0.8635,False,lightgbm-v1
2025-02-28T18:00:00Z,2025-03-01T00:00:00+06:00,2025-03-01T23:00:00+06:00,2025-03-01T17:00:00Z,T1,23,2025-02-28T06:00:00Z,35,dayahead,0.0252,0.5229,0.8215,False,lightgbm-v1
2025-02-28T18:00:00Z,2025-03-01T00:00:00+06:00,2025-03-02T00:00:00+06:00,2025-03-01T18:00:00Z,T1,24,2025-02-28T06:00:00Z,36,dayahead,0.2162,0.4796,0.9936,False,lightgbm-v1
2025-02-28T18:00:00Z,2025-03-01T00:00:00+06:00,2025-03-02T01:00:00+06:00,2025-03-01T19:00:00Z,T1,25,2025-02-28T06:00:00Z,37,dayahead,0.1778,0.4411,0.9551,False,lightgbm-v1
2025-02-28T18:00:00Z,2025-03-01T00:00:00+06:00,2025-03-02T02:00:00+06:00,2025-03-01T20:00:00Z,T1,26,2025-02-28T06:00:00Z,38,dayahead,0.1179,0.3812,0.8952,False,lightgbm-v1
2025-02-28T18:00:00Z,2025-03-01T00:00:00+06:00,2025-03-02T03:00:00+06:00,2025-03-01T21:00:00Z,T1,27,2025-02-28T06:00:00Z,39,dayahead,0.0821,0.3454,0.8594,False,lightgbm-v1
2025-02-28T18:00:00Z,2025-03-01T00:00:00+06:00,2025-03-02T04:00:00+06:00,2025-03-01T22:00:00Z,T1,28,2025-02-28T06:00:00Z,40,dayahead,0.0705,0.3338,0.8478,False,lightgbm-v1
2025-02-28T18:00:00Z,2025-03-01T00:00:00+06:00,2025-03-02T05:00:00+06:00,2025-03-01T23:00:00Z,T1,29,2025-02-28T06:00:00Z,41,dayahead,0.1074,0.3707,0.8847,False,lightgbm-v1
2025-02-28T18:00:00Z,2025-03-01T00:00:00+06:00,2025-03-02T06:00:00+06:00,2025-03-02T00:00:00Z,T1,30,2025-02-28T06:00:00Z,42,dayahead,0.1237,0.387,0.901,False,lightgbm-v1
2025-02-28T18:00:00Z,2025-03-01T00:00:00+06:00,2025-03-02T07:00:00+06:00,2025-03-02T01:00:00Z,T1,31,2025-02-28T06:00:00Z,43,dayahead,0.1349,0.3983,0.9123,False,lightgbm-v1
2025-02-28T18:00:00Z,2025-03-01T00:00:00+06:00,2025-03-02T08:00:00+06:00,2025-03-02T02:00:00Z,T1,32,2025-02-28T06:00:00Z,44,dayahead,0.1637,0.4271,0.9411,False,lightgbm-v1
2025-02-28T18:00:00Z,2025-03-01T00:00:00+06:00,2025-03-02T09:00:00+06:00,2025-03-02T03:00:00Z,T1,33,2025-02-28T06:00:00Z,45,dayahead,0.134,0.3973,0.9113,False,lightgbm-v1
2025-02-28T18:00:00Z,2025-03-01T00:00:00+06:00,2025-03-02T10:00:00+06:00,2025-03-02T04:00:00Z,T1,34,2025-02-28T06:00:00Z,46,dayahead,0.0582,0.5559,0.8546,False,lightgbm-v1
2025-02-28T18:00:00Z,2025-03-01T00:00:00+06:00,2025-03-02T11:00:00+06:00,2025-03-02T05:00:00Z,T1,35,2025-02-28T06:00:00Z,47,dayahead,0.259,0.7567,1.0,False,lightgbm-v1
2025-02-28T18:00:00Z,2025-03-01T00:00:00+06:00,2025-03-02T12:00:00+06:00,2025-03-02T06:00:00Z,T1,36,2025-02-28T06:00:00Z,48,dayahead,0.5163,0.8748,0.9598,False,lightgbm-v1
2025-02-28T18:00:00Z,2025-03-01T00:00:00+06:00,2025-03-02T13:00:00+06:00,2025-03-02T07:00:00Z,T1,37,2025-02-28T06:00:00Z,49,dayahead,0.5318,0.8903,0.9753,False,lightgbm-v1
2025-02-28T18:00:00Z,2025-03-01T00:00:00+06:00,2025-03-02T14:00:00+06:00,2025-03-02T08:00:00Z,T1,38,2025-02-28T06:00:00Z,50,dayahead,0.5205,0.8789,0.9639,False,lightgbm-v1
2025-02-28T18:00:00Z,2025-03-01T00:00:00+06:00,2025-03-02T15:00:00+06:00,2025-03-02T09:00:00Z,T1,39,2025-02-28T06:00:00Z,51,dayahead,0.3231,0.8208,1.0,False,lightgbm-v1
2025-02-28T18:00:00Z,2025-03-01T00:00:00+06:00,2025-03-02T16:00:00+06:00,2025-03-02T10:00:00Z,T1,40,2025-02-28T06:00:00Z,52,dayahead,0.2383,0.7359,1.0,False,lightgbm-v1
2025-02-28T18:00:00Z,2025-03-01T00:00:00+06:00,2025-03-02T17:00:00+06:00,2025-03-02T11:00:00Z,T1,41,2025-02-28T06:00:00Z,53,dayahead,0.1744,0.6721,0.9707,False,lightgbm-v1
2025-02-28T18:00:00Z,2025-03-01T00:00:00+06:00,2025-03-02T18:00:00+06:00,2025-03-02T12:00:00Z,T1,42,2025-02-28T06:00:00Z,54,dayahead,0.0756,0.5733,0.8719,False,lightgbm-v1
2025-02-28T18:00:00Z,2025-03-01T00:00:00+06:00,2025-03-02T19:00:00+06:00,2025-03-02T13:00:00Z,T1,43,2025-02-28T06:00:00Z,55,dayahead,0.2325,0.4959,1.0,False,lightgbm-v1
2025-02-28T18:00:00Z,2025-03-01T00:00:00+06:00,2025-03-02T20:00:00+06:00,2025-03-02T14:00:00Z,T1,44,2025-02-28T06:00:00Z,56,dayahead,0.118,0.3814,0.8954,False,lightgbm-v1
2025-02-28T18:00:00Z,2025-03-01T00:00:00+06:00,2025-03-02T21:00:00+06:00,2025-03-02T15:00:00Z,T1,45,2025-02-28T06:00:00Z,57,dayahead,0.1338,0.3971,0.9111,False,lightgbm-v1
2025-02-28T18:00:00Z,2025-03-01T00:00:00+06:00,2025-03-02T22:00:00+06:00,2025-03-02T16:00:00Z,T1,46,2025-02-28T06:00:00Z,58,dayahead,0.0691,0.5668,0.8654,False,lightgbm-v1
2025-02-28T18:00:00Z,2025-03-01T00:00:00+06:00,2025-03-02T23:00:00+06:00,2025-03-02T17:00:00Z,T1,47,2025-02-28T06:00:00Z,59,dayahead,0.107,0.6047,0.9033,False,lightgbm-v1
2025-02-28T18:00:00Z,2025-03-01T00:00:00+06:00,2025-03-01T00:00:00+06:00,2025-02-28T18:00:00Z,T2,0,2025-02-28T06:00:00Z,12,dayahead,0.0,0.2502,0.7642,False,lightgbm-v1
2025-02-28T18:00:00Z,2025-03-01T00:00:00+06:00,2025-03-01T01:00:00+06:00,2025-02-28T19:00:00Z,T2,1,2025-02-28T06:00:00Z,13,dayahead,0.0,0.2282,0.7422,False,lightgbm-v1
2025-02-28T18:00:00Z,2025-03-01T00:00:00+06:00,2025-03-01T02:00:00+06:00,2025-02-28T20:00:00Z,T2,2,2025-02-28T06:00:00Z,14,dayahead,0.0601,0.1424,0.3708,False,lightgbm-v1
2025-02-28T18:00:00Z,2025-03-01T00:00:00+06:00,2025-03-01T03:00:00+06:00,2025-02-28T21:00:00Z,T2,3,2025-02-28T06:00:00Z,15,dayahead,0.0122,0.0945,0.3228,False,lightgbm-v1
2025-02-28T18:00:00Z,2025-03-01T00:00:00+06:00,2025-03-01T04:00:00+06:00,2025-02-28T22:00:00Z,T2,4,2025-02-28T06:00:00Z,16,dayahead,0.0,0.0669,0.2952,False,lightgbm-v1
2025-02-28T18:00:00Z,2025-03-01T00:00:00+06:00,2025-03-01T05:00:00+06:00,2025-02-28T23:00:00Z,T2,5,2025-02-28T06:00:00Z,17,dayahead,0.0,0.0501,0.2785,False,lightgbm-v1
2025-02-28T18:00:00Z,2025-03-01T00:00:00+06:00,2025-03-01T06:00:00+06:00,2025-03-01T00:00:00Z,T2,6,2025-02-28T06:00:00Z,18,dayahead,0.0,0.05,0.2784,False,lightgbm-v1
2025-02-28T18:00:00Z,2025-03-01T00:00:00+06:00,2025-03-01T07:00:00+06:00,2025-03-01T01:00:00Z,T2,7,2025-02-28T06:00:00Z,19,dayahead,0.0,0.051,0.2794,False,lightgbm-v1
2025-02-28T18:00:00Z,2025-03-01T00:00:00+06:00,2025-03-01T08:00:00+06:00,2025-03-01T02:00:00Z,T2,8,2025-02-28T06:00:00Z,20,dayahead,0.0,0.0533,0.2817,False,lightgbm-v1
2025-02-28T18:00:00Z,2025-03-01T00:00:00+06:00,2025-03-01T09:00:00+06:00,2025-03-01T03:00:00Z,T2,9,2025-02-28T06:00:00Z,21,dayahead,0.0,0.0379,0.2663,False,lightgbm-v1
2025-02-28T18:00:00Z,2025-03-01T00:00:00+06:00,2025-03-01T10:00:00+06:00,2025-03-01T04:00:00Z,T2,10,2025-02-28T06:00:00Z,22,dayahead,0.0,0.0348,0.2632,False,lightgbm-v1
2025-02-28T18:00:00Z,2025-03-01T00:00:00+06:00,2025-03-01T11:00:00+06:00,2025-03-01T05:00:00Z,T2,11,2025-02-28T06:00:00Z,23,dayahead,0.0,0.0353,0.2637,False,lightgbm-v1
2025-02-28T18:00:00Z,2025-03-01T00:00:00+06:00,2025-03-01T12:00:00+06:00,2025-03-01T06:00:00Z,T2,12,2025-02-28T06:00:00Z,24,dayahead,0.0,0.0292,0.2575,False,lightgbm-v1
2025-02-28T18:00:00Z,2025-03-01T00:00:00+06:00,2025-03-01T13:00:00+06:00,2025-03-01T07:00:00Z,T2,13,2025-02-28T06:00:00Z,25,dayahead,0.0,0.0331,0.2615,False,lightgbm-v1
2025-02-28T18:00:00Z,2025-03-01T00:00:00+06:00,2025-03-01T14:00:00+06:00,2025-03-01T08:00:00Z,T2,14,2025-02-28T06:00:00Z,26,dayahead,0.0,0.0237,0.2521,False,lightgbm-v1
2025-02-28T18:00:00Z,2025-03-01T00:00:00+06:00,2025-03-01T15:00:00+06:00,2025-03-01T09:00:00Z,T2,15,2025-02-28T06:00:00Z,27,dayahead,0.0,0.0214,0.2498,False,lightgbm-v1
2025-02-28T18:00:00Z,2025-03-01T00:00:00+06:00,2025-03-01T16:00:00+06:00,2025-03-01T10:00:00Z,T2,16,2025-02-28T06:00:00Z,28,dayahead,0.0,0.0273,0.2557,False,lightgbm-v1
2025-02-28T18:00:00Z,2025-03-01T00:00:00+06:00,2025-03-01T17:00:00+06:00,2025-03-01T11:00:00Z,T2,17,2025-02-28T06:00:00Z,29,dayahead,0.0,0.0319,0.2603,False,lightgbm-v1
2025-02-28T18:00:00Z,2025-03-01T00:00:00+06:00,2025-03-01T18:00:00+06:00,2025-03-01T12:00:00Z,T2,18,2025-02-28T06:00:00Z,30,dayahead,0.0,0.0285,0.2569,False,lightgbm-v1
2025-02-28T18:00:00Z,2025-03-01T00:00:00+06:00,2025-03-01T19:00:00+06:00,2025-03-01T13:00:00Z,T2,19,2025-02-28T06:00:00Z,31,dayahead,0.0,0.0391,0.2674,False,lightgbm-v1
2025-02-28T18:00:00Z,2025-03-01T00:00:00+06:00,2025-03-01T20:00:00+06:00,2025-03-01T14:00:00Z,T2,20,2025-02-28T06:00:00Z,32,dayahead,0.0434,0.1257,0.3541,False,lightgbm-v1
2025-02-28T18:00:00Z,2025-03-01T00:00:00+06:00,2025-03-01T21:00:00+06:00,2025-03-01T15:00:00Z,T2,21,2025-02-28T06:00:00Z,33,dayahead,0.0185,0.2819,0.7959,False,lightgbm-v1
2025-02-28T18:00:00Z,2025-03-01T00:00:00+06:00,2025-03-01T22:00:00+06:00,2025-03-01T16:00:00Z,T2,22,2025-02-28T06:00:00Z,34,dayahead,0.0636,0.5613,0.8599,False,lightgbm-v1
2025-02-28T18:00:00Z,2025-03-01T00:00:00+06:00,2025-03-01T23:00:00+06:00,2025-03-01T17:00:00Z,T2,23,2025-02-28T06:00:00Z,35,dayahead,0.0226,0.5203,0.8189,False,lightgbm-v1
2025-02-28T18:00:00Z,2025-03-01T00:00:00+06:00,2025-03-02T00:00:00+06:00,2025-03-01T18:00:00Z,T2,24,2025-02-28T06:00:00Z,36,dayahead,0.216,0.4793,0.9933,False,lightgbm-v1
2025-02-28T18:00:00Z,2025-03-01T00:00:00+06:00,2025-03-02T01:00:00+06:00,2025-03-01T19:00:00Z,T2,25,2025-02-28T06:00:00Z,37,dayahead,0.1778,0.4412,0.9552,False,lightgbm-v1
2025-02-28T18:00:00Z,2025-03-01T00:00:00+06:00,2025-03-02T02:00:00+06:00,2025-03-01T20:00:00Z,T2,26,2025-02-28T06:00:00Z,38,dayahead,0.1198,0.3832,0.8972,False,lightgbm-v1
2025-02-28T18:00:00Z,2025-03-01T00:00:00+06:00,2025-03-02T03:00:00+06:00,2025-03-01T21:00:00Z,T2,27,2025-02-28T06:00:00Z,39,dayahead,0.0839,0.3472,0.8612,False,lightgbm-v1
2025-02-28T18:00:00Z,2025-03-01T00:00:00+06:00,2025-03-02T04:00:00+06:00,2025-03-01T22:00:00Z,T2,28,2025-02-28T06:00:00Z,40,dayahead,0.0722,0.3355,0.8495,False,lightgbm-v1
2025-02-28T18:00:00Z,2025-03-01T00:00:00+06:00,2025-03-02T05:00:00+06:00,2025-03-01T23:00:00Z,T2,29,2025-02-28T06:00:00Z,41,dayahead,0.1091,0.3724,0.8864,False,lightgbm-v1
2025-02-28T18:00:00Z,2025-03-01T00:00:00+06:00,2025-03-02T06:00:00+06:00,2025-03-02T00:00:00Z,T2,30,2025-02-28T06:00:00Z,42,dayahead,0.1263,0.3897,0.9036,False,lightgbm-v1
2025-02-28T18:00:00Z,2025-03-01T00:00:00+06:00,2025-03-02T07:00:00+06:00,2025-03-02T01:00:00Z,T2,31,2025-02-28T06:00:00Z,43,dayahead,0.1366,0.4,0.914,False,lightgbm-v1
2025-02-28T18:00:00Z,2025-03-01T00:00:00+06:00,2025-03-02T08:00:00+06:00,2025-03-02T02:00:00Z,T2,32,2025-02-28T06:00:00Z,44,dayahead,0.1652,0.4286,0.9426,False,lightgbm-v1
2025-02-28T18:00:00Z,2025-03-01T00:00:00+06:00,2025-03-02T09:00:00+06:00,2025-03-02T03:00:00Z,T2,33,2025-02-28T06:00:00Z,45,dayahead,0.1307,0.3941,0.9081,False,lightgbm-v1
2025-02-28T18:00:00Z,2025-03-01T00:00:00+06:00,2025-03-02T10:00:00+06:00,2025-03-02T04:00:00Z,T2,34,2025-02-28T06:00:00Z,46,dayahead,0.0626,0.5603,0.859,False,lightgbm-v1
2025-02-28T18:00:00Z,2025-03-01T00:00:00+06:00,2025-03-02T11:00:00+06:00,2025-03-02T05:00:00Z,T2,35,2025-02-28T06:00:00Z,47,dayahead,0.2621,0.7598,1.0,False,lightgbm-v1
2025-02-28T18:00:00Z,2025-03-01T00:00:00+06:00,2025-03-02T12:00:00+06:00,2025-03-02T06:00:00Z,T2,36,2025-02-28T06:00:00Z,48,dayahead,0.5188,0.8773,0.9623,False,lightgbm-v1
2025-02-28T18:00:00Z,2025-03-01T00:00:00+06:00,2025-03-02T13:00:00+06:00,2025-03-02T07:00:00Z,T2,37,2025-02-28T06:00:00Z,49,dayahead,0.5327,0.8911,0.9761,False,lightgbm-v1
2025-02-28T18:00:00Z,2025-03-01T00:00:00+06:00,2025-03-02T14:00:00+06:00,2025-03-02T08:00:00Z,T2,38,2025-02-28T06:00:00Z,50,dayahead,0.5211,0.8796,0.9646,False,lightgbm-v1
2025-02-28T18:00:00Z,2025-03-01T00:00:00+06:00,2025-03-02T15:00:00+06:00,2025-03-02T09:00:00Z,T2,39,2025-02-28T06:00:00Z,51,dayahead,0.3303,0.828,1.0,False,lightgbm-v1
2025-02-28T18:00:00Z,2025-03-01T00:00:00+06:00,2025-03-02T16:00:00+06:00,2025-03-02T10:00:00Z,T2,40,2025-02-28T06:00:00Z,52,dayahead,0.2428,0.7405,1.0,False,lightgbm-v1
2025-02-28T18:00:00Z,2025-03-01T00:00:00+06:00,2025-03-02T17:00:00+06:00,2025-03-02T11:00:00Z,T2,41,2025-02-28T06:00:00Z,53,dayahead,0.1766,0.6743,0.9729,False,lightgbm-v1
2025-02-28T18:00:00Z,2025-03-01T00:00:00+06:00,2025-03-02T18:00:00+06:00,2025-03-02T12:00:00Z,T2,42,2025-02-28T06:00:00Z,54,dayahead,0.0775,0.5752,0.8738,False,lightgbm-v1
2025-02-28T18:00:00Z,2025-03-01T00:00:00+06:00,2025-03-02T19:00:00+06:00,2025-03-02T13:00:00Z,T2,43,2025-02-28T06:00:00Z,55,dayahead,0.2311,0.4945,1.0,False,lightgbm-v1
2025-02-28T18:00:00Z,2025-03-01T00:00:00+06:00,2025-03-02T20:00:00+06:00,2025-03-02T14:00:00Z,T2,44,2025-02-28T06:00:00Z,56,dayahead,0.1134,0.3767,0.8907,False,lightgbm-v1
2025-02-28T18:00:00Z,2025-03-01T00:00:00+06:00,2025-03-02T21:00:00+06:00,2025-03-02T15:00:00Z,T2,45,2025-02-28T06:00:00Z,57,dayahead,0.1293,0.3927,0.9066,False,lightgbm-v1
2025-02-28T18:00:00Z,2025-03-01T00:00:00+06:00,2025-03-02T22:00:00+06:00,2025-03-02T16:00:00Z,T2,46,2025-02-28T06:00:00Z,58,dayahead,0.067,0.5647,0.8634,False,lightgbm-v1
2025-02-28T18:00:00Z,2025-03-01T00:00:00+06:00,2025-03-02T23:00:00+06:00,2025-03-02T17:00:00Z,T2,47,2025-02-28T06:00:00Z,59,dayahead,0.1119,0.6095,0.9082,False,lightgbm-v1
